
 /----------------------------------------------------------------------------\
 |  yosys -- Yosys Open SYnthesis Suite                                       |
 |  Copyright (C) 2012 - 2026  Claire Xenia Wolf <claire@yosyshq.com>         |
 |  Distributed under an ISC-like license, type "license" to see terms        |
 \----------------------------------------------------------------------------/
 Yosys 0.68+post (git sha1 c12172fbae8af5e20f6fb52e3d4e92d56ed587b6, Release, AppleClang clang++ 16.0.0.16000026)

-- Running command `
read_verilog -sv /Users/toprakgundogdu/qwen-ffn-rom/rtl/ffn_col_serial_16x16_b4.v
hierarchy -check -top ffn_col_serial
proc; flatten
opt_expr; opt_clean
synth -top ffn_col_serial
dfflibmap -liberty /Users/toprakgundogdu/.volare/sky130A/libs.ref/sky130_fd_sc_hd/lib/sky130_fd_sc_hd__tt_025C_1v80.lib
abc -liberty /Users/toprakgundogdu/.volare/sky130A/libs.ref/sky130_fd_sc_hd/lib/sky130_fd_sc_hd__tt_025C_1v80.lib -script +strash;ifraig;scorr;dc2;retime,D,{{D}};strash;dch,-f;map,-M,1,{{D}};topo;upsize,{{D}};dnsize,{{D}};stime,-p
opt_clean
stat -liberty /Users/toprakgundogdu/.volare/sky130A/libs.ref/sky130_fd_sc_hd/lib/sky130_fd_sc_hd__tt_025C_1v80.lib
write_verilog -noattr /Users/toprakgundogdu/qwen-ffn-rom/artifacts/mapped/serial_csd_16x16.v
' --

1. Executing Verilog-2005 frontend: /Users/toprakgundogdu/qwen-ffn-rom/rtl/ffn_col_serial_16x16_b4.v
Parsing SystemVerilog input from `/Users/toprakgundogdu/qwen-ffn-rom/rtl/ffn_col_serial_16x16_b4.v' to AST representation.
Generating RTLIL representation for module `\add_tree'.
Generating RTLIL representation for module `\ffn_col_serial'.
Warning: Replacing memory \acc with list of registers. See /Users/toprakgundogdu/qwen-ffn-rom/rtl/ffn_col_serial_16x16_b4.v:154
Warning: Replacing memory \x_r with list of registers. See /Users/toprakgundogdu/qwen-ffn-rom/rtl/ffn_col_serial_16x16_b4.v:152
Successfully finished Verilog frontend.

2. Executing HIERARCHY pass (managing design hierarchy).

2.1. Analyzing design hierarchy..
Top module:  \ffn_col_serial
Used module:     \add_tree
Parameter \N = 16
Parameter \W = 16

2.2. Executing AST frontend in derive mode using pre-parsed AST for module `\add_tree'.
Parameter \N = 16
Parameter \W = 16
Generating RTLIL representation for module `$paramod$19610d36066bea265eccabe9a1b9eed43380701f\add_tree'.
Parameter \N = 16
Parameter \W = 16
Found cached RTLIL representation for module `$paramod$19610d36066bea265eccabe9a1b9eed43380701f\add_tree'.
Parameter \N = 16
Parameter \W = 16
Found cached RTLIL representation for module `$paramod$19610d36066bea265eccabe9a1b9eed43380701f\add_tree'.
Parameter \N = 16
Parameter \W = 16
Found cached RTLIL representation for module `$paramod$19610d36066bea265eccabe9a1b9eed43380701f\add_tree'.
Parameter \N = 16
Parameter \W = 16
Found cached RTLIL representation for module `$paramod$19610d36066bea265eccabe9a1b9eed43380701f\add_tree'.
Parameter \N = 16
Parameter \W = 16
Found cached RTLIL representation for module `$paramod$19610d36066bea265eccabe9a1b9eed43380701f\add_tree'.
Parameter \N = 16
Parameter \W = 16
Found cached RTLIL representation for module `$paramod$19610d36066bea265eccabe9a1b9eed43380701f\add_tree'.
Parameter \N = 16
Parameter \W = 16
Found cached RTLIL representation for module `$paramod$19610d36066bea265eccabe9a1b9eed43380701f\add_tree'.
Parameter \N = 16
Parameter \W = 16
Found cached RTLIL representation for module `$paramod$19610d36066bea265eccabe9a1b9eed43380701f\add_tree'.
Parameter \N = 16
Parameter \W = 16
Found cached RTLIL representation for module `$paramod$19610d36066bea265eccabe9a1b9eed43380701f\add_tree'.
Parameter \N = 16
Parameter \W = 16
Found cached RTLIL representation for module `$paramod$19610d36066bea265eccabe9a1b9eed43380701f\add_tree'.
Parameter \N = 16
Parameter \W = 16
Found cached RTLIL representation for module `$paramod$19610d36066bea265eccabe9a1b9eed43380701f\add_tree'.
Parameter \N = 16
Parameter \W = 16
Found cached RTLIL representation for module `$paramod$19610d36066bea265eccabe9a1b9eed43380701f\add_tree'.
Parameter \N = 16
Parameter \W = 16
Found cached RTLIL representation for module `$paramod$19610d36066bea265eccabe9a1b9eed43380701f\add_tree'.
Parameter \N = 16
Parameter \W = 16
Found cached RTLIL representation for module `$paramod$19610d36066bea265eccabe9a1b9eed43380701f\add_tree'.
Parameter \N = 16
Parameter \W = 16
Found cached RTLIL representation for module `$paramod$19610d36066bea265eccabe9a1b9eed43380701f\add_tree'.
Reprocessing module ffn_col_serial because instantiated module $paramod$19610d36066bea265eccabe9a1b9eed43380701f\add_tree has become available.
Generating RTLIL representation for module `\ffn_col_serial'.
Warning: Replacing memory \acc with list of registers. See /Users/toprakgundogdu/qwen-ffn-rom/rtl/ffn_col_serial_16x16_b4.v:154
Warning: Replacing memory \x_r with list of registers. See /Users/toprakgundogdu/qwen-ffn-rom/rtl/ffn_col_serial_16x16_b4.v:152

2.3. Analyzing design hierarchy..
Top module:  \ffn_col_serial
Used module:     \add_tree
Parameter \N = 16
Parameter \W = 16
Found cached RTLIL representation for module `$paramod$19610d36066bea265eccabe9a1b9eed43380701f\add_tree'.
Parameter \N = 16
Parameter \W = 16
Found cached RTLIL representation for module `$paramod$19610d36066bea265eccabe9a1b9eed43380701f\add_tree'.
Parameter \N = 16
Parameter \W = 16
Found cached RTLIL representation for module `$paramod$19610d36066bea265eccabe9a1b9eed43380701f\add_tree'.
Parameter \N = 16
Parameter \W = 16
Found cached RTLIL representation for module `$paramod$19610d36066bea265eccabe9a1b9eed43380701f\add_tree'.
Parameter \N = 16
Parameter \W = 16
Found cached RTLIL representation for module `$paramod$19610d36066bea265eccabe9a1b9eed43380701f\add_tree'.
Parameter \N = 16
Parameter \W = 16
Found cached RTLIL representation for module `$paramod$19610d36066bea265eccabe9a1b9eed43380701f\add_tree'.
Parameter \N = 16
Parameter \W = 16
Found cached RTLIL representation for module `$paramod$19610d36066bea265eccabe9a1b9eed43380701f\add_tree'.
Parameter \N = 16
Parameter \W = 16
Found cached RTLIL representation for module `$paramod$19610d36066bea265eccabe9a1b9eed43380701f\add_tree'.
Parameter \N = 16
Parameter \W = 16
Found cached RTLIL representation for module `$paramod$19610d36066bea265eccabe9a1b9eed43380701f\add_tree'.
Parameter \N = 16
Parameter \W = 16
Found cached RTLIL representation for module `$paramod$19610d36066bea265eccabe9a1b9eed43380701f\add_tree'.
Parameter \N = 16
Parameter \W = 16
Found cached RTLIL representation for module `$paramod$19610d36066bea265eccabe9a1b9eed43380701f\add_tree'.
Parameter \N = 16
Parameter \W = 16
Found cached RTLIL representation for module `$paramod$19610d36066bea265eccabe9a1b9eed43380701f\add_tree'.
Parameter \N = 16
Parameter \W = 16
Found cached RTLIL representation for module `$paramod$19610d36066bea265eccabe9a1b9eed43380701f\add_tree'.
Parameter \N = 16
Parameter \W = 16
Found cached RTLIL representation for module `$paramod$19610d36066bea265eccabe9a1b9eed43380701f\add_tree'.
Parameter \N = 16
Parameter \W = 16
Found cached RTLIL representation for module `$paramod$19610d36066bea265eccabe9a1b9eed43380701f\add_tree'.
Parameter \N = 16
Parameter \W = 16
Found cached RTLIL representation for module `$paramod$19610d36066bea265eccabe9a1b9eed43380701f\add_tree'.

2.4. Analyzing design hierarchy..
Top module:  \ffn_col_serial
Used module:     $paramod$19610d36066bea265eccabe9a1b9eed43380701f\add_tree

2.5. Analyzing design hierarchy..
Top module:  \ffn_col_serial
Used module:     $paramod$19610d36066bea265eccabe9a1b9eed43380701f\add_tree
Removing unused module `\add_tree'.
Removed 1 unused modules.

3. Executing PROC pass (convert processes to netlists).

3.1. Executing PROC_CLEAN pass (remove empty switches from decision trees).
Found and cleaned up 1 empty switch in `\ffn_col_serial.$proc$/Users/toprakgundogdu/qwen-ffn-rom/rtl/ffn_col_serial_16x16_b4.v:129$5345'.
Found and cleaned up 1 empty switch in `\ffn_col_serial.$proc$/Users/toprakgundogdu/qwen-ffn-rom/rtl/ffn_col_serial_16x16_b4.v:129$5337'.
Found and cleaned up 1 empty switch in `\ffn_col_serial.$proc$/Users/toprakgundogdu/qwen-ffn-rom/rtl/ffn_col_serial_16x16_b4.v:129$5330'.
Found and cleaned up 1 empty switch in `\ffn_col_serial.$proc$/Users/toprakgundogdu/qwen-ffn-rom/rtl/ffn_col_serial_16x16_b4.v:129$5322'.
Found and cleaned up 1 empty switch in `\ffn_col_serial.$proc$/Users/toprakgundogdu/qwen-ffn-rom/rtl/ffn_col_serial_16x16_b4.v:129$5313'.
Found and cleaned up 1 empty switch in `\ffn_col_serial.$proc$/Users/toprakgundogdu/qwen-ffn-rom/rtl/ffn_col_serial_16x16_b4.v:129$5306'.
Found and cleaned up 1 empty switch in `\ffn_col_serial.$proc$/Users/toprakgundogdu/qwen-ffn-rom/rtl/ffn_col_serial_16x16_b4.v:129$5297'.
Found and cleaned up 1 empty switch in `\ffn_col_serial.$proc$/Users/toprakgundogdu/qwen-ffn-rom/rtl/ffn_col_serial_16x16_b4.v:129$5290'.
Found and cleaned up 1 empty switch in `\ffn_col_serial.$proc$/Users/toprakgundogdu/qwen-ffn-rom/rtl/ffn_col_serial_16x16_b4.v:129$5282'.
Found and cleaned up 1 empty switch in `\ffn_col_serial.$proc$/Users/toprakgundogdu/qwen-ffn-rom/rtl/ffn_col_serial_16x16_b4.v:129$5274'.
Found and cleaned up 1 empty switch in `\ffn_col_serial.$proc$/Users/toprakgundogdu/qwen-ffn-rom/rtl/ffn_col_serial_16x16_b4.v:129$5265'.
Found and cleaned up 1 empty switch in `\ffn_col_serial.$proc$/Users/toprakgundogdu/qwen-ffn-rom/rtl/ffn_col_serial_16x16_b4.v:129$5259'.
Found and cleaned up 1 empty switch in `\ffn_col_serial.$proc$/Users/toprakgundogdu/qwen-ffn-rom/rtl/ffn_col_serial_16x16_b4.v:129$5251'.
Found and cleaned up 1 empty switch in `\ffn_col_serial.$proc$/Users/toprakgundogdu/qwen-ffn-rom/rtl/ffn_col_serial_16x16_b4.v:129$5243'.
Found and cleaned up 1 empty switch in `\ffn_col_serial.$proc$/Users/toprakgundogdu/qwen-ffn-rom/rtl/ffn_col_serial_16x16_b4.v:129$5235'.
Found and cleaned up 1 empty switch in `\ffn_col_serial.$proc$/Users/toprakgundogdu/qwen-ffn-rom/rtl/ffn_col_serial_16x16_b4.v:129$5228'.
Found and cleaned up 1 empty switch in `\ffn_col_serial.$proc$/Users/toprakgundogdu/qwen-ffn-rom/rtl/ffn_col_serial_16x16_b4.v:129$5221'.
Found and cleaned up 1 empty switch in `\ffn_col_serial.$proc$/Users/toprakgundogdu/qwen-ffn-rom/rtl/ffn_col_serial_16x16_b4.v:129$5214'.
Found and cleaned up 1 empty switch in `\ffn_col_serial.$proc$/Users/toprakgundogdu/qwen-ffn-rom/rtl/ffn_col_serial_16x16_b4.v:129$5208'.
Found and cleaned up 1 empty switch in `\ffn_col_serial.$proc$/Users/toprakgundogdu/qwen-ffn-rom/rtl/ffn_col_serial_16x16_b4.v:129$5202'.
Found and cleaned up 1 empty switch in `\ffn_col_serial.$proc$/Users/toprakgundogdu/qwen-ffn-rom/rtl/ffn_col_serial_16x16_b4.v:129$5196'.
Found and cleaned up 1 empty switch in `\ffn_col_serial.$proc$/Users/toprakgundogdu/qwen-ffn-rom/rtl/ffn_col_serial_16x16_b4.v:129$5190'.
Found and cleaned up 1 empty switch in `\ffn_col_serial.$proc$/Users/toprakgundogdu/qwen-ffn-rom/rtl/ffn_col_serial_16x16_b4.v:129$5183'.
Found and cleaned up 1 empty switch in `\ffn_col_serial.$proc$/Users/toprakgundogdu/qwen-ffn-rom/rtl/ffn_col_serial_16x16_b4.v:129$5177'.
Found and cleaned up 1 empty switch in `\ffn_col_serial.$proc$/Users/toprakgundogdu/qwen-ffn-rom/rtl/ffn_col_serial_16x16_b4.v:129$5171'.
Found and cleaned up 1 empty switch in `\ffn_col_serial.$proc$/Users/toprakgundogdu/qwen-ffn-rom/rtl/ffn_col_serial_16x16_b4.v:129$5164'.
Found and cleaned up 1 empty switch in `\ffn_col_serial.$proc$/Users/toprakgundogdu/qwen-ffn-rom/rtl/ffn_col_serial_16x16_b4.v:129$5158'.
Found and cleaned up 1 empty switch in `\ffn_col_serial.$proc$/Users/toprakgundogdu/qwen-ffn-rom/rtl/ffn_col_serial_16x16_b4.v:129$5152'.
Found and cleaned up 1 empty switch in `\ffn_col_serial.$proc$/Users/toprakgundogdu/qwen-ffn-rom/rtl/ffn_col_serial_16x16_b4.v:129$5144'.
Found and cleaned up 1 empty switch in `\ffn_col_serial.$proc$/Users/toprakgundogdu/qwen-ffn-rom/rtl/ffn_col_serial_16x16_b4.v:129$5138'.
Found and cleaned up 1 empty switch in `\ffn_col_serial.$proc$/Users/toprakgundogdu/qwen-ffn-rom/rtl/ffn_col_serial_16x16_b4.v:129$5132'.
Found and cleaned up 1 empty switch in `\ffn_col_serial.$proc$/Users/toprakgundogdu/qwen-ffn-rom/rtl/ffn_col_serial_16x16_b4.v:129$5123'.
Found and cleaned up 1 empty switch in `\ffn_col_serial.$proc$/Users/toprakgundogdu/qwen-ffn-rom/rtl/ffn_col_serial_16x16_b4.v:129$5116'.
Found and cleaned up 1 empty switch in `\ffn_col_serial.$proc$/Users/toprakgundogdu/qwen-ffn-rom/rtl/ffn_col_serial_16x16_b4.v:129$5108'.
Found and cleaned up 1 empty switch in `\ffn_col_serial.$proc$/Users/toprakgundogdu/qwen-ffn-rom/rtl/ffn_col_serial_16x16_b4.v:129$5101'.
Found and cleaned up 1 empty switch in `\ffn_col_serial.$proc$/Users/toprakgundogdu/qwen-ffn-rom/rtl/ffn_col_serial_16x16_b4.v:129$5094'.
Found and cleaned up 1 empty switch in `\ffn_col_serial.$proc$/Users/toprakgundogdu/qwen-ffn-rom/rtl/ffn_col_serial_16x16_b4.v:129$5088'.
Found and cleaned up 1 empty switch in `\ffn_col_serial.$proc$/Users/toprakgundogdu/qwen-ffn-rom/rtl/ffn_col_serial_16x16_b4.v:129$5079'.
Found and cleaned up 1 empty switch in `\ffn_col_serial.$proc$/Users/toprakgundogdu/qwen-ffn-rom/rtl/ffn_col_serial_16x16_b4.v:129$5072'.
Found and cleaned up 1 empty switch in `\ffn_col_serial.$proc$/Users/toprakgundogdu/qwen-ffn-rom/rtl/ffn_col_serial_16x16_b4.v:129$5064'.
Found and cleaned up 1 empty switch in `\ffn_col_serial.$proc$/Users/toprakgundogdu/qwen-ffn-rom/rtl/ffn_col_serial_16x16_b4.v:129$5057'.
Found and cleaned up 1 empty switch in `\ffn_col_serial.$proc$/Users/toprakgundogdu/qwen-ffn-rom/rtl/ffn_col_serial_16x16_b4.v:129$5048'.
Found and cleaned up 1 empty switch in `\ffn_col_serial.$proc$/Users/toprakgundogdu/qwen-ffn-rom/rtl/ffn_col_serial_16x16_b4.v:129$5042'.
Found and cleaned up 1 empty switch in `\ffn_col_serial.$proc$/Users/toprakgundogdu/qwen-ffn-rom/rtl/ffn_col_serial_16x16_b4.v:129$5036'.
Found and cleaned up 1 empty switch in `\ffn_col_serial.$proc$/Users/toprakgundogdu/qwen-ffn-rom/rtl/ffn_col_serial_16x16_b4.v:129$5027'.
Found and cleaned up 1 empty switch in `\ffn_col_serial.$proc$/Users/toprakgundogdu/qwen-ffn-rom/rtl/ffn_col_serial_16x16_b4.v:129$5019'.
Found and cleaned up 1 empty switch in `\ffn_col_serial.$proc$/Users/toprakgundogdu/qwen-ffn-rom/rtl/ffn_col_serial_16x16_b4.v:129$5011'.
Found and cleaned up 1 empty switch in `\ffn_col_serial.$proc$/Users/toprakgundogdu/qwen-ffn-rom/rtl/ffn_col_serial_16x16_b4.v:129$5002'.
Found and cleaned up 1 empty switch in `\ffn_col_serial.$proc$/Users/toprakgundogdu/qwen-ffn-rom/rtl/ffn_col_serial_16x16_b4.v:129$4993'.
Found and cleaned up 1 empty switch in `\ffn_col_serial.$proc$/Users/toprakgundogdu/qwen-ffn-rom/rtl/ffn_col_serial_16x16_b4.v:129$4985'.
Found and cleaned up 1 empty switch in `\ffn_col_serial.$proc$/Users/toprakgundogdu/qwen-ffn-rom/rtl/ffn_col_serial_16x16_b4.v:129$4977'.
Found and cleaned up 1 empty switch in `\ffn_col_serial.$proc$/Users/toprakgundogdu/qwen-ffn-rom/rtl/ffn_col_serial_16x16_b4.v:129$4968'.
Found and cleaned up 1 empty switch in `\ffn_col_serial.$proc$/Users/toprakgundogdu/qwen-ffn-rom/rtl/ffn_col_serial_16x16_b4.v:129$4958'.
Found and cleaned up 1 empty switch in `\ffn_col_serial.$proc$/Users/toprakgundogdu/qwen-ffn-rom/rtl/ffn_col_serial_16x16_b4.v:129$4951'.
Found and cleaned up 1 empty switch in `\ffn_col_serial.$proc$/Users/toprakgundogdu/qwen-ffn-rom/rtl/ffn_col_serial_16x16_b4.v:129$4945'.
Found and cleaned up 1 empty switch in `\ffn_col_serial.$proc$/Users/toprakgundogdu/qwen-ffn-rom/rtl/ffn_col_serial_16x16_b4.v:129$4939'.
Found and cleaned up 1 empty switch in `\ffn_col_serial.$proc$/Users/toprakgundogdu/qwen-ffn-rom/rtl/ffn_col_serial_16x16_b4.v:129$4932'.
Found and cleaned up 1 empty switch in `\ffn_col_serial.$proc$/Users/toprakgundogdu/qwen-ffn-rom/rtl/ffn_col_serial_16x16_b4.v:129$4924'.
Found and cleaned up 1 empty switch in `\ffn_col_serial.$proc$/Users/toprakgundogdu/qwen-ffn-rom/rtl/ffn_col_serial_16x16_b4.v:129$4917'.
Found and cleaned up 1 empty switch in `\ffn_col_serial.$proc$/Users/toprakgundogdu/qwen-ffn-rom/rtl/ffn_col_serial_16x16_b4.v:129$4911'.
Found and cleaned up 1 empty switch in `\ffn_col_serial.$proc$/Users/toprakgundogdu/qwen-ffn-rom/rtl/ffn_col_serial_16x16_b4.v:129$4903'.
Found and cleaned up 1 empty switch in `\ffn_col_serial.$proc$/Users/toprakgundogdu/qwen-ffn-rom/rtl/ffn_col_serial_16x16_b4.v:129$4897'.
Found and cleaned up 1 empty switch in `\ffn_col_serial.$proc$/Users/toprakgundogdu/qwen-ffn-rom/rtl/ffn_col_serial_16x16_b4.v:129$4891'.
Found and cleaned up 1 empty switch in `\ffn_col_serial.$proc$/Users/toprakgundogdu/qwen-ffn-rom/rtl/ffn_col_serial_16x16_b4.v:129$4882'.
Found and cleaned up 1 empty switch in `\ffn_col_serial.$proc$/Users/toprakgundogdu/qwen-ffn-rom/rtl/ffn_col_serial_16x16_b4.v:129$4874'.
Found and cleaned up 1 empty switch in `\ffn_col_serial.$proc$/Users/toprakgundogdu/qwen-ffn-rom/rtl/ffn_col_serial_16x16_b4.v:129$4866'.
Found and cleaned up 1 empty switch in `\ffn_col_serial.$proc$/Users/toprakgundogdu/qwen-ffn-rom/rtl/ffn_col_serial_16x16_b4.v:129$4858'.
Found and cleaned up 1 empty switch in `\ffn_col_serial.$proc$/Users/toprakgundogdu/qwen-ffn-rom/rtl/ffn_col_serial_16x16_b4.v:129$4851'.
Found and cleaned up 1 empty switch in `\ffn_col_serial.$proc$/Users/toprakgundogdu/qwen-ffn-rom/rtl/ffn_col_serial_16x16_b4.v:129$4843'.
Found and cleaned up 1 empty switch in `\ffn_col_serial.$proc$/Users/toprakgundogdu/qwen-ffn-rom/rtl/ffn_col_serial_16x16_b4.v:129$4836'.
Found and cleaned up 1 empty switch in `\ffn_col_serial.$proc$/Users/toprakgundogdu/qwen-ffn-rom/rtl/ffn_col_serial_16x16_b4.v:129$4827'.
Found and cleaned up 1 empty switch in `\ffn_col_serial.$proc$/Users/toprakgundogdu/qwen-ffn-rom/rtl/ffn_col_serial_16x16_b4.v:129$4820'.
Found and cleaned up 1 empty switch in `\ffn_col_serial.$proc$/Users/toprakgundogdu/qwen-ffn-rom/rtl/ffn_col_serial_16x16_b4.v:129$4814'.
Found and cleaned up 1 empty switch in `\ffn_col_serial.$proc$/Users/toprakgundogdu/qwen-ffn-rom/rtl/ffn_col_serial_16x16_b4.v:129$4808'.
Found and cleaned up 1 empty switch in `\ffn_col_serial.$proc$/Users/toprakgundogdu/qwen-ffn-rom/rtl/ffn_col_serial_16x16_b4.v:129$4801'.
Found and cleaned up 1 empty switch in `\ffn_col_serial.$proc$/Users/toprakgundogdu/qwen-ffn-rom/rtl/ffn_col_serial_16x16_b4.v:129$4795'.
Found and cleaned up 1 empty switch in `\ffn_col_serial.$proc$/Users/toprakgundogdu/qwen-ffn-rom/rtl/ffn_col_serial_16x16_b4.v:129$4788'.
Found and cleaned up 1 empty switch in `\ffn_col_serial.$proc$/Users/toprakgundogdu/qwen-ffn-rom/rtl/ffn_col_serial_16x16_b4.v:129$4780'.
Found and cleaned up 1 empty switch in `\ffn_col_serial.$proc$/Users/toprakgundogdu/qwen-ffn-rom/rtl/ffn_col_serial_16x16_b4.v:129$4773'.
Found and cleaned up 1 empty switch in `\ffn_col_serial.$proc$/Users/toprakgundogdu/qwen-ffn-rom/rtl/ffn_col_serial_16x16_b4.v:129$4767'.
Found and cleaned up 1 empty switch in `\ffn_col_serial.$proc$/Users/toprakgundogdu/qwen-ffn-rom/rtl/ffn_col_serial_16x16_b4.v:129$4760'.
Found and cleaned up 1 empty switch in `\ffn_col_serial.$proc$/Users/toprakgundogdu/qwen-ffn-rom/rtl/ffn_col_serial_16x16_b4.v:129$4752'.
Found and cleaned up 1 empty switch in `\ffn_col_serial.$proc$/Users/toprakgundogdu/qwen-ffn-rom/rtl/ffn_col_serial_16x16_b4.v:129$4746'.
Found and cleaned up 1 empty switch in `\ffn_col_serial.$proc$/Users/toprakgundogdu/qwen-ffn-rom/rtl/ffn_col_serial_16x16_b4.v:129$4738'.
Found and cleaned up 1 empty switch in `\ffn_col_serial.$proc$/Users/toprakgundogdu/qwen-ffn-rom/rtl/ffn_col_serial_16x16_b4.v:129$4732'.
Found and cleaned up 1 empty switch in `\ffn_col_serial.$proc$/Users/toprakgundogdu/qwen-ffn-rom/rtl/ffn_col_serial_16x16_b4.v:129$4726'.
Found and cleaned up 1 empty switch in `\ffn_col_serial.$proc$/Users/toprakgundogdu/qwen-ffn-rom/rtl/ffn_col_serial_16x16_b4.v:129$4719'.
Found and cleaned up 1 empty switch in `\ffn_col_serial.$proc$/Users/toprakgundogdu/qwen-ffn-rom/rtl/ffn_col_serial_16x16_b4.v:129$4711'.
Found and cleaned up 1 empty switch in `\ffn_col_serial.$proc$/Users/toprakgundogdu/qwen-ffn-rom/rtl/ffn_col_serial_16x16_b4.v:129$4703'.
Found and cleaned up 1 empty switch in `\ffn_col_serial.$proc$/Users/toprakgundogdu/qwen-ffn-rom/rtl/ffn_col_serial_16x16_b4.v:129$4695'.
Found and cleaned up 1 empty switch in `\ffn_col_serial.$proc$/Users/toprakgundogdu/qwen-ffn-rom/rtl/ffn_col_serial_16x16_b4.v:129$4689'.
Found and cleaned up 1 empty switch in `\ffn_col_serial.$proc$/Users/toprakgundogdu/qwen-ffn-rom/rtl/ffn_col_serial_16x16_b4.v:129$4682'.
Found and cleaned up 1 empty switch in `\ffn_col_serial.$proc$/Users/toprakgundogdu/qwen-ffn-rom/rtl/ffn_col_serial_16x16_b4.v:129$4676'.
Found and cleaned up 1 empty switch in `\ffn_col_serial.$proc$/Users/toprakgundogdu/qwen-ffn-rom/rtl/ffn_col_serial_16x16_b4.v:129$4668'.
Found and cleaned up 1 empty switch in `\ffn_col_serial.$proc$/Users/toprakgundogdu/qwen-ffn-rom/rtl/ffn_col_serial_16x16_b4.v:129$4660'.
Found and cleaned up 1 empty switch in `\ffn_col_serial.$proc$/Users/toprakgundogdu/qwen-ffn-rom/rtl/ffn_col_serial_16x16_b4.v:129$4652'.
Found and cleaned up 1 empty switch in `\ffn_col_serial.$proc$/Users/toprakgundogdu/qwen-ffn-rom/rtl/ffn_col_serial_16x16_b4.v:129$4645'.
Found and cleaned up 1 empty switch in `\ffn_col_serial.$proc$/Users/toprakgundogdu/qwen-ffn-rom/rtl/ffn_col_serial_16x16_b4.v:129$4637'.
Found and cleaned up 1 empty switch in `\ffn_col_serial.$proc$/Users/toprakgundogdu/qwen-ffn-rom/rtl/ffn_col_serial_16x16_b4.v:129$4628'.
Found and cleaned up 1 empty switch in `\ffn_col_serial.$proc$/Users/toprakgundogdu/qwen-ffn-rom/rtl/ffn_col_serial_16x16_b4.v:129$4620'.
Found and cleaned up 1 empty switch in `\ffn_col_serial.$proc$/Users/toprakgundogdu/qwen-ffn-rom/rtl/ffn_col_serial_16x16_b4.v:129$4612'.
Found and cleaned up 1 empty switch in `\ffn_col_serial.$proc$/Users/toprakgundogdu/qwen-ffn-rom/rtl/ffn_col_serial_16x16_b4.v:129$4604'.
Found and cleaned up 1 empty switch in `\ffn_col_serial.$proc$/Users/toprakgundogdu/qwen-ffn-rom/rtl/ffn_col_serial_16x16_b4.v:129$4598'.
Found and cleaned up 1 empty switch in `\ffn_col_serial.$proc$/Users/toprakgundogdu/qwen-ffn-rom/rtl/ffn_col_serial_16x16_b4.v:129$4592'.
Found and cleaned up 1 empty switch in `\ffn_col_serial.$proc$/Users/toprakgundogdu/qwen-ffn-rom/rtl/ffn_col_serial_16x16_b4.v:129$4585'.
Found and cleaned up 1 empty switch in `\ffn_col_serial.$proc$/Users/toprakgundogdu/qwen-ffn-rom/rtl/ffn_col_serial_16x16_b4.v:129$4579'.
Found and cleaned up 1 empty switch in `\ffn_col_serial.$proc$/Users/toprakgundogdu/qwen-ffn-rom/rtl/ffn_col_serial_16x16_b4.v:129$4572'.
Found and cleaned up 1 empty switch in `\ffn_col_serial.$proc$/Users/toprakgundogdu/qwen-ffn-rom/rtl/ffn_col_serial_16x16_b4.v:129$4566'.
Found and cleaned up 1 empty switch in `\ffn_col_serial.$proc$/Users/toprakgundogdu/qwen-ffn-rom/rtl/ffn_col_serial_16x16_b4.v:129$4558'.
Found and cleaned up 1 empty switch in `\ffn_col_serial.$proc$/Users/toprakgundogdu/qwen-ffn-rom/rtl/ffn_col_serial_16x16_b4.v:129$4552'.
Found and cleaned up 1 empty switch in `\ffn_col_serial.$proc$/Users/toprakgundogdu/qwen-ffn-rom/rtl/ffn_col_serial_16x16_b4.v:129$4546'.
Found and cleaned up 1 empty switch in `\ffn_col_serial.$proc$/Users/toprakgundogdu/qwen-ffn-rom/rtl/ffn_col_serial_16x16_b4.v:129$4539'.
Found and cleaned up 1 empty switch in `\ffn_col_serial.$proc$/Users/toprakgundogdu/qwen-ffn-rom/rtl/ffn_col_serial_16x16_b4.v:129$4532'.
Found and cleaned up 1 empty switch in `\ffn_col_serial.$proc$/Users/toprakgundogdu/qwen-ffn-rom/rtl/ffn_col_serial_16x16_b4.v:129$4526'.
Found and cleaned up 1 empty switch in `\ffn_col_serial.$proc$/Users/toprakgundogdu/qwen-ffn-rom/rtl/ffn_col_serial_16x16_b4.v:129$4520'.
Found and cleaned up 1 empty switch in `\ffn_col_serial.$proc$/Users/toprakgundogdu/qwen-ffn-rom/rtl/ffn_col_serial_16x16_b4.v:129$4513'.
Found and cleaned up 1 empty switch in `\ffn_col_serial.$proc$/Users/toprakgundogdu/qwen-ffn-rom/rtl/ffn_col_serial_16x16_b4.v:129$4505'.
Found and cleaned up 1 empty switch in `\ffn_col_serial.$proc$/Users/toprakgundogdu/qwen-ffn-rom/rtl/ffn_col_serial_16x16_b4.v:129$4498'.
Found and cleaned up 1 empty switch in `\ffn_col_serial.$proc$/Users/toprakgundogdu/qwen-ffn-rom/rtl/ffn_col_serial_16x16_b4.v:129$4490'.
Found and cleaned up 1 empty switch in `\ffn_col_serial.$proc$/Users/toprakgundogdu/qwen-ffn-rom/rtl/ffn_col_serial_16x16_b4.v:129$4484'.
Found and cleaned up 1 empty switch in `\ffn_col_serial.$proc$/Users/toprakgundogdu/qwen-ffn-rom/rtl/ffn_col_serial_16x16_b4.v:129$4478'.
Found and cleaned up 1 empty switch in `\ffn_col_serial.$proc$/Users/toprakgundogdu/qwen-ffn-rom/rtl/ffn_col_serial_16x16_b4.v:129$4471'.
Found and cleaned up 1 empty switch in `\ffn_col_serial.$proc$/Users/toprakgundogdu/qwen-ffn-rom/rtl/ffn_col_serial_16x16_b4.v:129$4465'.
Found and cleaned up 1 empty switch in `\ffn_col_serial.$proc$/Users/toprakgundogdu/qwen-ffn-rom/rtl/ffn_col_serial_16x16_b4.v:129$4459'.
Found and cleaned up 1 empty switch in `\ffn_col_serial.$proc$/Users/toprakgundogdu/qwen-ffn-rom/rtl/ffn_col_serial_16x16_b4.v:129$4451'.
Found and cleaned up 1 empty switch in `\ffn_col_serial.$proc$/Users/toprakgundogdu/qwen-ffn-rom/rtl/ffn_col_serial_16x16_b4.v:129$4445'.
Found and cleaned up 1 empty switch in `\ffn_col_serial.$proc$/Users/toprakgundogdu/qwen-ffn-rom/rtl/ffn_col_serial_16x16_b4.v:129$4439'.
Found and cleaned up 1 empty switch in `\ffn_col_serial.$proc$/Users/toprakgundogdu/qwen-ffn-rom/rtl/ffn_col_serial_16x16_b4.v:129$4431'.
Found and cleaned up 1 empty switch in `\ffn_col_serial.$proc$/Users/toprakgundogdu/qwen-ffn-rom/rtl/ffn_col_serial_16x16_b4.v:129$4421'.
Found and cleaned up 1 empty switch in `\ffn_col_serial.$proc$/Users/toprakgundogdu/qwen-ffn-rom/rtl/ffn_col_serial_16x16_b4.v:129$4414'.
Found and cleaned up 1 empty switch in `\ffn_col_serial.$proc$/Users/toprakgundogdu/qwen-ffn-rom/rtl/ffn_col_serial_16x16_b4.v:129$4406'.
Found and cleaned up 1 empty switch in `\ffn_col_serial.$proc$/Users/toprakgundogdu/qwen-ffn-rom/rtl/ffn_col_serial_16x16_b4.v:129$4400'.
Found and cleaned up 1 empty switch in `\ffn_col_serial.$proc$/Users/toprakgundogdu/qwen-ffn-rom/rtl/ffn_col_serial_16x16_b4.v:129$4391'.
Found and cleaned up 1 empty switch in `\ffn_col_serial.$proc$/Users/toprakgundogdu/qwen-ffn-rom/rtl/ffn_col_serial_16x16_b4.v:129$4382'.
Found and cleaned up 1 empty switch in `\ffn_col_serial.$proc$/Users/toprakgundogdu/qwen-ffn-rom/rtl/ffn_col_serial_16x16_b4.v:129$4374'.
Found and cleaned up 1 empty switch in `\ffn_col_serial.$proc$/Users/toprakgundogdu/qwen-ffn-rom/rtl/ffn_col_serial_16x16_b4.v:129$4368'.
Found and cleaned up 1 empty switch in `\ffn_col_serial.$proc$/Users/toprakgundogdu/qwen-ffn-rom/rtl/ffn_col_serial_16x16_b4.v:129$4358'.
Found and cleaned up 1 empty switch in `\ffn_col_serial.$proc$/Users/toprakgundogdu/qwen-ffn-rom/rtl/ffn_col_serial_16x16_b4.v:129$4352'.
Found and cleaned up 1 empty switch in `\ffn_col_serial.$proc$/Users/toprakgundogdu/qwen-ffn-rom/rtl/ffn_col_serial_16x16_b4.v:129$4346'.
Found and cleaned up 1 empty switch in `\ffn_col_serial.$proc$/Users/toprakgundogdu/qwen-ffn-rom/rtl/ffn_col_serial_16x16_b4.v:129$4339'.
Found and cleaned up 1 empty switch in `\ffn_col_serial.$proc$/Users/toprakgundogdu/qwen-ffn-rom/rtl/ffn_col_serial_16x16_b4.v:129$4330'.
Found and cleaned up 1 empty switch in `\ffn_col_serial.$proc$/Users/toprakgundogdu/qwen-ffn-rom/rtl/ffn_col_serial_16x16_b4.v:129$4321'.
Found and cleaned up 1 empty switch in `\ffn_col_serial.$proc$/Users/toprakgundogdu/qwen-ffn-rom/rtl/ffn_col_serial_16x16_b4.v:129$4313'.
Found and cleaned up 1 empty switch in `\ffn_col_serial.$proc$/Users/toprakgundogdu/qwen-ffn-rom/rtl/ffn_col_serial_16x16_b4.v:129$4304'.
Found and cleaned up 1 empty switch in `\ffn_col_serial.$proc$/Users/toprakgundogdu/qwen-ffn-rom/rtl/ffn_col_serial_16x16_b4.v:129$4297'.
Found and cleaned up 1 empty switch in `\ffn_col_serial.$proc$/Users/toprakgundogdu/qwen-ffn-rom/rtl/ffn_col_serial_16x16_b4.v:129$4288'.
Found and cleaned up 1 empty switch in `\ffn_col_serial.$proc$/Users/toprakgundogdu/qwen-ffn-rom/rtl/ffn_col_serial_16x16_b4.v:129$4279'.
Found and cleaned up 1 empty switch in `\ffn_col_serial.$proc$/Users/toprakgundogdu/qwen-ffn-rom/rtl/ffn_col_serial_16x16_b4.v:129$4271'.
Found and cleaned up 1 empty switch in `\ffn_col_serial.$proc$/Users/toprakgundogdu/qwen-ffn-rom/rtl/ffn_col_serial_16x16_b4.v:129$4263'.
Found and cleaned up 1 empty switch in `\ffn_col_serial.$proc$/Users/toprakgundogdu/qwen-ffn-rom/rtl/ffn_col_serial_16x16_b4.v:129$4254'.
Found and cleaned up 1 empty switch in `\ffn_col_serial.$proc$/Users/toprakgundogdu/qwen-ffn-rom/rtl/ffn_col_serial_16x16_b4.v:129$4247'.
Found and cleaned up 1 empty switch in `\ffn_col_serial.$proc$/Users/toprakgundogdu/qwen-ffn-rom/rtl/ffn_col_serial_16x16_b4.v:129$4240'.
Found and cleaned up 1 empty switch in `\ffn_col_serial.$proc$/Users/toprakgundogdu/qwen-ffn-rom/rtl/ffn_col_serial_16x16_b4.v:129$4232'.
Found and cleaned up 1 empty switch in `\ffn_col_serial.$proc$/Users/toprakgundogdu/qwen-ffn-rom/rtl/ffn_col_serial_16x16_b4.v:129$4225'.
Found and cleaned up 1 empty switch in `\ffn_col_serial.$proc$/Users/toprakgundogdu/qwen-ffn-rom/rtl/ffn_col_serial_16x16_b4.v:129$4219'.
Found and cleaned up 1 empty switch in `\ffn_col_serial.$proc$/Users/toprakgundogdu/qwen-ffn-rom/rtl/ffn_col_serial_16x16_b4.v:129$4210'.
Found and cleaned up 1 empty switch in `\ffn_col_serial.$proc$/Users/toprakgundogdu/qwen-ffn-rom/rtl/ffn_col_serial_16x16_b4.v:129$4202'.
Found and cleaned up 1 empty switch in `\ffn_col_serial.$proc$/Users/toprakgundogdu/qwen-ffn-rom/rtl/ffn_col_serial_16x16_b4.v:129$4196'.
Found and cleaned up 1 empty switch in `\ffn_col_serial.$proc$/Users/toprakgundogdu/qwen-ffn-rom/rtl/ffn_col_serial_16x16_b4.v:129$4189'.
Found and cleaned up 1 empty switch in `\ffn_col_serial.$proc$/Users/toprakgundogdu/qwen-ffn-rom/rtl/ffn_col_serial_16x16_b4.v:129$4180'.
Found and cleaned up 1 empty switch in `\ffn_col_serial.$proc$/Users/toprakgundogdu/qwen-ffn-rom/rtl/ffn_col_serial_16x16_b4.v:129$4170'.
Found and cleaned up 1 empty switch in `\ffn_col_serial.$proc$/Users/toprakgundogdu/qwen-ffn-rom/rtl/ffn_col_serial_16x16_b4.v:129$4164'.
Found and cleaned up 1 empty switch in `\ffn_col_serial.$proc$/Users/toprakgundogdu/qwen-ffn-rom/rtl/ffn_col_serial_16x16_b4.v:129$4156'.
Found and cleaned up 1 empty switch in `\ffn_col_serial.$proc$/Users/toprakgundogdu/qwen-ffn-rom/rtl/ffn_col_serial_16x16_b4.v:129$4150'.
Found and cleaned up 1 empty switch in `\ffn_col_serial.$proc$/Users/toprakgundogdu/qwen-ffn-rom/rtl/ffn_col_serial_16x16_b4.v:129$4141'.
Found and cleaned up 1 empty switch in `\ffn_col_serial.$proc$/Users/toprakgundogdu/qwen-ffn-rom/rtl/ffn_col_serial_16x16_b4.v:129$4134'.
Found and cleaned up 1 empty switch in `\ffn_col_serial.$proc$/Users/toprakgundogdu/qwen-ffn-rom/rtl/ffn_col_serial_16x16_b4.v:129$4126'.
Found and cleaned up 1 empty switch in `\ffn_col_serial.$proc$/Users/toprakgundogdu/qwen-ffn-rom/rtl/ffn_col_serial_16x16_b4.v:129$4120'.
Found and cleaned up 1 empty switch in `\ffn_col_serial.$proc$/Users/toprakgundogdu/qwen-ffn-rom/rtl/ffn_col_serial_16x16_b4.v:129$4111'.
Found and cleaned up 1 empty switch in `\ffn_col_serial.$proc$/Users/toprakgundogdu/qwen-ffn-rom/rtl/ffn_col_serial_16x16_b4.v:129$4104'.
Found and cleaned up 1 empty switch in `\ffn_col_serial.$proc$/Users/toprakgundogdu/qwen-ffn-rom/rtl/ffn_col_serial_16x16_b4.v:129$4097'.
Found and cleaned up 1 empty switch in `\ffn_col_serial.$proc$/Users/toprakgundogdu/qwen-ffn-rom/rtl/ffn_col_serial_16x16_b4.v:129$4091'.
Found and cleaned up 1 empty switch in `\ffn_col_serial.$proc$/Users/toprakgundogdu/qwen-ffn-rom/rtl/ffn_col_serial_16x16_b4.v:129$4084'.
Found and cleaned up 1 empty switch in `\ffn_col_serial.$proc$/Users/toprakgundogdu/qwen-ffn-rom/rtl/ffn_col_serial_16x16_b4.v:129$4075'.
Found and cleaned up 1 empty switch in `\ffn_col_serial.$proc$/Users/toprakgundogdu/qwen-ffn-rom/rtl/ffn_col_serial_16x16_b4.v:129$4069'.
Found and cleaned up 1 empty switch in `\ffn_col_serial.$proc$/Users/toprakgundogdu/qwen-ffn-rom/rtl/ffn_col_serial_16x16_b4.v:129$4062'.
Found and cleaned up 1 empty switch in `\ffn_col_serial.$proc$/Users/toprakgundogdu/qwen-ffn-rom/rtl/ffn_col_serial_16x16_b4.v:129$4053'.
Found and cleaned up 1 empty switch in `\ffn_col_serial.$proc$/Users/toprakgundogdu/qwen-ffn-rom/rtl/ffn_col_serial_16x16_b4.v:129$4046'.
Found and cleaned up 1 empty switch in `\ffn_col_serial.$proc$/Users/toprakgundogdu/qwen-ffn-rom/rtl/ffn_col_serial_16x16_b4.v:129$4038'.
Found and cleaned up 1 empty switch in `\ffn_col_serial.$proc$/Users/toprakgundogdu/qwen-ffn-rom/rtl/ffn_col_serial_16x16_b4.v:129$4032'.
Found and cleaned up 1 empty switch in `\ffn_col_serial.$proc$/Users/toprakgundogdu/qwen-ffn-rom/rtl/ffn_col_serial_16x16_b4.v:129$4026'.
Found and cleaned up 1 empty switch in `\ffn_col_serial.$proc$/Users/toprakgundogdu/qwen-ffn-rom/rtl/ffn_col_serial_16x16_b4.v:129$4020'.
Found and cleaned up 1 empty switch in `\ffn_col_serial.$proc$/Users/toprakgundogdu/qwen-ffn-rom/rtl/ffn_col_serial_16x16_b4.v:129$4012'.
Found and cleaned up 1 empty switch in `\ffn_col_serial.$proc$/Users/toprakgundogdu/qwen-ffn-rom/rtl/ffn_col_serial_16x16_b4.v:129$4005'.
Found and cleaned up 1 empty switch in `\ffn_col_serial.$proc$/Users/toprakgundogdu/qwen-ffn-rom/rtl/ffn_col_serial_16x16_b4.v:129$3997'.
Found and cleaned up 1 empty switch in `\ffn_col_serial.$proc$/Users/toprakgundogdu/qwen-ffn-rom/rtl/ffn_col_serial_16x16_b4.v:129$3991'.
Found and cleaned up 1 empty switch in `\ffn_col_serial.$proc$/Users/toprakgundogdu/qwen-ffn-rom/rtl/ffn_col_serial_16x16_b4.v:129$3983'.
Found and cleaned up 1 empty switch in `\ffn_col_serial.$proc$/Users/toprakgundogdu/qwen-ffn-rom/rtl/ffn_col_serial_16x16_b4.v:129$3976'.
Found and cleaned up 1 empty switch in `\ffn_col_serial.$proc$/Users/toprakgundogdu/qwen-ffn-rom/rtl/ffn_col_serial_16x16_b4.v:129$3968'.
Found and cleaned up 1 empty switch in `\ffn_col_serial.$proc$/Users/toprakgundogdu/qwen-ffn-rom/rtl/ffn_col_serial_16x16_b4.v:129$3961'.
Found and cleaned up 1 empty switch in `\ffn_col_serial.$proc$/Users/toprakgundogdu/qwen-ffn-rom/rtl/ffn_col_serial_16x16_b4.v:129$3955'.
Found and cleaned up 1 empty switch in `\ffn_col_serial.$proc$/Users/toprakgundogdu/qwen-ffn-rom/rtl/ffn_col_serial_16x16_b4.v:129$3947'.
Found and cleaned up 1 empty switch in `\ffn_col_serial.$proc$/Users/toprakgundogdu/qwen-ffn-rom/rtl/ffn_col_serial_16x16_b4.v:129$3939'.
Found and cleaned up 1 empty switch in `\ffn_col_serial.$proc$/Users/toprakgundogdu/qwen-ffn-rom/rtl/ffn_col_serial_16x16_b4.v:129$3931'.
Found and cleaned up 1 empty switch in `\ffn_col_serial.$proc$/Users/toprakgundogdu/qwen-ffn-rom/rtl/ffn_col_serial_16x16_b4.v:129$3921'.
Found and cleaned up 1 empty switch in `\ffn_col_serial.$proc$/Users/toprakgundogdu/qwen-ffn-rom/rtl/ffn_col_serial_16x16_b4.v:129$3913'.
Found and cleaned up 1 empty switch in `\ffn_col_serial.$proc$/Users/toprakgundogdu/qwen-ffn-rom/rtl/ffn_col_serial_16x16_b4.v:129$3907'.
Found and cleaned up 1 empty switch in `\ffn_col_serial.$proc$/Users/toprakgundogdu/qwen-ffn-rom/rtl/ffn_col_serial_16x16_b4.v:129$3898'.
Found and cleaned up 1 empty switch in `\ffn_col_serial.$proc$/Users/toprakgundogdu/qwen-ffn-rom/rtl/ffn_col_serial_16x16_b4.v:129$3892'.
Found and cleaned up 1 empty switch in `\ffn_col_serial.$proc$/Users/toprakgundogdu/qwen-ffn-rom/rtl/ffn_col_serial_16x16_b4.v:129$3884'.
Found and cleaned up 1 empty switch in `\ffn_col_serial.$proc$/Users/toprakgundogdu/qwen-ffn-rom/rtl/ffn_col_serial_16x16_b4.v:129$3878'.
Found and cleaned up 1 empty switch in `\ffn_col_serial.$proc$/Users/toprakgundogdu/qwen-ffn-rom/rtl/ffn_col_serial_16x16_b4.v:129$3870'.
Found and cleaned up 1 empty switch in `\ffn_col_serial.$proc$/Users/toprakgundogdu/qwen-ffn-rom/rtl/ffn_col_serial_16x16_b4.v:129$3861'.
Found and cleaned up 1 empty switch in `\ffn_col_serial.$proc$/Users/toprakgundogdu/qwen-ffn-rom/rtl/ffn_col_serial_16x16_b4.v:129$3853'.
Found and cleaned up 1 empty switch in `\ffn_col_serial.$proc$/Users/toprakgundogdu/qwen-ffn-rom/rtl/ffn_col_serial_16x16_b4.v:129$3845'.
Found and cleaned up 1 empty switch in `\ffn_col_serial.$proc$/Users/toprakgundogdu/qwen-ffn-rom/rtl/ffn_col_serial_16x16_b4.v:129$3838'.
Found and cleaned up 1 empty switch in `\ffn_col_serial.$proc$/Users/toprakgundogdu/qwen-ffn-rom/rtl/ffn_col_serial_16x16_b4.v:129$3831'.
Found and cleaned up 1 empty switch in `\ffn_col_serial.$proc$/Users/toprakgundogdu/qwen-ffn-rom/rtl/ffn_col_serial_16x16_b4.v:129$3824'.
Found and cleaned up 1 empty switch in `\ffn_col_serial.$proc$/Users/toprakgundogdu/qwen-ffn-rom/rtl/ffn_col_serial_16x16_b4.v:129$3817'.
Found and cleaned up 1 empty switch in `\ffn_col_serial.$proc$/Users/toprakgundogdu/qwen-ffn-rom/rtl/ffn_col_serial_16x16_b4.v:129$3810'.
Found and cleaned up 1 empty switch in `\ffn_col_serial.$proc$/Users/toprakgundogdu/qwen-ffn-rom/rtl/ffn_col_serial_16x16_b4.v:129$3803'.
Found and cleaned up 1 empty switch in `\ffn_col_serial.$proc$/Users/toprakgundogdu/qwen-ffn-rom/rtl/ffn_col_serial_16x16_b4.v:129$3794'.
Found and cleaned up 1 empty switch in `\ffn_col_serial.$proc$/Users/toprakgundogdu/qwen-ffn-rom/rtl/ffn_col_serial_16x16_b4.v:129$3786'.
Found and cleaned up 1 empty switch in `\ffn_col_serial.$proc$/Users/toprakgundogdu/qwen-ffn-rom/rtl/ffn_col_serial_16x16_b4.v:129$3778'.
Found and cleaned up 1 empty switch in `\ffn_col_serial.$proc$/Users/toprakgundogdu/qwen-ffn-rom/rtl/ffn_col_serial_16x16_b4.v:129$3770'.
Found and cleaned up 1 empty switch in `\ffn_col_serial.$proc$/Users/toprakgundogdu/qwen-ffn-rom/rtl/ffn_col_serial_16x16_b4.v:129$3761'.
Found and cleaned up 1 empty switch in `\ffn_col_serial.$proc$/Users/toprakgundogdu/qwen-ffn-rom/rtl/ffn_col_serial_16x16_b4.v:129$3752'.
Found and cleaned up 1 empty switch in `\ffn_col_serial.$proc$/Users/toprakgundogdu/qwen-ffn-rom/rtl/ffn_col_serial_16x16_b4.v:129$3746'.
Found and cleaned up 1 empty switch in `\ffn_col_serial.$proc$/Users/toprakgundogdu/qwen-ffn-rom/rtl/ffn_col_serial_16x16_b4.v:129$3738'.
Found and cleaned up 1 empty switch in `\ffn_col_serial.$proc$/Users/toprakgundogdu/qwen-ffn-rom/rtl/ffn_col_serial_16x16_b4.v:129$3731'.
Found and cleaned up 1 empty switch in `\ffn_col_serial.$proc$/Users/toprakgundogdu/qwen-ffn-rom/rtl/ffn_col_serial_16x16_b4.v:129$3722'.
Found and cleaned up 1 empty switch in `\ffn_col_serial.$proc$/Users/toprakgundogdu/qwen-ffn-rom/rtl/ffn_col_serial_16x16_b4.v:129$3715'.
Found and cleaned up 1 empty switch in `\ffn_col_serial.$proc$/Users/toprakgundogdu/qwen-ffn-rom/rtl/ffn_col_serial_16x16_b4.v:129$3708'.
Found and cleaned up 1 empty switch in `\ffn_col_serial.$proc$/Users/toprakgundogdu/qwen-ffn-rom/rtl/ffn_col_serial_16x16_b4.v:129$3701'.
Found and cleaned up 1 empty switch in `\ffn_col_serial.$proc$/Users/toprakgundogdu/qwen-ffn-rom/rtl/ffn_col_serial_16x16_b4.v:129$3693'.
Found and cleaned up 1 empty switch in `\ffn_col_serial.$proc$/Users/toprakgundogdu/qwen-ffn-rom/rtl/ffn_col_serial_16x16_b4.v:129$3687'.
Found and cleaned up 1 empty switch in `\ffn_col_serial.$proc$/Users/toprakgundogdu/qwen-ffn-rom/rtl/ffn_col_serial_16x16_b4.v:129$3681'.
Found and cleaned up 1 empty switch in `\ffn_col_serial.$proc$/Users/toprakgundogdu/qwen-ffn-rom/rtl/ffn_col_serial_16x16_b4.v:129$3672'.
Found and cleaned up 1 empty switch in `\ffn_col_serial.$proc$/Users/toprakgundogdu/qwen-ffn-rom/rtl/ffn_col_serial_16x16_b4.v:129$3665'.
Found and cleaned up 1 empty switch in `\ffn_col_serial.$proc$/Users/toprakgundogdu/qwen-ffn-rom/rtl/ffn_col_serial_16x16_b4.v:129$3659'.
Found and cleaned up 1 empty switch in `\ffn_col_serial.$proc$/Users/toprakgundogdu/qwen-ffn-rom/rtl/ffn_col_serial_16x16_b4.v:129$3653'.
Found and cleaned up 1 empty switch in `\ffn_col_serial.$proc$/Users/toprakgundogdu/qwen-ffn-rom/rtl/ffn_col_serial_16x16_b4.v:129$3646'.
Found and cleaned up 1 empty switch in `\ffn_col_serial.$proc$/Users/toprakgundogdu/qwen-ffn-rom/rtl/ffn_col_serial_16x16_b4.v:129$3640'.
Found and cleaned up 1 empty switch in `\ffn_col_serial.$proc$/Users/toprakgundogdu/qwen-ffn-rom/rtl/ffn_col_serial_16x16_b4.v:129$3634'.
Found and cleaned up 1 empty switch in `\ffn_col_serial.$proc$/Users/toprakgundogdu/qwen-ffn-rom/rtl/ffn_col_serial_16x16_b4.v:129$3626'.
Found and cleaned up 1 empty switch in `\ffn_col_serial.$proc$/Users/toprakgundogdu/qwen-ffn-rom/rtl/ffn_col_serial_16x16_b4.v:129$3619'.
Found and cleaned up 1 empty switch in `\ffn_col_serial.$proc$/Users/toprakgundogdu/qwen-ffn-rom/rtl/ffn_col_serial_16x16_b4.v:129$3611'.
Found and cleaned up 1 empty switch in `\ffn_col_serial.$proc$/Users/toprakgundogdu/qwen-ffn-rom/rtl/ffn_col_serial_16x16_b4.v:129$3605'.
Found and cleaned up 1 empty switch in `\ffn_col_serial.$proc$/Users/toprakgundogdu/qwen-ffn-rom/rtl/ffn_col_serial_16x16_b4.v:129$3597'.
Found and cleaned up 1 empty switch in `\ffn_col_serial.$proc$/Users/toprakgundogdu/qwen-ffn-rom/rtl/ffn_col_serial_16x16_b4.v:129$3591'.
Found and cleaned up 1 empty switch in `\ffn_col_serial.$proc$/Users/toprakgundogdu/qwen-ffn-rom/rtl/ffn_col_serial_16x16_b4.v:129$3581'.
Found and cleaned up 1 empty switch in `\ffn_col_serial.$proc$/Users/toprakgundogdu/qwen-ffn-rom/rtl/ffn_col_serial_16x16_b4.v:129$3575'.
Found and cleaned up 1 empty switch in `\ffn_col_serial.$proc$/Users/toprakgundogdu/qwen-ffn-rom/rtl/ffn_col_serial_16x16_b4.v:129$3569'.
Found and cleaned up 1 empty switch in `\ffn_col_serial.$proc$/Users/toprakgundogdu/qwen-ffn-rom/rtl/ffn_col_serial_16x16_b4.v:129$3563'.
Found and cleaned up 1 empty switch in `\ffn_col_serial.$proc$/Users/toprakgundogdu/qwen-ffn-rom/rtl/ffn_col_serial_16x16_b4.v:129$3557'.
Found and cleaned up 1 empty switch in `\ffn_col_serial.$proc$/Users/toprakgundogdu/qwen-ffn-rom/rtl/ffn_col_serial_16x16_b4.v:129$3551'.
Found and cleaned up 1 empty switch in `\ffn_col_serial.$proc$/Users/toprakgundogdu/qwen-ffn-rom/rtl/ffn_col_serial_16x16_b4.v:129$3545'.
Found and cleaned up 1 empty switch in `\ffn_col_serial.$proc$/Users/toprakgundogdu/qwen-ffn-rom/rtl/ffn_col_serial_16x16_b4.v:129$3539'.
Found and cleaned up 1 empty switch in `\ffn_col_serial.$proc$/Users/toprakgundogdu/qwen-ffn-rom/rtl/ffn_col_serial_16x16_b4.v:129$3533'.
Found and cleaned up 1 empty switch in `\ffn_col_serial.$proc$/Users/toprakgundogdu/qwen-ffn-rom/rtl/ffn_col_serial_16x16_b4.v:129$3527'.
Found and cleaned up 1 empty switch in `\ffn_col_serial.$proc$/Users/toprakgundogdu/qwen-ffn-rom/rtl/ffn_col_serial_16x16_b4.v:129$3520'.
Found and cleaned up 1 empty switch in `\ffn_col_serial.$proc$/Users/toprakgundogdu/qwen-ffn-rom/rtl/ffn_col_serial_16x16_b4.v:129$3512'.
Found and cleaned up 1 empty switch in `\ffn_col_serial.$proc$/Users/toprakgundogdu/qwen-ffn-rom/rtl/ffn_col_serial_16x16_b4.v:129$3506'.
Found and cleaned up 1 empty switch in `\ffn_col_serial.$proc$/Users/toprakgundogdu/qwen-ffn-rom/rtl/ffn_col_serial_16x16_b4.v:129$3500'.
Found and cleaned up 1 empty switch in `\ffn_col_serial.$proc$/Users/toprakgundogdu/qwen-ffn-rom/rtl/ffn_col_serial_16x16_b4.v:129$3492'.
Found and cleaned up 1 empty switch in `\ffn_col_serial.$proc$/Users/toprakgundogdu/qwen-ffn-rom/rtl/ffn_col_serial_16x16_b4.v:129$3486'.
Cleaned up 256 empty switches.

3.2. Executing PROC_RMDEAD pass (remove dead branches from decision trees).
Removed 1 dead cases from process $proc$/Users/toprakgundogdu/qwen-ffn-rom/rtl/ffn_col_serial_16x16_b4.v:145$3466 in module ffn_col_serial.
Marked 4 switch rules as full_case in process $proc$/Users/toprakgundogdu/qwen-ffn-rom/rtl/ffn_col_serial_16x16_b4.v:145$3466 in module ffn_col_serial.
Removed a total of 1 dead cases.

3.3. Executing PROC_PRUNE pass (remove redundant assignments in processes).
Removed 0 redundant assignments.
Promoted 1589 assignments to connections.

3.4. Executing PROC_INIT pass (extract init attributes).

3.5. Executing PROC_ARST pass (detect async resets in processes).

3.6. Executing PROC_ROM pass (convert switches to ROMs).
Converted 0 switches.
<suppressed ~4 debug messages>

3.7. Executing PROC_MUX pass (convert decision trees to multiplexers).
Creating decoders for process `$paramod$19610d36066bea265eccabe9a1b9eed43380701f\add_tree.$proc$/Users/toprakgundogdu/qwen-ffn-rom/rtl/ffn_col_serial_16x16_b4.v:16$2921'.
Creating decoders for process `\ffn_col_serial.$proc$/Users/toprakgundogdu/qwen-ffn-rom/rtl/ffn_col_serial_16x16_b4.v:138$5749'.
Creating decoders for process `\ffn_col_serial.$proc$/Users/toprakgundogdu/qwen-ffn-rom/rtl/ffn_col_serial_16x16_b4.v:134$5748'.
Creating decoders for process `\ffn_col_serial.$proc$/Users/toprakgundogdu/qwen-ffn-rom/rtl/ffn_col_serial_16x16_b4.v:130$5747'.
Creating decoders for process `\ffn_col_serial.$proc$/Users/toprakgundogdu/qwen-ffn-rom/rtl/ffn_col_serial_16x16_b4.v:130$5746'.
Creating decoders for process `\ffn_col_serial.$proc$/Users/toprakgundogdu/qwen-ffn-rom/rtl/ffn_col_serial_16x16_b4.v:130$5745'.
Creating decoders for process `\ffn_col_serial.$proc$/Users/toprakgundogdu/qwen-ffn-rom/rtl/ffn_col_serial_16x16_b4.v:130$5744'.
Creating decoders for process `\ffn_col_serial.$proc$/Users/toprakgundogdu/qwen-ffn-rom/rtl/ffn_col_serial_16x16_b4.v:130$5743'.
Creating decoders for process `\ffn_col_serial.$proc$/Users/toprakgundogdu/qwen-ffn-rom/rtl/ffn_col_serial_16x16_b4.v:130$5742'.
Creating decoders for process `\ffn_col_serial.$proc$/Users/toprakgundogdu/qwen-ffn-rom/rtl/ffn_col_serial_16x16_b4.v:130$5741'.
Creating decoders for process `\ffn_col_serial.$proc$/Users/toprakgundogdu/qwen-ffn-rom/rtl/ffn_col_serial_16x16_b4.v:130$5740'.
Creating decoders for process `\ffn_col_serial.$proc$/Users/toprakgundogdu/qwen-ffn-rom/rtl/ffn_col_serial_16x16_b4.v:130$5739'.
Creating decoders for process `\ffn_col_serial.$proc$/Users/toprakgundogdu/qwen-ffn-rom/rtl/ffn_col_serial_16x16_b4.v:130$5738'.
Creating decoders for process `\ffn_col_serial.$proc$/Users/toprakgundogdu/qwen-ffn-rom/rtl/ffn_col_serial_16x16_b4.v:130$5737'.
Creating decoders for process `\ffn_col_serial.$proc$/Users/toprakgundogdu/qwen-ffn-rom/rtl/ffn_col_serial_16x16_b4.v:130$5736'.
Creating decoders for process `\ffn_col_serial.$proc$/Users/toprakgundogdu/qwen-ffn-rom/rtl/ffn_col_serial_16x16_b4.v:130$5735'.
Creating decoders for process `\ffn_col_serial.$proc$/Users/toprakgundogdu/qwen-ffn-rom/rtl/ffn_col_serial_16x16_b4.v:130$5734'.
Creating decoders for process `\ffn_col_serial.$proc$/Users/toprakgundogdu/qwen-ffn-rom/rtl/ffn_col_serial_16x16_b4.v:130$5733'.
Creating decoders for process `\ffn_col_serial.$proc$/Users/toprakgundogdu/qwen-ffn-rom/rtl/ffn_col_serial_16x16_b4.v:130$5732'.
Creating decoders for process `\ffn_col_serial.$proc$/Users/toprakgundogdu/qwen-ffn-rom/rtl/ffn_col_serial_16x16_b4.v:138$5726'.
Creating decoders for process `\ffn_col_serial.$proc$/Users/toprakgundogdu/qwen-ffn-rom/rtl/ffn_col_serial_16x16_b4.v:134$5725'.
Creating decoders for process `\ffn_col_serial.$proc$/Users/toprakgundogdu/qwen-ffn-rom/rtl/ffn_col_serial_16x16_b4.v:130$5724'.
Creating decoders for process `\ffn_col_serial.$proc$/Users/toprakgundogdu/qwen-ffn-rom/rtl/ffn_col_serial_16x16_b4.v:130$5723'.
Creating decoders for process `\ffn_col_serial.$proc$/Users/toprakgundogdu/qwen-ffn-rom/rtl/ffn_col_serial_16x16_b4.v:130$5722'.
Creating decoders for process `\ffn_col_serial.$proc$/Users/toprakgundogdu/qwen-ffn-rom/rtl/ffn_col_serial_16x16_b4.v:130$5721'.
Creating decoders for process `\ffn_col_serial.$proc$/Users/toprakgundogdu/qwen-ffn-rom/rtl/ffn_col_serial_16x16_b4.v:130$5720'.
Creating decoders for process `\ffn_col_serial.$proc$/Users/toprakgundogdu/qwen-ffn-rom/rtl/ffn_col_serial_16x16_b4.v:130$5719'.
Creating decoders for process `\ffn_col_serial.$proc$/Users/toprakgundogdu/qwen-ffn-rom/rtl/ffn_col_serial_16x16_b4.v:130$5718'.
Creating decoders for process `\ffn_col_serial.$proc$/Users/toprakgundogdu/qwen-ffn-rom/rtl/ffn_col_serial_16x16_b4.v:130$5717'.
Creating decoders for process `\ffn_col_serial.$proc$/Users/toprakgundogdu/qwen-ffn-rom/rtl/ffn_col_serial_16x16_b4.v:130$5716'.
Creating decoders for process `\ffn_col_serial.$proc$/Users/toprakgundogdu/qwen-ffn-rom/rtl/ffn_col_serial_16x16_b4.v:130$5715'.
Creating decoders for process `\ffn_col_serial.$proc$/Users/toprakgundogdu/qwen-ffn-rom/rtl/ffn_col_serial_16x16_b4.v:130$5714'.
Creating decoders for process `\ffn_col_serial.$proc$/Users/toprakgundogdu/qwen-ffn-rom/rtl/ffn_col_serial_16x16_b4.v:130$5713'.
Creating decoders for process `\ffn_col_serial.$proc$/Users/toprakgundogdu/qwen-ffn-rom/rtl/ffn_col_serial_16x16_b4.v:130$5712'.
Creating decoders for process `\ffn_col_serial.$proc$/Users/toprakgundogdu/qwen-ffn-rom/rtl/ffn_col_serial_16x16_b4.v:130$5711'.
Creating decoders for process `\ffn_col_serial.$proc$/Users/toprakgundogdu/qwen-ffn-rom/rtl/ffn_col_serial_16x16_b4.v:130$5710'.
Creating decoders for process `\ffn_col_serial.$proc$/Users/toprakgundogdu/qwen-ffn-rom/rtl/ffn_col_serial_16x16_b4.v:130$5709'.
Creating decoders for process `\ffn_col_serial.$proc$/Users/toprakgundogdu/qwen-ffn-rom/rtl/ffn_col_serial_16x16_b4.v:138$5703'.
Creating decoders for process `\ffn_col_serial.$proc$/Users/toprakgundogdu/qwen-ffn-rom/rtl/ffn_col_serial_16x16_b4.v:134$5702'.
Creating decoders for process `\ffn_col_serial.$proc$/Users/toprakgundogdu/qwen-ffn-rom/rtl/ffn_col_serial_16x16_b4.v:130$5701'.
Creating decoders for process `\ffn_col_serial.$proc$/Users/toprakgundogdu/qwen-ffn-rom/rtl/ffn_col_serial_16x16_b4.v:130$5700'.
Creating decoders for process `\ffn_col_serial.$proc$/Users/toprakgundogdu/qwen-ffn-rom/rtl/ffn_col_serial_16x16_b4.v:130$5699'.
Creating decoders for process `\ffn_col_serial.$proc$/Users/toprakgundogdu/qwen-ffn-rom/rtl/ffn_col_serial_16x16_b4.v:130$5698'.
Creating decoders for process `\ffn_col_serial.$proc$/Users/toprakgundogdu/qwen-ffn-rom/rtl/ffn_col_serial_16x16_b4.v:130$5697'.
Creating decoders for process `\ffn_col_serial.$proc$/Users/toprakgundogdu/qwen-ffn-rom/rtl/ffn_col_serial_16x16_b4.v:130$5696'.
Creating decoders for process `\ffn_col_serial.$proc$/Users/toprakgundogdu/qwen-ffn-rom/rtl/ffn_col_serial_16x16_b4.v:130$5695'.
Creating decoders for process `\ffn_col_serial.$proc$/Users/toprakgundogdu/qwen-ffn-rom/rtl/ffn_col_serial_16x16_b4.v:130$5694'.
Creating decoders for process `\ffn_col_serial.$proc$/Users/toprakgundogdu/qwen-ffn-rom/rtl/ffn_col_serial_16x16_b4.v:130$5693'.
Creating decoders for process `\ffn_col_serial.$proc$/Users/toprakgundogdu/qwen-ffn-rom/rtl/ffn_col_serial_16x16_b4.v:130$5692'.
Creating decoders for process `\ffn_col_serial.$proc$/Users/toprakgundogdu/qwen-ffn-rom/rtl/ffn_col_serial_16x16_b4.v:130$5691'.
Creating decoders for process `\ffn_col_serial.$proc$/Users/toprakgundogdu/qwen-ffn-rom/rtl/ffn_col_serial_16x16_b4.v:130$5690'.
Creating decoders for process `\ffn_col_serial.$proc$/Users/toprakgundogdu/qwen-ffn-rom/rtl/ffn_col_serial_16x16_b4.v:130$5689'.
Creating decoders for process `\ffn_col_serial.$proc$/Users/toprakgundogdu/qwen-ffn-rom/rtl/ffn_col_serial_16x16_b4.v:130$5688'.
Creating decoders for process `\ffn_col_serial.$proc$/Users/toprakgundogdu/qwen-ffn-rom/rtl/ffn_col_serial_16x16_b4.v:130$5687'.
Creating decoders for process `\ffn_col_serial.$proc$/Users/toprakgundogdu/qwen-ffn-rom/rtl/ffn_col_serial_16x16_b4.v:130$5686'.
Creating decoders for process `\ffn_col_serial.$proc$/Users/toprakgundogdu/qwen-ffn-rom/rtl/ffn_col_serial_16x16_b4.v:138$5680'.
Creating decoders for process `\ffn_col_serial.$proc$/Users/toprakgundogdu/qwen-ffn-rom/rtl/ffn_col_serial_16x16_b4.v:134$5679'.
Creating decoders for process `\ffn_col_serial.$proc$/Users/toprakgundogdu/qwen-ffn-rom/rtl/ffn_col_serial_16x16_b4.v:130$5678'.
Creating decoders for process `\ffn_col_serial.$proc$/Users/toprakgundogdu/qwen-ffn-rom/rtl/ffn_col_serial_16x16_b4.v:130$5677'.
Creating decoders for process `\ffn_col_serial.$proc$/Users/toprakgundogdu/qwen-ffn-rom/rtl/ffn_col_serial_16x16_b4.v:130$5676'.
Creating decoders for process `\ffn_col_serial.$proc$/Users/toprakgundogdu/qwen-ffn-rom/rtl/ffn_col_serial_16x16_b4.v:130$5675'.
Creating decoders for process `\ffn_col_serial.$proc$/Users/toprakgundogdu/qwen-ffn-rom/rtl/ffn_col_serial_16x16_b4.v:130$5674'.
Creating decoders for process `\ffn_col_serial.$proc$/Users/toprakgundogdu/qwen-ffn-rom/rtl/ffn_col_serial_16x16_b4.v:130$5673'.
Creating decoders for process `\ffn_col_serial.$proc$/Users/toprakgundogdu/qwen-ffn-rom/rtl/ffn_col_serial_16x16_b4.v:130$5672'.
Creating decoders for process `\ffn_col_serial.$proc$/Users/toprakgundogdu/qwen-ffn-rom/rtl/ffn_col_serial_16x16_b4.v:130$5671'.
Creating decoders for process `\ffn_col_serial.$proc$/Users/toprakgundogdu/qwen-ffn-rom/rtl/ffn_col_serial_16x16_b4.v:130$5670'.
Creating decoders for process `\ffn_col_serial.$proc$/Users/toprakgundogdu/qwen-ffn-rom/rtl/ffn_col_serial_16x16_b4.v:130$5669'.
Creating decoders for process `\ffn_col_serial.$proc$/Users/toprakgundogdu/qwen-ffn-rom/rtl/ffn_col_serial_16x16_b4.v:130$5668'.
Creating decoders for process `\ffn_col_serial.$proc$/Users/toprakgundogdu/qwen-ffn-rom/rtl/ffn_col_serial_16x16_b4.v:130$5667'.
Creating decoders for process `\ffn_col_serial.$proc$/Users/toprakgundogdu/qwen-ffn-rom/rtl/ffn_col_serial_16x16_b4.v:130$5666'.
Creating decoders for process `\ffn_col_serial.$proc$/Users/toprakgundogdu/qwen-ffn-rom/rtl/ffn_col_serial_16x16_b4.v:130$5665'.
Creating decoders for process `\ffn_col_serial.$proc$/Users/toprakgundogdu/qwen-ffn-rom/rtl/ffn_col_serial_16x16_b4.v:130$5664'.
Creating decoders for process `\ffn_col_serial.$proc$/Users/toprakgundogdu/qwen-ffn-rom/rtl/ffn_col_serial_16x16_b4.v:130$5663'.
Creating decoders for process `\ffn_col_serial.$proc$/Users/toprakgundogdu/qwen-ffn-rom/rtl/ffn_col_serial_16x16_b4.v:138$5657'.
Creating decoders for process `\ffn_col_serial.$proc$/Users/toprakgundogdu/qwen-ffn-rom/rtl/ffn_col_serial_16x16_b4.v:134$5656'.
Creating decoders for process `\ffn_col_serial.$proc$/Users/toprakgundogdu/qwen-ffn-rom/rtl/ffn_col_serial_16x16_b4.v:130$5655'.
Creating decoders for process `\ffn_col_serial.$proc$/Users/toprakgundogdu/qwen-ffn-rom/rtl/ffn_col_serial_16x16_b4.v:130$5654'.
Creating decoders for process `\ffn_col_serial.$proc$/Users/toprakgundogdu/qwen-ffn-rom/rtl/ffn_col_serial_16x16_b4.v:130$5653'.
Creating decoders for process `\ffn_col_serial.$proc$/Users/toprakgundogdu/qwen-ffn-rom/rtl/ffn_col_serial_16x16_b4.v:130$5652'.
Creating decoders for process `\ffn_col_serial.$proc$/Users/toprakgundogdu/qwen-ffn-rom/rtl/ffn_col_serial_16x16_b4.v:130$5651'.
Creating decoders for process `\ffn_col_serial.$proc$/Users/toprakgundogdu/qwen-ffn-rom/rtl/ffn_col_serial_16x16_b4.v:130$5650'.
Creating decoders for process `\ffn_col_serial.$proc$/Users/toprakgundogdu/qwen-ffn-rom/rtl/ffn_col_serial_16x16_b4.v:130$5649'.
Creating decoders for process `\ffn_col_serial.$proc$/Users/toprakgundogdu/qwen-ffn-rom/rtl/ffn_col_serial_16x16_b4.v:130$5648'.
Creating decoders for process `\ffn_col_serial.$proc$/Users/toprakgundogdu/qwen-ffn-rom/rtl/ffn_col_serial_16x16_b4.v:130$5647'.
Creating decoders for process `\ffn_col_serial.$proc$/Users/toprakgundogdu/qwen-ffn-rom/rtl/ffn_col_serial_16x16_b4.v:130$5646'.
Creating decoders for process `\ffn_col_serial.$proc$/Users/toprakgundogdu/qwen-ffn-rom/rtl/ffn_col_serial_16x16_b4.v:130$5645'.
Creating decoders for process `\ffn_col_serial.$proc$/Users/toprakgundogdu/qwen-ffn-rom/rtl/ffn_col_serial_16x16_b4.v:130$5644'.
Creating decoders for process `\ffn_col_serial.$proc$/Users/toprakgundogdu/qwen-ffn-rom/rtl/ffn_col_serial_16x16_b4.v:130$5643'.
Creating decoders for process `\ffn_col_serial.$proc$/Users/toprakgundogdu/qwen-ffn-rom/rtl/ffn_col_serial_16x16_b4.v:130$5642'.
Creating decoders for process `\ffn_col_serial.$proc$/Users/toprakgundogdu/qwen-ffn-rom/rtl/ffn_col_serial_16x16_b4.v:130$5641'.
Creating decoders for process `\ffn_col_serial.$proc$/Users/toprakgundogdu/qwen-ffn-rom/rtl/ffn_col_serial_16x16_b4.v:130$5640'.
Creating decoders for process `\ffn_col_serial.$proc$/Users/toprakgundogdu/qwen-ffn-rom/rtl/ffn_col_serial_16x16_b4.v:138$5634'.
Creating decoders for process `\ffn_col_serial.$proc$/Users/toprakgundogdu/qwen-ffn-rom/rtl/ffn_col_serial_16x16_b4.v:134$5633'.
Creating decoders for process `\ffn_col_serial.$proc$/Users/toprakgundogdu/qwen-ffn-rom/rtl/ffn_col_serial_16x16_b4.v:130$5632'.
Creating decoders for process `\ffn_col_serial.$proc$/Users/toprakgundogdu/qwen-ffn-rom/rtl/ffn_col_serial_16x16_b4.v:130$5631'.
Creating decoders for process `\ffn_col_serial.$proc$/Users/toprakgundogdu/qwen-ffn-rom/rtl/ffn_col_serial_16x16_b4.v:130$5630'.
Creating decoders for process `\ffn_col_serial.$proc$/Users/toprakgundogdu/qwen-ffn-rom/rtl/ffn_col_serial_16x16_b4.v:130$5629'.
Creating decoders for process `\ffn_col_serial.$proc$/Users/toprakgundogdu/qwen-ffn-rom/rtl/ffn_col_serial_16x16_b4.v:130$5628'.
Creating decoders for process `\ffn_col_serial.$proc$/Users/toprakgundogdu/qwen-ffn-rom/rtl/ffn_col_serial_16x16_b4.v:130$5627'.
Creating decoders for process `\ffn_col_serial.$proc$/Users/toprakgundogdu/qwen-ffn-rom/rtl/ffn_col_serial_16x16_b4.v:130$5626'.
Creating decoders for process `\ffn_col_serial.$proc$/Users/toprakgundogdu/qwen-ffn-rom/rtl/ffn_col_serial_16x16_b4.v:130$5625'.
Creating decoders for process `\ffn_col_serial.$proc$/Users/toprakgundogdu/qwen-ffn-rom/rtl/ffn_col_serial_16x16_b4.v:130$5624'.
Creating decoders for process `\ffn_col_serial.$proc$/Users/toprakgundogdu/qwen-ffn-rom/rtl/ffn_col_serial_16x16_b4.v:130$5623'.
Creating decoders for process `\ffn_col_serial.$proc$/Users/toprakgundogdu/qwen-ffn-rom/rtl/ffn_col_serial_16x16_b4.v:130$5622'.
Creating decoders for process `\ffn_col_serial.$proc$/Users/toprakgundogdu/qwen-ffn-rom/rtl/ffn_col_serial_16x16_b4.v:130$5621'.
Creating decoders for process `\ffn_col_serial.$proc$/Users/toprakgundogdu/qwen-ffn-rom/rtl/ffn_col_serial_16x16_b4.v:130$5620'.
Creating decoders for process `\ffn_col_serial.$proc$/Users/toprakgundogdu/qwen-ffn-rom/rtl/ffn_col_serial_16x16_b4.v:130$5619'.
Creating decoders for process `\ffn_col_serial.$proc$/Users/toprakgundogdu/qwen-ffn-rom/rtl/ffn_col_serial_16x16_b4.v:130$5618'.
Creating decoders for process `\ffn_col_serial.$proc$/Users/toprakgundogdu/qwen-ffn-rom/rtl/ffn_col_serial_16x16_b4.v:130$5617'.
Creating decoders for process `\ffn_col_serial.$proc$/Users/toprakgundogdu/qwen-ffn-rom/rtl/ffn_col_serial_16x16_b4.v:138$5611'.
Creating decoders for process `\ffn_col_serial.$proc$/Users/toprakgundogdu/qwen-ffn-rom/rtl/ffn_col_serial_16x16_b4.v:134$5610'.
Creating decoders for process `\ffn_col_serial.$proc$/Users/toprakgundogdu/qwen-ffn-rom/rtl/ffn_col_serial_16x16_b4.v:130$5609'.
Creating decoders for process `\ffn_col_serial.$proc$/Users/toprakgundogdu/qwen-ffn-rom/rtl/ffn_col_serial_16x16_b4.v:130$5608'.
Creating decoders for process `\ffn_col_serial.$proc$/Users/toprakgundogdu/qwen-ffn-rom/rtl/ffn_col_serial_16x16_b4.v:130$5607'.
Creating decoders for process `\ffn_col_serial.$proc$/Users/toprakgundogdu/qwen-ffn-rom/rtl/ffn_col_serial_16x16_b4.v:130$5606'.
Creating decoders for process `\ffn_col_serial.$proc$/Users/toprakgundogdu/qwen-ffn-rom/rtl/ffn_col_serial_16x16_b4.v:130$5605'.
Creating decoders for process `\ffn_col_serial.$proc$/Users/toprakgundogdu/qwen-ffn-rom/rtl/ffn_col_serial_16x16_b4.v:130$5604'.
Creating decoders for process `\ffn_col_serial.$proc$/Users/toprakgundogdu/qwen-ffn-rom/rtl/ffn_col_serial_16x16_b4.v:130$5603'.
Creating decoders for process `\ffn_col_serial.$proc$/Users/toprakgundogdu/qwen-ffn-rom/rtl/ffn_col_serial_16x16_b4.v:130$5602'.
Creating decoders for process `\ffn_col_serial.$proc$/Users/toprakgundogdu/qwen-ffn-rom/rtl/ffn_col_serial_16x16_b4.v:130$5601'.
Creating decoders for process `\ffn_col_serial.$proc$/Users/toprakgundogdu/qwen-ffn-rom/rtl/ffn_col_serial_16x16_b4.v:130$5600'.
Creating decoders for process `\ffn_col_serial.$proc$/Users/toprakgundogdu/qwen-ffn-rom/rtl/ffn_col_serial_16x16_b4.v:130$5599'.
Creating decoders for process `\ffn_col_serial.$proc$/Users/toprakgundogdu/qwen-ffn-rom/rtl/ffn_col_serial_16x16_b4.v:130$5598'.
Creating decoders for process `\ffn_col_serial.$proc$/Users/toprakgundogdu/qwen-ffn-rom/rtl/ffn_col_serial_16x16_b4.v:130$5597'.
Creating decoders for process `\ffn_col_serial.$proc$/Users/toprakgundogdu/qwen-ffn-rom/rtl/ffn_col_serial_16x16_b4.v:130$5596'.
Creating decoders for process `\ffn_col_serial.$proc$/Users/toprakgundogdu/qwen-ffn-rom/rtl/ffn_col_serial_16x16_b4.v:130$5595'.
Creating decoders for process `\ffn_col_serial.$proc$/Users/toprakgundogdu/qwen-ffn-rom/rtl/ffn_col_serial_16x16_b4.v:130$5594'.
Creating decoders for process `\ffn_col_serial.$proc$/Users/toprakgundogdu/qwen-ffn-rom/rtl/ffn_col_serial_16x16_b4.v:138$5588'.
Creating decoders for process `\ffn_col_serial.$proc$/Users/toprakgundogdu/qwen-ffn-rom/rtl/ffn_col_serial_16x16_b4.v:134$5587'.
Creating decoders for process `\ffn_col_serial.$proc$/Users/toprakgundogdu/qwen-ffn-rom/rtl/ffn_col_serial_16x16_b4.v:130$5586'.
Creating decoders for process `\ffn_col_serial.$proc$/Users/toprakgundogdu/qwen-ffn-rom/rtl/ffn_col_serial_16x16_b4.v:130$5585'.
Creating decoders for process `\ffn_col_serial.$proc$/Users/toprakgundogdu/qwen-ffn-rom/rtl/ffn_col_serial_16x16_b4.v:130$5584'.
Creating decoders for process `\ffn_col_serial.$proc$/Users/toprakgundogdu/qwen-ffn-rom/rtl/ffn_col_serial_16x16_b4.v:130$5583'.
Creating decoders for process `\ffn_col_serial.$proc$/Users/toprakgundogdu/qwen-ffn-rom/rtl/ffn_col_serial_16x16_b4.v:130$5582'.
Creating decoders for process `\ffn_col_serial.$proc$/Users/toprakgundogdu/qwen-ffn-rom/rtl/ffn_col_serial_16x16_b4.v:130$5581'.
Creating decoders for process `\ffn_col_serial.$proc$/Users/toprakgundogdu/qwen-ffn-rom/rtl/ffn_col_serial_16x16_b4.v:130$5580'.
Creating decoders for process `\ffn_col_serial.$proc$/Users/toprakgundogdu/qwen-ffn-rom/rtl/ffn_col_serial_16x16_b4.v:130$5579'.
Creating decoders for process `\ffn_col_serial.$proc$/Users/toprakgundogdu/qwen-ffn-rom/rtl/ffn_col_serial_16x16_b4.v:130$5578'.
Creating decoders for process `\ffn_col_serial.$proc$/Users/toprakgundogdu/qwen-ffn-rom/rtl/ffn_col_serial_16x16_b4.v:130$5577'.
Creating decoders for process `\ffn_col_serial.$proc$/Users/toprakgundogdu/qwen-ffn-rom/rtl/ffn_col_serial_16x16_b4.v:130$5576'.
Creating decoders for process `\ffn_col_serial.$proc$/Users/toprakgundogdu/qwen-ffn-rom/rtl/ffn_col_serial_16x16_b4.v:130$5575'.
Creating decoders for process `\ffn_col_serial.$proc$/Users/toprakgundogdu/qwen-ffn-rom/rtl/ffn_col_serial_16x16_b4.v:130$5574'.
Creating decoders for process `\ffn_col_serial.$proc$/Users/toprakgundogdu/qwen-ffn-rom/rtl/ffn_col_serial_16x16_b4.v:130$5573'.
Creating decoders for process `\ffn_col_serial.$proc$/Users/toprakgundogdu/qwen-ffn-rom/rtl/ffn_col_serial_16x16_b4.v:130$5572'.
Creating decoders for process `\ffn_col_serial.$proc$/Users/toprakgundogdu/qwen-ffn-rom/rtl/ffn_col_serial_16x16_b4.v:130$5571'.
Creating decoders for process `\ffn_col_serial.$proc$/Users/toprakgundogdu/qwen-ffn-rom/rtl/ffn_col_serial_16x16_b4.v:138$5565'.
Creating decoders for process `\ffn_col_serial.$proc$/Users/toprakgundogdu/qwen-ffn-rom/rtl/ffn_col_serial_16x16_b4.v:134$5564'.
Creating decoders for process `\ffn_col_serial.$proc$/Users/toprakgundogdu/qwen-ffn-rom/rtl/ffn_col_serial_16x16_b4.v:130$5563'.
Creating decoders for process `\ffn_col_serial.$proc$/Users/toprakgundogdu/qwen-ffn-rom/rtl/ffn_col_serial_16x16_b4.v:130$5562'.
Creating decoders for process `\ffn_col_serial.$proc$/Users/toprakgundogdu/qwen-ffn-rom/rtl/ffn_col_serial_16x16_b4.v:130$5561'.
Creating decoders for process `\ffn_col_serial.$proc$/Users/toprakgundogdu/qwen-ffn-rom/rtl/ffn_col_serial_16x16_b4.v:130$5560'.
Creating decoders for process `\ffn_col_serial.$proc$/Users/toprakgundogdu/qwen-ffn-rom/rtl/ffn_col_serial_16x16_b4.v:130$5559'.
Creating decoders for process `\ffn_col_serial.$proc$/Users/toprakgundogdu/qwen-ffn-rom/rtl/ffn_col_serial_16x16_b4.v:130$5558'.
Creating decoders for process `\ffn_col_serial.$proc$/Users/toprakgundogdu/qwen-ffn-rom/rtl/ffn_col_serial_16x16_b4.v:130$5557'.
Creating decoders for process `\ffn_col_serial.$proc$/Users/toprakgundogdu/qwen-ffn-rom/rtl/ffn_col_serial_16x16_b4.v:130$5556'.
Creating decoders for process `\ffn_col_serial.$proc$/Users/toprakgundogdu/qwen-ffn-rom/rtl/ffn_col_serial_16x16_b4.v:130$5555'.
Creating decoders for process `\ffn_col_serial.$proc$/Users/toprakgundogdu/qwen-ffn-rom/rtl/ffn_col_serial_16x16_b4.v:130$5554'.
Creating decoders for process `\ffn_col_serial.$proc$/Users/toprakgundogdu/qwen-ffn-rom/rtl/ffn_col_serial_16x16_b4.v:130$5553'.
Creating decoders for process `\ffn_col_serial.$proc$/Users/toprakgundogdu/qwen-ffn-rom/rtl/ffn_col_serial_16x16_b4.v:130$5552'.
Creating decoders for process `\ffn_col_serial.$proc$/Users/toprakgundogdu/qwen-ffn-rom/rtl/ffn_col_serial_16x16_b4.v:130$5551'.
Creating decoders for process `\ffn_col_serial.$proc$/Users/toprakgundogdu/qwen-ffn-rom/rtl/ffn_col_serial_16x16_b4.v:130$5550'.
Creating decoders for process `\ffn_col_serial.$proc$/Users/toprakgundogdu/qwen-ffn-rom/rtl/ffn_col_serial_16x16_b4.v:130$5549'.
Creating decoders for process `\ffn_col_serial.$proc$/Users/toprakgundogdu/qwen-ffn-rom/rtl/ffn_col_serial_16x16_b4.v:130$5548'.
Creating decoders for process `\ffn_col_serial.$proc$/Users/toprakgundogdu/qwen-ffn-rom/rtl/ffn_col_serial_16x16_b4.v:138$5542'.
Creating decoders for process `\ffn_col_serial.$proc$/Users/toprakgundogdu/qwen-ffn-rom/rtl/ffn_col_serial_16x16_b4.v:134$5541'.
Creating decoders for process `\ffn_col_serial.$proc$/Users/toprakgundogdu/qwen-ffn-rom/rtl/ffn_col_serial_16x16_b4.v:130$5540'.
Creating decoders for process `\ffn_col_serial.$proc$/Users/toprakgundogdu/qwen-ffn-rom/rtl/ffn_col_serial_16x16_b4.v:130$5539'.
Creating decoders for process `\ffn_col_serial.$proc$/Users/toprakgundogdu/qwen-ffn-rom/rtl/ffn_col_serial_16x16_b4.v:130$5538'.
Creating decoders for process `\ffn_col_serial.$proc$/Users/toprakgundogdu/qwen-ffn-rom/rtl/ffn_col_serial_16x16_b4.v:130$5537'.
Creating decoders for process `\ffn_col_serial.$proc$/Users/toprakgundogdu/qwen-ffn-rom/rtl/ffn_col_serial_16x16_b4.v:130$5536'.
Creating decoders for process `\ffn_col_serial.$proc$/Users/toprakgundogdu/qwen-ffn-rom/rtl/ffn_col_serial_16x16_b4.v:130$5535'.
Creating decoders for process `\ffn_col_serial.$proc$/Users/toprakgundogdu/qwen-ffn-rom/rtl/ffn_col_serial_16x16_b4.v:130$5534'.
Creating decoders for process `\ffn_col_serial.$proc$/Users/toprakgundogdu/qwen-ffn-rom/rtl/ffn_col_serial_16x16_b4.v:130$5533'.
Creating decoders for process `\ffn_col_serial.$proc$/Users/toprakgundogdu/qwen-ffn-rom/rtl/ffn_col_serial_16x16_b4.v:130$5532'.
Creating decoders for process `\ffn_col_serial.$proc$/Users/toprakgundogdu/qwen-ffn-rom/rtl/ffn_col_serial_16x16_b4.v:130$5531'.
Creating decoders for process `\ffn_col_serial.$proc$/Users/toprakgundogdu/qwen-ffn-rom/rtl/ffn_col_serial_16x16_b4.v:130$5530'.
Creating decoders for process `\ffn_col_serial.$proc$/Users/toprakgundogdu/qwen-ffn-rom/rtl/ffn_col_serial_16x16_b4.v:130$5529'.
Creating decoders for process `\ffn_col_serial.$proc$/Users/toprakgundogdu/qwen-ffn-rom/rtl/ffn_col_serial_16x16_b4.v:130$5528'.
Creating decoders for process `\ffn_col_serial.$proc$/Users/toprakgundogdu/qwen-ffn-rom/rtl/ffn_col_serial_16x16_b4.v:130$5527'.
Creating decoders for process `\ffn_col_serial.$proc$/Users/toprakgundogdu/qwen-ffn-rom/rtl/ffn_col_serial_16x16_b4.v:130$5526'.
Creating decoders for process `\ffn_col_serial.$proc$/Users/toprakgundogdu/qwen-ffn-rom/rtl/ffn_col_serial_16x16_b4.v:130$5525'.
Creating decoders for process `\ffn_col_serial.$proc$/Users/toprakgundogdu/qwen-ffn-rom/rtl/ffn_col_serial_16x16_b4.v:138$5519'.
Creating decoders for process `\ffn_col_serial.$proc$/Users/toprakgundogdu/qwen-ffn-rom/rtl/ffn_col_serial_16x16_b4.v:134$5518'.
Creating decoders for process `\ffn_col_serial.$proc$/Users/toprakgundogdu/qwen-ffn-rom/rtl/ffn_col_serial_16x16_b4.v:130$5517'.
Creating decoders for process `\ffn_col_serial.$proc$/Users/toprakgundogdu/qwen-ffn-rom/rtl/ffn_col_serial_16x16_b4.v:130$5516'.
Creating decoders for process `\ffn_col_serial.$proc$/Users/toprakgundogdu/qwen-ffn-rom/rtl/ffn_col_serial_16x16_b4.v:130$5515'.
Creating decoders for process `\ffn_col_serial.$proc$/Users/toprakgundogdu/qwen-ffn-rom/rtl/ffn_col_serial_16x16_b4.v:130$5514'.
Creating decoders for process `\ffn_col_serial.$proc$/Users/toprakgundogdu/qwen-ffn-rom/rtl/ffn_col_serial_16x16_b4.v:130$5513'.
Creating decoders for process `\ffn_col_serial.$proc$/Users/toprakgundogdu/qwen-ffn-rom/rtl/ffn_col_serial_16x16_b4.v:130$5512'.
Creating decoders for process `\ffn_col_serial.$proc$/Users/toprakgundogdu/qwen-ffn-rom/rtl/ffn_col_serial_16x16_b4.v:130$5511'.
Creating decoders for process `\ffn_col_serial.$proc$/Users/toprakgundogdu/qwen-ffn-rom/rtl/ffn_col_serial_16x16_b4.v:130$5510'.
Creating decoders for process `\ffn_col_serial.$proc$/Users/toprakgundogdu/qwen-ffn-rom/rtl/ffn_col_serial_16x16_b4.v:130$5509'.
Creating decoders for process `\ffn_col_serial.$proc$/Users/toprakgundogdu/qwen-ffn-rom/rtl/ffn_col_serial_16x16_b4.v:130$5508'.
Creating decoders for process `\ffn_col_serial.$proc$/Users/toprakgundogdu/qwen-ffn-rom/rtl/ffn_col_serial_16x16_b4.v:130$5507'.
Creating decoders for process `\ffn_col_serial.$proc$/Users/toprakgundogdu/qwen-ffn-rom/rtl/ffn_col_serial_16x16_b4.v:130$5506'.
Creating decoders for process `\ffn_col_serial.$proc$/Users/toprakgundogdu/qwen-ffn-rom/rtl/ffn_col_serial_16x16_b4.v:130$5505'.
Creating decoders for process `\ffn_col_serial.$proc$/Users/toprakgundogdu/qwen-ffn-rom/rtl/ffn_col_serial_16x16_b4.v:130$5504'.
Creating decoders for process `\ffn_col_serial.$proc$/Users/toprakgundogdu/qwen-ffn-rom/rtl/ffn_col_serial_16x16_b4.v:130$5503'.
Creating decoders for process `\ffn_col_serial.$proc$/Users/toprakgundogdu/qwen-ffn-rom/rtl/ffn_col_serial_16x16_b4.v:130$5502'.
Creating decoders for process `\ffn_col_serial.$proc$/Users/toprakgundogdu/qwen-ffn-rom/rtl/ffn_col_serial_16x16_b4.v:138$5496'.
Creating decoders for process `\ffn_col_serial.$proc$/Users/toprakgundogdu/qwen-ffn-rom/rtl/ffn_col_serial_16x16_b4.v:134$5495'.
Creating decoders for process `\ffn_col_serial.$proc$/Users/toprakgundogdu/qwen-ffn-rom/rtl/ffn_col_serial_16x16_b4.v:130$5494'.
Creating decoders for process `\ffn_col_serial.$proc$/Users/toprakgundogdu/qwen-ffn-rom/rtl/ffn_col_serial_16x16_b4.v:130$5493'.
Creating decoders for process `\ffn_col_serial.$proc$/Users/toprakgundogdu/qwen-ffn-rom/rtl/ffn_col_serial_16x16_b4.v:130$5492'.
Creating decoders for process `\ffn_col_serial.$proc$/Users/toprakgundogdu/qwen-ffn-rom/rtl/ffn_col_serial_16x16_b4.v:130$5491'.
Creating decoders for process `\ffn_col_serial.$proc$/Users/toprakgundogdu/qwen-ffn-rom/rtl/ffn_col_serial_16x16_b4.v:130$5490'.
Creating decoders for process `\ffn_col_serial.$proc$/Users/toprakgundogdu/qwen-ffn-rom/rtl/ffn_col_serial_16x16_b4.v:130$5489'.
Creating decoders for process `\ffn_col_serial.$proc$/Users/toprakgundogdu/qwen-ffn-rom/rtl/ffn_col_serial_16x16_b4.v:130$5488'.
Creating decoders for process `\ffn_col_serial.$proc$/Users/toprakgundogdu/qwen-ffn-rom/rtl/ffn_col_serial_16x16_b4.v:130$5487'.
Creating decoders for process `\ffn_col_serial.$proc$/Users/toprakgundogdu/qwen-ffn-rom/rtl/ffn_col_serial_16x16_b4.v:130$5486'.
Creating decoders for process `\ffn_col_serial.$proc$/Users/toprakgundogdu/qwen-ffn-rom/rtl/ffn_col_serial_16x16_b4.v:130$5485'.
Creating decoders for process `\ffn_col_serial.$proc$/Users/toprakgundogdu/qwen-ffn-rom/rtl/ffn_col_serial_16x16_b4.v:130$5484'.
Creating decoders for process `\ffn_col_serial.$proc$/Users/toprakgundogdu/qwen-ffn-rom/rtl/ffn_col_serial_16x16_b4.v:130$5483'.
Creating decoders for process `\ffn_col_serial.$proc$/Users/toprakgundogdu/qwen-ffn-rom/rtl/ffn_col_serial_16x16_b4.v:130$5482'.
Creating decoders for process `\ffn_col_serial.$proc$/Users/toprakgundogdu/qwen-ffn-rom/rtl/ffn_col_serial_16x16_b4.v:130$5481'.
Creating decoders for process `\ffn_col_serial.$proc$/Users/toprakgundogdu/qwen-ffn-rom/rtl/ffn_col_serial_16x16_b4.v:130$5480'.
Creating decoders for process `\ffn_col_serial.$proc$/Users/toprakgundogdu/qwen-ffn-rom/rtl/ffn_col_serial_16x16_b4.v:130$5479'.
Creating decoders for process `\ffn_col_serial.$proc$/Users/toprakgundogdu/qwen-ffn-rom/rtl/ffn_col_serial_16x16_b4.v:138$5473'.
Creating decoders for process `\ffn_col_serial.$proc$/Users/toprakgundogdu/qwen-ffn-rom/rtl/ffn_col_serial_16x16_b4.v:134$5472'.
Creating decoders for process `\ffn_col_serial.$proc$/Users/toprakgundogdu/qwen-ffn-rom/rtl/ffn_col_serial_16x16_b4.v:130$5471'.
Creating decoders for process `\ffn_col_serial.$proc$/Users/toprakgundogdu/qwen-ffn-rom/rtl/ffn_col_serial_16x16_b4.v:130$5470'.
Creating decoders for process `\ffn_col_serial.$proc$/Users/toprakgundogdu/qwen-ffn-rom/rtl/ffn_col_serial_16x16_b4.v:130$5469'.
Creating decoders for process `\ffn_col_serial.$proc$/Users/toprakgundogdu/qwen-ffn-rom/rtl/ffn_col_serial_16x16_b4.v:130$5468'.
Creating decoders for process `\ffn_col_serial.$proc$/Users/toprakgundogdu/qwen-ffn-rom/rtl/ffn_col_serial_16x16_b4.v:130$5467'.
Creating decoders for process `\ffn_col_serial.$proc$/Users/toprakgundogdu/qwen-ffn-rom/rtl/ffn_col_serial_16x16_b4.v:130$5466'.
Creating decoders for process `\ffn_col_serial.$proc$/Users/toprakgundogdu/qwen-ffn-rom/rtl/ffn_col_serial_16x16_b4.v:130$5465'.
Creating decoders for process `\ffn_col_serial.$proc$/Users/toprakgundogdu/qwen-ffn-rom/rtl/ffn_col_serial_16x16_b4.v:130$5464'.
Creating decoders for process `\ffn_col_serial.$proc$/Users/toprakgundogdu/qwen-ffn-rom/rtl/ffn_col_serial_16x16_b4.v:130$5463'.
Creating decoders for process `\ffn_col_serial.$proc$/Users/toprakgundogdu/qwen-ffn-rom/rtl/ffn_col_serial_16x16_b4.v:130$5462'.
Creating decoders for process `\ffn_col_serial.$proc$/Users/toprakgundogdu/qwen-ffn-rom/rtl/ffn_col_serial_16x16_b4.v:130$5461'.
Creating decoders for process `\ffn_col_serial.$proc$/Users/toprakgundogdu/qwen-ffn-rom/rtl/ffn_col_serial_16x16_b4.v:130$5460'.
Creating decoders for process `\ffn_col_serial.$proc$/Users/toprakgundogdu/qwen-ffn-rom/rtl/ffn_col_serial_16x16_b4.v:130$5459'.
Creating decoders for process `\ffn_col_serial.$proc$/Users/toprakgundogdu/qwen-ffn-rom/rtl/ffn_col_serial_16x16_b4.v:130$5458'.
Creating decoders for process `\ffn_col_serial.$proc$/Users/toprakgundogdu/qwen-ffn-rom/rtl/ffn_col_serial_16x16_b4.v:130$5457'.
Creating decoders for process `\ffn_col_serial.$proc$/Users/toprakgundogdu/qwen-ffn-rom/rtl/ffn_col_serial_16x16_b4.v:130$5456'.
Creating decoders for process `\ffn_col_serial.$proc$/Users/toprakgundogdu/qwen-ffn-rom/rtl/ffn_col_serial_16x16_b4.v:138$5450'.
Creating decoders for process `\ffn_col_serial.$proc$/Users/toprakgundogdu/qwen-ffn-rom/rtl/ffn_col_serial_16x16_b4.v:134$5449'.
Creating decoders for process `\ffn_col_serial.$proc$/Users/toprakgundogdu/qwen-ffn-rom/rtl/ffn_col_serial_16x16_b4.v:130$5448'.
Creating decoders for process `\ffn_col_serial.$proc$/Users/toprakgundogdu/qwen-ffn-rom/rtl/ffn_col_serial_16x16_b4.v:130$5447'.
Creating decoders for process `\ffn_col_serial.$proc$/Users/toprakgundogdu/qwen-ffn-rom/rtl/ffn_col_serial_16x16_b4.v:130$5446'.
Creating decoders for process `\ffn_col_serial.$proc$/Users/toprakgundogdu/qwen-ffn-rom/rtl/ffn_col_serial_16x16_b4.v:130$5445'.
Creating decoders for process `\ffn_col_serial.$proc$/Users/toprakgundogdu/qwen-ffn-rom/rtl/ffn_col_serial_16x16_b4.v:130$5444'.
Creating decoders for process `\ffn_col_serial.$proc$/Users/toprakgundogdu/qwen-ffn-rom/rtl/ffn_col_serial_16x16_b4.v:130$5443'.
Creating decoders for process `\ffn_col_serial.$proc$/Users/toprakgundogdu/qwen-ffn-rom/rtl/ffn_col_serial_16x16_b4.v:130$5442'.
Creating decoders for process `\ffn_col_serial.$proc$/Users/toprakgundogdu/qwen-ffn-rom/rtl/ffn_col_serial_16x16_b4.v:130$5441'.
Creating decoders for process `\ffn_col_serial.$proc$/Users/toprakgundogdu/qwen-ffn-rom/rtl/ffn_col_serial_16x16_b4.v:130$5440'.
Creating decoders for process `\ffn_col_serial.$proc$/Users/toprakgundogdu/qwen-ffn-rom/rtl/ffn_col_serial_16x16_b4.v:130$5439'.
Creating decoders for process `\ffn_col_serial.$proc$/Users/toprakgundogdu/qwen-ffn-rom/rtl/ffn_col_serial_16x16_b4.v:130$5438'.
Creating decoders for process `\ffn_col_serial.$proc$/Users/toprakgundogdu/qwen-ffn-rom/rtl/ffn_col_serial_16x16_b4.v:130$5437'.
Creating decoders for process `\ffn_col_serial.$proc$/Users/toprakgundogdu/qwen-ffn-rom/rtl/ffn_col_serial_16x16_b4.v:130$5436'.
Creating decoders for process `\ffn_col_serial.$proc$/Users/toprakgundogdu/qwen-ffn-rom/rtl/ffn_col_serial_16x16_b4.v:130$5435'.
Creating decoders for process `\ffn_col_serial.$proc$/Users/toprakgundogdu/qwen-ffn-rom/rtl/ffn_col_serial_16x16_b4.v:130$5434'.
Creating decoders for process `\ffn_col_serial.$proc$/Users/toprakgundogdu/qwen-ffn-rom/rtl/ffn_col_serial_16x16_b4.v:130$5433'.
Creating decoders for process `\ffn_col_serial.$proc$/Users/toprakgundogdu/qwen-ffn-rom/rtl/ffn_col_serial_16x16_b4.v:138$5427'.
Creating decoders for process `\ffn_col_serial.$proc$/Users/toprakgundogdu/qwen-ffn-rom/rtl/ffn_col_serial_16x16_b4.v:134$5426'.
Creating decoders for process `\ffn_col_serial.$proc$/Users/toprakgundogdu/qwen-ffn-rom/rtl/ffn_col_serial_16x16_b4.v:130$5425'.
Creating decoders for process `\ffn_col_serial.$proc$/Users/toprakgundogdu/qwen-ffn-rom/rtl/ffn_col_serial_16x16_b4.v:130$5424'.
Creating decoders for process `\ffn_col_serial.$proc$/Users/toprakgundogdu/qwen-ffn-rom/rtl/ffn_col_serial_16x16_b4.v:130$5423'.
Creating decoders for process `\ffn_col_serial.$proc$/Users/toprakgundogdu/qwen-ffn-rom/rtl/ffn_col_serial_16x16_b4.v:130$5422'.
Creating decoders for process `\ffn_col_serial.$proc$/Users/toprakgundogdu/qwen-ffn-rom/rtl/ffn_col_serial_16x16_b4.v:130$5421'.
Creating decoders for process `\ffn_col_serial.$proc$/Users/toprakgundogdu/qwen-ffn-rom/rtl/ffn_col_serial_16x16_b4.v:130$5420'.
Creating decoders for process `\ffn_col_serial.$proc$/Users/toprakgundogdu/qwen-ffn-rom/rtl/ffn_col_serial_16x16_b4.v:130$5419'.
Creating decoders for process `\ffn_col_serial.$proc$/Users/toprakgundogdu/qwen-ffn-rom/rtl/ffn_col_serial_16x16_b4.v:130$5418'.
Creating decoders for process `\ffn_col_serial.$proc$/Users/toprakgundogdu/qwen-ffn-rom/rtl/ffn_col_serial_16x16_b4.v:130$5417'.
Creating decoders for process `\ffn_col_serial.$proc$/Users/toprakgundogdu/qwen-ffn-rom/rtl/ffn_col_serial_16x16_b4.v:130$5416'.
Creating decoders for process `\ffn_col_serial.$proc$/Users/toprakgundogdu/qwen-ffn-rom/rtl/ffn_col_serial_16x16_b4.v:130$5415'.
Creating decoders for process `\ffn_col_serial.$proc$/Users/toprakgundogdu/qwen-ffn-rom/rtl/ffn_col_serial_16x16_b4.v:130$5414'.
Creating decoders for process `\ffn_col_serial.$proc$/Users/toprakgundogdu/qwen-ffn-rom/rtl/ffn_col_serial_16x16_b4.v:130$5413'.
Creating decoders for process `\ffn_col_serial.$proc$/Users/toprakgundogdu/qwen-ffn-rom/rtl/ffn_col_serial_16x16_b4.v:130$5412'.
Creating decoders for process `\ffn_col_serial.$proc$/Users/toprakgundogdu/qwen-ffn-rom/rtl/ffn_col_serial_16x16_b4.v:130$5411'.
Creating decoders for process `\ffn_col_serial.$proc$/Users/toprakgundogdu/qwen-ffn-rom/rtl/ffn_col_serial_16x16_b4.v:130$5410'.
Creating decoders for process `\ffn_col_serial.$proc$/Users/toprakgundogdu/qwen-ffn-rom/rtl/ffn_col_serial_16x16_b4.v:138$5404'.
Creating decoders for process `\ffn_col_serial.$proc$/Users/toprakgundogdu/qwen-ffn-rom/rtl/ffn_col_serial_16x16_b4.v:134$5403'.
Creating decoders for process `\ffn_col_serial.$proc$/Users/toprakgundogdu/qwen-ffn-rom/rtl/ffn_col_serial_16x16_b4.v:130$5402'.
Creating decoders for process `\ffn_col_serial.$proc$/Users/toprakgundogdu/qwen-ffn-rom/rtl/ffn_col_serial_16x16_b4.v:130$5401'.
Creating decoders for process `\ffn_col_serial.$proc$/Users/toprakgundogdu/qwen-ffn-rom/rtl/ffn_col_serial_16x16_b4.v:130$5400'.
Creating decoders for process `\ffn_col_serial.$proc$/Users/toprakgundogdu/qwen-ffn-rom/rtl/ffn_col_serial_16x16_b4.v:130$5399'.
Creating decoders for process `\ffn_col_serial.$proc$/Users/toprakgundogdu/qwen-ffn-rom/rtl/ffn_col_serial_16x16_b4.v:130$5398'.
Creating decoders for process `\ffn_col_serial.$proc$/Users/toprakgundogdu/qwen-ffn-rom/rtl/ffn_col_serial_16x16_b4.v:130$5397'.
Creating decoders for process `\ffn_col_serial.$proc$/Users/toprakgundogdu/qwen-ffn-rom/rtl/ffn_col_serial_16x16_b4.v:130$5396'.
Creating decoders for process `\ffn_col_serial.$proc$/Users/toprakgundogdu/qwen-ffn-rom/rtl/ffn_col_serial_16x16_b4.v:130$5395'.
Creating decoders for process `\ffn_col_serial.$proc$/Users/toprakgundogdu/qwen-ffn-rom/rtl/ffn_col_serial_16x16_b4.v:130$5394'.
Creating decoders for process `\ffn_col_serial.$proc$/Users/toprakgundogdu/qwen-ffn-rom/rtl/ffn_col_serial_16x16_b4.v:130$5393'.
Creating decoders for process `\ffn_col_serial.$proc$/Users/toprakgundogdu/qwen-ffn-rom/rtl/ffn_col_serial_16x16_b4.v:130$5392'.
Creating decoders for process `\ffn_col_serial.$proc$/Users/toprakgundogdu/qwen-ffn-rom/rtl/ffn_col_serial_16x16_b4.v:130$5391'.
Creating decoders for process `\ffn_col_serial.$proc$/Users/toprakgundogdu/qwen-ffn-rom/rtl/ffn_col_serial_16x16_b4.v:130$5390'.
Creating decoders for process `\ffn_col_serial.$proc$/Users/toprakgundogdu/qwen-ffn-rom/rtl/ffn_col_serial_16x16_b4.v:130$5389'.
Creating decoders for process `\ffn_col_serial.$proc$/Users/toprakgundogdu/qwen-ffn-rom/rtl/ffn_col_serial_16x16_b4.v:130$5388'.
Creating decoders for process `\ffn_col_serial.$proc$/Users/toprakgundogdu/qwen-ffn-rom/rtl/ffn_col_serial_16x16_b4.v:130$5387'.
Creating decoders for process `\ffn_col_serial.$proc$/Users/toprakgundogdu/qwen-ffn-rom/rtl/ffn_col_serial_16x16_b4.v:115$5385'.
Creating decoders for process `\ffn_col_serial.$proc$/Users/toprakgundogdu/qwen-ffn-rom/rtl/ffn_col_serial_16x16_b4.v:115$5383'.
Creating decoders for process `\ffn_col_serial.$proc$/Users/toprakgundogdu/qwen-ffn-rom/rtl/ffn_col_serial_16x16_b4.v:115$5381'.
Creating decoders for process `\ffn_col_serial.$proc$/Users/toprakgundogdu/qwen-ffn-rom/rtl/ffn_col_serial_16x16_b4.v:115$5379'.
Creating decoders for process `\ffn_col_serial.$proc$/Users/toprakgundogdu/qwen-ffn-rom/rtl/ffn_col_serial_16x16_b4.v:115$5377'.
Creating decoders for process `\ffn_col_serial.$proc$/Users/toprakgundogdu/qwen-ffn-rom/rtl/ffn_col_serial_16x16_b4.v:115$5375'.
Creating decoders for process `\ffn_col_serial.$proc$/Users/toprakgundogdu/qwen-ffn-rom/rtl/ffn_col_serial_16x16_b4.v:115$5373'.
Creating decoders for process `\ffn_col_serial.$proc$/Users/toprakgundogdu/qwen-ffn-rom/rtl/ffn_col_serial_16x16_b4.v:115$5371'.
Creating decoders for process `\ffn_col_serial.$proc$/Users/toprakgundogdu/qwen-ffn-rom/rtl/ffn_col_serial_16x16_b4.v:115$5369'.
Creating decoders for process `\ffn_col_serial.$proc$/Users/toprakgundogdu/qwen-ffn-rom/rtl/ffn_col_serial_16x16_b4.v:115$5367'.
Creating decoders for process `\ffn_col_serial.$proc$/Users/toprakgundogdu/qwen-ffn-rom/rtl/ffn_col_serial_16x16_b4.v:115$5365'.
Creating decoders for process `\ffn_col_serial.$proc$/Users/toprakgundogdu/qwen-ffn-rom/rtl/ffn_col_serial_16x16_b4.v:115$5363'.
Creating decoders for process `\ffn_col_serial.$proc$/Users/toprakgundogdu/qwen-ffn-rom/rtl/ffn_col_serial_16x16_b4.v:115$5361'.
Creating decoders for process `\ffn_col_serial.$proc$/Users/toprakgundogdu/qwen-ffn-rom/rtl/ffn_col_serial_16x16_b4.v:115$5359'.
Creating decoders for process `\ffn_col_serial.$proc$/Users/toprakgundogdu/qwen-ffn-rom/rtl/ffn_col_serial_16x16_b4.v:115$5357'.
Creating decoders for process `\ffn_col_serial.$proc$/Users/toprakgundogdu/qwen-ffn-rom/rtl/ffn_col_serial_16x16_b4.v:115$5355'.
Creating decoders for process `\ffn_col_serial.$proc$/Users/toprakgundogdu/qwen-ffn-rom/rtl/ffn_col_serial_16x16_b4.v:129$5345'.
Creating decoders for process `\ffn_col_serial.$proc$/Users/toprakgundogdu/qwen-ffn-rom/rtl/ffn_col_serial_16x16_b4.v:129$5337'.
Creating decoders for process `\ffn_col_serial.$proc$/Users/toprakgundogdu/qwen-ffn-rom/rtl/ffn_col_serial_16x16_b4.v:129$5330'.
Creating decoders for process `\ffn_col_serial.$proc$/Users/toprakgundogdu/qwen-ffn-rom/rtl/ffn_col_serial_16x16_b4.v:129$5322'.
Creating decoders for process `\ffn_col_serial.$proc$/Users/toprakgundogdu/qwen-ffn-rom/rtl/ffn_col_serial_16x16_b4.v:129$5313'.
Creating decoders for process `\ffn_col_serial.$proc$/Users/toprakgundogdu/qwen-ffn-rom/rtl/ffn_col_serial_16x16_b4.v:129$5306'.
Creating decoders for process `\ffn_col_serial.$proc$/Users/toprakgundogdu/qwen-ffn-rom/rtl/ffn_col_serial_16x16_b4.v:129$5297'.
Creating decoders for process `\ffn_col_serial.$proc$/Users/toprakgundogdu/qwen-ffn-rom/rtl/ffn_col_serial_16x16_b4.v:129$5290'.
Creating decoders for process `\ffn_col_serial.$proc$/Users/toprakgundogdu/qwen-ffn-rom/rtl/ffn_col_serial_16x16_b4.v:129$5282'.
Creating decoders for process `\ffn_col_serial.$proc$/Users/toprakgundogdu/qwen-ffn-rom/rtl/ffn_col_serial_16x16_b4.v:129$5274'.
Creating decoders for process `\ffn_col_serial.$proc$/Users/toprakgundogdu/qwen-ffn-rom/rtl/ffn_col_serial_16x16_b4.v:129$5265'.
Creating decoders for process `\ffn_col_serial.$proc$/Users/toprakgundogdu/qwen-ffn-rom/rtl/ffn_col_serial_16x16_b4.v:129$5259'.
Creating decoders for process `\ffn_col_serial.$proc$/Users/toprakgundogdu/qwen-ffn-rom/rtl/ffn_col_serial_16x16_b4.v:129$5251'.
Creating decoders for process `\ffn_col_serial.$proc$/Users/toprakgundogdu/qwen-ffn-rom/rtl/ffn_col_serial_16x16_b4.v:129$5243'.
Creating decoders for process `\ffn_col_serial.$proc$/Users/toprakgundogdu/qwen-ffn-rom/rtl/ffn_col_serial_16x16_b4.v:129$5235'.
Creating decoders for process `\ffn_col_serial.$proc$/Users/toprakgundogdu/qwen-ffn-rom/rtl/ffn_col_serial_16x16_b4.v:129$5228'.
Creating decoders for process `\ffn_col_serial.$proc$/Users/toprakgundogdu/qwen-ffn-rom/rtl/ffn_col_serial_16x16_b4.v:129$5221'.
Creating decoders for process `\ffn_col_serial.$proc$/Users/toprakgundogdu/qwen-ffn-rom/rtl/ffn_col_serial_16x16_b4.v:129$5214'.
Creating decoders for process `\ffn_col_serial.$proc$/Users/toprakgundogdu/qwen-ffn-rom/rtl/ffn_col_serial_16x16_b4.v:129$5208'.
Creating decoders for process `\ffn_col_serial.$proc$/Users/toprakgundogdu/qwen-ffn-rom/rtl/ffn_col_serial_16x16_b4.v:129$5202'.
Creating decoders for process `\ffn_col_serial.$proc$/Users/toprakgundogdu/qwen-ffn-rom/rtl/ffn_col_serial_16x16_b4.v:129$5196'.
Creating decoders for process `\ffn_col_serial.$proc$/Users/toprakgundogdu/qwen-ffn-rom/rtl/ffn_col_serial_16x16_b4.v:129$5190'.
Creating decoders for process `\ffn_col_serial.$proc$/Users/toprakgundogdu/qwen-ffn-rom/rtl/ffn_col_serial_16x16_b4.v:129$5183'.
Creating decoders for process `\ffn_col_serial.$proc$/Users/toprakgundogdu/qwen-ffn-rom/rtl/ffn_col_serial_16x16_b4.v:129$5177'.
Creating decoders for process `\ffn_col_serial.$proc$/Users/toprakgundogdu/qwen-ffn-rom/rtl/ffn_col_serial_16x16_b4.v:129$5171'.
Creating decoders for process `\ffn_col_serial.$proc$/Users/toprakgundogdu/qwen-ffn-rom/rtl/ffn_col_serial_16x16_b4.v:129$5164'.
Creating decoders for process `\ffn_col_serial.$proc$/Users/toprakgundogdu/qwen-ffn-rom/rtl/ffn_col_serial_16x16_b4.v:129$5158'.
Creating decoders for process `\ffn_col_serial.$proc$/Users/toprakgundogdu/qwen-ffn-rom/rtl/ffn_col_serial_16x16_b4.v:129$5152'.
Creating decoders for process `\ffn_col_serial.$proc$/Users/toprakgundogdu/qwen-ffn-rom/rtl/ffn_col_serial_16x16_b4.v:129$5144'.
Creating decoders for process `\ffn_col_serial.$proc$/Users/toprakgundogdu/qwen-ffn-rom/rtl/ffn_col_serial_16x16_b4.v:129$5138'.
Creating decoders for process `\ffn_col_serial.$proc$/Users/toprakgundogdu/qwen-ffn-rom/rtl/ffn_col_serial_16x16_b4.v:129$5132'.
Creating decoders for process `\ffn_col_serial.$proc$/Users/toprakgundogdu/qwen-ffn-rom/rtl/ffn_col_serial_16x16_b4.v:129$5123'.
Creating decoders for process `\ffn_col_serial.$proc$/Users/toprakgundogdu/qwen-ffn-rom/rtl/ffn_col_serial_16x16_b4.v:129$5116'.
Creating decoders for process `\ffn_col_serial.$proc$/Users/toprakgundogdu/qwen-ffn-rom/rtl/ffn_col_serial_16x16_b4.v:129$5108'.
Creating decoders for process `\ffn_col_serial.$proc$/Users/toprakgundogdu/qwen-ffn-rom/rtl/ffn_col_serial_16x16_b4.v:129$5101'.
Creating decoders for process `\ffn_col_serial.$proc$/Users/toprakgundogdu/qwen-ffn-rom/rtl/ffn_col_serial_16x16_b4.v:129$5094'.
Creating decoders for process `\ffn_col_serial.$proc$/Users/toprakgundogdu/qwen-ffn-rom/rtl/ffn_col_serial_16x16_b4.v:129$5088'.
Creating decoders for process `\ffn_col_serial.$proc$/Users/toprakgundogdu/qwen-ffn-rom/rtl/ffn_col_serial_16x16_b4.v:129$5079'.
Creating decoders for process `\ffn_col_serial.$proc$/Users/toprakgundogdu/qwen-ffn-rom/rtl/ffn_col_serial_16x16_b4.v:129$5072'.
Creating decoders for process `\ffn_col_serial.$proc$/Users/toprakgundogdu/qwen-ffn-rom/rtl/ffn_col_serial_16x16_b4.v:129$5064'.
Creating decoders for process `\ffn_col_serial.$proc$/Users/toprakgundogdu/qwen-ffn-rom/rtl/ffn_col_serial_16x16_b4.v:129$5057'.
Creating decoders for process `\ffn_col_serial.$proc$/Users/toprakgundogdu/qwen-ffn-rom/rtl/ffn_col_serial_16x16_b4.v:129$5048'.
Creating decoders for process `\ffn_col_serial.$proc$/Users/toprakgundogdu/qwen-ffn-rom/rtl/ffn_col_serial_16x16_b4.v:129$5042'.
Creating decoders for process `\ffn_col_serial.$proc$/Users/toprakgundogdu/qwen-ffn-rom/rtl/ffn_col_serial_16x16_b4.v:129$5036'.
Creating decoders for process `\ffn_col_serial.$proc$/Users/toprakgundogdu/qwen-ffn-rom/rtl/ffn_col_serial_16x16_b4.v:129$5027'.
Creating decoders for process `\ffn_col_serial.$proc$/Users/toprakgundogdu/qwen-ffn-rom/rtl/ffn_col_serial_16x16_b4.v:129$5019'.
Creating decoders for process `\ffn_col_serial.$proc$/Users/toprakgundogdu/qwen-ffn-rom/rtl/ffn_col_serial_16x16_b4.v:129$5011'.
Creating decoders for process `\ffn_col_serial.$proc$/Users/toprakgundogdu/qwen-ffn-rom/rtl/ffn_col_serial_16x16_b4.v:129$5002'.
Creating decoders for process `\ffn_col_serial.$proc$/Users/toprakgundogdu/qwen-ffn-rom/rtl/ffn_col_serial_16x16_b4.v:129$4993'.
Creating decoders for process `\ffn_col_serial.$proc$/Users/toprakgundogdu/qwen-ffn-rom/rtl/ffn_col_serial_16x16_b4.v:129$4985'.
Creating decoders for process `\ffn_col_serial.$proc$/Users/toprakgundogdu/qwen-ffn-rom/rtl/ffn_col_serial_16x16_b4.v:129$4977'.
Creating decoders for process `\ffn_col_serial.$proc$/Users/toprakgundogdu/qwen-ffn-rom/rtl/ffn_col_serial_16x16_b4.v:129$4968'.
Creating decoders for process `\ffn_col_serial.$proc$/Users/toprakgundogdu/qwen-ffn-rom/rtl/ffn_col_serial_16x16_b4.v:129$4958'.
Creating decoders for process `\ffn_col_serial.$proc$/Users/toprakgundogdu/qwen-ffn-rom/rtl/ffn_col_serial_16x16_b4.v:129$4951'.
Creating decoders for process `\ffn_col_serial.$proc$/Users/toprakgundogdu/qwen-ffn-rom/rtl/ffn_col_serial_16x16_b4.v:129$4945'.
Creating decoders for process `\ffn_col_serial.$proc$/Users/toprakgundogdu/qwen-ffn-rom/rtl/ffn_col_serial_16x16_b4.v:129$4939'.
Creating decoders for process `\ffn_col_serial.$proc$/Users/toprakgundogdu/qwen-ffn-rom/rtl/ffn_col_serial_16x16_b4.v:129$4932'.
Creating decoders for process `\ffn_col_serial.$proc$/Users/toprakgundogdu/qwen-ffn-rom/rtl/ffn_col_serial_16x16_b4.v:129$4924'.
Creating decoders for process `\ffn_col_serial.$proc$/Users/toprakgundogdu/qwen-ffn-rom/rtl/ffn_col_serial_16x16_b4.v:129$4917'.
Creating decoders for process `\ffn_col_serial.$proc$/Users/toprakgundogdu/qwen-ffn-rom/rtl/ffn_col_serial_16x16_b4.v:129$4911'.
Creating decoders for process `\ffn_col_serial.$proc$/Users/toprakgundogdu/qwen-ffn-rom/rtl/ffn_col_serial_16x16_b4.v:129$4903'.
Creating decoders for process `\ffn_col_serial.$proc$/Users/toprakgundogdu/qwen-ffn-rom/rtl/ffn_col_serial_16x16_b4.v:129$4897'.
Creating decoders for process `\ffn_col_serial.$proc$/Users/toprakgundogdu/qwen-ffn-rom/rtl/ffn_col_serial_16x16_b4.v:129$4891'.
Creating decoders for process `\ffn_col_serial.$proc$/Users/toprakgundogdu/qwen-ffn-rom/rtl/ffn_col_serial_16x16_b4.v:129$4882'.
Creating decoders for process `\ffn_col_serial.$proc$/Users/toprakgundogdu/qwen-ffn-rom/rtl/ffn_col_serial_16x16_b4.v:129$4874'.
Creating decoders for process `\ffn_col_serial.$proc$/Users/toprakgundogdu/qwen-ffn-rom/rtl/ffn_col_serial_16x16_b4.v:129$4866'.
Creating decoders for process `\ffn_col_serial.$proc$/Users/toprakgundogdu/qwen-ffn-rom/rtl/ffn_col_serial_16x16_b4.v:129$4858'.
Creating decoders for process `\ffn_col_serial.$proc$/Users/toprakgundogdu/qwen-ffn-rom/rtl/ffn_col_serial_16x16_b4.v:129$4851'.
Creating decoders for process `\ffn_col_serial.$proc$/Users/toprakgundogdu/qwen-ffn-rom/rtl/ffn_col_serial_16x16_b4.v:129$4843'.
Creating decoders for process `\ffn_col_serial.$proc$/Users/toprakgundogdu/qwen-ffn-rom/rtl/ffn_col_serial_16x16_b4.v:129$4836'.
Creating decoders for process `\ffn_col_serial.$proc$/Users/toprakgundogdu/qwen-ffn-rom/rtl/ffn_col_serial_16x16_b4.v:129$4827'.
Creating decoders for process `\ffn_col_serial.$proc$/Users/toprakgundogdu/qwen-ffn-rom/rtl/ffn_col_serial_16x16_b4.v:129$4820'.
Creating decoders for process `\ffn_col_serial.$proc$/Users/toprakgundogdu/qwen-ffn-rom/rtl/ffn_col_serial_16x16_b4.v:129$4814'.
Creating decoders for process `\ffn_col_serial.$proc$/Users/toprakgundogdu/qwen-ffn-rom/rtl/ffn_col_serial_16x16_b4.v:129$4808'.
Creating decoders for process `\ffn_col_serial.$proc$/Users/toprakgundogdu/qwen-ffn-rom/rtl/ffn_col_serial_16x16_b4.v:129$4801'.
Creating decoders for process `\ffn_col_serial.$proc$/Users/toprakgundogdu/qwen-ffn-rom/rtl/ffn_col_serial_16x16_b4.v:129$4795'.
Creating decoders for process `\ffn_col_serial.$proc$/Users/toprakgundogdu/qwen-ffn-rom/rtl/ffn_col_serial_16x16_b4.v:129$4788'.
Creating decoders for process `\ffn_col_serial.$proc$/Users/toprakgundogdu/qwen-ffn-rom/rtl/ffn_col_serial_16x16_b4.v:129$4780'.
Creating decoders for process `\ffn_col_serial.$proc$/Users/toprakgundogdu/qwen-ffn-rom/rtl/ffn_col_serial_16x16_b4.v:129$4773'.
Creating decoders for process `\ffn_col_serial.$proc$/Users/toprakgundogdu/qwen-ffn-rom/rtl/ffn_col_serial_16x16_b4.v:129$4767'.
Creating decoders for process `\ffn_col_serial.$proc$/Users/toprakgundogdu/qwen-ffn-rom/rtl/ffn_col_serial_16x16_b4.v:129$4760'.
Creating decoders for process `\ffn_col_serial.$proc$/Users/toprakgundogdu/qwen-ffn-rom/rtl/ffn_col_serial_16x16_b4.v:129$4752'.
Creating decoders for process `\ffn_col_serial.$proc$/Users/toprakgundogdu/qwen-ffn-rom/rtl/ffn_col_serial_16x16_b4.v:129$4746'.
Creating decoders for process `\ffn_col_serial.$proc$/Users/toprakgundogdu/qwen-ffn-rom/rtl/ffn_col_serial_16x16_b4.v:129$4738'.
Creating decoders for process `\ffn_col_serial.$proc$/Users/toprakgundogdu/qwen-ffn-rom/rtl/ffn_col_serial_16x16_b4.v:129$4732'.
Creating decoders for process `\ffn_col_serial.$proc$/Users/toprakgundogdu/qwen-ffn-rom/rtl/ffn_col_serial_16x16_b4.v:129$4726'.
Creating decoders for process `\ffn_col_serial.$proc$/Users/toprakgundogdu/qwen-ffn-rom/rtl/ffn_col_serial_16x16_b4.v:129$4719'.
Creating decoders for process `\ffn_col_serial.$proc$/Users/toprakgundogdu/qwen-ffn-rom/rtl/ffn_col_serial_16x16_b4.v:129$4711'.
Creating decoders for process `\ffn_col_serial.$proc$/Users/toprakgundogdu/qwen-ffn-rom/rtl/ffn_col_serial_16x16_b4.v:129$4703'.
Creating decoders for process `\ffn_col_serial.$proc$/Users/toprakgundogdu/qwen-ffn-rom/rtl/ffn_col_serial_16x16_b4.v:129$4695'.
Creating decoders for process `\ffn_col_serial.$proc$/Users/toprakgundogdu/qwen-ffn-rom/rtl/ffn_col_serial_16x16_b4.v:129$4689'.
Creating decoders for process `\ffn_col_serial.$proc$/Users/toprakgundogdu/qwen-ffn-rom/rtl/ffn_col_serial_16x16_b4.v:129$4682'.
Creating decoders for process `\ffn_col_serial.$proc$/Users/toprakgundogdu/qwen-ffn-rom/rtl/ffn_col_serial_16x16_b4.v:129$4676'.
Creating decoders for process `\ffn_col_serial.$proc$/Users/toprakgundogdu/qwen-ffn-rom/rtl/ffn_col_serial_16x16_b4.v:129$4668'.
Creating decoders for process `\ffn_col_serial.$proc$/Users/toprakgundogdu/qwen-ffn-rom/rtl/ffn_col_serial_16x16_b4.v:129$4660'.
Creating decoders for process `\ffn_col_serial.$proc$/Users/toprakgundogdu/qwen-ffn-rom/rtl/ffn_col_serial_16x16_b4.v:129$4652'.
Creating decoders for process `\ffn_col_serial.$proc$/Users/toprakgundogdu/qwen-ffn-rom/rtl/ffn_col_serial_16x16_b4.v:129$4645'.
Creating decoders for process `\ffn_col_serial.$proc$/Users/toprakgundogdu/qwen-ffn-rom/rtl/ffn_col_serial_16x16_b4.v:129$4637'.
Creating decoders for process `\ffn_col_serial.$proc$/Users/toprakgundogdu/qwen-ffn-rom/rtl/ffn_col_serial_16x16_b4.v:129$4628'.
Creating decoders for process `\ffn_col_serial.$proc$/Users/toprakgundogdu/qwen-ffn-rom/rtl/ffn_col_serial_16x16_b4.v:129$4620'.
Creating decoders for process `\ffn_col_serial.$proc$/Users/toprakgundogdu/qwen-ffn-rom/rtl/ffn_col_serial_16x16_b4.v:129$4612'.
Creating decoders for process `\ffn_col_serial.$proc$/Users/toprakgundogdu/qwen-ffn-rom/rtl/ffn_col_serial_16x16_b4.v:129$4604'.
Creating decoders for process `\ffn_col_serial.$proc$/Users/toprakgundogdu/qwen-ffn-rom/rtl/ffn_col_serial_16x16_b4.v:129$4598'.
Creating decoders for process `\ffn_col_serial.$proc$/Users/toprakgundogdu/qwen-ffn-rom/rtl/ffn_col_serial_16x16_b4.v:129$4592'.
Creating decoders for process `\ffn_col_serial.$proc$/Users/toprakgundogdu/qwen-ffn-rom/rtl/ffn_col_serial_16x16_b4.v:129$4585'.
Creating decoders for process `\ffn_col_serial.$proc$/Users/toprakgundogdu/qwen-ffn-rom/rtl/ffn_col_serial_16x16_b4.v:129$4579'.
Creating decoders for process `\ffn_col_serial.$proc$/Users/toprakgundogdu/qwen-ffn-rom/rtl/ffn_col_serial_16x16_b4.v:129$4572'.
Creating decoders for process `\ffn_col_serial.$proc$/Users/toprakgundogdu/qwen-ffn-rom/rtl/ffn_col_serial_16x16_b4.v:129$4566'.
Creating decoders for process `\ffn_col_serial.$proc$/Users/toprakgundogdu/qwen-ffn-rom/rtl/ffn_col_serial_16x16_b4.v:129$4558'.
Creating decoders for process `\ffn_col_serial.$proc$/Users/toprakgundogdu/qwen-ffn-rom/rtl/ffn_col_serial_16x16_b4.v:129$4552'.
Creating decoders for process `\ffn_col_serial.$proc$/Users/toprakgundogdu/qwen-ffn-rom/rtl/ffn_col_serial_16x16_b4.v:129$4546'.
Creating decoders for process `\ffn_col_serial.$proc$/Users/toprakgundogdu/qwen-ffn-rom/rtl/ffn_col_serial_16x16_b4.v:129$4539'.
Creating decoders for process `\ffn_col_serial.$proc$/Users/toprakgundogdu/qwen-ffn-rom/rtl/ffn_col_serial_16x16_b4.v:129$4532'.
Creating decoders for process `\ffn_col_serial.$proc$/Users/toprakgundogdu/qwen-ffn-rom/rtl/ffn_col_serial_16x16_b4.v:129$4526'.
Creating decoders for process `\ffn_col_serial.$proc$/Users/toprakgundogdu/qwen-ffn-rom/rtl/ffn_col_serial_16x16_b4.v:129$4520'.
Creating decoders for process `\ffn_col_serial.$proc$/Users/toprakgundogdu/qwen-ffn-rom/rtl/ffn_col_serial_16x16_b4.v:129$4513'.
Creating decoders for process `\ffn_col_serial.$proc$/Users/toprakgundogdu/qwen-ffn-rom/rtl/ffn_col_serial_16x16_b4.v:129$4505'.
Creating decoders for process `\ffn_col_serial.$proc$/Users/toprakgundogdu/qwen-ffn-rom/rtl/ffn_col_serial_16x16_b4.v:129$4498'.
Creating decoders for process `\ffn_col_serial.$proc$/Users/toprakgundogdu/qwen-ffn-rom/rtl/ffn_col_serial_16x16_b4.v:129$4490'.
Creating decoders for process `\ffn_col_serial.$proc$/Users/toprakgundogdu/qwen-ffn-rom/rtl/ffn_col_serial_16x16_b4.v:129$4484'.
Creating decoders for process `\ffn_col_serial.$proc$/Users/toprakgundogdu/qwen-ffn-rom/rtl/ffn_col_serial_16x16_b4.v:129$4478'.
Creating decoders for process `\ffn_col_serial.$proc$/Users/toprakgundogdu/qwen-ffn-rom/rtl/ffn_col_serial_16x16_b4.v:129$4471'.
Creating decoders for process `\ffn_col_serial.$proc$/Users/toprakgundogdu/qwen-ffn-rom/rtl/ffn_col_serial_16x16_b4.v:129$4465'.
Creating decoders for process `\ffn_col_serial.$proc$/Users/toprakgundogdu/qwen-ffn-rom/rtl/ffn_col_serial_16x16_b4.v:129$4459'.
Creating decoders for process `\ffn_col_serial.$proc$/Users/toprakgundogdu/qwen-ffn-rom/rtl/ffn_col_serial_16x16_b4.v:129$4451'.
Creating decoders for process `\ffn_col_serial.$proc$/Users/toprakgundogdu/qwen-ffn-rom/rtl/ffn_col_serial_16x16_b4.v:129$4445'.
Creating decoders for process `\ffn_col_serial.$proc$/Users/toprakgundogdu/qwen-ffn-rom/rtl/ffn_col_serial_16x16_b4.v:129$4439'.
Creating decoders for process `\ffn_col_serial.$proc$/Users/toprakgundogdu/qwen-ffn-rom/rtl/ffn_col_serial_16x16_b4.v:129$4431'.
Creating decoders for process `\ffn_col_serial.$proc$/Users/toprakgundogdu/qwen-ffn-rom/rtl/ffn_col_serial_16x16_b4.v:129$4421'.
Creating decoders for process `\ffn_col_serial.$proc$/Users/toprakgundogdu/qwen-ffn-rom/rtl/ffn_col_serial_16x16_b4.v:129$4414'.
Creating decoders for process `\ffn_col_serial.$proc$/Users/toprakgundogdu/qwen-ffn-rom/rtl/ffn_col_serial_16x16_b4.v:129$4406'.
Creating decoders for process `\ffn_col_serial.$proc$/Users/toprakgundogdu/qwen-ffn-rom/rtl/ffn_col_serial_16x16_b4.v:129$4400'.
Creating decoders for process `\ffn_col_serial.$proc$/Users/toprakgundogdu/qwen-ffn-rom/rtl/ffn_col_serial_16x16_b4.v:129$4391'.
Creating decoders for process `\ffn_col_serial.$proc$/Users/toprakgundogdu/qwen-ffn-rom/rtl/ffn_col_serial_16x16_b4.v:129$4382'.
Creating decoders for process `\ffn_col_serial.$proc$/Users/toprakgundogdu/qwen-ffn-rom/rtl/ffn_col_serial_16x16_b4.v:129$4374'.
Creating decoders for process `\ffn_col_serial.$proc$/Users/toprakgundogdu/qwen-ffn-rom/rtl/ffn_col_serial_16x16_b4.v:129$4368'.
Creating decoders for process `\ffn_col_serial.$proc$/Users/toprakgundogdu/qwen-ffn-rom/rtl/ffn_col_serial_16x16_b4.v:129$4358'.
Creating decoders for process `\ffn_col_serial.$proc$/Users/toprakgundogdu/qwen-ffn-rom/rtl/ffn_col_serial_16x16_b4.v:129$4352'.
Creating decoders for process `\ffn_col_serial.$proc$/Users/toprakgundogdu/qwen-ffn-rom/rtl/ffn_col_serial_16x16_b4.v:129$4346'.
Creating decoders for process `\ffn_col_serial.$proc$/Users/toprakgundogdu/qwen-ffn-rom/rtl/ffn_col_serial_16x16_b4.v:129$4339'.
Creating decoders for process `\ffn_col_serial.$proc$/Users/toprakgundogdu/qwen-ffn-rom/rtl/ffn_col_serial_16x16_b4.v:129$4330'.
Creating decoders for process `\ffn_col_serial.$proc$/Users/toprakgundogdu/qwen-ffn-rom/rtl/ffn_col_serial_16x16_b4.v:129$4321'.
Creating decoders for process `\ffn_col_serial.$proc$/Users/toprakgundogdu/qwen-ffn-rom/rtl/ffn_col_serial_16x16_b4.v:129$4313'.
Creating decoders for process `\ffn_col_serial.$proc$/Users/toprakgundogdu/qwen-ffn-rom/rtl/ffn_col_serial_16x16_b4.v:129$4304'.
Creating decoders for process `\ffn_col_serial.$proc$/Users/toprakgundogdu/qwen-ffn-rom/rtl/ffn_col_serial_16x16_b4.v:129$4297'.
Creating decoders for process `\ffn_col_serial.$proc$/Users/toprakgundogdu/qwen-ffn-rom/rtl/ffn_col_serial_16x16_b4.v:129$4288'.
Creating decoders for process `\ffn_col_serial.$proc$/Users/toprakgundogdu/qwen-ffn-rom/rtl/ffn_col_serial_16x16_b4.v:129$4279'.
Creating decoders for process `\ffn_col_serial.$proc$/Users/toprakgundogdu/qwen-ffn-rom/rtl/ffn_col_serial_16x16_b4.v:129$4271'.
Creating decoders for process `\ffn_col_serial.$proc$/Users/toprakgundogdu/qwen-ffn-rom/rtl/ffn_col_serial_16x16_b4.v:129$4263'.
Creating decoders for process `\ffn_col_serial.$proc$/Users/toprakgundogdu/qwen-ffn-rom/rtl/ffn_col_serial_16x16_b4.v:129$4254'.
Creating decoders for process `\ffn_col_serial.$proc$/Users/toprakgundogdu/qwen-ffn-rom/rtl/ffn_col_serial_16x16_b4.v:129$4247'.
Creating decoders for process `\ffn_col_serial.$proc$/Users/toprakgundogdu/qwen-ffn-rom/rtl/ffn_col_serial_16x16_b4.v:129$4240'.
Creating decoders for process `\ffn_col_serial.$proc$/Users/toprakgundogdu/qwen-ffn-rom/rtl/ffn_col_serial_16x16_b4.v:129$4232'.
Creating decoders for process `\ffn_col_serial.$proc$/Users/toprakgundogdu/qwen-ffn-rom/rtl/ffn_col_serial_16x16_b4.v:129$4225'.
Creating decoders for process `\ffn_col_serial.$proc$/Users/toprakgundogdu/qwen-ffn-rom/rtl/ffn_col_serial_16x16_b4.v:129$4219'.
Creating decoders for process `\ffn_col_serial.$proc$/Users/toprakgundogdu/qwen-ffn-rom/rtl/ffn_col_serial_16x16_b4.v:129$4210'.
Creating decoders for process `\ffn_col_serial.$proc$/Users/toprakgundogdu/qwen-ffn-rom/rtl/ffn_col_serial_16x16_b4.v:129$4202'.
Creating decoders for process `\ffn_col_serial.$proc$/Users/toprakgundogdu/qwen-ffn-rom/rtl/ffn_col_serial_16x16_b4.v:129$4196'.
Creating decoders for process `\ffn_col_serial.$proc$/Users/toprakgundogdu/qwen-ffn-rom/rtl/ffn_col_serial_16x16_b4.v:129$4189'.
Creating decoders for process `\ffn_col_serial.$proc$/Users/toprakgundogdu/qwen-ffn-rom/rtl/ffn_col_serial_16x16_b4.v:129$4180'.
Creating decoders for process `\ffn_col_serial.$proc$/Users/toprakgundogdu/qwen-ffn-rom/rtl/ffn_col_serial_16x16_b4.v:129$4170'.
Creating decoders for process `\ffn_col_serial.$proc$/Users/toprakgundogdu/qwen-ffn-rom/rtl/ffn_col_serial_16x16_b4.v:129$4164'.
Creating decoders for process `\ffn_col_serial.$proc$/Users/toprakgundogdu/qwen-ffn-rom/rtl/ffn_col_serial_16x16_b4.v:129$4156'.
Creating decoders for process `\ffn_col_serial.$proc$/Users/toprakgundogdu/qwen-ffn-rom/rtl/ffn_col_serial_16x16_b4.v:129$4150'.
Creating decoders for process `\ffn_col_serial.$proc$/Users/toprakgundogdu/qwen-ffn-rom/rtl/ffn_col_serial_16x16_b4.v:129$4141'.
Creating decoders for process `\ffn_col_serial.$proc$/Users/toprakgundogdu/qwen-ffn-rom/rtl/ffn_col_serial_16x16_b4.v:129$4134'.
Creating decoders for process `\ffn_col_serial.$proc$/Users/toprakgundogdu/qwen-ffn-rom/rtl/ffn_col_serial_16x16_b4.v:129$4126'.
Creating decoders for process `\ffn_col_serial.$proc$/Users/toprakgundogdu/qwen-ffn-rom/rtl/ffn_col_serial_16x16_b4.v:129$4120'.
Creating decoders for process `\ffn_col_serial.$proc$/Users/toprakgundogdu/qwen-ffn-rom/rtl/ffn_col_serial_16x16_b4.v:129$4111'.
Creating decoders for process `\ffn_col_serial.$proc$/Users/toprakgundogdu/qwen-ffn-rom/rtl/ffn_col_serial_16x16_b4.v:129$4104'.
Creating decoders for process `\ffn_col_serial.$proc$/Users/toprakgundogdu/qwen-ffn-rom/rtl/ffn_col_serial_16x16_b4.v:129$4097'.
Creating decoders for process `\ffn_col_serial.$proc$/Users/toprakgundogdu/qwen-ffn-rom/rtl/ffn_col_serial_16x16_b4.v:129$4091'.
Creating decoders for process `\ffn_col_serial.$proc$/Users/toprakgundogdu/qwen-ffn-rom/rtl/ffn_col_serial_16x16_b4.v:129$4084'.
Creating decoders for process `\ffn_col_serial.$proc$/Users/toprakgundogdu/qwen-ffn-rom/rtl/ffn_col_serial_16x16_b4.v:129$4075'.
Creating decoders for process `\ffn_col_serial.$proc$/Users/toprakgundogdu/qwen-ffn-rom/rtl/ffn_col_serial_16x16_b4.v:129$4069'.
Creating decoders for process `\ffn_col_serial.$proc$/Users/toprakgundogdu/qwen-ffn-rom/rtl/ffn_col_serial_16x16_b4.v:129$4062'.
Creating decoders for process `\ffn_col_serial.$proc$/Users/toprakgundogdu/qwen-ffn-rom/rtl/ffn_col_serial_16x16_b4.v:129$4053'.
Creating decoders for process `\ffn_col_serial.$proc$/Users/toprakgundogdu/qwen-ffn-rom/rtl/ffn_col_serial_16x16_b4.v:129$4046'.
Creating decoders for process `\ffn_col_serial.$proc$/Users/toprakgundogdu/qwen-ffn-rom/rtl/ffn_col_serial_16x16_b4.v:129$4038'.
Creating decoders for process `\ffn_col_serial.$proc$/Users/toprakgundogdu/qwen-ffn-rom/rtl/ffn_col_serial_16x16_b4.v:129$4032'.
Creating decoders for process `\ffn_col_serial.$proc$/Users/toprakgundogdu/qwen-ffn-rom/rtl/ffn_col_serial_16x16_b4.v:129$4026'.
Creating decoders for process `\ffn_col_serial.$proc$/Users/toprakgundogdu/qwen-ffn-rom/rtl/ffn_col_serial_16x16_b4.v:129$4020'.
Creating decoders for process `\ffn_col_serial.$proc$/Users/toprakgundogdu/qwen-ffn-rom/rtl/ffn_col_serial_16x16_b4.v:129$4012'.
Creating decoders for process `\ffn_col_serial.$proc$/Users/toprakgundogdu/qwen-ffn-rom/rtl/ffn_col_serial_16x16_b4.v:129$4005'.
Creating decoders for process `\ffn_col_serial.$proc$/Users/toprakgundogdu/qwen-ffn-rom/rtl/ffn_col_serial_16x16_b4.v:129$3997'.
Creating decoders for process `\ffn_col_serial.$proc$/Users/toprakgundogdu/qwen-ffn-rom/rtl/ffn_col_serial_16x16_b4.v:129$3991'.
Creating decoders for process `\ffn_col_serial.$proc$/Users/toprakgundogdu/qwen-ffn-rom/rtl/ffn_col_serial_16x16_b4.v:129$3983'.
Creating decoders for process `\ffn_col_serial.$proc$/Users/toprakgundogdu/qwen-ffn-rom/rtl/ffn_col_serial_16x16_b4.v:129$3976'.
Creating decoders for process `\ffn_col_serial.$proc$/Users/toprakgundogdu/qwen-ffn-rom/rtl/ffn_col_serial_16x16_b4.v:129$3968'.
Creating decoders for process `\ffn_col_serial.$proc$/Users/toprakgundogdu/qwen-ffn-rom/rtl/ffn_col_serial_16x16_b4.v:129$3961'.
Creating decoders for process `\ffn_col_serial.$proc$/Users/toprakgundogdu/qwen-ffn-rom/rtl/ffn_col_serial_16x16_b4.v:129$3955'.
Creating decoders for process `\ffn_col_serial.$proc$/Users/toprakgundogdu/qwen-ffn-rom/rtl/ffn_col_serial_16x16_b4.v:129$3947'.
Creating decoders for process `\ffn_col_serial.$proc$/Users/toprakgundogdu/qwen-ffn-rom/rtl/ffn_col_serial_16x16_b4.v:129$3939'.
Creating decoders for process `\ffn_col_serial.$proc$/Users/toprakgundogdu/qwen-ffn-rom/rtl/ffn_col_serial_16x16_b4.v:129$3931'.
Creating decoders for process `\ffn_col_serial.$proc$/Users/toprakgundogdu/qwen-ffn-rom/rtl/ffn_col_serial_16x16_b4.v:129$3921'.
Creating decoders for process `\ffn_col_serial.$proc$/Users/toprakgundogdu/qwen-ffn-rom/rtl/ffn_col_serial_16x16_b4.v:129$3913'.
Creating decoders for process `\ffn_col_serial.$proc$/Users/toprakgundogdu/qwen-ffn-rom/rtl/ffn_col_serial_16x16_b4.v:129$3907'.
Creating decoders for process `\ffn_col_serial.$proc$/Users/toprakgundogdu/qwen-ffn-rom/rtl/ffn_col_serial_16x16_b4.v:129$3898'.
Creating decoders for process `\ffn_col_serial.$proc$/Users/toprakgundogdu/qwen-ffn-rom/rtl/ffn_col_serial_16x16_b4.v:129$3892'.
Creating decoders for process `\ffn_col_serial.$proc$/Users/toprakgundogdu/qwen-ffn-rom/rtl/ffn_col_serial_16x16_b4.v:129$3884'.
Creating decoders for process `\ffn_col_serial.$proc$/Users/toprakgundogdu/qwen-ffn-rom/rtl/ffn_col_serial_16x16_b4.v:129$3878'.
Creating decoders for process `\ffn_col_serial.$proc$/Users/toprakgundogdu/qwen-ffn-rom/rtl/ffn_col_serial_16x16_b4.v:129$3870'.
Creating decoders for process `\ffn_col_serial.$proc$/Users/toprakgundogdu/qwen-ffn-rom/rtl/ffn_col_serial_16x16_b4.v:129$3861'.
Creating decoders for process `\ffn_col_serial.$proc$/Users/toprakgundogdu/qwen-ffn-rom/rtl/ffn_col_serial_16x16_b4.v:129$3853'.
Creating decoders for process `\ffn_col_serial.$proc$/Users/toprakgundogdu/qwen-ffn-rom/rtl/ffn_col_serial_16x16_b4.v:129$3845'.
Creating decoders for process `\ffn_col_serial.$proc$/Users/toprakgundogdu/qwen-ffn-rom/rtl/ffn_col_serial_16x16_b4.v:129$3838'.
Creating decoders for process `\ffn_col_serial.$proc$/Users/toprakgundogdu/qwen-ffn-rom/rtl/ffn_col_serial_16x16_b4.v:129$3831'.
Creating decoders for process `\ffn_col_serial.$proc$/Users/toprakgundogdu/qwen-ffn-rom/rtl/ffn_col_serial_16x16_b4.v:129$3824'.
Creating decoders for process `\ffn_col_serial.$proc$/Users/toprakgundogdu/qwen-ffn-rom/rtl/ffn_col_serial_16x16_b4.v:129$3817'.
Creating decoders for process `\ffn_col_serial.$proc$/Users/toprakgundogdu/qwen-ffn-rom/rtl/ffn_col_serial_16x16_b4.v:129$3810'.
Creating decoders for process `\ffn_col_serial.$proc$/Users/toprakgundogdu/qwen-ffn-rom/rtl/ffn_col_serial_16x16_b4.v:129$3803'.
Creating decoders for process `\ffn_col_serial.$proc$/Users/toprakgundogdu/qwen-ffn-rom/rtl/ffn_col_serial_16x16_b4.v:129$3794'.
Creating decoders for process `\ffn_col_serial.$proc$/Users/toprakgundogdu/qwen-ffn-rom/rtl/ffn_col_serial_16x16_b4.v:129$3786'.
Creating decoders for process `\ffn_col_serial.$proc$/Users/toprakgundogdu/qwen-ffn-rom/rtl/ffn_col_serial_16x16_b4.v:129$3778'.
Creating decoders for process `\ffn_col_serial.$proc$/Users/toprakgundogdu/qwen-ffn-rom/rtl/ffn_col_serial_16x16_b4.v:129$3770'.
Creating decoders for process `\ffn_col_serial.$proc$/Users/toprakgundogdu/qwen-ffn-rom/rtl/ffn_col_serial_16x16_b4.v:129$3761'.
Creating decoders for process `\ffn_col_serial.$proc$/Users/toprakgundogdu/qwen-ffn-rom/rtl/ffn_col_serial_16x16_b4.v:129$3752'.
Creating decoders for process `\ffn_col_serial.$proc$/Users/toprakgundogdu/qwen-ffn-rom/rtl/ffn_col_serial_16x16_b4.v:129$3746'.
Creating decoders for process `\ffn_col_serial.$proc$/Users/toprakgundogdu/qwen-ffn-rom/rtl/ffn_col_serial_16x16_b4.v:129$3738'.
Creating decoders for process `\ffn_col_serial.$proc$/Users/toprakgundogdu/qwen-ffn-rom/rtl/ffn_col_serial_16x16_b4.v:129$3731'.
Creating decoders for process `\ffn_col_serial.$proc$/Users/toprakgundogdu/qwen-ffn-rom/rtl/ffn_col_serial_16x16_b4.v:129$3722'.
Creating decoders for process `\ffn_col_serial.$proc$/Users/toprakgundogdu/qwen-ffn-rom/rtl/ffn_col_serial_16x16_b4.v:129$3715'.
Creating decoders for process `\ffn_col_serial.$proc$/Users/toprakgundogdu/qwen-ffn-rom/rtl/ffn_col_serial_16x16_b4.v:129$3708'.
Creating decoders for process `\ffn_col_serial.$proc$/Users/toprakgundogdu/qwen-ffn-rom/rtl/ffn_col_serial_16x16_b4.v:129$3701'.
Creating decoders for process `\ffn_col_serial.$proc$/Users/toprakgundogdu/qwen-ffn-rom/rtl/ffn_col_serial_16x16_b4.v:129$3693'.
Creating decoders for process `\ffn_col_serial.$proc$/Users/toprakgundogdu/qwen-ffn-rom/rtl/ffn_col_serial_16x16_b4.v:129$3687'.
Creating decoders for process `\ffn_col_serial.$proc$/Users/toprakgundogdu/qwen-ffn-rom/rtl/ffn_col_serial_16x16_b4.v:129$3681'.
Creating decoders for process `\ffn_col_serial.$proc$/Users/toprakgundogdu/qwen-ffn-rom/rtl/ffn_col_serial_16x16_b4.v:129$3672'.
Creating decoders for process `\ffn_col_serial.$proc$/Users/toprakgundogdu/qwen-ffn-rom/rtl/ffn_col_serial_16x16_b4.v:129$3665'.
Creating decoders for process `\ffn_col_serial.$proc$/Users/toprakgundogdu/qwen-ffn-rom/rtl/ffn_col_serial_16x16_b4.v:129$3659'.
Creating decoders for process `\ffn_col_serial.$proc$/Users/toprakgundogdu/qwen-ffn-rom/rtl/ffn_col_serial_16x16_b4.v:129$3653'.
Creating decoders for process `\ffn_col_serial.$proc$/Users/toprakgundogdu/qwen-ffn-rom/rtl/ffn_col_serial_16x16_b4.v:129$3646'.
Creating decoders for process `\ffn_col_serial.$proc$/Users/toprakgundogdu/qwen-ffn-rom/rtl/ffn_col_serial_16x16_b4.v:129$3640'.
Creating decoders for process `\ffn_col_serial.$proc$/Users/toprakgundogdu/qwen-ffn-rom/rtl/ffn_col_serial_16x16_b4.v:129$3634'.
Creating decoders for process `\ffn_col_serial.$proc$/Users/toprakgundogdu/qwen-ffn-rom/rtl/ffn_col_serial_16x16_b4.v:129$3626'.
Creating decoders for process `\ffn_col_serial.$proc$/Users/toprakgundogdu/qwen-ffn-rom/rtl/ffn_col_serial_16x16_b4.v:129$3619'.
Creating decoders for process `\ffn_col_serial.$proc$/Users/toprakgundogdu/qwen-ffn-rom/rtl/ffn_col_serial_16x16_b4.v:129$3611'.
Creating decoders for process `\ffn_col_serial.$proc$/Users/toprakgundogdu/qwen-ffn-rom/rtl/ffn_col_serial_16x16_b4.v:129$3605'.
Creating decoders for process `\ffn_col_serial.$proc$/Users/toprakgundogdu/qwen-ffn-rom/rtl/ffn_col_serial_16x16_b4.v:129$3597'.
Creating decoders for process `\ffn_col_serial.$proc$/Users/toprakgundogdu/qwen-ffn-rom/rtl/ffn_col_serial_16x16_b4.v:129$3591'.
Creating decoders for process `\ffn_col_serial.$proc$/Users/toprakgundogdu/qwen-ffn-rom/rtl/ffn_col_serial_16x16_b4.v:129$3581'.
Creating decoders for process `\ffn_col_serial.$proc$/Users/toprakgundogdu/qwen-ffn-rom/rtl/ffn_col_serial_16x16_b4.v:129$3575'.
Creating decoders for process `\ffn_col_serial.$proc$/Users/toprakgundogdu/qwen-ffn-rom/rtl/ffn_col_serial_16x16_b4.v:129$3569'.
Creating decoders for process `\ffn_col_serial.$proc$/Users/toprakgundogdu/qwen-ffn-rom/rtl/ffn_col_serial_16x16_b4.v:129$3563'.
Creating decoders for process `\ffn_col_serial.$proc$/Users/toprakgundogdu/qwen-ffn-rom/rtl/ffn_col_serial_16x16_b4.v:129$3557'.
Creating decoders for process `\ffn_col_serial.$proc$/Users/toprakgundogdu/qwen-ffn-rom/rtl/ffn_col_serial_16x16_b4.v:129$3551'.
Creating decoders for process `\ffn_col_serial.$proc$/Users/toprakgundogdu/qwen-ffn-rom/rtl/ffn_col_serial_16x16_b4.v:129$3545'.
Creating decoders for process `\ffn_col_serial.$proc$/Users/toprakgundogdu/qwen-ffn-rom/rtl/ffn_col_serial_16x16_b4.v:129$3539'.
Creating decoders for process `\ffn_col_serial.$proc$/Users/toprakgundogdu/qwen-ffn-rom/rtl/ffn_col_serial_16x16_b4.v:129$3533'.
Creating decoders for process `\ffn_col_serial.$proc$/Users/toprakgundogdu/qwen-ffn-rom/rtl/ffn_col_serial_16x16_b4.v:129$3527'.
Creating decoders for process `\ffn_col_serial.$proc$/Users/toprakgundogdu/qwen-ffn-rom/rtl/ffn_col_serial_16x16_b4.v:129$3520'.
Creating decoders for process `\ffn_col_serial.$proc$/Users/toprakgundogdu/qwen-ffn-rom/rtl/ffn_col_serial_16x16_b4.v:129$3512'.
Creating decoders for process `\ffn_col_serial.$proc$/Users/toprakgundogdu/qwen-ffn-rom/rtl/ffn_col_serial_16x16_b4.v:129$3506'.
Creating decoders for process `\ffn_col_serial.$proc$/Users/toprakgundogdu/qwen-ffn-rom/rtl/ffn_col_serial_16x16_b4.v:129$3500'.
Creating decoders for process `\ffn_col_serial.$proc$/Users/toprakgundogdu/qwen-ffn-rom/rtl/ffn_col_serial_16x16_b4.v:129$3492'.
Creating decoders for process `\ffn_col_serial.$proc$/Users/toprakgundogdu/qwen-ffn-rom/rtl/ffn_col_serial_16x16_b4.v:129$3486'.
Creating decoders for process `\ffn_col_serial.$proc$/Users/toprakgundogdu/qwen-ffn-rom/rtl/ffn_col_serial_16x16_b4.v:145$3466'.
     1/42: $3\ri[31:0]
     2/42: $3\ci[31:0]
     3/42: $2\ri[31:0]
     4/42: $2\ci[31:0]
     5/42: $1\ri[31:0]
     6/42: $1\ci[31:0]
     7/42: $0\done[0:0]
     8/42: $0\acc[15][31:0]
     9/42: $0\acc[14][31:0]
    10/42: $0\acc[13][31:0]
    11/42: $0\acc[12][31:0]
    12/42: $0\acc[11][31:0]
    13/42: $0\acc[10][31:0]
    14/42: $0\acc[9][31:0]
    15/42: $0\acc[8][31:0]
    16/42: $0\acc[7][31:0]
    17/42: $0\acc[6][31:0]
    18/42: $0\acc[5][31:0]
    19/42: $0\acc[4][31:0]
    20/42: $0\acc[3][31:0]
    21/42: $0\acc[2][31:0]
    22/42: $0\acc[1][31:0]
    23/42: $0\acc[0][31:0]
    24/42: $0\x_r[15][7:0]
    25/42: $0\x_r[14][7:0]
    26/42: $0\x_r[13][7:0]
    27/42: $0\x_r[12][7:0]
    28/42: $0\x_r[11][7:0]
    29/42: $0\x_r[10][7:0]
    30/42: $0\x_r[9][7:0]
    31/42: $0\x_r[8][7:0]
    32/42: $0\x_r[7][7:0]
    33/42: $0\x_r[6][7:0]
    34/42: $0\x_r[5][7:0]
    35/42: $0\x_r[4][7:0]
    36/42: $0\x_r[3][7:0]
    37/42: $0\x_r[2][7:0]
    38/42: $0\x_r[1][7:0]
    39/42: $0\x_r[0][7:0]
    40/42: $0\st[0:0]
    41/42: $0\y_flat[255:0]
    42/42: $0\k[2:0]

3.8. Executing PROC_DLATCH pass (convert process syncs to latches).
No latch inferred for signal `$paramod$19610d36066bea265eccabe9a1b9eed43380701f\add_tree.\y' from process `$paramod$19610d36066bea265eccabe9a1b9eed43380701f\add_tree.$proc$/Users/toprakgundogdu/qwen-ffn-rom/rtl/ffn_col_serial_16x16_b4.v:16$2921'.
No latch inferred for signal `$paramod$19610d36066bea265eccabe9a1b9eed43380701f\add_tree.\k' from process `$paramod$19610d36066bea265eccabe9a1b9eed43380701f\add_tree.$proc$/Users/toprakgundogdu/qwen-ffn-rom/rtl/ffn_col_serial_16x16_b4.v:16$2921'.
No latch inferred for signal `$paramod$19610d36066bea265eccabe9a1b9eed43380701f\add_tree.\acc' from process `$paramod$19610d36066bea265eccabe9a1b9eed43380701f\add_tree.$proc$/Users/toprakgundogdu/qwen-ffn-rom/rtl/ffn_col_serial_16x16_b4.v:16$2921'.
No latch inferred for signal `\ffn_col_serial.\contrib[15]' from process `\ffn_col_serial.$proc$/Users/toprakgundogdu/qwen-ffn-rom/rtl/ffn_col_serial_16x16_b4.v:138$5749'.
No latch inferred for signal `\ffn_col_serial.\part[15]' from process `\ffn_col_serial.$proc$/Users/toprakgundogdu/qwen-ffn-rom/rtl/ffn_col_serial_16x16_b4.v:134$5748'.
No latch inferred for signal `\ffn_col_serial.\g_row[15].prods[15]' from process `\ffn_col_serial.$proc$/Users/toprakgundogdu/qwen-ffn-rom/rtl/ffn_col_serial_16x16_b4.v:130$5747'.
No latch inferred for signal `\ffn_col_serial.\g_row[15].prods[14]' from process `\ffn_col_serial.$proc$/Users/toprakgundogdu/qwen-ffn-rom/rtl/ffn_col_serial_16x16_b4.v:130$5746'.
No latch inferred for signal `\ffn_col_serial.\g_row[15].prods[13]' from process `\ffn_col_serial.$proc$/Users/toprakgundogdu/qwen-ffn-rom/rtl/ffn_col_serial_16x16_b4.v:130$5745'.
No latch inferred for signal `\ffn_col_serial.\g_row[15].prods[12]' from process `\ffn_col_serial.$proc$/Users/toprakgundogdu/qwen-ffn-rom/rtl/ffn_col_serial_16x16_b4.v:130$5744'.
No latch inferred for signal `\ffn_col_serial.\g_row[15].prods[11]' from process `\ffn_col_serial.$proc$/Users/toprakgundogdu/qwen-ffn-rom/rtl/ffn_col_serial_16x16_b4.v:130$5743'.
No latch inferred for signal `\ffn_col_serial.\g_row[15].prods[10]' from process `\ffn_col_serial.$proc$/Users/toprakgundogdu/qwen-ffn-rom/rtl/ffn_col_serial_16x16_b4.v:130$5742'.
No latch inferred for signal `\ffn_col_serial.\g_row[15].prods[9]' from process `\ffn_col_serial.$proc$/Users/toprakgundogdu/qwen-ffn-rom/rtl/ffn_col_serial_16x16_b4.v:130$5741'.
No latch inferred for signal `\ffn_col_serial.\g_row[15].prods[8]' from process `\ffn_col_serial.$proc$/Users/toprakgundogdu/qwen-ffn-rom/rtl/ffn_col_serial_16x16_b4.v:130$5740'.
No latch inferred for signal `\ffn_col_serial.\g_row[15].prods[7]' from process `\ffn_col_serial.$proc$/Users/toprakgundogdu/qwen-ffn-rom/rtl/ffn_col_serial_16x16_b4.v:130$5739'.
No latch inferred for signal `\ffn_col_serial.\g_row[15].prods[6]' from process `\ffn_col_serial.$proc$/Users/toprakgundogdu/qwen-ffn-rom/rtl/ffn_col_serial_16x16_b4.v:130$5738'.
No latch inferred for signal `\ffn_col_serial.\g_row[15].prods[5]' from process `\ffn_col_serial.$proc$/Users/toprakgundogdu/qwen-ffn-rom/rtl/ffn_col_serial_16x16_b4.v:130$5737'.
No latch inferred for signal `\ffn_col_serial.\g_row[15].prods[4]' from process `\ffn_col_serial.$proc$/Users/toprakgundogdu/qwen-ffn-rom/rtl/ffn_col_serial_16x16_b4.v:130$5736'.
No latch inferred for signal `\ffn_col_serial.\g_row[15].prods[3]' from process `\ffn_col_serial.$proc$/Users/toprakgundogdu/qwen-ffn-rom/rtl/ffn_col_serial_16x16_b4.v:130$5735'.
No latch inferred for signal `\ffn_col_serial.\g_row[15].prods[2]' from process `\ffn_col_serial.$proc$/Users/toprakgundogdu/qwen-ffn-rom/rtl/ffn_col_serial_16x16_b4.v:130$5734'.
No latch inferred for signal `\ffn_col_serial.\g_row[15].prods[1]' from process `\ffn_col_serial.$proc$/Users/toprakgundogdu/qwen-ffn-rom/rtl/ffn_col_serial_16x16_b4.v:130$5733'.
No latch inferred for signal `\ffn_col_serial.\g_row[15].prods[0]' from process `\ffn_col_serial.$proc$/Users/toprakgundogdu/qwen-ffn-rom/rtl/ffn_col_serial_16x16_b4.v:130$5732'.
No latch inferred for signal `\ffn_col_serial.\contrib[14]' from process `\ffn_col_serial.$proc$/Users/toprakgundogdu/qwen-ffn-rom/rtl/ffn_col_serial_16x16_b4.v:138$5726'.
No latch inferred for signal `\ffn_col_serial.\part[14]' from process `\ffn_col_serial.$proc$/Users/toprakgundogdu/qwen-ffn-rom/rtl/ffn_col_serial_16x16_b4.v:134$5725'.
No latch inferred for signal `\ffn_col_serial.\g_row[14].prods[15]' from process `\ffn_col_serial.$proc$/Users/toprakgundogdu/qwen-ffn-rom/rtl/ffn_col_serial_16x16_b4.v:130$5724'.
No latch inferred for signal `\ffn_col_serial.\g_row[14].prods[14]' from process `\ffn_col_serial.$proc$/Users/toprakgundogdu/qwen-ffn-rom/rtl/ffn_col_serial_16x16_b4.v:130$5723'.
No latch inferred for signal `\ffn_col_serial.\g_row[14].prods[13]' from process `\ffn_col_serial.$proc$/Users/toprakgundogdu/qwen-ffn-rom/rtl/ffn_col_serial_16x16_b4.v:130$5722'.
No latch inferred for signal `\ffn_col_serial.\g_row[14].prods[12]' from process `\ffn_col_serial.$proc$/Users/toprakgundogdu/qwen-ffn-rom/rtl/ffn_col_serial_16x16_b4.v:130$5721'.
No latch inferred for signal `\ffn_col_serial.\g_row[14].prods[11]' from process `\ffn_col_serial.$proc$/Users/toprakgundogdu/qwen-ffn-rom/rtl/ffn_col_serial_16x16_b4.v:130$5720'.
No latch inferred for signal `\ffn_col_serial.\g_row[14].prods[10]' from process `\ffn_col_serial.$proc$/Users/toprakgundogdu/qwen-ffn-rom/rtl/ffn_col_serial_16x16_b4.v:130$5719'.
No latch inferred for signal `\ffn_col_serial.\g_row[14].prods[9]' from process `\ffn_col_serial.$proc$/Users/toprakgundogdu/qwen-ffn-rom/rtl/ffn_col_serial_16x16_b4.v:130$5718'.
No latch inferred for signal `\ffn_col_serial.\g_row[14].prods[8]' from process `\ffn_col_serial.$proc$/Users/toprakgundogdu/qwen-ffn-rom/rtl/ffn_col_serial_16x16_b4.v:130$5717'.
No latch inferred for signal `\ffn_col_serial.\g_row[14].prods[7]' from process `\ffn_col_serial.$proc$/Users/toprakgundogdu/qwen-ffn-rom/rtl/ffn_col_serial_16x16_b4.v:130$5716'.
No latch inferred for signal `\ffn_col_serial.\g_row[14].prods[6]' from process `\ffn_col_serial.$proc$/Users/toprakgundogdu/qwen-ffn-rom/rtl/ffn_col_serial_16x16_b4.v:130$5715'.
No latch inferred for signal `\ffn_col_serial.\g_row[14].prods[5]' from process `\ffn_col_serial.$proc$/Users/toprakgundogdu/qwen-ffn-rom/rtl/ffn_col_serial_16x16_b4.v:130$5714'.
No latch inferred for signal `\ffn_col_serial.\g_row[14].prods[4]' from process `\ffn_col_serial.$proc$/Users/toprakgundogdu/qwen-ffn-rom/rtl/ffn_col_serial_16x16_b4.v:130$5713'.
No latch inferred for signal `\ffn_col_serial.\g_row[14].prods[3]' from process `\ffn_col_serial.$proc$/Users/toprakgundogdu/qwen-ffn-rom/rtl/ffn_col_serial_16x16_b4.v:130$5712'.
No latch inferred for signal `\ffn_col_serial.\g_row[14].prods[2]' from process `\ffn_col_serial.$proc$/Users/toprakgundogdu/qwen-ffn-rom/rtl/ffn_col_serial_16x16_b4.v:130$5711'.
No latch inferred for signal `\ffn_col_serial.\g_row[14].prods[1]' from process `\ffn_col_serial.$proc$/Users/toprakgundogdu/qwen-ffn-rom/rtl/ffn_col_serial_16x16_b4.v:130$5710'.
No latch inferred for signal `\ffn_col_serial.\g_row[14].prods[0]' from process `\ffn_col_serial.$proc$/Users/toprakgundogdu/qwen-ffn-rom/rtl/ffn_col_serial_16x16_b4.v:130$5709'.
No latch inferred for signal `\ffn_col_serial.\contrib[13]' from process `\ffn_col_serial.$proc$/Users/toprakgundogdu/qwen-ffn-rom/rtl/ffn_col_serial_16x16_b4.v:138$5703'.
No latch inferred for signal `\ffn_col_serial.\part[13]' from process `\ffn_col_serial.$proc$/Users/toprakgundogdu/qwen-ffn-rom/rtl/ffn_col_serial_16x16_b4.v:134$5702'.
No latch inferred for signal `\ffn_col_serial.\g_row[13].prods[15]' from process `\ffn_col_serial.$proc$/Users/toprakgundogdu/qwen-ffn-rom/rtl/ffn_col_serial_16x16_b4.v:130$5701'.
No latch inferred for signal `\ffn_col_serial.\g_row[13].prods[14]' from process `\ffn_col_serial.$proc$/Users/toprakgundogdu/qwen-ffn-rom/rtl/ffn_col_serial_16x16_b4.v:130$5700'.
No latch inferred for signal `\ffn_col_serial.\g_row[13].prods[13]' from process `\ffn_col_serial.$proc$/Users/toprakgundogdu/qwen-ffn-rom/rtl/ffn_col_serial_16x16_b4.v:130$5699'.
No latch inferred for signal `\ffn_col_serial.\g_row[13].prods[12]' from process `\ffn_col_serial.$proc$/Users/toprakgundogdu/qwen-ffn-rom/rtl/ffn_col_serial_16x16_b4.v:130$5698'.
No latch inferred for signal `\ffn_col_serial.\g_row[13].prods[11]' from process `\ffn_col_serial.$proc$/Users/toprakgundogdu/qwen-ffn-rom/rtl/ffn_col_serial_16x16_b4.v:130$5697'.
No latch inferred for signal `\ffn_col_serial.\g_row[13].prods[10]' from process `\ffn_col_serial.$proc$/Users/toprakgundogdu/qwen-ffn-rom/rtl/ffn_col_serial_16x16_b4.v:130$5696'.
No latch inferred for signal `\ffn_col_serial.\g_row[13].prods[9]' from process `\ffn_col_serial.$proc$/Users/toprakgundogdu/qwen-ffn-rom/rtl/ffn_col_serial_16x16_b4.v:130$5695'.
No latch inferred for signal `\ffn_col_serial.\g_row[13].prods[8]' from process `\ffn_col_serial.$proc$/Users/toprakgundogdu/qwen-ffn-rom/rtl/ffn_col_serial_16x16_b4.v:130$5694'.
No latch inferred for signal `\ffn_col_serial.\g_row[13].prods[7]' from process `\ffn_col_serial.$proc$/Users/toprakgundogdu/qwen-ffn-rom/rtl/ffn_col_serial_16x16_b4.v:130$5693'.
No latch inferred for signal `\ffn_col_serial.\g_row[13].prods[6]' from process `\ffn_col_serial.$proc$/Users/toprakgundogdu/qwen-ffn-rom/rtl/ffn_col_serial_16x16_b4.v:130$5692'.
No latch inferred for signal `\ffn_col_serial.\g_row[13].prods[5]' from process `\ffn_col_serial.$proc$/Users/toprakgundogdu/qwen-ffn-rom/rtl/ffn_col_serial_16x16_b4.v:130$5691'.
No latch inferred for signal `\ffn_col_serial.\g_row[13].prods[4]' from process `\ffn_col_serial.$proc$/Users/toprakgundogdu/qwen-ffn-rom/rtl/ffn_col_serial_16x16_b4.v:130$5690'.
No latch inferred for signal `\ffn_col_serial.\g_row[13].prods[3]' from process `\ffn_col_serial.$proc$/Users/toprakgundogdu/qwen-ffn-rom/rtl/ffn_col_serial_16x16_b4.v:130$5689'.
No latch inferred for signal `\ffn_col_serial.\g_row[13].prods[2]' from process `\ffn_col_serial.$proc$/Users/toprakgundogdu/qwen-ffn-rom/rtl/ffn_col_serial_16x16_b4.v:130$5688'.
No latch inferred for signal `\ffn_col_serial.\g_row[13].prods[1]' from process `\ffn_col_serial.$proc$/Users/toprakgundogdu/qwen-ffn-rom/rtl/ffn_col_serial_16x16_b4.v:130$5687'.
No latch inferred for signal `\ffn_col_serial.\g_row[13].prods[0]' from process `\ffn_col_serial.$proc$/Users/toprakgundogdu/qwen-ffn-rom/rtl/ffn_col_serial_16x16_b4.v:130$5686'.
No latch inferred for signal `\ffn_col_serial.\contrib[12]' from process `\ffn_col_serial.$proc$/Users/toprakgundogdu/qwen-ffn-rom/rtl/ffn_col_serial_16x16_b4.v:138$5680'.
No latch inferred for signal `\ffn_col_serial.\part[12]' from process `\ffn_col_serial.$proc$/Users/toprakgundogdu/qwen-ffn-rom/rtl/ffn_col_serial_16x16_b4.v:134$5679'.
No latch inferred for signal `\ffn_col_serial.\g_row[12].prods[15]' from process `\ffn_col_serial.$proc$/Users/toprakgundogdu/qwen-ffn-rom/rtl/ffn_col_serial_16x16_b4.v:130$5678'.
No latch inferred for signal `\ffn_col_serial.\g_row[12].prods[14]' from process `\ffn_col_serial.$proc$/Users/toprakgundogdu/qwen-ffn-rom/rtl/ffn_col_serial_16x16_b4.v:130$5677'.
No latch inferred for signal `\ffn_col_serial.\g_row[12].prods[13]' from process `\ffn_col_serial.$proc$/Users/toprakgundogdu/qwen-ffn-rom/rtl/ffn_col_serial_16x16_b4.v:130$5676'.
No latch inferred for signal `\ffn_col_serial.\g_row[12].prods[12]' from process `\ffn_col_serial.$proc$/Users/toprakgundogdu/qwen-ffn-rom/rtl/ffn_col_serial_16x16_b4.v:130$5675'.
No latch inferred for signal `\ffn_col_serial.\g_row[12].prods[11]' from process `\ffn_col_serial.$proc$/Users/toprakgundogdu/qwen-ffn-rom/rtl/ffn_col_serial_16x16_b4.v:130$5674'.
No latch inferred for signal `\ffn_col_serial.\g_row[12].prods[10]' from process `\ffn_col_serial.$proc$/Users/toprakgundogdu/qwen-ffn-rom/rtl/ffn_col_serial_16x16_b4.v:130$5673'.
No latch inferred for signal `\ffn_col_serial.\g_row[12].prods[9]' from process `\ffn_col_serial.$proc$/Users/toprakgundogdu/qwen-ffn-rom/rtl/ffn_col_serial_16x16_b4.v:130$5672'.
No latch inferred for signal `\ffn_col_serial.\g_row[12].prods[8]' from process `\ffn_col_serial.$proc$/Users/toprakgundogdu/qwen-ffn-rom/rtl/ffn_col_serial_16x16_b4.v:130$5671'.
No latch inferred for signal `\ffn_col_serial.\g_row[12].prods[7]' from process `\ffn_col_serial.$proc$/Users/toprakgundogdu/qwen-ffn-rom/rtl/ffn_col_serial_16x16_b4.v:130$5670'.
No latch inferred for signal `\ffn_col_serial.\g_row[12].prods[6]' from process `\ffn_col_serial.$proc$/Users/toprakgundogdu/qwen-ffn-rom/rtl/ffn_col_serial_16x16_b4.v:130$5669'.
No latch inferred for signal `\ffn_col_serial.\g_row[12].prods[5]' from process `\ffn_col_serial.$proc$/Users/toprakgundogdu/qwen-ffn-rom/rtl/ffn_col_serial_16x16_b4.v:130$5668'.
No latch inferred for signal `\ffn_col_serial.\g_row[12].prods[4]' from process `\ffn_col_serial.$proc$/Users/toprakgundogdu/qwen-ffn-rom/rtl/ffn_col_serial_16x16_b4.v:130$5667'.
No latch inferred for signal `\ffn_col_serial.\g_row[12].prods[3]' from process `\ffn_col_serial.$proc$/Users/toprakgundogdu/qwen-ffn-rom/rtl/ffn_col_serial_16x16_b4.v:130$5666'.
No latch inferred for signal `\ffn_col_serial.\g_row[12].prods[2]' from process `\ffn_col_serial.$proc$/Users/toprakgundogdu/qwen-ffn-rom/rtl/ffn_col_serial_16x16_b4.v:130$5665'.
No latch inferred for signal `\ffn_col_serial.\g_row[12].prods[1]' from process `\ffn_col_serial.$proc$/Users/toprakgundogdu/qwen-ffn-rom/rtl/ffn_col_serial_16x16_b4.v:130$5664'.
No latch inferred for signal `\ffn_col_serial.\g_row[12].prods[0]' from process `\ffn_col_serial.$proc$/Users/toprakgundogdu/qwen-ffn-rom/rtl/ffn_col_serial_16x16_b4.v:130$5663'.
No latch inferred for signal `\ffn_col_serial.\contrib[11]' from process `\ffn_col_serial.$proc$/Users/toprakgundogdu/qwen-ffn-rom/rtl/ffn_col_serial_16x16_b4.v:138$5657'.
No latch inferred for signal `\ffn_col_serial.\part[11]' from process `\ffn_col_serial.$proc$/Users/toprakgundogdu/qwen-ffn-rom/rtl/ffn_col_serial_16x16_b4.v:134$5656'.
No latch inferred for signal `\ffn_col_serial.\g_row[11].prods[15]' from process `\ffn_col_serial.$proc$/Users/toprakgundogdu/qwen-ffn-rom/rtl/ffn_col_serial_16x16_b4.v:130$5655'.
No latch inferred for signal `\ffn_col_serial.\g_row[11].prods[14]' from process `\ffn_col_serial.$proc$/Users/toprakgundogdu/qwen-ffn-rom/rtl/ffn_col_serial_16x16_b4.v:130$5654'.
No latch inferred for signal `\ffn_col_serial.\g_row[11].prods[13]' from process `\ffn_col_serial.$proc$/Users/toprakgundogdu/qwen-ffn-rom/rtl/ffn_col_serial_16x16_b4.v:130$5653'.
No latch inferred for signal `\ffn_col_serial.\g_row[11].prods[12]' from process `\ffn_col_serial.$proc$/Users/toprakgundogdu/qwen-ffn-rom/rtl/ffn_col_serial_16x16_b4.v:130$5652'.
No latch inferred for signal `\ffn_col_serial.\g_row[11].prods[11]' from process `\ffn_col_serial.$proc$/Users/toprakgundogdu/qwen-ffn-rom/rtl/ffn_col_serial_16x16_b4.v:130$5651'.
No latch inferred for signal `\ffn_col_serial.\g_row[11].prods[10]' from process `\ffn_col_serial.$proc$/Users/toprakgundogdu/qwen-ffn-rom/rtl/ffn_col_serial_16x16_b4.v:130$5650'.
No latch inferred for signal `\ffn_col_serial.\g_row[11].prods[9]' from process `\ffn_col_serial.$proc$/Users/toprakgundogdu/qwen-ffn-rom/rtl/ffn_col_serial_16x16_b4.v:130$5649'.
No latch inferred for signal `\ffn_col_serial.\g_row[11].prods[8]' from process `\ffn_col_serial.$proc$/Users/toprakgundogdu/qwen-ffn-rom/rtl/ffn_col_serial_16x16_b4.v:130$5648'.
No latch inferred for signal `\ffn_col_serial.\g_row[11].prods[7]' from process `\ffn_col_serial.$proc$/Users/toprakgundogdu/qwen-ffn-rom/rtl/ffn_col_serial_16x16_b4.v:130$5647'.
No latch inferred for signal `\ffn_col_serial.\g_row[11].prods[6]' from process `\ffn_col_serial.$proc$/Users/toprakgundogdu/qwen-ffn-rom/rtl/ffn_col_serial_16x16_b4.v:130$5646'.
No latch inferred for signal `\ffn_col_serial.\g_row[11].prods[5]' from process `\ffn_col_serial.$proc$/Users/toprakgundogdu/qwen-ffn-rom/rtl/ffn_col_serial_16x16_b4.v:130$5645'.
No latch inferred for signal `\ffn_col_serial.\g_row[11].prods[4]' from process `\ffn_col_serial.$proc$/Users/toprakgundogdu/qwen-ffn-rom/rtl/ffn_col_serial_16x16_b4.v:130$5644'.
No latch inferred for signal `\ffn_col_serial.\g_row[11].prods[3]' from process `\ffn_col_serial.$proc$/Users/toprakgundogdu/qwen-ffn-rom/rtl/ffn_col_serial_16x16_b4.v:130$5643'.
No latch inferred for signal `\ffn_col_serial.\g_row[11].prods[2]' from process `\ffn_col_serial.$proc$/Users/toprakgundogdu/qwen-ffn-rom/rtl/ffn_col_serial_16x16_b4.v:130$5642'.
No latch inferred for signal `\ffn_col_serial.\g_row[11].prods[1]' from process `\ffn_col_serial.$proc$/Users/toprakgundogdu/qwen-ffn-rom/rtl/ffn_col_serial_16x16_b4.v:130$5641'.
No latch inferred for signal `\ffn_col_serial.\g_row[11].prods[0]' from process `\ffn_col_serial.$proc$/Users/toprakgundogdu/qwen-ffn-rom/rtl/ffn_col_serial_16x16_b4.v:130$5640'.
No latch inferred for signal `\ffn_col_serial.\contrib[10]' from process `\ffn_col_serial.$proc$/Users/toprakgundogdu/qwen-ffn-rom/rtl/ffn_col_serial_16x16_b4.v:138$5634'.
No latch inferred for signal `\ffn_col_serial.\part[10]' from process `\ffn_col_serial.$proc$/Users/toprakgundogdu/qwen-ffn-rom/rtl/ffn_col_serial_16x16_b4.v:134$5633'.
No latch inferred for signal `\ffn_col_serial.\g_row[10].prods[15]' from process `\ffn_col_serial.$proc$/Users/toprakgundogdu/qwen-ffn-rom/rtl/ffn_col_serial_16x16_b4.v:130$5632'.
No latch inferred for signal `\ffn_col_serial.\g_row[10].prods[14]' from process `\ffn_col_serial.$proc$/Users/toprakgundogdu/qwen-ffn-rom/rtl/ffn_col_serial_16x16_b4.v:130$5631'.
No latch inferred for signal `\ffn_col_serial.\g_row[10].prods[13]' from process `\ffn_col_serial.$proc$/Users/toprakgundogdu/qwen-ffn-rom/rtl/ffn_col_serial_16x16_b4.v:130$5630'.
No latch inferred for signal `\ffn_col_serial.\g_row[10].prods[12]' from process `\ffn_col_serial.$proc$/Users/toprakgundogdu/qwen-ffn-rom/rtl/ffn_col_serial_16x16_b4.v:130$5629'.
No latch inferred for signal `\ffn_col_serial.\g_row[10].prods[11]' from process `\ffn_col_serial.$proc$/Users/toprakgundogdu/qwen-ffn-rom/rtl/ffn_col_serial_16x16_b4.v:130$5628'.
No latch inferred for signal `\ffn_col_serial.\g_row[10].prods[10]' from process `\ffn_col_serial.$proc$/Users/toprakgundogdu/qwen-ffn-rom/rtl/ffn_col_serial_16x16_b4.v:130$5627'.
No latch inferred for signal `\ffn_col_serial.\g_row[10].prods[9]' from process `\ffn_col_serial.$proc$/Users/toprakgundogdu/qwen-ffn-rom/rtl/ffn_col_serial_16x16_b4.v:130$5626'.
No latch inferred for signal `\ffn_col_serial.\g_row[10].prods[8]' from process `\ffn_col_serial.$proc$/Users/toprakgundogdu/qwen-ffn-rom/rtl/ffn_col_serial_16x16_b4.v:130$5625'.
No latch inferred for signal `\ffn_col_serial.\g_row[10].prods[7]' from process `\ffn_col_serial.$proc$/Users/toprakgundogdu/qwen-ffn-rom/rtl/ffn_col_serial_16x16_b4.v:130$5624'.
No latch inferred for signal `\ffn_col_serial.\g_row[10].prods[6]' from process `\ffn_col_serial.$proc$/Users/toprakgundogdu/qwen-ffn-rom/rtl/ffn_col_serial_16x16_b4.v:130$5623'.
No latch inferred for signal `\ffn_col_serial.\g_row[10].prods[5]' from process `\ffn_col_serial.$proc$/Users/toprakgundogdu/qwen-ffn-rom/rtl/ffn_col_serial_16x16_b4.v:130$5622'.
No latch inferred for signal `\ffn_col_serial.\g_row[10].prods[4]' from process `\ffn_col_serial.$proc$/Users/toprakgundogdu/qwen-ffn-rom/rtl/ffn_col_serial_16x16_b4.v:130$5621'.
No latch inferred for signal `\ffn_col_serial.\g_row[10].prods[3]' from process `\ffn_col_serial.$proc$/Users/toprakgundogdu/qwen-ffn-rom/rtl/ffn_col_serial_16x16_b4.v:130$5620'.
No latch inferred for signal `\ffn_col_serial.\g_row[10].prods[2]' from process `\ffn_col_serial.$proc$/Users/toprakgundogdu/qwen-ffn-rom/rtl/ffn_col_serial_16x16_b4.v:130$5619'.
No latch inferred for signal `\ffn_col_serial.\g_row[10].prods[1]' from process `\ffn_col_serial.$proc$/Users/toprakgundogdu/qwen-ffn-rom/rtl/ffn_col_serial_16x16_b4.v:130$5618'.
No latch inferred for signal `\ffn_col_serial.\g_row[10].prods[0]' from process `\ffn_col_serial.$proc$/Users/toprakgundogdu/qwen-ffn-rom/rtl/ffn_col_serial_16x16_b4.v:130$5617'.
No latch inferred for signal `\ffn_col_serial.\contrib[9]' from process `\ffn_col_serial.$proc$/Users/toprakgundogdu/qwen-ffn-rom/rtl/ffn_col_serial_16x16_b4.v:138$5611'.
No latch inferred for signal `\ffn_col_serial.\part[9]' from process `\ffn_col_serial.$proc$/Users/toprakgundogdu/qwen-ffn-rom/rtl/ffn_col_serial_16x16_b4.v:134$5610'.
No latch inferred for signal `\ffn_col_serial.\g_row[9].prods[15]' from process `\ffn_col_serial.$proc$/Users/toprakgundogdu/qwen-ffn-rom/rtl/ffn_col_serial_16x16_b4.v:130$5609'.
No latch inferred for signal `\ffn_col_serial.\g_row[9].prods[14]' from process `\ffn_col_serial.$proc$/Users/toprakgundogdu/qwen-ffn-rom/rtl/ffn_col_serial_16x16_b4.v:130$5608'.
No latch inferred for signal `\ffn_col_serial.\g_row[9].prods[13]' from process `\ffn_col_serial.$proc$/Users/toprakgundogdu/qwen-ffn-rom/rtl/ffn_col_serial_16x16_b4.v:130$5607'.
No latch inferred for signal `\ffn_col_serial.\g_row[9].prods[12]' from process `\ffn_col_serial.$proc$/Users/toprakgundogdu/qwen-ffn-rom/rtl/ffn_col_serial_16x16_b4.v:130$5606'.
No latch inferred for signal `\ffn_col_serial.\g_row[9].prods[11]' from process `\ffn_col_serial.$proc$/Users/toprakgundogdu/qwen-ffn-rom/rtl/ffn_col_serial_16x16_b4.v:130$5605'.
No latch inferred for signal `\ffn_col_serial.\g_row[9].prods[10]' from process `\ffn_col_serial.$proc$/Users/toprakgundogdu/qwen-ffn-rom/rtl/ffn_col_serial_16x16_b4.v:130$5604'.
No latch inferred for signal `\ffn_col_serial.\g_row[9].prods[9]' from process `\ffn_col_serial.$proc$/Users/toprakgundogdu/qwen-ffn-rom/rtl/ffn_col_serial_16x16_b4.v:130$5603'.
No latch inferred for signal `\ffn_col_serial.\g_row[9].prods[8]' from process `\ffn_col_serial.$proc$/Users/toprakgundogdu/qwen-ffn-rom/rtl/ffn_col_serial_16x16_b4.v:130$5602'.
No latch inferred for signal `\ffn_col_serial.\g_row[9].prods[7]' from process `\ffn_col_serial.$proc$/Users/toprakgundogdu/qwen-ffn-rom/rtl/ffn_col_serial_16x16_b4.v:130$5601'.
No latch inferred for signal `\ffn_col_serial.\g_row[9].prods[6]' from process `\ffn_col_serial.$proc$/Users/toprakgundogdu/qwen-ffn-rom/rtl/ffn_col_serial_16x16_b4.v:130$5600'.
No latch inferred for signal `\ffn_col_serial.\g_row[9].prods[5]' from process `\ffn_col_serial.$proc$/Users/toprakgundogdu/qwen-ffn-rom/rtl/ffn_col_serial_16x16_b4.v:130$5599'.
No latch inferred for signal `\ffn_col_serial.\g_row[9].prods[4]' from process `\ffn_col_serial.$proc$/Users/toprakgundogdu/qwen-ffn-rom/rtl/ffn_col_serial_16x16_b4.v:130$5598'.
No latch inferred for signal `\ffn_col_serial.\g_row[9].prods[3]' from process `\ffn_col_serial.$proc$/Users/toprakgundogdu/qwen-ffn-rom/rtl/ffn_col_serial_16x16_b4.v:130$5597'.
No latch inferred for signal `\ffn_col_serial.\g_row[9].prods[2]' from process `\ffn_col_serial.$proc$/Users/toprakgundogdu/qwen-ffn-rom/rtl/ffn_col_serial_16x16_b4.v:130$5596'.
No latch inferred for signal `\ffn_col_serial.\g_row[9].prods[1]' from process `\ffn_col_serial.$proc$/Users/toprakgundogdu/qwen-ffn-rom/rtl/ffn_col_serial_16x16_b4.v:130$5595'.
No latch inferred for signal `\ffn_col_serial.\g_row[9].prods[0]' from process `\ffn_col_serial.$proc$/Users/toprakgundogdu/qwen-ffn-rom/rtl/ffn_col_serial_16x16_b4.v:130$5594'.
No latch inferred for signal `\ffn_col_serial.\contrib[8]' from process `\ffn_col_serial.$proc$/Users/toprakgundogdu/qwen-ffn-rom/rtl/ffn_col_serial_16x16_b4.v:138$5588'.
No latch inferred for signal `\ffn_col_serial.\part[8]' from process `\ffn_col_serial.$proc$/Users/toprakgundogdu/qwen-ffn-rom/rtl/ffn_col_serial_16x16_b4.v:134$5587'.
No latch inferred for signal `\ffn_col_serial.\g_row[8].prods[15]' from process `\ffn_col_serial.$proc$/Users/toprakgundogdu/qwen-ffn-rom/rtl/ffn_col_serial_16x16_b4.v:130$5586'.
No latch inferred for signal `\ffn_col_serial.\g_row[8].prods[14]' from process `\ffn_col_serial.$proc$/Users/toprakgundogdu/qwen-ffn-rom/rtl/ffn_col_serial_16x16_b4.v:130$5585'.
No latch inferred for signal `\ffn_col_serial.\g_row[8].prods[13]' from process `\ffn_col_serial.$proc$/Users/toprakgundogdu/qwen-ffn-rom/rtl/ffn_col_serial_16x16_b4.v:130$5584'.
No latch inferred for signal `\ffn_col_serial.\g_row[8].prods[12]' from process `\ffn_col_serial.$proc$/Users/toprakgundogdu/qwen-ffn-rom/rtl/ffn_col_serial_16x16_b4.v:130$5583'.
No latch inferred for signal `\ffn_col_serial.\g_row[8].prods[11]' from process `\ffn_col_serial.$proc$/Users/toprakgundogdu/qwen-ffn-rom/rtl/ffn_col_serial_16x16_b4.v:130$5582'.
No latch inferred for signal `\ffn_col_serial.\g_row[8].prods[10]' from process `\ffn_col_serial.$proc$/Users/toprakgundogdu/qwen-ffn-rom/rtl/ffn_col_serial_16x16_b4.v:130$5581'.
No latch inferred for signal `\ffn_col_serial.\g_row[8].prods[9]' from process `\ffn_col_serial.$proc$/Users/toprakgundogdu/qwen-ffn-rom/rtl/ffn_col_serial_16x16_b4.v:130$5580'.
No latch inferred for signal `\ffn_col_serial.\g_row[8].prods[8]' from process `\ffn_col_serial.$proc$/Users/toprakgundogdu/qwen-ffn-rom/rtl/ffn_col_serial_16x16_b4.v:130$5579'.
No latch inferred for signal `\ffn_col_serial.\g_row[8].prods[7]' from process `\ffn_col_serial.$proc$/Users/toprakgundogdu/qwen-ffn-rom/rtl/ffn_col_serial_16x16_b4.v:130$5578'.
No latch inferred for signal `\ffn_col_serial.\g_row[8].prods[6]' from process `\ffn_col_serial.$proc$/Users/toprakgundogdu/qwen-ffn-rom/rtl/ffn_col_serial_16x16_b4.v:130$5577'.
No latch inferred for signal `\ffn_col_serial.\g_row[8].prods[5]' from process `\ffn_col_serial.$proc$/Users/toprakgundogdu/qwen-ffn-rom/rtl/ffn_col_serial_16x16_b4.v:130$5576'.
No latch inferred for signal `\ffn_col_serial.\g_row[8].prods[4]' from process `\ffn_col_serial.$proc$/Users/toprakgundogdu/qwen-ffn-rom/rtl/ffn_col_serial_16x16_b4.v:130$5575'.
No latch inferred for signal `\ffn_col_serial.\g_row[8].prods[3]' from process `\ffn_col_serial.$proc$/Users/toprakgundogdu/qwen-ffn-rom/rtl/ffn_col_serial_16x16_b4.v:130$5574'.
No latch inferred for signal `\ffn_col_serial.\g_row[8].prods[2]' from process `\ffn_col_serial.$proc$/Users/toprakgundogdu/qwen-ffn-rom/rtl/ffn_col_serial_16x16_b4.v:130$5573'.
No latch inferred for signal `\ffn_col_serial.\g_row[8].prods[1]' from process `\ffn_col_serial.$proc$/Users/toprakgundogdu/qwen-ffn-rom/rtl/ffn_col_serial_16x16_b4.v:130$5572'.
No latch inferred for signal `\ffn_col_serial.\g_row[8].prods[0]' from process `\ffn_col_serial.$proc$/Users/toprakgundogdu/qwen-ffn-rom/rtl/ffn_col_serial_16x16_b4.v:130$5571'.
No latch inferred for signal `\ffn_col_serial.\contrib[7]' from process `\ffn_col_serial.$proc$/Users/toprakgundogdu/qwen-ffn-rom/rtl/ffn_col_serial_16x16_b4.v:138$5565'.
No latch inferred for signal `\ffn_col_serial.\part[7]' from process `\ffn_col_serial.$proc$/Users/toprakgundogdu/qwen-ffn-rom/rtl/ffn_col_serial_16x16_b4.v:134$5564'.
No latch inferred for signal `\ffn_col_serial.\g_row[7].prods[15]' from process `\ffn_col_serial.$proc$/Users/toprakgundogdu/qwen-ffn-rom/rtl/ffn_col_serial_16x16_b4.v:130$5563'.
No latch inferred for signal `\ffn_col_serial.\g_row[7].prods[14]' from process `\ffn_col_serial.$proc$/Users/toprakgundogdu/qwen-ffn-rom/rtl/ffn_col_serial_16x16_b4.v:130$5562'.
No latch inferred for signal `\ffn_col_serial.\g_row[7].prods[13]' from process `\ffn_col_serial.$proc$/Users/toprakgundogdu/qwen-ffn-rom/rtl/ffn_col_serial_16x16_b4.v:130$5561'.
No latch inferred for signal `\ffn_col_serial.\g_row[7].prods[12]' from process `\ffn_col_serial.$proc$/Users/toprakgundogdu/qwen-ffn-rom/rtl/ffn_col_serial_16x16_b4.v:130$5560'.
No latch inferred for signal `\ffn_col_serial.\g_row[7].prods[11]' from process `\ffn_col_serial.$proc$/Users/toprakgundogdu/qwen-ffn-rom/rtl/ffn_col_serial_16x16_b4.v:130$5559'.
No latch inferred for signal `\ffn_col_serial.\g_row[7].prods[10]' from process `\ffn_col_serial.$proc$/Users/toprakgundogdu/qwen-ffn-rom/rtl/ffn_col_serial_16x16_b4.v:130$5558'.
No latch inferred for signal `\ffn_col_serial.\g_row[7].prods[9]' from process `\ffn_col_serial.$proc$/Users/toprakgundogdu/qwen-ffn-rom/rtl/ffn_col_serial_16x16_b4.v:130$5557'.
No latch inferred for signal `\ffn_col_serial.\g_row[7].prods[8]' from process `\ffn_col_serial.$proc$/Users/toprakgundogdu/qwen-ffn-rom/rtl/ffn_col_serial_16x16_b4.v:130$5556'.
No latch inferred for signal `\ffn_col_serial.\g_row[7].prods[7]' from process `\ffn_col_serial.$proc$/Users/toprakgundogdu/qwen-ffn-rom/rtl/ffn_col_serial_16x16_b4.v:130$5555'.
No latch inferred for signal `\ffn_col_serial.\g_row[7].prods[6]' from process `\ffn_col_serial.$proc$/Users/toprakgundogdu/qwen-ffn-rom/rtl/ffn_col_serial_16x16_b4.v:130$5554'.
No latch inferred for signal `\ffn_col_serial.\g_row[7].prods[5]' from process `\ffn_col_serial.$proc$/Users/toprakgundogdu/qwen-ffn-rom/rtl/ffn_col_serial_16x16_b4.v:130$5553'.
No latch inferred for signal `\ffn_col_serial.\g_row[7].prods[4]' from process `\ffn_col_serial.$proc$/Users/toprakgundogdu/qwen-ffn-rom/rtl/ffn_col_serial_16x16_b4.v:130$5552'.
No latch inferred for signal `\ffn_col_serial.\g_row[7].prods[3]' from process `\ffn_col_serial.$proc$/Users/toprakgundogdu/qwen-ffn-rom/rtl/ffn_col_serial_16x16_b4.v:130$5551'.
No latch inferred for signal `\ffn_col_serial.\g_row[7].prods[2]' from process `\ffn_col_serial.$proc$/Users/toprakgundogdu/qwen-ffn-rom/rtl/ffn_col_serial_16x16_b4.v:130$5550'.
No latch inferred for signal `\ffn_col_serial.\g_row[7].prods[1]' from process `\ffn_col_serial.$proc$/Users/toprakgundogdu/qwen-ffn-rom/rtl/ffn_col_serial_16x16_b4.v:130$5549'.
No latch inferred for signal `\ffn_col_serial.\g_row[7].prods[0]' from process `\ffn_col_serial.$proc$/Users/toprakgundogdu/qwen-ffn-rom/rtl/ffn_col_serial_16x16_b4.v:130$5548'.
No latch inferred for signal `\ffn_col_serial.\contrib[6]' from process `\ffn_col_serial.$proc$/Users/toprakgundogdu/qwen-ffn-rom/rtl/ffn_col_serial_16x16_b4.v:138$5542'.
No latch inferred for signal `\ffn_col_serial.\part[6]' from process `\ffn_col_serial.$proc$/Users/toprakgundogdu/qwen-ffn-rom/rtl/ffn_col_serial_16x16_b4.v:134$5541'.
No latch inferred for signal `\ffn_col_serial.\g_row[6].prods[15]' from process `\ffn_col_serial.$proc$/Users/toprakgundogdu/qwen-ffn-rom/rtl/ffn_col_serial_16x16_b4.v:130$5540'.
No latch inferred for signal `\ffn_col_serial.\g_row[6].prods[14]' from process `\ffn_col_serial.$proc$/Users/toprakgundogdu/qwen-ffn-rom/rtl/ffn_col_serial_16x16_b4.v:130$5539'.
No latch inferred for signal `\ffn_col_serial.\g_row[6].prods[13]' from process `\ffn_col_serial.$proc$/Users/toprakgundogdu/qwen-ffn-rom/rtl/ffn_col_serial_16x16_b4.v:130$5538'.
No latch inferred for signal `\ffn_col_serial.\g_row[6].prods[12]' from process `\ffn_col_serial.$proc$/Users/toprakgundogdu/qwen-ffn-rom/rtl/ffn_col_serial_16x16_b4.v:130$5537'.
No latch inferred for signal `\ffn_col_serial.\g_row[6].prods[11]' from process `\ffn_col_serial.$proc$/Users/toprakgundogdu/qwen-ffn-rom/rtl/ffn_col_serial_16x16_b4.v:130$5536'.
No latch inferred for signal `\ffn_col_serial.\g_row[6].prods[10]' from process `\ffn_col_serial.$proc$/Users/toprakgundogdu/qwen-ffn-rom/rtl/ffn_col_serial_16x16_b4.v:130$5535'.
No latch inferred for signal `\ffn_col_serial.\g_row[6].prods[9]' from process `\ffn_col_serial.$proc$/Users/toprakgundogdu/qwen-ffn-rom/rtl/ffn_col_serial_16x16_b4.v:130$5534'.
No latch inferred for signal `\ffn_col_serial.\g_row[6].prods[8]' from process `\ffn_col_serial.$proc$/Users/toprakgundogdu/qwen-ffn-rom/rtl/ffn_col_serial_16x16_b4.v:130$5533'.
No latch inferred for signal `\ffn_col_serial.\g_row[6].prods[7]' from process `\ffn_col_serial.$proc$/Users/toprakgundogdu/qwen-ffn-rom/rtl/ffn_col_serial_16x16_b4.v:130$5532'.
No latch inferred for signal `\ffn_col_serial.\g_row[6].prods[6]' from process `\ffn_col_serial.$proc$/Users/toprakgundogdu/qwen-ffn-rom/rtl/ffn_col_serial_16x16_b4.v:130$5531'.
No latch inferred for signal `\ffn_col_serial.\g_row[6].prods[5]' from process `\ffn_col_serial.$proc$/Users/toprakgundogdu/qwen-ffn-rom/rtl/ffn_col_serial_16x16_b4.v:130$5530'.
No latch inferred for signal `\ffn_col_serial.\g_row[6].prods[4]' from process `\ffn_col_serial.$proc$/Users/toprakgundogdu/qwen-ffn-rom/rtl/ffn_col_serial_16x16_b4.v:130$5529'.
No latch inferred for signal `\ffn_col_serial.\g_row[6].prods[3]' from process `\ffn_col_serial.$proc$/Users/toprakgundogdu/qwen-ffn-rom/rtl/ffn_col_serial_16x16_b4.v:130$5528'.
No latch inferred for signal `\ffn_col_serial.\g_row[6].prods[2]' from process `\ffn_col_serial.$proc$/Users/toprakgundogdu/qwen-ffn-rom/rtl/ffn_col_serial_16x16_b4.v:130$5527'.
No latch inferred for signal `\ffn_col_serial.\g_row[6].prods[1]' from process `\ffn_col_serial.$proc$/Users/toprakgundogdu/qwen-ffn-rom/rtl/ffn_col_serial_16x16_b4.v:130$5526'.
No latch inferred for signal `\ffn_col_serial.\g_row[6].prods[0]' from process `\ffn_col_serial.$proc$/Users/toprakgundogdu/qwen-ffn-rom/rtl/ffn_col_serial_16x16_b4.v:130$5525'.
No latch inferred for signal `\ffn_col_serial.\contrib[5]' from process `\ffn_col_serial.$proc$/Users/toprakgundogdu/qwen-ffn-rom/rtl/ffn_col_serial_16x16_b4.v:138$5519'.
No latch inferred for signal `\ffn_col_serial.\part[5]' from process `\ffn_col_serial.$proc$/Users/toprakgundogdu/qwen-ffn-rom/rtl/ffn_col_serial_16x16_b4.v:134$5518'.
No latch inferred for signal `\ffn_col_serial.\g_row[5].prods[15]' from process `\ffn_col_serial.$proc$/Users/toprakgundogdu/qwen-ffn-rom/rtl/ffn_col_serial_16x16_b4.v:130$5517'.
No latch inferred for signal `\ffn_col_serial.\g_row[5].prods[14]' from process `\ffn_col_serial.$proc$/Users/toprakgundogdu/qwen-ffn-rom/rtl/ffn_col_serial_16x16_b4.v:130$5516'.
No latch inferred for signal `\ffn_col_serial.\g_row[5].prods[13]' from process `\ffn_col_serial.$proc$/Users/toprakgundogdu/qwen-ffn-rom/rtl/ffn_col_serial_16x16_b4.v:130$5515'.
No latch inferred for signal `\ffn_col_serial.\g_row[5].prods[12]' from process `\ffn_col_serial.$proc$/Users/toprakgundogdu/qwen-ffn-rom/rtl/ffn_col_serial_16x16_b4.v:130$5514'.
No latch inferred for signal `\ffn_col_serial.\g_row[5].prods[11]' from process `\ffn_col_serial.$proc$/Users/toprakgundogdu/qwen-ffn-rom/rtl/ffn_col_serial_16x16_b4.v:130$5513'.
No latch inferred for signal `\ffn_col_serial.\g_row[5].prods[10]' from process `\ffn_col_serial.$proc$/Users/toprakgundogdu/qwen-ffn-rom/rtl/ffn_col_serial_16x16_b4.v:130$5512'.
No latch inferred for signal `\ffn_col_serial.\g_row[5].prods[9]' from process `\ffn_col_serial.$proc$/Users/toprakgundogdu/qwen-ffn-rom/rtl/ffn_col_serial_16x16_b4.v:130$5511'.
No latch inferred for signal `\ffn_col_serial.\g_row[5].prods[8]' from process `\ffn_col_serial.$proc$/Users/toprakgundogdu/qwen-ffn-rom/rtl/ffn_col_serial_16x16_b4.v:130$5510'.
No latch inferred for signal `\ffn_col_serial.\g_row[5].prods[7]' from process `\ffn_col_serial.$proc$/Users/toprakgundogdu/qwen-ffn-rom/rtl/ffn_col_serial_16x16_b4.v:130$5509'.
No latch inferred for signal `\ffn_col_serial.\g_row[5].prods[6]' from process `\ffn_col_serial.$proc$/Users/toprakgundogdu/qwen-ffn-rom/rtl/ffn_col_serial_16x16_b4.v:130$5508'.
No latch inferred for signal `\ffn_col_serial.\g_row[5].prods[5]' from process `\ffn_col_serial.$proc$/Users/toprakgundogdu/qwen-ffn-rom/rtl/ffn_col_serial_16x16_b4.v:130$5507'.
No latch inferred for signal `\ffn_col_serial.\g_row[5].prods[4]' from process `\ffn_col_serial.$proc$/Users/toprakgundogdu/qwen-ffn-rom/rtl/ffn_col_serial_16x16_b4.v:130$5506'.
No latch inferred for signal `\ffn_col_serial.\g_row[5].prods[3]' from process `\ffn_col_serial.$proc$/Users/toprakgundogdu/qwen-ffn-rom/rtl/ffn_col_serial_16x16_b4.v:130$5505'.
No latch inferred for signal `\ffn_col_serial.\g_row[5].prods[2]' from process `\ffn_col_serial.$proc$/Users/toprakgundogdu/qwen-ffn-rom/rtl/ffn_col_serial_16x16_b4.v:130$5504'.
No latch inferred for signal `\ffn_col_serial.\g_row[5].prods[1]' from process `\ffn_col_serial.$proc$/Users/toprakgundogdu/qwen-ffn-rom/rtl/ffn_col_serial_16x16_b4.v:130$5503'.
No latch inferred for signal `\ffn_col_serial.\g_row[5].prods[0]' from process `\ffn_col_serial.$proc$/Users/toprakgundogdu/qwen-ffn-rom/rtl/ffn_col_serial_16x16_b4.v:130$5502'.
No latch inferred for signal `\ffn_col_serial.\contrib[4]' from process `\ffn_col_serial.$proc$/Users/toprakgundogdu/qwen-ffn-rom/rtl/ffn_col_serial_16x16_b4.v:138$5496'.
No latch inferred for signal `\ffn_col_serial.\part[4]' from process `\ffn_col_serial.$proc$/Users/toprakgundogdu/qwen-ffn-rom/rtl/ffn_col_serial_16x16_b4.v:134$5495'.
No latch inferred for signal `\ffn_col_serial.\g_row[4].prods[15]' from process `\ffn_col_serial.$proc$/Users/toprakgundogdu/qwen-ffn-rom/rtl/ffn_col_serial_16x16_b4.v:130$5494'.
No latch inferred for signal `\ffn_col_serial.\g_row[4].prods[14]' from process `\ffn_col_serial.$proc$/Users/toprakgundogdu/qwen-ffn-rom/rtl/ffn_col_serial_16x16_b4.v:130$5493'.
No latch inferred for signal `\ffn_col_serial.\g_row[4].prods[13]' from process `\ffn_col_serial.$proc$/Users/toprakgundogdu/qwen-ffn-rom/rtl/ffn_col_serial_16x16_b4.v:130$5492'.
No latch inferred for signal `\ffn_col_serial.\g_row[4].prods[12]' from process `\ffn_col_serial.$proc$/Users/toprakgundogdu/qwen-ffn-rom/rtl/ffn_col_serial_16x16_b4.v:130$5491'.
No latch inferred for signal `\ffn_col_serial.\g_row[4].prods[11]' from process `\ffn_col_serial.$proc$/Users/toprakgundogdu/qwen-ffn-rom/rtl/ffn_col_serial_16x16_b4.v:130$5490'.
No latch inferred for signal `\ffn_col_serial.\g_row[4].prods[10]' from process `\ffn_col_serial.$proc$/Users/toprakgundogdu/qwen-ffn-rom/rtl/ffn_col_serial_16x16_b4.v:130$5489'.
No latch inferred for signal `\ffn_col_serial.\g_row[4].prods[9]' from process `\ffn_col_serial.$proc$/Users/toprakgundogdu/qwen-ffn-rom/rtl/ffn_col_serial_16x16_b4.v:130$5488'.
No latch inferred for signal `\ffn_col_serial.\g_row[4].prods[8]' from process `\ffn_col_serial.$proc$/Users/toprakgundogdu/qwen-ffn-rom/rtl/ffn_col_serial_16x16_b4.v:130$5487'.
No latch inferred for signal `\ffn_col_serial.\g_row[4].prods[7]' from process `\ffn_col_serial.$proc$/Users/toprakgundogdu/qwen-ffn-rom/rtl/ffn_col_serial_16x16_b4.v:130$5486'.
No latch inferred for signal `\ffn_col_serial.\g_row[4].prods[6]' from process `\ffn_col_serial.$proc$/Users/toprakgundogdu/qwen-ffn-rom/rtl/ffn_col_serial_16x16_b4.v:130$5485'.
No latch inferred for signal `\ffn_col_serial.\g_row[4].prods[5]' from process `\ffn_col_serial.$proc$/Users/toprakgundogdu/qwen-ffn-rom/rtl/ffn_col_serial_16x16_b4.v:130$5484'.
No latch inferred for signal `\ffn_col_serial.\g_row[4].prods[4]' from process `\ffn_col_serial.$proc$/Users/toprakgundogdu/qwen-ffn-rom/rtl/ffn_col_serial_16x16_b4.v:130$5483'.
No latch inferred for signal `\ffn_col_serial.\g_row[4].prods[3]' from process `\ffn_col_serial.$proc$/Users/toprakgundogdu/qwen-ffn-rom/rtl/ffn_col_serial_16x16_b4.v:130$5482'.
No latch inferred for signal `\ffn_col_serial.\g_row[4].prods[2]' from process `\ffn_col_serial.$proc$/Users/toprakgundogdu/qwen-ffn-rom/rtl/ffn_col_serial_16x16_b4.v:130$5481'.
No latch inferred for signal `\ffn_col_serial.\g_row[4].prods[1]' from process `\ffn_col_serial.$proc$/Users/toprakgundogdu/qwen-ffn-rom/rtl/ffn_col_serial_16x16_b4.v:130$5480'.
No latch inferred for signal `\ffn_col_serial.\g_row[4].prods[0]' from process `\ffn_col_serial.$proc$/Users/toprakgundogdu/qwen-ffn-rom/rtl/ffn_col_serial_16x16_b4.v:130$5479'.
No latch inferred for signal `\ffn_col_serial.\contrib[3]' from process `\ffn_col_serial.$proc$/Users/toprakgundogdu/qwen-ffn-rom/rtl/ffn_col_serial_16x16_b4.v:138$5473'.
No latch inferred for signal `\ffn_col_serial.\part[3]' from process `\ffn_col_serial.$proc$/Users/toprakgundogdu/qwen-ffn-rom/rtl/ffn_col_serial_16x16_b4.v:134$5472'.
No latch inferred for signal `\ffn_col_serial.\g_row[3].prods[15]' from process `\ffn_col_serial.$proc$/Users/toprakgundogdu/qwen-ffn-rom/rtl/ffn_col_serial_16x16_b4.v:130$5471'.
No latch inferred for signal `\ffn_col_serial.\g_row[3].prods[14]' from process `\ffn_col_serial.$proc$/Users/toprakgundogdu/qwen-ffn-rom/rtl/ffn_col_serial_16x16_b4.v:130$5470'.
No latch inferred for signal `\ffn_col_serial.\g_row[3].prods[13]' from process `\ffn_col_serial.$proc$/Users/toprakgundogdu/qwen-ffn-rom/rtl/ffn_col_serial_16x16_b4.v:130$5469'.
No latch inferred for signal `\ffn_col_serial.\g_row[3].prods[12]' from process `\ffn_col_serial.$proc$/Users/toprakgundogdu/qwen-ffn-rom/rtl/ffn_col_serial_16x16_b4.v:130$5468'.
No latch inferred for signal `\ffn_col_serial.\g_row[3].prods[11]' from process `\ffn_col_serial.$proc$/Users/toprakgundogdu/qwen-ffn-rom/rtl/ffn_col_serial_16x16_b4.v:130$5467'.
No latch inferred for signal `\ffn_col_serial.\g_row[3].prods[10]' from process `\ffn_col_serial.$proc$/Users/toprakgundogdu/qwen-ffn-rom/rtl/ffn_col_serial_16x16_b4.v:130$5466'.
No latch inferred for signal `\ffn_col_serial.\g_row[3].prods[9]' from process `\ffn_col_serial.$proc$/Users/toprakgundogdu/qwen-ffn-rom/rtl/ffn_col_serial_16x16_b4.v:130$5465'.
No latch inferred for signal `\ffn_col_serial.\g_row[3].prods[8]' from process `\ffn_col_serial.$proc$/Users/toprakgundogdu/qwen-ffn-rom/rtl/ffn_col_serial_16x16_b4.v:130$5464'.
No latch inferred for signal `\ffn_col_serial.\g_row[3].prods[7]' from process `\ffn_col_serial.$proc$/Users/toprakgundogdu/qwen-ffn-rom/rtl/ffn_col_serial_16x16_b4.v:130$5463'.
No latch inferred for signal `\ffn_col_serial.\g_row[3].prods[6]' from process `\ffn_col_serial.$proc$/Users/toprakgundogdu/qwen-ffn-rom/rtl/ffn_col_serial_16x16_b4.v:130$5462'.
No latch inferred for signal `\ffn_col_serial.\g_row[3].prods[5]' from process `\ffn_col_serial.$proc$/Users/toprakgundogdu/qwen-ffn-rom/rtl/ffn_col_serial_16x16_b4.v:130$5461'.
No latch inferred for signal `\ffn_col_serial.\g_row[3].prods[4]' from process `\ffn_col_serial.$proc$/Users/toprakgundogdu/qwen-ffn-rom/rtl/ffn_col_serial_16x16_b4.v:130$5460'.
No latch inferred for signal `\ffn_col_serial.\g_row[3].prods[3]' from process `\ffn_col_serial.$proc$/Users/toprakgundogdu/qwen-ffn-rom/rtl/ffn_col_serial_16x16_b4.v:130$5459'.
No latch inferred for signal `\ffn_col_serial.\g_row[3].prods[2]' from process `\ffn_col_serial.$proc$/Users/toprakgundogdu/qwen-ffn-rom/rtl/ffn_col_serial_16x16_b4.v:130$5458'.
No latch inferred for signal `\ffn_col_serial.\g_row[3].prods[1]' from process `\ffn_col_serial.$proc$/Users/toprakgundogdu/qwen-ffn-rom/rtl/ffn_col_serial_16x16_b4.v:130$5457'.
No latch inferred for signal `\ffn_col_serial.\g_row[3].prods[0]' from process `\ffn_col_serial.$proc$/Users/toprakgundogdu/qwen-ffn-rom/rtl/ffn_col_serial_16x16_b4.v:130$5456'.
No latch inferred for signal `\ffn_col_serial.\contrib[2]' from process `\ffn_col_serial.$proc$/Users/toprakgundogdu/qwen-ffn-rom/rtl/ffn_col_serial_16x16_b4.v:138$5450'.
No latch inferred for signal `\ffn_col_serial.\part[2]' from process `\ffn_col_serial.$proc$/Users/toprakgundogdu/qwen-ffn-rom/rtl/ffn_col_serial_16x16_b4.v:134$5449'.
No latch inferred for signal `\ffn_col_serial.\g_row[2].prods[15]' from process `\ffn_col_serial.$proc$/Users/toprakgundogdu/qwen-ffn-rom/rtl/ffn_col_serial_16x16_b4.v:130$5448'.
No latch inferred for signal `\ffn_col_serial.\g_row[2].prods[14]' from process `\ffn_col_serial.$proc$/Users/toprakgundogdu/qwen-ffn-rom/rtl/ffn_col_serial_16x16_b4.v:130$5447'.
No latch inferred for signal `\ffn_col_serial.\g_row[2].prods[13]' from process `\ffn_col_serial.$proc$/Users/toprakgundogdu/qwen-ffn-rom/rtl/ffn_col_serial_16x16_b4.v:130$5446'.
No latch inferred for signal `\ffn_col_serial.\g_row[2].prods[12]' from process `\ffn_col_serial.$proc$/Users/toprakgundogdu/qwen-ffn-rom/rtl/ffn_col_serial_16x16_b4.v:130$5445'.
No latch inferred for signal `\ffn_col_serial.\g_row[2].prods[11]' from process `\ffn_col_serial.$proc$/Users/toprakgundogdu/qwen-ffn-rom/rtl/ffn_col_serial_16x16_b4.v:130$5444'.
No latch inferred for signal `\ffn_col_serial.\g_row[2].prods[10]' from process `\ffn_col_serial.$proc$/Users/toprakgundogdu/qwen-ffn-rom/rtl/ffn_col_serial_16x16_b4.v:130$5443'.
No latch inferred for signal `\ffn_col_serial.\g_row[2].prods[9]' from process `\ffn_col_serial.$proc$/Users/toprakgundogdu/qwen-ffn-rom/rtl/ffn_col_serial_16x16_b4.v:130$5442'.
No latch inferred for signal `\ffn_col_serial.\g_row[2].prods[8]' from process `\ffn_col_serial.$proc$/Users/toprakgundogdu/qwen-ffn-rom/rtl/ffn_col_serial_16x16_b4.v:130$5441'.
No latch inferred for signal `\ffn_col_serial.\g_row[2].prods[7]' from process `\ffn_col_serial.$proc$/Users/toprakgundogdu/qwen-ffn-rom/rtl/ffn_col_serial_16x16_b4.v:130$5440'.
No latch inferred for signal `\ffn_col_serial.\g_row[2].prods[6]' from process `\ffn_col_serial.$proc$/Users/toprakgundogdu/qwen-ffn-rom/rtl/ffn_col_serial_16x16_b4.v:130$5439'.
No latch inferred for signal `\ffn_col_serial.\g_row[2].prods[5]' from process `\ffn_col_serial.$proc$/Users/toprakgundogdu/qwen-ffn-rom/rtl/ffn_col_serial_16x16_b4.v:130$5438'.
No latch inferred for signal `\ffn_col_serial.\g_row[2].prods[4]' from process `\ffn_col_serial.$proc$/Users/toprakgundogdu/qwen-ffn-rom/rtl/ffn_col_serial_16x16_b4.v:130$5437'.
No latch inferred for signal `\ffn_col_serial.\g_row[2].prods[3]' from process `\ffn_col_serial.$proc$/Users/toprakgundogdu/qwen-ffn-rom/rtl/ffn_col_serial_16x16_b4.v:130$5436'.
No latch inferred for signal `\ffn_col_serial.\g_row[2].prods[2]' from process `\ffn_col_serial.$proc$/Users/toprakgundogdu/qwen-ffn-rom/rtl/ffn_col_serial_16x16_b4.v:130$5435'.
No latch inferred for signal `\ffn_col_serial.\g_row[2].prods[1]' from process `\ffn_col_serial.$proc$/Users/toprakgundogdu/qwen-ffn-rom/rtl/ffn_col_serial_16x16_b4.v:130$5434'.
No latch inferred for signal `\ffn_col_serial.\g_row[2].prods[0]' from process `\ffn_col_serial.$proc$/Users/toprakgundogdu/qwen-ffn-rom/rtl/ffn_col_serial_16x16_b4.v:130$5433'.
No latch inferred for signal `\ffn_col_serial.\contrib[1]' from process `\ffn_col_serial.$proc$/Users/toprakgundogdu/qwen-ffn-rom/rtl/ffn_col_serial_16x16_b4.v:138$5427'.
No latch inferred for signal `\ffn_col_serial.\part[1]' from process `\ffn_col_serial.$proc$/Users/toprakgundogdu/qwen-ffn-rom/rtl/ffn_col_serial_16x16_b4.v:134$5426'.
No latch inferred for signal `\ffn_col_serial.\g_row[1].prods[15]' from process `\ffn_col_serial.$proc$/Users/toprakgundogdu/qwen-ffn-rom/rtl/ffn_col_serial_16x16_b4.v:130$5425'.
No latch inferred for signal `\ffn_col_serial.\g_row[1].prods[14]' from process `\ffn_col_serial.$proc$/Users/toprakgundogdu/qwen-ffn-rom/rtl/ffn_col_serial_16x16_b4.v:130$5424'.
No latch inferred for signal `\ffn_col_serial.\g_row[1].prods[13]' from process `\ffn_col_serial.$proc$/Users/toprakgundogdu/qwen-ffn-rom/rtl/ffn_col_serial_16x16_b4.v:130$5423'.
No latch inferred for signal `\ffn_col_serial.\g_row[1].prods[12]' from process `\ffn_col_serial.$proc$/Users/toprakgundogdu/qwen-ffn-rom/rtl/ffn_col_serial_16x16_b4.v:130$5422'.
No latch inferred for signal `\ffn_col_serial.\g_row[1].prods[11]' from process `\ffn_col_serial.$proc$/Users/toprakgundogdu/qwen-ffn-rom/rtl/ffn_col_serial_16x16_b4.v:130$5421'.
No latch inferred for signal `\ffn_col_serial.\g_row[1].prods[10]' from process `\ffn_col_serial.$proc$/Users/toprakgundogdu/qwen-ffn-rom/rtl/ffn_col_serial_16x16_b4.v:130$5420'.
No latch inferred for signal `\ffn_col_serial.\g_row[1].prods[9]' from process `\ffn_col_serial.$proc$/Users/toprakgundogdu/qwen-ffn-rom/rtl/ffn_col_serial_16x16_b4.v:130$5419'.
No latch inferred for signal `\ffn_col_serial.\g_row[1].prods[8]' from process `\ffn_col_serial.$proc$/Users/toprakgundogdu/qwen-ffn-rom/rtl/ffn_col_serial_16x16_b4.v:130$5418'.
No latch inferred for signal `\ffn_col_serial.\g_row[1].prods[7]' from process `\ffn_col_serial.$proc$/Users/toprakgundogdu/qwen-ffn-rom/rtl/ffn_col_serial_16x16_b4.v:130$5417'.
No latch inferred for signal `\ffn_col_serial.\g_row[1].prods[6]' from process `\ffn_col_serial.$proc$/Users/toprakgundogdu/qwen-ffn-rom/rtl/ffn_col_serial_16x16_b4.v:130$5416'.
No latch inferred for signal `\ffn_col_serial.\g_row[1].prods[5]' from process `\ffn_col_serial.$proc$/Users/toprakgundogdu/qwen-ffn-rom/rtl/ffn_col_serial_16x16_b4.v:130$5415'.
No latch inferred for signal `\ffn_col_serial.\g_row[1].prods[4]' from process `\ffn_col_serial.$proc$/Users/toprakgundogdu/qwen-ffn-rom/rtl/ffn_col_serial_16x16_b4.v:130$5414'.
No latch inferred for signal `\ffn_col_serial.\g_row[1].prods[3]' from process `\ffn_col_serial.$proc$/Users/toprakgundogdu/qwen-ffn-rom/rtl/ffn_col_serial_16x16_b4.v:130$5413'.
No latch inferred for signal `\ffn_col_serial.\g_row[1].prods[2]' from process `\ffn_col_serial.$proc$/Users/toprakgundogdu/qwen-ffn-rom/rtl/ffn_col_serial_16x16_b4.v:130$5412'.
No latch inferred for signal `\ffn_col_serial.\g_row[1].prods[1]' from process `\ffn_col_serial.$proc$/Users/toprakgundogdu/qwen-ffn-rom/rtl/ffn_col_serial_16x16_b4.v:130$5411'.
No latch inferred for signal `\ffn_col_serial.\g_row[1].prods[0]' from process `\ffn_col_serial.$proc$/Users/toprakgundogdu/qwen-ffn-rom/rtl/ffn_col_serial_16x16_b4.v:130$5410'.
No latch inferred for signal `\ffn_col_serial.\contrib[0]' from process `\ffn_col_serial.$proc$/Users/toprakgundogdu/qwen-ffn-rom/rtl/ffn_col_serial_16x16_b4.v:138$5404'.
No latch inferred for signal `\ffn_col_serial.\part[0]' from process `\ffn_col_serial.$proc$/Users/toprakgundogdu/qwen-ffn-rom/rtl/ffn_col_serial_16x16_b4.v:134$5403'.
No latch inferred for signal `\ffn_col_serial.\g_row[0].prods[15]' from process `\ffn_col_serial.$proc$/Users/toprakgundogdu/qwen-ffn-rom/rtl/ffn_col_serial_16x16_b4.v:130$5402'.
No latch inferred for signal `\ffn_col_serial.\g_row[0].prods[14]' from process `\ffn_col_serial.$proc$/Users/toprakgundogdu/qwen-ffn-rom/rtl/ffn_col_serial_16x16_b4.v:130$5401'.
No latch inferred for signal `\ffn_col_serial.\g_row[0].prods[13]' from process `\ffn_col_serial.$proc$/Users/toprakgundogdu/qwen-ffn-rom/rtl/ffn_col_serial_16x16_b4.v:130$5400'.
No latch inferred for signal `\ffn_col_serial.\g_row[0].prods[12]' from process `\ffn_col_serial.$proc$/Users/toprakgundogdu/qwen-ffn-rom/rtl/ffn_col_serial_16x16_b4.v:130$5399'.
No latch inferred for signal `\ffn_col_serial.\g_row[0].prods[11]' from process `\ffn_col_serial.$proc$/Users/toprakgundogdu/qwen-ffn-rom/rtl/ffn_col_serial_16x16_b4.v:130$5398'.
No latch inferred for signal `\ffn_col_serial.\g_row[0].prods[10]' from process `\ffn_col_serial.$proc$/Users/toprakgundogdu/qwen-ffn-rom/rtl/ffn_col_serial_16x16_b4.v:130$5397'.
No latch inferred for signal `\ffn_col_serial.\g_row[0].prods[9]' from process `\ffn_col_serial.$proc$/Users/toprakgundogdu/qwen-ffn-rom/rtl/ffn_col_serial_16x16_b4.v:130$5396'.
No latch inferred for signal `\ffn_col_serial.\g_row[0].prods[8]' from process `\ffn_col_serial.$proc$/Users/toprakgundogdu/qwen-ffn-rom/rtl/ffn_col_serial_16x16_b4.v:130$5395'.
No latch inferred for signal `\ffn_col_serial.\g_row[0].prods[7]' from process `\ffn_col_serial.$proc$/Users/toprakgundogdu/qwen-ffn-rom/rtl/ffn_col_serial_16x16_b4.v:130$5394'.
No latch inferred for signal `\ffn_col_serial.\g_row[0].prods[6]' from process `\ffn_col_serial.$proc$/Users/toprakgundogdu/qwen-ffn-rom/rtl/ffn_col_serial_16x16_b4.v:130$5393'.
No latch inferred for signal `\ffn_col_serial.\g_row[0].prods[5]' from process `\ffn_col_serial.$proc$/Users/toprakgundogdu/qwen-ffn-rom/rtl/ffn_col_serial_16x16_b4.v:130$5392'.
No latch inferred for signal `\ffn_col_serial.\g_row[0].prods[4]' from process `\ffn_col_serial.$proc$/Users/toprakgundogdu/qwen-ffn-rom/rtl/ffn_col_serial_16x16_b4.v:130$5391'.
No latch inferred for signal `\ffn_col_serial.\g_row[0].prods[3]' from process `\ffn_col_serial.$proc$/Users/toprakgundogdu/qwen-ffn-rom/rtl/ffn_col_serial_16x16_b4.v:130$5390'.
No latch inferred for signal `\ffn_col_serial.\g_row[0].prods[2]' from process `\ffn_col_serial.$proc$/Users/toprakgundogdu/qwen-ffn-rom/rtl/ffn_col_serial_16x16_b4.v:130$5389'.
No latch inferred for signal `\ffn_col_serial.\g_row[0].prods[1]' from process `\ffn_col_serial.$proc$/Users/toprakgundogdu/qwen-ffn-rom/rtl/ffn_col_serial_16x16_b4.v:130$5388'.
No latch inferred for signal `\ffn_col_serial.\g_row[0].prods[0]' from process `\ffn_col_serial.$proc$/Users/toprakgundogdu/qwen-ffn-rom/rtl/ffn_col_serial_16x16_b4.v:130$5387'.
No latch inferred for signal `\ffn_col_serial.\xb[15]' from process `\ffn_col_serial.$proc$/Users/toprakgundogdu/qwen-ffn-rom/rtl/ffn_col_serial_16x16_b4.v:115$5385'.
No latch inferred for signal `\ffn_col_serial.\xb[14]' from process `\ffn_col_serial.$proc$/Users/toprakgundogdu/qwen-ffn-rom/rtl/ffn_col_serial_16x16_b4.v:115$5383'.
No latch inferred for signal `\ffn_col_serial.\xb[13]' from process `\ffn_col_serial.$proc$/Users/toprakgundogdu/qwen-ffn-rom/rtl/ffn_col_serial_16x16_b4.v:115$5381'.
No latch inferred for signal `\ffn_col_serial.\xb[12]' from process `\ffn_col_serial.$proc$/Users/toprakgundogdu/qwen-ffn-rom/rtl/ffn_col_serial_16x16_b4.v:115$5379'.
No latch inferred for signal `\ffn_col_serial.\xb[11]' from process `\ffn_col_serial.$proc$/Users/toprakgundogdu/qwen-ffn-rom/rtl/ffn_col_serial_16x16_b4.v:115$5377'.
No latch inferred for signal `\ffn_col_serial.\xb[10]' from process `\ffn_col_serial.$proc$/Users/toprakgundogdu/qwen-ffn-rom/rtl/ffn_col_serial_16x16_b4.v:115$5375'.
No latch inferred for signal `\ffn_col_serial.\xb[9]' from process `\ffn_col_serial.$proc$/Users/toprakgundogdu/qwen-ffn-rom/rtl/ffn_col_serial_16x16_b4.v:115$5373'.
No latch inferred for signal `\ffn_col_serial.\xb[8]' from process `\ffn_col_serial.$proc$/Users/toprakgundogdu/qwen-ffn-rom/rtl/ffn_col_serial_16x16_b4.v:115$5371'.
No latch inferred for signal `\ffn_col_serial.\xb[7]' from process `\ffn_col_serial.$proc$/Users/toprakgundogdu/qwen-ffn-rom/rtl/ffn_col_serial_16x16_b4.v:115$5369'.
No latch inferred for signal `\ffn_col_serial.\xb[6]' from process `\ffn_col_serial.$proc$/Users/toprakgundogdu/qwen-ffn-rom/rtl/ffn_col_serial_16x16_b4.v:115$5367'.
No latch inferred for signal `\ffn_col_serial.\xb[5]' from process `\ffn_col_serial.$proc$/Users/toprakgundogdu/qwen-ffn-rom/rtl/ffn_col_serial_16x16_b4.v:115$5365'.
No latch inferred for signal `\ffn_col_serial.\xb[4]' from process `\ffn_col_serial.$proc$/Users/toprakgundogdu/qwen-ffn-rom/rtl/ffn_col_serial_16x16_b4.v:115$5363'.
No latch inferred for signal `\ffn_col_serial.\xb[3]' from process `\ffn_col_serial.$proc$/Users/toprakgundogdu/qwen-ffn-rom/rtl/ffn_col_serial_16x16_b4.v:115$5361'.
No latch inferred for signal `\ffn_col_serial.\xb[2]' from process `\ffn_col_serial.$proc$/Users/toprakgundogdu/qwen-ffn-rom/rtl/ffn_col_serial_16x16_b4.v:115$5359'.
No latch inferred for signal `\ffn_col_serial.\xb[1]' from process `\ffn_col_serial.$proc$/Users/toprakgundogdu/qwen-ffn-rom/rtl/ffn_col_serial_16x16_b4.v:115$5357'.
No latch inferred for signal `\ffn_col_serial.\xb[0]' from process `\ffn_col_serial.$proc$/Users/toprakgundogdu/qwen-ffn-rom/rtl/ffn_col_serial_16x16_b4.v:115$5355'.
No latch inferred for signal `\ffn_col_serial.\csd_mul4$func$/Users/toprakgundogdu/qwen-ffn-rom/rtl/ffn_col_serial_16x16_b4.v:129$3208.$result' from process `\ffn_col_serial.$proc$/Users/toprakgundogdu/qwen-ffn-rom/rtl/ffn_col_serial_16x16_b4.v:129$5345'.
No latch inferred for signal `\ffn_col_serial.\csd_mul4$func$/Users/toprakgundogdu/qwen-ffn-rom/rtl/ffn_col_serial_16x16_b4.v:129$3207.$result' from process `\ffn_col_serial.$proc$/Users/toprakgundogdu/qwen-ffn-rom/rtl/ffn_col_serial_16x16_b4.v:129$5337'.
No latch inferred for signal `\ffn_col_serial.\csd_mul4$func$/Users/toprakgundogdu/qwen-ffn-rom/rtl/ffn_col_serial_16x16_b4.v:129$3206.$result' from process `\ffn_col_serial.$proc$/Users/toprakgundogdu/qwen-ffn-rom/rtl/ffn_col_serial_16x16_b4.v:129$5330'.
No latch inferred for signal `\ffn_col_serial.\csd_mul4$func$/Users/toprakgundogdu/qwen-ffn-rom/rtl/ffn_col_serial_16x16_b4.v:129$3205.$result' from process `\ffn_col_serial.$proc$/Users/toprakgundogdu/qwen-ffn-rom/rtl/ffn_col_serial_16x16_b4.v:129$5322'.
No latch inferred for signal `\ffn_col_serial.\csd_mul4$func$/Users/toprakgundogdu/qwen-ffn-rom/rtl/ffn_col_serial_16x16_b4.v:129$3204.$result' from process `\ffn_col_serial.$proc$/Users/toprakgundogdu/qwen-ffn-rom/rtl/ffn_col_serial_16x16_b4.v:129$5313'.
No latch inferred for signal `\ffn_col_serial.\csd_mul4$func$/Users/toprakgundogdu/qwen-ffn-rom/rtl/ffn_col_serial_16x16_b4.v:129$3203.$result' from process `\ffn_col_serial.$proc$/Users/toprakgundogdu/qwen-ffn-rom/rtl/ffn_col_serial_16x16_b4.v:129$5306'.
No latch inferred for signal `\ffn_col_serial.\csd_mul4$func$/Users/toprakgundogdu/qwen-ffn-rom/rtl/ffn_col_serial_16x16_b4.v:129$3202.$result' from process `\ffn_col_serial.$proc$/Users/toprakgundogdu/qwen-ffn-rom/rtl/ffn_col_serial_16x16_b4.v:129$5297'.
No latch inferred for signal `\ffn_col_serial.\csd_mul4$func$/Users/toprakgundogdu/qwen-ffn-rom/rtl/ffn_col_serial_16x16_b4.v:129$3201.$result' from process `\ffn_col_serial.$proc$/Users/toprakgundogdu/qwen-ffn-rom/rtl/ffn_col_serial_16x16_b4.v:129$5290'.
No latch inferred for signal `\ffn_col_serial.\csd_mul4$func$/Users/toprakgundogdu/qwen-ffn-rom/rtl/ffn_col_serial_16x16_b4.v:129$3200.$result' from process `\ffn_col_serial.$proc$/Users/toprakgundogdu/qwen-ffn-rom/rtl/ffn_col_serial_16x16_b4.v:129$5282'.
No latch inferred for signal `\ffn_col_serial.\csd_mul4$func$/Users/toprakgundogdu/qwen-ffn-rom/rtl/ffn_col_serial_16x16_b4.v:129$3199.$result' from process `\ffn_col_serial.$proc$/Users/toprakgundogdu/qwen-ffn-rom/rtl/ffn_col_serial_16x16_b4.v:129$5274'.
No latch inferred for signal `\ffn_col_serial.\csd_mul4$func$/Users/toprakgundogdu/qwen-ffn-rom/rtl/ffn_col_serial_16x16_b4.v:129$3198.$result' from process `\ffn_col_serial.$proc$/Users/toprakgundogdu/qwen-ffn-rom/rtl/ffn_col_serial_16x16_b4.v:129$5265'.
No latch inferred for signal `\ffn_col_serial.\csd_mul4$func$/Users/toprakgundogdu/qwen-ffn-rom/rtl/ffn_col_serial_16x16_b4.v:129$3197.$result' from process `\ffn_col_serial.$proc$/Users/toprakgundogdu/qwen-ffn-rom/rtl/ffn_col_serial_16x16_b4.v:129$5259'.
No latch inferred for signal `\ffn_col_serial.\csd_mul4$func$/Users/toprakgundogdu/qwen-ffn-rom/rtl/ffn_col_serial_16x16_b4.v:129$3196.$result' from process `\ffn_col_serial.$proc$/Users/toprakgundogdu/qwen-ffn-rom/rtl/ffn_col_serial_16x16_b4.v:129$5251'.
No latch inferred for signal `\ffn_col_serial.\csd_mul4$func$/Users/toprakgundogdu/qwen-ffn-rom/rtl/ffn_col_serial_16x16_b4.v:129$3195.$result' from process `\ffn_col_serial.$proc$/Users/toprakgundogdu/qwen-ffn-rom/rtl/ffn_col_serial_16x16_b4.v:129$5243'.
No latch inferred for signal `\ffn_col_serial.\csd_mul4$func$/Users/toprakgundogdu/qwen-ffn-rom/rtl/ffn_col_serial_16x16_b4.v:129$3194.$result' from process `\ffn_col_serial.$proc$/Users/toprakgundogdu/qwen-ffn-rom/rtl/ffn_col_serial_16x16_b4.v:129$5235'.
No latch inferred for signal `\ffn_col_serial.\csd_mul4$func$/Users/toprakgundogdu/qwen-ffn-rom/rtl/ffn_col_serial_16x16_b4.v:129$3193.$result' from process `\ffn_col_serial.$proc$/Users/toprakgundogdu/qwen-ffn-rom/rtl/ffn_col_serial_16x16_b4.v:129$5228'.
No latch inferred for signal `\ffn_col_serial.\csd_mul4$func$/Users/toprakgundogdu/qwen-ffn-rom/rtl/ffn_col_serial_16x16_b4.v:129$3191.$result' from process `\ffn_col_serial.$proc$/Users/toprakgundogdu/qwen-ffn-rom/rtl/ffn_col_serial_16x16_b4.v:129$5221'.
No latch inferred for signal `\ffn_col_serial.\csd_mul4$func$/Users/toprakgundogdu/qwen-ffn-rom/rtl/ffn_col_serial_16x16_b4.v:129$3190.$result' from process `\ffn_col_serial.$proc$/Users/toprakgundogdu/qwen-ffn-rom/rtl/ffn_col_serial_16x16_b4.v:129$5214'.
No latch inferred for signal `\ffn_col_serial.\csd_mul4$func$/Users/toprakgundogdu/qwen-ffn-rom/rtl/ffn_col_serial_16x16_b4.v:129$3189.$result' from process `\ffn_col_serial.$proc$/Users/toprakgundogdu/qwen-ffn-rom/rtl/ffn_col_serial_16x16_b4.v:129$5208'.
No latch inferred for signal `\ffn_col_serial.\csd_mul4$func$/Users/toprakgundogdu/qwen-ffn-rom/rtl/ffn_col_serial_16x16_b4.v:129$3188.$result' from process `\ffn_col_serial.$proc$/Users/toprakgundogdu/qwen-ffn-rom/rtl/ffn_col_serial_16x16_b4.v:129$5202'.
No latch inferred for signal `\ffn_col_serial.\csd_mul4$func$/Users/toprakgundogdu/qwen-ffn-rom/rtl/ffn_col_serial_16x16_b4.v:129$3187.$result' from process `\ffn_col_serial.$proc$/Users/toprakgundogdu/qwen-ffn-rom/rtl/ffn_col_serial_16x16_b4.v:129$5196'.
No latch inferred for signal `\ffn_col_serial.\csd_mul4$func$/Users/toprakgundogdu/qwen-ffn-rom/rtl/ffn_col_serial_16x16_b4.v:129$3186.$result' from process `\ffn_col_serial.$proc$/Users/toprakgundogdu/qwen-ffn-rom/rtl/ffn_col_serial_16x16_b4.v:129$5190'.
No latch inferred for signal `\ffn_col_serial.\csd_mul4$func$/Users/toprakgundogdu/qwen-ffn-rom/rtl/ffn_col_serial_16x16_b4.v:129$3185.$result' from process `\ffn_col_serial.$proc$/Users/toprakgundogdu/qwen-ffn-rom/rtl/ffn_col_serial_16x16_b4.v:129$5183'.
No latch inferred for signal `\ffn_col_serial.\csd_mul4$func$/Users/toprakgundogdu/qwen-ffn-rom/rtl/ffn_col_serial_16x16_b4.v:129$3184.$result' from process `\ffn_col_serial.$proc$/Users/toprakgundogdu/qwen-ffn-rom/rtl/ffn_col_serial_16x16_b4.v:129$5177'.
No latch inferred for signal `\ffn_col_serial.\csd_mul4$func$/Users/toprakgundogdu/qwen-ffn-rom/rtl/ffn_col_serial_16x16_b4.v:129$3183.$result' from process `\ffn_col_serial.$proc$/Users/toprakgundogdu/qwen-ffn-rom/rtl/ffn_col_serial_16x16_b4.v:129$5171'.
No latch inferred for signal `\ffn_col_serial.\csd_mul4$func$/Users/toprakgundogdu/qwen-ffn-rom/rtl/ffn_col_serial_16x16_b4.v:129$3182.$result' from process `\ffn_col_serial.$proc$/Users/toprakgundogdu/qwen-ffn-rom/rtl/ffn_col_serial_16x16_b4.v:129$5164'.
No latch inferred for signal `\ffn_col_serial.\csd_mul4$func$/Users/toprakgundogdu/qwen-ffn-rom/rtl/ffn_col_serial_16x16_b4.v:129$3181.$result' from process `\ffn_col_serial.$proc$/Users/toprakgundogdu/qwen-ffn-rom/rtl/ffn_col_serial_16x16_b4.v:129$5158'.
No latch inferred for signal `\ffn_col_serial.\csd_mul4$func$/Users/toprakgundogdu/qwen-ffn-rom/rtl/ffn_col_serial_16x16_b4.v:129$3180.$result' from process `\ffn_col_serial.$proc$/Users/toprakgundogdu/qwen-ffn-rom/rtl/ffn_col_serial_16x16_b4.v:129$5152'.
No latch inferred for signal `\ffn_col_serial.\csd_mul4$func$/Users/toprakgundogdu/qwen-ffn-rom/rtl/ffn_col_serial_16x16_b4.v:129$3179.$result' from process `\ffn_col_serial.$proc$/Users/toprakgundogdu/qwen-ffn-rom/rtl/ffn_col_serial_16x16_b4.v:129$5144'.
No latch inferred for signal `\ffn_col_serial.\csd_mul4$func$/Users/toprakgundogdu/qwen-ffn-rom/rtl/ffn_col_serial_16x16_b4.v:129$3178.$result' from process `\ffn_col_serial.$proc$/Users/toprakgundogdu/qwen-ffn-rom/rtl/ffn_col_serial_16x16_b4.v:129$5138'.
No latch inferred for signal `\ffn_col_serial.\csd_mul4$func$/Users/toprakgundogdu/qwen-ffn-rom/rtl/ffn_col_serial_16x16_b4.v:129$3177.$result' from process `\ffn_col_serial.$proc$/Users/toprakgundogdu/qwen-ffn-rom/rtl/ffn_col_serial_16x16_b4.v:129$5132'.
No latch inferred for signal `\ffn_col_serial.\csd_mul4$func$/Users/toprakgundogdu/qwen-ffn-rom/rtl/ffn_col_serial_16x16_b4.v:129$3176.$result' from process `\ffn_col_serial.$proc$/Users/toprakgundogdu/qwen-ffn-rom/rtl/ffn_col_serial_16x16_b4.v:129$5123'.
No latch inferred for signal `\ffn_col_serial.\csd_mul4$func$/Users/toprakgundogdu/qwen-ffn-rom/rtl/ffn_col_serial_16x16_b4.v:129$3174.$result' from process `\ffn_col_serial.$proc$/Users/toprakgundogdu/qwen-ffn-rom/rtl/ffn_col_serial_16x16_b4.v:129$5116'.
No latch inferred for signal `\ffn_col_serial.\csd_mul4$func$/Users/toprakgundogdu/qwen-ffn-rom/rtl/ffn_col_serial_16x16_b4.v:129$3173.$result' from process `\ffn_col_serial.$proc$/Users/toprakgundogdu/qwen-ffn-rom/rtl/ffn_col_serial_16x16_b4.v:129$5108'.
No latch inferred for signal `\ffn_col_serial.\csd_mul4$func$/Users/toprakgundogdu/qwen-ffn-rom/rtl/ffn_col_serial_16x16_b4.v:129$3172.$result' from process `\ffn_col_serial.$proc$/Users/toprakgundogdu/qwen-ffn-rom/rtl/ffn_col_serial_16x16_b4.v:129$5101'.
No latch inferred for signal `\ffn_col_serial.\csd_mul4$func$/Users/toprakgundogdu/qwen-ffn-rom/rtl/ffn_col_serial_16x16_b4.v:129$3171.$result' from process `\ffn_col_serial.$proc$/Users/toprakgundogdu/qwen-ffn-rom/rtl/ffn_col_serial_16x16_b4.v:129$5094'.
No latch inferred for signal `\ffn_col_serial.\csd_mul4$func$/Users/toprakgundogdu/qwen-ffn-rom/rtl/ffn_col_serial_16x16_b4.v:129$3170.$result' from process `\ffn_col_serial.$proc$/Users/toprakgundogdu/qwen-ffn-rom/rtl/ffn_col_serial_16x16_b4.v:129$5088'.
No latch inferred for signal `\ffn_col_serial.\csd_mul4$func$/Users/toprakgundogdu/qwen-ffn-rom/rtl/ffn_col_serial_16x16_b4.v:129$3169.$result' from process `\ffn_col_serial.$proc$/Users/toprakgundogdu/qwen-ffn-rom/rtl/ffn_col_serial_16x16_b4.v:129$5079'.
No latch inferred for signal `\ffn_col_serial.\csd_mul4$func$/Users/toprakgundogdu/qwen-ffn-rom/rtl/ffn_col_serial_16x16_b4.v:129$3168.$result' from process `\ffn_col_serial.$proc$/Users/toprakgundogdu/qwen-ffn-rom/rtl/ffn_col_serial_16x16_b4.v:129$5072'.
No latch inferred for signal `\ffn_col_serial.\csd_mul4$func$/Users/toprakgundogdu/qwen-ffn-rom/rtl/ffn_col_serial_16x16_b4.v:129$3167.$result' from process `\ffn_col_serial.$proc$/Users/toprakgundogdu/qwen-ffn-rom/rtl/ffn_col_serial_16x16_b4.v:129$5064'.
No latch inferred for signal `\ffn_col_serial.\csd_mul4$func$/Users/toprakgundogdu/qwen-ffn-rom/rtl/ffn_col_serial_16x16_b4.v:129$3166.$result' from process `\ffn_col_serial.$proc$/Users/toprakgundogdu/qwen-ffn-rom/rtl/ffn_col_serial_16x16_b4.v:129$5057'.
No latch inferred for signal `\ffn_col_serial.\csd_mul4$func$/Users/toprakgundogdu/qwen-ffn-rom/rtl/ffn_col_serial_16x16_b4.v:129$3165.$result' from process `\ffn_col_serial.$proc$/Users/toprakgundogdu/qwen-ffn-rom/rtl/ffn_col_serial_16x16_b4.v:129$5048'.
No latch inferred for signal `\ffn_col_serial.\csd_mul4$func$/Users/toprakgundogdu/qwen-ffn-rom/rtl/ffn_col_serial_16x16_b4.v:129$3164.$result' from process `\ffn_col_serial.$proc$/Users/toprakgundogdu/qwen-ffn-rom/rtl/ffn_col_serial_16x16_b4.v:129$5042'.
No latch inferred for signal `\ffn_col_serial.\csd_mul4$func$/Users/toprakgundogdu/qwen-ffn-rom/rtl/ffn_col_serial_16x16_b4.v:129$3163.$result' from process `\ffn_col_serial.$proc$/Users/toprakgundogdu/qwen-ffn-rom/rtl/ffn_col_serial_16x16_b4.v:129$5036'.
No latch inferred for signal `\ffn_col_serial.\csd_mul4$func$/Users/toprakgundogdu/qwen-ffn-rom/rtl/ffn_col_serial_16x16_b4.v:129$3162.$result' from process `\ffn_col_serial.$proc$/Users/toprakgundogdu/qwen-ffn-rom/rtl/ffn_col_serial_16x16_b4.v:129$5027'.
No latch inferred for signal `\ffn_col_serial.\csd_mul4$func$/Users/toprakgundogdu/qwen-ffn-rom/rtl/ffn_col_serial_16x16_b4.v:129$3161.$result' from process `\ffn_col_serial.$proc$/Users/toprakgundogdu/qwen-ffn-rom/rtl/ffn_col_serial_16x16_b4.v:129$5019'.
No latch inferred for signal `\ffn_col_serial.\csd_mul4$func$/Users/toprakgundogdu/qwen-ffn-rom/rtl/ffn_col_serial_16x16_b4.v:129$3160.$result' from process `\ffn_col_serial.$proc$/Users/toprakgundogdu/qwen-ffn-rom/rtl/ffn_col_serial_16x16_b4.v:129$5011'.
No latch inferred for signal `\ffn_col_serial.\csd_mul4$func$/Users/toprakgundogdu/qwen-ffn-rom/rtl/ffn_col_serial_16x16_b4.v:129$3159.$result' from process `\ffn_col_serial.$proc$/Users/toprakgundogdu/qwen-ffn-rom/rtl/ffn_col_serial_16x16_b4.v:129$5002'.
No latch inferred for signal `\ffn_col_serial.\csd_mul4$func$/Users/toprakgundogdu/qwen-ffn-rom/rtl/ffn_col_serial_16x16_b4.v:129$3157.$result' from process `\ffn_col_serial.$proc$/Users/toprakgundogdu/qwen-ffn-rom/rtl/ffn_col_serial_16x16_b4.v:129$4993'.
No latch inferred for signal `\ffn_col_serial.\csd_mul4$func$/Users/toprakgundogdu/qwen-ffn-rom/rtl/ffn_col_serial_16x16_b4.v:129$3156.$result' from process `\ffn_col_serial.$proc$/Users/toprakgundogdu/qwen-ffn-rom/rtl/ffn_col_serial_16x16_b4.v:129$4985'.
No latch inferred for signal `\ffn_col_serial.\csd_mul4$func$/Users/toprakgundogdu/qwen-ffn-rom/rtl/ffn_col_serial_16x16_b4.v:129$3155.$result' from process `\ffn_col_serial.$proc$/Users/toprakgundogdu/qwen-ffn-rom/rtl/ffn_col_serial_16x16_b4.v:129$4977'.
No latch inferred for signal `\ffn_col_serial.\csd_mul4$func$/Users/toprakgundogdu/qwen-ffn-rom/rtl/ffn_col_serial_16x16_b4.v:129$3154.$result' from process `\ffn_col_serial.$proc$/Users/toprakgundogdu/qwen-ffn-rom/rtl/ffn_col_serial_16x16_b4.v:129$4968'.
No latch inferred for signal `\ffn_col_serial.\csd_mul4$func$/Users/toprakgundogdu/qwen-ffn-rom/rtl/ffn_col_serial_16x16_b4.v:129$3153.$result' from process `\ffn_col_serial.$proc$/Users/toprakgundogdu/qwen-ffn-rom/rtl/ffn_col_serial_16x16_b4.v:129$4958'.
No latch inferred for signal `\ffn_col_serial.\csd_mul4$func$/Users/toprakgundogdu/qwen-ffn-rom/rtl/ffn_col_serial_16x16_b4.v:129$3152.$result' from process `\ffn_col_serial.$proc$/Users/toprakgundogdu/qwen-ffn-rom/rtl/ffn_col_serial_16x16_b4.v:129$4951'.
No latch inferred for signal `\ffn_col_serial.\csd_mul4$func$/Users/toprakgundogdu/qwen-ffn-rom/rtl/ffn_col_serial_16x16_b4.v:129$3151.$result' from process `\ffn_col_serial.$proc$/Users/toprakgundogdu/qwen-ffn-rom/rtl/ffn_col_serial_16x16_b4.v:129$4945'.
No latch inferred for signal `\ffn_col_serial.\csd_mul4$func$/Users/toprakgundogdu/qwen-ffn-rom/rtl/ffn_col_serial_16x16_b4.v:129$3150.$result' from process `\ffn_col_serial.$proc$/Users/toprakgundogdu/qwen-ffn-rom/rtl/ffn_col_serial_16x16_b4.v:129$4939'.
No latch inferred for signal `\ffn_col_serial.\csd_mul4$func$/Users/toprakgundogdu/qwen-ffn-rom/rtl/ffn_col_serial_16x16_b4.v:129$3149.$result' from process `\ffn_col_serial.$proc$/Users/toprakgundogdu/qwen-ffn-rom/rtl/ffn_col_serial_16x16_b4.v:129$4932'.
No latch inferred for signal `\ffn_col_serial.\csd_mul4$func$/Users/toprakgundogdu/qwen-ffn-rom/rtl/ffn_col_serial_16x16_b4.v:129$3148.$result' from process `\ffn_col_serial.$proc$/Users/toprakgundogdu/qwen-ffn-rom/rtl/ffn_col_serial_16x16_b4.v:129$4924'.
No latch inferred for signal `\ffn_col_serial.\csd_mul4$func$/Users/toprakgundogdu/qwen-ffn-rom/rtl/ffn_col_serial_16x16_b4.v:129$3147.$result' from process `\ffn_col_serial.$proc$/Users/toprakgundogdu/qwen-ffn-rom/rtl/ffn_col_serial_16x16_b4.v:129$4917'.
No latch inferred for signal `\ffn_col_serial.\csd_mul4$func$/Users/toprakgundogdu/qwen-ffn-rom/rtl/ffn_col_serial_16x16_b4.v:129$3146.$result' from process `\ffn_col_serial.$proc$/Users/toprakgundogdu/qwen-ffn-rom/rtl/ffn_col_serial_16x16_b4.v:129$4911'.
No latch inferred for signal `\ffn_col_serial.\csd_mul4$func$/Users/toprakgundogdu/qwen-ffn-rom/rtl/ffn_col_serial_16x16_b4.v:129$3145.$result' from process `\ffn_col_serial.$proc$/Users/toprakgundogdu/qwen-ffn-rom/rtl/ffn_col_serial_16x16_b4.v:129$4903'.
No latch inferred for signal `\ffn_col_serial.\csd_mul4$func$/Users/toprakgundogdu/qwen-ffn-rom/rtl/ffn_col_serial_16x16_b4.v:129$3144.$result' from process `\ffn_col_serial.$proc$/Users/toprakgundogdu/qwen-ffn-rom/rtl/ffn_col_serial_16x16_b4.v:129$4897'.
No latch inferred for signal `\ffn_col_serial.\csd_mul4$func$/Users/toprakgundogdu/qwen-ffn-rom/rtl/ffn_col_serial_16x16_b4.v:129$3143.$result' from process `\ffn_col_serial.$proc$/Users/toprakgundogdu/qwen-ffn-rom/rtl/ffn_col_serial_16x16_b4.v:129$4891'.
No latch inferred for signal `\ffn_col_serial.\csd_mul4$func$/Users/toprakgundogdu/qwen-ffn-rom/rtl/ffn_col_serial_16x16_b4.v:129$3142.$result' from process `\ffn_col_serial.$proc$/Users/toprakgundogdu/qwen-ffn-rom/rtl/ffn_col_serial_16x16_b4.v:129$4882'.
No latch inferred for signal `\ffn_col_serial.\csd_mul4$func$/Users/toprakgundogdu/qwen-ffn-rom/rtl/ffn_col_serial_16x16_b4.v:129$3140.$result' from process `\ffn_col_serial.$proc$/Users/toprakgundogdu/qwen-ffn-rom/rtl/ffn_col_serial_16x16_b4.v:129$4874'.
No latch inferred for signal `\ffn_col_serial.\csd_mul4$func$/Users/toprakgundogdu/qwen-ffn-rom/rtl/ffn_col_serial_16x16_b4.v:129$3139.$result' from process `\ffn_col_serial.$proc$/Users/toprakgundogdu/qwen-ffn-rom/rtl/ffn_col_serial_16x16_b4.v:129$4866'.
No latch inferred for signal `\ffn_col_serial.\csd_mul4$func$/Users/toprakgundogdu/qwen-ffn-rom/rtl/ffn_col_serial_16x16_b4.v:129$3138.$result' from process `\ffn_col_serial.$proc$/Users/toprakgundogdu/qwen-ffn-rom/rtl/ffn_col_serial_16x16_b4.v:129$4858'.
No latch inferred for signal `\ffn_col_serial.\csd_mul4$func$/Users/toprakgundogdu/qwen-ffn-rom/rtl/ffn_col_serial_16x16_b4.v:129$3137.$result' from process `\ffn_col_serial.$proc$/Users/toprakgundogdu/qwen-ffn-rom/rtl/ffn_col_serial_16x16_b4.v:129$4851'.
No latch inferred for signal `\ffn_col_serial.\csd_mul4$func$/Users/toprakgundogdu/qwen-ffn-rom/rtl/ffn_col_serial_16x16_b4.v:129$3136.$result' from process `\ffn_col_serial.$proc$/Users/toprakgundogdu/qwen-ffn-rom/rtl/ffn_col_serial_16x16_b4.v:129$4843'.
No latch inferred for signal `\ffn_col_serial.\csd_mul4$func$/Users/toprakgundogdu/qwen-ffn-rom/rtl/ffn_col_serial_16x16_b4.v:129$3135.$result' from process `\ffn_col_serial.$proc$/Users/toprakgundogdu/qwen-ffn-rom/rtl/ffn_col_serial_16x16_b4.v:129$4836'.
No latch inferred for signal `\ffn_col_serial.\csd_mul4$func$/Users/toprakgundogdu/qwen-ffn-rom/rtl/ffn_col_serial_16x16_b4.v:129$3134.$result' from process `\ffn_col_serial.$proc$/Users/toprakgundogdu/qwen-ffn-rom/rtl/ffn_col_serial_16x16_b4.v:129$4827'.
No latch inferred for signal `\ffn_col_serial.\csd_mul4$func$/Users/toprakgundogdu/qwen-ffn-rom/rtl/ffn_col_serial_16x16_b4.v:129$3133.$result' from process `\ffn_col_serial.$proc$/Users/toprakgundogdu/qwen-ffn-rom/rtl/ffn_col_serial_16x16_b4.v:129$4820'.
No latch inferred for signal `\ffn_col_serial.\csd_mul4$func$/Users/toprakgundogdu/qwen-ffn-rom/rtl/ffn_col_serial_16x16_b4.v:129$3132.$result' from process `\ffn_col_serial.$proc$/Users/toprakgundogdu/qwen-ffn-rom/rtl/ffn_col_serial_16x16_b4.v:129$4814'.
No latch inferred for signal `\ffn_col_serial.\csd_mul4$func$/Users/toprakgundogdu/qwen-ffn-rom/rtl/ffn_col_serial_16x16_b4.v:129$3131.$result' from process `\ffn_col_serial.$proc$/Users/toprakgundogdu/qwen-ffn-rom/rtl/ffn_col_serial_16x16_b4.v:129$4808'.
No latch inferred for signal `\ffn_col_serial.\csd_mul4$func$/Users/toprakgundogdu/qwen-ffn-rom/rtl/ffn_col_serial_16x16_b4.v:129$3130.$result' from process `\ffn_col_serial.$proc$/Users/toprakgundogdu/qwen-ffn-rom/rtl/ffn_col_serial_16x16_b4.v:129$4801'.
No latch inferred for signal `\ffn_col_serial.\csd_mul4$func$/Users/toprakgundogdu/qwen-ffn-rom/rtl/ffn_col_serial_16x16_b4.v:129$3129.$result' from process `\ffn_col_serial.$proc$/Users/toprakgundogdu/qwen-ffn-rom/rtl/ffn_col_serial_16x16_b4.v:129$4795'.
No latch inferred for signal `\ffn_col_serial.\csd_mul4$func$/Users/toprakgundogdu/qwen-ffn-rom/rtl/ffn_col_serial_16x16_b4.v:129$3128.$result' from process `\ffn_col_serial.$proc$/Users/toprakgundogdu/qwen-ffn-rom/rtl/ffn_col_serial_16x16_b4.v:129$4788'.
No latch inferred for signal `\ffn_col_serial.\csd_mul4$func$/Users/toprakgundogdu/qwen-ffn-rom/rtl/ffn_col_serial_16x16_b4.v:129$3127.$result' from process `\ffn_col_serial.$proc$/Users/toprakgundogdu/qwen-ffn-rom/rtl/ffn_col_serial_16x16_b4.v:129$4780'.
No latch inferred for signal `\ffn_col_serial.\csd_mul4$func$/Users/toprakgundogdu/qwen-ffn-rom/rtl/ffn_col_serial_16x16_b4.v:129$3126.$result' from process `\ffn_col_serial.$proc$/Users/toprakgundogdu/qwen-ffn-rom/rtl/ffn_col_serial_16x16_b4.v:129$4773'.
No latch inferred for signal `\ffn_col_serial.\csd_mul4$func$/Users/toprakgundogdu/qwen-ffn-rom/rtl/ffn_col_serial_16x16_b4.v:129$3125.$result' from process `\ffn_col_serial.$proc$/Users/toprakgundogdu/qwen-ffn-rom/rtl/ffn_col_serial_16x16_b4.v:129$4767'.
No latch inferred for signal `\ffn_col_serial.\csd_mul4$func$/Users/toprakgundogdu/qwen-ffn-rom/rtl/ffn_col_serial_16x16_b4.v:129$3123.$result' from process `\ffn_col_serial.$proc$/Users/toprakgundogdu/qwen-ffn-rom/rtl/ffn_col_serial_16x16_b4.v:129$4760'.
No latch inferred for signal `\ffn_col_serial.\csd_mul4$func$/Users/toprakgundogdu/qwen-ffn-rom/rtl/ffn_col_serial_16x16_b4.v:129$3122.$result' from process `\ffn_col_serial.$proc$/Users/toprakgundogdu/qwen-ffn-rom/rtl/ffn_col_serial_16x16_b4.v:129$4752'.
No latch inferred for signal `\ffn_col_serial.\csd_mul4$func$/Users/toprakgundogdu/qwen-ffn-rom/rtl/ffn_col_serial_16x16_b4.v:129$3121.$result' from process `\ffn_col_serial.$proc$/Users/toprakgundogdu/qwen-ffn-rom/rtl/ffn_col_serial_16x16_b4.v:129$4746'.
No latch inferred for signal `\ffn_col_serial.\csd_mul4$func$/Users/toprakgundogdu/qwen-ffn-rom/rtl/ffn_col_serial_16x16_b4.v:129$3120.$result' from process `\ffn_col_serial.$proc$/Users/toprakgundogdu/qwen-ffn-rom/rtl/ffn_col_serial_16x16_b4.v:129$4738'.
No latch inferred for signal `\ffn_col_serial.\csd_mul4$func$/Users/toprakgundogdu/qwen-ffn-rom/rtl/ffn_col_serial_16x16_b4.v:129$3119.$result' from process `\ffn_col_serial.$proc$/Users/toprakgundogdu/qwen-ffn-rom/rtl/ffn_col_serial_16x16_b4.v:129$4732'.
No latch inferred for signal `\ffn_col_serial.\csd_mul4$func$/Users/toprakgundogdu/qwen-ffn-rom/rtl/ffn_col_serial_16x16_b4.v:129$3118.$result' from process `\ffn_col_serial.$proc$/Users/toprakgundogdu/qwen-ffn-rom/rtl/ffn_col_serial_16x16_b4.v:129$4726'.
No latch inferred for signal `\ffn_col_serial.\csd_mul4$func$/Users/toprakgundogdu/qwen-ffn-rom/rtl/ffn_col_serial_16x16_b4.v:129$3117.$result' from process `\ffn_col_serial.$proc$/Users/toprakgundogdu/qwen-ffn-rom/rtl/ffn_col_serial_16x16_b4.v:129$4719'.
No latch inferred for signal `\ffn_col_serial.\csd_mul4$func$/Users/toprakgundogdu/qwen-ffn-rom/rtl/ffn_col_serial_16x16_b4.v:129$3116.$result' from process `\ffn_col_serial.$proc$/Users/toprakgundogdu/qwen-ffn-rom/rtl/ffn_col_serial_16x16_b4.v:129$4711'.
No latch inferred for signal `\ffn_col_serial.\csd_mul4$func$/Users/toprakgundogdu/qwen-ffn-rom/rtl/ffn_col_serial_16x16_b4.v:129$3115.$result' from process `\ffn_col_serial.$proc$/Users/toprakgundogdu/qwen-ffn-rom/rtl/ffn_col_serial_16x16_b4.v:129$4703'.
No latch inferred for signal `\ffn_col_serial.\csd_mul4$func$/Users/toprakgundogdu/qwen-ffn-rom/rtl/ffn_col_serial_16x16_b4.v:129$3114.$result' from process `\ffn_col_serial.$proc$/Users/toprakgundogdu/qwen-ffn-rom/rtl/ffn_col_serial_16x16_b4.v:129$4695'.
No latch inferred for signal `\ffn_col_serial.\csd_mul4$func$/Users/toprakgundogdu/qwen-ffn-rom/rtl/ffn_col_serial_16x16_b4.v:129$3113.$result' from process `\ffn_col_serial.$proc$/Users/toprakgundogdu/qwen-ffn-rom/rtl/ffn_col_serial_16x16_b4.v:129$4689'.
No latch inferred for signal `\ffn_col_serial.\csd_mul4$func$/Users/toprakgundogdu/qwen-ffn-rom/rtl/ffn_col_serial_16x16_b4.v:129$3112.$result' from process `\ffn_col_serial.$proc$/Users/toprakgundogdu/qwen-ffn-rom/rtl/ffn_col_serial_16x16_b4.v:129$4682'.
No latch inferred for signal `\ffn_col_serial.\csd_mul4$func$/Users/toprakgundogdu/qwen-ffn-rom/rtl/ffn_col_serial_16x16_b4.v:129$3111.$result' from process `\ffn_col_serial.$proc$/Users/toprakgundogdu/qwen-ffn-rom/rtl/ffn_col_serial_16x16_b4.v:129$4676'.
No latch inferred for signal `\ffn_col_serial.\csd_mul4$func$/Users/toprakgundogdu/qwen-ffn-rom/rtl/ffn_col_serial_16x16_b4.v:129$3110.$result' from process `\ffn_col_serial.$proc$/Users/toprakgundogdu/qwen-ffn-rom/rtl/ffn_col_serial_16x16_b4.v:129$4668'.
No latch inferred for signal `\ffn_col_serial.\csd_mul4$func$/Users/toprakgundogdu/qwen-ffn-rom/rtl/ffn_col_serial_16x16_b4.v:129$3109.$result' from process `\ffn_col_serial.$proc$/Users/toprakgundogdu/qwen-ffn-rom/rtl/ffn_col_serial_16x16_b4.v:129$4660'.
No latch inferred for signal `\ffn_col_serial.\csd_mul4$func$/Users/toprakgundogdu/qwen-ffn-rom/rtl/ffn_col_serial_16x16_b4.v:129$3108.$result' from process `\ffn_col_serial.$proc$/Users/toprakgundogdu/qwen-ffn-rom/rtl/ffn_col_serial_16x16_b4.v:129$4652'.
No latch inferred for signal `\ffn_col_serial.\csd_mul4$func$/Users/toprakgundogdu/qwen-ffn-rom/rtl/ffn_col_serial_16x16_b4.v:129$3106.$result' from process `\ffn_col_serial.$proc$/Users/toprakgundogdu/qwen-ffn-rom/rtl/ffn_col_serial_16x16_b4.v:129$4645'.
No latch inferred for signal `\ffn_col_serial.\csd_mul4$func$/Users/toprakgundogdu/qwen-ffn-rom/rtl/ffn_col_serial_16x16_b4.v:129$3105.$result' from process `\ffn_col_serial.$proc$/Users/toprakgundogdu/qwen-ffn-rom/rtl/ffn_col_serial_16x16_b4.v:129$4637'.
No latch inferred for signal `\ffn_col_serial.\csd_mul4$func$/Users/toprakgundogdu/qwen-ffn-rom/rtl/ffn_col_serial_16x16_b4.v:129$3104.$result' from process `\ffn_col_serial.$proc$/Users/toprakgundogdu/qwen-ffn-rom/rtl/ffn_col_serial_16x16_b4.v:129$4628'.
No latch inferred for signal `\ffn_col_serial.\csd_mul4$func$/Users/toprakgundogdu/qwen-ffn-rom/rtl/ffn_col_serial_16x16_b4.v:129$3103.$result' from process `\ffn_col_serial.$proc$/Users/toprakgundogdu/qwen-ffn-rom/rtl/ffn_col_serial_16x16_b4.v:129$4620'.
No latch inferred for signal `\ffn_col_serial.\csd_mul4$func$/Users/toprakgundogdu/qwen-ffn-rom/rtl/ffn_col_serial_16x16_b4.v:129$3102.$result' from process `\ffn_col_serial.$proc$/Users/toprakgundogdu/qwen-ffn-rom/rtl/ffn_col_serial_16x16_b4.v:129$4612'.
No latch inferred for signal `\ffn_col_serial.\csd_mul4$func$/Users/toprakgundogdu/qwen-ffn-rom/rtl/ffn_col_serial_16x16_b4.v:129$3101.$result' from process `\ffn_col_serial.$proc$/Users/toprakgundogdu/qwen-ffn-rom/rtl/ffn_col_serial_16x16_b4.v:129$4604'.
No latch inferred for signal `\ffn_col_serial.\csd_mul4$func$/Users/toprakgundogdu/qwen-ffn-rom/rtl/ffn_col_serial_16x16_b4.v:129$3100.$result' from process `\ffn_col_serial.$proc$/Users/toprakgundogdu/qwen-ffn-rom/rtl/ffn_col_serial_16x16_b4.v:129$4598'.
No latch inferred for signal `\ffn_col_serial.\csd_mul4$func$/Users/toprakgundogdu/qwen-ffn-rom/rtl/ffn_col_serial_16x16_b4.v:129$3099.$result' from process `\ffn_col_serial.$proc$/Users/toprakgundogdu/qwen-ffn-rom/rtl/ffn_col_serial_16x16_b4.v:129$4592'.
No latch inferred for signal `\ffn_col_serial.\csd_mul4$func$/Users/toprakgundogdu/qwen-ffn-rom/rtl/ffn_col_serial_16x16_b4.v:129$3098.$result' from process `\ffn_col_serial.$proc$/Users/toprakgundogdu/qwen-ffn-rom/rtl/ffn_col_serial_16x16_b4.v:129$4585'.
No latch inferred for signal `\ffn_col_serial.\csd_mul4$func$/Users/toprakgundogdu/qwen-ffn-rom/rtl/ffn_col_serial_16x16_b4.v:129$3097.$result' from process `\ffn_col_serial.$proc$/Users/toprakgundogdu/qwen-ffn-rom/rtl/ffn_col_serial_16x16_b4.v:129$4579'.
No latch inferred for signal `\ffn_col_serial.\csd_mul4$func$/Users/toprakgundogdu/qwen-ffn-rom/rtl/ffn_col_serial_16x16_b4.v:129$3096.$result' from process `\ffn_col_serial.$proc$/Users/toprakgundogdu/qwen-ffn-rom/rtl/ffn_col_serial_16x16_b4.v:129$4572'.
No latch inferred for signal `\ffn_col_serial.\csd_mul4$func$/Users/toprakgundogdu/qwen-ffn-rom/rtl/ffn_col_serial_16x16_b4.v:129$3095.$result' from process `\ffn_col_serial.$proc$/Users/toprakgundogdu/qwen-ffn-rom/rtl/ffn_col_serial_16x16_b4.v:129$4566'.
No latch inferred for signal `\ffn_col_serial.\csd_mul4$func$/Users/toprakgundogdu/qwen-ffn-rom/rtl/ffn_col_serial_16x16_b4.v:129$3094.$result' from process `\ffn_col_serial.$proc$/Users/toprakgundogdu/qwen-ffn-rom/rtl/ffn_col_serial_16x16_b4.v:129$4558'.
No latch inferred for signal `\ffn_col_serial.\csd_mul4$func$/Users/toprakgundogdu/qwen-ffn-rom/rtl/ffn_col_serial_16x16_b4.v:129$3093.$result' from process `\ffn_col_serial.$proc$/Users/toprakgundogdu/qwen-ffn-rom/rtl/ffn_col_serial_16x16_b4.v:129$4552'.
No latch inferred for signal `\ffn_col_serial.\csd_mul4$func$/Users/toprakgundogdu/qwen-ffn-rom/rtl/ffn_col_serial_16x16_b4.v:129$3092.$result' from process `\ffn_col_serial.$proc$/Users/toprakgundogdu/qwen-ffn-rom/rtl/ffn_col_serial_16x16_b4.v:129$4546'.
No latch inferred for signal `\ffn_col_serial.\csd_mul4$func$/Users/toprakgundogdu/qwen-ffn-rom/rtl/ffn_col_serial_16x16_b4.v:129$3091.$result' from process `\ffn_col_serial.$proc$/Users/toprakgundogdu/qwen-ffn-rom/rtl/ffn_col_serial_16x16_b4.v:129$4539'.
No latch inferred for signal `\ffn_col_serial.\csd_mul4$func$/Users/toprakgundogdu/qwen-ffn-rom/rtl/ffn_col_serial_16x16_b4.v:129$3089.$result' from process `\ffn_col_serial.$proc$/Users/toprakgundogdu/qwen-ffn-rom/rtl/ffn_col_serial_16x16_b4.v:129$4532'.
No latch inferred for signal `\ffn_col_serial.\csd_mul4$func$/Users/toprakgundogdu/qwen-ffn-rom/rtl/ffn_col_serial_16x16_b4.v:129$3088.$result' from process `\ffn_col_serial.$proc$/Users/toprakgundogdu/qwen-ffn-rom/rtl/ffn_col_serial_16x16_b4.v:129$4526'.
No latch inferred for signal `\ffn_col_serial.\csd_mul4$func$/Users/toprakgundogdu/qwen-ffn-rom/rtl/ffn_col_serial_16x16_b4.v:129$3087.$result' from process `\ffn_col_serial.$proc$/Users/toprakgundogdu/qwen-ffn-rom/rtl/ffn_col_serial_16x16_b4.v:129$4520'.
No latch inferred for signal `\ffn_col_serial.\csd_mul4$func$/Users/toprakgundogdu/qwen-ffn-rom/rtl/ffn_col_serial_16x16_b4.v:129$3086.$result' from process `\ffn_col_serial.$proc$/Users/toprakgundogdu/qwen-ffn-rom/rtl/ffn_col_serial_16x16_b4.v:129$4513'.
No latch inferred for signal `\ffn_col_serial.\csd_mul4$func$/Users/toprakgundogdu/qwen-ffn-rom/rtl/ffn_col_serial_16x16_b4.v:129$3085.$result' from process `\ffn_col_serial.$proc$/Users/toprakgundogdu/qwen-ffn-rom/rtl/ffn_col_serial_16x16_b4.v:129$4505'.
No latch inferred for signal `\ffn_col_serial.\csd_mul4$func$/Users/toprakgundogdu/qwen-ffn-rom/rtl/ffn_col_serial_16x16_b4.v:129$3084.$result' from process `\ffn_col_serial.$proc$/Users/toprakgundogdu/qwen-ffn-rom/rtl/ffn_col_serial_16x16_b4.v:129$4498'.
No latch inferred for signal `\ffn_col_serial.\csd_mul4$func$/Users/toprakgundogdu/qwen-ffn-rom/rtl/ffn_col_serial_16x16_b4.v:129$3083.$result' from process `\ffn_col_serial.$proc$/Users/toprakgundogdu/qwen-ffn-rom/rtl/ffn_col_serial_16x16_b4.v:129$4490'.
No latch inferred for signal `\ffn_col_serial.\csd_mul4$func$/Users/toprakgundogdu/qwen-ffn-rom/rtl/ffn_col_serial_16x16_b4.v:129$3082.$result' from process `\ffn_col_serial.$proc$/Users/toprakgundogdu/qwen-ffn-rom/rtl/ffn_col_serial_16x16_b4.v:129$4484'.
No latch inferred for signal `\ffn_col_serial.\csd_mul4$func$/Users/toprakgundogdu/qwen-ffn-rom/rtl/ffn_col_serial_16x16_b4.v:129$3081.$result' from process `\ffn_col_serial.$proc$/Users/toprakgundogdu/qwen-ffn-rom/rtl/ffn_col_serial_16x16_b4.v:129$4478'.
No latch inferred for signal `\ffn_col_serial.\csd_mul4$func$/Users/toprakgundogdu/qwen-ffn-rom/rtl/ffn_col_serial_16x16_b4.v:129$3080.$result' from process `\ffn_col_serial.$proc$/Users/toprakgundogdu/qwen-ffn-rom/rtl/ffn_col_serial_16x16_b4.v:129$4471'.
No latch inferred for signal `\ffn_col_serial.\csd_mul4$func$/Users/toprakgundogdu/qwen-ffn-rom/rtl/ffn_col_serial_16x16_b4.v:129$3079.$result' from process `\ffn_col_serial.$proc$/Users/toprakgundogdu/qwen-ffn-rom/rtl/ffn_col_serial_16x16_b4.v:129$4465'.
No latch inferred for signal `\ffn_col_serial.\csd_mul4$func$/Users/toprakgundogdu/qwen-ffn-rom/rtl/ffn_col_serial_16x16_b4.v:129$3078.$result' from process `\ffn_col_serial.$proc$/Users/toprakgundogdu/qwen-ffn-rom/rtl/ffn_col_serial_16x16_b4.v:129$4459'.
No latch inferred for signal `\ffn_col_serial.\csd_mul4$func$/Users/toprakgundogdu/qwen-ffn-rom/rtl/ffn_col_serial_16x16_b4.v:129$3077.$result' from process `\ffn_col_serial.$proc$/Users/toprakgundogdu/qwen-ffn-rom/rtl/ffn_col_serial_16x16_b4.v:129$4451'.
No latch inferred for signal `\ffn_col_serial.\csd_mul4$func$/Users/toprakgundogdu/qwen-ffn-rom/rtl/ffn_col_serial_16x16_b4.v:129$3076.$result' from process `\ffn_col_serial.$proc$/Users/toprakgundogdu/qwen-ffn-rom/rtl/ffn_col_serial_16x16_b4.v:129$4445'.
No latch inferred for signal `\ffn_col_serial.\csd_mul4$func$/Users/toprakgundogdu/qwen-ffn-rom/rtl/ffn_col_serial_16x16_b4.v:129$3075.$result' from process `\ffn_col_serial.$proc$/Users/toprakgundogdu/qwen-ffn-rom/rtl/ffn_col_serial_16x16_b4.v:129$4439'.
No latch inferred for signal `\ffn_col_serial.\csd_mul4$func$/Users/toprakgundogdu/qwen-ffn-rom/rtl/ffn_col_serial_16x16_b4.v:129$3074.$result' from process `\ffn_col_serial.$proc$/Users/toprakgundogdu/qwen-ffn-rom/rtl/ffn_col_serial_16x16_b4.v:129$4431'.
No latch inferred for signal `\ffn_col_serial.\csd_mul4$func$/Users/toprakgundogdu/qwen-ffn-rom/rtl/ffn_col_serial_16x16_b4.v:129$3072.$result' from process `\ffn_col_serial.$proc$/Users/toprakgundogdu/qwen-ffn-rom/rtl/ffn_col_serial_16x16_b4.v:129$4421'.
No latch inferred for signal `\ffn_col_serial.\csd_mul4$func$/Users/toprakgundogdu/qwen-ffn-rom/rtl/ffn_col_serial_16x16_b4.v:129$3071.$result' from process `\ffn_col_serial.$proc$/Users/toprakgundogdu/qwen-ffn-rom/rtl/ffn_col_serial_16x16_b4.v:129$4414'.
No latch inferred for signal `\ffn_col_serial.\csd_mul4$func$/Users/toprakgundogdu/qwen-ffn-rom/rtl/ffn_col_serial_16x16_b4.v:129$3070.$result' from process `\ffn_col_serial.$proc$/Users/toprakgundogdu/qwen-ffn-rom/rtl/ffn_col_serial_16x16_b4.v:129$4406'.
No latch inferred for signal `\ffn_col_serial.\csd_mul4$func$/Users/toprakgundogdu/qwen-ffn-rom/rtl/ffn_col_serial_16x16_b4.v:129$3069.$result' from process `\ffn_col_serial.$proc$/Users/toprakgundogdu/qwen-ffn-rom/rtl/ffn_col_serial_16x16_b4.v:129$4400'.
No latch inferred for signal `\ffn_col_serial.\csd_mul4$func$/Users/toprakgundogdu/qwen-ffn-rom/rtl/ffn_col_serial_16x16_b4.v:129$3068.$result' from process `\ffn_col_serial.$proc$/Users/toprakgundogdu/qwen-ffn-rom/rtl/ffn_col_serial_16x16_b4.v:129$4391'.
No latch inferred for signal `\ffn_col_serial.\csd_mul4$func$/Users/toprakgundogdu/qwen-ffn-rom/rtl/ffn_col_serial_16x16_b4.v:129$3067.$result' from process `\ffn_col_serial.$proc$/Users/toprakgundogdu/qwen-ffn-rom/rtl/ffn_col_serial_16x16_b4.v:129$4382'.
No latch inferred for signal `\ffn_col_serial.\csd_mul4$func$/Users/toprakgundogdu/qwen-ffn-rom/rtl/ffn_col_serial_16x16_b4.v:129$3066.$result' from process `\ffn_col_serial.$proc$/Users/toprakgundogdu/qwen-ffn-rom/rtl/ffn_col_serial_16x16_b4.v:129$4374'.
No latch inferred for signal `\ffn_col_serial.\csd_mul4$func$/Users/toprakgundogdu/qwen-ffn-rom/rtl/ffn_col_serial_16x16_b4.v:129$3065.$result' from process `\ffn_col_serial.$proc$/Users/toprakgundogdu/qwen-ffn-rom/rtl/ffn_col_serial_16x16_b4.v:129$4368'.
No latch inferred for signal `\ffn_col_serial.\csd_mul4$func$/Users/toprakgundogdu/qwen-ffn-rom/rtl/ffn_col_serial_16x16_b4.v:129$3064.$result' from process `\ffn_col_serial.$proc$/Users/toprakgundogdu/qwen-ffn-rom/rtl/ffn_col_serial_16x16_b4.v:129$4358'.
No latch inferred for signal `\ffn_col_serial.\csd_mul4$func$/Users/toprakgundogdu/qwen-ffn-rom/rtl/ffn_col_serial_16x16_b4.v:129$3063.$result' from process `\ffn_col_serial.$proc$/Users/toprakgundogdu/qwen-ffn-rom/rtl/ffn_col_serial_16x16_b4.v:129$4352'.
No latch inferred for signal `\ffn_col_serial.\csd_mul4$func$/Users/toprakgundogdu/qwen-ffn-rom/rtl/ffn_col_serial_16x16_b4.v:129$3062.$result' from process `\ffn_col_serial.$proc$/Users/toprakgundogdu/qwen-ffn-rom/rtl/ffn_col_serial_16x16_b4.v:129$4346'.
No latch inferred for signal `\ffn_col_serial.\csd_mul4$func$/Users/toprakgundogdu/qwen-ffn-rom/rtl/ffn_col_serial_16x16_b4.v:129$3061.$result' from process `\ffn_col_serial.$proc$/Users/toprakgundogdu/qwen-ffn-rom/rtl/ffn_col_serial_16x16_b4.v:129$4339'.
No latch inferred for signal `\ffn_col_serial.\csd_mul4$func$/Users/toprakgundogdu/qwen-ffn-rom/rtl/ffn_col_serial_16x16_b4.v:129$3060.$result' from process `\ffn_col_serial.$proc$/Users/toprakgundogdu/qwen-ffn-rom/rtl/ffn_col_serial_16x16_b4.v:129$4330'.
No latch inferred for signal `\ffn_col_serial.\csd_mul4$func$/Users/toprakgundogdu/qwen-ffn-rom/rtl/ffn_col_serial_16x16_b4.v:129$3059.$result' from process `\ffn_col_serial.$proc$/Users/toprakgundogdu/qwen-ffn-rom/rtl/ffn_col_serial_16x16_b4.v:129$4321'.
No latch inferred for signal `\ffn_col_serial.\csd_mul4$func$/Users/toprakgundogdu/qwen-ffn-rom/rtl/ffn_col_serial_16x16_b4.v:129$3058.$result' from process `\ffn_col_serial.$proc$/Users/toprakgundogdu/qwen-ffn-rom/rtl/ffn_col_serial_16x16_b4.v:129$4313'.
No latch inferred for signal `\ffn_col_serial.\csd_mul4$func$/Users/toprakgundogdu/qwen-ffn-rom/rtl/ffn_col_serial_16x16_b4.v:129$3057.$result' from process `\ffn_col_serial.$proc$/Users/toprakgundogdu/qwen-ffn-rom/rtl/ffn_col_serial_16x16_b4.v:129$4304'.
No latch inferred for signal `\ffn_col_serial.\csd_mul4$func$/Users/toprakgundogdu/qwen-ffn-rom/rtl/ffn_col_serial_16x16_b4.v:129$3055.$result' from process `\ffn_col_serial.$proc$/Users/toprakgundogdu/qwen-ffn-rom/rtl/ffn_col_serial_16x16_b4.v:129$4297'.
No latch inferred for signal `\ffn_col_serial.\csd_mul4$func$/Users/toprakgundogdu/qwen-ffn-rom/rtl/ffn_col_serial_16x16_b4.v:129$3054.$result' from process `\ffn_col_serial.$proc$/Users/toprakgundogdu/qwen-ffn-rom/rtl/ffn_col_serial_16x16_b4.v:129$4288'.
No latch inferred for signal `\ffn_col_serial.\csd_mul4$func$/Users/toprakgundogdu/qwen-ffn-rom/rtl/ffn_col_serial_16x16_b4.v:129$3053.$result' from process `\ffn_col_serial.$proc$/Users/toprakgundogdu/qwen-ffn-rom/rtl/ffn_col_serial_16x16_b4.v:129$4279'.
No latch inferred for signal `\ffn_col_serial.\csd_mul4$func$/Users/toprakgundogdu/qwen-ffn-rom/rtl/ffn_col_serial_16x16_b4.v:129$3052.$result' from process `\ffn_col_serial.$proc$/Users/toprakgundogdu/qwen-ffn-rom/rtl/ffn_col_serial_16x16_b4.v:129$4271'.
No latch inferred for signal `\ffn_col_serial.\csd_mul4$func$/Users/toprakgundogdu/qwen-ffn-rom/rtl/ffn_col_serial_16x16_b4.v:129$3051.$result' from process `\ffn_col_serial.$proc$/Users/toprakgundogdu/qwen-ffn-rom/rtl/ffn_col_serial_16x16_b4.v:129$4263'.
No latch inferred for signal `\ffn_col_serial.\csd_mul4$func$/Users/toprakgundogdu/qwen-ffn-rom/rtl/ffn_col_serial_16x16_b4.v:129$3050.$result' from process `\ffn_col_serial.$proc$/Users/toprakgundogdu/qwen-ffn-rom/rtl/ffn_col_serial_16x16_b4.v:129$4254'.
No latch inferred for signal `\ffn_col_serial.\csd_mul4$func$/Users/toprakgundogdu/qwen-ffn-rom/rtl/ffn_col_serial_16x16_b4.v:129$3049.$result' from process `\ffn_col_serial.$proc$/Users/toprakgundogdu/qwen-ffn-rom/rtl/ffn_col_serial_16x16_b4.v:129$4247'.
No latch inferred for signal `\ffn_col_serial.\csd_mul4$func$/Users/toprakgundogdu/qwen-ffn-rom/rtl/ffn_col_serial_16x16_b4.v:129$3048.$result' from process `\ffn_col_serial.$proc$/Users/toprakgundogdu/qwen-ffn-rom/rtl/ffn_col_serial_16x16_b4.v:129$4240'.
No latch inferred for signal `\ffn_col_serial.\csd_mul4$func$/Users/toprakgundogdu/qwen-ffn-rom/rtl/ffn_col_serial_16x16_b4.v:129$3047.$result' from process `\ffn_col_serial.$proc$/Users/toprakgundogdu/qwen-ffn-rom/rtl/ffn_col_serial_16x16_b4.v:129$4232'.
No latch inferred for signal `\ffn_col_serial.\csd_mul4$func$/Users/toprakgundogdu/qwen-ffn-rom/rtl/ffn_col_serial_16x16_b4.v:129$3046.$result' from process `\ffn_col_serial.$proc$/Users/toprakgundogdu/qwen-ffn-rom/rtl/ffn_col_serial_16x16_b4.v:129$4225'.
No latch inferred for signal `\ffn_col_serial.\csd_mul4$func$/Users/toprakgundogdu/qwen-ffn-rom/rtl/ffn_col_serial_16x16_b4.v:129$3045.$result' from process `\ffn_col_serial.$proc$/Users/toprakgundogdu/qwen-ffn-rom/rtl/ffn_col_serial_16x16_b4.v:129$4219'.
No latch inferred for signal `\ffn_col_serial.\csd_mul4$func$/Users/toprakgundogdu/qwen-ffn-rom/rtl/ffn_col_serial_16x16_b4.v:129$3044.$result' from process `\ffn_col_serial.$proc$/Users/toprakgundogdu/qwen-ffn-rom/rtl/ffn_col_serial_16x16_b4.v:129$4210'.
No latch inferred for signal `\ffn_col_serial.\csd_mul4$func$/Users/toprakgundogdu/qwen-ffn-rom/rtl/ffn_col_serial_16x16_b4.v:129$3043.$result' from process `\ffn_col_serial.$proc$/Users/toprakgundogdu/qwen-ffn-rom/rtl/ffn_col_serial_16x16_b4.v:129$4202'.
No latch inferred for signal `\ffn_col_serial.\csd_mul4$func$/Users/toprakgundogdu/qwen-ffn-rom/rtl/ffn_col_serial_16x16_b4.v:129$3042.$result' from process `\ffn_col_serial.$proc$/Users/toprakgundogdu/qwen-ffn-rom/rtl/ffn_col_serial_16x16_b4.v:129$4196'.
No latch inferred for signal `\ffn_col_serial.\csd_mul4$func$/Users/toprakgundogdu/qwen-ffn-rom/rtl/ffn_col_serial_16x16_b4.v:129$3041.$result' from process `\ffn_col_serial.$proc$/Users/toprakgundogdu/qwen-ffn-rom/rtl/ffn_col_serial_16x16_b4.v:129$4189'.
No latch inferred for signal `\ffn_col_serial.\csd_mul4$func$/Users/toprakgundogdu/qwen-ffn-rom/rtl/ffn_col_serial_16x16_b4.v:129$3040.$result' from process `\ffn_col_serial.$proc$/Users/toprakgundogdu/qwen-ffn-rom/rtl/ffn_col_serial_16x16_b4.v:129$4180'.
No latch inferred for signal `\ffn_col_serial.\csd_mul4$func$/Users/toprakgundogdu/qwen-ffn-rom/rtl/ffn_col_serial_16x16_b4.v:129$3038.$result' from process `\ffn_col_serial.$proc$/Users/toprakgundogdu/qwen-ffn-rom/rtl/ffn_col_serial_16x16_b4.v:129$4170'.
No latch inferred for signal `\ffn_col_serial.\csd_mul4$func$/Users/toprakgundogdu/qwen-ffn-rom/rtl/ffn_col_serial_16x16_b4.v:129$3037.$result' from process `\ffn_col_serial.$proc$/Users/toprakgundogdu/qwen-ffn-rom/rtl/ffn_col_serial_16x16_b4.v:129$4164'.
No latch inferred for signal `\ffn_col_serial.\csd_mul4$func$/Users/toprakgundogdu/qwen-ffn-rom/rtl/ffn_col_serial_16x16_b4.v:129$3036.$result' from process `\ffn_col_serial.$proc$/Users/toprakgundogdu/qwen-ffn-rom/rtl/ffn_col_serial_16x16_b4.v:129$4156'.
No latch inferred for signal `\ffn_col_serial.\csd_mul4$func$/Users/toprakgundogdu/qwen-ffn-rom/rtl/ffn_col_serial_16x16_b4.v:129$3035.$result' from process `\ffn_col_serial.$proc$/Users/toprakgundogdu/qwen-ffn-rom/rtl/ffn_col_serial_16x16_b4.v:129$4150'.
No latch inferred for signal `\ffn_col_serial.\csd_mul4$func$/Users/toprakgundogdu/qwen-ffn-rom/rtl/ffn_col_serial_16x16_b4.v:129$3034.$result' from process `\ffn_col_serial.$proc$/Users/toprakgundogdu/qwen-ffn-rom/rtl/ffn_col_serial_16x16_b4.v:129$4141'.
No latch inferred for signal `\ffn_col_serial.\csd_mul4$func$/Users/toprakgundogdu/qwen-ffn-rom/rtl/ffn_col_serial_16x16_b4.v:129$3033.$result' from process `\ffn_col_serial.$proc$/Users/toprakgundogdu/qwen-ffn-rom/rtl/ffn_col_serial_16x16_b4.v:129$4134'.
No latch inferred for signal `\ffn_col_serial.\csd_mul4$func$/Users/toprakgundogdu/qwen-ffn-rom/rtl/ffn_col_serial_16x16_b4.v:129$3032.$result' from process `\ffn_col_serial.$proc$/Users/toprakgundogdu/qwen-ffn-rom/rtl/ffn_col_serial_16x16_b4.v:129$4126'.
No latch inferred for signal `\ffn_col_serial.\csd_mul4$func$/Users/toprakgundogdu/qwen-ffn-rom/rtl/ffn_col_serial_16x16_b4.v:129$3031.$result' from process `\ffn_col_serial.$proc$/Users/toprakgundogdu/qwen-ffn-rom/rtl/ffn_col_serial_16x16_b4.v:129$4120'.
No latch inferred for signal `\ffn_col_serial.\csd_mul4$func$/Users/toprakgundogdu/qwen-ffn-rom/rtl/ffn_col_serial_16x16_b4.v:129$3030.$result' from process `\ffn_col_serial.$proc$/Users/toprakgundogdu/qwen-ffn-rom/rtl/ffn_col_serial_16x16_b4.v:129$4111'.
No latch inferred for signal `\ffn_col_serial.\csd_mul4$func$/Users/toprakgundogdu/qwen-ffn-rom/rtl/ffn_col_serial_16x16_b4.v:129$3029.$result' from process `\ffn_col_serial.$proc$/Users/toprakgundogdu/qwen-ffn-rom/rtl/ffn_col_serial_16x16_b4.v:129$4104'.
No latch inferred for signal `\ffn_col_serial.\csd_mul4$func$/Users/toprakgundogdu/qwen-ffn-rom/rtl/ffn_col_serial_16x16_b4.v:129$3028.$result' from process `\ffn_col_serial.$proc$/Users/toprakgundogdu/qwen-ffn-rom/rtl/ffn_col_serial_16x16_b4.v:129$4097'.
No latch inferred for signal `\ffn_col_serial.\csd_mul4$func$/Users/toprakgundogdu/qwen-ffn-rom/rtl/ffn_col_serial_16x16_b4.v:129$3027.$result' from process `\ffn_col_serial.$proc$/Users/toprakgundogdu/qwen-ffn-rom/rtl/ffn_col_serial_16x16_b4.v:129$4091'.
No latch inferred for signal `\ffn_col_serial.\csd_mul4$func$/Users/toprakgundogdu/qwen-ffn-rom/rtl/ffn_col_serial_16x16_b4.v:129$3026.$result' from process `\ffn_col_serial.$proc$/Users/toprakgundogdu/qwen-ffn-rom/rtl/ffn_col_serial_16x16_b4.v:129$4084'.
No latch inferred for signal `\ffn_col_serial.\csd_mul4$func$/Users/toprakgundogdu/qwen-ffn-rom/rtl/ffn_col_serial_16x16_b4.v:129$3025.$result' from process `\ffn_col_serial.$proc$/Users/toprakgundogdu/qwen-ffn-rom/rtl/ffn_col_serial_16x16_b4.v:129$4075'.
No latch inferred for signal `\ffn_col_serial.\csd_mul4$func$/Users/toprakgundogdu/qwen-ffn-rom/rtl/ffn_col_serial_16x16_b4.v:129$3024.$result' from process `\ffn_col_serial.$proc$/Users/toprakgundogdu/qwen-ffn-rom/rtl/ffn_col_serial_16x16_b4.v:129$4069'.
No latch inferred for signal `\ffn_col_serial.\csd_mul4$func$/Users/toprakgundogdu/qwen-ffn-rom/rtl/ffn_col_serial_16x16_b4.v:129$3023.$result' from process `\ffn_col_serial.$proc$/Users/toprakgundogdu/qwen-ffn-rom/rtl/ffn_col_serial_16x16_b4.v:129$4062'.
No latch inferred for signal `\ffn_col_serial.\csd_mul4$func$/Users/toprakgundogdu/qwen-ffn-rom/rtl/ffn_col_serial_16x16_b4.v:129$3021.$result' from process `\ffn_col_serial.$proc$/Users/toprakgundogdu/qwen-ffn-rom/rtl/ffn_col_serial_16x16_b4.v:129$4053'.
No latch inferred for signal `\ffn_col_serial.\csd_mul4$func$/Users/toprakgundogdu/qwen-ffn-rom/rtl/ffn_col_serial_16x16_b4.v:129$3020.$result' from process `\ffn_col_serial.$proc$/Users/toprakgundogdu/qwen-ffn-rom/rtl/ffn_col_serial_16x16_b4.v:129$4046'.
No latch inferred for signal `\ffn_col_serial.\csd_mul4$func$/Users/toprakgundogdu/qwen-ffn-rom/rtl/ffn_col_serial_16x16_b4.v:129$3019.$result' from process `\ffn_col_serial.$proc$/Users/toprakgundogdu/qwen-ffn-rom/rtl/ffn_col_serial_16x16_b4.v:129$4038'.
No latch inferred for signal `\ffn_col_serial.\csd_mul4$func$/Users/toprakgundogdu/qwen-ffn-rom/rtl/ffn_col_serial_16x16_b4.v:129$3018.$result' from process `\ffn_col_serial.$proc$/Users/toprakgundogdu/qwen-ffn-rom/rtl/ffn_col_serial_16x16_b4.v:129$4032'.
No latch inferred for signal `\ffn_col_serial.\csd_mul4$func$/Users/toprakgundogdu/qwen-ffn-rom/rtl/ffn_col_serial_16x16_b4.v:129$3017.$result' from process `\ffn_col_serial.$proc$/Users/toprakgundogdu/qwen-ffn-rom/rtl/ffn_col_serial_16x16_b4.v:129$4026'.
No latch inferred for signal `\ffn_col_serial.\csd_mul4$func$/Users/toprakgundogdu/qwen-ffn-rom/rtl/ffn_col_serial_16x16_b4.v:129$3016.$result' from process `\ffn_col_serial.$proc$/Users/toprakgundogdu/qwen-ffn-rom/rtl/ffn_col_serial_16x16_b4.v:129$4020'.
No latch inferred for signal `\ffn_col_serial.\csd_mul4$func$/Users/toprakgundogdu/qwen-ffn-rom/rtl/ffn_col_serial_16x16_b4.v:129$3015.$result' from process `\ffn_col_serial.$proc$/Users/toprakgundogdu/qwen-ffn-rom/rtl/ffn_col_serial_16x16_b4.v:129$4012'.
No latch inferred for signal `\ffn_col_serial.\csd_mul4$func$/Users/toprakgundogdu/qwen-ffn-rom/rtl/ffn_col_serial_16x16_b4.v:129$3014.$result' from process `\ffn_col_serial.$proc$/Users/toprakgundogdu/qwen-ffn-rom/rtl/ffn_col_serial_16x16_b4.v:129$4005'.
No latch inferred for signal `\ffn_col_serial.\csd_mul4$func$/Users/toprakgundogdu/qwen-ffn-rom/rtl/ffn_col_serial_16x16_b4.v:129$3013.$result' from process `\ffn_col_serial.$proc$/Users/toprakgundogdu/qwen-ffn-rom/rtl/ffn_col_serial_16x16_b4.v:129$3997'.
No latch inferred for signal `\ffn_col_serial.\csd_mul4$func$/Users/toprakgundogdu/qwen-ffn-rom/rtl/ffn_col_serial_16x16_b4.v:129$3012.$result' from process `\ffn_col_serial.$proc$/Users/toprakgundogdu/qwen-ffn-rom/rtl/ffn_col_serial_16x16_b4.v:129$3991'.
No latch inferred for signal `\ffn_col_serial.\csd_mul4$func$/Users/toprakgundogdu/qwen-ffn-rom/rtl/ffn_col_serial_16x16_b4.v:129$3011.$result' from process `\ffn_col_serial.$proc$/Users/toprakgundogdu/qwen-ffn-rom/rtl/ffn_col_serial_16x16_b4.v:129$3983'.
No latch inferred for signal `\ffn_col_serial.\csd_mul4$func$/Users/toprakgundogdu/qwen-ffn-rom/rtl/ffn_col_serial_16x16_b4.v:129$3010.$result' from process `\ffn_col_serial.$proc$/Users/toprakgundogdu/qwen-ffn-rom/rtl/ffn_col_serial_16x16_b4.v:129$3976'.
No latch inferred for signal `\ffn_col_serial.\csd_mul4$func$/Users/toprakgundogdu/qwen-ffn-rom/rtl/ffn_col_serial_16x16_b4.v:129$3009.$result' from process `\ffn_col_serial.$proc$/Users/toprakgundogdu/qwen-ffn-rom/rtl/ffn_col_serial_16x16_b4.v:129$3968'.
No latch inferred for signal `\ffn_col_serial.\csd_mul4$func$/Users/toprakgundogdu/qwen-ffn-rom/rtl/ffn_col_serial_16x16_b4.v:129$3008.$result' from process `\ffn_col_serial.$proc$/Users/toprakgundogdu/qwen-ffn-rom/rtl/ffn_col_serial_16x16_b4.v:129$3961'.
No latch inferred for signal `\ffn_col_serial.\csd_mul4$func$/Users/toprakgundogdu/qwen-ffn-rom/rtl/ffn_col_serial_16x16_b4.v:129$3007.$result' from process `\ffn_col_serial.$proc$/Users/toprakgundogdu/qwen-ffn-rom/rtl/ffn_col_serial_16x16_b4.v:129$3955'.
No latch inferred for signal `\ffn_col_serial.\csd_mul4$func$/Users/toprakgundogdu/qwen-ffn-rom/rtl/ffn_col_serial_16x16_b4.v:129$3006.$result' from process `\ffn_col_serial.$proc$/Users/toprakgundogdu/qwen-ffn-rom/rtl/ffn_col_serial_16x16_b4.v:129$3947'.
No latch inferred for signal `\ffn_col_serial.\csd_mul4$func$/Users/toprakgundogdu/qwen-ffn-rom/rtl/ffn_col_serial_16x16_b4.v:129$3004.$result' from process `\ffn_col_serial.$proc$/Users/toprakgundogdu/qwen-ffn-rom/rtl/ffn_col_serial_16x16_b4.v:129$3939'.
No latch inferred for signal `\ffn_col_serial.\csd_mul4$func$/Users/toprakgundogdu/qwen-ffn-rom/rtl/ffn_col_serial_16x16_b4.v:129$3003.$result' from process `\ffn_col_serial.$proc$/Users/toprakgundogdu/qwen-ffn-rom/rtl/ffn_col_serial_16x16_b4.v:129$3931'.
No latch inferred for signal `\ffn_col_serial.\csd_mul4$func$/Users/toprakgundogdu/qwen-ffn-rom/rtl/ffn_col_serial_16x16_b4.v:129$3002.$result' from process `\ffn_col_serial.$proc$/Users/toprakgundogdu/qwen-ffn-rom/rtl/ffn_col_serial_16x16_b4.v:129$3921'.
No latch inferred for signal `\ffn_col_serial.\csd_mul4$func$/Users/toprakgundogdu/qwen-ffn-rom/rtl/ffn_col_serial_16x16_b4.v:129$3001.$result' from process `\ffn_col_serial.$proc$/Users/toprakgundogdu/qwen-ffn-rom/rtl/ffn_col_serial_16x16_b4.v:129$3913'.
No latch inferred for signal `\ffn_col_serial.\csd_mul4$func$/Users/toprakgundogdu/qwen-ffn-rom/rtl/ffn_col_serial_16x16_b4.v:129$3000.$result' from process `\ffn_col_serial.$proc$/Users/toprakgundogdu/qwen-ffn-rom/rtl/ffn_col_serial_16x16_b4.v:129$3907'.
No latch inferred for signal `\ffn_col_serial.\csd_mul4$func$/Users/toprakgundogdu/qwen-ffn-rom/rtl/ffn_col_serial_16x16_b4.v:129$2999.$result' from process `\ffn_col_serial.$proc$/Users/toprakgundogdu/qwen-ffn-rom/rtl/ffn_col_serial_16x16_b4.v:129$3898'.
No latch inferred for signal `\ffn_col_serial.\csd_mul4$func$/Users/toprakgundogdu/qwen-ffn-rom/rtl/ffn_col_serial_16x16_b4.v:129$2998.$result' from process `\ffn_col_serial.$proc$/Users/toprakgundogdu/qwen-ffn-rom/rtl/ffn_col_serial_16x16_b4.v:129$3892'.
No latch inferred for signal `\ffn_col_serial.\csd_mul4$func$/Users/toprakgundogdu/qwen-ffn-rom/rtl/ffn_col_serial_16x16_b4.v:129$2997.$result' from process `\ffn_col_serial.$proc$/Users/toprakgundogdu/qwen-ffn-rom/rtl/ffn_col_serial_16x16_b4.v:129$3884'.
No latch inferred for signal `\ffn_col_serial.\csd_mul4$func$/Users/toprakgundogdu/qwen-ffn-rom/rtl/ffn_col_serial_16x16_b4.v:129$2996.$result' from process `\ffn_col_serial.$proc$/Users/toprakgundogdu/qwen-ffn-rom/rtl/ffn_col_serial_16x16_b4.v:129$3878'.
No latch inferred for signal `\ffn_col_serial.\csd_mul4$func$/Users/toprakgundogdu/qwen-ffn-rom/rtl/ffn_col_serial_16x16_b4.v:129$2995.$result' from process `\ffn_col_serial.$proc$/Users/toprakgundogdu/qwen-ffn-rom/rtl/ffn_col_serial_16x16_b4.v:129$3870'.
No latch inferred for signal `\ffn_col_serial.\csd_mul4$func$/Users/toprakgundogdu/qwen-ffn-rom/rtl/ffn_col_serial_16x16_b4.v:129$2994.$result' from process `\ffn_col_serial.$proc$/Users/toprakgundogdu/qwen-ffn-rom/rtl/ffn_col_serial_16x16_b4.v:129$3861'.
No latch inferred for signal `\ffn_col_serial.\csd_mul4$func$/Users/toprakgundogdu/qwen-ffn-rom/rtl/ffn_col_serial_16x16_b4.v:129$2993.$result' from process `\ffn_col_serial.$proc$/Users/toprakgundogdu/qwen-ffn-rom/rtl/ffn_col_serial_16x16_b4.v:129$3853'.
No latch inferred for signal `\ffn_col_serial.\csd_mul4$func$/Users/toprakgundogdu/qwen-ffn-rom/rtl/ffn_col_serial_16x16_b4.v:129$2992.$result' from process `\ffn_col_serial.$proc$/Users/toprakgundogdu/qwen-ffn-rom/rtl/ffn_col_serial_16x16_b4.v:129$3845'.
No latch inferred for signal `\ffn_col_serial.\csd_mul4$func$/Users/toprakgundogdu/qwen-ffn-rom/rtl/ffn_col_serial_16x16_b4.v:129$2991.$result' from process `\ffn_col_serial.$proc$/Users/toprakgundogdu/qwen-ffn-rom/rtl/ffn_col_serial_16x16_b4.v:129$3838'.
No latch inferred for signal `\ffn_col_serial.\csd_mul4$func$/Users/toprakgundogdu/qwen-ffn-rom/rtl/ffn_col_serial_16x16_b4.v:129$2990.$result' from process `\ffn_col_serial.$proc$/Users/toprakgundogdu/qwen-ffn-rom/rtl/ffn_col_serial_16x16_b4.v:129$3831'.
No latch inferred for signal `\ffn_col_serial.\csd_mul4$func$/Users/toprakgundogdu/qwen-ffn-rom/rtl/ffn_col_serial_16x16_b4.v:129$2989.$result' from process `\ffn_col_serial.$proc$/Users/toprakgundogdu/qwen-ffn-rom/rtl/ffn_col_serial_16x16_b4.v:129$3824'.
No latch inferred for signal `\ffn_col_serial.\csd_mul4$func$/Users/toprakgundogdu/qwen-ffn-rom/rtl/ffn_col_serial_16x16_b4.v:129$2987.$result' from process `\ffn_col_serial.$proc$/Users/toprakgundogdu/qwen-ffn-rom/rtl/ffn_col_serial_16x16_b4.v:129$3817'.
No latch inferred for signal `\ffn_col_serial.\csd_mul4$func$/Users/toprakgundogdu/qwen-ffn-rom/rtl/ffn_col_serial_16x16_b4.v:129$2986.$result' from process `\ffn_col_serial.$proc$/Users/toprakgundogdu/qwen-ffn-rom/rtl/ffn_col_serial_16x16_b4.v:129$3810'.
No latch inferred for signal `\ffn_col_serial.\csd_mul4$func$/Users/toprakgundogdu/qwen-ffn-rom/rtl/ffn_col_serial_16x16_b4.v:129$2985.$result' from process `\ffn_col_serial.$proc$/Users/toprakgundogdu/qwen-ffn-rom/rtl/ffn_col_serial_16x16_b4.v:129$3803'.
No latch inferred for signal `\ffn_col_serial.\csd_mul4$func$/Users/toprakgundogdu/qwen-ffn-rom/rtl/ffn_col_serial_16x16_b4.v:129$2984.$result' from process `\ffn_col_serial.$proc$/Users/toprakgundogdu/qwen-ffn-rom/rtl/ffn_col_serial_16x16_b4.v:129$3794'.
No latch inferred for signal `\ffn_col_serial.\csd_mul4$func$/Users/toprakgundogdu/qwen-ffn-rom/rtl/ffn_col_serial_16x16_b4.v:129$2983.$result' from process `\ffn_col_serial.$proc$/Users/toprakgundogdu/qwen-ffn-rom/rtl/ffn_col_serial_16x16_b4.v:129$3786'.
No latch inferred for signal `\ffn_col_serial.\csd_mul4$func$/Users/toprakgundogdu/qwen-ffn-rom/rtl/ffn_col_serial_16x16_b4.v:129$2982.$result' from process `\ffn_col_serial.$proc$/Users/toprakgundogdu/qwen-ffn-rom/rtl/ffn_col_serial_16x16_b4.v:129$3778'.
No latch inferred for signal `\ffn_col_serial.\csd_mul4$func$/Users/toprakgundogdu/qwen-ffn-rom/rtl/ffn_col_serial_16x16_b4.v:129$2981.$result' from process `\ffn_col_serial.$proc$/Users/toprakgundogdu/qwen-ffn-rom/rtl/ffn_col_serial_16x16_b4.v:129$3770'.
No latch inferred for signal `\ffn_col_serial.\csd_mul4$func$/Users/toprakgundogdu/qwen-ffn-rom/rtl/ffn_col_serial_16x16_b4.v:129$2980.$result' from process `\ffn_col_serial.$proc$/Users/toprakgundogdu/qwen-ffn-rom/rtl/ffn_col_serial_16x16_b4.v:129$3761'.
No latch inferred for signal `\ffn_col_serial.\csd_mul4$func$/Users/toprakgundogdu/qwen-ffn-rom/rtl/ffn_col_serial_16x16_b4.v:129$2979.$result' from process `\ffn_col_serial.$proc$/Users/toprakgundogdu/qwen-ffn-rom/rtl/ffn_col_serial_16x16_b4.v:129$3752'.
No latch inferred for signal `\ffn_col_serial.\csd_mul4$func$/Users/toprakgundogdu/qwen-ffn-rom/rtl/ffn_col_serial_16x16_b4.v:129$2978.$result' from process `\ffn_col_serial.$proc$/Users/toprakgundogdu/qwen-ffn-rom/rtl/ffn_col_serial_16x16_b4.v:129$3746'.
No latch inferred for signal `\ffn_col_serial.\csd_mul4$func$/Users/toprakgundogdu/qwen-ffn-rom/rtl/ffn_col_serial_16x16_b4.v:129$2977.$result' from process `\ffn_col_serial.$proc$/Users/toprakgundogdu/qwen-ffn-rom/rtl/ffn_col_serial_16x16_b4.v:129$3738'.
No latch inferred for signal `\ffn_col_serial.\csd_mul4$func$/Users/toprakgundogdu/qwen-ffn-rom/rtl/ffn_col_serial_16x16_b4.v:129$2976.$result' from process `\ffn_col_serial.$proc$/Users/toprakgundogdu/qwen-ffn-rom/rtl/ffn_col_serial_16x16_b4.v:129$3731'.
No latch inferred for signal `\ffn_col_serial.\csd_mul4$func$/Users/toprakgundogdu/qwen-ffn-rom/rtl/ffn_col_serial_16x16_b4.v:129$2975.$result' from process `\ffn_col_serial.$proc$/Users/toprakgundogdu/qwen-ffn-rom/rtl/ffn_col_serial_16x16_b4.v:129$3722'.
No latch inferred for signal `\ffn_col_serial.\csd_mul4$func$/Users/toprakgundogdu/qwen-ffn-rom/rtl/ffn_col_serial_16x16_b4.v:129$2974.$result' from process `\ffn_col_serial.$proc$/Users/toprakgundogdu/qwen-ffn-rom/rtl/ffn_col_serial_16x16_b4.v:129$3715'.
No latch inferred for signal `\ffn_col_serial.\csd_mul4$func$/Users/toprakgundogdu/qwen-ffn-rom/rtl/ffn_col_serial_16x16_b4.v:129$2973.$result' from process `\ffn_col_serial.$proc$/Users/toprakgundogdu/qwen-ffn-rom/rtl/ffn_col_serial_16x16_b4.v:129$3708'.
No latch inferred for signal `\ffn_col_serial.\csd_mul4$func$/Users/toprakgundogdu/qwen-ffn-rom/rtl/ffn_col_serial_16x16_b4.v:129$2972.$result' from process `\ffn_col_serial.$proc$/Users/toprakgundogdu/qwen-ffn-rom/rtl/ffn_col_serial_16x16_b4.v:129$3701'.
No latch inferred for signal `\ffn_col_serial.\csd_mul4$func$/Users/toprakgundogdu/qwen-ffn-rom/rtl/ffn_col_serial_16x16_b4.v:129$2970.$result' from process `\ffn_col_serial.$proc$/Users/toprakgundogdu/qwen-ffn-rom/rtl/ffn_col_serial_16x16_b4.v:129$3693'.
No latch inferred for signal `\ffn_col_serial.\csd_mul4$func$/Users/toprakgundogdu/qwen-ffn-rom/rtl/ffn_col_serial_16x16_b4.v:129$2969.$result' from process `\ffn_col_serial.$proc$/Users/toprakgundogdu/qwen-ffn-rom/rtl/ffn_col_serial_16x16_b4.v:129$3687'.
No latch inferred for signal `\ffn_col_serial.\csd_mul4$func$/Users/toprakgundogdu/qwen-ffn-rom/rtl/ffn_col_serial_16x16_b4.v:129$2968.$result' from process `\ffn_col_serial.$proc$/Users/toprakgundogdu/qwen-ffn-rom/rtl/ffn_col_serial_16x16_b4.v:129$3681'.
No latch inferred for signal `\ffn_col_serial.\csd_mul4$func$/Users/toprakgundogdu/qwen-ffn-rom/rtl/ffn_col_serial_16x16_b4.v:129$2967.$result' from process `\ffn_col_serial.$proc$/Users/toprakgundogdu/qwen-ffn-rom/rtl/ffn_col_serial_16x16_b4.v:129$3672'.
No latch inferred for signal `\ffn_col_serial.\csd_mul4$func$/Users/toprakgundogdu/qwen-ffn-rom/rtl/ffn_col_serial_16x16_b4.v:129$2966.$result' from process `\ffn_col_serial.$proc$/Users/toprakgundogdu/qwen-ffn-rom/rtl/ffn_col_serial_16x16_b4.v:129$3665'.
No latch inferred for signal `\ffn_col_serial.\csd_mul4$func$/Users/toprakgundogdu/qwen-ffn-rom/rtl/ffn_col_serial_16x16_b4.v:129$2965.$result' from process `\ffn_col_serial.$proc$/Users/toprakgundogdu/qwen-ffn-rom/rtl/ffn_col_serial_16x16_b4.v:129$3659'.
No latch inferred for signal `\ffn_col_serial.\csd_mul4$func$/Users/toprakgundogdu/qwen-ffn-rom/rtl/ffn_col_serial_16x16_b4.v:129$2964.$result' from process `\ffn_col_serial.$proc$/Users/toprakgundogdu/qwen-ffn-rom/rtl/ffn_col_serial_16x16_b4.v:129$3653'.
No latch inferred for signal `\ffn_col_serial.\csd_mul4$func$/Users/toprakgundogdu/qwen-ffn-rom/rtl/ffn_col_serial_16x16_b4.v:129$2963.$result' from process `\ffn_col_serial.$proc$/Users/toprakgundogdu/qwen-ffn-rom/rtl/ffn_col_serial_16x16_b4.v:129$3646'.
No latch inferred for signal `\ffn_col_serial.\csd_mul4$func$/Users/toprakgundogdu/qwen-ffn-rom/rtl/ffn_col_serial_16x16_b4.v:129$2962.$result' from process `\ffn_col_serial.$proc$/Users/toprakgundogdu/qwen-ffn-rom/rtl/ffn_col_serial_16x16_b4.v:129$3640'.
No latch inferred for signal `\ffn_col_serial.\csd_mul4$func$/Users/toprakgundogdu/qwen-ffn-rom/rtl/ffn_col_serial_16x16_b4.v:129$2961.$result' from process `\ffn_col_serial.$proc$/Users/toprakgundogdu/qwen-ffn-rom/rtl/ffn_col_serial_16x16_b4.v:129$3634'.
No latch inferred for signal `\ffn_col_serial.\csd_mul4$func$/Users/toprakgundogdu/qwen-ffn-rom/rtl/ffn_col_serial_16x16_b4.v:129$2960.$result' from process `\ffn_col_serial.$proc$/Users/toprakgundogdu/qwen-ffn-rom/rtl/ffn_col_serial_16x16_b4.v:129$3626'.
No latch inferred for signal `\ffn_col_serial.\csd_mul4$func$/Users/toprakgundogdu/qwen-ffn-rom/rtl/ffn_col_serial_16x16_b4.v:129$2959.$result' from process `\ffn_col_serial.$proc$/Users/toprakgundogdu/qwen-ffn-rom/rtl/ffn_col_serial_16x16_b4.v:129$3619'.
No latch inferred for signal `\ffn_col_serial.\csd_mul4$func$/Users/toprakgundogdu/qwen-ffn-rom/rtl/ffn_col_serial_16x16_b4.v:129$2958.$result' from process `\ffn_col_serial.$proc$/Users/toprakgundogdu/qwen-ffn-rom/rtl/ffn_col_serial_16x16_b4.v:129$3611'.
No latch inferred for signal `\ffn_col_serial.\csd_mul4$func$/Users/toprakgundogdu/qwen-ffn-rom/rtl/ffn_col_serial_16x16_b4.v:129$2957.$result' from process `\ffn_col_serial.$proc$/Users/toprakgundogdu/qwen-ffn-rom/rtl/ffn_col_serial_16x16_b4.v:129$3605'.
No latch inferred for signal `\ffn_col_serial.\csd_mul4$func$/Users/toprakgundogdu/qwen-ffn-rom/rtl/ffn_col_serial_16x16_b4.v:129$2956.$result' from process `\ffn_col_serial.$proc$/Users/toprakgundogdu/qwen-ffn-rom/rtl/ffn_col_serial_16x16_b4.v:129$3597'.
No latch inferred for signal `\ffn_col_serial.\csd_mul4$func$/Users/toprakgundogdu/qwen-ffn-rom/rtl/ffn_col_serial_16x16_b4.v:129$2955.$result' from process `\ffn_col_serial.$proc$/Users/toprakgundogdu/qwen-ffn-rom/rtl/ffn_col_serial_16x16_b4.v:129$3591'.
No latch inferred for signal `\ffn_col_serial.\csd_mul4$func$/Users/toprakgundogdu/qwen-ffn-rom/rtl/ffn_col_serial_16x16_b4.v:129$2953.$result' from process `\ffn_col_serial.$proc$/Users/toprakgundogdu/qwen-ffn-rom/rtl/ffn_col_serial_16x16_b4.v:129$3581'.
No latch inferred for signal `\ffn_col_serial.\csd_mul4$func$/Users/toprakgundogdu/qwen-ffn-rom/rtl/ffn_col_serial_16x16_b4.v:129$2952.$result' from process `\ffn_col_serial.$proc$/Users/toprakgundogdu/qwen-ffn-rom/rtl/ffn_col_serial_16x16_b4.v:129$3575'.
No latch inferred for signal `\ffn_col_serial.\csd_mul4$func$/Users/toprakgundogdu/qwen-ffn-rom/rtl/ffn_col_serial_16x16_b4.v:129$2951.$result' from process `\ffn_col_serial.$proc$/Users/toprakgundogdu/qwen-ffn-rom/rtl/ffn_col_serial_16x16_b4.v:129$3569'.
No latch inferred for signal `\ffn_col_serial.\csd_mul4$func$/Users/toprakgundogdu/qwen-ffn-rom/rtl/ffn_col_serial_16x16_b4.v:129$2950.$result' from process `\ffn_col_serial.$proc$/Users/toprakgundogdu/qwen-ffn-rom/rtl/ffn_col_serial_16x16_b4.v:129$3563'.
No latch inferred for signal `\ffn_col_serial.\csd_mul4$func$/Users/toprakgundogdu/qwen-ffn-rom/rtl/ffn_col_serial_16x16_b4.v:129$2949.$result' from process `\ffn_col_serial.$proc$/Users/toprakgundogdu/qwen-ffn-rom/rtl/ffn_col_serial_16x16_b4.v:129$3557'.
No latch inferred for signal `\ffn_col_serial.\csd_mul4$func$/Users/toprakgundogdu/qwen-ffn-rom/rtl/ffn_col_serial_16x16_b4.v:129$2948.$result' from process `\ffn_col_serial.$proc$/Users/toprakgundogdu/qwen-ffn-rom/rtl/ffn_col_serial_16x16_b4.v:129$3551'.
No latch inferred for signal `\ffn_col_serial.\csd_mul4$func$/Users/toprakgundogdu/qwen-ffn-rom/rtl/ffn_col_serial_16x16_b4.v:129$2947.$result' from process `\ffn_col_serial.$proc$/Users/toprakgundogdu/qwen-ffn-rom/rtl/ffn_col_serial_16x16_b4.v:129$3545'.
No latch inferred for signal `\ffn_col_serial.\csd_mul4$func$/Users/toprakgundogdu/qwen-ffn-rom/rtl/ffn_col_serial_16x16_b4.v:129$2946.$result' from process `\ffn_col_serial.$proc$/Users/toprakgundogdu/qwen-ffn-rom/rtl/ffn_col_serial_16x16_b4.v:129$3539'.
No latch inferred for signal `\ffn_col_serial.\csd_mul4$func$/Users/toprakgundogdu/qwen-ffn-rom/rtl/ffn_col_serial_16x16_b4.v:129$2945.$result' from process `\ffn_col_serial.$proc$/Users/toprakgundogdu/qwen-ffn-rom/rtl/ffn_col_serial_16x16_b4.v:129$3533'.
No latch inferred for signal `\ffn_col_serial.\csd_mul4$func$/Users/toprakgundogdu/qwen-ffn-rom/rtl/ffn_col_serial_16x16_b4.v:129$2944.$result' from process `\ffn_col_serial.$proc$/Users/toprakgundogdu/qwen-ffn-rom/rtl/ffn_col_serial_16x16_b4.v:129$3527'.
No latch inferred for signal `\ffn_col_serial.\csd_mul4$func$/Users/toprakgundogdu/qwen-ffn-rom/rtl/ffn_col_serial_16x16_b4.v:129$2943.$result' from process `\ffn_col_serial.$proc$/Users/toprakgundogdu/qwen-ffn-rom/rtl/ffn_col_serial_16x16_b4.v:129$3520'.
No latch inferred for signal `\ffn_col_serial.\csd_mul4$func$/Users/toprakgundogdu/qwen-ffn-rom/rtl/ffn_col_serial_16x16_b4.v:129$2942.$result' from process `\ffn_col_serial.$proc$/Users/toprakgundogdu/qwen-ffn-rom/rtl/ffn_col_serial_16x16_b4.v:129$3512'.
No latch inferred for signal `\ffn_col_serial.\csd_mul4$func$/Users/toprakgundogdu/qwen-ffn-rom/rtl/ffn_col_serial_16x16_b4.v:129$2941.$result' from process `\ffn_col_serial.$proc$/Users/toprakgundogdu/qwen-ffn-rom/rtl/ffn_col_serial_16x16_b4.v:129$3506'.
No latch inferred for signal `\ffn_col_serial.\csd_mul4$func$/Users/toprakgundogdu/qwen-ffn-rom/rtl/ffn_col_serial_16x16_b4.v:129$2940.$result' from process `\ffn_col_serial.$proc$/Users/toprakgundogdu/qwen-ffn-rom/rtl/ffn_col_serial_16x16_b4.v:129$3500'.
No latch inferred for signal `\ffn_col_serial.\csd_mul4$func$/Users/toprakgundogdu/qwen-ffn-rom/rtl/ffn_col_serial_16x16_b4.v:129$2939.$result' from process `\ffn_col_serial.$proc$/Users/toprakgundogdu/qwen-ffn-rom/rtl/ffn_col_serial_16x16_b4.v:129$3492'.
No latch inferred for signal `\ffn_col_serial.\csd_mul4$func$/Users/toprakgundogdu/qwen-ffn-rom/rtl/ffn_col_serial_16x16_b4.v:129$2938.$result' from process `\ffn_col_serial.$proc$/Users/toprakgundogdu/qwen-ffn-rom/rtl/ffn_col_serial_16x16_b4.v:129$3486'.

3.9. Executing PROC_DFF pass (convert process syncs to FFs).
Creating register for signal `\ffn_col_serial.\k' using process `\ffn_col_serial.$proc$/Users/toprakgundogdu/qwen-ffn-rom/rtl/ffn_col_serial_16x16_b4.v:145$3466'.
  created $dff cell `$procdff$6119' with positive edge clock.
Creating register for signal `\ffn_col_serial.\y_flat' using process `\ffn_col_serial.$proc$/Users/toprakgundogdu/qwen-ffn-rom/rtl/ffn_col_serial_16x16_b4.v:145$3466'.
  created $dff cell `$procdff$6120' with positive edge clock.
Creating register for signal `\ffn_col_serial.\done' using process `\ffn_col_serial.$proc$/Users/toprakgundogdu/qwen-ffn-rom/rtl/ffn_col_serial_16x16_b4.v:145$3466'.
  created $dff cell `$procdff$6121' with positive edge clock.
Creating register for signal `\ffn_col_serial.\st' using process `\ffn_col_serial.$proc$/Users/toprakgundogdu/qwen-ffn-rom/rtl/ffn_col_serial_16x16_b4.v:145$3466'.
  created $dff cell `$procdff$6122' with positive edge clock.
Creating register for signal `\ffn_col_serial.\ci' using process `\ffn_col_serial.$proc$/Users/toprakgundogdu/qwen-ffn-rom/rtl/ffn_col_serial_16x16_b4.v:145$3466'.
  created $dff cell `$procdff$6123' with positive edge clock.
Creating register for signal `\ffn_col_serial.\ri' using process `\ffn_col_serial.$proc$/Users/toprakgundogdu/qwen-ffn-rom/rtl/ffn_col_serial_16x16_b4.v:145$3466'.
  created $dff cell `$procdff$6124' with positive edge clock.
Creating register for signal `\ffn_col_serial.\x_r[0]' using process `\ffn_col_serial.$proc$/Users/toprakgundogdu/qwen-ffn-rom/rtl/ffn_col_serial_16x16_b4.v:145$3466'.
  created $dff cell `$procdff$6125' with positive edge clock.
Creating register for signal `\ffn_col_serial.\x_r[1]' using process `\ffn_col_serial.$proc$/Users/toprakgundogdu/qwen-ffn-rom/rtl/ffn_col_serial_16x16_b4.v:145$3466'.
  created $dff cell `$procdff$6126' with positive edge clock.
Creating register for signal `\ffn_col_serial.\x_r[2]' using process `\ffn_col_serial.$proc$/Users/toprakgundogdu/qwen-ffn-rom/rtl/ffn_col_serial_16x16_b4.v:145$3466'.
  created $dff cell `$procdff$6127' with positive edge clock.
Creating register for signal `\ffn_col_serial.\x_r[3]' using process `\ffn_col_serial.$proc$/Users/toprakgundogdu/qwen-ffn-rom/rtl/ffn_col_serial_16x16_b4.v:145$3466'.
  created $dff cell `$procdff$6128' with positive edge clock.
Creating register for signal `\ffn_col_serial.\x_r[4]' using process `\ffn_col_serial.$proc$/Users/toprakgundogdu/qwen-ffn-rom/rtl/ffn_col_serial_16x16_b4.v:145$3466'.
  created $dff cell `$procdff$6129' with positive edge clock.
Creating register for signal `\ffn_col_serial.\x_r[5]' using process `\ffn_col_serial.$proc$/Users/toprakgundogdu/qwen-ffn-rom/rtl/ffn_col_serial_16x16_b4.v:145$3466'.
  created $dff cell `$procdff$6130' with positive edge clock.
Creating register for signal `\ffn_col_serial.\x_r[6]' using process `\ffn_col_serial.$proc$/Users/toprakgundogdu/qwen-ffn-rom/rtl/ffn_col_serial_16x16_b4.v:145$3466'.
  created $dff cell `$procdff$6131' with positive edge clock.
Creating register for signal `\ffn_col_serial.\x_r[7]' using process `\ffn_col_serial.$proc$/Users/toprakgundogdu/qwen-ffn-rom/rtl/ffn_col_serial_16x16_b4.v:145$3466'.
  created $dff cell `$procdff$6132' with positive edge clock.
Creating register for signal `\ffn_col_serial.\x_r[8]' using process `\ffn_col_serial.$proc$/Users/toprakgundogdu/qwen-ffn-rom/rtl/ffn_col_serial_16x16_b4.v:145$3466'.
  created $dff cell `$procdff$6133' with positive edge clock.
Creating register for signal `\ffn_col_serial.\x_r[9]' using process `\ffn_col_serial.$proc$/Users/toprakgundogdu/qwen-ffn-rom/rtl/ffn_col_serial_16x16_b4.v:145$3466'.
  created $dff cell `$procdff$6134' with positive edge clock.
Creating register for signal `\ffn_col_serial.\x_r[10]' using process `\ffn_col_serial.$proc$/Users/toprakgundogdu/qwen-ffn-rom/rtl/ffn_col_serial_16x16_b4.v:145$3466'.
  created $dff cell `$procdff$6135' with positive edge clock.
Creating register for signal `\ffn_col_serial.\x_r[11]' using process `\ffn_col_serial.$proc$/Users/toprakgundogdu/qwen-ffn-rom/rtl/ffn_col_serial_16x16_b4.v:145$3466'.
  created $dff cell `$procdff$6136' with positive edge clock.
Creating register for signal `\ffn_col_serial.\x_r[12]' using process `\ffn_col_serial.$proc$/Users/toprakgundogdu/qwen-ffn-rom/rtl/ffn_col_serial_16x16_b4.v:145$3466'.
  created $dff cell `$procdff$6137' with positive edge clock.
Creating register for signal `\ffn_col_serial.\x_r[13]' using process `\ffn_col_serial.$proc$/Users/toprakgundogdu/qwen-ffn-rom/rtl/ffn_col_serial_16x16_b4.v:145$3466'.
  created $dff cell `$procdff$6138' with positive edge clock.
Creating register for signal `\ffn_col_serial.\x_r[14]' using process `\ffn_col_serial.$proc$/Users/toprakgundogdu/qwen-ffn-rom/rtl/ffn_col_serial_16x16_b4.v:145$3466'.
  created $dff cell `$procdff$6139' with positive edge clock.
Creating register for signal `\ffn_col_serial.\x_r[15]' using process `\ffn_col_serial.$proc$/Users/toprakgundogdu/qwen-ffn-rom/rtl/ffn_col_serial_16x16_b4.v:145$3466'.
  created $dff cell `$procdff$6140' with positive edge clock.
Creating register for signal `\ffn_col_serial.\acc[0]' using process `\ffn_col_serial.$proc$/Users/toprakgundogdu/qwen-ffn-rom/rtl/ffn_col_serial_16x16_b4.v:145$3466'.
  created $dff cell `$procdff$6141' with positive edge clock.
Creating register for signal `\ffn_col_serial.\acc[1]' using process `\ffn_col_serial.$proc$/Users/toprakgundogdu/qwen-ffn-rom/rtl/ffn_col_serial_16x16_b4.v:145$3466'.
  created $dff cell `$procdff$6142' with positive edge clock.
Creating register for signal `\ffn_col_serial.\acc[2]' using process `\ffn_col_serial.$proc$/Users/toprakgundogdu/qwen-ffn-rom/rtl/ffn_col_serial_16x16_b4.v:145$3466'.
  created $dff cell `$procdff$6143' with positive edge clock.
Creating register for signal `\ffn_col_serial.\acc[3]' using process `\ffn_col_serial.$proc$/Users/toprakgundogdu/qwen-ffn-rom/rtl/ffn_col_serial_16x16_b4.v:145$3466'.
  created $dff cell `$procdff$6144' with positive edge clock.
Creating register for signal `\ffn_col_serial.\acc[4]' using process `\ffn_col_serial.$proc$/Users/toprakgundogdu/qwen-ffn-rom/rtl/ffn_col_serial_16x16_b4.v:145$3466'.
  created $dff cell `$procdff$6145' with positive edge clock.
Creating register for signal `\ffn_col_serial.\acc[5]' using process `\ffn_col_serial.$proc$/Users/toprakgundogdu/qwen-ffn-rom/rtl/ffn_col_serial_16x16_b4.v:145$3466'.
  created $dff cell `$procdff$6146' with positive edge clock.
Creating register for signal `\ffn_col_serial.\acc[6]' using process `\ffn_col_serial.$proc$/Users/toprakgundogdu/qwen-ffn-rom/rtl/ffn_col_serial_16x16_b4.v:145$3466'.
  created $dff cell `$procdff$6147' with positive edge clock.
Creating register for signal `\ffn_col_serial.\acc[7]' using process `\ffn_col_serial.$proc$/Users/toprakgundogdu/qwen-ffn-rom/rtl/ffn_col_serial_16x16_b4.v:145$3466'.
  created $dff cell `$procdff$6148' with positive edge clock.
Creating register for signal `\ffn_col_serial.\acc[8]' using process `\ffn_col_serial.$proc$/Users/toprakgundogdu/qwen-ffn-rom/rtl/ffn_col_serial_16x16_b4.v:145$3466'.
  created $dff cell `$procdff$6149' with positive edge clock.
Creating register for signal `\ffn_col_serial.\acc[9]' using process `\ffn_col_serial.$proc$/Users/toprakgundogdu/qwen-ffn-rom/rtl/ffn_col_serial_16x16_b4.v:145$3466'.
  created $dff cell `$procdff$6150' with positive edge clock.
Creating register for signal `\ffn_col_serial.\acc[10]' using process `\ffn_col_serial.$proc$/Users/toprakgundogdu/qwen-ffn-rom/rtl/ffn_col_serial_16x16_b4.v:145$3466'.
  created $dff cell `$procdff$6151' with positive edge clock.
Creating register for signal `\ffn_col_serial.\acc[11]' using process `\ffn_col_serial.$proc$/Users/toprakgundogdu/qwen-ffn-rom/rtl/ffn_col_serial_16x16_b4.v:145$3466'.
  created $dff cell `$procdff$6152' with positive edge clock.
Creating register for signal `\ffn_col_serial.\acc[12]' using process `\ffn_col_serial.$proc$/Users/toprakgundogdu/qwen-ffn-rom/rtl/ffn_col_serial_16x16_b4.v:145$3466'.
  created $dff cell `$procdff$6153' with positive edge clock.
Creating register for signal `\ffn_col_serial.\acc[13]' using process `\ffn_col_serial.$proc$/Users/toprakgundogdu/qwen-ffn-rom/rtl/ffn_col_serial_16x16_b4.v:145$3466'.
  created $dff cell `$procdff$6154' with positive edge clock.
Creating register for signal `\ffn_col_serial.\acc[14]' using process `\ffn_col_serial.$proc$/Users/toprakgundogdu/qwen-ffn-rom/rtl/ffn_col_serial_16x16_b4.v:145$3466'.
  created $dff cell `$procdff$6155' with positive edge clock.
Creating register for signal `\ffn_col_serial.\acc[15]' using process `\ffn_col_serial.$proc$/Users/toprakgundogdu/qwen-ffn-rom/rtl/ffn_col_serial_16x16_b4.v:145$3466'.
  created $dff cell `$procdff$6156' with positive edge clock.

3.10. Executing PROC_MEMWR pass (convert process memory writes to cells).

3.11. Executing PROC_CLEAN pass (remove empty switches from decision trees).
Removing empty process `$paramod$19610d36066bea265eccabe9a1b9eed43380701f\add_tree.$proc$/Users/toprakgundogdu/qwen-ffn-rom/rtl/ffn_col_serial_16x16_b4.v:16$2921'.
Removing empty process `ffn_col_serial.$proc$/Users/toprakgundogdu/qwen-ffn-rom/rtl/ffn_col_serial_16x16_b4.v:138$5749'.
Removing empty process `ffn_col_serial.$proc$/Users/toprakgundogdu/qwen-ffn-rom/rtl/ffn_col_serial_16x16_b4.v:134$5748'.
Removing empty process `ffn_col_serial.$proc$/Users/toprakgundogdu/qwen-ffn-rom/rtl/ffn_col_serial_16x16_b4.v:130$5747'.
Removing empty process `ffn_col_serial.$proc$/Users/toprakgundogdu/qwen-ffn-rom/rtl/ffn_col_serial_16x16_b4.v:130$5746'.
Removing empty process `ffn_col_serial.$proc$/Users/toprakgundogdu/qwen-ffn-rom/rtl/ffn_col_serial_16x16_b4.v:130$5745'.
Removing empty process `ffn_col_serial.$proc$/Users/toprakgundogdu/qwen-ffn-rom/rtl/ffn_col_serial_16x16_b4.v:130$5744'.
Removing empty process `ffn_col_serial.$proc$/Users/toprakgundogdu/qwen-ffn-rom/rtl/ffn_col_serial_16x16_b4.v:130$5743'.
Removing empty process `ffn_col_serial.$proc$/Users/toprakgundogdu/qwen-ffn-rom/rtl/ffn_col_serial_16x16_b4.v:130$5742'.
Removing empty process `ffn_col_serial.$proc$/Users/toprakgundogdu/qwen-ffn-rom/rtl/ffn_col_serial_16x16_b4.v:130$5741'.
Removing empty process `ffn_col_serial.$proc$/Users/toprakgundogdu/qwen-ffn-rom/rtl/ffn_col_serial_16x16_b4.v:130$5740'.
Removing empty process `ffn_col_serial.$proc$/Users/toprakgundogdu/qwen-ffn-rom/rtl/ffn_col_serial_16x16_b4.v:130$5739'.
Removing empty process `ffn_col_serial.$proc$/Users/toprakgundogdu/qwen-ffn-rom/rtl/ffn_col_serial_16x16_b4.v:130$5738'.
Removing empty process `ffn_col_serial.$proc$/Users/toprakgundogdu/qwen-ffn-rom/rtl/ffn_col_serial_16x16_b4.v:130$5737'.
Removing empty process `ffn_col_serial.$proc$/Users/toprakgundogdu/qwen-ffn-rom/rtl/ffn_col_serial_16x16_b4.v:130$5736'.
Removing empty process `ffn_col_serial.$proc$/Users/toprakgundogdu/qwen-ffn-rom/rtl/ffn_col_serial_16x16_b4.v:130$5735'.
Removing empty process `ffn_col_serial.$proc$/Users/toprakgundogdu/qwen-ffn-rom/rtl/ffn_col_serial_16x16_b4.v:130$5734'.
Removing empty process `ffn_col_serial.$proc$/Users/toprakgundogdu/qwen-ffn-rom/rtl/ffn_col_serial_16x16_b4.v:130$5733'.
Removing empty process `ffn_col_serial.$proc$/Users/toprakgundogdu/qwen-ffn-rom/rtl/ffn_col_serial_16x16_b4.v:130$5732'.
Removing empty process `ffn_col_serial.$proc$/Users/toprakgundogdu/qwen-ffn-rom/rtl/ffn_col_serial_16x16_b4.v:138$5726'.
Removing empty process `ffn_col_serial.$proc$/Users/toprakgundogdu/qwen-ffn-rom/rtl/ffn_col_serial_16x16_b4.v:134$5725'.
Removing empty process `ffn_col_serial.$proc$/Users/toprakgundogdu/qwen-ffn-rom/rtl/ffn_col_serial_16x16_b4.v:130$5724'.
Removing empty process `ffn_col_serial.$proc$/Users/toprakgundogdu/qwen-ffn-rom/rtl/ffn_col_serial_16x16_b4.v:130$5723'.
Removing empty process `ffn_col_serial.$proc$/Users/toprakgundogdu/qwen-ffn-rom/rtl/ffn_col_serial_16x16_b4.v:130$5722'.
Removing empty process `ffn_col_serial.$proc$/Users/toprakgundogdu/qwen-ffn-rom/rtl/ffn_col_serial_16x16_b4.v:130$5721'.
Removing empty process `ffn_col_serial.$proc$/Users/toprakgundogdu/qwen-ffn-rom/rtl/ffn_col_serial_16x16_b4.v:130$5720'.
Removing empty process `ffn_col_serial.$proc$/Users/toprakgundogdu/qwen-ffn-rom/rtl/ffn_col_serial_16x16_b4.v:130$5719'.
Removing empty process `ffn_col_serial.$proc$/Users/toprakgundogdu/qwen-ffn-rom/rtl/ffn_col_serial_16x16_b4.v:130$5718'.
Removing empty process `ffn_col_serial.$proc$/Users/toprakgundogdu/qwen-ffn-rom/rtl/ffn_col_serial_16x16_b4.v:130$5717'.
Removing empty process `ffn_col_serial.$proc$/Users/toprakgundogdu/qwen-ffn-rom/rtl/ffn_col_serial_16x16_b4.v:130$5716'.
Removing empty process `ffn_col_serial.$proc$/Users/toprakgundogdu/qwen-ffn-rom/rtl/ffn_col_serial_16x16_b4.v:130$5715'.
Removing empty process `ffn_col_serial.$proc$/Users/toprakgundogdu/qwen-ffn-rom/rtl/ffn_col_serial_16x16_b4.v:130$5714'.
Removing empty process `ffn_col_serial.$proc$/Users/toprakgundogdu/qwen-ffn-rom/rtl/ffn_col_serial_16x16_b4.v:130$5713'.
Removing empty process `ffn_col_serial.$proc$/Users/toprakgundogdu/qwen-ffn-rom/rtl/ffn_col_serial_16x16_b4.v:130$5712'.
Removing empty process `ffn_col_serial.$proc$/Users/toprakgundogdu/qwen-ffn-rom/rtl/ffn_col_serial_16x16_b4.v:130$5711'.
Removing empty process `ffn_col_serial.$proc$/Users/toprakgundogdu/qwen-ffn-rom/rtl/ffn_col_serial_16x16_b4.v:130$5710'.
Removing empty process `ffn_col_serial.$proc$/Users/toprakgundogdu/qwen-ffn-rom/rtl/ffn_col_serial_16x16_b4.v:130$5709'.
Removing empty process `ffn_col_serial.$proc$/Users/toprakgundogdu/qwen-ffn-rom/rtl/ffn_col_serial_16x16_b4.v:138$5703'.
Removing empty process `ffn_col_serial.$proc$/Users/toprakgundogdu/qwen-ffn-rom/rtl/ffn_col_serial_16x16_b4.v:134$5702'.
Removing empty process `ffn_col_serial.$proc$/Users/toprakgundogdu/qwen-ffn-rom/rtl/ffn_col_serial_16x16_b4.v:130$5701'.
Removing empty process `ffn_col_serial.$proc$/Users/toprakgundogdu/qwen-ffn-rom/rtl/ffn_col_serial_16x16_b4.v:130$5700'.
Removing empty process `ffn_col_serial.$proc$/Users/toprakgundogdu/qwen-ffn-rom/rtl/ffn_col_serial_16x16_b4.v:130$5699'.
Removing empty process `ffn_col_serial.$proc$/Users/toprakgundogdu/qwen-ffn-rom/rtl/ffn_col_serial_16x16_b4.v:130$5698'.
Removing empty process `ffn_col_serial.$proc$/Users/toprakgundogdu/qwen-ffn-rom/rtl/ffn_col_serial_16x16_b4.v:130$5697'.
Removing empty process `ffn_col_serial.$proc$/Users/toprakgundogdu/qwen-ffn-rom/rtl/ffn_col_serial_16x16_b4.v:130$5696'.
Removing empty process `ffn_col_serial.$proc$/Users/toprakgundogdu/qwen-ffn-rom/rtl/ffn_col_serial_16x16_b4.v:130$5695'.
Removing empty process `ffn_col_serial.$proc$/Users/toprakgundogdu/qwen-ffn-rom/rtl/ffn_col_serial_16x16_b4.v:130$5694'.
Removing empty process `ffn_col_serial.$proc$/Users/toprakgundogdu/qwen-ffn-rom/rtl/ffn_col_serial_16x16_b4.v:130$5693'.
Removing empty process `ffn_col_serial.$proc$/Users/toprakgundogdu/qwen-ffn-rom/rtl/ffn_col_serial_16x16_b4.v:130$5692'.
Removing empty process `ffn_col_serial.$proc$/Users/toprakgundogdu/qwen-ffn-rom/rtl/ffn_col_serial_16x16_b4.v:130$5691'.
Removing empty process `ffn_col_serial.$proc$/Users/toprakgundogdu/qwen-ffn-rom/rtl/ffn_col_serial_16x16_b4.v:130$5690'.
Removing empty process `ffn_col_serial.$proc$/Users/toprakgundogdu/qwen-ffn-rom/rtl/ffn_col_serial_16x16_b4.v:130$5689'.
Removing empty process `ffn_col_serial.$proc$/Users/toprakgundogdu/qwen-ffn-rom/rtl/ffn_col_serial_16x16_b4.v:130$5688'.
Removing empty process `ffn_col_serial.$proc$/Users/toprakgundogdu/qwen-ffn-rom/rtl/ffn_col_serial_16x16_b4.v:130$5687'.
Removing empty process `ffn_col_serial.$proc$/Users/toprakgundogdu/qwen-ffn-rom/rtl/ffn_col_serial_16x16_b4.v:130$5686'.
Removing empty process `ffn_col_serial.$proc$/Users/toprakgundogdu/qwen-ffn-rom/rtl/ffn_col_serial_16x16_b4.v:138$5680'.
Removing empty process `ffn_col_serial.$proc$/Users/toprakgundogdu/qwen-ffn-rom/rtl/ffn_col_serial_16x16_b4.v:134$5679'.
Removing empty process `ffn_col_serial.$proc$/Users/toprakgundogdu/qwen-ffn-rom/rtl/ffn_col_serial_16x16_b4.v:130$5678'.
Removing empty process `ffn_col_serial.$proc$/Users/toprakgundogdu/qwen-ffn-rom/rtl/ffn_col_serial_16x16_b4.v:130$5677'.
Removing empty process `ffn_col_serial.$proc$/Users/toprakgundogdu/qwen-ffn-rom/rtl/ffn_col_serial_16x16_b4.v:130$5676'.
Removing empty process `ffn_col_serial.$proc$/Users/toprakgundogdu/qwen-ffn-rom/rtl/ffn_col_serial_16x16_b4.v:130$5675'.
Removing empty process `ffn_col_serial.$proc$/Users/toprakgundogdu/qwen-ffn-rom/rtl/ffn_col_serial_16x16_b4.v:130$5674'.
Removing empty process `ffn_col_serial.$proc$/Users/toprakgundogdu/qwen-ffn-rom/rtl/ffn_col_serial_16x16_b4.v:130$5673'.
Removing empty process `ffn_col_serial.$proc$/Users/toprakgundogdu/qwen-ffn-rom/rtl/ffn_col_serial_16x16_b4.v:130$5672'.
Removing empty process `ffn_col_serial.$proc$/Users/toprakgundogdu/qwen-ffn-rom/rtl/ffn_col_serial_16x16_b4.v:130$5671'.
Removing empty process `ffn_col_serial.$proc$/Users/toprakgundogdu/qwen-ffn-rom/rtl/ffn_col_serial_16x16_b4.v:130$5670'.
Removing empty process `ffn_col_serial.$proc$/Users/toprakgundogdu/qwen-ffn-rom/rtl/ffn_col_serial_16x16_b4.v:130$5669'.
Removing empty process `ffn_col_serial.$proc$/Users/toprakgundogdu/qwen-ffn-rom/rtl/ffn_col_serial_16x16_b4.v:130$5668'.
Removing empty process `ffn_col_serial.$proc$/Users/toprakgundogdu/qwen-ffn-rom/rtl/ffn_col_serial_16x16_b4.v:130$5667'.
Removing empty process `ffn_col_serial.$proc$/Users/toprakgundogdu/qwen-ffn-rom/rtl/ffn_col_serial_16x16_b4.v:130$5666'.
Removing empty process `ffn_col_serial.$proc$/Users/toprakgundogdu/qwen-ffn-rom/rtl/ffn_col_serial_16x16_b4.v:130$5665'.
Removing empty process `ffn_col_serial.$proc$/Users/toprakgundogdu/qwen-ffn-rom/rtl/ffn_col_serial_16x16_b4.v:130$5664'.
Removing empty process `ffn_col_serial.$proc$/Users/toprakgundogdu/qwen-ffn-rom/rtl/ffn_col_serial_16x16_b4.v:130$5663'.
Removing empty process `ffn_col_serial.$proc$/Users/toprakgundogdu/qwen-ffn-rom/rtl/ffn_col_serial_16x16_b4.v:138$5657'.
Removing empty process `ffn_col_serial.$proc$/Users/toprakgundogdu/qwen-ffn-rom/rtl/ffn_col_serial_16x16_b4.v:134$5656'.
Removing empty process `ffn_col_serial.$proc$/Users/toprakgundogdu/qwen-ffn-rom/rtl/ffn_col_serial_16x16_b4.v:130$5655'.
Removing empty process `ffn_col_serial.$proc$/Users/toprakgundogdu/qwen-ffn-rom/rtl/ffn_col_serial_16x16_b4.v:130$5654'.
Removing empty process `ffn_col_serial.$proc$/Users/toprakgundogdu/qwen-ffn-rom/rtl/ffn_col_serial_16x16_b4.v:130$5653'.
Removing empty process `ffn_col_serial.$proc$/Users/toprakgundogdu/qwen-ffn-rom/rtl/ffn_col_serial_16x16_b4.v:130$5652'.
Removing empty process `ffn_col_serial.$proc$/Users/toprakgundogdu/qwen-ffn-rom/rtl/ffn_col_serial_16x16_b4.v:130$5651'.
Removing empty process `ffn_col_serial.$proc$/Users/toprakgundogdu/qwen-ffn-rom/rtl/ffn_col_serial_16x16_b4.v:130$5650'.
Removing empty process `ffn_col_serial.$proc$/Users/toprakgundogdu/qwen-ffn-rom/rtl/ffn_col_serial_16x16_b4.v:130$5649'.
Removing empty process `ffn_col_serial.$proc$/Users/toprakgundogdu/qwen-ffn-rom/rtl/ffn_col_serial_16x16_b4.v:130$5648'.
Removing empty process `ffn_col_serial.$proc$/Users/toprakgundogdu/qwen-ffn-rom/rtl/ffn_col_serial_16x16_b4.v:130$5647'.
Removing empty process `ffn_col_serial.$proc$/Users/toprakgundogdu/qwen-ffn-rom/rtl/ffn_col_serial_16x16_b4.v:130$5646'.
Removing empty process `ffn_col_serial.$proc$/Users/toprakgundogdu/qwen-ffn-rom/rtl/ffn_col_serial_16x16_b4.v:130$5645'.
Removing empty process `ffn_col_serial.$proc$/Users/toprakgundogdu/qwen-ffn-rom/rtl/ffn_col_serial_16x16_b4.v:130$5644'.
Removing empty process `ffn_col_serial.$proc$/Users/toprakgundogdu/qwen-ffn-rom/rtl/ffn_col_serial_16x16_b4.v:130$5643'.
Removing empty process `ffn_col_serial.$proc$/Users/toprakgundogdu/qwen-ffn-rom/rtl/ffn_col_serial_16x16_b4.v:130$5642'.
Removing empty process `ffn_col_serial.$proc$/Users/toprakgundogdu/qwen-ffn-rom/rtl/ffn_col_serial_16x16_b4.v:130$5641'.
Removing empty process `ffn_col_serial.$proc$/Users/toprakgundogdu/qwen-ffn-rom/rtl/ffn_col_serial_16x16_b4.v:130$5640'.
Removing empty process `ffn_col_serial.$proc$/Users/toprakgundogdu/qwen-ffn-rom/rtl/ffn_col_serial_16x16_b4.v:138$5634'.
Removing empty process `ffn_col_serial.$proc$/Users/toprakgundogdu/qwen-ffn-rom/rtl/ffn_col_serial_16x16_b4.v:134$5633'.
Removing empty process `ffn_col_serial.$proc$/Users/toprakgundogdu/qwen-ffn-rom/rtl/ffn_col_serial_16x16_b4.v:130$5632'.
Removing empty process `ffn_col_serial.$proc$/Users/toprakgundogdu/qwen-ffn-rom/rtl/ffn_col_serial_16x16_b4.v:130$5631'.
Removing empty process `ffn_col_serial.$proc$/Users/toprakgundogdu/qwen-ffn-rom/rtl/ffn_col_serial_16x16_b4.v:130$5630'.
Removing empty process `ffn_col_serial.$proc$/Users/toprakgundogdu/qwen-ffn-rom/rtl/ffn_col_serial_16x16_b4.v:130$5629'.
Removing empty process `ffn_col_serial.$proc$/Users/toprakgundogdu/qwen-ffn-rom/rtl/ffn_col_serial_16x16_b4.v:130$5628'.
Removing empty process `ffn_col_serial.$proc$/Users/toprakgundogdu/qwen-ffn-rom/rtl/ffn_col_serial_16x16_b4.v:130$5627'.
Removing empty process `ffn_col_serial.$proc$/Users/toprakgundogdu/qwen-ffn-rom/rtl/ffn_col_serial_16x16_b4.v:130$5626'.
Removing empty process `ffn_col_serial.$proc$/Users/toprakgundogdu/qwen-ffn-rom/rtl/ffn_col_serial_16x16_b4.v:130$5625'.
Removing empty process `ffn_col_serial.$proc$/Users/toprakgundogdu/qwen-ffn-rom/rtl/ffn_col_serial_16x16_b4.v:130$5624'.
Removing empty process `ffn_col_serial.$proc$/Users/toprakgundogdu/qwen-ffn-rom/rtl/ffn_col_serial_16x16_b4.v:130$5623'.
Removing empty process `ffn_col_serial.$proc$/Users/toprakgundogdu/qwen-ffn-rom/rtl/ffn_col_serial_16x16_b4.v:130$5622'.
Removing empty process `ffn_col_serial.$proc$/Users/toprakgundogdu/qwen-ffn-rom/rtl/ffn_col_serial_16x16_b4.v:130$5621'.
Removing empty process `ffn_col_serial.$proc$/Users/toprakgundogdu/qwen-ffn-rom/rtl/ffn_col_serial_16x16_b4.v:130$5620'.
Removing empty process `ffn_col_serial.$proc$/Users/toprakgundogdu/qwen-ffn-rom/rtl/ffn_col_serial_16x16_b4.v:130$5619'.
Removing empty process `ffn_col_serial.$proc$/Users/toprakgundogdu/qwen-ffn-rom/rtl/ffn_col_serial_16x16_b4.v:130$5618'.
Removing empty process `ffn_col_serial.$proc$/Users/toprakgundogdu/qwen-ffn-rom/rtl/ffn_col_serial_16x16_b4.v:130$5617'.
Removing empty process `ffn_col_serial.$proc$/Users/toprakgundogdu/qwen-ffn-rom/rtl/ffn_col_serial_16x16_b4.v:138$5611'.
Removing empty process `ffn_col_serial.$proc$/Users/toprakgundogdu/qwen-ffn-rom/rtl/ffn_col_serial_16x16_b4.v:134$5610'.
Removing empty process `ffn_col_serial.$proc$/Users/toprakgundogdu/qwen-ffn-rom/rtl/ffn_col_serial_16x16_b4.v:130$5609'.
Removing empty process `ffn_col_serial.$proc$/Users/toprakgundogdu/qwen-ffn-rom/rtl/ffn_col_serial_16x16_b4.v:130$5608'.
Removing empty process `ffn_col_serial.$proc$/Users/toprakgundogdu/qwen-ffn-rom/rtl/ffn_col_serial_16x16_b4.v:130$5607'.
Removing empty process `ffn_col_serial.$proc$/Users/toprakgundogdu/qwen-ffn-rom/rtl/ffn_col_serial_16x16_b4.v:130$5606'.
Removing empty process `ffn_col_serial.$proc$/Users/toprakgundogdu/qwen-ffn-rom/rtl/ffn_col_serial_16x16_b4.v:130$5605'.
Removing empty process `ffn_col_serial.$proc$/Users/toprakgundogdu/qwen-ffn-rom/rtl/ffn_col_serial_16x16_b4.v:130$5604'.
Removing empty process `ffn_col_serial.$proc$/Users/toprakgundogdu/qwen-ffn-rom/rtl/ffn_col_serial_16x16_b4.v:130$5603'.
Removing empty process `ffn_col_serial.$proc$/Users/toprakgundogdu/qwen-ffn-rom/rtl/ffn_col_serial_16x16_b4.v:130$5602'.
Removing empty process `ffn_col_serial.$proc$/Users/toprakgundogdu/qwen-ffn-rom/rtl/ffn_col_serial_16x16_b4.v:130$5601'.
Removing empty process `ffn_col_serial.$proc$/Users/toprakgundogdu/qwen-ffn-rom/rtl/ffn_col_serial_16x16_b4.v:130$5600'.
Removing empty process `ffn_col_serial.$proc$/Users/toprakgundogdu/qwen-ffn-rom/rtl/ffn_col_serial_16x16_b4.v:130$5599'.
Removing empty process `ffn_col_serial.$proc$/Users/toprakgundogdu/qwen-ffn-rom/rtl/ffn_col_serial_16x16_b4.v:130$5598'.
Removing empty process `ffn_col_serial.$proc$/Users/toprakgundogdu/qwen-ffn-rom/rtl/ffn_col_serial_16x16_b4.v:130$5597'.
Removing empty process `ffn_col_serial.$proc$/Users/toprakgundogdu/qwen-ffn-rom/rtl/ffn_col_serial_16x16_b4.v:130$5596'.
Removing empty process `ffn_col_serial.$proc$/Users/toprakgundogdu/qwen-ffn-rom/rtl/ffn_col_serial_16x16_b4.v:130$5595'.
Removing empty process `ffn_col_serial.$proc$/Users/toprakgundogdu/qwen-ffn-rom/rtl/ffn_col_serial_16x16_b4.v:130$5594'.
Removing empty process `ffn_col_serial.$proc$/Users/toprakgundogdu/qwen-ffn-rom/rtl/ffn_col_serial_16x16_b4.v:138$5588'.
Removing empty process `ffn_col_serial.$proc$/Users/toprakgundogdu/qwen-ffn-rom/rtl/ffn_col_serial_16x16_b4.v:134$5587'.
Removing empty process `ffn_col_serial.$proc$/Users/toprakgundogdu/qwen-ffn-rom/rtl/ffn_col_serial_16x16_b4.v:130$5586'.
Removing empty process `ffn_col_serial.$proc$/Users/toprakgundogdu/qwen-ffn-rom/rtl/ffn_col_serial_16x16_b4.v:130$5585'.
Removing empty process `ffn_col_serial.$proc$/Users/toprakgundogdu/qwen-ffn-rom/rtl/ffn_col_serial_16x16_b4.v:130$5584'.
Removing empty process `ffn_col_serial.$proc$/Users/toprakgundogdu/qwen-ffn-rom/rtl/ffn_col_serial_16x16_b4.v:130$5583'.
Removing empty process `ffn_col_serial.$proc$/Users/toprakgundogdu/qwen-ffn-rom/rtl/ffn_col_serial_16x16_b4.v:130$5582'.
Removing empty process `ffn_col_serial.$proc$/Users/toprakgundogdu/qwen-ffn-rom/rtl/ffn_col_serial_16x16_b4.v:130$5581'.
Removing empty process `ffn_col_serial.$proc$/Users/toprakgundogdu/qwen-ffn-rom/rtl/ffn_col_serial_16x16_b4.v:130$5580'.
Removing empty process `ffn_col_serial.$proc$/Users/toprakgundogdu/qwen-ffn-rom/rtl/ffn_col_serial_16x16_b4.v:130$5579'.
Removing empty process `ffn_col_serial.$proc$/Users/toprakgundogdu/qwen-ffn-rom/rtl/ffn_col_serial_16x16_b4.v:130$5578'.
Removing empty process `ffn_col_serial.$proc$/Users/toprakgundogdu/qwen-ffn-rom/rtl/ffn_col_serial_16x16_b4.v:130$5577'.
Removing empty process `ffn_col_serial.$proc$/Users/toprakgundogdu/qwen-ffn-rom/rtl/ffn_col_serial_16x16_b4.v:130$5576'.
Removing empty process `ffn_col_serial.$proc$/Users/toprakgundogdu/qwen-ffn-rom/rtl/ffn_col_serial_16x16_b4.v:130$5575'.
Removing empty process `ffn_col_serial.$proc$/Users/toprakgundogdu/qwen-ffn-rom/rtl/ffn_col_serial_16x16_b4.v:130$5574'.
Removing empty process `ffn_col_serial.$proc$/Users/toprakgundogdu/qwen-ffn-rom/rtl/ffn_col_serial_16x16_b4.v:130$5573'.
Removing empty process `ffn_col_serial.$proc$/Users/toprakgundogdu/qwen-ffn-rom/rtl/ffn_col_serial_16x16_b4.v:130$5572'.
Removing empty process `ffn_col_serial.$proc$/Users/toprakgundogdu/qwen-ffn-rom/rtl/ffn_col_serial_16x16_b4.v:130$5571'.
Removing empty process `ffn_col_serial.$proc$/Users/toprakgundogdu/qwen-ffn-rom/rtl/ffn_col_serial_16x16_b4.v:138$5565'.
Removing empty process `ffn_col_serial.$proc$/Users/toprakgundogdu/qwen-ffn-rom/rtl/ffn_col_serial_16x16_b4.v:134$5564'.
Removing empty process `ffn_col_serial.$proc$/Users/toprakgundogdu/qwen-ffn-rom/rtl/ffn_col_serial_16x16_b4.v:130$5563'.
Removing empty process `ffn_col_serial.$proc$/Users/toprakgundogdu/qwen-ffn-rom/rtl/ffn_col_serial_16x16_b4.v:130$5562'.
Removing empty process `ffn_col_serial.$proc$/Users/toprakgundogdu/qwen-ffn-rom/rtl/ffn_col_serial_16x16_b4.v:130$5561'.
Removing empty process `ffn_col_serial.$proc$/Users/toprakgundogdu/qwen-ffn-rom/rtl/ffn_col_serial_16x16_b4.v:130$5560'.
Removing empty process `ffn_col_serial.$proc$/Users/toprakgundogdu/qwen-ffn-rom/rtl/ffn_col_serial_16x16_b4.v:130$5559'.
Removing empty process `ffn_col_serial.$proc$/Users/toprakgundogdu/qwen-ffn-rom/rtl/ffn_col_serial_16x16_b4.v:130$5558'.
Removing empty process `ffn_col_serial.$proc$/Users/toprakgundogdu/qwen-ffn-rom/rtl/ffn_col_serial_16x16_b4.v:130$5557'.
Removing empty process `ffn_col_serial.$proc$/Users/toprakgundogdu/qwen-ffn-rom/rtl/ffn_col_serial_16x16_b4.v:130$5556'.
Removing empty process `ffn_col_serial.$proc$/Users/toprakgundogdu/qwen-ffn-rom/rtl/ffn_col_serial_16x16_b4.v:130$5555'.
Removing empty process `ffn_col_serial.$proc$/Users/toprakgundogdu/qwen-ffn-rom/rtl/ffn_col_serial_16x16_b4.v:130$5554'.
Removing empty process `ffn_col_serial.$proc$/Users/toprakgundogdu/qwen-ffn-rom/rtl/ffn_col_serial_16x16_b4.v:130$5553'.
Removing empty process `ffn_col_serial.$proc$/Users/toprakgundogdu/qwen-ffn-rom/rtl/ffn_col_serial_16x16_b4.v:130$5552'.
Removing empty process `ffn_col_serial.$proc$/Users/toprakgundogdu/qwen-ffn-rom/rtl/ffn_col_serial_16x16_b4.v:130$5551'.
Removing empty process `ffn_col_serial.$proc$/Users/toprakgundogdu/qwen-ffn-rom/rtl/ffn_col_serial_16x16_b4.v:130$5550'.
Removing empty process `ffn_col_serial.$proc$/Users/toprakgundogdu/qwen-ffn-rom/rtl/ffn_col_serial_16x16_b4.v:130$5549'.
Removing empty process `ffn_col_serial.$proc$/Users/toprakgundogdu/qwen-ffn-rom/rtl/ffn_col_serial_16x16_b4.v:130$5548'.
Removing empty process `ffn_col_serial.$proc$/Users/toprakgundogdu/qwen-ffn-rom/rtl/ffn_col_serial_16x16_b4.v:138$5542'.
Removing empty process `ffn_col_serial.$proc$/Users/toprakgundogdu/qwen-ffn-rom/rtl/ffn_col_serial_16x16_b4.v:134$5541'.
Removing empty process `ffn_col_serial.$proc$/Users/toprakgundogdu/qwen-ffn-rom/rtl/ffn_col_serial_16x16_b4.v:130$5540'.
Removing empty process `ffn_col_serial.$proc$/Users/toprakgundogdu/qwen-ffn-rom/rtl/ffn_col_serial_16x16_b4.v:130$5539'.
Removing empty process `ffn_col_serial.$proc$/Users/toprakgundogdu/qwen-ffn-rom/rtl/ffn_col_serial_16x16_b4.v:130$5538'.
Removing empty process `ffn_col_serial.$proc$/Users/toprakgundogdu/qwen-ffn-rom/rtl/ffn_col_serial_16x16_b4.v:130$5537'.
Removing empty process `ffn_col_serial.$proc$/Users/toprakgundogdu/qwen-ffn-rom/rtl/ffn_col_serial_16x16_b4.v:130$5536'.
Removing empty process `ffn_col_serial.$proc$/Users/toprakgundogdu/qwen-ffn-rom/rtl/ffn_col_serial_16x16_b4.v:130$5535'.
Removing empty process `ffn_col_serial.$proc$/Users/toprakgundogdu/qwen-ffn-rom/rtl/ffn_col_serial_16x16_b4.v:130$5534'.
Removing empty process `ffn_col_serial.$proc$/Users/toprakgundogdu/qwen-ffn-rom/rtl/ffn_col_serial_16x16_b4.v:130$5533'.
Removing empty process `ffn_col_serial.$proc$/Users/toprakgundogdu/qwen-ffn-rom/rtl/ffn_col_serial_16x16_b4.v:130$5532'.
Removing empty process `ffn_col_serial.$proc$/Users/toprakgundogdu/qwen-ffn-rom/rtl/ffn_col_serial_16x16_b4.v:130$5531'.
Removing empty process `ffn_col_serial.$proc$/Users/toprakgundogdu/qwen-ffn-rom/rtl/ffn_col_serial_16x16_b4.v:130$5530'.
Removing empty process `ffn_col_serial.$proc$/Users/toprakgundogdu/qwen-ffn-rom/rtl/ffn_col_serial_16x16_b4.v:130$5529'.
Removing empty process `ffn_col_serial.$proc$/Users/toprakgundogdu/qwen-ffn-rom/rtl/ffn_col_serial_16x16_b4.v:130$5528'.
Removing empty process `ffn_col_serial.$proc$/Users/toprakgundogdu/qwen-ffn-rom/rtl/ffn_col_serial_16x16_b4.v:130$5527'.
Removing empty process `ffn_col_serial.$proc$/Users/toprakgundogdu/qwen-ffn-rom/rtl/ffn_col_serial_16x16_b4.v:130$5526'.
Removing empty process `ffn_col_serial.$proc$/Users/toprakgundogdu/qwen-ffn-rom/rtl/ffn_col_serial_16x16_b4.v:130$5525'.
Removing empty process `ffn_col_serial.$proc$/Users/toprakgundogdu/qwen-ffn-rom/rtl/ffn_col_serial_16x16_b4.v:138$5519'.
Removing empty process `ffn_col_serial.$proc$/Users/toprakgundogdu/qwen-ffn-rom/rtl/ffn_col_serial_16x16_b4.v:134$5518'.
Removing empty process `ffn_col_serial.$proc$/Users/toprakgundogdu/qwen-ffn-rom/rtl/ffn_col_serial_16x16_b4.v:130$5517'.
Removing empty process `ffn_col_serial.$proc$/Users/toprakgundogdu/qwen-ffn-rom/rtl/ffn_col_serial_16x16_b4.v:130$5516'.
Removing empty process `ffn_col_serial.$proc$/Users/toprakgundogdu/qwen-ffn-rom/rtl/ffn_col_serial_16x16_b4.v:130$5515'.
Removing empty process `ffn_col_serial.$proc$/Users/toprakgundogdu/qwen-ffn-rom/rtl/ffn_col_serial_16x16_b4.v:130$5514'.
Removing empty process `ffn_col_serial.$proc$/Users/toprakgundogdu/qwen-ffn-rom/rtl/ffn_col_serial_16x16_b4.v:130$5513'.
Removing empty process `ffn_col_serial.$proc$/Users/toprakgundogdu/qwen-ffn-rom/rtl/ffn_col_serial_16x16_b4.v:130$5512'.
Removing empty process `ffn_col_serial.$proc$/Users/toprakgundogdu/qwen-ffn-rom/rtl/ffn_col_serial_16x16_b4.v:130$5511'.
Removing empty process `ffn_col_serial.$proc$/Users/toprakgundogdu/qwen-ffn-rom/rtl/ffn_col_serial_16x16_b4.v:130$5510'.
Removing empty process `ffn_col_serial.$proc$/Users/toprakgundogdu/qwen-ffn-rom/rtl/ffn_col_serial_16x16_b4.v:130$5509'.
Removing empty process `ffn_col_serial.$proc$/Users/toprakgundogdu/qwen-ffn-rom/rtl/ffn_col_serial_16x16_b4.v:130$5508'.
Removing empty process `ffn_col_serial.$proc$/Users/toprakgundogdu/qwen-ffn-rom/rtl/ffn_col_serial_16x16_b4.v:130$5507'.
Removing empty process `ffn_col_serial.$proc$/Users/toprakgundogdu/qwen-ffn-rom/rtl/ffn_col_serial_16x16_b4.v:130$5506'.
Removing empty process `ffn_col_serial.$proc$/Users/toprakgundogdu/qwen-ffn-rom/rtl/ffn_col_serial_16x16_b4.v:130$5505'.
Removing empty process `ffn_col_serial.$proc$/Users/toprakgundogdu/qwen-ffn-rom/rtl/ffn_col_serial_16x16_b4.v:130$5504'.
Removing empty process `ffn_col_serial.$proc$/Users/toprakgundogdu/qwen-ffn-rom/rtl/ffn_col_serial_16x16_b4.v:130$5503'.
Removing empty process `ffn_col_serial.$proc$/Users/toprakgundogdu/qwen-ffn-rom/rtl/ffn_col_serial_16x16_b4.v:130$5502'.
Removing empty process `ffn_col_serial.$proc$/Users/toprakgundogdu/qwen-ffn-rom/rtl/ffn_col_serial_16x16_b4.v:138$5496'.
Removing empty process `ffn_col_serial.$proc$/Users/toprakgundogdu/qwen-ffn-rom/rtl/ffn_col_serial_16x16_b4.v:134$5495'.
Removing empty process `ffn_col_serial.$proc$/Users/toprakgundogdu/qwen-ffn-rom/rtl/ffn_col_serial_16x16_b4.v:130$5494'.
Removing empty process `ffn_col_serial.$proc$/Users/toprakgundogdu/qwen-ffn-rom/rtl/ffn_col_serial_16x16_b4.v:130$5493'.
Removing empty process `ffn_col_serial.$proc$/Users/toprakgundogdu/qwen-ffn-rom/rtl/ffn_col_serial_16x16_b4.v:130$5492'.
Removing empty process `ffn_col_serial.$proc$/Users/toprakgundogdu/qwen-ffn-rom/rtl/ffn_col_serial_16x16_b4.v:130$5491'.
Removing empty process `ffn_col_serial.$proc$/Users/toprakgundogdu/qwen-ffn-rom/rtl/ffn_col_serial_16x16_b4.v:130$5490'.
Removing empty process `ffn_col_serial.$proc$/Users/toprakgundogdu/qwen-ffn-rom/rtl/ffn_col_serial_16x16_b4.v:130$5489'.
Removing empty process `ffn_col_serial.$proc$/Users/toprakgundogdu/qwen-ffn-rom/rtl/ffn_col_serial_16x16_b4.v:130$5488'.
Removing empty process `ffn_col_serial.$proc$/Users/toprakgundogdu/qwen-ffn-rom/rtl/ffn_col_serial_16x16_b4.v:130$5487'.
Removing empty process `ffn_col_serial.$proc$/Users/toprakgundogdu/qwen-ffn-rom/rtl/ffn_col_serial_16x16_b4.v:130$5486'.
Removing empty process `ffn_col_serial.$proc$/Users/toprakgundogdu/qwen-ffn-rom/rtl/ffn_col_serial_16x16_b4.v:130$5485'.
Removing empty process `ffn_col_serial.$proc$/Users/toprakgundogdu/qwen-ffn-rom/rtl/ffn_col_serial_16x16_b4.v:130$5484'.
Removing empty process `ffn_col_serial.$proc$/Users/toprakgundogdu/qwen-ffn-rom/rtl/ffn_col_serial_16x16_b4.v:130$5483'.
Removing empty process `ffn_col_serial.$proc$/Users/toprakgundogdu/qwen-ffn-rom/rtl/ffn_col_serial_16x16_b4.v:130$5482'.
Removing empty process `ffn_col_serial.$proc$/Users/toprakgundogdu/qwen-ffn-rom/rtl/ffn_col_serial_16x16_b4.v:130$5481'.
Removing empty process `ffn_col_serial.$proc$/Users/toprakgundogdu/qwen-ffn-rom/rtl/ffn_col_serial_16x16_b4.v:130$5480'.
Removing empty process `ffn_col_serial.$proc$/Users/toprakgundogdu/qwen-ffn-rom/rtl/ffn_col_serial_16x16_b4.v:130$5479'.
Removing empty process `ffn_col_serial.$proc$/Users/toprakgundogdu/qwen-ffn-rom/rtl/ffn_col_serial_16x16_b4.v:138$5473'.
Removing empty process `ffn_col_serial.$proc$/Users/toprakgundogdu/qwen-ffn-rom/rtl/ffn_col_serial_16x16_b4.v:134$5472'.
Removing empty process `ffn_col_serial.$proc$/Users/toprakgundogdu/qwen-ffn-rom/rtl/ffn_col_serial_16x16_b4.v:130$5471'.
Removing empty process `ffn_col_serial.$proc$/Users/toprakgundogdu/qwen-ffn-rom/rtl/ffn_col_serial_16x16_b4.v:130$5470'.
Removing empty process `ffn_col_serial.$proc$/Users/toprakgundogdu/qwen-ffn-rom/rtl/ffn_col_serial_16x16_b4.v:130$5469'.
Removing empty process `ffn_col_serial.$proc$/Users/toprakgundogdu/qwen-ffn-rom/rtl/ffn_col_serial_16x16_b4.v:130$5468'.
Removing empty process `ffn_col_serial.$proc$/Users/toprakgundogdu/qwen-ffn-rom/rtl/ffn_col_serial_16x16_b4.v:130$5467'.
Removing empty process `ffn_col_serial.$proc$/Users/toprakgundogdu/qwen-ffn-rom/rtl/ffn_col_serial_16x16_b4.v:130$5466'.
Removing empty process `ffn_col_serial.$proc$/Users/toprakgundogdu/qwen-ffn-rom/rtl/ffn_col_serial_16x16_b4.v:130$5465'.
Removing empty process `ffn_col_serial.$proc$/Users/toprakgundogdu/qwen-ffn-rom/rtl/ffn_col_serial_16x16_b4.v:130$5464'.
Removing empty process `ffn_col_serial.$proc$/Users/toprakgundogdu/qwen-ffn-rom/rtl/ffn_col_serial_16x16_b4.v:130$5463'.
Removing empty process `ffn_col_serial.$proc$/Users/toprakgundogdu/qwen-ffn-rom/rtl/ffn_col_serial_16x16_b4.v:130$5462'.
Removing empty process `ffn_col_serial.$proc$/Users/toprakgundogdu/qwen-ffn-rom/rtl/ffn_col_serial_16x16_b4.v:130$5461'.
Removing empty process `ffn_col_serial.$proc$/Users/toprakgundogdu/qwen-ffn-rom/rtl/ffn_col_serial_16x16_b4.v:130$5460'.
Removing empty process `ffn_col_serial.$proc$/Users/toprakgundogdu/qwen-ffn-rom/rtl/ffn_col_serial_16x16_b4.v:130$5459'.
Removing empty process `ffn_col_serial.$proc$/Users/toprakgundogdu/qwen-ffn-rom/rtl/ffn_col_serial_16x16_b4.v:130$5458'.
Removing empty process `ffn_col_serial.$proc$/Users/toprakgundogdu/qwen-ffn-rom/rtl/ffn_col_serial_16x16_b4.v:130$5457'.
Removing empty process `ffn_col_serial.$proc$/Users/toprakgundogdu/qwen-ffn-rom/rtl/ffn_col_serial_16x16_b4.v:130$5456'.
Removing empty process `ffn_col_serial.$proc$/Users/toprakgundogdu/qwen-ffn-rom/rtl/ffn_col_serial_16x16_b4.v:138$5450'.
Removing empty process `ffn_col_serial.$proc$/Users/toprakgundogdu/qwen-ffn-rom/rtl/ffn_col_serial_16x16_b4.v:134$5449'.
Removing empty process `ffn_col_serial.$proc$/Users/toprakgundogdu/qwen-ffn-rom/rtl/ffn_col_serial_16x16_b4.v:130$5448'.
Removing empty process `ffn_col_serial.$proc$/Users/toprakgundogdu/qwen-ffn-rom/rtl/ffn_col_serial_16x16_b4.v:130$5447'.
Removing empty process `ffn_col_serial.$proc$/Users/toprakgundogdu/qwen-ffn-rom/rtl/ffn_col_serial_16x16_b4.v:130$5446'.
Removing empty process `ffn_col_serial.$proc$/Users/toprakgundogdu/qwen-ffn-rom/rtl/ffn_col_serial_16x16_b4.v:130$5445'.
Removing empty process `ffn_col_serial.$proc$/Users/toprakgundogdu/qwen-ffn-rom/rtl/ffn_col_serial_16x16_b4.v:130$5444'.
Removing empty process `ffn_col_serial.$proc$/Users/toprakgundogdu/qwen-ffn-rom/rtl/ffn_col_serial_16x16_b4.v:130$5443'.
Removing empty process `ffn_col_serial.$proc$/Users/toprakgundogdu/qwen-ffn-rom/rtl/ffn_col_serial_16x16_b4.v:130$5442'.
Removing empty process `ffn_col_serial.$proc$/Users/toprakgundogdu/qwen-ffn-rom/rtl/ffn_col_serial_16x16_b4.v:130$5441'.
Removing empty process `ffn_col_serial.$proc$/Users/toprakgundogdu/qwen-ffn-rom/rtl/ffn_col_serial_16x16_b4.v:130$5440'.
Removing empty process `ffn_col_serial.$proc$/Users/toprakgundogdu/qwen-ffn-rom/rtl/ffn_col_serial_16x16_b4.v:130$5439'.
Removing empty process `ffn_col_serial.$proc$/Users/toprakgundogdu/qwen-ffn-rom/rtl/ffn_col_serial_16x16_b4.v:130$5438'.
Removing empty process `ffn_col_serial.$proc$/Users/toprakgundogdu/qwen-ffn-rom/rtl/ffn_col_serial_16x16_b4.v:130$5437'.
Removing empty process `ffn_col_serial.$proc$/Users/toprakgundogdu/qwen-ffn-rom/rtl/ffn_col_serial_16x16_b4.v:130$5436'.
Removing empty process `ffn_col_serial.$proc$/Users/toprakgundogdu/qwen-ffn-rom/rtl/ffn_col_serial_16x16_b4.v:130$5435'.
Removing empty process `ffn_col_serial.$proc$/Users/toprakgundogdu/qwen-ffn-rom/rtl/ffn_col_serial_16x16_b4.v:130$5434'.
Removing empty process `ffn_col_serial.$proc$/Users/toprakgundogdu/qwen-ffn-rom/rtl/ffn_col_serial_16x16_b4.v:130$5433'.
Removing empty process `ffn_col_serial.$proc$/Users/toprakgundogdu/qwen-ffn-rom/rtl/ffn_col_serial_16x16_b4.v:138$5427'.
Removing empty process `ffn_col_serial.$proc$/Users/toprakgundogdu/qwen-ffn-rom/rtl/ffn_col_serial_16x16_b4.v:134$5426'.
Removing empty process `ffn_col_serial.$proc$/Users/toprakgundogdu/qwen-ffn-rom/rtl/ffn_col_serial_16x16_b4.v:130$5425'.
Removing empty process `ffn_col_serial.$proc$/Users/toprakgundogdu/qwen-ffn-rom/rtl/ffn_col_serial_16x16_b4.v:130$5424'.
Removing empty process `ffn_col_serial.$proc$/Users/toprakgundogdu/qwen-ffn-rom/rtl/ffn_col_serial_16x16_b4.v:130$5423'.
Removing empty process `ffn_col_serial.$proc$/Users/toprakgundogdu/qwen-ffn-rom/rtl/ffn_col_serial_16x16_b4.v:130$5422'.
Removing empty process `ffn_col_serial.$proc$/Users/toprakgundogdu/qwen-ffn-rom/rtl/ffn_col_serial_16x16_b4.v:130$5421'.
Removing empty process `ffn_col_serial.$proc$/Users/toprakgundogdu/qwen-ffn-rom/rtl/ffn_col_serial_16x16_b4.v:130$5420'.
Removing empty process `ffn_col_serial.$proc$/Users/toprakgundogdu/qwen-ffn-rom/rtl/ffn_col_serial_16x16_b4.v:130$5419'.
Removing empty process `ffn_col_serial.$proc$/Users/toprakgundogdu/qwen-ffn-rom/rtl/ffn_col_serial_16x16_b4.v:130$5418'.
Removing empty process `ffn_col_serial.$proc$/Users/toprakgundogdu/qwen-ffn-rom/rtl/ffn_col_serial_16x16_b4.v:130$5417'.
Removing empty process `ffn_col_serial.$proc$/Users/toprakgundogdu/qwen-ffn-rom/rtl/ffn_col_serial_16x16_b4.v:130$5416'.
Removing empty process `ffn_col_serial.$proc$/Users/toprakgundogdu/qwen-ffn-rom/rtl/ffn_col_serial_16x16_b4.v:130$5415'.
Removing empty process `ffn_col_serial.$proc$/Users/toprakgundogdu/qwen-ffn-rom/rtl/ffn_col_serial_16x16_b4.v:130$5414'.
Removing empty process `ffn_col_serial.$proc$/Users/toprakgundogdu/qwen-ffn-rom/rtl/ffn_col_serial_16x16_b4.v:130$5413'.
Removing empty process `ffn_col_serial.$proc$/Users/toprakgundogdu/qwen-ffn-rom/rtl/ffn_col_serial_16x16_b4.v:130$5412'.
Removing empty process `ffn_col_serial.$proc$/Users/toprakgundogdu/qwen-ffn-rom/rtl/ffn_col_serial_16x16_b4.v:130$5411'.
Removing empty process `ffn_col_serial.$proc$/Users/toprakgundogdu/qwen-ffn-rom/rtl/ffn_col_serial_16x16_b4.v:130$5410'.
Removing empty process `ffn_col_serial.$proc$/Users/toprakgundogdu/qwen-ffn-rom/rtl/ffn_col_serial_16x16_b4.v:138$5404'.
Removing empty process `ffn_col_serial.$proc$/Users/toprakgundogdu/qwen-ffn-rom/rtl/ffn_col_serial_16x16_b4.v:134$5403'.
Removing empty process `ffn_col_serial.$proc$/Users/toprakgundogdu/qwen-ffn-rom/rtl/ffn_col_serial_16x16_b4.v:130$5402'.
Removing empty process `ffn_col_serial.$proc$/Users/toprakgundogdu/qwen-ffn-rom/rtl/ffn_col_serial_16x16_b4.v:130$5401'.
Removing empty process `ffn_col_serial.$proc$/Users/toprakgundogdu/qwen-ffn-rom/rtl/ffn_col_serial_16x16_b4.v:130$5400'.
Removing empty process `ffn_col_serial.$proc$/Users/toprakgundogdu/qwen-ffn-rom/rtl/ffn_col_serial_16x16_b4.v:130$5399'.
Removing empty process `ffn_col_serial.$proc$/Users/toprakgundogdu/qwen-ffn-rom/rtl/ffn_col_serial_16x16_b4.v:130$5398'.
Removing empty process `ffn_col_serial.$proc$/Users/toprakgundogdu/qwen-ffn-rom/rtl/ffn_col_serial_16x16_b4.v:130$5397'.
Removing empty process `ffn_col_serial.$proc$/Users/toprakgundogdu/qwen-ffn-rom/rtl/ffn_col_serial_16x16_b4.v:130$5396'.
Removing empty process `ffn_col_serial.$proc$/Users/toprakgundogdu/qwen-ffn-rom/rtl/ffn_col_serial_16x16_b4.v:130$5395'.
Removing empty process `ffn_col_serial.$proc$/Users/toprakgundogdu/qwen-ffn-rom/rtl/ffn_col_serial_16x16_b4.v:130$5394'.
Removing empty process `ffn_col_serial.$proc$/Users/toprakgundogdu/qwen-ffn-rom/rtl/ffn_col_serial_16x16_b4.v:130$5393'.
Removing empty process `ffn_col_serial.$proc$/Users/toprakgundogdu/qwen-ffn-rom/rtl/ffn_col_serial_16x16_b4.v:130$5392'.
Removing empty process `ffn_col_serial.$proc$/Users/toprakgundogdu/qwen-ffn-rom/rtl/ffn_col_serial_16x16_b4.v:130$5391'.
Removing empty process `ffn_col_serial.$proc$/Users/toprakgundogdu/qwen-ffn-rom/rtl/ffn_col_serial_16x16_b4.v:130$5390'.
Removing empty process `ffn_col_serial.$proc$/Users/toprakgundogdu/qwen-ffn-rom/rtl/ffn_col_serial_16x16_b4.v:130$5389'.
Removing empty process `ffn_col_serial.$proc$/Users/toprakgundogdu/qwen-ffn-rom/rtl/ffn_col_serial_16x16_b4.v:130$5388'.
Removing empty process `ffn_col_serial.$proc$/Users/toprakgundogdu/qwen-ffn-rom/rtl/ffn_col_serial_16x16_b4.v:130$5387'.
Removing empty process `ffn_col_serial.$proc$/Users/toprakgundogdu/qwen-ffn-rom/rtl/ffn_col_serial_16x16_b4.v:115$5385'.
Removing empty process `ffn_col_serial.$proc$/Users/toprakgundogdu/qwen-ffn-rom/rtl/ffn_col_serial_16x16_b4.v:115$5383'.
Removing empty process `ffn_col_serial.$proc$/Users/toprakgundogdu/qwen-ffn-rom/rtl/ffn_col_serial_16x16_b4.v:115$5381'.
Removing empty process `ffn_col_serial.$proc$/Users/toprakgundogdu/qwen-ffn-rom/rtl/ffn_col_serial_16x16_b4.v:115$5379'.
Removing empty process `ffn_col_serial.$proc$/Users/toprakgundogdu/qwen-ffn-rom/rtl/ffn_col_serial_16x16_b4.v:115$5377'.
Removing empty process `ffn_col_serial.$proc$/Users/toprakgundogdu/qwen-ffn-rom/rtl/ffn_col_serial_16x16_b4.v:115$5375'.
Removing empty process `ffn_col_serial.$proc$/Users/toprakgundogdu/qwen-ffn-rom/rtl/ffn_col_serial_16x16_b4.v:115$5373'.
Removing empty process `ffn_col_serial.$proc$/Users/toprakgundogdu/qwen-ffn-rom/rtl/ffn_col_serial_16x16_b4.v:115$5371'.
Removing empty process `ffn_col_serial.$proc$/Users/toprakgundogdu/qwen-ffn-rom/rtl/ffn_col_serial_16x16_b4.v:115$5369'.
Removing empty process `ffn_col_serial.$proc$/Users/toprakgundogdu/qwen-ffn-rom/rtl/ffn_col_serial_16x16_b4.v:115$5367'.
Removing empty process `ffn_col_serial.$proc$/Users/toprakgundogdu/qwen-ffn-rom/rtl/ffn_col_serial_16x16_b4.v:115$5365'.
Removing empty process `ffn_col_serial.$proc$/Users/toprakgundogdu/qwen-ffn-rom/rtl/ffn_col_serial_16x16_b4.v:115$5363'.
Removing empty process `ffn_col_serial.$proc$/Users/toprakgundogdu/qwen-ffn-rom/rtl/ffn_col_serial_16x16_b4.v:115$5361'.
Removing empty process `ffn_col_serial.$proc$/Users/toprakgundogdu/qwen-ffn-rom/rtl/ffn_col_serial_16x16_b4.v:115$5359'.
Removing empty process `ffn_col_serial.$proc$/Users/toprakgundogdu/qwen-ffn-rom/rtl/ffn_col_serial_16x16_b4.v:115$5357'.
Removing empty process `ffn_col_serial.$proc$/Users/toprakgundogdu/qwen-ffn-rom/rtl/ffn_col_serial_16x16_b4.v:115$5355'.
Removing empty process `ffn_col_serial.$proc$/Users/toprakgundogdu/qwen-ffn-rom/rtl/ffn_col_serial_16x16_b4.v:129$5345'.
Removing empty process `ffn_col_serial.$proc$/Users/toprakgundogdu/qwen-ffn-rom/rtl/ffn_col_serial_16x16_b4.v:129$5337'.
Removing empty process `ffn_col_serial.$proc$/Users/toprakgundogdu/qwen-ffn-rom/rtl/ffn_col_serial_16x16_b4.v:129$5330'.
Removing empty process `ffn_col_serial.$proc$/Users/toprakgundogdu/qwen-ffn-rom/rtl/ffn_col_serial_16x16_b4.v:129$5322'.
Removing empty process `ffn_col_serial.$proc$/Users/toprakgundogdu/qwen-ffn-rom/rtl/ffn_col_serial_16x16_b4.v:129$5313'.
Removing empty process `ffn_col_serial.$proc$/Users/toprakgundogdu/qwen-ffn-rom/rtl/ffn_col_serial_16x16_b4.v:129$5306'.
Removing empty process `ffn_col_serial.$proc$/Users/toprakgundogdu/qwen-ffn-rom/rtl/ffn_col_serial_16x16_b4.v:129$5297'.
Removing empty process `ffn_col_serial.$proc$/Users/toprakgundogdu/qwen-ffn-rom/rtl/ffn_col_serial_16x16_b4.v:129$5290'.
Removing empty process `ffn_col_serial.$proc$/Users/toprakgundogdu/qwen-ffn-rom/rtl/ffn_col_serial_16x16_b4.v:129$5282'.
Removing empty process `ffn_col_serial.$proc$/Users/toprakgundogdu/qwen-ffn-rom/rtl/ffn_col_serial_16x16_b4.v:129$5274'.
Removing empty process `ffn_col_serial.$proc$/Users/toprakgundogdu/qwen-ffn-rom/rtl/ffn_col_serial_16x16_b4.v:129$5265'.
Removing empty process `ffn_col_serial.$proc$/Users/toprakgundogdu/qwen-ffn-rom/rtl/ffn_col_serial_16x16_b4.v:129$5259'.
Removing empty process `ffn_col_serial.$proc$/Users/toprakgundogdu/qwen-ffn-rom/rtl/ffn_col_serial_16x16_b4.v:129$5251'.
Removing empty process `ffn_col_serial.$proc$/Users/toprakgundogdu/qwen-ffn-rom/rtl/ffn_col_serial_16x16_b4.v:129$5243'.
Removing empty process `ffn_col_serial.$proc$/Users/toprakgundogdu/qwen-ffn-rom/rtl/ffn_col_serial_16x16_b4.v:129$5235'.
Removing empty process `ffn_col_serial.$proc$/Users/toprakgundogdu/qwen-ffn-rom/rtl/ffn_col_serial_16x16_b4.v:129$5228'.
Removing empty process `ffn_col_serial.$proc$/Users/toprakgundogdu/qwen-ffn-rom/rtl/ffn_col_serial_16x16_b4.v:129$5221'.
Removing empty process `ffn_col_serial.$proc$/Users/toprakgundogdu/qwen-ffn-rom/rtl/ffn_col_serial_16x16_b4.v:129$5214'.
Removing empty process `ffn_col_serial.$proc$/Users/toprakgundogdu/qwen-ffn-rom/rtl/ffn_col_serial_16x16_b4.v:129$5208'.
Removing empty process `ffn_col_serial.$proc$/Users/toprakgundogdu/qwen-ffn-rom/rtl/ffn_col_serial_16x16_b4.v:129$5202'.
Removing empty process `ffn_col_serial.$proc$/Users/toprakgundogdu/qwen-ffn-rom/rtl/ffn_col_serial_16x16_b4.v:129$5196'.
Removing empty process `ffn_col_serial.$proc$/Users/toprakgundogdu/qwen-ffn-rom/rtl/ffn_col_serial_16x16_b4.v:129$5190'.
Removing empty process `ffn_col_serial.$proc$/Users/toprakgundogdu/qwen-ffn-rom/rtl/ffn_col_serial_16x16_b4.v:129$5183'.
Removing empty process `ffn_col_serial.$proc$/Users/toprakgundogdu/qwen-ffn-rom/rtl/ffn_col_serial_16x16_b4.v:129$5177'.
Removing empty process `ffn_col_serial.$proc$/Users/toprakgundogdu/qwen-ffn-rom/rtl/ffn_col_serial_16x16_b4.v:129$5171'.
Removing empty process `ffn_col_serial.$proc$/Users/toprakgundogdu/qwen-ffn-rom/rtl/ffn_col_serial_16x16_b4.v:129$5164'.
Removing empty process `ffn_col_serial.$proc$/Users/toprakgundogdu/qwen-ffn-rom/rtl/ffn_col_serial_16x16_b4.v:129$5158'.
Removing empty process `ffn_col_serial.$proc$/Users/toprakgundogdu/qwen-ffn-rom/rtl/ffn_col_serial_16x16_b4.v:129$5152'.
Removing empty process `ffn_col_serial.$proc$/Users/toprakgundogdu/qwen-ffn-rom/rtl/ffn_col_serial_16x16_b4.v:129$5144'.
Removing empty process `ffn_col_serial.$proc$/Users/toprakgundogdu/qwen-ffn-rom/rtl/ffn_col_serial_16x16_b4.v:129$5138'.
Removing empty process `ffn_col_serial.$proc$/Users/toprakgundogdu/qwen-ffn-rom/rtl/ffn_col_serial_16x16_b4.v:129$5132'.
Removing empty process `ffn_col_serial.$proc$/Users/toprakgundogdu/qwen-ffn-rom/rtl/ffn_col_serial_16x16_b4.v:129$5123'.
Removing empty process `ffn_col_serial.$proc$/Users/toprakgundogdu/qwen-ffn-rom/rtl/ffn_col_serial_16x16_b4.v:129$5116'.
Removing empty process `ffn_col_serial.$proc$/Users/toprakgundogdu/qwen-ffn-rom/rtl/ffn_col_serial_16x16_b4.v:129$5108'.
Removing empty process `ffn_col_serial.$proc$/Users/toprakgundogdu/qwen-ffn-rom/rtl/ffn_col_serial_16x16_b4.v:129$5101'.
Removing empty process `ffn_col_serial.$proc$/Users/toprakgundogdu/qwen-ffn-rom/rtl/ffn_col_serial_16x16_b4.v:129$5094'.
Removing empty process `ffn_col_serial.$proc$/Users/toprakgundogdu/qwen-ffn-rom/rtl/ffn_col_serial_16x16_b4.v:129$5088'.
Removing empty process `ffn_col_serial.$proc$/Users/toprakgundogdu/qwen-ffn-rom/rtl/ffn_col_serial_16x16_b4.v:129$5079'.
Removing empty process `ffn_col_serial.$proc$/Users/toprakgundogdu/qwen-ffn-rom/rtl/ffn_col_serial_16x16_b4.v:129$5072'.
Removing empty process `ffn_col_serial.$proc$/Users/toprakgundogdu/qwen-ffn-rom/rtl/ffn_col_serial_16x16_b4.v:129$5064'.
Removing empty process `ffn_col_serial.$proc$/Users/toprakgundogdu/qwen-ffn-rom/rtl/ffn_col_serial_16x16_b4.v:129$5057'.
Removing empty process `ffn_col_serial.$proc$/Users/toprakgundogdu/qwen-ffn-rom/rtl/ffn_col_serial_16x16_b4.v:129$5048'.
Removing empty process `ffn_col_serial.$proc$/Users/toprakgundogdu/qwen-ffn-rom/rtl/ffn_col_serial_16x16_b4.v:129$5042'.
Removing empty process `ffn_col_serial.$proc$/Users/toprakgundogdu/qwen-ffn-rom/rtl/ffn_col_serial_16x16_b4.v:129$5036'.
Removing empty process `ffn_col_serial.$proc$/Users/toprakgundogdu/qwen-ffn-rom/rtl/ffn_col_serial_16x16_b4.v:129$5027'.
Removing empty process `ffn_col_serial.$proc$/Users/toprakgundogdu/qwen-ffn-rom/rtl/ffn_col_serial_16x16_b4.v:129$5019'.
Removing empty process `ffn_col_serial.$proc$/Users/toprakgundogdu/qwen-ffn-rom/rtl/ffn_col_serial_16x16_b4.v:129$5011'.
Removing empty process `ffn_col_serial.$proc$/Users/toprakgundogdu/qwen-ffn-rom/rtl/ffn_col_serial_16x16_b4.v:129$5002'.
Removing empty process `ffn_col_serial.$proc$/Users/toprakgundogdu/qwen-ffn-rom/rtl/ffn_col_serial_16x16_b4.v:129$4993'.
Removing empty process `ffn_col_serial.$proc$/Users/toprakgundogdu/qwen-ffn-rom/rtl/ffn_col_serial_16x16_b4.v:129$4985'.
Removing empty process `ffn_col_serial.$proc$/Users/toprakgundogdu/qwen-ffn-rom/rtl/ffn_col_serial_16x16_b4.v:129$4977'.
Removing empty process `ffn_col_serial.$proc$/Users/toprakgundogdu/qwen-ffn-rom/rtl/ffn_col_serial_16x16_b4.v:129$4968'.
Removing empty process `ffn_col_serial.$proc$/Users/toprakgundogdu/qwen-ffn-rom/rtl/ffn_col_serial_16x16_b4.v:129$4958'.
Removing empty process `ffn_col_serial.$proc$/Users/toprakgundogdu/qwen-ffn-rom/rtl/ffn_col_serial_16x16_b4.v:129$4951'.
Removing empty process `ffn_col_serial.$proc$/Users/toprakgundogdu/qwen-ffn-rom/rtl/ffn_col_serial_16x16_b4.v:129$4945'.
Removing empty process `ffn_col_serial.$proc$/Users/toprakgundogdu/qwen-ffn-rom/rtl/ffn_col_serial_16x16_b4.v:129$4939'.
Removing empty process `ffn_col_serial.$proc$/Users/toprakgundogdu/qwen-ffn-rom/rtl/ffn_col_serial_16x16_b4.v:129$4932'.
Removing empty process `ffn_col_serial.$proc$/Users/toprakgundogdu/qwen-ffn-rom/rtl/ffn_col_serial_16x16_b4.v:129$4924'.
Removing empty process `ffn_col_serial.$proc$/Users/toprakgundogdu/qwen-ffn-rom/rtl/ffn_col_serial_16x16_b4.v:129$4917'.
Removing empty process `ffn_col_serial.$proc$/Users/toprakgundogdu/qwen-ffn-rom/rtl/ffn_col_serial_16x16_b4.v:129$4911'.
Removing empty process `ffn_col_serial.$proc$/Users/toprakgundogdu/qwen-ffn-rom/rtl/ffn_col_serial_16x16_b4.v:129$4903'.
Removing empty process `ffn_col_serial.$proc$/Users/toprakgundogdu/qwen-ffn-rom/rtl/ffn_col_serial_16x16_b4.v:129$4897'.
Removing empty process `ffn_col_serial.$proc$/Users/toprakgundogdu/qwen-ffn-rom/rtl/ffn_col_serial_16x16_b4.v:129$4891'.
Removing empty process `ffn_col_serial.$proc$/Users/toprakgundogdu/qwen-ffn-rom/rtl/ffn_col_serial_16x16_b4.v:129$4882'.
Removing empty process `ffn_col_serial.$proc$/Users/toprakgundogdu/qwen-ffn-rom/rtl/ffn_col_serial_16x16_b4.v:129$4874'.
Removing empty process `ffn_col_serial.$proc$/Users/toprakgundogdu/qwen-ffn-rom/rtl/ffn_col_serial_16x16_b4.v:129$4866'.
Removing empty process `ffn_col_serial.$proc$/Users/toprakgundogdu/qwen-ffn-rom/rtl/ffn_col_serial_16x16_b4.v:129$4858'.
Removing empty process `ffn_col_serial.$proc$/Users/toprakgundogdu/qwen-ffn-rom/rtl/ffn_col_serial_16x16_b4.v:129$4851'.
Removing empty process `ffn_col_serial.$proc$/Users/toprakgundogdu/qwen-ffn-rom/rtl/ffn_col_serial_16x16_b4.v:129$4843'.
Removing empty process `ffn_col_serial.$proc$/Users/toprakgundogdu/qwen-ffn-rom/rtl/ffn_col_serial_16x16_b4.v:129$4836'.
Removing empty process `ffn_col_serial.$proc$/Users/toprakgundogdu/qwen-ffn-rom/rtl/ffn_col_serial_16x16_b4.v:129$4827'.
Removing empty process `ffn_col_serial.$proc$/Users/toprakgundogdu/qwen-ffn-rom/rtl/ffn_col_serial_16x16_b4.v:129$4820'.
Removing empty process `ffn_col_serial.$proc$/Users/toprakgundogdu/qwen-ffn-rom/rtl/ffn_col_serial_16x16_b4.v:129$4814'.
Removing empty process `ffn_col_serial.$proc$/Users/toprakgundogdu/qwen-ffn-rom/rtl/ffn_col_serial_16x16_b4.v:129$4808'.
Removing empty process `ffn_col_serial.$proc$/Users/toprakgundogdu/qwen-ffn-rom/rtl/ffn_col_serial_16x16_b4.v:129$4801'.
Removing empty process `ffn_col_serial.$proc$/Users/toprakgundogdu/qwen-ffn-rom/rtl/ffn_col_serial_16x16_b4.v:129$4795'.
Removing empty process `ffn_col_serial.$proc$/Users/toprakgundogdu/qwen-ffn-rom/rtl/ffn_col_serial_16x16_b4.v:129$4788'.
Removing empty process `ffn_col_serial.$proc$/Users/toprakgundogdu/qwen-ffn-rom/rtl/ffn_col_serial_16x16_b4.v:129$4780'.
Removing empty process `ffn_col_serial.$proc$/Users/toprakgundogdu/qwen-ffn-rom/rtl/ffn_col_serial_16x16_b4.v:129$4773'.
Removing empty process `ffn_col_serial.$proc$/Users/toprakgundogdu/qwen-ffn-rom/rtl/ffn_col_serial_16x16_b4.v:129$4767'.
Removing empty process `ffn_col_serial.$proc$/Users/toprakgundogdu/qwen-ffn-rom/rtl/ffn_col_serial_16x16_b4.v:129$4760'.
Removing empty process `ffn_col_serial.$proc$/Users/toprakgundogdu/qwen-ffn-rom/rtl/ffn_col_serial_16x16_b4.v:129$4752'.
Removing empty process `ffn_col_serial.$proc$/Users/toprakgundogdu/qwen-ffn-rom/rtl/ffn_col_serial_16x16_b4.v:129$4746'.
Removing empty process `ffn_col_serial.$proc$/Users/toprakgundogdu/qwen-ffn-rom/rtl/ffn_col_serial_16x16_b4.v:129$4738'.
Removing empty process `ffn_col_serial.$proc$/Users/toprakgundogdu/qwen-ffn-rom/rtl/ffn_col_serial_16x16_b4.v:129$4732'.
Removing empty process `ffn_col_serial.$proc$/Users/toprakgundogdu/qwen-ffn-rom/rtl/ffn_col_serial_16x16_b4.v:129$4726'.
Removing empty process `ffn_col_serial.$proc$/Users/toprakgundogdu/qwen-ffn-rom/rtl/ffn_col_serial_16x16_b4.v:129$4719'.
Removing empty process `ffn_col_serial.$proc$/Users/toprakgundogdu/qwen-ffn-rom/rtl/ffn_col_serial_16x16_b4.v:129$4711'.
Removing empty process `ffn_col_serial.$proc$/Users/toprakgundogdu/qwen-ffn-rom/rtl/ffn_col_serial_16x16_b4.v:129$4703'.
Removing empty process `ffn_col_serial.$proc$/Users/toprakgundogdu/qwen-ffn-rom/rtl/ffn_col_serial_16x16_b4.v:129$4695'.
Removing empty process `ffn_col_serial.$proc$/Users/toprakgundogdu/qwen-ffn-rom/rtl/ffn_col_serial_16x16_b4.v:129$4689'.
Removing empty process `ffn_col_serial.$proc$/Users/toprakgundogdu/qwen-ffn-rom/rtl/ffn_col_serial_16x16_b4.v:129$4682'.
Removing empty process `ffn_col_serial.$proc$/Users/toprakgundogdu/qwen-ffn-rom/rtl/ffn_col_serial_16x16_b4.v:129$4676'.
Removing empty process `ffn_col_serial.$proc$/Users/toprakgundogdu/qwen-ffn-rom/rtl/ffn_col_serial_16x16_b4.v:129$4668'.
Removing empty process `ffn_col_serial.$proc$/Users/toprakgundogdu/qwen-ffn-rom/rtl/ffn_col_serial_16x16_b4.v:129$4660'.
Removing empty process `ffn_col_serial.$proc$/Users/toprakgundogdu/qwen-ffn-rom/rtl/ffn_col_serial_16x16_b4.v:129$4652'.
Removing empty process `ffn_col_serial.$proc$/Users/toprakgundogdu/qwen-ffn-rom/rtl/ffn_col_serial_16x16_b4.v:129$4645'.
Removing empty process `ffn_col_serial.$proc$/Users/toprakgundogdu/qwen-ffn-rom/rtl/ffn_col_serial_16x16_b4.v:129$4637'.
Removing empty process `ffn_col_serial.$proc$/Users/toprakgundogdu/qwen-ffn-rom/rtl/ffn_col_serial_16x16_b4.v:129$4628'.
Removing empty process `ffn_col_serial.$proc$/Users/toprakgundogdu/qwen-ffn-rom/rtl/ffn_col_serial_16x16_b4.v:129$4620'.
Removing empty process `ffn_col_serial.$proc$/Users/toprakgundogdu/qwen-ffn-rom/rtl/ffn_col_serial_16x16_b4.v:129$4612'.
Removing empty process `ffn_col_serial.$proc$/Users/toprakgundogdu/qwen-ffn-rom/rtl/ffn_col_serial_16x16_b4.v:129$4604'.
Removing empty process `ffn_col_serial.$proc$/Users/toprakgundogdu/qwen-ffn-rom/rtl/ffn_col_serial_16x16_b4.v:129$4598'.
Removing empty process `ffn_col_serial.$proc$/Users/toprakgundogdu/qwen-ffn-rom/rtl/ffn_col_serial_16x16_b4.v:129$4592'.
Removing empty process `ffn_col_serial.$proc$/Users/toprakgundogdu/qwen-ffn-rom/rtl/ffn_col_serial_16x16_b4.v:129$4585'.
Removing empty process `ffn_col_serial.$proc$/Users/toprakgundogdu/qwen-ffn-rom/rtl/ffn_col_serial_16x16_b4.v:129$4579'.
Removing empty process `ffn_col_serial.$proc$/Users/toprakgundogdu/qwen-ffn-rom/rtl/ffn_col_serial_16x16_b4.v:129$4572'.
Removing empty process `ffn_col_serial.$proc$/Users/toprakgundogdu/qwen-ffn-rom/rtl/ffn_col_serial_16x16_b4.v:129$4566'.
Removing empty process `ffn_col_serial.$proc$/Users/toprakgundogdu/qwen-ffn-rom/rtl/ffn_col_serial_16x16_b4.v:129$4558'.
Removing empty process `ffn_col_serial.$proc$/Users/toprakgundogdu/qwen-ffn-rom/rtl/ffn_col_serial_16x16_b4.v:129$4552'.
Removing empty process `ffn_col_serial.$proc$/Users/toprakgundogdu/qwen-ffn-rom/rtl/ffn_col_serial_16x16_b4.v:129$4546'.
Removing empty process `ffn_col_serial.$proc$/Users/toprakgundogdu/qwen-ffn-rom/rtl/ffn_col_serial_16x16_b4.v:129$4539'.
Removing empty process `ffn_col_serial.$proc$/Users/toprakgundogdu/qwen-ffn-rom/rtl/ffn_col_serial_16x16_b4.v:129$4532'.
Removing empty process `ffn_col_serial.$proc$/Users/toprakgundogdu/qwen-ffn-rom/rtl/ffn_col_serial_16x16_b4.v:129$4526'.
Removing empty process `ffn_col_serial.$proc$/Users/toprakgundogdu/qwen-ffn-rom/rtl/ffn_col_serial_16x16_b4.v:129$4520'.
Removing empty process `ffn_col_serial.$proc$/Users/toprakgundogdu/qwen-ffn-rom/rtl/ffn_col_serial_16x16_b4.v:129$4513'.
Removing empty process `ffn_col_serial.$proc$/Users/toprakgundogdu/qwen-ffn-rom/rtl/ffn_col_serial_16x16_b4.v:129$4505'.
Removing empty process `ffn_col_serial.$proc$/Users/toprakgundogdu/qwen-ffn-rom/rtl/ffn_col_serial_16x16_b4.v:129$4498'.
Removing empty process `ffn_col_serial.$proc$/Users/toprakgundogdu/qwen-ffn-rom/rtl/ffn_col_serial_16x16_b4.v:129$4490'.
Removing empty process `ffn_col_serial.$proc$/Users/toprakgundogdu/qwen-ffn-rom/rtl/ffn_col_serial_16x16_b4.v:129$4484'.
Removing empty process `ffn_col_serial.$proc$/Users/toprakgundogdu/qwen-ffn-rom/rtl/ffn_col_serial_16x16_b4.v:129$4478'.
Removing empty process `ffn_col_serial.$proc$/Users/toprakgundogdu/qwen-ffn-rom/rtl/ffn_col_serial_16x16_b4.v:129$4471'.
Removing empty process `ffn_col_serial.$proc$/Users/toprakgundogdu/qwen-ffn-rom/rtl/ffn_col_serial_16x16_b4.v:129$4465'.
Removing empty process `ffn_col_serial.$proc$/Users/toprakgundogdu/qwen-ffn-rom/rtl/ffn_col_serial_16x16_b4.v:129$4459'.
Removing empty process `ffn_col_serial.$proc$/Users/toprakgundogdu/qwen-ffn-rom/rtl/ffn_col_serial_16x16_b4.v:129$4451'.
Removing empty process `ffn_col_serial.$proc$/Users/toprakgundogdu/qwen-ffn-rom/rtl/ffn_col_serial_16x16_b4.v:129$4445'.
Removing empty process `ffn_col_serial.$proc$/Users/toprakgundogdu/qwen-ffn-rom/rtl/ffn_col_serial_16x16_b4.v:129$4439'.
Removing empty process `ffn_col_serial.$proc$/Users/toprakgundogdu/qwen-ffn-rom/rtl/ffn_col_serial_16x16_b4.v:129$4431'.
Removing empty process `ffn_col_serial.$proc$/Users/toprakgundogdu/qwen-ffn-rom/rtl/ffn_col_serial_16x16_b4.v:129$4421'.
Removing empty process `ffn_col_serial.$proc$/Users/toprakgundogdu/qwen-ffn-rom/rtl/ffn_col_serial_16x16_b4.v:129$4414'.
Removing empty process `ffn_col_serial.$proc$/Users/toprakgundogdu/qwen-ffn-rom/rtl/ffn_col_serial_16x16_b4.v:129$4406'.
Removing empty process `ffn_col_serial.$proc$/Users/toprakgundogdu/qwen-ffn-rom/rtl/ffn_col_serial_16x16_b4.v:129$4400'.
Removing empty process `ffn_col_serial.$proc$/Users/toprakgundogdu/qwen-ffn-rom/rtl/ffn_col_serial_16x16_b4.v:129$4391'.
Removing empty process `ffn_col_serial.$proc$/Users/toprakgundogdu/qwen-ffn-rom/rtl/ffn_col_serial_16x16_b4.v:129$4382'.
Removing empty process `ffn_col_serial.$proc$/Users/toprakgundogdu/qwen-ffn-rom/rtl/ffn_col_serial_16x16_b4.v:129$4374'.
Removing empty process `ffn_col_serial.$proc$/Users/toprakgundogdu/qwen-ffn-rom/rtl/ffn_col_serial_16x16_b4.v:129$4368'.
Removing empty process `ffn_col_serial.$proc$/Users/toprakgundogdu/qwen-ffn-rom/rtl/ffn_col_serial_16x16_b4.v:129$4358'.
Removing empty process `ffn_col_serial.$proc$/Users/toprakgundogdu/qwen-ffn-rom/rtl/ffn_col_serial_16x16_b4.v:129$4352'.
Removing empty process `ffn_col_serial.$proc$/Users/toprakgundogdu/qwen-ffn-rom/rtl/ffn_col_serial_16x16_b4.v:129$4346'.
Removing empty process `ffn_col_serial.$proc$/Users/toprakgundogdu/qwen-ffn-rom/rtl/ffn_col_serial_16x16_b4.v:129$4339'.
Removing empty process `ffn_col_serial.$proc$/Users/toprakgundogdu/qwen-ffn-rom/rtl/ffn_col_serial_16x16_b4.v:129$4330'.
Removing empty process `ffn_col_serial.$proc$/Users/toprakgundogdu/qwen-ffn-rom/rtl/ffn_col_serial_16x16_b4.v:129$4321'.
Removing empty process `ffn_col_serial.$proc$/Users/toprakgundogdu/qwen-ffn-rom/rtl/ffn_col_serial_16x16_b4.v:129$4313'.
Removing empty process `ffn_col_serial.$proc$/Users/toprakgundogdu/qwen-ffn-rom/rtl/ffn_col_serial_16x16_b4.v:129$4304'.
Removing empty process `ffn_col_serial.$proc$/Users/toprakgundogdu/qwen-ffn-rom/rtl/ffn_col_serial_16x16_b4.v:129$4297'.
Removing empty process `ffn_col_serial.$proc$/Users/toprakgundogdu/qwen-ffn-rom/rtl/ffn_col_serial_16x16_b4.v:129$4288'.
Removing empty process `ffn_col_serial.$proc$/Users/toprakgundogdu/qwen-ffn-rom/rtl/ffn_col_serial_16x16_b4.v:129$4279'.
Removing empty process `ffn_col_serial.$proc$/Users/toprakgundogdu/qwen-ffn-rom/rtl/ffn_col_serial_16x16_b4.v:129$4271'.
Removing empty process `ffn_col_serial.$proc$/Users/toprakgundogdu/qwen-ffn-rom/rtl/ffn_col_serial_16x16_b4.v:129$4263'.
Removing empty process `ffn_col_serial.$proc$/Users/toprakgundogdu/qwen-ffn-rom/rtl/ffn_col_serial_16x16_b4.v:129$4254'.
Removing empty process `ffn_col_serial.$proc$/Users/toprakgundogdu/qwen-ffn-rom/rtl/ffn_col_serial_16x16_b4.v:129$4247'.
Removing empty process `ffn_col_serial.$proc$/Users/toprakgundogdu/qwen-ffn-rom/rtl/ffn_col_serial_16x16_b4.v:129$4240'.
Removing empty process `ffn_col_serial.$proc$/Users/toprakgundogdu/qwen-ffn-rom/rtl/ffn_col_serial_16x16_b4.v:129$4232'.
Removing empty process `ffn_col_serial.$proc$/Users/toprakgundogdu/qwen-ffn-rom/rtl/ffn_col_serial_16x16_b4.v:129$4225'.
Removing empty process `ffn_col_serial.$proc$/Users/toprakgundogdu/qwen-ffn-rom/rtl/ffn_col_serial_16x16_b4.v:129$4219'.
Removing empty process `ffn_col_serial.$proc$/Users/toprakgundogdu/qwen-ffn-rom/rtl/ffn_col_serial_16x16_b4.v:129$4210'.
Removing empty process `ffn_col_serial.$proc$/Users/toprakgundogdu/qwen-ffn-rom/rtl/ffn_col_serial_16x16_b4.v:129$4202'.
Removing empty process `ffn_col_serial.$proc$/Users/toprakgundogdu/qwen-ffn-rom/rtl/ffn_col_serial_16x16_b4.v:129$4196'.
Removing empty process `ffn_col_serial.$proc$/Users/toprakgundogdu/qwen-ffn-rom/rtl/ffn_col_serial_16x16_b4.v:129$4189'.
Removing empty process `ffn_col_serial.$proc$/Users/toprakgundogdu/qwen-ffn-rom/rtl/ffn_col_serial_16x16_b4.v:129$4180'.
Removing empty process `ffn_col_serial.$proc$/Users/toprakgundogdu/qwen-ffn-rom/rtl/ffn_col_serial_16x16_b4.v:129$4170'.
Removing empty process `ffn_col_serial.$proc$/Users/toprakgundogdu/qwen-ffn-rom/rtl/ffn_col_serial_16x16_b4.v:129$4164'.
Removing empty process `ffn_col_serial.$proc$/Users/toprakgundogdu/qwen-ffn-rom/rtl/ffn_col_serial_16x16_b4.v:129$4156'.
Removing empty process `ffn_col_serial.$proc$/Users/toprakgundogdu/qwen-ffn-rom/rtl/ffn_col_serial_16x16_b4.v:129$4150'.
Removing empty process `ffn_col_serial.$proc$/Users/toprakgundogdu/qwen-ffn-rom/rtl/ffn_col_serial_16x16_b4.v:129$4141'.
Removing empty process `ffn_col_serial.$proc$/Users/toprakgundogdu/qwen-ffn-rom/rtl/ffn_col_serial_16x16_b4.v:129$4134'.
Removing empty process `ffn_col_serial.$proc$/Users/toprakgundogdu/qwen-ffn-rom/rtl/ffn_col_serial_16x16_b4.v:129$4126'.
Removing empty process `ffn_col_serial.$proc$/Users/toprakgundogdu/qwen-ffn-rom/rtl/ffn_col_serial_16x16_b4.v:129$4120'.
Removing empty process `ffn_col_serial.$proc$/Users/toprakgundogdu/qwen-ffn-rom/rtl/ffn_col_serial_16x16_b4.v:129$4111'.
Removing empty process `ffn_col_serial.$proc$/Users/toprakgundogdu/qwen-ffn-rom/rtl/ffn_col_serial_16x16_b4.v:129$4104'.
Removing empty process `ffn_col_serial.$proc$/Users/toprakgundogdu/qwen-ffn-rom/rtl/ffn_col_serial_16x16_b4.v:129$4097'.
Removing empty process `ffn_col_serial.$proc$/Users/toprakgundogdu/qwen-ffn-rom/rtl/ffn_col_serial_16x16_b4.v:129$4091'.
Removing empty process `ffn_col_serial.$proc$/Users/toprakgundogdu/qwen-ffn-rom/rtl/ffn_col_serial_16x16_b4.v:129$4084'.
Removing empty process `ffn_col_serial.$proc$/Users/toprakgundogdu/qwen-ffn-rom/rtl/ffn_col_serial_16x16_b4.v:129$4075'.
Removing empty process `ffn_col_serial.$proc$/Users/toprakgundogdu/qwen-ffn-rom/rtl/ffn_col_serial_16x16_b4.v:129$4069'.
Removing empty process `ffn_col_serial.$proc$/Users/toprakgundogdu/qwen-ffn-rom/rtl/ffn_col_serial_16x16_b4.v:129$4062'.
Removing empty process `ffn_col_serial.$proc$/Users/toprakgundogdu/qwen-ffn-rom/rtl/ffn_col_serial_16x16_b4.v:129$4053'.
Removing empty process `ffn_col_serial.$proc$/Users/toprakgundogdu/qwen-ffn-rom/rtl/ffn_col_serial_16x16_b4.v:129$4046'.
Removing empty process `ffn_col_serial.$proc$/Users/toprakgundogdu/qwen-ffn-rom/rtl/ffn_col_serial_16x16_b4.v:129$4038'.
Removing empty process `ffn_col_serial.$proc$/Users/toprakgundogdu/qwen-ffn-rom/rtl/ffn_col_serial_16x16_b4.v:129$4032'.
Removing empty process `ffn_col_serial.$proc$/Users/toprakgundogdu/qwen-ffn-rom/rtl/ffn_col_serial_16x16_b4.v:129$4026'.
Removing empty process `ffn_col_serial.$proc$/Users/toprakgundogdu/qwen-ffn-rom/rtl/ffn_col_serial_16x16_b4.v:129$4020'.
Removing empty process `ffn_col_serial.$proc$/Users/toprakgundogdu/qwen-ffn-rom/rtl/ffn_col_serial_16x16_b4.v:129$4012'.
Removing empty process `ffn_col_serial.$proc$/Users/toprakgundogdu/qwen-ffn-rom/rtl/ffn_col_serial_16x16_b4.v:129$4005'.
Removing empty process `ffn_col_serial.$proc$/Users/toprakgundogdu/qwen-ffn-rom/rtl/ffn_col_serial_16x16_b4.v:129$3997'.
Removing empty process `ffn_col_serial.$proc$/Users/toprakgundogdu/qwen-ffn-rom/rtl/ffn_col_serial_16x16_b4.v:129$3991'.
Removing empty process `ffn_col_serial.$proc$/Users/toprakgundogdu/qwen-ffn-rom/rtl/ffn_col_serial_16x16_b4.v:129$3983'.
Removing empty process `ffn_col_serial.$proc$/Users/toprakgundogdu/qwen-ffn-rom/rtl/ffn_col_serial_16x16_b4.v:129$3976'.
Removing empty process `ffn_col_serial.$proc$/Users/toprakgundogdu/qwen-ffn-rom/rtl/ffn_col_serial_16x16_b4.v:129$3968'.
Removing empty process `ffn_col_serial.$proc$/Users/toprakgundogdu/qwen-ffn-rom/rtl/ffn_col_serial_16x16_b4.v:129$3961'.
Removing empty process `ffn_col_serial.$proc$/Users/toprakgundogdu/qwen-ffn-rom/rtl/ffn_col_serial_16x16_b4.v:129$3955'.
Removing empty process `ffn_col_serial.$proc$/Users/toprakgundogdu/qwen-ffn-rom/rtl/ffn_col_serial_16x16_b4.v:129$3947'.
Removing empty process `ffn_col_serial.$proc$/Users/toprakgundogdu/qwen-ffn-rom/rtl/ffn_col_serial_16x16_b4.v:129$3939'.
Removing empty process `ffn_col_serial.$proc$/Users/toprakgundogdu/qwen-ffn-rom/rtl/ffn_col_serial_16x16_b4.v:129$3931'.
Removing empty process `ffn_col_serial.$proc$/Users/toprakgundogdu/qwen-ffn-rom/rtl/ffn_col_serial_16x16_b4.v:129$3921'.
Removing empty process `ffn_col_serial.$proc$/Users/toprakgundogdu/qwen-ffn-rom/rtl/ffn_col_serial_16x16_b4.v:129$3913'.
Removing empty process `ffn_col_serial.$proc$/Users/toprakgundogdu/qwen-ffn-rom/rtl/ffn_col_serial_16x16_b4.v:129$3907'.
Removing empty process `ffn_col_serial.$proc$/Users/toprakgundogdu/qwen-ffn-rom/rtl/ffn_col_serial_16x16_b4.v:129$3898'.
Removing empty process `ffn_col_serial.$proc$/Users/toprakgundogdu/qwen-ffn-rom/rtl/ffn_col_serial_16x16_b4.v:129$3892'.
Removing empty process `ffn_col_serial.$proc$/Users/toprakgundogdu/qwen-ffn-rom/rtl/ffn_col_serial_16x16_b4.v:129$3884'.
Removing empty process `ffn_col_serial.$proc$/Users/toprakgundogdu/qwen-ffn-rom/rtl/ffn_col_serial_16x16_b4.v:129$3878'.
Removing empty process `ffn_col_serial.$proc$/Users/toprakgundogdu/qwen-ffn-rom/rtl/ffn_col_serial_16x16_b4.v:129$3870'.
Removing empty process `ffn_col_serial.$proc$/Users/toprakgundogdu/qwen-ffn-rom/rtl/ffn_col_serial_16x16_b4.v:129$3861'.
Removing empty process `ffn_col_serial.$proc$/Users/toprakgundogdu/qwen-ffn-rom/rtl/ffn_col_serial_16x16_b4.v:129$3853'.
Removing empty process `ffn_col_serial.$proc$/Users/toprakgundogdu/qwen-ffn-rom/rtl/ffn_col_serial_16x16_b4.v:129$3845'.
Removing empty process `ffn_col_serial.$proc$/Users/toprakgundogdu/qwen-ffn-rom/rtl/ffn_col_serial_16x16_b4.v:129$3838'.
Removing empty process `ffn_col_serial.$proc$/Users/toprakgundogdu/qwen-ffn-rom/rtl/ffn_col_serial_16x16_b4.v:129$3831'.
Removing empty process `ffn_col_serial.$proc$/Users/toprakgundogdu/qwen-ffn-rom/rtl/ffn_col_serial_16x16_b4.v:129$3824'.
Removing empty process `ffn_col_serial.$proc$/Users/toprakgundogdu/qwen-ffn-rom/rtl/ffn_col_serial_16x16_b4.v:129$3817'.
Removing empty process `ffn_col_serial.$proc$/Users/toprakgundogdu/qwen-ffn-rom/rtl/ffn_col_serial_16x16_b4.v:129$3810'.
Removing empty process `ffn_col_serial.$proc$/Users/toprakgundogdu/qwen-ffn-rom/rtl/ffn_col_serial_16x16_b4.v:129$3803'.
Removing empty process `ffn_col_serial.$proc$/Users/toprakgundogdu/qwen-ffn-rom/rtl/ffn_col_serial_16x16_b4.v:129$3794'.
Removing empty process `ffn_col_serial.$proc$/Users/toprakgundogdu/qwen-ffn-rom/rtl/ffn_col_serial_16x16_b4.v:129$3786'.
Removing empty process `ffn_col_serial.$proc$/Users/toprakgundogdu/qwen-ffn-rom/rtl/ffn_col_serial_16x16_b4.v:129$3778'.
Removing empty process `ffn_col_serial.$proc$/Users/toprakgundogdu/qwen-ffn-rom/rtl/ffn_col_serial_16x16_b4.v:129$3770'.
Removing empty process `ffn_col_serial.$proc$/Users/toprakgundogdu/qwen-ffn-rom/rtl/ffn_col_serial_16x16_b4.v:129$3761'.
Removing empty process `ffn_col_serial.$proc$/Users/toprakgundogdu/qwen-ffn-rom/rtl/ffn_col_serial_16x16_b4.v:129$3752'.
Removing empty process `ffn_col_serial.$proc$/Users/toprakgundogdu/qwen-ffn-rom/rtl/ffn_col_serial_16x16_b4.v:129$3746'.
Removing empty process `ffn_col_serial.$proc$/Users/toprakgundogdu/qwen-ffn-rom/rtl/ffn_col_serial_16x16_b4.v:129$3738'.
Removing empty process `ffn_col_serial.$proc$/Users/toprakgundogdu/qwen-ffn-rom/rtl/ffn_col_serial_16x16_b4.v:129$3731'.
Removing empty process `ffn_col_serial.$proc$/Users/toprakgundogdu/qwen-ffn-rom/rtl/ffn_col_serial_16x16_b4.v:129$3722'.
Removing empty process `ffn_col_serial.$proc$/Users/toprakgundogdu/qwen-ffn-rom/rtl/ffn_col_serial_16x16_b4.v:129$3715'.
Removing empty process `ffn_col_serial.$proc$/Users/toprakgundogdu/qwen-ffn-rom/rtl/ffn_col_serial_16x16_b4.v:129$3708'.
Removing empty process `ffn_col_serial.$proc$/Users/toprakgundogdu/qwen-ffn-rom/rtl/ffn_col_serial_16x16_b4.v:129$3701'.
Removing empty process `ffn_col_serial.$proc$/Users/toprakgundogdu/qwen-ffn-rom/rtl/ffn_col_serial_16x16_b4.v:129$3693'.
Removing empty process `ffn_col_serial.$proc$/Users/toprakgundogdu/qwen-ffn-rom/rtl/ffn_col_serial_16x16_b4.v:129$3687'.
Removing empty process `ffn_col_serial.$proc$/Users/toprakgundogdu/qwen-ffn-rom/rtl/ffn_col_serial_16x16_b4.v:129$3681'.
Removing empty process `ffn_col_serial.$proc$/Users/toprakgundogdu/qwen-ffn-rom/rtl/ffn_col_serial_16x16_b4.v:129$3672'.
Removing empty process `ffn_col_serial.$proc$/Users/toprakgundogdu/qwen-ffn-rom/rtl/ffn_col_serial_16x16_b4.v:129$3665'.
Removing empty process `ffn_col_serial.$proc$/Users/toprakgundogdu/qwen-ffn-rom/rtl/ffn_col_serial_16x16_b4.v:129$3659'.
Removing empty process `ffn_col_serial.$proc$/Users/toprakgundogdu/qwen-ffn-rom/rtl/ffn_col_serial_16x16_b4.v:129$3653'.
Removing empty process `ffn_col_serial.$proc$/Users/toprakgundogdu/qwen-ffn-rom/rtl/ffn_col_serial_16x16_b4.v:129$3646'.
Removing empty process `ffn_col_serial.$proc$/Users/toprakgundogdu/qwen-ffn-rom/rtl/ffn_col_serial_16x16_b4.v:129$3640'.
Removing empty process `ffn_col_serial.$proc$/Users/toprakgundogdu/qwen-ffn-rom/rtl/ffn_col_serial_16x16_b4.v:129$3634'.
Removing empty process `ffn_col_serial.$proc$/Users/toprakgundogdu/qwen-ffn-rom/rtl/ffn_col_serial_16x16_b4.v:129$3626'.
Removing empty process `ffn_col_serial.$proc$/Users/toprakgundogdu/qwen-ffn-rom/rtl/ffn_col_serial_16x16_b4.v:129$3619'.
Removing empty process `ffn_col_serial.$proc$/Users/toprakgundogdu/qwen-ffn-rom/rtl/ffn_col_serial_16x16_b4.v:129$3611'.
Removing empty process `ffn_col_serial.$proc$/Users/toprakgundogdu/qwen-ffn-rom/rtl/ffn_col_serial_16x16_b4.v:129$3605'.
Removing empty process `ffn_col_serial.$proc$/Users/toprakgundogdu/qwen-ffn-rom/rtl/ffn_col_serial_16x16_b4.v:129$3597'.
Removing empty process `ffn_col_serial.$proc$/Users/toprakgundogdu/qwen-ffn-rom/rtl/ffn_col_serial_16x16_b4.v:129$3591'.
Removing empty process `ffn_col_serial.$proc$/Users/toprakgundogdu/qwen-ffn-rom/rtl/ffn_col_serial_16x16_b4.v:129$3581'.
Removing empty process `ffn_col_serial.$proc$/Users/toprakgundogdu/qwen-ffn-rom/rtl/ffn_col_serial_16x16_b4.v:129$3575'.
Removing empty process `ffn_col_serial.$proc$/Users/toprakgundogdu/qwen-ffn-rom/rtl/ffn_col_serial_16x16_b4.v:129$3569'.
Removing empty process `ffn_col_serial.$proc$/Users/toprakgundogdu/qwen-ffn-rom/rtl/ffn_col_serial_16x16_b4.v:129$3563'.
Removing empty process `ffn_col_serial.$proc$/Users/toprakgundogdu/qwen-ffn-rom/rtl/ffn_col_serial_16x16_b4.v:129$3557'.
Removing empty process `ffn_col_serial.$proc$/Users/toprakgundogdu/qwen-ffn-rom/rtl/ffn_col_serial_16x16_b4.v:129$3551'.
Removing empty process `ffn_col_serial.$proc$/Users/toprakgundogdu/qwen-ffn-rom/rtl/ffn_col_serial_16x16_b4.v:129$3545'.
Removing empty process `ffn_col_serial.$proc$/Users/toprakgundogdu/qwen-ffn-rom/rtl/ffn_col_serial_16x16_b4.v:129$3539'.
Removing empty process `ffn_col_serial.$proc$/Users/toprakgundogdu/qwen-ffn-rom/rtl/ffn_col_serial_16x16_b4.v:129$3533'.
Removing empty process `ffn_col_serial.$proc$/Users/toprakgundogdu/qwen-ffn-rom/rtl/ffn_col_serial_16x16_b4.v:129$3527'.
Removing empty process `ffn_col_serial.$proc$/Users/toprakgundogdu/qwen-ffn-rom/rtl/ffn_col_serial_16x16_b4.v:129$3520'.
Removing empty process `ffn_col_serial.$proc$/Users/toprakgundogdu/qwen-ffn-rom/rtl/ffn_col_serial_16x16_b4.v:129$3512'.
Removing empty process `ffn_col_serial.$proc$/Users/toprakgundogdu/qwen-ffn-rom/rtl/ffn_col_serial_16x16_b4.v:129$3506'.
Removing empty process `ffn_col_serial.$proc$/Users/toprakgundogdu/qwen-ffn-rom/rtl/ffn_col_serial_16x16_b4.v:129$3500'.
Removing empty process `ffn_col_serial.$proc$/Users/toprakgundogdu/qwen-ffn-rom/rtl/ffn_col_serial_16x16_b4.v:129$3492'.
Removing empty process `ffn_col_serial.$proc$/Users/toprakgundogdu/qwen-ffn-rom/rtl/ffn_col_serial_16x16_b4.v:129$3486'.
Found and cleaned up 4 empty switches in `\ffn_col_serial.$proc$/Users/toprakgundogdu/qwen-ffn-rom/rtl/ffn_col_serial_16x16_b4.v:145$3466'.
Removing empty process `ffn_col_serial.$proc$/Users/toprakgundogdu/qwen-ffn-rom/rtl/ffn_col_serial_16x16_b4.v:145$3466'.
Cleaned up 4 empty switches.

3.12. Executing OPT_EXPR pass (perform const folding).
Optimizing module $paramod$19610d36066bea265eccabe9a1b9eed43380701f\add_tree.
Optimizing module ffn_col_serial.
<suppressed ~241 debug messages>

4. Executing FLATTEN pass (flatten design).
Deleting now unused module $paramod$19610d36066bea265eccabe9a1b9eed43380701f\add_tree.
<suppressed ~16 debug messages>

5. Executing OPT_EXPR pass (perform const folding).
Optimizing module ffn_col_serial.
<suppressed ~62 debug messages>

6. Executing OPT_CLEAN pass (remove unused cells and wires).
Finding unused cells or wires in module \ffn_col_serial..
Removed 35 unused cells and 2596 unused wires.
<suppressed ~99 debug messages>

7. Executing SYNTH pass.

7.1. Executing HIERARCHY pass (managing design hierarchy).

7.1.1. Analyzing design hierarchy..
Top module:  \ffn_col_serial

7.1.2. Analyzing design hierarchy..
Top module:  \ffn_col_serial
Removed 0 unused modules.

7.2. Executing PROC pass (convert processes to netlists).

7.2.1. Executing PROC_CLEAN pass (remove empty switches from decision trees).
Cleaned up 0 empty switches.

7.2.2. Executing PROC_RMDEAD pass (remove dead branches from decision trees).
Removed a total of 0 dead cases.

7.2.3. Executing PROC_PRUNE pass (remove redundant assignments in processes).
Removed 0 redundant assignments.
Promoted 0 assignments to connections.

7.2.4. Executing PROC_INIT pass (extract init attributes).

7.2.5. Executing PROC_ARST pass (detect async resets in processes).

7.2.6. Executing PROC_ROM pass (convert switches to ROMs).
Converted 0 switches.

7.2.7. Executing PROC_MUX pass (convert decision trees to multiplexers).

7.2.8. Executing PROC_DLATCH pass (convert process syncs to latches).

7.2.9. Executing PROC_DFF pass (convert process syncs to FFs).

7.2.10. Executing PROC_MEMWR pass (convert process memory writes to cells).

7.2.11. Executing PROC_CLEAN pass (remove empty switches from decision trees).
Cleaned up 0 empty switches.

7.2.12. Executing OPT_EXPR pass (perform const folding).
Optimizing module ffn_col_serial.

7.3. Executing OPT_EXPR pass (perform const folding).
Optimizing module ffn_col_serial.

7.4. Executing OPT_CLEAN pass (remove unused cells and wires).
Finding unused cells or wires in module \ffn_col_serial..

7.5. Executing CHECK pass (checking for obvious problems).
Checking module ffn_col_serial...
Found and reported 0 problems.

7.6. Executing OPT pass (performing simple optimizations).

7.6.1. Executing OPT_EXPR pass (perform const folding).
Optimizing module ffn_col_serial.

7.6.2. Executing OPT_MERGE pass (detect identical cells).
Finding identical cells in module `\ffn_col_serial'.
Computing hashes of 678 cells of `\ffn_col_serial'.
Finding duplicate cells in `\ffn_col_serial'.
Computing hashes of 541 cells of `\ffn_col_serial'.
Finding duplicate cells in `\ffn_col_serial'.
Computing hashes of 533 cells of `\ffn_col_serial'.
Finding duplicate cells in `\ffn_col_serial'.
<suppressed ~435 debug messages>
Removed a total of 145 cells.

7.6.3. Executing OPT_MUXTREE pass (detect dead branches in mux trees).
Running muxtree optimizer on module \ffn_col_serial..
  Creating internal representation of mux trees.
  Evaluating internal representation of mux trees.
      Replacing known input bits on port A of cell $procmux$6090: \st -> 1'0
      Replacing known input bits on port A of cell $procmux$6088: \st -> 1'1
      Replacing known input bits on port A of cell $procmux$6093: \st -> 1'0
  Analyzing evaluation results.
Removed 0 multiplexer ports.
<suppressed ~178 debug messages>

7.6.4. Executing OPT_REDUCE pass (consolidate $*mux and $reduce_* inputs).
  Optimizing cells in module \ffn_col_serial.
Performed a total of 0 changes.

7.6.5. Executing OPT_MERGE pass (detect identical cells).
Finding identical cells in module `\ffn_col_serial'.
Computing hashes of 533 cells of `\ffn_col_serial'.
Finding duplicate cells in `\ffn_col_serial'.
Removed a total of 0 cells.

7.6.6. Executing OPT_DFF pass (perform DFF optimizations).

7.6.7. Executing OPT_CLEAN pass (remove unused cells and wires).
Finding unused cells or wires in module \ffn_col_serial..
Removed 0 unused cells and 145 unused wires.
<suppressed ~1 debug messages>

7.6.8. Executing OPT_EXPR pass (perform const folding).
Optimizing module ffn_col_serial.

7.6.9. Rerunning OPT passes. (Maybe there is more to do..)

7.6.10. Executing OPT_MUXTREE pass (detect dead branches in mux trees).
Running muxtree optimizer on module \ffn_col_serial..
  Creating internal representation of mux trees.
  Evaluating internal representation of mux trees.
  Analyzing evaluation results.
Removed 0 multiplexer ports.
<suppressed ~178 debug messages>

7.6.11. Executing OPT_REDUCE pass (consolidate $*mux and $reduce_* inputs).
  Optimizing cells in module \ffn_col_serial.
Performed a total of 0 changes.

7.6.12. Executing OPT_MERGE pass (detect identical cells).
Finding identical cells in module `\ffn_col_serial'.
Computing hashes of 533 cells of `\ffn_col_serial'.
Finding duplicate cells in `\ffn_col_serial'.
Removed a total of 0 cells.

7.6.13. Executing OPT_DFF pass (perform DFF optimizations).

7.6.14. Executing OPT_CLEAN pass (remove unused cells and wires).
Finding unused cells or wires in module \ffn_col_serial..

7.6.15. Executing OPT_EXPR pass (perform const folding).
Optimizing module ffn_col_serial.

7.6.16. Finished fast OPT passes. (There is nothing left to do.)

7.7. Executing FSM pass (extract and optimize FSM).

7.7.1. Executing FSM_DETECT pass (finding FSMs in design).

7.7.2. Executing FSM_EXTRACT pass (extracting FSM from design).

7.7.3. Executing FSM_OPT pass (simple optimizations of FSMs).

7.7.4. Executing OPT_CLEAN pass (remove unused cells and wires).
Finding unused cells or wires in module \ffn_col_serial..

7.7.5. Executing FSM_OPT pass (simple optimizations of FSMs).

7.7.6. Executing FSM_RECODE pass (re-assigning FSM state encoding).

7.7.7. Executing FSM_INFO pass (dumping all available information on FSM cells).

7.7.8. Executing FSM_MAP pass (mapping FSMs to basic logic).

7.8. Executing OPT pass (performing simple optimizations).

7.8.1. Executing OPT_EXPR pass (perform const folding).
Optimizing module ffn_col_serial.

7.8.2. Executing OPT_MERGE pass (detect identical cells).
Finding identical cells in module `\ffn_col_serial'.
Computing hashes of 533 cells of `\ffn_col_serial'.
Finding duplicate cells in `\ffn_col_serial'.
Removed a total of 0 cells.

7.8.3. Executing OPT_MUXTREE pass (detect dead branches in mux trees).
Running muxtree optimizer on module \ffn_col_serial..
  Creating internal representation of mux trees.
  Evaluating internal representation of mux trees.
  Analyzing evaluation results.
Removed 0 multiplexer ports.
<suppressed ~178 debug messages>

7.8.4. Executing OPT_REDUCE pass (consolidate $*mux and $reduce_* inputs).
  Optimizing cells in module \ffn_col_serial.
Performed a total of 0 changes.

7.8.5. Executing OPT_MERGE pass (detect identical cells).
Finding identical cells in module `\ffn_col_serial'.
Computing hashes of 533 cells of `\ffn_col_serial'.
Finding duplicate cells in `\ffn_col_serial'.
Removed a total of 0 cells.

7.8.6. Executing OPT_DFF pass (perform DFF optimizations).
Adding SRST signal on $procdff$6156 ($dff) from module ffn_col_serial (D = $procmux$5799_Y, Q = \acc[15], rval = 0).
Adding EN signal on $auto$ff.cc:337:slice$6173 ($sdff) from module ffn_col_serial (D = $procmux$5799_Y, Q = \acc[15]).
Adding SRST signal on $procdff$6155 ($dff) from module ffn_col_serial (D = $procmux$5808_Y, Q = \acc[14], rval = 0).
Adding EN signal on $auto$ff.cc:337:slice$6181 ($sdff) from module ffn_col_serial (D = $procmux$5808_Y, Q = \acc[14]).
Adding SRST signal on $procdff$6154 ($dff) from module ffn_col_serial (D = $procmux$5817_Y, Q = \acc[13], rval = 0).
Adding EN signal on $auto$ff.cc:337:slice$6189 ($sdff) from module ffn_col_serial (D = $procmux$5817_Y, Q = \acc[13]).
Adding SRST signal on $procdff$6153 ($dff) from module ffn_col_serial (D = $procmux$5826_Y, Q = \acc[12], rval = 0).
Adding EN signal on $auto$ff.cc:337:slice$6197 ($sdff) from module ffn_col_serial (D = $procmux$5826_Y, Q = \acc[12]).
Adding SRST signal on $procdff$6152 ($dff) from module ffn_col_serial (D = $procmux$5835_Y, Q = \acc[11], rval = 0).
Adding EN signal on $auto$ff.cc:337:slice$6205 ($sdff) from module ffn_col_serial (D = $procmux$5835_Y, Q = \acc[11]).
Adding SRST signal on $procdff$6151 ($dff) from module ffn_col_serial (D = $procmux$5844_Y, Q = \acc[10], rval = 0).
Adding EN signal on $auto$ff.cc:337:slice$6213 ($sdff) from module ffn_col_serial (D = $procmux$5844_Y, Q = \acc[10]).
Adding SRST signal on $procdff$6150 ($dff) from module ffn_col_serial (D = $procmux$5853_Y, Q = \acc[9], rval = 0).
Adding EN signal on $auto$ff.cc:337:slice$6221 ($sdff) from module ffn_col_serial (D = $procmux$5853_Y, Q = \acc[9]).
Adding SRST signal on $procdff$6149 ($dff) from module ffn_col_serial (D = $procmux$5862_Y, Q = \acc[8], rval = 0).
Adding EN signal on $auto$ff.cc:337:slice$6229 ($sdff) from module ffn_col_serial (D = $procmux$5862_Y, Q = \acc[8]).
Adding SRST signal on $procdff$6148 ($dff) from module ffn_col_serial (D = $procmux$5871_Y, Q = \acc[7], rval = 0).
Adding EN signal on $auto$ff.cc:337:slice$6237 ($sdff) from module ffn_col_serial (D = $procmux$5871_Y, Q = \acc[7]).
Adding SRST signal on $procdff$6147 ($dff) from module ffn_col_serial (D = $procmux$5880_Y, Q = \acc[6], rval = 0).
Adding EN signal on $auto$ff.cc:337:slice$6245 ($sdff) from module ffn_col_serial (D = $procmux$5880_Y, Q = \acc[6]).
Adding SRST signal on $procdff$6146 ($dff) from module ffn_col_serial (D = $procmux$5889_Y, Q = \acc[5], rval = 0).
Adding EN signal on $auto$ff.cc:337:slice$6253 ($sdff) from module ffn_col_serial (D = $procmux$5889_Y, Q = \acc[5]).
Adding SRST signal on $procdff$6145 ($dff) from module ffn_col_serial (D = $procmux$5898_Y, Q = \acc[4], rval = 0).
Adding EN signal on $auto$ff.cc:337:slice$6261 ($sdff) from module ffn_col_serial (D = $procmux$5898_Y, Q = \acc[4]).
Adding SRST signal on $procdff$6144 ($dff) from module ffn_col_serial (D = $procmux$5907_Y, Q = \acc[3], rval = 0).
Adding EN signal on $auto$ff.cc:337:slice$6269 ($sdff) from module ffn_col_serial (D = $procmux$5907_Y, Q = \acc[3]).
Adding SRST signal on $procdff$6143 ($dff) from module ffn_col_serial (D = $procmux$5916_Y, Q = \acc[2], rval = 0).
Adding EN signal on $auto$ff.cc:337:slice$6277 ($sdff) from module ffn_col_serial (D = $procmux$5916_Y, Q = \acc[2]).
Adding SRST signal on $procdff$6142 ($dff) from module ffn_col_serial (D = $procmux$5925_Y, Q = \acc[1], rval = 0).
Adding EN signal on $auto$ff.cc:337:slice$6285 ($sdff) from module ffn_col_serial (D = $procmux$5925_Y, Q = \acc[1]).
Adding SRST signal on $procdff$6141 ($dff) from module ffn_col_serial (D = $procmux$5934_Y, Q = \acc[0], rval = 0).
Adding EN signal on $auto$ff.cc:337:slice$6293 ($sdff) from module ffn_col_serial (D = $procmux$5934_Y, Q = \acc[0]).
Adding SRST signal on $procdff$6140 ($dff) from module ffn_col_serial (D = $procmux$5947_Y, Q = \x_r[15], rval = 8'00000000).
Adding EN signal on $auto$ff.cc:337:slice$6301 ($sdff) from module ffn_col_serial (D = \x_flat [127:120], Q = \x_r[15]).
Adding SRST signal on $procdff$6139 ($dff) from module ffn_col_serial (D = $procmux$5956_Y, Q = \x_r[14], rval = 8'00000000).
Adding EN signal on $auto$ff.cc:337:slice$6307 ($sdff) from module ffn_col_serial (D = \x_flat [119:112], Q = \x_r[14]).
Adding SRST signal on $procdff$6138 ($dff) from module ffn_col_serial (D = $procmux$5965_Y, Q = \x_r[13], rval = 8'00000000).
Adding EN signal on $auto$ff.cc:337:slice$6313 ($sdff) from module ffn_col_serial (D = \x_flat [111:104], Q = \x_r[13]).
Adding SRST signal on $procdff$6137 ($dff) from module ffn_col_serial (D = $procmux$5974_Y, Q = \x_r[12], rval = 8'00000000).
Adding EN signal on $auto$ff.cc:337:slice$6319 ($sdff) from module ffn_col_serial (D = \x_flat [103:96], Q = \x_r[12]).
Adding SRST signal on $procdff$6136 ($dff) from module ffn_col_serial (D = $procmux$5983_Y, Q = \x_r[11], rval = 8'00000000).
Adding EN signal on $auto$ff.cc:337:slice$6325 ($sdff) from module ffn_col_serial (D = \x_flat [95:88], Q = \x_r[11]).
Adding SRST signal on $procdff$6135 ($dff) from module ffn_col_serial (D = $procmux$5992_Y, Q = \x_r[10], rval = 8'00000000).
Adding EN signal on $auto$ff.cc:337:slice$6331 ($sdff) from module ffn_col_serial (D = \x_flat [87:80], Q = \x_r[10]).
Adding SRST signal on $procdff$6134 ($dff) from module ffn_col_serial (D = $procmux$6001_Y, Q = \x_r[9], rval = 8'00000000).
Adding EN signal on $auto$ff.cc:337:slice$6337 ($sdff) from module ffn_col_serial (D = \x_flat [79:72], Q = \x_r[9]).
Adding SRST signal on $procdff$6133 ($dff) from module ffn_col_serial (D = $procmux$6010_Y, Q = \x_r[8], rval = 8'00000000).
Adding EN signal on $auto$ff.cc:337:slice$6343 ($sdff) from module ffn_col_serial (D = \x_flat [71:64], Q = \x_r[8]).
Adding SRST signal on $procdff$6132 ($dff) from module ffn_col_serial (D = $procmux$6019_Y, Q = \x_r[7], rval = 8'00000000).
Adding EN signal on $auto$ff.cc:337:slice$6349 ($sdff) from module ffn_col_serial (D = \x_flat [63:56], Q = \x_r[7]).
Adding SRST signal on $procdff$6131 ($dff) from module ffn_col_serial (D = $procmux$6028_Y, Q = \x_r[6], rval = 8'00000000).
Adding EN signal on $auto$ff.cc:337:slice$6355 ($sdff) from module ffn_col_serial (D = \x_flat [55:48], Q = \x_r[6]).
Adding SRST signal on $procdff$6130 ($dff) from module ffn_col_serial (D = $procmux$6037_Y, Q = \x_r[5], rval = 8'00000000).
Adding EN signal on $auto$ff.cc:337:slice$6361 ($sdff) from module ffn_col_serial (D = \x_flat [47:40], Q = \x_r[5]).
Adding SRST signal on $procdff$6129 ($dff) from module ffn_col_serial (D = $procmux$6046_Y, Q = \x_r[4], rval = 8'00000000).
Adding EN signal on $auto$ff.cc:337:slice$6367 ($sdff) from module ffn_col_serial (D = \x_flat [39:32], Q = \x_r[4]).
Adding SRST signal on $procdff$6128 ($dff) from module ffn_col_serial (D = $procmux$6055_Y, Q = \x_r[3], rval = 8'00000000).
Adding EN signal on $auto$ff.cc:337:slice$6373 ($sdff) from module ffn_col_serial (D = \x_flat [31:24], Q = \x_r[3]).
Adding SRST signal on $procdff$6127 ($dff) from module ffn_col_serial (D = $procmux$6064_Y, Q = \x_r[2], rval = 8'00000000).
Adding EN signal on $auto$ff.cc:337:slice$6379 ($sdff) from module ffn_col_serial (D = \x_flat [23:16], Q = \x_r[2]).
Adding SRST signal on $procdff$6126 ($dff) from module ffn_col_serial (D = $procmux$6073_Y, Q = \x_r[1], rval = 8'00000000).
Adding EN signal on $auto$ff.cc:337:slice$6385 ($sdff) from module ffn_col_serial (D = \x_flat [15:8], Q = \x_r[1]).
Adding SRST signal on $procdff$6125 ($dff) from module ffn_col_serial (D = $procmux$6082_Y, Q = \x_r[0], rval = 8'00000000).
Adding EN signal on $auto$ff.cc:337:slice$6391 ($sdff) from module ffn_col_serial (D = \x_flat [7:0], Q = \x_r[0]).
Adding SRST signal on $procdff$6122 ($dff) from module ffn_col_serial (D = $procmux$6090_Y, Q = \st, rval = 1'0).
Adding SRST signal on $procdff$6121 ($dff) from module ffn_col_serial (D = $procmux$5792_Y, Q = \done, rval = 1'0).
Adding SRST signal on $procdff$6120 ($dff) from module ffn_col_serial (D = $procmux$6102_Y, Q = \y_flat, rval = 256'0000000000000000000000000000000000000000000000000000000000000000000000000000000000000000000000000000000000000000000000000000000000000000000000000000000000000000000000000000000000000000000000000000000000000000000000000000000000000000000000000000000000000000).
Adding EN signal on $auto$ff.cc:337:slice$6401 ($sdff) from module ffn_col_serial (D = { \g_row[15].y_next \g_row[14].y_next \g_row[13].y_next \g_row[12].y_next \g_row[11].y_next \g_row[10].y_next \g_row[9].y_next \g_row[8].y_next \g_row[7].y_next \g_row[6].y_next \g_row[5].y_next \g_row[4].y_next \g_row[3].y_next \g_row[2].y_next \g_row[1].y_next \g_row[0].y_next }, Q = \y_flat).
Adding SRST signal on $procdff$6119 ($dff) from module ffn_col_serial (D = $procmux$6110_Y, Q = \k, rval = 3'000).
Adding EN signal on $auto$ff.cc:337:slice$6405 ($sdff) from module ffn_col_serial (D = $procmux$6110_Y, Q = \k).

7.8.7. Executing OPT_CLEAN pass (remove unused cells and wires).
Finding unused cells or wires in module \ffn_col_serial..
Removed 71 unused cells and 71 unused wires.
<suppressed ~72 debug messages>

7.8.8. Executing OPT_EXPR pass (perform const folding).
Optimizing module ffn_col_serial.
<suppressed ~50 debug messages>

7.8.9. Rerunning OPT passes. (Maybe there is more to do..)

7.8.10. Executing OPT_MUXTREE pass (detect dead branches in mux trees).
Running muxtree optimizer on module \ffn_col_serial..
  Creating internal representation of mux trees.
  Evaluating internal representation of mux trees.
  Analyzing evaluation results.
Removed 0 multiplexer ports.
<suppressed ~90 debug messages>

7.8.11. Executing OPT_REDUCE pass (consolidate $*mux and $reduce_* inputs).
  Optimizing cells in module \ffn_col_serial.
    New input vector for $reduce_and cell $auto$opt_dff.cc:337:make_patterns_logic$6414: { $auto$opt_dff.cc:319:make_patterns_logic$6407 $auto$opt_dff.cc:319:make_patterns_logic$6411 }
  Optimizing cells in module \ffn_col_serial.
Performed a total of 1 changes.

7.8.12. Executing OPT_MERGE pass (detect identical cells).
Finding identical cells in module `\ffn_col_serial'.
Computing hashes of 515 cells of `\ffn_col_serial'.
Finding duplicate cells in `\ffn_col_serial'.
Computing hashes of 468 cells of `\ffn_col_serial'.
Finding duplicate cells in `\ffn_col_serial'.
Computing hashes of 453 cells of `\ffn_col_serial'.
Finding duplicate cells in `\ffn_col_serial'.
<suppressed ~186 debug messages>
Removed a total of 62 cells.

7.8.13. Executing OPT_DFF pass (perform DFF optimizations).

7.8.14. Executing OPT_CLEAN pass (remove unused cells and wires).
Finding unused cells or wires in module \ffn_col_serial..
Removed 0 unused cells and 95 unused wires.
<suppressed ~1 debug messages>

7.8.15. Executing OPT_EXPR pass (perform const folding).
Optimizing module ffn_col_serial.

7.8.16. Rerunning OPT passes. (Maybe there is more to do..)

7.8.17. Executing OPT_MUXTREE pass (detect dead branches in mux trees).
Running muxtree optimizer on module \ffn_col_serial..
  Creating internal representation of mux trees.
  Evaluating internal representation of mux trees.
  Analyzing evaluation results.
Removed 0 multiplexer ports.
<suppressed ~92 debug messages>

7.8.18. Executing OPT_REDUCE pass (consolidate $*mux and $reduce_* inputs).
  Optimizing cells in module \ffn_col_serial.
Performed a total of 0 changes.

7.8.19. Executing OPT_MERGE pass (detect identical cells).
Finding identical cells in module `\ffn_col_serial'.
Computing hashes of 453 cells of `\ffn_col_serial'.
Finding duplicate cells in `\ffn_col_serial'.
Removed a total of 0 cells.

7.8.20. Executing OPT_DFF pass (perform DFF optimizations).

7.8.21. Executing OPT_CLEAN pass (remove unused cells and wires).
Finding unused cells or wires in module \ffn_col_serial..

7.8.22. Executing OPT_EXPR pass (perform const folding).
Optimizing module ffn_col_serial.

7.8.23. Finished fast OPT passes. (There is nothing left to do.)

7.9. Executing WREDUCE pass (reducing word size of cells).
Removed top 2 bits (of 3) from port B of cell ffn_col_serial.$add$/Users/toprakgundogdu/qwen-ffn-rom/rtl/ffn_col_serial_16x16_b4.v:175$3485 ($add).
Removed top 10 bits (of 12) from port A of cell ffn_col_serial.$sub$/Users/toprakgundogdu/qwen-ffn-rom/rtl/ffn_col_serial_16x16_b4.v:87$3499 ($sub).
Removed top 8 bits (of 12) from port B of cell ffn_col_serial.$sub$/Users/toprakgundogdu/qwen-ffn-rom/rtl/ffn_col_serial_16x16_b4.v:87$3499 ($sub).
Converting cell ffn_col_serial.$sub$/Users/toprakgundogdu/qwen-ffn-rom/rtl/ffn_col_serial_16x16_b4.v:87$3499 ($sub) from signed to unsigned.
Removed top 7 bits (of 12) from port Y of cell ffn_col_serial.$sub$/Users/toprakgundogdu/qwen-ffn-rom/rtl/ffn_col_serial_16x16_b4.v:87$3499 ($sub).
Removed top 1 bits (of 2) from port A of cell ffn_col_serial.$sub$/Users/toprakgundogdu/qwen-ffn-rom/rtl/ffn_col_serial_16x16_b4.v:87$3499 ($sub).
Removed top 1 bits (of 4) from port B of cell ffn_col_serial.$sub$/Users/toprakgundogdu/qwen-ffn-rom/rtl/ffn_col_serial_16x16_b4.v:87$3499 ($sub).
Removed top 1 bits (of 5) from port Y of cell ffn_col_serial.$sub$/Users/toprakgundogdu/qwen-ffn-rom/rtl/ffn_col_serial_16x16_b4.v:87$3499 ($sub).
Removed top 10 bits (of 12) from port A of cell ffn_col_serial.$sub$/Users/toprakgundogdu/qwen-ffn-rom/rtl/ffn_col_serial_16x16_b4.v:83$3519 ($sub).
Removed top 7 bits (of 12) from port B of cell ffn_col_serial.$sub$/Users/toprakgundogdu/qwen-ffn-rom/rtl/ffn_col_serial_16x16_b4.v:83$3519 ($sub).
Converting cell ffn_col_serial.$sub$/Users/toprakgundogdu/qwen-ffn-rom/rtl/ffn_col_serial_16x16_b4.v:83$3519 ($sub) from signed to unsigned.
Removed top 6 bits (of 12) from port Y of cell ffn_col_serial.$sub$/Users/toprakgundogdu/qwen-ffn-rom/rtl/ffn_col_serial_16x16_b4.v:83$3519 ($sub).
Removed top 1 bits (of 2) from port A of cell ffn_col_serial.$sub$/Users/toprakgundogdu/qwen-ffn-rom/rtl/ffn_col_serial_16x16_b4.v:83$3519 ($sub).
Removed top 1 bits (of 5) from port B of cell ffn_col_serial.$sub$/Users/toprakgundogdu/qwen-ffn-rom/rtl/ffn_col_serial_16x16_b4.v:83$3519 ($sub).
Removed top 1 bits (of 6) from port Y of cell ffn_col_serial.$sub$/Users/toprakgundogdu/qwen-ffn-rom/rtl/ffn_col_serial_16x16_b4.v:83$3519 ($sub).
Removed top 9 bits (of 12) from port A of cell ffn_col_serial.$sub$/Users/toprakgundogdu/qwen-ffn-rom/rtl/ffn_col_serial_16x16_b4.v:84$3730 ($sub).
Removed top 7 bits (of 12) from port B of cell ffn_col_serial.$sub$/Users/toprakgundogdu/qwen-ffn-rom/rtl/ffn_col_serial_16x16_b4.v:84$3730 ($sub).
Converting cell ffn_col_serial.$sub$/Users/toprakgundogdu/qwen-ffn-rom/rtl/ffn_col_serial_16x16_b4.v:84$3730 ($sub) from signed to unsigned.
Removed top 6 bits (of 12) from port Y of cell ffn_col_serial.$sub$/Users/toprakgundogdu/qwen-ffn-rom/rtl/ffn_col_serial_16x16_b4.v:84$3730 ($sub).
Removed top 1 bits (of 3) from port A of cell ffn_col_serial.$sub$/Users/toprakgundogdu/qwen-ffn-rom/rtl/ffn_col_serial_16x16_b4.v:84$3730 ($sub).
Removed top 1 bits (of 5) from port B of cell ffn_col_serial.$sub$/Users/toprakgundogdu/qwen-ffn-rom/rtl/ffn_col_serial_16x16_b4.v:84$3730 ($sub).
Removed top 1 bits (of 6) from port Y of cell ffn_col_serial.$sub$/Users/toprakgundogdu/qwen-ffn-rom/rtl/ffn_col_serial_16x16_b4.v:84$3730 ($sub).
Removed top 8 bits (of 12) from port A of cell ffn_col_serial.$neg$/Users/toprakgundogdu/qwen-ffn-rom/rtl/ffn_col_serial_16x16_b4.v:86$3745 ($neg).
Converting cell ffn_col_serial.$neg$/Users/toprakgundogdu/qwen-ffn-rom/rtl/ffn_col_serial_16x16_b4.v:86$3745 ($neg) from signed to unsigned.
Removed top 1 bits (of 4) from port A of cell ffn_col_serial.$neg$/Users/toprakgundogdu/qwen-ffn-rom/rtl/ffn_col_serial_16x16_b4.v:86$3745 ($neg).
Removed top 9 bits (of 12) from port A of cell ffn_col_serial.$sub$/Users/toprakgundogdu/qwen-ffn-rom/rtl/ffn_col_serial_16x16_b4.v:84$3760 ($sub).
Removed top 7 bits (of 12) from port B of cell ffn_col_serial.$sub$/Users/toprakgundogdu/qwen-ffn-rom/rtl/ffn_col_serial_16x16_b4.v:84$3760 ($sub).
Converting cell ffn_col_serial.$sub$/Users/toprakgundogdu/qwen-ffn-rom/rtl/ffn_col_serial_16x16_b4.v:84$3760 ($sub) from signed to unsigned.
Removed top 6 bits (of 12) from port Y of cell ffn_col_serial.$sub$/Users/toprakgundogdu/qwen-ffn-rom/rtl/ffn_col_serial_16x16_b4.v:84$3760 ($sub).
Removed top 1 bits (of 3) from port A of cell ffn_col_serial.$sub$/Users/toprakgundogdu/qwen-ffn-rom/rtl/ffn_col_serial_16x16_b4.v:84$3760 ($sub).
Removed top 1 bits (of 5) from port B of cell ffn_col_serial.$sub$/Users/toprakgundogdu/qwen-ffn-rom/rtl/ffn_col_serial_16x16_b4.v:84$3760 ($sub).
Removed top 1 bits (of 6) from port Y of cell ffn_col_serial.$sub$/Users/toprakgundogdu/qwen-ffn-rom/rtl/ffn_col_serial_16x16_b4.v:84$3760 ($sub).
Removed top 8 bits (of 12) from port B of cell ffn_col_serial.$sub$/Users/toprakgundogdu/qwen-ffn-rom/rtl/ffn_col_serial_16x16_b4.v:85$3769 ($sub).
Removed top 10 bits (of 12) from port A of cell ffn_col_serial.$add$/Users/toprakgundogdu/qwen-ffn-rom/rtl/ffn_col_serial_16x16_b4.v:95$3777 ($add).
Removed top 8 bits (of 12) from port B of cell ffn_col_serial.$add$/Users/toprakgundogdu/qwen-ffn-rom/rtl/ffn_col_serial_16x16_b4.v:95$3777 ($add).
Converting cell ffn_col_serial.$add$/Users/toprakgundogdu/qwen-ffn-rom/rtl/ffn_col_serial_16x16_b4.v:95$3777 ($add) from signed to unsigned.
Removed top 7 bits (of 12) from port Y of cell ffn_col_serial.$add$/Users/toprakgundogdu/qwen-ffn-rom/rtl/ffn_col_serial_16x16_b4.v:95$3777 ($add).
Removed top 1 bits (of 2) from port A of cell ffn_col_serial.$add$/Users/toprakgundogdu/qwen-ffn-rom/rtl/ffn_col_serial_16x16_b4.v:95$3777 ($add).
Removed top 1 bits (of 4) from port B of cell ffn_col_serial.$add$/Users/toprakgundogdu/qwen-ffn-rom/rtl/ffn_col_serial_16x16_b4.v:95$3777 ($add).
Removed top 1 bits (of 5) from port Y of cell ffn_col_serial.$add$/Users/toprakgundogdu/qwen-ffn-rom/rtl/ffn_col_serial_16x16_b4.v:95$3777 ($add).
Removed top 10 bits (of 12) from port A of cell ffn_col_serial.$sub$/Users/toprakgundogdu/qwen-ffn-rom/rtl/ffn_col_serial_16x16_b4.v:87$3785 ($sub).
Removed top 8 bits (of 12) from port B of cell ffn_col_serial.$sub$/Users/toprakgundogdu/qwen-ffn-rom/rtl/ffn_col_serial_16x16_b4.v:87$3785 ($sub).
Converting cell ffn_col_serial.$sub$/Users/toprakgundogdu/qwen-ffn-rom/rtl/ffn_col_serial_16x16_b4.v:87$3785 ($sub) from signed to unsigned.
Removed top 7 bits (of 12) from port Y of cell ffn_col_serial.$sub$/Users/toprakgundogdu/qwen-ffn-rom/rtl/ffn_col_serial_16x16_b4.v:87$3785 ($sub).
Removed top 1 bits (of 2) from port A of cell ffn_col_serial.$sub$/Users/toprakgundogdu/qwen-ffn-rom/rtl/ffn_col_serial_16x16_b4.v:87$3785 ($sub).
Removed top 1 bits (of 4) from port B of cell ffn_col_serial.$sub$/Users/toprakgundogdu/qwen-ffn-rom/rtl/ffn_col_serial_16x16_b4.v:87$3785 ($sub).
Removed top 1 bits (of 5) from port Y of cell ffn_col_serial.$sub$/Users/toprakgundogdu/qwen-ffn-rom/rtl/ffn_col_serial_16x16_b4.v:87$3785 ($sub).
Removed top 7 bits (of 12) from port B of cell ffn_col_serial.$add$/Users/toprakgundogdu/qwen-ffn-rom/rtl/ffn_col_serial_16x16_b4.v:97$3802 ($add).
Removed top 9 bits (of 12) from port A of cell ffn_col_serial.$neg$/Users/toprakgundogdu/qwen-ffn-rom/rtl/ffn_col_serial_16x16_b4.v:88$3860 ($neg).
Converting cell ffn_col_serial.$neg$/Users/toprakgundogdu/qwen-ffn-rom/rtl/ffn_col_serial_16x16_b4.v:88$3860 ($neg) from signed to unsigned.
Removed top 1 bits (of 3) from port A of cell ffn_col_serial.$neg$/Users/toprakgundogdu/qwen-ffn-rom/rtl/ffn_col_serial_16x16_b4.v:88$3860 ($neg).
Removed top 8 bits (of 12) from port B of cell ffn_col_serial.$sub$/Users/toprakgundogdu/qwen-ffn-rom/rtl/ffn_col_serial_16x16_b4.v:85$3869 ($sub).
Removed top 10 bits (of 12) from port A of cell ffn_col_serial.$sub$/Users/toprakgundogdu/qwen-ffn-rom/rtl/ffn_col_serial_16x16_b4.v:83$3877 ($sub).
Removed top 7 bits (of 12) from port B of cell ffn_col_serial.$sub$/Users/toprakgundogdu/qwen-ffn-rom/rtl/ffn_col_serial_16x16_b4.v:83$3877 ($sub).
Converting cell ffn_col_serial.$sub$/Users/toprakgundogdu/qwen-ffn-rom/rtl/ffn_col_serial_16x16_b4.v:83$3877 ($sub) from signed to unsigned.
Removed top 6 bits (of 12) from port Y of cell ffn_col_serial.$sub$/Users/toprakgundogdu/qwen-ffn-rom/rtl/ffn_col_serial_16x16_b4.v:83$3877 ($sub).
Removed top 1 bits (of 2) from port A of cell ffn_col_serial.$sub$/Users/toprakgundogdu/qwen-ffn-rom/rtl/ffn_col_serial_16x16_b4.v:83$3877 ($sub).
Removed top 1 bits (of 5) from port B of cell ffn_col_serial.$sub$/Users/toprakgundogdu/qwen-ffn-rom/rtl/ffn_col_serial_16x16_b4.v:83$3877 ($sub).
Removed top 1 bits (of 6) from port Y of cell ffn_col_serial.$sub$/Users/toprakgundogdu/qwen-ffn-rom/rtl/ffn_col_serial_16x16_b4.v:83$3877 ($sub).
Removed top 10 bits (of 12) from port A of cell ffn_col_serial.$add$/Users/toprakgundogdu/qwen-ffn-rom/rtl/ffn_col_serial_16x16_b4.v:95$3891 ($add).
Removed top 8 bits (of 12) from port B of cell ffn_col_serial.$add$/Users/toprakgundogdu/qwen-ffn-rom/rtl/ffn_col_serial_16x16_b4.v:95$3891 ($add).
Converting cell ffn_col_serial.$add$/Users/toprakgundogdu/qwen-ffn-rom/rtl/ffn_col_serial_16x16_b4.v:95$3891 ($add) from signed to unsigned.
Removed top 7 bits (of 12) from port Y of cell ffn_col_serial.$add$/Users/toprakgundogdu/qwen-ffn-rom/rtl/ffn_col_serial_16x16_b4.v:95$3891 ($add).
Removed top 1 bits (of 2) from port A of cell ffn_col_serial.$add$/Users/toprakgundogdu/qwen-ffn-rom/rtl/ffn_col_serial_16x16_b4.v:95$3891 ($add).
Removed top 1 bits (of 4) from port B of cell ffn_col_serial.$add$/Users/toprakgundogdu/qwen-ffn-rom/rtl/ffn_col_serial_16x16_b4.v:95$3891 ($add).
Removed top 1 bits (of 5) from port Y of cell ffn_col_serial.$add$/Users/toprakgundogdu/qwen-ffn-rom/rtl/ffn_col_serial_16x16_b4.v:95$3891 ($add).
Removed top 7 bits (of 12) from port B of cell ffn_col_serial.$add$/Users/toprakgundogdu/qwen-ffn-rom/rtl/ffn_col_serial_16x16_b4.v:96$3930 ($add).
Removed top 10 bits (of 12) from port A of cell ffn_col_serial.$add$/Users/toprakgundogdu/qwen-ffn-rom/rtl/ffn_col_serial_16x16_b4.v:95$3938 ($add).
Removed top 8 bits (of 12) from port B of cell ffn_col_serial.$add$/Users/toprakgundogdu/qwen-ffn-rom/rtl/ffn_col_serial_16x16_b4.v:95$3938 ($add).
Converting cell ffn_col_serial.$add$/Users/toprakgundogdu/qwen-ffn-rom/rtl/ffn_col_serial_16x16_b4.v:95$3938 ($add) from signed to unsigned.
Removed top 7 bits (of 12) from port Y of cell ffn_col_serial.$add$/Users/toprakgundogdu/qwen-ffn-rom/rtl/ffn_col_serial_16x16_b4.v:95$3938 ($add).
Removed top 1 bits (of 2) from port A of cell ffn_col_serial.$add$/Users/toprakgundogdu/qwen-ffn-rom/rtl/ffn_col_serial_16x16_b4.v:95$3938 ($add).
Removed top 1 bits (of 4) from port B of cell ffn_col_serial.$add$/Users/toprakgundogdu/qwen-ffn-rom/rtl/ffn_col_serial_16x16_b4.v:95$3938 ($add).
Removed top 1 bits (of 5) from port Y of cell ffn_col_serial.$add$/Users/toprakgundogdu/qwen-ffn-rom/rtl/ffn_col_serial_16x16_b4.v:95$3938 ($add).
Removed top 10 bits (of 12) from port A of cell ffn_col_serial.$sub$/Users/toprakgundogdu/qwen-ffn-rom/rtl/ffn_col_serial_16x16_b4.v:87$3954 ($sub).
Removed top 8 bits (of 12) from port B of cell ffn_col_serial.$sub$/Users/toprakgundogdu/qwen-ffn-rom/rtl/ffn_col_serial_16x16_b4.v:87$3954 ($sub).
Converting cell ffn_col_serial.$sub$/Users/toprakgundogdu/qwen-ffn-rom/rtl/ffn_col_serial_16x16_b4.v:87$3954 ($sub) from signed to unsigned.
Removed top 7 bits (of 12) from port Y of cell ffn_col_serial.$sub$/Users/toprakgundogdu/qwen-ffn-rom/rtl/ffn_col_serial_16x16_b4.v:87$3954 ($sub).
Removed top 1 bits (of 2) from port A of cell ffn_col_serial.$sub$/Users/toprakgundogdu/qwen-ffn-rom/rtl/ffn_col_serial_16x16_b4.v:87$3954 ($sub).
Removed top 1 bits (of 4) from port B of cell ffn_col_serial.$sub$/Users/toprakgundogdu/qwen-ffn-rom/rtl/ffn_col_serial_16x16_b4.v:87$3954 ($sub).
Removed top 1 bits (of 5) from port Y of cell ffn_col_serial.$sub$/Users/toprakgundogdu/qwen-ffn-rom/rtl/ffn_col_serial_16x16_b4.v:87$3954 ($sub).
Removed top 10 bits (of 12) from port A of cell ffn_col_serial.$sub$/Users/toprakgundogdu/qwen-ffn-rom/rtl/ffn_col_serial_16x16_b4.v:83$3990 ($sub).
Removed top 7 bits (of 12) from port B of cell ffn_col_serial.$sub$/Users/toprakgundogdu/qwen-ffn-rom/rtl/ffn_col_serial_16x16_b4.v:83$3990 ($sub).
Converting cell ffn_col_serial.$sub$/Users/toprakgundogdu/qwen-ffn-rom/rtl/ffn_col_serial_16x16_b4.v:83$3990 ($sub) from signed to unsigned.
Removed top 6 bits (of 12) from port Y of cell ffn_col_serial.$sub$/Users/toprakgundogdu/qwen-ffn-rom/rtl/ffn_col_serial_16x16_b4.v:83$3990 ($sub).
Removed top 1 bits (of 2) from port A of cell ffn_col_serial.$sub$/Users/toprakgundogdu/qwen-ffn-rom/rtl/ffn_col_serial_16x16_b4.v:83$3990 ($sub).
Removed top 1 bits (of 5) from port B of cell ffn_col_serial.$sub$/Users/toprakgundogdu/qwen-ffn-rom/rtl/ffn_col_serial_16x16_b4.v:83$3990 ($sub).
Removed top 1 bits (of 6) from port Y of cell ffn_col_serial.$sub$/Users/toprakgundogdu/qwen-ffn-rom/rtl/ffn_col_serial_16x16_b4.v:83$3990 ($sub).
Removed top 8 bits (of 12) from port A of cell ffn_col_serial.$neg$/Users/toprakgundogdu/qwen-ffn-rom/rtl/ffn_col_serial_16x16_b4.v:86$4004 ($neg).
Converting cell ffn_col_serial.$neg$/Users/toprakgundogdu/qwen-ffn-rom/rtl/ffn_col_serial_16x16_b4.v:86$4004 ($neg) from signed to unsigned.
Removed top 1 bits (of 4) from port A of cell ffn_col_serial.$neg$/Users/toprakgundogdu/qwen-ffn-rom/rtl/ffn_col_serial_16x16_b4.v:86$4004 ($neg).
Removed top 8 bits (of 12) from port A of cell ffn_col_serial.$neg$/Users/toprakgundogdu/qwen-ffn-rom/rtl/ffn_col_serial_16x16_b4.v:86$4019 ($neg).
Converting cell ffn_col_serial.$neg$/Users/toprakgundogdu/qwen-ffn-rom/rtl/ffn_col_serial_16x16_b4.v:86$4019 ($neg) from signed to unsigned.
Removed top 1 bits (of 4) from port A of cell ffn_col_serial.$neg$/Users/toprakgundogdu/qwen-ffn-rom/rtl/ffn_col_serial_16x16_b4.v:86$4019 ($neg).
Removed top 8 bits (of 12) from port A of cell ffn_col_serial.$neg$/Users/toprakgundogdu/qwen-ffn-rom/rtl/ffn_col_serial_16x16_b4.v:86$4045 ($neg).
Converting cell ffn_col_serial.$neg$/Users/toprakgundogdu/qwen-ffn-rom/rtl/ffn_col_serial_16x16_b4.v:86$4045 ($neg) from signed to unsigned.
Removed top 1 bits (of 4) from port A of cell ffn_col_serial.$neg$/Users/toprakgundogdu/qwen-ffn-rom/rtl/ffn_col_serial_16x16_b4.v:86$4045 ($neg).
Removed top 8 bits (of 12) from port A of cell ffn_col_serial.$neg$/Users/toprakgundogdu/qwen-ffn-rom/rtl/ffn_col_serial_16x16_b4.v:86$4060 ($neg).
Converting cell ffn_col_serial.$neg$/Users/toprakgundogdu/qwen-ffn-rom/rtl/ffn_col_serial_16x16_b4.v:86$4060 ($neg) from signed to unsigned.
Removed top 1 bits (of 4) from port A of cell ffn_col_serial.$neg$/Users/toprakgundogdu/qwen-ffn-rom/rtl/ffn_col_serial_16x16_b4.v:86$4060 ($neg).
Removed top 8 bits (of 12) from port B of cell ffn_col_serial.$add$/Users/toprakgundogdu/qwen-ffn-rom/rtl/ffn_col_serial_16x16_b4.v:93$4119 ($add).
Removed top 9 bits (of 12) from port A of cell ffn_col_serial.$sub$/Users/toprakgundogdu/qwen-ffn-rom/rtl/ffn_col_serial_16x16_b4.v:84$4149 ($sub).
Removed top 7 bits (of 12) from port B of cell ffn_col_serial.$sub$/Users/toprakgundogdu/qwen-ffn-rom/rtl/ffn_col_serial_16x16_b4.v:84$4149 ($sub).
Converting cell ffn_col_serial.$sub$/Users/toprakgundogdu/qwen-ffn-rom/rtl/ffn_col_serial_16x16_b4.v:84$4149 ($sub) from signed to unsigned.
Removed top 6 bits (of 12) from port Y of cell ffn_col_serial.$sub$/Users/toprakgundogdu/qwen-ffn-rom/rtl/ffn_col_serial_16x16_b4.v:84$4149 ($sub).
Removed top 1 bits (of 3) from port A of cell ffn_col_serial.$sub$/Users/toprakgundogdu/qwen-ffn-rom/rtl/ffn_col_serial_16x16_b4.v:84$4149 ($sub).
Removed top 1 bits (of 5) from port B of cell ffn_col_serial.$sub$/Users/toprakgundogdu/qwen-ffn-rom/rtl/ffn_col_serial_16x16_b4.v:84$4149 ($sub).
Removed top 1 bits (of 6) from port Y of cell ffn_col_serial.$sub$/Users/toprakgundogdu/qwen-ffn-rom/rtl/ffn_col_serial_16x16_b4.v:84$4149 ($sub).
Removed top 7 bits (of 12) from port B of cell ffn_col_serial.$add$/Users/toprakgundogdu/qwen-ffn-rom/rtl/ffn_col_serial_16x16_b4.v:97$4178 ($add).
Removed top 9 bits (of 12) from port A of cell ffn_col_serial.$sub$/Users/toprakgundogdu/qwen-ffn-rom/rtl/ffn_col_serial_16x16_b4.v:84$4218 ($sub).
Removed top 7 bits (of 12) from port B of cell ffn_col_serial.$sub$/Users/toprakgundogdu/qwen-ffn-rom/rtl/ffn_col_serial_16x16_b4.v:84$4218 ($sub).
Converting cell ffn_col_serial.$sub$/Users/toprakgundogdu/qwen-ffn-rom/rtl/ffn_col_serial_16x16_b4.v:84$4218 ($sub) from signed to unsigned.
Removed top 6 bits (of 12) from port Y of cell ffn_col_serial.$sub$/Users/toprakgundogdu/qwen-ffn-rom/rtl/ffn_col_serial_16x16_b4.v:84$4218 ($sub).
Removed top 1 bits (of 3) from port A of cell ffn_col_serial.$sub$/Users/toprakgundogdu/qwen-ffn-rom/rtl/ffn_col_serial_16x16_b4.v:84$4218 ($sub).
Removed top 1 bits (of 5) from port B of cell ffn_col_serial.$sub$/Users/toprakgundogdu/qwen-ffn-rom/rtl/ffn_col_serial_16x16_b4.v:84$4218 ($sub).
Removed top 1 bits (of 6) from port Y of cell ffn_col_serial.$sub$/Users/toprakgundogdu/qwen-ffn-rom/rtl/ffn_col_serial_16x16_b4.v:84$4218 ($sub).
Removed top 10 bits (of 12) from port A of cell ffn_col_serial.$sub$/Users/toprakgundogdu/qwen-ffn-rom/rtl/ffn_col_serial_16x16_b4.v:87$4239 ($sub).
Removed top 8 bits (of 12) from port B of cell ffn_col_serial.$sub$/Users/toprakgundogdu/qwen-ffn-rom/rtl/ffn_col_serial_16x16_b4.v:87$4239 ($sub).
Converting cell ffn_col_serial.$sub$/Users/toprakgundogdu/qwen-ffn-rom/rtl/ffn_col_serial_16x16_b4.v:87$4239 ($sub) from signed to unsigned.
Removed top 7 bits (of 12) from port Y of cell ffn_col_serial.$sub$/Users/toprakgundogdu/qwen-ffn-rom/rtl/ffn_col_serial_16x16_b4.v:87$4239 ($sub).
Removed top 1 bits (of 2) from port A of cell ffn_col_serial.$sub$/Users/toprakgundogdu/qwen-ffn-rom/rtl/ffn_col_serial_16x16_b4.v:87$4239 ($sub).
Removed top 1 bits (of 4) from port B of cell ffn_col_serial.$sub$/Users/toprakgundogdu/qwen-ffn-rom/rtl/ffn_col_serial_16x16_b4.v:87$4239 ($sub).
Removed top 1 bits (of 5) from port Y of cell ffn_col_serial.$sub$/Users/toprakgundogdu/qwen-ffn-rom/rtl/ffn_col_serial_16x16_b4.v:87$4239 ($sub).
Removed top 8 bits (of 12) from port B of cell ffn_col_serial.$sub$/Users/toprakgundogdu/qwen-ffn-rom/rtl/ffn_col_serial_16x16_b4.v:85$4262 ($sub).
Removed top 7 bits (of 12) from port B of cell ffn_col_serial.$add$/Users/toprakgundogdu/qwen-ffn-rom/rtl/ffn_col_serial_16x16_b4.v:97$4296 ($add).
Removed top 10 bits (of 12) from port A of cell ffn_col_serial.$neg$/Users/toprakgundogdu/qwen-ffn-rom/rtl/ffn_col_serial_16x16_b4.v:93$4327 ($neg).
Converting cell ffn_col_serial.$neg$/Users/toprakgundogdu/qwen-ffn-rom/rtl/ffn_col_serial_16x16_b4.v:93$4327 ($neg) from signed to unsigned.
Removed top 1 bits (of 2) from port A of cell ffn_col_serial.$neg$/Users/toprakgundogdu/qwen-ffn-rom/rtl/ffn_col_serial_16x16_b4.v:93$4327 ($neg).
Removed top 8 bits (of 12) from port B of cell ffn_col_serial.$add$/Users/toprakgundogdu/qwen-ffn-rom/rtl/ffn_col_serial_16x16_b4.v:93$4329 ($add).
Removed top 8 bits (of 12) from port B of cell ffn_col_serial.$sub$/Users/toprakgundogdu/qwen-ffn-rom/rtl/ffn_col_serial_16x16_b4.v:85$4338 ($sub).
Removed top 10 bits (of 12) from port A of cell ffn_col_serial.$neg$/Users/toprakgundogdu/qwen-ffn-rom/rtl/ffn_col_serial_16x16_b4.v:89$4345 ($neg).
Converting cell ffn_col_serial.$neg$/Users/toprakgundogdu/qwen-ffn-rom/rtl/ffn_col_serial_16x16_b4.v:89$4345 ($neg) from signed to unsigned.
Removed top 1 bits (of 2) from port A of cell ffn_col_serial.$neg$/Users/toprakgundogdu/qwen-ffn-rom/rtl/ffn_col_serial_16x16_b4.v:89$4345 ($neg).
Removed top 7 bits (of 12) from port B of cell ffn_col_serial.$add$/Users/toprakgundogdu/qwen-ffn-rom/rtl/ffn_col_serial_16x16_b4.v:96$4367 ($add).
Removed top 10 bits (of 12) from port A of cell ffn_col_serial.$sub$/Users/toprakgundogdu/qwen-ffn-rom/rtl/ffn_col_serial_16x16_b4.v:83$4381 ($sub).
Removed top 7 bits (of 12) from port B of cell ffn_col_serial.$sub$/Users/toprakgundogdu/qwen-ffn-rom/rtl/ffn_col_serial_16x16_b4.v:83$4381 ($sub).
Converting cell ffn_col_serial.$sub$/Users/toprakgundogdu/qwen-ffn-rom/rtl/ffn_col_serial_16x16_b4.v:83$4381 ($sub) from signed to unsigned.
Removed top 6 bits (of 12) from port Y of cell ffn_col_serial.$sub$/Users/toprakgundogdu/qwen-ffn-rom/rtl/ffn_col_serial_16x16_b4.v:83$4381 ($sub).
Removed top 1 bits (of 2) from port A of cell ffn_col_serial.$sub$/Users/toprakgundogdu/qwen-ffn-rom/rtl/ffn_col_serial_16x16_b4.v:83$4381 ($sub).
Removed top 1 bits (of 5) from port B of cell ffn_col_serial.$sub$/Users/toprakgundogdu/qwen-ffn-rom/rtl/ffn_col_serial_16x16_b4.v:83$4381 ($sub).
Removed top 1 bits (of 6) from port Y of cell ffn_col_serial.$sub$/Users/toprakgundogdu/qwen-ffn-rom/rtl/ffn_col_serial_16x16_b4.v:83$4381 ($sub).
Removed top 8 bits (of 12) from port B of cell ffn_col_serial.$add$/Users/toprakgundogdu/qwen-ffn-rom/rtl/ffn_col_serial_16x16_b4.v:93$4399 ($add).
Removed top 10 bits (of 12) from port A of cell ffn_col_serial.$sub$/Users/toprakgundogdu/qwen-ffn-rom/rtl/ffn_col_serial_16x16_b4.v:87$4413 ($sub).
Removed top 8 bits (of 12) from port B of cell ffn_col_serial.$sub$/Users/toprakgundogdu/qwen-ffn-rom/rtl/ffn_col_serial_16x16_b4.v:87$4413 ($sub).
Converting cell ffn_col_serial.$sub$/Users/toprakgundogdu/qwen-ffn-rom/rtl/ffn_col_serial_16x16_b4.v:87$4413 ($sub) from signed to unsigned.
Removed top 7 bits (of 12) from port Y of cell ffn_col_serial.$sub$/Users/toprakgundogdu/qwen-ffn-rom/rtl/ffn_col_serial_16x16_b4.v:87$4413 ($sub).
Removed top 1 bits (of 2) from port A of cell ffn_col_serial.$sub$/Users/toprakgundogdu/qwen-ffn-rom/rtl/ffn_col_serial_16x16_b4.v:87$4413 ($sub).
Removed top 1 bits (of 4) from port B of cell ffn_col_serial.$sub$/Users/toprakgundogdu/qwen-ffn-rom/rtl/ffn_col_serial_16x16_b4.v:87$4413 ($sub).
Removed top 1 bits (of 5) from port Y of cell ffn_col_serial.$sub$/Users/toprakgundogdu/qwen-ffn-rom/rtl/ffn_col_serial_16x16_b4.v:87$4413 ($sub).
Removed top 8 bits (of 12) from port B of cell ffn_col_serial.$add$/Users/toprakgundogdu/qwen-ffn-rom/rtl/ffn_col_serial_16x16_b4.v:93$4429 ($add).
Removed top 10 bits (of 12) from port A of cell ffn_col_serial.$sub$/Users/toprakgundogdu/qwen-ffn-rom/rtl/ffn_col_serial_16x16_b4.v:83$4438 ($sub).
Removed top 7 bits (of 12) from port B of cell ffn_col_serial.$sub$/Users/toprakgundogdu/qwen-ffn-rom/rtl/ffn_col_serial_16x16_b4.v:83$4438 ($sub).
Converting cell ffn_col_serial.$sub$/Users/toprakgundogdu/qwen-ffn-rom/rtl/ffn_col_serial_16x16_b4.v:83$4438 ($sub) from signed to unsigned.
Removed top 6 bits (of 12) from port Y of cell ffn_col_serial.$sub$/Users/toprakgundogdu/qwen-ffn-rom/rtl/ffn_col_serial_16x16_b4.v:83$4438 ($sub).
Removed top 1 bits (of 2) from port A of cell ffn_col_serial.$sub$/Users/toprakgundogdu/qwen-ffn-rom/rtl/ffn_col_serial_16x16_b4.v:83$4438 ($sub).
Removed top 1 bits (of 5) from port B of cell ffn_col_serial.$sub$/Users/toprakgundogdu/qwen-ffn-rom/rtl/ffn_col_serial_16x16_b4.v:83$4438 ($sub).
Removed top 1 bits (of 6) from port Y of cell ffn_col_serial.$sub$/Users/toprakgundogdu/qwen-ffn-rom/rtl/ffn_col_serial_16x16_b4.v:83$4438 ($sub).
Removed top 10 bits (of 12) from port A of cell ffn_col_serial.$sub$/Users/toprakgundogdu/qwen-ffn-rom/rtl/ffn_col_serial_16x16_b4.v:87$4458 ($sub).
Removed top 8 bits (of 12) from port B of cell ffn_col_serial.$sub$/Users/toprakgundogdu/qwen-ffn-rom/rtl/ffn_col_serial_16x16_b4.v:87$4458 ($sub).
Converting cell ffn_col_serial.$sub$/Users/toprakgundogdu/qwen-ffn-rom/rtl/ffn_col_serial_16x16_b4.v:87$4458 ($sub) from signed to unsigned.
Removed top 7 bits (of 12) from port Y of cell ffn_col_serial.$sub$/Users/toprakgundogdu/qwen-ffn-rom/rtl/ffn_col_serial_16x16_b4.v:87$4458 ($sub).
Removed top 1 bits (of 2) from port A of cell ffn_col_serial.$sub$/Users/toprakgundogdu/qwen-ffn-rom/rtl/ffn_col_serial_16x16_b4.v:87$4458 ($sub).
Removed top 1 bits (of 4) from port B of cell ffn_col_serial.$sub$/Users/toprakgundogdu/qwen-ffn-rom/rtl/ffn_col_serial_16x16_b4.v:87$4458 ($sub).
Removed top 1 bits (of 5) from port Y of cell ffn_col_serial.$sub$/Users/toprakgundogdu/qwen-ffn-rom/rtl/ffn_col_serial_16x16_b4.v:87$4458 ($sub).
Removed top 9 bits (of 12) from port A of cell ffn_col_serial.$neg$/Users/toprakgundogdu/qwen-ffn-rom/rtl/ffn_col_serial_16x16_b4.v:88$4497 ($neg).
Converting cell ffn_col_serial.$neg$/Users/toprakgundogdu/qwen-ffn-rom/rtl/ffn_col_serial_16x16_b4.v:88$4497 ($neg) from signed to unsigned.
Removed top 1 bits (of 3) from port A of cell ffn_col_serial.$neg$/Users/toprakgundogdu/qwen-ffn-rom/rtl/ffn_col_serial_16x16_b4.v:88$4497 ($neg).
Removed top 10 bits (of 12) from port A of cell ffn_col_serial.$sub$/Users/toprakgundogdu/qwen-ffn-rom/rtl/ffn_col_serial_16x16_b4.v:87$4512 ($sub).
Removed top 8 bits (of 12) from port B of cell ffn_col_serial.$sub$/Users/toprakgundogdu/qwen-ffn-rom/rtl/ffn_col_serial_16x16_b4.v:87$4512 ($sub).
Converting cell ffn_col_serial.$sub$/Users/toprakgundogdu/qwen-ffn-rom/rtl/ffn_col_serial_16x16_b4.v:87$4512 ($sub) from signed to unsigned.
Removed top 7 bits (of 12) from port Y of cell ffn_col_serial.$sub$/Users/toprakgundogdu/qwen-ffn-rom/rtl/ffn_col_serial_16x16_b4.v:87$4512 ($sub).
Removed top 1 bits (of 2) from port A of cell ffn_col_serial.$sub$/Users/toprakgundogdu/qwen-ffn-rom/rtl/ffn_col_serial_16x16_b4.v:87$4512 ($sub).
Removed top 1 bits (of 4) from port B of cell ffn_col_serial.$sub$/Users/toprakgundogdu/qwen-ffn-rom/rtl/ffn_col_serial_16x16_b4.v:87$4512 ($sub).
Removed top 1 bits (of 5) from port Y of cell ffn_col_serial.$sub$/Users/toprakgundogdu/qwen-ffn-rom/rtl/ffn_col_serial_16x16_b4.v:87$4512 ($sub).
Removed top 9 bits (of 12) from port A of cell ffn_col_serial.$neg$/Users/toprakgundogdu/qwen-ffn-rom/rtl/ffn_col_serial_16x16_b4.v:88$4565 ($neg).
Converting cell ffn_col_serial.$neg$/Users/toprakgundogdu/qwen-ffn-rom/rtl/ffn_col_serial_16x16_b4.v:88$4565 ($neg) from signed to unsigned.
Removed top 1 bits (of 3) from port A of cell ffn_col_serial.$neg$/Users/toprakgundogdu/qwen-ffn-rom/rtl/ffn_col_serial_16x16_b4.v:88$4565 ($neg).
Removed top 10 bits (of 12) from port A of cell ffn_col_serial.$sub$/Users/toprakgundogdu/qwen-ffn-rom/rtl/ffn_col_serial_16x16_b4.v:83$4611 ($sub).
Removed top 7 bits (of 12) from port B of cell ffn_col_serial.$sub$/Users/toprakgundogdu/qwen-ffn-rom/rtl/ffn_col_serial_16x16_b4.v:83$4611 ($sub).
Converting cell ffn_col_serial.$sub$/Users/toprakgundogdu/qwen-ffn-rom/rtl/ffn_col_serial_16x16_b4.v:83$4611 ($sub) from signed to unsigned.
Removed top 6 bits (of 12) from port Y of cell ffn_col_serial.$sub$/Users/toprakgundogdu/qwen-ffn-rom/rtl/ffn_col_serial_16x16_b4.v:83$4611 ($sub).
Removed top 1 bits (of 2) from port A of cell ffn_col_serial.$sub$/Users/toprakgundogdu/qwen-ffn-rom/rtl/ffn_col_serial_16x16_b4.v:83$4611 ($sub).
Removed top 1 bits (of 5) from port B of cell ffn_col_serial.$sub$/Users/toprakgundogdu/qwen-ffn-rom/rtl/ffn_col_serial_16x16_b4.v:83$4611 ($sub).
Removed top 1 bits (of 6) from port Y of cell ffn_col_serial.$sub$/Users/toprakgundogdu/qwen-ffn-rom/rtl/ffn_col_serial_16x16_b4.v:83$4611 ($sub).
Removed top 8 bits (of 12) from port B of cell ffn_col_serial.$add$/Users/toprakgundogdu/qwen-ffn-rom/rtl/ffn_col_serial_16x16_b4.v:93$4636 ($add).
Removed top 8 bits (of 12) from port A of cell ffn_col_serial.$neg$/Users/toprakgundogdu/qwen-ffn-rom/rtl/ffn_col_serial_16x16_b4.v:86$4659 ($neg).
Converting cell ffn_col_serial.$neg$/Users/toprakgundogdu/qwen-ffn-rom/rtl/ffn_col_serial_16x16_b4.v:86$4659 ($neg) from signed to unsigned.
Removed top 1 bits (of 4) from port A of cell ffn_col_serial.$neg$/Users/toprakgundogdu/qwen-ffn-rom/rtl/ffn_col_serial_16x16_b4.v:86$4659 ($neg).
Removed top 10 bits (of 12) from port A of cell ffn_col_serial.$sub$/Users/toprakgundogdu/qwen-ffn-rom/rtl/ffn_col_serial_16x16_b4.v:87$4702 ($sub).
Removed top 8 bits (of 12) from port B of cell ffn_col_serial.$sub$/Users/toprakgundogdu/qwen-ffn-rom/rtl/ffn_col_serial_16x16_b4.v:87$4702 ($sub).
Converting cell ffn_col_serial.$sub$/Users/toprakgundogdu/qwen-ffn-rom/rtl/ffn_col_serial_16x16_b4.v:87$4702 ($sub) from signed to unsigned.
Removed top 7 bits (of 12) from port Y of cell ffn_col_serial.$sub$/Users/toprakgundogdu/qwen-ffn-rom/rtl/ffn_col_serial_16x16_b4.v:87$4702 ($sub).
Removed top 1 bits (of 2) from port A of cell ffn_col_serial.$sub$/Users/toprakgundogdu/qwen-ffn-rom/rtl/ffn_col_serial_16x16_b4.v:87$4702 ($sub).
Removed top 1 bits (of 4) from port B of cell ffn_col_serial.$sub$/Users/toprakgundogdu/qwen-ffn-rom/rtl/ffn_col_serial_16x16_b4.v:87$4702 ($sub).
Removed top 1 bits (of 5) from port Y of cell ffn_col_serial.$sub$/Users/toprakgundogdu/qwen-ffn-rom/rtl/ffn_col_serial_16x16_b4.v:87$4702 ($sub).
Removed top 10 bits (of 12) from port A of cell ffn_col_serial.$sub$/Users/toprakgundogdu/qwen-ffn-rom/rtl/ffn_col_serial_16x16_b4.v:83$4710 ($sub).
Removed top 7 bits (of 12) from port B of cell ffn_col_serial.$sub$/Users/toprakgundogdu/qwen-ffn-rom/rtl/ffn_col_serial_16x16_b4.v:83$4710 ($sub).
Converting cell ffn_col_serial.$sub$/Users/toprakgundogdu/qwen-ffn-rom/rtl/ffn_col_serial_16x16_b4.v:83$4710 ($sub) from signed to unsigned.
Removed top 6 bits (of 12) from port Y of cell ffn_col_serial.$sub$/Users/toprakgundogdu/qwen-ffn-rom/rtl/ffn_col_serial_16x16_b4.v:83$4710 ($sub).
Removed top 1 bits (of 2) from port A of cell ffn_col_serial.$sub$/Users/toprakgundogdu/qwen-ffn-rom/rtl/ffn_col_serial_16x16_b4.v:83$4710 ($sub).
Removed top 1 bits (of 5) from port B of cell ffn_col_serial.$sub$/Users/toprakgundogdu/qwen-ffn-rom/rtl/ffn_col_serial_16x16_b4.v:83$4710 ($sub).
Removed top 1 bits (of 6) from port Y of cell ffn_col_serial.$sub$/Users/toprakgundogdu/qwen-ffn-rom/rtl/ffn_col_serial_16x16_b4.v:83$4710 ($sub).
Removed top 10 bits (of 12) from port A of cell ffn_col_serial.$sub$/Users/toprakgundogdu/qwen-ffn-rom/rtl/ffn_col_serial_16x16_b4.v:87$4718 ($sub).
Removed top 8 bits (of 12) from port B of cell ffn_col_serial.$sub$/Users/toprakgundogdu/qwen-ffn-rom/rtl/ffn_col_serial_16x16_b4.v:87$4718 ($sub).
Converting cell ffn_col_serial.$sub$/Users/toprakgundogdu/qwen-ffn-rom/rtl/ffn_col_serial_16x16_b4.v:87$4718 ($sub) from signed to unsigned.
Removed top 7 bits (of 12) from port Y of cell ffn_col_serial.$sub$/Users/toprakgundogdu/qwen-ffn-rom/rtl/ffn_col_serial_16x16_b4.v:87$4718 ($sub).
Removed top 1 bits (of 2) from port A of cell ffn_col_serial.$sub$/Users/toprakgundogdu/qwen-ffn-rom/rtl/ffn_col_serial_16x16_b4.v:87$4718 ($sub).
Removed top 1 bits (of 4) from port B of cell ffn_col_serial.$sub$/Users/toprakgundogdu/qwen-ffn-rom/rtl/ffn_col_serial_16x16_b4.v:87$4718 ($sub).
Removed top 1 bits (of 5) from port Y of cell ffn_col_serial.$sub$/Users/toprakgundogdu/qwen-ffn-rom/rtl/ffn_col_serial_16x16_b4.v:87$4718 ($sub).
Removed top 9 bits (of 12) from port A of cell ffn_col_serial.$neg$/Users/toprakgundogdu/qwen-ffn-rom/rtl/ffn_col_serial_16x16_b4.v:88$4745 ($neg).
Converting cell ffn_col_serial.$neg$/Users/toprakgundogdu/qwen-ffn-rom/rtl/ffn_col_serial_16x16_b4.v:88$4745 ($neg) from signed to unsigned.
Removed top 1 bits (of 3) from port A of cell ffn_col_serial.$neg$/Users/toprakgundogdu/qwen-ffn-rom/rtl/ffn_col_serial_16x16_b4.v:88$4745 ($neg).
Removed top 10 bits (of 12) from port A of cell ffn_col_serial.$neg$/Users/toprakgundogdu/qwen-ffn-rom/rtl/ffn_col_serial_16x16_b4.v:89$4779 ($neg).
Converting cell ffn_col_serial.$neg$/Users/toprakgundogdu/qwen-ffn-rom/rtl/ffn_col_serial_16x16_b4.v:89$4779 ($neg) from signed to unsigned.
Removed top 1 bits (of 2) from port A of cell ffn_col_serial.$neg$/Users/toprakgundogdu/qwen-ffn-rom/rtl/ffn_col_serial_16x16_b4.v:89$4779 ($neg).
Removed top 10 bits (of 12) from port A of cell ffn_col_serial.$sub$/Users/toprakgundogdu/qwen-ffn-rom/rtl/ffn_col_serial_16x16_b4.v:87$4787 ($sub).
Removed top 8 bits (of 12) from port B of cell ffn_col_serial.$sub$/Users/toprakgundogdu/qwen-ffn-rom/rtl/ffn_col_serial_16x16_b4.v:87$4787 ($sub).
Converting cell ffn_col_serial.$sub$/Users/toprakgundogdu/qwen-ffn-rom/rtl/ffn_col_serial_16x16_b4.v:87$4787 ($sub) from signed to unsigned.
Removed top 7 bits (of 12) from port Y of cell ffn_col_serial.$sub$/Users/toprakgundogdu/qwen-ffn-rom/rtl/ffn_col_serial_16x16_b4.v:87$4787 ($sub).
Removed top 1 bits (of 2) from port A of cell ffn_col_serial.$sub$/Users/toprakgundogdu/qwen-ffn-rom/rtl/ffn_col_serial_16x16_b4.v:87$4787 ($sub).
Removed top 1 bits (of 4) from port B of cell ffn_col_serial.$sub$/Users/toprakgundogdu/qwen-ffn-rom/rtl/ffn_col_serial_16x16_b4.v:87$4787 ($sub).
Removed top 1 bits (of 5) from port Y of cell ffn_col_serial.$sub$/Users/toprakgundogdu/qwen-ffn-rom/rtl/ffn_col_serial_16x16_b4.v:87$4787 ($sub).
Removed top 7 bits (of 12) from port B of cell ffn_col_serial.$add$/Users/toprakgundogdu/qwen-ffn-rom/rtl/ffn_col_serial_16x16_b4.v:97$4835 ($add).
Removed top 10 bits (of 12) from port A of cell ffn_col_serial.$add$/Users/toprakgundogdu/qwen-ffn-rom/rtl/ffn_col_serial_16x16_b4.v:95$4850 ($add).
Removed top 8 bits (of 12) from port B of cell ffn_col_serial.$add$/Users/toprakgundogdu/qwen-ffn-rom/rtl/ffn_col_serial_16x16_b4.v:95$4850 ($add).
Converting cell ffn_col_serial.$add$/Users/toprakgundogdu/qwen-ffn-rom/rtl/ffn_col_serial_16x16_b4.v:95$4850 ($add) from signed to unsigned.
Removed top 7 bits (of 12) from port Y of cell ffn_col_serial.$add$/Users/toprakgundogdu/qwen-ffn-rom/rtl/ffn_col_serial_16x16_b4.v:95$4850 ($add).
Removed top 1 bits (of 2) from port A of cell ffn_col_serial.$add$/Users/toprakgundogdu/qwen-ffn-rom/rtl/ffn_col_serial_16x16_b4.v:95$4850 ($add).
Removed top 1 bits (of 4) from port B of cell ffn_col_serial.$add$/Users/toprakgundogdu/qwen-ffn-rom/rtl/ffn_col_serial_16x16_b4.v:95$4850 ($add).
Removed top 1 bits (of 5) from port Y of cell ffn_col_serial.$add$/Users/toprakgundogdu/qwen-ffn-rom/rtl/ffn_col_serial_16x16_b4.v:95$4850 ($add).
Removed top 9 bits (of 12) from port A of cell ffn_col_serial.$neg$/Users/toprakgundogdu/qwen-ffn-rom/rtl/ffn_col_serial_16x16_b4.v:88$4873 ($neg).
Converting cell ffn_col_serial.$neg$/Users/toprakgundogdu/qwen-ffn-rom/rtl/ffn_col_serial_16x16_b4.v:88$4873 ($neg) from signed to unsigned.
Removed top 1 bits (of 3) from port A of cell ffn_col_serial.$neg$/Users/toprakgundogdu/qwen-ffn-rom/rtl/ffn_col_serial_16x16_b4.v:88$4873 ($neg).
Removed top 7 bits (of 12) from port B of cell ffn_col_serial.$add$/Users/toprakgundogdu/qwen-ffn-rom/rtl/ffn_col_serial_16x16_b4.v:97$4890 ($add).
Removed top 8 bits (of 12) from port A of cell ffn_col_serial.$neg$/Users/toprakgundogdu/qwen-ffn-rom/rtl/ffn_col_serial_16x16_b4.v:86$4910 ($neg).
Converting cell ffn_col_serial.$neg$/Users/toprakgundogdu/qwen-ffn-rom/rtl/ffn_col_serial_16x16_b4.v:86$4910 ($neg) from signed to unsigned.
Removed top 1 bits (of 4) from port A of cell ffn_col_serial.$neg$/Users/toprakgundogdu/qwen-ffn-rom/rtl/ffn_col_serial_16x16_b4.v:86$4910 ($neg).
Removed top 9 bits (of 12) from port A of cell ffn_col_serial.$neg$/Users/toprakgundogdu/qwen-ffn-rom/rtl/ffn_col_serial_16x16_b4.v:96$4965 ($neg).
Converting cell ffn_col_serial.$neg$/Users/toprakgundogdu/qwen-ffn-rom/rtl/ffn_col_serial_16x16_b4.v:96$4965 ($neg) from signed to unsigned.
Removed top 1 bits (of 3) from port A of cell ffn_col_serial.$neg$/Users/toprakgundogdu/qwen-ffn-rom/rtl/ffn_col_serial_16x16_b4.v:96$4965 ($neg).
Removed top 7 bits (of 12) from port B of cell ffn_col_serial.$add$/Users/toprakgundogdu/qwen-ffn-rom/rtl/ffn_col_serial_16x16_b4.v:96$4967 ($add).
Removed top 10 bits (of 12) from port A of cell ffn_col_serial.$neg$/Users/toprakgundogdu/qwen-ffn-rom/rtl/ffn_col_serial_16x16_b4.v:93$4974 ($neg).
Converting cell ffn_col_serial.$neg$/Users/toprakgundogdu/qwen-ffn-rom/rtl/ffn_col_serial_16x16_b4.v:93$4974 ($neg) from signed to unsigned.
Removed top 1 bits (of 2) from port A of cell ffn_col_serial.$neg$/Users/toprakgundogdu/qwen-ffn-rom/rtl/ffn_col_serial_16x16_b4.v:93$4974 ($neg).
Removed top 8 bits (of 12) from port B of cell ffn_col_serial.$add$/Users/toprakgundogdu/qwen-ffn-rom/rtl/ffn_col_serial_16x16_b4.v:93$4976 ($add).
Removed top 9 bits (of 12) from port A of cell ffn_col_serial.$neg$/Users/toprakgundogdu/qwen-ffn-rom/rtl/ffn_col_serial_16x16_b4.v:88$4984 ($neg).
Converting cell ffn_col_serial.$neg$/Users/toprakgundogdu/qwen-ffn-rom/rtl/ffn_col_serial_16x16_b4.v:88$4984 ($neg) from signed to unsigned.
Removed top 1 bits (of 3) from port A of cell ffn_col_serial.$neg$/Users/toprakgundogdu/qwen-ffn-rom/rtl/ffn_col_serial_16x16_b4.v:88$4984 ($neg).
Removed top 8 bits (of 12) from port A of cell ffn_col_serial.$neg$/Users/toprakgundogdu/qwen-ffn-rom/rtl/ffn_col_serial_16x16_b4.v:86$4992 ($neg).
Converting cell ffn_col_serial.$neg$/Users/toprakgundogdu/qwen-ffn-rom/rtl/ffn_col_serial_16x16_b4.v:86$4992 ($neg) from signed to unsigned.
Removed top 1 bits (of 4) from port A of cell ffn_col_serial.$neg$/Users/toprakgundogdu/qwen-ffn-rom/rtl/ffn_col_serial_16x16_b4.v:86$4992 ($neg).
Removed top 9 bits (of 12) from port A of cell ffn_col_serial.$neg$/Users/toprakgundogdu/qwen-ffn-rom/rtl/ffn_col_serial_16x16_b4.v:88$5000 ($neg).
Converting cell ffn_col_serial.$neg$/Users/toprakgundogdu/qwen-ffn-rom/rtl/ffn_col_serial_16x16_b4.v:88$5000 ($neg) from signed to unsigned.
Removed top 1 bits (of 3) from port A of cell ffn_col_serial.$neg$/Users/toprakgundogdu/qwen-ffn-rom/rtl/ffn_col_serial_16x16_b4.v:88$5000 ($neg).
Removed top 8 bits (of 12) from port B of cell ffn_col_serial.$sub$/Users/toprakgundogdu/qwen-ffn-rom/rtl/ffn_col_serial_16x16_b4.v:85$5010 ($sub).
Removed top 8 bits (of 12) from port A of cell ffn_col_serial.$neg$/Users/toprakgundogdu/qwen-ffn-rom/rtl/ffn_col_serial_16x16_b4.v:86$5018 ($neg).
Converting cell ffn_col_serial.$neg$/Users/toprakgundogdu/qwen-ffn-rom/rtl/ffn_col_serial_16x16_b4.v:86$5018 ($neg) from signed to unsigned.
Removed top 1 bits (of 4) from port A of cell ffn_col_serial.$neg$/Users/toprakgundogdu/qwen-ffn-rom/rtl/ffn_col_serial_16x16_b4.v:86$5018 ($neg).
Removed top 10 bits (of 12) from port A of cell ffn_col_serial.$neg$/Users/toprakgundogdu/qwen-ffn-rom/rtl/ffn_col_serial_16x16_b4.v:93$5033 ($neg).
Converting cell ffn_col_serial.$neg$/Users/toprakgundogdu/qwen-ffn-rom/rtl/ffn_col_serial_16x16_b4.v:93$5033 ($neg) from signed to unsigned.
Removed top 1 bits (of 2) from port A of cell ffn_col_serial.$neg$/Users/toprakgundogdu/qwen-ffn-rom/rtl/ffn_col_serial_16x16_b4.v:93$5033 ($neg).
Removed top 8 bits (of 12) from port B of cell ffn_col_serial.$add$/Users/toprakgundogdu/qwen-ffn-rom/rtl/ffn_col_serial_16x16_b4.v:93$5035 ($add).
Removed top 8 bits (of 12) from port B of cell ffn_col_serial.$add$/Users/toprakgundogdu/qwen-ffn-rom/rtl/ffn_col_serial_16x16_b4.v:93$5056 ($add).
Removed top 10 bits (of 12) from port A of cell ffn_col_serial.$neg$/Users/toprakgundogdu/qwen-ffn-rom/rtl/ffn_col_serial_16x16_b4.v:89$5063 ($neg).
Converting cell ffn_col_serial.$neg$/Users/toprakgundogdu/qwen-ffn-rom/rtl/ffn_col_serial_16x16_b4.v:89$5063 ($neg) from signed to unsigned.
Removed top 1 bits (of 2) from port A of cell ffn_col_serial.$neg$/Users/toprakgundogdu/qwen-ffn-rom/rtl/ffn_col_serial_16x16_b4.v:89$5063 ($neg).
Removed top 8 bits (of 12) from port A of cell ffn_col_serial.$neg$/Users/toprakgundogdu/qwen-ffn-rom/rtl/ffn_col_serial_16x16_b4.v:86$5071 ($neg).
Converting cell ffn_col_serial.$neg$/Users/toprakgundogdu/qwen-ffn-rom/rtl/ffn_col_serial_16x16_b4.v:86$5071 ($neg) from signed to unsigned.
Removed top 1 bits (of 4) from port A of cell ffn_col_serial.$neg$/Users/toprakgundogdu/qwen-ffn-rom/rtl/ffn_col_serial_16x16_b4.v:86$5071 ($neg).
Removed top 8 bits (of 12) from port B of cell ffn_col_serial.$add$/Users/toprakgundogdu/qwen-ffn-rom/rtl/ffn_col_serial_16x16_b4.v:93$5087 ($add).
Removed top 10 bits (of 12) from port A of cell ffn_col_serial.$neg$/Users/toprakgundogdu/qwen-ffn-rom/rtl/ffn_col_serial_16x16_b4.v:89$5107 ($neg).
Converting cell ffn_col_serial.$neg$/Users/toprakgundogdu/qwen-ffn-rom/rtl/ffn_col_serial_16x16_b4.v:89$5107 ($neg) from signed to unsigned.
Removed top 1 bits (of 2) from port A of cell ffn_col_serial.$neg$/Users/toprakgundogdu/qwen-ffn-rom/rtl/ffn_col_serial_16x16_b4.v:89$5107 ($neg).
Removed top 8 bits (of 12) from port B of cell ffn_col_serial.$add$/Users/toprakgundogdu/qwen-ffn-rom/rtl/ffn_col_serial_16x16_b4.v:93$5131 ($add).
Removed top 10 bits (of 12) from port A of cell ffn_col_serial.$sub$/Users/toprakgundogdu/qwen-ffn-rom/rtl/ffn_col_serial_16x16_b4.v:83$5151 ($sub).
Removed top 7 bits (of 12) from port B of cell ffn_col_serial.$sub$/Users/toprakgundogdu/qwen-ffn-rom/rtl/ffn_col_serial_16x16_b4.v:83$5151 ($sub).
Converting cell ffn_col_serial.$sub$/Users/toprakgundogdu/qwen-ffn-rom/rtl/ffn_col_serial_16x16_b4.v:83$5151 ($sub) from signed to unsigned.
Removed top 6 bits (of 12) from port Y of cell ffn_col_serial.$sub$/Users/toprakgundogdu/qwen-ffn-rom/rtl/ffn_col_serial_16x16_b4.v:83$5151 ($sub).
Removed top 1 bits (of 2) from port A of cell ffn_col_serial.$sub$/Users/toprakgundogdu/qwen-ffn-rom/rtl/ffn_col_serial_16x16_b4.v:83$5151 ($sub).
Removed top 1 bits (of 5) from port B of cell ffn_col_serial.$sub$/Users/toprakgundogdu/qwen-ffn-rom/rtl/ffn_col_serial_16x16_b4.v:83$5151 ($sub).
Removed top 1 bits (of 6) from port Y of cell ffn_col_serial.$sub$/Users/toprakgundogdu/qwen-ffn-rom/rtl/ffn_col_serial_16x16_b4.v:83$5151 ($sub).
Removed top 10 bits (of 12) from port A of cell ffn_col_serial.$neg$/Users/toprakgundogdu/qwen-ffn-rom/rtl/ffn_col_serial_16x16_b4.v:89$5170 ($neg).
Converting cell ffn_col_serial.$neg$/Users/toprakgundogdu/qwen-ffn-rom/rtl/ffn_col_serial_16x16_b4.v:89$5170 ($neg) from signed to unsigned.
Removed top 1 bits (of 2) from port A of cell ffn_col_serial.$neg$/Users/toprakgundogdu/qwen-ffn-rom/rtl/ffn_col_serial_16x16_b4.v:89$5170 ($neg).
Removed top 10 bits (of 12) from port A of cell ffn_col_serial.$neg$/Users/toprakgundogdu/qwen-ffn-rom/rtl/ffn_col_serial_16x16_b4.v:89$5220 ($neg).
Converting cell ffn_col_serial.$neg$/Users/toprakgundogdu/qwen-ffn-rom/rtl/ffn_col_serial_16x16_b4.v:89$5220 ($neg) from signed to unsigned.
Removed top 1 bits (of 2) from port A of cell ffn_col_serial.$neg$/Users/toprakgundogdu/qwen-ffn-rom/rtl/ffn_col_serial_16x16_b4.v:89$5220 ($neg).
Removed top 10 bits (of 12) from port A of cell ffn_col_serial.$neg$/Users/toprakgundogdu/qwen-ffn-rom/rtl/ffn_col_serial_16x16_b4.v:89$5234 ($neg).
Converting cell ffn_col_serial.$neg$/Users/toprakgundogdu/qwen-ffn-rom/rtl/ffn_col_serial_16x16_b4.v:89$5234 ($neg) from signed to unsigned.
Removed top 1 bits (of 2) from port A of cell ffn_col_serial.$neg$/Users/toprakgundogdu/qwen-ffn-rom/rtl/ffn_col_serial_16x16_b4.v:89$5234 ($neg).
Removed top 9 bits (of 12) from port A of cell ffn_col_serial.$neg$/Users/toprakgundogdu/qwen-ffn-rom/rtl/ffn_col_serial_16x16_b4.v:88$5242 ($neg).
Converting cell ffn_col_serial.$neg$/Users/toprakgundogdu/qwen-ffn-rom/rtl/ffn_col_serial_16x16_b4.v:88$5242 ($neg) from signed to unsigned.
Removed top 1 bits (of 3) from port A of cell ffn_col_serial.$neg$/Users/toprakgundogdu/qwen-ffn-rom/rtl/ffn_col_serial_16x16_b4.v:88$5242 ($neg).
Removed top 10 bits (of 12) from port A of cell ffn_col_serial.$sub$/Users/toprakgundogdu/qwen-ffn-rom/rtl/ffn_col_serial_16x16_b4.v:83$5250 ($sub).
Removed top 7 bits (of 12) from port B of cell ffn_col_serial.$sub$/Users/toprakgundogdu/qwen-ffn-rom/rtl/ffn_col_serial_16x16_b4.v:83$5250 ($sub).
Converting cell ffn_col_serial.$sub$/Users/toprakgundogdu/qwen-ffn-rom/rtl/ffn_col_serial_16x16_b4.v:83$5250 ($sub) from signed to unsigned.
Removed top 6 bits (of 12) from port Y of cell ffn_col_serial.$sub$/Users/toprakgundogdu/qwen-ffn-rom/rtl/ffn_col_serial_16x16_b4.v:83$5250 ($sub).
Removed top 1 bits (of 2) from port A of cell ffn_col_serial.$sub$/Users/toprakgundogdu/qwen-ffn-rom/rtl/ffn_col_serial_16x16_b4.v:83$5250 ($sub).
Removed top 1 bits (of 5) from port B of cell ffn_col_serial.$sub$/Users/toprakgundogdu/qwen-ffn-rom/rtl/ffn_col_serial_16x16_b4.v:83$5250 ($sub).
Removed top 1 bits (of 6) from port Y of cell ffn_col_serial.$sub$/Users/toprakgundogdu/qwen-ffn-rom/rtl/ffn_col_serial_16x16_b4.v:83$5250 ($sub).
Removed top 10 bits (of 12) from port A of cell ffn_col_serial.$add$/Users/toprakgundogdu/qwen-ffn-rom/rtl/ffn_col_serial_16x16_b4.v:95$5258 ($add).
Removed top 8 bits (of 12) from port B of cell ffn_col_serial.$add$/Users/toprakgundogdu/qwen-ffn-rom/rtl/ffn_col_serial_16x16_b4.v:95$5258 ($add).
Converting cell ffn_col_serial.$add$/Users/toprakgundogdu/qwen-ffn-rom/rtl/ffn_col_serial_16x16_b4.v:95$5258 ($add) from signed to unsigned.
Removed top 7 bits (of 12) from port Y of cell ffn_col_serial.$add$/Users/toprakgundogdu/qwen-ffn-rom/rtl/ffn_col_serial_16x16_b4.v:95$5258 ($add).
Removed top 1 bits (of 2) from port A of cell ffn_col_serial.$add$/Users/toprakgundogdu/qwen-ffn-rom/rtl/ffn_col_serial_16x16_b4.v:95$5258 ($add).
Removed top 1 bits (of 4) from port B of cell ffn_col_serial.$add$/Users/toprakgundogdu/qwen-ffn-rom/rtl/ffn_col_serial_16x16_b4.v:95$5258 ($add).
Removed top 1 bits (of 5) from port Y of cell ffn_col_serial.$add$/Users/toprakgundogdu/qwen-ffn-rom/rtl/ffn_col_serial_16x16_b4.v:95$5258 ($add).
Removed top 10 bits (of 12) from port A of cell ffn_col_serial.$neg$/Users/toprakgundogdu/qwen-ffn-rom/rtl/ffn_col_serial_16x16_b4.v:93$5271 ($neg).
Converting cell ffn_col_serial.$neg$/Users/toprakgundogdu/qwen-ffn-rom/rtl/ffn_col_serial_16x16_b4.v:93$5271 ($neg) from signed to unsigned.
Removed top 1 bits (of 2) from port A of cell ffn_col_serial.$neg$/Users/toprakgundogdu/qwen-ffn-rom/rtl/ffn_col_serial_16x16_b4.v:93$5271 ($neg).
Removed top 8 bits (of 12) from port B of cell ffn_col_serial.$add$/Users/toprakgundogdu/qwen-ffn-rom/rtl/ffn_col_serial_16x16_b4.v:93$5273 ($add).
Removed top 8 bits (of 12) from port A of cell ffn_col_serial.$neg$/Users/toprakgundogdu/qwen-ffn-rom/rtl/ffn_col_serial_16x16_b4.v:86$5281 ($neg).
Converting cell ffn_col_serial.$neg$/Users/toprakgundogdu/qwen-ffn-rom/rtl/ffn_col_serial_16x16_b4.v:86$5281 ($neg) from signed to unsigned.
Removed top 1 bits (of 4) from port A of cell ffn_col_serial.$neg$/Users/toprakgundogdu/qwen-ffn-rom/rtl/ffn_col_serial_16x16_b4.v:86$5281 ($neg).
Removed top 9 bits (of 12) from port A of cell ffn_col_serial.$neg$/Users/toprakgundogdu/qwen-ffn-rom/rtl/ffn_col_serial_16x16_b4.v:88$5289 ($neg).
Converting cell ffn_col_serial.$neg$/Users/toprakgundogdu/qwen-ffn-rom/rtl/ffn_col_serial_16x16_b4.v:88$5289 ($neg) from signed to unsigned.
Removed top 1 bits (of 3) from port A of cell ffn_col_serial.$neg$/Users/toprakgundogdu/qwen-ffn-rom/rtl/ffn_col_serial_16x16_b4.v:88$5289 ($neg).
Removed top 10 bits (of 12) from port A of cell ffn_col_serial.$neg$/Users/toprakgundogdu/qwen-ffn-rom/rtl/ffn_col_serial_16x16_b4.v:89$5296 ($neg).
Converting cell ffn_col_serial.$neg$/Users/toprakgundogdu/qwen-ffn-rom/rtl/ffn_col_serial_16x16_b4.v:89$5296 ($neg) from signed to unsigned.
Removed top 1 bits (of 2) from port A of cell ffn_col_serial.$neg$/Users/toprakgundogdu/qwen-ffn-rom/rtl/ffn_col_serial_16x16_b4.v:89$5296 ($neg).
Removed top 10 bits (of 12) from port A of cell ffn_col_serial.$neg$/Users/toprakgundogdu/qwen-ffn-rom/rtl/ffn_col_serial_16x16_b4.v:93$5303 ($neg).
Converting cell ffn_col_serial.$neg$/Users/toprakgundogdu/qwen-ffn-rom/rtl/ffn_col_serial_16x16_b4.v:93$5303 ($neg) from signed to unsigned.
Removed top 1 bits (of 2) from port A of cell ffn_col_serial.$neg$/Users/toprakgundogdu/qwen-ffn-rom/rtl/ffn_col_serial_16x16_b4.v:93$5303 ($neg).
Removed top 8 bits (of 12) from port B of cell ffn_col_serial.$add$/Users/toprakgundogdu/qwen-ffn-rom/rtl/ffn_col_serial_16x16_b4.v:93$5305 ($add).
Removed top 10 bits (of 12) from port A of cell ffn_col_serial.$neg$/Users/toprakgundogdu/qwen-ffn-rom/rtl/ffn_col_serial_16x16_b4.v:89$5312 ($neg).
Converting cell ffn_col_serial.$neg$/Users/toprakgundogdu/qwen-ffn-rom/rtl/ffn_col_serial_16x16_b4.v:89$5312 ($neg) from signed to unsigned.
Removed top 1 bits (of 2) from port A of cell ffn_col_serial.$neg$/Users/toprakgundogdu/qwen-ffn-rom/rtl/ffn_col_serial_16x16_b4.v:89$5312 ($neg).
Removed top 10 bits (of 12) from port A of cell ffn_col_serial.$neg$/Users/toprakgundogdu/qwen-ffn-rom/rtl/ffn_col_serial_16x16_b4.v:85$5319 ($neg).
Converting cell ffn_col_serial.$neg$/Users/toprakgundogdu/qwen-ffn-rom/rtl/ffn_col_serial_16x16_b4.v:85$5319 ($neg) from signed to unsigned.
Removed top 1 bits (of 2) from port A of cell ffn_col_serial.$neg$/Users/toprakgundogdu/qwen-ffn-rom/rtl/ffn_col_serial_16x16_b4.v:85$5319 ($neg).
Removed top 8 bits (of 12) from port B of cell ffn_col_serial.$sub$/Users/toprakgundogdu/qwen-ffn-rom/rtl/ffn_col_serial_16x16_b4.v:85$5321 ($sub).
Removed top 10 bits (of 12) from port A of cell ffn_col_serial.$add$/Users/toprakgundogdu/qwen-ffn-rom/rtl/ffn_col_serial_16x16_b4.v:95$5329 ($add).
Removed top 8 bits (of 12) from port B of cell ffn_col_serial.$add$/Users/toprakgundogdu/qwen-ffn-rom/rtl/ffn_col_serial_16x16_b4.v:95$5329 ($add).
Converting cell ffn_col_serial.$add$/Users/toprakgundogdu/qwen-ffn-rom/rtl/ffn_col_serial_16x16_b4.v:95$5329 ($add) from signed to unsigned.
Removed top 7 bits (of 12) from port Y of cell ffn_col_serial.$add$/Users/toprakgundogdu/qwen-ffn-rom/rtl/ffn_col_serial_16x16_b4.v:95$5329 ($add).
Removed top 1 bits (of 2) from port A of cell ffn_col_serial.$add$/Users/toprakgundogdu/qwen-ffn-rom/rtl/ffn_col_serial_16x16_b4.v:95$5329 ($add).
Removed top 1 bits (of 4) from port B of cell ffn_col_serial.$add$/Users/toprakgundogdu/qwen-ffn-rom/rtl/ffn_col_serial_16x16_b4.v:95$5329 ($add).
Removed top 1 bits (of 5) from port Y of cell ffn_col_serial.$add$/Users/toprakgundogdu/qwen-ffn-rom/rtl/ffn_col_serial_16x16_b4.v:95$5329 ($add).
Removed top 10 bits (of 12) from port A of cell ffn_col_serial.$sub$/Users/toprakgundogdu/qwen-ffn-rom/rtl/ffn_col_serial_16x16_b4.v:87$5344 ($sub).
Removed top 8 bits (of 12) from port B of cell ffn_col_serial.$sub$/Users/toprakgundogdu/qwen-ffn-rom/rtl/ffn_col_serial_16x16_b4.v:87$5344 ($sub).
Converting cell ffn_col_serial.$sub$/Users/toprakgundogdu/qwen-ffn-rom/rtl/ffn_col_serial_16x16_b4.v:87$5344 ($sub) from signed to unsigned.
Removed top 7 bits (of 12) from port Y of cell ffn_col_serial.$sub$/Users/toprakgundogdu/qwen-ffn-rom/rtl/ffn_col_serial_16x16_b4.v:87$5344 ($sub).
Removed top 1 bits (of 2) from port A of cell ffn_col_serial.$sub$/Users/toprakgundogdu/qwen-ffn-rom/rtl/ffn_col_serial_16x16_b4.v:87$5344 ($sub).
Removed top 1 bits (of 4) from port B of cell ffn_col_serial.$sub$/Users/toprakgundogdu/qwen-ffn-rom/rtl/ffn_col_serial_16x16_b4.v:87$5344 ($sub).
Removed top 1 bits (of 5) from port Y of cell ffn_col_serial.$sub$/Users/toprakgundogdu/qwen-ffn-rom/rtl/ffn_col_serial_16x16_b4.v:87$5344 ($sub).
Removed top 10 bits (of 12) from port A of cell ffn_col_serial.$neg$/Users/toprakgundogdu/qwen-ffn-rom/rtl/ffn_col_serial_16x16_b4.v:85$5351 ($neg).
Converting cell ffn_col_serial.$neg$/Users/toprakgundogdu/qwen-ffn-rom/rtl/ffn_col_serial_16x16_b4.v:85$5351 ($neg) from signed to unsigned.
Removed top 1 bits (of 2) from port A of cell ffn_col_serial.$neg$/Users/toprakgundogdu/qwen-ffn-rom/rtl/ffn_col_serial_16x16_b4.v:85$5351 ($neg).
Removed top 8 bits (of 12) from port B of cell ffn_col_serial.$sub$/Users/toprakgundogdu/qwen-ffn-rom/rtl/ffn_col_serial_16x16_b4.v:85$5353 ($sub).
Removed top 16 bits (of 32) from port A of cell ffn_col_serial.$sshl$/Users/toprakgundogdu/qwen-ffn-rom/rtl/ffn_col_serial_16x16_b4.v:138$5408 ($sshl).
Removed top 16 bits (of 32) from port A of cell ffn_col_serial.$sshl$/Users/toprakgundogdu/qwen-ffn-rom/rtl/ffn_col_serial_16x16_b4.v:138$5431 ($sshl).
Removed top 16 bits (of 32) from port A of cell ffn_col_serial.$sshl$/Users/toprakgundogdu/qwen-ffn-rom/rtl/ffn_col_serial_16x16_b4.v:138$5454 ($sshl).
Removed top 16 bits (of 32) from port A of cell ffn_col_serial.$sshl$/Users/toprakgundogdu/qwen-ffn-rom/rtl/ffn_col_serial_16x16_b4.v:138$5477 ($sshl).
Removed top 16 bits (of 32) from port A of cell ffn_col_serial.$sshl$/Users/toprakgundogdu/qwen-ffn-rom/rtl/ffn_col_serial_16x16_b4.v:138$5500 ($sshl).
Removed top 16 bits (of 32) from port A of cell ffn_col_serial.$sshl$/Users/toprakgundogdu/qwen-ffn-rom/rtl/ffn_col_serial_16x16_b4.v:138$5523 ($sshl).
Removed top 16 bits (of 32) from port A of cell ffn_col_serial.$sshl$/Users/toprakgundogdu/qwen-ffn-rom/rtl/ffn_col_serial_16x16_b4.v:138$5546 ($sshl).
Removed top 16 bits (of 32) from port A of cell ffn_col_serial.$sshl$/Users/toprakgundogdu/qwen-ffn-rom/rtl/ffn_col_serial_16x16_b4.v:138$5569 ($sshl).
Removed top 16 bits (of 32) from port A of cell ffn_col_serial.$sshl$/Users/toprakgundogdu/qwen-ffn-rom/rtl/ffn_col_serial_16x16_b4.v:138$5592 ($sshl).
Removed top 16 bits (of 32) from port A of cell ffn_col_serial.$sshl$/Users/toprakgundogdu/qwen-ffn-rom/rtl/ffn_col_serial_16x16_b4.v:138$5615 ($sshl).
Removed top 16 bits (of 32) from port A of cell ffn_col_serial.$sshl$/Users/toprakgundogdu/qwen-ffn-rom/rtl/ffn_col_serial_16x16_b4.v:138$5638 ($sshl).
Removed top 16 bits (of 32) from port A of cell ffn_col_serial.$sshl$/Users/toprakgundogdu/qwen-ffn-rom/rtl/ffn_col_serial_16x16_b4.v:138$5661 ($sshl).
Removed top 16 bits (of 32) from port A of cell ffn_col_serial.$sshl$/Users/toprakgundogdu/qwen-ffn-rom/rtl/ffn_col_serial_16x16_b4.v:138$5684 ($sshl).
Removed top 16 bits (of 32) from port A of cell ffn_col_serial.$sshl$/Users/toprakgundogdu/qwen-ffn-rom/rtl/ffn_col_serial_16x16_b4.v:138$5707 ($sshl).
Removed top 16 bits (of 32) from port A of cell ffn_col_serial.$sshl$/Users/toprakgundogdu/qwen-ffn-rom/rtl/ffn_col_serial_16x16_b4.v:138$5730 ($sshl).
Removed top 16 bits (of 32) from port A of cell ffn_col_serial.$sshl$/Users/toprakgundogdu/qwen-ffn-rom/rtl/ffn_col_serial_16x16_b4.v:138$5753 ($sshl).
Removed top 4 bits (of 16) from port B of cell ffn_col_serial.$flatten\g_row[0].u_tree.$add$/Users/toprakgundogdu/qwen-ffn-rom/rtl/ffn_col_serial_16x16_b4.v:19$2937 ($add).
Removed top 14 bits (of 16) from port B of cell ffn_col_serial.$flatten\g_row[0].u_tree.$add$/Users/toprakgundogdu/qwen-ffn-rom/rtl/ffn_col_serial_16x16_b4.v:19$2936 ($add).
Removed top 14 bits (of 16) from port B of cell ffn_col_serial.$flatten\g_row[0].u_tree.$add$/Users/toprakgundogdu/qwen-ffn-rom/rtl/ffn_col_serial_16x16_b4.v:19$2935 ($add).
Removed top 14 bits (of 16) from port B of cell ffn_col_serial.$flatten\g_row[0].u_tree.$add$/Users/toprakgundogdu/qwen-ffn-rom/rtl/ffn_col_serial_16x16_b4.v:19$2934 ($add).
Removed top 14 bits (of 16) from port B of cell ffn_col_serial.$flatten\g_row[0].u_tree.$add$/Users/toprakgundogdu/qwen-ffn-rom/rtl/ffn_col_serial_16x16_b4.v:19$2931 ($add).
Removed top 14 bits (of 16) from port B of cell ffn_col_serial.$flatten\g_row[0].u_tree.$add$/Users/toprakgundogdu/qwen-ffn-rom/rtl/ffn_col_serial_16x16_b4.v:19$2929 ($add).
Removed top 14 bits (of 16) from port B of cell ffn_col_serial.$flatten\g_row[0].u_tree.$add$/Users/toprakgundogdu/qwen-ffn-rom/rtl/ffn_col_serial_16x16_b4.v:19$2928 ($add).
Removed top 4 bits (of 16) from port B of cell ffn_col_serial.$flatten\g_row[0].u_tree.$add$/Users/toprakgundogdu/qwen-ffn-rom/rtl/ffn_col_serial_16x16_b4.v:19$2927 ($add).
Removed top 11 bits (of 16) from port B of cell ffn_col_serial.$flatten\g_row[0].u_tree.$add$/Users/toprakgundogdu/qwen-ffn-rom/rtl/ffn_col_serial_16x16_b4.v:19$2926 ($add).
Removed top 14 bits (of 16) from port B of cell ffn_col_serial.$flatten\g_row[0].u_tree.$add$/Users/toprakgundogdu/qwen-ffn-rom/rtl/ffn_col_serial_16x16_b4.v:19$2925 ($add).
Converting cell ffn_col_serial.$flatten\g_row[0].u_tree.$add$/Users/toprakgundogdu/qwen-ffn-rom/rtl/ffn_col_serial_16x16_b4.v:19$2924 ($add) from unsigned to signed.
Removed top 12 bits (of 16) from port A of cell ffn_col_serial.$flatten\g_row[0].u_tree.$add$/Users/toprakgundogdu/qwen-ffn-rom/rtl/ffn_col_serial_16x16_b4.v:19$2924 ($add).
Removed top 14 bits (of 16) from port B of cell ffn_col_serial.$flatten\g_row[0].u_tree.$add$/Users/toprakgundogdu/qwen-ffn-rom/rtl/ffn_col_serial_16x16_b4.v:19$2924 ($add).
Removed top 11 bits (of 16) from port Y of cell ffn_col_serial.$flatten\g_row[0].u_tree.$add$/Users/toprakgundogdu/qwen-ffn-rom/rtl/ffn_col_serial_16x16_b4.v:19$2924 ($add).
Removed top 13 bits (of 16) from port B of cell ffn_col_serial.$flatten\g_row[1].u_tree.$add$/Users/toprakgundogdu/qwen-ffn-rom/rtl/ffn_col_serial_16x16_b4.v:19$2937 ($add).
Removed top 4 bits (of 16) from port B of cell ffn_col_serial.$flatten\g_row[1].u_tree.$add$/Users/toprakgundogdu/qwen-ffn-rom/rtl/ffn_col_serial_16x16_b4.v:19$2934 ($add).
Removed top 4 bits (of 16) from port B of cell ffn_col_serial.$flatten\g_row[1].u_tree.$add$/Users/toprakgundogdu/qwen-ffn-rom/rtl/ffn_col_serial_16x16_b4.v:19$2933 ($add).
Removed top 14 bits (of 16) from port B of cell ffn_col_serial.$flatten\g_row[1].u_tree.$add$/Users/toprakgundogdu/qwen-ffn-rom/rtl/ffn_col_serial_16x16_b4.v:19$2932 ($add).
Removed top 14 bits (of 16) from port B of cell ffn_col_serial.$flatten\g_row[1].u_tree.$add$/Users/toprakgundogdu/qwen-ffn-rom/rtl/ffn_col_serial_16x16_b4.v:19$2931 ($add).
Removed top 13 bits (of 16) from port B of cell ffn_col_serial.$flatten\g_row[1].u_tree.$add$/Users/toprakgundogdu/qwen-ffn-rom/rtl/ffn_col_serial_16x16_b4.v:19$2930 ($add).
Removed top 11 bits (of 16) from port B of cell ffn_col_serial.$flatten\g_row[1].u_tree.$add$/Users/toprakgundogdu/qwen-ffn-rom/rtl/ffn_col_serial_16x16_b4.v:19$2927 ($add).
Removed top 4 bits (of 16) from port B of cell ffn_col_serial.$flatten\g_row[1].u_tree.$add$/Users/toprakgundogdu/qwen-ffn-rom/rtl/ffn_col_serial_16x16_b4.v:19$2926 ($add).
Removed top 11 bits (of 16) from port B of cell ffn_col_serial.$flatten\g_row[1].u_tree.$add$/Users/toprakgundogdu/qwen-ffn-rom/rtl/ffn_col_serial_16x16_b4.v:19$2925 ($add).
Removed top 14 bits (of 16) from port B of cell ffn_col_serial.$flatten\g_row[1].u_tree.$add$/Users/toprakgundogdu/qwen-ffn-rom/rtl/ffn_col_serial_16x16_b4.v:19$2924 ($add).
Converting cell ffn_col_serial.$flatten\g_row[1].u_tree.$add$/Users/toprakgundogdu/qwen-ffn-rom/rtl/ffn_col_serial_16x16_b4.v:19$2923 ($add) from unsigned to signed.
Removed top 14 bits (of 16) from port A of cell ffn_col_serial.$flatten\g_row[1].u_tree.$add$/Users/toprakgundogdu/qwen-ffn-rom/rtl/ffn_col_serial_16x16_b4.v:19$2923 ($add).
Removed top 4 bits (of 16) from port B of cell ffn_col_serial.$flatten\g_row[1].u_tree.$add$/Users/toprakgundogdu/qwen-ffn-rom/rtl/ffn_col_serial_16x16_b4.v:19$2923 ($add).
Removed top 3 bits (of 16) from port Y of cell ffn_col_serial.$flatten\g_row[1].u_tree.$add$/Users/toprakgundogdu/qwen-ffn-rom/rtl/ffn_col_serial_16x16_b4.v:19$2923 ($add).
Removed top 14 bits (of 16) from port B of cell ffn_col_serial.$flatten\g_row[2].u_tree.$add$/Users/toprakgundogdu/qwen-ffn-rom/rtl/ffn_col_serial_16x16_b4.v:19$2937 ($add).
Removed top 4 bits (of 16) from port B of cell ffn_col_serial.$flatten\g_row[2].u_tree.$add$/Users/toprakgundogdu/qwen-ffn-rom/rtl/ffn_col_serial_16x16_b4.v:19$2936 ($add).
Removed top 4 bits (of 16) from port B of cell ffn_col_serial.$flatten\g_row[2].u_tree.$add$/Users/toprakgundogdu/qwen-ffn-rom/rtl/ffn_col_serial_16x16_b4.v:19$2935 ($add).
Removed top 4 bits (of 16) from port B of cell ffn_col_serial.$flatten\g_row[2].u_tree.$add$/Users/toprakgundogdu/qwen-ffn-rom/rtl/ffn_col_serial_16x16_b4.v:19$2934 ($add).
Removed top 11 bits (of 16) from port B of cell ffn_col_serial.$flatten\g_row[2].u_tree.$add$/Users/toprakgundogdu/qwen-ffn-rom/rtl/ffn_col_serial_16x16_b4.v:19$2933 ($add).
Removed top 12 bits (of 16) from port B of cell ffn_col_serial.$flatten\g_row[2].u_tree.$add$/Users/toprakgundogdu/qwen-ffn-rom/rtl/ffn_col_serial_16x16_b4.v:19$2932 ($add).
Removed top 11 bits (of 16) from port B of cell ffn_col_serial.$flatten\g_row[2].u_tree.$add$/Users/toprakgundogdu/qwen-ffn-rom/rtl/ffn_col_serial_16x16_b4.v:19$2931 ($add).
Removed top 4 bits (of 16) from port B of cell ffn_col_serial.$flatten\g_row[2].u_tree.$add$/Users/toprakgundogdu/qwen-ffn-rom/rtl/ffn_col_serial_16x16_b4.v:19$2930 ($add).
Removed top 11 bits (of 16) from port B of cell ffn_col_serial.$flatten\g_row[2].u_tree.$add$/Users/toprakgundogdu/qwen-ffn-rom/rtl/ffn_col_serial_16x16_b4.v:19$2929 ($add).
Removed top 14 bits (of 16) from port B of cell ffn_col_serial.$flatten\g_row[2].u_tree.$add$/Users/toprakgundogdu/qwen-ffn-rom/rtl/ffn_col_serial_16x16_b4.v:19$2928 ($add).
Removed top 4 bits (of 16) from port B of cell ffn_col_serial.$flatten\g_row[2].u_tree.$add$/Users/toprakgundogdu/qwen-ffn-rom/rtl/ffn_col_serial_16x16_b4.v:19$2927 ($add).
Removed top 12 bits (of 16) from port B of cell ffn_col_serial.$flatten\g_row[2].u_tree.$add$/Users/toprakgundogdu/qwen-ffn-rom/rtl/ffn_col_serial_16x16_b4.v:19$2926 ($add).
Removed top 11 bits (of 16) from port B of cell ffn_col_serial.$flatten\g_row[2].u_tree.$add$/Users/toprakgundogdu/qwen-ffn-rom/rtl/ffn_col_serial_16x16_b4.v:19$2925 ($add).
Removed top 13 bits (of 16) from port B of cell ffn_col_serial.$flatten\g_row[2].u_tree.$add$/Users/toprakgundogdu/qwen-ffn-rom/rtl/ffn_col_serial_16x16_b4.v:19$2924 ($add).
Converting cell ffn_col_serial.$flatten\g_row[2].u_tree.$add$/Users/toprakgundogdu/qwen-ffn-rom/rtl/ffn_col_serial_16x16_b4.v:19$2923 ($add) from unsigned to signed.
Removed top 4 bits (of 16) from port A of cell ffn_col_serial.$flatten\g_row[2].u_tree.$add$/Users/toprakgundogdu/qwen-ffn-rom/rtl/ffn_col_serial_16x16_b4.v:19$2923 ($add).
Removed top 12 bits (of 16) from port B of cell ffn_col_serial.$flatten\g_row[2].u_tree.$add$/Users/toprakgundogdu/qwen-ffn-rom/rtl/ffn_col_serial_16x16_b4.v:19$2923 ($add).
Removed top 3 bits (of 16) from port Y of cell ffn_col_serial.$flatten\g_row[2].u_tree.$add$/Users/toprakgundogdu/qwen-ffn-rom/rtl/ffn_col_serial_16x16_b4.v:19$2923 ($add).
Removed top 4 bits (of 16) from port B of cell ffn_col_serial.$flatten\g_row[3].u_tree.$add$/Users/toprakgundogdu/qwen-ffn-rom/rtl/ffn_col_serial_16x16_b4.v:19$2937 ($add).
Removed top 11 bits (of 16) from port B of cell ffn_col_serial.$flatten\g_row[3].u_tree.$add$/Users/toprakgundogdu/qwen-ffn-rom/rtl/ffn_col_serial_16x16_b4.v:19$2936 ($add).
Removed top 4 bits (of 16) from port B of cell ffn_col_serial.$flatten\g_row[3].u_tree.$add$/Users/toprakgundogdu/qwen-ffn-rom/rtl/ffn_col_serial_16x16_b4.v:19$2935 ($add).
Removed top 11 bits (of 16) from port B of cell ffn_col_serial.$flatten\g_row[3].u_tree.$add$/Users/toprakgundogdu/qwen-ffn-rom/rtl/ffn_col_serial_16x16_b4.v:19$2934 ($add).
Removed top 4 bits (of 16) from port B of cell ffn_col_serial.$flatten\g_row[3].u_tree.$add$/Users/toprakgundogdu/qwen-ffn-rom/rtl/ffn_col_serial_16x16_b4.v:19$2932 ($add).
Removed top 14 bits (of 16) from port B of cell ffn_col_serial.$flatten\g_row[3].u_tree.$add$/Users/toprakgundogdu/qwen-ffn-rom/rtl/ffn_col_serial_16x16_b4.v:19$2931 ($add).
Removed top 11 bits (of 16) from port B of cell ffn_col_serial.$flatten\g_row[3].u_tree.$add$/Users/toprakgundogdu/qwen-ffn-rom/rtl/ffn_col_serial_16x16_b4.v:19$2930 ($add).
Removed top 14 bits (of 16) from port B of cell ffn_col_serial.$flatten\g_row[3].u_tree.$add$/Users/toprakgundogdu/qwen-ffn-rom/rtl/ffn_col_serial_16x16_b4.v:19$2929 ($add).
Removed top 11 bits (of 16) from port B of cell ffn_col_serial.$flatten\g_row[3].u_tree.$add$/Users/toprakgundogdu/qwen-ffn-rom/rtl/ffn_col_serial_16x16_b4.v:19$2928 ($add).
Removed top 4 bits (of 16) from port B of cell ffn_col_serial.$flatten\g_row[3].u_tree.$add$/Users/toprakgundogdu/qwen-ffn-rom/rtl/ffn_col_serial_16x16_b4.v:19$2927 ($add).
Removed top 4 bits (of 16) from port B of cell ffn_col_serial.$flatten\g_row[3].u_tree.$add$/Users/toprakgundogdu/qwen-ffn-rom/rtl/ffn_col_serial_16x16_b4.v:19$2926 ($add).
Removed top 11 bits (of 16) from port B of cell ffn_col_serial.$flatten\g_row[3].u_tree.$add$/Users/toprakgundogdu/qwen-ffn-rom/rtl/ffn_col_serial_16x16_b4.v:19$2925 ($add).
Removed top 13 bits (of 16) from port B of cell ffn_col_serial.$flatten\g_row[3].u_tree.$add$/Users/toprakgundogdu/qwen-ffn-rom/rtl/ffn_col_serial_16x16_b4.v:19$2924 ($add).
Removed top 13 bits (of 16) from port A of cell ffn_col_serial.$flatten\g_row[3].u_tree.$add$/Users/toprakgundogdu/qwen-ffn-rom/rtl/ffn_col_serial_16x16_b4.v:19$2923 ($add).
Removed top 12 bits (of 16) from port B of cell ffn_col_serial.$flatten\g_row[3].u_tree.$add$/Users/toprakgundogdu/qwen-ffn-rom/rtl/ffn_col_serial_16x16_b4.v:19$2923 ($add).
Converting cell ffn_col_serial.$flatten\g_row[3].u_tree.$add$/Users/toprakgundogdu/qwen-ffn-rom/rtl/ffn_col_serial_16x16_b4.v:19$2923 ($add) from signed to unsigned.
Removed top 11 bits (of 16) from port Y of cell ffn_col_serial.$flatten\g_row[3].u_tree.$add$/Users/toprakgundogdu/qwen-ffn-rom/rtl/ffn_col_serial_16x16_b4.v:19$2923 ($add).
Removed top 1 bits (of 3) from port A of cell ffn_col_serial.$flatten\g_row[3].u_tree.$add$/Users/toprakgundogdu/qwen-ffn-rom/rtl/ffn_col_serial_16x16_b4.v:19$2923 ($add).
Removed top 1 bits (of 4) from port B of cell ffn_col_serial.$flatten\g_row[3].u_tree.$add$/Users/toprakgundogdu/qwen-ffn-rom/rtl/ffn_col_serial_16x16_b4.v:19$2923 ($add).
Removed top 1 bits (of 5) from port Y of cell ffn_col_serial.$flatten\g_row[3].u_tree.$add$/Users/toprakgundogdu/qwen-ffn-rom/rtl/ffn_col_serial_16x16_b4.v:19$2923 ($add).
Removed top 4 bits (of 16) from port B of cell ffn_col_serial.$flatten\g_row[4].u_tree.$add$/Users/toprakgundogdu/qwen-ffn-rom/rtl/ffn_col_serial_16x16_b4.v:19$2937 ($add).
Removed top 4 bits (of 16) from port B of cell ffn_col_serial.$flatten\g_row[4].u_tree.$add$/Users/toprakgundogdu/qwen-ffn-rom/rtl/ffn_col_serial_16x16_b4.v:19$2936 ($add).
Removed top 4 bits (of 16) from port B of cell ffn_col_serial.$flatten\g_row[4].u_tree.$add$/Users/toprakgundogdu/qwen-ffn-rom/rtl/ffn_col_serial_16x16_b4.v:19$2935 ($add).
Removed top 14 bits (of 16) from port B of cell ffn_col_serial.$flatten\g_row[4].u_tree.$add$/Users/toprakgundogdu/qwen-ffn-rom/rtl/ffn_col_serial_16x16_b4.v:19$2933 ($add).
Removed top 14 bits (of 16) from port B of cell ffn_col_serial.$flatten\g_row[4].u_tree.$add$/Users/toprakgundogdu/qwen-ffn-rom/rtl/ffn_col_serial_16x16_b4.v:19$2932 ($add).
Removed top 4 bits (of 16) from port B of cell ffn_col_serial.$flatten\g_row[4].u_tree.$add$/Users/toprakgundogdu/qwen-ffn-rom/rtl/ffn_col_serial_16x16_b4.v:19$2931 ($add).
Removed top 4 bits (of 16) from port B of cell ffn_col_serial.$flatten\g_row[4].u_tree.$add$/Users/toprakgundogdu/qwen-ffn-rom/rtl/ffn_col_serial_16x16_b4.v:19$2930 ($add).
Removed top 4 bits (of 16) from port B of cell ffn_col_serial.$flatten\g_row[4].u_tree.$add$/Users/toprakgundogdu/qwen-ffn-rom/rtl/ffn_col_serial_16x16_b4.v:19$2929 ($add).
Removed top 14 bits (of 16) from port B of cell ffn_col_serial.$flatten\g_row[4].u_tree.$add$/Users/toprakgundogdu/qwen-ffn-rom/rtl/ffn_col_serial_16x16_b4.v:19$2928 ($add).
Removed top 11 bits (of 16) from port B of cell ffn_col_serial.$flatten\g_row[4].u_tree.$add$/Users/toprakgundogdu/qwen-ffn-rom/rtl/ffn_col_serial_16x16_b4.v:19$2927 ($add).
Removed top 12 bits (of 16) from port B of cell ffn_col_serial.$flatten\g_row[4].u_tree.$add$/Users/toprakgundogdu/qwen-ffn-rom/rtl/ffn_col_serial_16x16_b4.v:19$2926 ($add).
Removed top 12 bits (of 16) from port B of cell ffn_col_serial.$flatten\g_row[4].u_tree.$add$/Users/toprakgundogdu/qwen-ffn-rom/rtl/ffn_col_serial_16x16_b4.v:19$2925 ($add).
Removed top 13 bits (of 16) from port B of cell ffn_col_serial.$flatten\g_row[4].u_tree.$add$/Users/toprakgundogdu/qwen-ffn-rom/rtl/ffn_col_serial_16x16_b4.v:19$2924 ($add).
Converting cell ffn_col_serial.$flatten\g_row[4].u_tree.$add$/Users/toprakgundogdu/qwen-ffn-rom/rtl/ffn_col_serial_16x16_b4.v:19$2923 ($add) from unsigned to signed.
Removed top 12 bits (of 16) from port A of cell ffn_col_serial.$flatten\g_row[4].u_tree.$add$/Users/toprakgundogdu/qwen-ffn-rom/rtl/ffn_col_serial_16x16_b4.v:19$2923 ($add).
Removed top 14 bits (of 16) from port B of cell ffn_col_serial.$flatten\g_row[4].u_tree.$add$/Users/toprakgundogdu/qwen-ffn-rom/rtl/ffn_col_serial_16x16_b4.v:19$2923 ($add).
Removed top 11 bits (of 16) from port Y of cell ffn_col_serial.$flatten\g_row[4].u_tree.$add$/Users/toprakgundogdu/qwen-ffn-rom/rtl/ffn_col_serial_16x16_b4.v:19$2923 ($add).
Removed top 4 bits (of 16) from port B of cell ffn_col_serial.$flatten\g_row[5].u_tree.$add$/Users/toprakgundogdu/qwen-ffn-rom/rtl/ffn_col_serial_16x16_b4.v:19$2937 ($add).
Removed top 12 bits (of 16) from port B of cell ffn_col_serial.$flatten\g_row[5].u_tree.$add$/Users/toprakgundogdu/qwen-ffn-rom/rtl/ffn_col_serial_16x16_b4.v:19$2935 ($add).
Removed top 11 bits (of 16) from port B of cell ffn_col_serial.$flatten\g_row[5].u_tree.$add$/Users/toprakgundogdu/qwen-ffn-rom/rtl/ffn_col_serial_16x16_b4.v:19$2933 ($add).
Removed top 12 bits (of 16) from port B of cell ffn_col_serial.$flatten\g_row[5].u_tree.$add$/Users/toprakgundogdu/qwen-ffn-rom/rtl/ffn_col_serial_16x16_b4.v:19$2932 ($add).
Removed top 4 bits (of 16) from port B of cell ffn_col_serial.$flatten\g_row[5].u_tree.$add$/Users/toprakgundogdu/qwen-ffn-rom/rtl/ffn_col_serial_16x16_b4.v:19$2931 ($add).
Removed top 14 bits (of 16) from port B of cell ffn_col_serial.$flatten\g_row[5].u_tree.$add$/Users/toprakgundogdu/qwen-ffn-rom/rtl/ffn_col_serial_16x16_b4.v:19$2930 ($add).
Removed top 4 bits (of 16) from port B of cell ffn_col_serial.$flatten\g_row[5].u_tree.$add$/Users/toprakgundogdu/qwen-ffn-rom/rtl/ffn_col_serial_16x16_b4.v:19$2929 ($add).
Removed top 13 bits (of 16) from port B of cell ffn_col_serial.$flatten\g_row[5].u_tree.$add$/Users/toprakgundogdu/qwen-ffn-rom/rtl/ffn_col_serial_16x16_b4.v:19$2928 ($add).
Removed top 4 bits (of 16) from port B of cell ffn_col_serial.$flatten\g_row[5].u_tree.$add$/Users/toprakgundogdu/qwen-ffn-rom/rtl/ffn_col_serial_16x16_b4.v:19$2927 ($add).
Removed top 14 bits (of 16) from port B of cell ffn_col_serial.$flatten\g_row[5].u_tree.$add$/Users/toprakgundogdu/qwen-ffn-rom/rtl/ffn_col_serial_16x16_b4.v:19$2926 ($add).
Removed top 12 bits (of 16) from port B of cell ffn_col_serial.$flatten\g_row[5].u_tree.$add$/Users/toprakgundogdu/qwen-ffn-rom/rtl/ffn_col_serial_16x16_b4.v:19$2925 ($add).
Converting cell ffn_col_serial.$flatten\g_row[5].u_tree.$add$/Users/toprakgundogdu/qwen-ffn-rom/rtl/ffn_col_serial_16x16_b4.v:19$2924 ($add) from unsigned to signed.
Removed top 13 bits (of 16) from port A of cell ffn_col_serial.$flatten\g_row[5].u_tree.$add$/Users/toprakgundogdu/qwen-ffn-rom/rtl/ffn_col_serial_16x16_b4.v:19$2924 ($add).
Removed top 4 bits (of 16) from port B of cell ffn_col_serial.$flatten\g_row[5].u_tree.$add$/Users/toprakgundogdu/qwen-ffn-rom/rtl/ffn_col_serial_16x16_b4.v:19$2924 ($add).
Removed top 3 bits (of 16) from port Y of cell ffn_col_serial.$flatten\g_row[5].u_tree.$add$/Users/toprakgundogdu/qwen-ffn-rom/rtl/ffn_col_serial_16x16_b4.v:19$2924 ($add).
Removed top 4 bits (of 16) from port B of cell ffn_col_serial.$flatten\g_row[6].u_tree.$add$/Users/toprakgundogdu/qwen-ffn-rom/rtl/ffn_col_serial_16x16_b4.v:19$2936 ($add).
Removed top 4 bits (of 16) from port B of cell ffn_col_serial.$flatten\g_row[6].u_tree.$add$/Users/toprakgundogdu/qwen-ffn-rom/rtl/ffn_col_serial_16x16_b4.v:19$2935 ($add).
Removed top 4 bits (of 16) from port B of cell ffn_col_serial.$flatten\g_row[6].u_tree.$add$/Users/toprakgundogdu/qwen-ffn-rom/rtl/ffn_col_serial_16x16_b4.v:19$2934 ($add).
Removed top 4 bits (of 16) from port B of cell ffn_col_serial.$flatten\g_row[6].u_tree.$add$/Users/toprakgundogdu/qwen-ffn-rom/rtl/ffn_col_serial_16x16_b4.v:19$2933 ($add).
Removed top 4 bits (of 16) from port B of cell ffn_col_serial.$flatten\g_row[6].u_tree.$add$/Users/toprakgundogdu/qwen-ffn-rom/rtl/ffn_col_serial_16x16_b4.v:19$2932 ($add).
Removed top 13 bits (of 16) from port B of cell ffn_col_serial.$flatten\g_row[6].u_tree.$add$/Users/toprakgundogdu/qwen-ffn-rom/rtl/ffn_col_serial_16x16_b4.v:19$2931 ($add).
Removed top 13 bits (of 16) from port B of cell ffn_col_serial.$flatten\g_row[6].u_tree.$add$/Users/toprakgundogdu/qwen-ffn-rom/rtl/ffn_col_serial_16x16_b4.v:19$2930 ($add).
Removed top 12 bits (of 16) from port B of cell ffn_col_serial.$flatten\g_row[6].u_tree.$add$/Users/toprakgundogdu/qwen-ffn-rom/rtl/ffn_col_serial_16x16_b4.v:19$2929 ($add).
Removed top 4 bits (of 16) from port B of cell ffn_col_serial.$flatten\g_row[6].u_tree.$add$/Users/toprakgundogdu/qwen-ffn-rom/rtl/ffn_col_serial_16x16_b4.v:19$2928 ($add).
Removed top 14 bits (of 16) from port B of cell ffn_col_serial.$flatten\g_row[6].u_tree.$add$/Users/toprakgundogdu/qwen-ffn-rom/rtl/ffn_col_serial_16x16_b4.v:19$2927 ($add).
Removed top 11 bits (of 16) from port B of cell ffn_col_serial.$flatten\g_row[6].u_tree.$add$/Users/toprakgundogdu/qwen-ffn-rom/rtl/ffn_col_serial_16x16_b4.v:19$2926 ($add).
Removed top 12 bits (of 16) from port B of cell ffn_col_serial.$flatten\g_row[6].u_tree.$add$/Users/toprakgundogdu/qwen-ffn-rom/rtl/ffn_col_serial_16x16_b4.v:19$2925 ($add).
Removed top 14 bits (of 16) from port B of cell ffn_col_serial.$flatten\g_row[6].u_tree.$add$/Users/toprakgundogdu/qwen-ffn-rom/rtl/ffn_col_serial_16x16_b4.v:19$2924 ($add).
Converting cell ffn_col_serial.$flatten\g_row[6].u_tree.$add$/Users/toprakgundogdu/qwen-ffn-rom/rtl/ffn_col_serial_16x16_b4.v:19$2923 ($add) from unsigned to signed.
Removed top 4 bits (of 16) from port A of cell ffn_col_serial.$flatten\g_row[6].u_tree.$add$/Users/toprakgundogdu/qwen-ffn-rom/rtl/ffn_col_serial_16x16_b4.v:19$2923 ($add).
Removed top 13 bits (of 16) from port B of cell ffn_col_serial.$flatten\g_row[6].u_tree.$add$/Users/toprakgundogdu/qwen-ffn-rom/rtl/ffn_col_serial_16x16_b4.v:19$2923 ($add).
Removed top 3 bits (of 16) from port Y of cell ffn_col_serial.$flatten\g_row[6].u_tree.$add$/Users/toprakgundogdu/qwen-ffn-rom/rtl/ffn_col_serial_16x16_b4.v:19$2923 ($add).
Removed top 4 bits (of 16) from port B of cell ffn_col_serial.$flatten\g_row[7].u_tree.$add$/Users/toprakgundogdu/qwen-ffn-rom/rtl/ffn_col_serial_16x16_b4.v:19$2937 ($add).
Removed top 4 bits (of 16) from port B of cell ffn_col_serial.$flatten\g_row[7].u_tree.$add$/Users/toprakgundogdu/qwen-ffn-rom/rtl/ffn_col_serial_16x16_b4.v:19$2936 ($add).
Removed top 12 bits (of 16) from port B of cell ffn_col_serial.$flatten\g_row[7].u_tree.$add$/Users/toprakgundogdu/qwen-ffn-rom/rtl/ffn_col_serial_16x16_b4.v:19$2935 ($add).
Removed top 4 bits (of 16) from port B of cell ffn_col_serial.$flatten\g_row[7].u_tree.$add$/Users/toprakgundogdu/qwen-ffn-rom/rtl/ffn_col_serial_16x16_b4.v:19$2933 ($add).
Removed top 4 bits (of 16) from port B of cell ffn_col_serial.$flatten\g_row[7].u_tree.$add$/Users/toprakgundogdu/qwen-ffn-rom/rtl/ffn_col_serial_16x16_b4.v:19$2932 ($add).
Removed top 11 bits (of 16) from port B of cell ffn_col_serial.$flatten\g_row[7].u_tree.$add$/Users/toprakgundogdu/qwen-ffn-rom/rtl/ffn_col_serial_16x16_b4.v:19$2931 ($add).
Removed top 14 bits (of 16) from port B of cell ffn_col_serial.$flatten\g_row[7].u_tree.$add$/Users/toprakgundogdu/qwen-ffn-rom/rtl/ffn_col_serial_16x16_b4.v:19$2930 ($add).
Removed top 4 bits (of 16) from port B of cell ffn_col_serial.$flatten\g_row[7].u_tree.$add$/Users/toprakgundogdu/qwen-ffn-rom/rtl/ffn_col_serial_16x16_b4.v:19$2929 ($add).
Removed top 14 bits (of 16) from port B of cell ffn_col_serial.$flatten\g_row[7].u_tree.$add$/Users/toprakgundogdu/qwen-ffn-rom/rtl/ffn_col_serial_16x16_b4.v:19$2928 ($add).
Removed top 4 bits (of 16) from port B of cell ffn_col_serial.$flatten\g_row[7].u_tree.$add$/Users/toprakgundogdu/qwen-ffn-rom/rtl/ffn_col_serial_16x16_b4.v:19$2926 ($add).
Removed top 4 bits (of 16) from port B of cell ffn_col_serial.$flatten\g_row[7].u_tree.$add$/Users/toprakgundogdu/qwen-ffn-rom/rtl/ffn_col_serial_16x16_b4.v:19$2925 ($add).
Removed top 4 bits (of 16) from port B of cell ffn_col_serial.$flatten\g_row[7].u_tree.$add$/Users/toprakgundogdu/qwen-ffn-rom/rtl/ffn_col_serial_16x16_b4.v:19$2924 ($add).
Converting cell ffn_col_serial.$flatten\g_row[7].u_tree.$add$/Users/toprakgundogdu/qwen-ffn-rom/rtl/ffn_col_serial_16x16_b4.v:19$2923 ($add) from unsigned to signed.
Removed top 4 bits (of 16) from port A of cell ffn_col_serial.$flatten\g_row[7].u_tree.$add$/Users/toprakgundogdu/qwen-ffn-rom/rtl/ffn_col_serial_16x16_b4.v:19$2923 ($add).
Removed top 4 bits (of 16) from port B of cell ffn_col_serial.$flatten\g_row[7].u_tree.$add$/Users/toprakgundogdu/qwen-ffn-rom/rtl/ffn_col_serial_16x16_b4.v:19$2923 ($add).
Removed top 3 bits (of 16) from port Y of cell ffn_col_serial.$flatten\g_row[7].u_tree.$add$/Users/toprakgundogdu/qwen-ffn-rom/rtl/ffn_col_serial_16x16_b4.v:19$2923 ($add).
Removed top 14 bits (of 16) from port B of cell ffn_col_serial.$flatten\g_row[8].u_tree.$add$/Users/toprakgundogdu/qwen-ffn-rom/rtl/ffn_col_serial_16x16_b4.v:19$2936 ($add).
Removed top 4 bits (of 16) from port B of cell ffn_col_serial.$flatten\g_row[8].u_tree.$add$/Users/toprakgundogdu/qwen-ffn-rom/rtl/ffn_col_serial_16x16_b4.v:19$2934 ($add).
Removed top 12 bits (of 16) from port B of cell ffn_col_serial.$flatten\g_row[8].u_tree.$add$/Users/toprakgundogdu/qwen-ffn-rom/rtl/ffn_col_serial_16x16_b4.v:19$2933 ($add).
Removed top 12 bits (of 16) from port B of cell ffn_col_serial.$flatten\g_row[8].u_tree.$add$/Users/toprakgundogdu/qwen-ffn-rom/rtl/ffn_col_serial_16x16_b4.v:19$2932 ($add).
Removed top 4 bits (of 16) from port B of cell ffn_col_serial.$flatten\g_row[8].u_tree.$add$/Users/toprakgundogdu/qwen-ffn-rom/rtl/ffn_col_serial_16x16_b4.v:19$2931 ($add).
Removed top 12 bits (of 16) from port B of cell ffn_col_serial.$flatten\g_row[8].u_tree.$add$/Users/toprakgundogdu/qwen-ffn-rom/rtl/ffn_col_serial_16x16_b4.v:19$2928 ($add).
Removed top 14 bits (of 16) from port B of cell ffn_col_serial.$flatten\g_row[8].u_tree.$add$/Users/toprakgundogdu/qwen-ffn-rom/rtl/ffn_col_serial_16x16_b4.v:19$2927 ($add).
Converting cell ffn_col_serial.$flatten\g_row[8].u_tree.$add$/Users/toprakgundogdu/qwen-ffn-rom/rtl/ffn_col_serial_16x16_b4.v:19$2925 ($add) from unsigned to signed.
Removed top 11 bits (of 16) from port A of cell ffn_col_serial.$flatten\g_row[8].u_tree.$add$/Users/toprakgundogdu/qwen-ffn-rom/rtl/ffn_col_serial_16x16_b4.v:19$2925 ($add).
Removed top 12 bits (of 16) from port B of cell ffn_col_serial.$flatten\g_row[8].u_tree.$add$/Users/toprakgundogdu/qwen-ffn-rom/rtl/ffn_col_serial_16x16_b4.v:19$2925 ($add).
Removed top 10 bits (of 16) from port Y of cell ffn_col_serial.$flatten\g_row[8].u_tree.$add$/Users/toprakgundogdu/qwen-ffn-rom/rtl/ffn_col_serial_16x16_b4.v:19$2925 ($add).
Removed top 14 bits (of 16) from port B of cell ffn_col_serial.$flatten\g_row[9].u_tree.$add$/Users/toprakgundogdu/qwen-ffn-rom/rtl/ffn_col_serial_16x16_b4.v:19$2937 ($add).
Removed top 4 bits (of 16) from port B of cell ffn_col_serial.$flatten\g_row[9].u_tree.$add$/Users/toprakgundogdu/qwen-ffn-rom/rtl/ffn_col_serial_16x16_b4.v:19$2936 ($add).
Removed top 4 bits (of 16) from port B of cell ffn_col_serial.$flatten\g_row[9].u_tree.$add$/Users/toprakgundogdu/qwen-ffn-rom/rtl/ffn_col_serial_16x16_b4.v:19$2935 ($add).
Removed top 11 bits (of 16) from port B of cell ffn_col_serial.$flatten\g_row[9].u_tree.$add$/Users/toprakgundogdu/qwen-ffn-rom/rtl/ffn_col_serial_16x16_b4.v:19$2934 ($add).
Removed top 11 bits (of 16) from port B of cell ffn_col_serial.$flatten\g_row[9].u_tree.$add$/Users/toprakgundogdu/qwen-ffn-rom/rtl/ffn_col_serial_16x16_b4.v:19$2933 ($add).
Removed top 11 bits (of 16) from port B of cell ffn_col_serial.$flatten\g_row[9].u_tree.$add$/Users/toprakgundogdu/qwen-ffn-rom/rtl/ffn_col_serial_16x16_b4.v:19$2932 ($add).
Removed top 14 bits (of 16) from port B of cell ffn_col_serial.$flatten\g_row[9].u_tree.$add$/Users/toprakgundogdu/qwen-ffn-rom/rtl/ffn_col_serial_16x16_b4.v:19$2931 ($add).
Removed top 4 bits (of 16) from port B of cell ffn_col_serial.$flatten\g_row[9].u_tree.$add$/Users/toprakgundogdu/qwen-ffn-rom/rtl/ffn_col_serial_16x16_b4.v:19$2929 ($add).
Removed top 14 bits (of 16) from port B of cell ffn_col_serial.$flatten\g_row[9].u_tree.$add$/Users/toprakgundogdu/qwen-ffn-rom/rtl/ffn_col_serial_16x16_b4.v:19$2928 ($add).
Removed top 4 bits (of 16) from port B of cell ffn_col_serial.$flatten\g_row[9].u_tree.$add$/Users/toprakgundogdu/qwen-ffn-rom/rtl/ffn_col_serial_16x16_b4.v:19$2927 ($add).
Removed top 4 bits (of 16) from port B of cell ffn_col_serial.$flatten\g_row[9].u_tree.$add$/Users/toprakgundogdu/qwen-ffn-rom/rtl/ffn_col_serial_16x16_b4.v:19$2925 ($add).
Removed top 13 bits (of 16) from port A of cell ffn_col_serial.$flatten\g_row[9].u_tree.$add$/Users/toprakgundogdu/qwen-ffn-rom/rtl/ffn_col_serial_16x16_b4.v:19$2923 ($add).
Removed top 14 bits (of 16) from port B of cell ffn_col_serial.$flatten\g_row[9].u_tree.$add$/Users/toprakgundogdu/qwen-ffn-rom/rtl/ffn_col_serial_16x16_b4.v:19$2923 ($add).
Converting cell ffn_col_serial.$flatten\g_row[9].u_tree.$add$/Users/toprakgundogdu/qwen-ffn-rom/rtl/ffn_col_serial_16x16_b4.v:19$2923 ($add) from signed to unsigned.
Removed top 12 bits (of 16) from port Y of cell ffn_col_serial.$flatten\g_row[9].u_tree.$add$/Users/toprakgundogdu/qwen-ffn-rom/rtl/ffn_col_serial_16x16_b4.v:19$2923 ($add).
Removed top 1 bits (of 3) from port A of cell ffn_col_serial.$flatten\g_row[9].u_tree.$add$/Users/toprakgundogdu/qwen-ffn-rom/rtl/ffn_col_serial_16x16_b4.v:19$2923 ($add).
Removed top 1 bits (of 2) from port B of cell ffn_col_serial.$flatten\g_row[9].u_tree.$add$/Users/toprakgundogdu/qwen-ffn-rom/rtl/ffn_col_serial_16x16_b4.v:19$2923 ($add).
Removed top 1 bits (of 4) from port Y of cell ffn_col_serial.$flatten\g_row[9].u_tree.$add$/Users/toprakgundogdu/qwen-ffn-rom/rtl/ffn_col_serial_16x16_b4.v:19$2923 ($add).
Removed top 4 bits (of 16) from port B of cell ffn_col_serial.$flatten\g_row[10].u_tree.$add$/Users/toprakgundogdu/qwen-ffn-rom/rtl/ffn_col_serial_16x16_b4.v:19$2936 ($add).
Removed top 14 bits (of 16) from port B of cell ffn_col_serial.$flatten\g_row[10].u_tree.$add$/Users/toprakgundogdu/qwen-ffn-rom/rtl/ffn_col_serial_16x16_b4.v:19$2935 ($add).
Removed top 4 bits (of 16) from port B of cell ffn_col_serial.$flatten\g_row[10].u_tree.$add$/Users/toprakgundogdu/qwen-ffn-rom/rtl/ffn_col_serial_16x16_b4.v:19$2934 ($add).
Removed top 4 bits (of 16) from port B of cell ffn_col_serial.$flatten\g_row[10].u_tree.$add$/Users/toprakgundogdu/qwen-ffn-rom/rtl/ffn_col_serial_16x16_b4.v:19$2931 ($add).
Removed top 12 bits (of 16) from port B of cell ffn_col_serial.$flatten\g_row[10].u_tree.$add$/Users/toprakgundogdu/qwen-ffn-rom/rtl/ffn_col_serial_16x16_b4.v:19$2930 ($add).
Removed top 11 bits (of 16) from port B of cell ffn_col_serial.$flatten\g_row[10].u_tree.$add$/Users/toprakgundogdu/qwen-ffn-rom/rtl/ffn_col_serial_16x16_b4.v:19$2929 ($add).
Removed top 12 bits (of 16) from port B of cell ffn_col_serial.$flatten\g_row[10].u_tree.$add$/Users/toprakgundogdu/qwen-ffn-rom/rtl/ffn_col_serial_16x16_b4.v:19$2928 ($add).
Removed top 13 bits (of 16) from port B of cell ffn_col_serial.$flatten\g_row[10].u_tree.$add$/Users/toprakgundogdu/qwen-ffn-rom/rtl/ffn_col_serial_16x16_b4.v:19$2926 ($add).
Removed top 14 bits (of 16) from port B of cell ffn_col_serial.$flatten\g_row[10].u_tree.$add$/Users/toprakgundogdu/qwen-ffn-rom/rtl/ffn_col_serial_16x16_b4.v:19$2925 ($add).
Removed top 12 bits (of 16) from port B of cell ffn_col_serial.$flatten\g_row[10].u_tree.$add$/Users/toprakgundogdu/qwen-ffn-rom/rtl/ffn_col_serial_16x16_b4.v:19$2924 ($add).
Converting cell ffn_col_serial.$flatten\g_row[10].u_tree.$add$/Users/toprakgundogdu/qwen-ffn-rom/rtl/ffn_col_serial_16x16_b4.v:19$2923 ($add) from unsigned to signed.
Removed top 4 bits (of 16) from port A of cell ffn_col_serial.$flatten\g_row[10].u_tree.$add$/Users/toprakgundogdu/qwen-ffn-rom/rtl/ffn_col_serial_16x16_b4.v:19$2923 ($add).
Removed top 4 bits (of 16) from port B of cell ffn_col_serial.$flatten\g_row[10].u_tree.$add$/Users/toprakgundogdu/qwen-ffn-rom/rtl/ffn_col_serial_16x16_b4.v:19$2923 ($add).
Removed top 3 bits (of 16) from port Y of cell ffn_col_serial.$flatten\g_row[10].u_tree.$add$/Users/toprakgundogdu/qwen-ffn-rom/rtl/ffn_col_serial_16x16_b4.v:19$2923 ($add).
Removed top 12 bits (of 16) from port B of cell ffn_col_serial.$flatten\g_row[11].u_tree.$add$/Users/toprakgundogdu/qwen-ffn-rom/rtl/ffn_col_serial_16x16_b4.v:19$2937 ($add).
Removed top 4 bits (of 16) from port B of cell ffn_col_serial.$flatten\g_row[11].u_tree.$add$/Users/toprakgundogdu/qwen-ffn-rom/rtl/ffn_col_serial_16x16_b4.v:19$2936 ($add).
Removed top 4 bits (of 16) from port B of cell ffn_col_serial.$flatten\g_row[11].u_tree.$add$/Users/toprakgundogdu/qwen-ffn-rom/rtl/ffn_col_serial_16x16_b4.v:19$2935 ($add).
Removed top 12 bits (of 16) from port B of cell ffn_col_serial.$flatten\g_row[11].u_tree.$add$/Users/toprakgundogdu/qwen-ffn-rom/rtl/ffn_col_serial_16x16_b4.v:19$2934 ($add).
Removed top 11 bits (of 16) from port B of cell ffn_col_serial.$flatten\g_row[11].u_tree.$add$/Users/toprakgundogdu/qwen-ffn-rom/rtl/ffn_col_serial_16x16_b4.v:19$2933 ($add).
Removed top 4 bits (of 16) from port B of cell ffn_col_serial.$flatten\g_row[11].u_tree.$add$/Users/toprakgundogdu/qwen-ffn-rom/rtl/ffn_col_serial_16x16_b4.v:19$2932 ($add).
Removed top 4 bits (of 16) from port B of cell ffn_col_serial.$flatten\g_row[11].u_tree.$add$/Users/toprakgundogdu/qwen-ffn-rom/rtl/ffn_col_serial_16x16_b4.v:19$2931 ($add).
Removed top 12 bits (of 16) from port B of cell ffn_col_serial.$flatten\g_row[11].u_tree.$add$/Users/toprakgundogdu/qwen-ffn-rom/rtl/ffn_col_serial_16x16_b4.v:19$2930 ($add).
Removed top 4 bits (of 16) from port B of cell ffn_col_serial.$flatten\g_row[11].u_tree.$add$/Users/toprakgundogdu/qwen-ffn-rom/rtl/ffn_col_serial_16x16_b4.v:19$2927 ($add).
Removed top 13 bits (of 16) from port B of cell ffn_col_serial.$flatten\g_row[11].u_tree.$add$/Users/toprakgundogdu/qwen-ffn-rom/rtl/ffn_col_serial_16x16_b4.v:19$2925 ($add).
Removed top 12 bits (of 16) from port B of cell ffn_col_serial.$flatten\g_row[11].u_tree.$add$/Users/toprakgundogdu/qwen-ffn-rom/rtl/ffn_col_serial_16x16_b4.v:19$2924 ($add).
Converting cell ffn_col_serial.$flatten\g_row[11].u_tree.$add$/Users/toprakgundogdu/qwen-ffn-rom/rtl/ffn_col_serial_16x16_b4.v:19$2923 ($add) from unsigned to signed.
Removed top 14 bits (of 16) from port A of cell ffn_col_serial.$flatten\g_row[11].u_tree.$add$/Users/toprakgundogdu/qwen-ffn-rom/rtl/ffn_col_serial_16x16_b4.v:19$2923 ($add).
Removed top 4 bits (of 16) from port B of cell ffn_col_serial.$flatten\g_row[11].u_tree.$add$/Users/toprakgundogdu/qwen-ffn-rom/rtl/ffn_col_serial_16x16_b4.v:19$2923 ($add).
Removed top 3 bits (of 16) from port Y of cell ffn_col_serial.$flatten\g_row[11].u_tree.$add$/Users/toprakgundogdu/qwen-ffn-rom/rtl/ffn_col_serial_16x16_b4.v:19$2923 ($add).
Removed top 4 bits (of 16) from port B of cell ffn_col_serial.$flatten\g_row[12].u_tree.$add$/Users/toprakgundogdu/qwen-ffn-rom/rtl/ffn_col_serial_16x16_b4.v:19$2937 ($add).
Removed top 4 bits (of 16) from port B of cell ffn_col_serial.$flatten\g_row[12].u_tree.$add$/Users/toprakgundogdu/qwen-ffn-rom/rtl/ffn_col_serial_16x16_b4.v:19$2936 ($add).
Removed top 4 bits (of 16) from port B of cell ffn_col_serial.$flatten\g_row[12].u_tree.$add$/Users/toprakgundogdu/qwen-ffn-rom/rtl/ffn_col_serial_16x16_b4.v:19$2935 ($add).
Removed top 4 bits (of 16) from port B of cell ffn_col_serial.$flatten\g_row[12].u_tree.$add$/Users/toprakgundogdu/qwen-ffn-rom/rtl/ffn_col_serial_16x16_b4.v:19$2934 ($add).
Removed top 4 bits (of 16) from port B of cell ffn_col_serial.$flatten\g_row[12].u_tree.$add$/Users/toprakgundogdu/qwen-ffn-rom/rtl/ffn_col_serial_16x16_b4.v:19$2933 ($add).
Removed top 4 bits (of 16) from port B of cell ffn_col_serial.$flatten\g_row[12].u_tree.$add$/Users/toprakgundogdu/qwen-ffn-rom/rtl/ffn_col_serial_16x16_b4.v:19$2932 ($add).
Removed top 14 bits (of 16) from port B of cell ffn_col_serial.$flatten\g_row[12].u_tree.$add$/Users/toprakgundogdu/qwen-ffn-rom/rtl/ffn_col_serial_16x16_b4.v:19$2931 ($add).
Removed top 14 bits (of 16) from port B of cell ffn_col_serial.$flatten\g_row[12].u_tree.$add$/Users/toprakgundogdu/qwen-ffn-rom/rtl/ffn_col_serial_16x16_b4.v:19$2930 ($add).
Removed top 13 bits (of 16) from port B of cell ffn_col_serial.$flatten\g_row[12].u_tree.$add$/Users/toprakgundogdu/qwen-ffn-rom/rtl/ffn_col_serial_16x16_b4.v:19$2929 ($add).
Removed top 4 bits (of 16) from port B of cell ffn_col_serial.$flatten\g_row[12].u_tree.$add$/Users/toprakgundogdu/qwen-ffn-rom/rtl/ffn_col_serial_16x16_b4.v:19$2928 ($add).
Removed top 4 bits (of 16) from port B of cell ffn_col_serial.$flatten\g_row[12].u_tree.$add$/Users/toprakgundogdu/qwen-ffn-rom/rtl/ffn_col_serial_16x16_b4.v:19$2927 ($add).
Removed top 4 bits (of 16) from port B of cell ffn_col_serial.$flatten\g_row[12].u_tree.$add$/Users/toprakgundogdu/qwen-ffn-rom/rtl/ffn_col_serial_16x16_b4.v:19$2925 ($add).
Converting cell ffn_col_serial.$flatten\g_row[12].u_tree.$add$/Users/toprakgundogdu/qwen-ffn-rom/rtl/ffn_col_serial_16x16_b4.v:19$2924 ($add) from unsigned to signed.
Removed top 4 bits (of 16) from port A of cell ffn_col_serial.$flatten\g_row[12].u_tree.$add$/Users/toprakgundogdu/qwen-ffn-rom/rtl/ffn_col_serial_16x16_b4.v:19$2924 ($add).
Removed top 14 bits (of 16) from port B of cell ffn_col_serial.$flatten\g_row[12].u_tree.$add$/Users/toprakgundogdu/qwen-ffn-rom/rtl/ffn_col_serial_16x16_b4.v:19$2924 ($add).
Removed top 3 bits (of 16) from port Y of cell ffn_col_serial.$flatten\g_row[12].u_tree.$add$/Users/toprakgundogdu/qwen-ffn-rom/rtl/ffn_col_serial_16x16_b4.v:19$2924 ($add).
Removed top 12 bits (of 16) from port B of cell ffn_col_serial.$flatten\g_row[13].u_tree.$add$/Users/toprakgundogdu/qwen-ffn-rom/rtl/ffn_col_serial_16x16_b4.v:19$2936 ($add).
Removed top 4 bits (of 16) from port B of cell ffn_col_serial.$flatten\g_row[13].u_tree.$add$/Users/toprakgundogdu/qwen-ffn-rom/rtl/ffn_col_serial_16x16_b4.v:19$2935 ($add).
Removed top 12 bits (of 16) from port B of cell ffn_col_serial.$flatten\g_row[13].u_tree.$add$/Users/toprakgundogdu/qwen-ffn-rom/rtl/ffn_col_serial_16x16_b4.v:19$2934 ($add).
Removed top 14 bits (of 16) from port B of cell ffn_col_serial.$flatten\g_row[13].u_tree.$add$/Users/toprakgundogdu/qwen-ffn-rom/rtl/ffn_col_serial_16x16_b4.v:19$2933 ($add).
Removed top 4 bits (of 16) from port B of cell ffn_col_serial.$flatten\g_row[13].u_tree.$add$/Users/toprakgundogdu/qwen-ffn-rom/rtl/ffn_col_serial_16x16_b4.v:19$2932 ($add).
Removed top 4 bits (of 16) from port B of cell ffn_col_serial.$flatten\g_row[13].u_tree.$add$/Users/toprakgundogdu/qwen-ffn-rom/rtl/ffn_col_serial_16x16_b4.v:19$2931 ($add).
Removed top 4 bits (of 16) from port B of cell ffn_col_serial.$flatten\g_row[13].u_tree.$add$/Users/toprakgundogdu/qwen-ffn-rom/rtl/ffn_col_serial_16x16_b4.v:19$2930 ($add).
Removed top 4 bits (of 16) from port B of cell ffn_col_serial.$flatten\g_row[13].u_tree.$add$/Users/toprakgundogdu/qwen-ffn-rom/rtl/ffn_col_serial_16x16_b4.v:19$2929 ($add).
Removed top 4 bits (of 16) from port B of cell ffn_col_serial.$flatten\g_row[13].u_tree.$add$/Users/toprakgundogdu/qwen-ffn-rom/rtl/ffn_col_serial_16x16_b4.v:19$2928 ($add).
Removed top 14 bits (of 16) from port B of cell ffn_col_serial.$flatten\g_row[13].u_tree.$add$/Users/toprakgundogdu/qwen-ffn-rom/rtl/ffn_col_serial_16x16_b4.v:19$2926 ($add).
Removed top 4 bits (of 16) from port B of cell ffn_col_serial.$flatten\g_row[13].u_tree.$add$/Users/toprakgundogdu/qwen-ffn-rom/rtl/ffn_col_serial_16x16_b4.v:19$2925 ($add).
Removed top 11 bits (of 16) from port B of cell ffn_col_serial.$flatten\g_row[13].u_tree.$add$/Users/toprakgundogdu/qwen-ffn-rom/rtl/ffn_col_serial_16x16_b4.v:19$2924 ($add).
Converting cell ffn_col_serial.$flatten\g_row[13].u_tree.$add$/Users/toprakgundogdu/qwen-ffn-rom/rtl/ffn_col_serial_16x16_b4.v:19$2923 ($add) from unsigned to signed.
Removed top 4 bits (of 16) from port A of cell ffn_col_serial.$flatten\g_row[13].u_tree.$add$/Users/toprakgundogdu/qwen-ffn-rom/rtl/ffn_col_serial_16x16_b4.v:19$2923 ($add).
Removed top 4 bits (of 16) from port B of cell ffn_col_serial.$flatten\g_row[13].u_tree.$add$/Users/toprakgundogdu/qwen-ffn-rom/rtl/ffn_col_serial_16x16_b4.v:19$2923 ($add).
Removed top 3 bits (of 16) from port Y of cell ffn_col_serial.$flatten\g_row[13].u_tree.$add$/Users/toprakgundogdu/qwen-ffn-rom/rtl/ffn_col_serial_16x16_b4.v:19$2923 ($add).
Removed top 4 bits (of 16) from port B of cell ffn_col_serial.$flatten\g_row[14].u_tree.$add$/Users/toprakgundogdu/qwen-ffn-rom/rtl/ffn_col_serial_16x16_b4.v:19$2936 ($add).
Removed top 14 bits (of 16) from port B of cell ffn_col_serial.$flatten\g_row[14].u_tree.$add$/Users/toprakgundogdu/qwen-ffn-rom/rtl/ffn_col_serial_16x16_b4.v:19$2933 ($add).
Removed top 4 bits (of 16) from port B of cell ffn_col_serial.$flatten\g_row[14].u_tree.$add$/Users/toprakgundogdu/qwen-ffn-rom/rtl/ffn_col_serial_16x16_b4.v:19$2931 ($add).
Removed top 14 bits (of 16) from port B of cell ffn_col_serial.$flatten\g_row[14].u_tree.$add$/Users/toprakgundogdu/qwen-ffn-rom/rtl/ffn_col_serial_16x16_b4.v:19$2929 ($add).
Removed top 4 bits (of 16) from port B of cell ffn_col_serial.$flatten\g_row[14].u_tree.$add$/Users/toprakgundogdu/qwen-ffn-rom/rtl/ffn_col_serial_16x16_b4.v:19$2928 ($add).
Converting cell ffn_col_serial.$flatten\g_row[14].u_tree.$add$/Users/toprakgundogdu/qwen-ffn-rom/rtl/ffn_col_serial_16x16_b4.v:19$2925 ($add) from unsigned to signed.
Removed top 4 bits (of 16) from port A of cell ffn_col_serial.$flatten\g_row[14].u_tree.$add$/Users/toprakgundogdu/qwen-ffn-rom/rtl/ffn_col_serial_16x16_b4.v:19$2925 ($add).
Removed top 11 bits (of 16) from port B of cell ffn_col_serial.$flatten\g_row[14].u_tree.$add$/Users/toprakgundogdu/qwen-ffn-rom/rtl/ffn_col_serial_16x16_b4.v:19$2925 ($add).
Removed top 3 bits (of 16) from port Y of cell ffn_col_serial.$flatten\g_row[14].u_tree.$add$/Users/toprakgundogdu/qwen-ffn-rom/rtl/ffn_col_serial_16x16_b4.v:19$2925 ($add).
Removed top 4 bits (of 16) from port B of cell ffn_col_serial.$flatten\g_row[15].u_tree.$add$/Users/toprakgundogdu/qwen-ffn-rom/rtl/ffn_col_serial_16x16_b4.v:19$2937 ($add).
Removed top 12 bits (of 16) from port B of cell ffn_col_serial.$flatten\g_row[15].u_tree.$add$/Users/toprakgundogdu/qwen-ffn-rom/rtl/ffn_col_serial_16x16_b4.v:19$2936 ($add).
Removed top 13 bits (of 16) from port B of cell ffn_col_serial.$flatten\g_row[15].u_tree.$add$/Users/toprakgundogdu/qwen-ffn-rom/rtl/ffn_col_serial_16x16_b4.v:19$2935 ($add).
Removed top 11 bits (of 16) from port B of cell ffn_col_serial.$flatten\g_row[15].u_tree.$add$/Users/toprakgundogdu/qwen-ffn-rom/rtl/ffn_col_serial_16x16_b4.v:19$2934 ($add).
Removed top 4 bits (of 16) from port B of cell ffn_col_serial.$flatten\g_row[15].u_tree.$add$/Users/toprakgundogdu/qwen-ffn-rom/rtl/ffn_col_serial_16x16_b4.v:19$2933 ($add).
Removed top 4 bits (of 16) from port B of cell ffn_col_serial.$flatten\g_row[15].u_tree.$add$/Users/toprakgundogdu/qwen-ffn-rom/rtl/ffn_col_serial_16x16_b4.v:19$2932 ($add).
Removed top 4 bits (of 16) from port B of cell ffn_col_serial.$flatten\g_row[15].u_tree.$add$/Users/toprakgundogdu/qwen-ffn-rom/rtl/ffn_col_serial_16x16_b4.v:19$2931 ($add).
Removed top 4 bits (of 16) from port B of cell ffn_col_serial.$flatten\g_row[15].u_tree.$add$/Users/toprakgundogdu/qwen-ffn-rom/rtl/ffn_col_serial_16x16_b4.v:19$2930 ($add).
Removed top 4 bits (of 16) from port B of cell ffn_col_serial.$flatten\g_row[15].u_tree.$add$/Users/toprakgundogdu/qwen-ffn-rom/rtl/ffn_col_serial_16x16_b4.v:19$2929 ($add).
Removed top 4 bits (of 16) from port B of cell ffn_col_serial.$flatten\g_row[15].u_tree.$add$/Users/toprakgundogdu/qwen-ffn-rom/rtl/ffn_col_serial_16x16_b4.v:19$2928 ($add).
Removed top 4 bits (of 16) from port B of cell ffn_col_serial.$flatten\g_row[15].u_tree.$add$/Users/toprakgundogdu/qwen-ffn-rom/rtl/ffn_col_serial_16x16_b4.v:19$2927 ($add).
Removed top 14 bits (of 16) from port B of cell ffn_col_serial.$flatten\g_row[15].u_tree.$add$/Users/toprakgundogdu/qwen-ffn-rom/rtl/ffn_col_serial_16x16_b4.v:19$2926 ($add).
Removed top 11 bits (of 16) from port B of cell ffn_col_serial.$flatten\g_row[15].u_tree.$add$/Users/toprakgundogdu/qwen-ffn-rom/rtl/ffn_col_serial_16x16_b4.v:19$2925 ($add).
Removed top 11 bits (of 16) from port B of cell ffn_col_serial.$flatten\g_row[15].u_tree.$add$/Users/toprakgundogdu/qwen-ffn-rom/rtl/ffn_col_serial_16x16_b4.v:19$2924 ($add).
Converting cell ffn_col_serial.$flatten\g_row[15].u_tree.$add$/Users/toprakgundogdu/qwen-ffn-rom/rtl/ffn_col_serial_16x16_b4.v:19$2923 ($add) from unsigned to signed.
Removed top 4 bits (of 16) from port A of cell ffn_col_serial.$flatten\g_row[15].u_tree.$add$/Users/toprakgundogdu/qwen-ffn-rom/rtl/ffn_col_serial_16x16_b4.v:19$2923 ($add).
Removed top 4 bits (of 16) from port B of cell ffn_col_serial.$flatten\g_row[15].u_tree.$add$/Users/toprakgundogdu/qwen-ffn-rom/rtl/ffn_col_serial_16x16_b4.v:19$2923 ($add).
Removed top 3 bits (of 16) from port Y of cell ffn_col_serial.$flatten\g_row[15].u_tree.$add$/Users/toprakgundogdu/qwen-ffn-rom/rtl/ffn_col_serial_16x16_b4.v:19$2923 ($add).
Removed top 3 bits (of 16) from port A of cell ffn_col_serial.$flatten\g_row[7].u_tree.$add$/Users/toprakgundogdu/qwen-ffn-rom/rtl/ffn_col_serial_16x16_b4.v:19$2924 ($add).
Removed top 2 bits (of 16) from port Y of cell ffn_col_serial.$flatten\g_row[7].u_tree.$add$/Users/toprakgundogdu/qwen-ffn-rom/rtl/ffn_col_serial_16x16_b4.v:19$2924 ($add).
Removed top 12 bits (of 16) from port A of cell ffn_col_serial.$flatten\g_row[9].u_tree.$add$/Users/toprakgundogdu/qwen-ffn-rom/rtl/ffn_col_serial_16x16_b4.v:19$2925 ($add).
Removed top 3 bits (of 16) from port Y of cell ffn_col_serial.$flatten\g_row[9].u_tree.$add$/Users/toprakgundogdu/qwen-ffn-rom/rtl/ffn_col_serial_16x16_b4.v:19$2925 ($add).
Removed top 3 bits (of 16) from port A of cell ffn_col_serial.$flatten\g_row[10].u_tree.$add$/Users/toprakgundogdu/qwen-ffn-rom/rtl/ffn_col_serial_16x16_b4.v:19$2924 ($add).
Removed top 2 bits (of 16) from port Y of cell ffn_col_serial.$flatten\g_row[10].u_tree.$add$/Users/toprakgundogdu/qwen-ffn-rom/rtl/ffn_col_serial_16x16_b4.v:19$2924 ($add).
Removed top 3 bits (of 16) from port A of cell ffn_col_serial.$flatten\g_row[11].u_tree.$add$/Users/toprakgundogdu/qwen-ffn-rom/rtl/ffn_col_serial_16x16_b4.v:19$2924 ($add).
Removed top 2 bits (of 16) from port Y of cell ffn_col_serial.$flatten\g_row[11].u_tree.$add$/Users/toprakgundogdu/qwen-ffn-rom/rtl/ffn_col_serial_16x16_b4.v:19$2924 ($add).
Removed top 3 bits (of 16) from port A of cell ffn_col_serial.$flatten\g_row[12].u_tree.$add$/Users/toprakgundogdu/qwen-ffn-rom/rtl/ffn_col_serial_16x16_b4.v:19$2925 ($add).
Removed top 2 bits (of 16) from port Y of cell ffn_col_serial.$flatten\g_row[12].u_tree.$add$/Users/toprakgundogdu/qwen-ffn-rom/rtl/ffn_col_serial_16x16_b4.v:19$2925 ($add).
Removed top 3 bits (of 16) from port A of cell ffn_col_serial.$flatten\g_row[13].u_tree.$add$/Users/toprakgundogdu/qwen-ffn-rom/rtl/ffn_col_serial_16x16_b4.v:19$2924 ($add).
Removed top 2 bits (of 16) from port Y of cell ffn_col_serial.$flatten\g_row[13].u_tree.$add$/Users/toprakgundogdu/qwen-ffn-rom/rtl/ffn_col_serial_16x16_b4.v:19$2924 ($add).
Removed top 3 bits (of 16) from port A of cell ffn_col_serial.$flatten\g_row[14].u_tree.$add$/Users/toprakgundogdu/qwen-ffn-rom/rtl/ffn_col_serial_16x16_b4.v:19$2928 ($add).
Removed top 2 bits (of 16) from port Y of cell ffn_col_serial.$flatten\g_row[14].u_tree.$add$/Users/toprakgundogdu/qwen-ffn-rom/rtl/ffn_col_serial_16x16_b4.v:19$2928 ($add).
Removed top 3 bits (of 16) from port A of cell ffn_col_serial.$flatten\g_row[15].u_tree.$add$/Users/toprakgundogdu/qwen-ffn-rom/rtl/ffn_col_serial_16x16_b4.v:19$2924 ($add).
Removed top 2 bits (of 16) from port Y of cell ffn_col_serial.$flatten\g_row[15].u_tree.$add$/Users/toprakgundogdu/qwen-ffn-rom/rtl/ffn_col_serial_16x16_b4.v:19$2924 ($add).
Removed top 15 bits (of 16) from wire ffn_col_serial.g_row[8].prods[14].
Removed top 13 bits (of 16) from wire ffn_col_serial.g_row[8].prods[10].
Removed top 13 bits (of 16) from wire ffn_col_serial.g_row[8].prods[6].
Removed top 15 bits (of 16) from wire ffn_col_serial.g_row[8].prods[5].
Removed top 15 bits (of 16) from wire ffn_col_serial.g_row[7].prods[8].
Removed top 15 bits (of 16) from wire ffn_col_serial.g_row[7].prods[6].
Removed top 14 bits (of 16) from wire ffn_col_serial.g_row[6].prods[9].
Removed top 14 bits (of 16) from wire ffn_col_serial.g_row[6].prods[8].
Removed top 15 bits (of 16) from wire ffn_col_serial.g_row[6].prods[5].
Removed top 15 bits (of 16) from wire ffn_col_serial.g_row[6].prods[2].
Removed top 14 bits (of 16) from wire ffn_col_serial.g_row[6].prods[1].
Removed top 13 bits (of 16) from wire ffn_col_serial.g_row[5].prods[10].
Removed top 15 bits (of 16) from wire ffn_col_serial.g_row[5].prods[8].
Removed top 14 bits (of 16) from wire ffn_col_serial.g_row[5].prods[6].
Removed top 15 bits (of 16) from wire ffn_col_serial.g_row[5].prods[4].
Removed top 13 bits (of 16) from wire ffn_col_serial.g_row[5].prods[3].
Removed top 14 bits (of 16) from wire ffn_col_serial.g_row[5].prods[0].
Removed top 15 bits (of 16) from wire ffn_col_serial.g_row[4].prods[11].
Removed top 15 bits (of 16) from wire ffn_col_serial.g_row[4].prods[10].
Removed top 15 bits (of 16) from wire ffn_col_serial.g_row[4].prods[6].
Removed top 13 bits (of 16) from wire ffn_col_serial.g_row[4].prods[4].
Removed top 14 bits (of 16) from wire ffn_col_serial.g_row[4].prods[2].
Removed top 15 bits (of 16) from wire ffn_col_serial.g_row[4].prods[1].
Removed top 12 bits (of 16) from wire ffn_col_serial.g_row[3].prods[14].
Removed top 12 bits (of 16) from wire ffn_col_serial.g_row[3].prods[12].
Removed top 15 bits (of 16) from wire ffn_col_serial.g_row[3].prods[9].
Removed top 12 bits (of 16) from wire ffn_col_serial.g_row[3].prods[8].
Removed top 15 bits (of 16) from wire ffn_col_serial.g_row[3].prods[7].
Removed top 14 bits (of 16) from wire ffn_col_serial.g_row[3].prods[2].
Removed top 13 bits (of 16) from wire ffn_col_serial.g_row[3].prods[1].
Removed top 14 bits (of 16) from wire ffn_col_serial.g_row[3].prods[0].
Removed top 15 bits (of 16) from wire ffn_col_serial.g_row[2].prods[15].
Removed top 12 bits (of 16) from wire ffn_col_serial.g_row[2].prods[11].
Removed top 12 bits (of 16) from wire ffn_col_serial.g_row[2].prods[9].
Removed top 15 bits (of 16) from wire ffn_col_serial.g_row[2].prods[6].
Removed top 13 bits (of 16) from wire ffn_col_serial.g_row[2].prods[4].
Removed top 14 bits (of 16) from wire ffn_col_serial.g_row[2].prods[2].
Removed top 13 bits (of 16) from wire ffn_col_serial.g_row[2].prods[1].
Removed top 14 bits (of 16) from wire ffn_col_serial.g_row[1].prods[15].
Removed top 15 bits (of 16) from wire ffn_col_serial.g_row[1].prods[10].
Removed top 15 bits (of 16) from wire ffn_col_serial.g_row[1].prods[9].
Removed top 14 bits (of 16) from wire ffn_col_serial.g_row[1].prods[8].
Removed top 12 bits (of 16) from wire ffn_col_serial.g_row[1].prods[3].
Removed top 15 bits (of 16) from wire ffn_col_serial.g_row[1].prods[2].
Removed top 15 bits (of 16) from wire ffn_col_serial.g_row[1].prods[0].
Removed top 15 bits (of 16) from wire ffn_col_serial.g_row[0].prods[14].
Removed top 15 bits (of 16) from wire ffn_col_serial.g_row[0].prods[13].
Removed top 15 bits (of 16) from wire ffn_col_serial.g_row[0].prods[12].
Removed top 15 bits (of 16) from wire ffn_col_serial.g_row[0].prods[9].
Removed top 15 bits (of 16) from wire ffn_col_serial.g_row[0].prods[7].
Removed top 15 bits (of 16) from wire ffn_col_serial.g_row[0].prods[6].
Removed top 15 bits (of 16) from wire ffn_col_serial.g_row[0].prods[3].
Removed top 15 bits (of 16) from wire ffn_col_serial.g_row[0].prods[2].
Removed top 7 bits (of 8) from wire ffn_col_serial.xb[15].
Removed top 7 bits (of 8) from wire ffn_col_serial.xb[14].
Removed top 7 bits (of 8) from wire ffn_col_serial.xb[13].
Removed top 7 bits (of 8) from wire ffn_col_serial.xb[12].
Removed top 7 bits (of 8) from wire ffn_col_serial.xb[11].
Removed top 7 bits (of 8) from wire ffn_col_serial.xb[10].
Removed top 7 bits (of 8) from wire ffn_col_serial.xb[9].
Removed top 7 bits (of 8) from wire ffn_col_serial.xb[8].
Removed top 7 bits (of 8) from wire ffn_col_serial.xb[7].
Removed top 7 bits (of 8) from wire ffn_col_serial.xb[6].
Removed top 7 bits (of 8) from wire ffn_col_serial.xb[5].
Removed top 7 bits (of 8) from wire ffn_col_serial.xb[4].
Removed top 7 bits (of 8) from wire ffn_col_serial.xb[3].
Removed top 7 bits (of 8) from wire ffn_col_serial.xb[2].
Removed top 7 bits (of 8) from wire ffn_col_serial.xb[1].
Removed top 7 bits (of 8) from wire ffn_col_serial.xb[0].
Removed top 15 bits (of 16) from wire ffn_col_serial.g_row[9].prods[15].
Removed top 15 bits (of 16) from wire ffn_col_serial.g_row[10].prods[3].
Removed top 14 bits (of 16) from wire ffn_col_serial.g_row[10].prods[4].
Removed top 15 bits (of 16) from wire ffn_col_serial.g_row[10].prods[13].
Removed top 15 bits (of 16) from wire ffn_col_serial.g_row[11].prods[0].
Removed top 14 bits (of 16) from wire ffn_col_serial.g_row[11].prods[3].
Removed top 12 bits (of 16) from wire ffn_col_serial.$flatten\g_row[3].u_tree.$add$/Users/toprakgundogdu/qwen-ffn-rom/rtl/ffn_col_serial_16x16_b4.v:19$2923_Y.
Removed top 13 bits (of 16) from wire ffn_col_serial.g_row[11].prods[8].
Removed top 12 bits (of 16) from wire ffn_col_serial.g_row[11].prods[11].
Removed top 13 bits (of 16) from wire ffn_col_serial.g_row[11].prods[12].
Removed top 13 bits (of 16) from wire ffn_col_serial.g_row[11].prods[15].
Removed top 15 bits (of 16) from wire ffn_col_serial.g_row[12].prods[2].
Removed top 14 bits (of 16) from wire ffn_col_serial.g_row[12].prods[7].
Removed top 15 bits (of 16) from wire ffn_col_serial.g_row[12].prods[8].
Removed top 15 bits (of 16) from wire ffn_col_serial.g_row[12].prods[9].
Removed top 13 bits (of 16) from wire ffn_col_serial.$flatten\g_row[9].u_tree.$add$/Users/toprakgundogdu/qwen-ffn-rom/rtl/ffn_col_serial_16x16_b4.v:19$2923_Y.
Removed top 14 bits (of 16) from wire ffn_col_serial.g_row[15].prods[13].
Removed top 12 bits (of 16) from wire ffn_col_serial.g_row[15].prods[12].
Removed top 10 bits (of 12) from wire ffn_col_serial.g_row[15].g_col[13].p_raw.
Removed top 8 bits (of 12) from wire ffn_col_serial.g_row[15].g_col[12].p_raw.
Removed top 11 bits (of 12) from wire ffn_col_serial.g_row[15].g_col[4].p_raw.
Removed top 8 bits (of 12) from wire ffn_col_serial.g_row[15].g_col[3].p_raw.
Removed top 15 bits (of 16) from wire ffn_col_serial.g_row[15].prods[4].
Removed top 12 bits (of 16) from wire ffn_col_serial.g_row[15].prods[3].
Removed top 11 bits (of 12) from wire ffn_col_serial.g_row[14].g_col[11].p_raw.
Removed top 11 bits (of 12) from wire ffn_col_serial.g_row[14].g_col[7].p_raw.
Removed top 16 bits (of 256) from wire ffn_col_serial.g_row[14].prods_flat.
Removed top 9 bits (of 12) from wire ffn_col_serial.g_row[13].g_col[12].p_raw.
Removed top 11 bits (of 12) from wire ffn_col_serial.g_row[13].g_col[11].p_raw.
Removed top 15 bits (of 16) from wire ffn_col_serial.g_row[14].prods[11].
Removed top 11 bits (of 12) from wire ffn_col_serial.g_row[13].g_col[4].p_raw.
Removed top 16 bits (of 256) from wire ffn_col_serial.g_row[13].prods_flat.
Removed top 15 bits (of 16) from wire ffn_col_serial.g_row[13].prods[4].
Removed top 11 bits (of 12) from wire ffn_col_serial.g_row[12].g_col[9].p_raw.
Removed top 11 bits (of 12) from wire ffn_col_serial.g_row[12].g_col[8].p_raw.
Removed top 10 bits (of 12) from wire ffn_col_serial.g_row[12].g_col[7].p_raw.
Removed top 11 bits (of 12) from wire ffn_col_serial.g_row[12].g_col[2].p_raw.
Removed top 9 bits (of 12) from wire ffn_col_serial.g_row[11].g_col[15].p_raw.
Removed top 9 bits (of 12) from wire ffn_col_serial.g_row[11].g_col[12].p_raw.
Removed top 8 bits (of 12) from wire ffn_col_serial.g_row[11].g_col[11].p_raw.
Removed top 9 bits (of 12) from wire ffn_col_serial.g_row[11].g_col[8].p_raw.
Removed top 10 bits (of 12) from wire ffn_col_serial.g_row[11].g_col[3].p_raw.
Removed top 11 bits (of 12) from wire ffn_col_serial.g_row[11].g_col[0].p_raw.
Removed top 13 bits (of 256) from wire ffn_col_serial.g_row[11].prods_flat.
Removed top 15 bits (of 16) from wire ffn_col_serial.g_row[13].prods[11].
Removed top 13 bits (of 16) from wire ffn_col_serial.g_row[13].prods[12].
Removed top 11 bits (of 12) from wire ffn_col_serial.g_row[10].g_col[13].p_raw.
Removed top 15 bits (of 16) from wire ffn_col_serial.g_row[14].prods[7].
Removed top 10 bits (of 12) from wire ffn_col_serial.g_row[10].g_col[4].p_raw.
Removed top 11 bits (of 12) from wire ffn_col_serial.g_row[10].g_col[3].p_raw.
Removed top 16 bits (of 256) from wire ffn_col_serial.g_row[10].prods_flat.
Removed top 11 bits (of 12) from wire ffn_col_serial.g_row[9].g_col[15].p_raw.
Removed top 8 bits (of 12) from wire ffn_col_serial.g_row[9].g_col[12].p_raw.
Removed top 8 bits (of 12) from wire ffn_col_serial.g_row[9].g_col[11].p_raw.
Removed top 11 bits (of 12) from wire ffn_col_serial.g_row[9].g_col[9].p_raw.
Removed top 11 bits (of 12) from wire ffn_col_serial.g_row[9].g_col[6].p_raw.
Removed top 11 bits (of 12) from wire ffn_col_serial.g_row[9].g_col[1].p_raw.
Removed top 10 bits (of 12) from wire ffn_col_serial.g_row[9].g_col[0].p_raw.
Removed top 15 bits (of 256) from wire ffn_col_serial.g_row[9].prods_flat.
Removed top 11 bits (of 12) from wire ffn_col_serial.g_row[8].g_col[14].p_raw.
Removed top 12 bits (of 16) from wire ffn_col_serial.g_row[9].prods[12].
Removed top 9 bits (of 12) from wire ffn_col_serial.g_row[8].g_col[10].p_raw.
Removed top 12 bits (of 16) from wire ffn_col_serial.g_row[9].prods[11].
Removed top 9 bits (of 12) from wire ffn_col_serial.g_row[8].g_col[6].p_raw.
Removed top 11 bits (of 12) from wire ffn_col_serial.g_row[8].g_col[5].p_raw.
Removed top 31 bits (of 256) from wire ffn_col_serial.g_row[8].prods_flat.
Removed top 15 bits (of 16) from wire ffn_col_serial.g_row[9].prods[9].
Removed top 11 bits (of 12) from wire ffn_col_serial.g_row[7].g_col[8].p_raw.
Removed top 11 bits (of 12) from wire ffn_col_serial.g_row[7].g_col[6].p_raw.
Removed top 10 bits (of 12) from wire ffn_col_serial.g_row[6].g_col[9].p_raw.
Removed top 10 bits (of 12) from wire ffn_col_serial.g_row[6].g_col[8].p_raw.
Removed top 11 bits (of 12) from wire ffn_col_serial.g_row[6].g_col[5].p_raw.
Removed top 11 bits (of 12) from wire ffn_col_serial.g_row[6].g_col[2].p_raw.
Removed top 10 bits (of 12) from wire ffn_col_serial.g_row[6].g_col[1].p_raw.
Removed top 16 bits (of 256) from wire ffn_col_serial.g_row[6].prods_flat.
Removed top 15 bits (of 16) from wire ffn_col_serial.g_row[9].prods[6].
Removed top 9 bits (of 12) from wire ffn_col_serial.g_row[5].g_col[10].p_raw.
Removed top 11 bits (of 12) from wire ffn_col_serial.g_row[5].g_col[8].p_raw.
Removed top 10 bits (of 12) from wire ffn_col_serial.g_row[5].g_col[6].p_raw.
Removed top 11 bits (of 12) from wire ffn_col_serial.g_row[5].g_col[4].p_raw.
Removed top 9 bits (of 12) from wire ffn_col_serial.g_row[5].g_col[3].p_raw.
Removed top 10 bits (of 12) from wire ffn_col_serial.g_row[5].g_col[0].p_raw.
Removed top 11 bits (of 12) from wire ffn_col_serial.g_row[4].g_col[11].p_raw.
Removed top 11 bits (of 12) from wire ffn_col_serial.g_row[4].g_col[10].p_raw.
Removed top 11 bits (of 12) from wire ffn_col_serial.g_row[4].g_col[6].p_raw.
Removed top 9 bits (of 12) from wire ffn_col_serial.g_row[4].g_col[4].p_raw.
Removed top 10 bits (of 12) from wire ffn_col_serial.g_row[4].g_col[2].p_raw.
Removed top 11 bits (of 12) from wire ffn_col_serial.g_row[4].g_col[1].p_raw.
Removed top 15 bits (of 16) from wire ffn_col_serial.g_row[9].prods[1].
Removed top 8 bits (of 12) from wire ffn_col_serial.csd_mul4$func$/Users/toprakgundogdu/qwen-ffn-rom/rtl/ffn_col_serial_16x16_b4.v:129$3003.$result.
Removed top 8 bits (of 12) from wire ffn_col_serial.g_row[3].g_col[14].p_raw.
Removed top 8 bits (of 12) from wire ffn_col_serial.csd_mul4$func$/Users/toprakgundogdu/qwen-ffn-rom/rtl/ffn_col_serial_16x16_b4.v:129$3001.$result.
Removed top 8 bits (of 12) from wire ffn_col_serial.g_row[3].g_col[12].p_raw.
Removed top 11 bits (of 12) from wire ffn_col_serial.g_row[3].g_col[9].p_raw.
Removed top 8 bits (of 12) from wire ffn_col_serial.csd_mul4$func$/Users/toprakgundogdu/qwen-ffn-rom/rtl/ffn_col_serial_16x16_b4.v:129$2997.$result.
Removed top 8 bits (of 12) from wire ffn_col_serial.g_row[3].g_col[8].p_raw.
Removed top 11 bits (of 12) from wire ffn_col_serial.g_row[3].g_col[7].p_raw.
Removed top 10 bits (of 12) from wire ffn_col_serial.g_row[3].g_col[2].p_raw.
Removed top 9 bits (of 12) from wire ffn_col_serial.g_row[3].g_col[1].p_raw.
Removed top 10 bits (of 12) from wire ffn_col_serial.g_row[3].g_col[0].p_raw.
Removed top 11 bits (of 12) from wire ffn_col_serial.g_row[2].g_col[15].p_raw.
Removed top 8 bits (of 12) from wire ffn_col_serial.csd_mul4$func$/Users/toprakgundogdu/qwen-ffn-rom/rtl/ffn_col_serial_16x16_b4.v:129$2983.$result.
Removed top 8 bits (of 12) from wire ffn_col_serial.g_row[2].g_col[11].p_raw.
Removed top 8 bits (of 12) from wire ffn_col_serial.csd_mul4$func$/Users/toprakgundogdu/qwen-ffn-rom/rtl/ffn_col_serial_16x16_b4.v:129$2981.$result.
Removed top 8 bits (of 12) from wire ffn_col_serial.g_row[2].g_col[9].p_raw.
Removed top 14 bits (of 16) from wire ffn_col_serial.g_row[9].prods[0].
Removed top 11 bits (of 12) from wire ffn_col_serial.g_row[2].g_col[6].p_raw.
Removed top 9 bits (of 12) from wire ffn_col_serial.g_row[2].g_col[4].p_raw.
Removed top 10 bits (of 12) from wire ffn_col_serial.g_row[2].g_col[2].p_raw.
Removed top 9 bits (of 12) from wire ffn_col_serial.g_row[2].g_col[1].p_raw.
Removed top 15 bits (of 256) from wire ffn_col_serial.g_row[2].prods_flat.
Removed top 10 bits (of 12) from wire ffn_col_serial.g_row[1].g_col[15].p_raw.
Removed top 11 bits (of 12) from wire ffn_col_serial.g_row[1].g_col[10].p_raw.
Removed top 11 bits (of 12) from wire ffn_col_serial.g_row[1].g_col[9].p_raw.
Removed top 10 bits (of 12) from wire ffn_col_serial.g_row[1].g_col[8].p_raw.
Removed top 8 bits (of 12) from wire ffn_col_serial.csd_mul4$func$/Users/toprakgundogdu/qwen-ffn-rom/rtl/ffn_col_serial_16x16_b4.v:129$2958.$result.
Removed top 8 bits (of 12) from wire ffn_col_serial.g_row[1].g_col[3].p_raw.
Removed top 11 bits (of 12) from wire ffn_col_serial.g_row[1].g_col[2].p_raw.
Removed top 11 bits (of 12) from wire ffn_col_serial.g_row[1].g_col[0].p_raw.
Removed top 14 bits (of 256) from wire ffn_col_serial.g_row[1].prods_flat.
Removed top 11 bits (of 12) from wire ffn_col_serial.g_row[0].g_col[14].p_raw.
Removed top 11 bits (of 12) from wire ffn_col_serial.g_row[0].g_col[13].p_raw.
Removed top 11 bits (of 12) from wire ffn_col_serial.g_row[0].g_col[12].p_raw.
Removed top 11 bits (of 12) from wire ffn_col_serial.g_row[0].g_col[9].p_raw.
Removed top 11 bits (of 12) from wire ffn_col_serial.g_row[0].g_col[7].p_raw.
Removed top 11 bits (of 12) from wire ffn_col_serial.g_row[0].g_col[6].p_raw.
Removed top 11 bits (of 12) from wire ffn_col_serial.g_row[0].g_col[3].p_raw.
Removed top 11 bits (of 12) from wire ffn_col_serial.g_row[0].g_col[2].p_raw.

7.10. Executing PEEPOPT pass (run peephole optimizers).

7.11. Executing OPT_CLEAN pass (remove unused cells and wires).
Finding unused cells or wires in module \ffn_col_serial..
Removed 0 unused cells and 197 unused wires.
<suppressed ~1 debug messages>

7.12. Executing ALUMACC pass (create $alu and $macc cells).
Extracting $alu and $macc cells in module ffn_col_serial:
  creating $macc model for $neg$/Users/toprakgundogdu/qwen-ffn-rom/rtl/ffn_col_serial_16x16_b4.v:138$5706 ($neg).
  creating $macc model for $flatten\g_row[9].u_tree.$add$/Users/toprakgundogdu/qwen-ffn-rom/rtl/ffn_col_serial_16x16_b4.v:19$2934 ($add).
  creating $macc model for $flatten\g_row[9].u_tree.$add$/Users/toprakgundogdu/qwen-ffn-rom/rtl/ffn_col_serial_16x16_b4.v:19$2935 ($add).
  creating $macc model for $neg$/Users/toprakgundogdu/qwen-ffn-rom/rtl/ffn_col_serial_16x16_b4.v:138$5683 ($neg).
  creating $macc model for $flatten\g_row[9].u_tree.$add$/Users/toprakgundogdu/qwen-ffn-rom/rtl/ffn_col_serial_16x16_b4.v:19$2936 ($add).
  creating $macc model for $flatten\g_row[9].u_tree.$add$/Users/toprakgundogdu/qwen-ffn-rom/rtl/ffn_col_serial_16x16_b4.v:19$2937 ($add).
  creating $macc model for $neg$/Users/toprakgundogdu/qwen-ffn-rom/rtl/ffn_col_serial_16x16_b4.v:138$5660 ($neg).
  creating $macc model for $flatten\g_row[15].u_tree.$add$/Users/toprakgundogdu/qwen-ffn-rom/rtl/ffn_col_serial_16x16_b4.v:19$2927 ($add).
  creating $macc model for $neg$/Users/toprakgundogdu/qwen-ffn-rom/rtl/ffn_col_serial_16x16_b4.v:138$5637 ($neg).
  creating $macc model for $flatten\g_row[14].u_tree.$add$/Users/toprakgundogdu/qwen-ffn-rom/rtl/ffn_col_serial_16x16_b4.v:19$2931 ($add).
  creating $macc model for $flatten\g_row[8].u_tree.$add$/Users/toprakgundogdu/qwen-ffn-rom/rtl/ffn_col_serial_16x16_b4.v:19$2925 ($add).
  creating $macc model for $neg$/Users/toprakgundogdu/qwen-ffn-rom/rtl/ffn_col_serial_16x16_b4.v:138$5614 ($neg).
  creating $macc model for $flatten\g_row[15].u_tree.$add$/Users/toprakgundogdu/qwen-ffn-rom/rtl/ffn_col_serial_16x16_b4.v:19$2928 ($add).
  creating $macc model for $flatten\g_row[8].u_tree.$add$/Users/toprakgundogdu/qwen-ffn-rom/rtl/ffn_col_serial_16x16_b4.v:19$2927 ($add).
  creating $macc model for $neg$/Users/toprakgundogdu/qwen-ffn-rom/rtl/ffn_col_serial_16x16_b4.v:138$5591 ($neg).
  creating $macc model for $flatten\g_row[8].u_tree.$add$/Users/toprakgundogdu/qwen-ffn-rom/rtl/ffn_col_serial_16x16_b4.v:19$2928 ($add).
  creating $macc model for $flatten\g_row[14].u_tree.$add$/Users/toprakgundogdu/qwen-ffn-rom/rtl/ffn_col_serial_16x16_b4.v:19$2933 ($add).
  creating $macc model for $neg$/Users/toprakgundogdu/qwen-ffn-rom/rtl/ffn_col_serial_16x16_b4.v:138$5568 ($neg).
  creating $macc model for $flatten\g_row[15].u_tree.$add$/Users/toprakgundogdu/qwen-ffn-rom/rtl/ffn_col_serial_16x16_b4.v:19$2929 ($add).
  creating $macc model for $flatten\g_row[8].u_tree.$add$/Users/toprakgundogdu/qwen-ffn-rom/rtl/ffn_col_serial_16x16_b4.v:19$2931 ($add).
  creating $macc model for $neg$/Users/toprakgundogdu/qwen-ffn-rom/rtl/ffn_col_serial_16x16_b4.v:138$5545 ($neg).
  creating $macc model for $flatten\g_row[8].u_tree.$add$/Users/toprakgundogdu/qwen-ffn-rom/rtl/ffn_col_serial_16x16_b4.v:19$2932 ($add).
  creating $macc model for $flatten\g_row[8].u_tree.$add$/Users/toprakgundogdu/qwen-ffn-rom/rtl/ffn_col_serial_16x16_b4.v:19$2933 ($add).
  creating $macc model for $neg$/Users/toprakgundogdu/qwen-ffn-rom/rtl/ffn_col_serial_16x16_b4.v:138$5522 ($neg).
  creating $macc model for $flatten\g_row[8].u_tree.$add$/Users/toprakgundogdu/qwen-ffn-rom/rtl/ffn_col_serial_16x16_b4.v:19$2934 ($add).
  creating $macc model for $flatten\g_row[15].u_tree.$add$/Users/toprakgundogdu/qwen-ffn-rom/rtl/ffn_col_serial_16x16_b4.v:19$2930 ($add).
  creating $macc model for $neg$/Users/toprakgundogdu/qwen-ffn-rom/rtl/ffn_col_serial_16x16_b4.v:138$5499 ($neg).
  creating $macc model for $flatten\g_row[8].u_tree.$add$/Users/toprakgundogdu/qwen-ffn-rom/rtl/ffn_col_serial_16x16_b4.v:19$2936 ($add).
  creating $macc model for $flatten\g_row[14].u_tree.$add$/Users/toprakgundogdu/qwen-ffn-rom/rtl/ffn_col_serial_16x16_b4.v:19$2936 ($add).
  creating $macc model for $neg$/Users/toprakgundogdu/qwen-ffn-rom/rtl/ffn_col_serial_16x16_b4.v:138$5476 ($neg).
  creating $macc model for $flatten\g_row[7].u_tree.$add$/Users/toprakgundogdu/qwen-ffn-rom/rtl/ffn_col_serial_16x16_b4.v:19$2923 ($add).
  creating $macc model for $neg$/Users/toprakgundogdu/qwen-ffn-rom/rtl/ffn_col_serial_16x16_b4.v:138$5453 ($neg).
  creating $macc model for $flatten\g_row[7].u_tree.$add$/Users/toprakgundogdu/qwen-ffn-rom/rtl/ffn_col_serial_16x16_b4.v:19$2924 ($add).
  creating $macc model for $flatten\g_row[7].u_tree.$add$/Users/toprakgundogdu/qwen-ffn-rom/rtl/ffn_col_serial_16x16_b4.v:19$2925 ($add).
  creating $macc model for $neg$/Users/toprakgundogdu/qwen-ffn-rom/rtl/ffn_col_serial_16x16_b4.v:138$5430 ($neg).
  creating $macc model for $flatten\g_row[7].u_tree.$add$/Users/toprakgundogdu/qwen-ffn-rom/rtl/ffn_col_serial_16x16_b4.v:19$2926 ($add).
  creating $macc model for $flatten\g_row[15].u_tree.$add$/Users/toprakgundogdu/qwen-ffn-rom/rtl/ffn_col_serial_16x16_b4.v:19$2931 ($add).
  creating $macc model for $neg$/Users/toprakgundogdu/qwen-ffn-rom/rtl/ffn_col_serial_16x16_b4.v:138$5407 ($neg).
  creating $macc model for $flatten\g_row[7].u_tree.$add$/Users/toprakgundogdu/qwen-ffn-rom/rtl/ffn_col_serial_16x16_b4.v:19$2928 ($add).
  creating $macc model for $flatten\g_row[7].u_tree.$add$/Users/toprakgundogdu/qwen-ffn-rom/rtl/ffn_col_serial_16x16_b4.v:19$2929 ($add).
  creating $macc model for $add$/Users/toprakgundogdu/qwen-ffn-rom/rtl/ffn_col_serial_16x16_b4.v:139$5354 ($add).
  creating $macc model for $flatten\g_row[15].u_tree.$add$/Users/toprakgundogdu/qwen-ffn-rom/rtl/ffn_col_serial_16x16_b4.v:19$2933 ($add).
  creating $macc model for $sub$/Users/toprakgundogdu/qwen-ffn-rom/rtl/ffn_col_serial_16x16_b4.v:85$5353 ($sub).
  creating $macc model for $neg$/Users/toprakgundogdu/qwen-ffn-rom/rtl/ffn_col_serial_16x16_b4.v:85$5351 ($neg).
  creating $macc model for $sub$/Users/toprakgundogdu/qwen-ffn-rom/rtl/ffn_col_serial_16x16_b4.v:87$5344 ($sub).
  creating $macc model for $flatten\g_row[9].u_tree.$add$/Users/toprakgundogdu/qwen-ffn-rom/rtl/ffn_col_serial_16x16_b4.v:19$2923 ($add).
  creating $macc model for $flatten\g_row[7].u_tree.$add$/Users/toprakgundogdu/qwen-ffn-rom/rtl/ffn_col_serial_16x16_b4.v:19$2930 ($add).
  creating $macc model for $add$/Users/toprakgundogdu/qwen-ffn-rom/rtl/ffn_col_serial_16x16_b4.v:95$5329 ($add).
  creating $macc model for $flatten\g_row[9].u_tree.$add$/Users/toprakgundogdu/qwen-ffn-rom/rtl/ffn_col_serial_16x16_b4.v:19$2925 ($add).
  creating $macc model for $sub$/Users/toprakgundogdu/qwen-ffn-rom/rtl/ffn_col_serial_16x16_b4.v:85$5321 ($sub).
  creating $macc model for $neg$/Users/toprakgundogdu/qwen-ffn-rom/rtl/ffn_col_serial_16x16_b4.v:85$5319 ($neg).
  creating $macc model for $neg$/Users/toprakgundogdu/qwen-ffn-rom/rtl/ffn_col_serial_16x16_b4.v:89$5312 ($neg).
  creating $macc model for $add$/Users/toprakgundogdu/qwen-ffn-rom/rtl/ffn_col_serial_16x16_b4.v:93$5305 ($add).
  creating $macc model for $neg$/Users/toprakgundogdu/qwen-ffn-rom/rtl/ffn_col_serial_16x16_b4.v:93$5303 ($neg).
  creating $macc model for $neg$/Users/toprakgundogdu/qwen-ffn-rom/rtl/ffn_col_serial_16x16_b4.v:89$5296 ($neg).
  creating $macc model for $neg$/Users/toprakgundogdu/qwen-ffn-rom/rtl/ffn_col_serial_16x16_b4.v:88$5289 ($neg).
  creating $macc model for $flatten\g_row[7].u_tree.$add$/Users/toprakgundogdu/qwen-ffn-rom/rtl/ffn_col_serial_16x16_b4.v:19$2931 ($add).
  creating $macc model for $neg$/Users/toprakgundogdu/qwen-ffn-rom/rtl/ffn_col_serial_16x16_b4.v:86$5281 ($neg).
  creating $macc model for $add$/Users/toprakgundogdu/qwen-ffn-rom/rtl/ffn_col_serial_16x16_b4.v:93$5273 ($add).
  creating $macc model for $neg$/Users/toprakgundogdu/qwen-ffn-rom/rtl/ffn_col_serial_16x16_b4.v:93$5271 ($neg).
  creating $macc model for $add$/Users/toprakgundogdu/qwen-ffn-rom/rtl/ffn_col_serial_16x16_b4.v:95$5258 ($add).
  creating $macc model for $sub$/Users/toprakgundogdu/qwen-ffn-rom/rtl/ffn_col_serial_16x16_b4.v:83$5250 ($sub).
  creating $macc model for $flatten\g_row[7].u_tree.$add$/Users/toprakgundogdu/qwen-ffn-rom/rtl/ffn_col_serial_16x16_b4.v:19$2932 ($add).
  creating $macc model for $neg$/Users/toprakgundogdu/qwen-ffn-rom/rtl/ffn_col_serial_16x16_b4.v:88$5242 ($neg).
  creating $macc model for $flatten\g_row[11].u_tree.$add$/Users/toprakgundogdu/qwen-ffn-rom/rtl/ffn_col_serial_16x16_b4.v:19$2924 ($add).
  creating $macc model for $neg$/Users/toprakgundogdu/qwen-ffn-rom/rtl/ffn_col_serial_16x16_b4.v:89$5234 ($neg).
  creating $macc model for $add$/Users/toprakgundogdu/qwen-ffn-rom/rtl/ffn_col_serial_16x16_b4.v:139$5227 ($add).
  creating $macc model for $neg$/Users/toprakgundogdu/qwen-ffn-rom/rtl/ffn_col_serial_16x16_b4.v:89$5220 ($neg).
  creating $macc model for $flatten\g_row[7].u_tree.$add$/Users/toprakgundogdu/qwen-ffn-rom/rtl/ffn_col_serial_16x16_b4.v:19$2933 ($add).
  creating $macc model for $neg$/Users/toprakgundogdu/qwen-ffn-rom/rtl/ffn_col_serial_16x16_b4.v:89$5170 ($neg).
  creating $macc model for $sub$/Users/toprakgundogdu/qwen-ffn-rom/rtl/ffn_col_serial_16x16_b4.v:83$5151 ($sub).
  creating $macc model for $add$/Users/toprakgundogdu/qwen-ffn-rom/rtl/ffn_col_serial_16x16_b4.v:93$5131 ($add).
  creating $macc model for $flatten\g_row[14].u_tree.$add$/Users/toprakgundogdu/qwen-ffn-rom/rtl/ffn_col_serial_16x16_b4.v:19$2928 ($add).
  creating $macc model for $add$/Users/toprakgundogdu/qwen-ffn-rom/rtl/ffn_col_serial_16x16_b4.v:139$5122 ($add).
  creating $macc model for $flatten\g_row[15].u_tree.$add$/Users/toprakgundogdu/qwen-ffn-rom/rtl/ffn_col_serial_16x16_b4.v:19$2934 ($add).
  creating $macc model for $flatten\g_row[7].u_tree.$add$/Users/toprakgundogdu/qwen-ffn-rom/rtl/ffn_col_serial_16x16_b4.v:19$2935 ($add).
  creating $macc model for $flatten\g_row[7].u_tree.$add$/Users/toprakgundogdu/qwen-ffn-rom/rtl/ffn_col_serial_16x16_b4.v:19$2936 ($add).
  creating $macc model for $neg$/Users/toprakgundogdu/qwen-ffn-rom/rtl/ffn_col_serial_16x16_b4.v:89$5107 ($neg).
  creating $macc model for $flatten\g_row[11].u_tree.$add$/Users/toprakgundogdu/qwen-ffn-rom/rtl/ffn_col_serial_16x16_b4.v:19$2923 ($add).
  creating $macc model for $add$/Users/toprakgundogdu/qwen-ffn-rom/rtl/ffn_col_serial_16x16_b4.v:93$5087 ($add).
  creating $macc model for $flatten\g_row[7].u_tree.$add$/Users/toprakgundogdu/qwen-ffn-rom/rtl/ffn_col_serial_16x16_b4.v:19$2937 ($add).
  creating $macc model for $neg$/Users/toprakgundogdu/qwen-ffn-rom/rtl/ffn_col_serial_16x16_b4.v:86$5071 ($neg).
  creating $macc model for $neg$/Users/toprakgundogdu/qwen-ffn-rom/rtl/ffn_col_serial_16x16_b4.v:89$5063 ($neg).
  creating $macc model for $add$/Users/toprakgundogdu/qwen-ffn-rom/rtl/ffn_col_serial_16x16_b4.v:93$5056 ($add).
  creating $macc model for $flatten\g_row[6].u_tree.$add$/Users/toprakgundogdu/qwen-ffn-rom/rtl/ffn_col_serial_16x16_b4.v:19$2923 ($add).
  creating $macc model for $flatten\g_row[6].u_tree.$add$/Users/toprakgundogdu/qwen-ffn-rom/rtl/ffn_col_serial_16x16_b4.v:19$2924 ($add).
  creating $macc model for $add$/Users/toprakgundogdu/qwen-ffn-rom/rtl/ffn_col_serial_16x16_b4.v:93$5035 ($add).
  creating $macc model for $neg$/Users/toprakgundogdu/qwen-ffn-rom/rtl/ffn_col_serial_16x16_b4.v:93$5033 ($neg).
  creating $macc model for $flatten\g_row[6].u_tree.$add$/Users/toprakgundogdu/qwen-ffn-rom/rtl/ffn_col_serial_16x16_b4.v:19$2925 ($add).
  creating $macc model for $neg$/Users/toprakgundogdu/qwen-ffn-rom/rtl/ffn_col_serial_16x16_b4.v:86$5018 ($neg).
  creating $macc model for $sub$/Users/toprakgundogdu/qwen-ffn-rom/rtl/ffn_col_serial_16x16_b4.v:85$5010 ($sub).
  creating $macc model for $flatten\g_row[6].u_tree.$add$/Users/toprakgundogdu/qwen-ffn-rom/rtl/ffn_col_serial_16x16_b4.v:19$2926 ($add).
  creating $macc model for $flatten\g_row[6].u_tree.$add$/Users/toprakgundogdu/qwen-ffn-rom/rtl/ffn_col_serial_16x16_b4.v:19$2927 ($add).
  creating $macc model for $add$/Users/toprakgundogdu/qwen-ffn-rom/rtl/ffn_col_serial_16x16_b4.v:139$5001 ($add).
  creating $macc model for $flatten\g_row[12].u_tree.$add$/Users/toprakgundogdu/qwen-ffn-rom/rtl/ffn_col_serial_16x16_b4.v:19$2924 ($add).
  creating $macc model for $neg$/Users/toprakgundogdu/qwen-ffn-rom/rtl/ffn_col_serial_16x16_b4.v:88$5000 ($neg).
  creating $macc model for $neg$/Users/toprakgundogdu/qwen-ffn-rom/rtl/ffn_col_serial_16x16_b4.v:86$4992 ($neg).
  creating $macc model for $neg$/Users/toprakgundogdu/qwen-ffn-rom/rtl/ffn_col_serial_16x16_b4.v:88$4984 ($neg).
  creating $macc model for $flatten\g_row[9].u_tree.$add$/Users/toprakgundogdu/qwen-ffn-rom/rtl/ffn_col_serial_16x16_b4.v:19$2927 ($add).
  creating $macc model for $add$/Users/toprakgundogdu/qwen-ffn-rom/rtl/ffn_col_serial_16x16_b4.v:93$4976 ($add).
  creating $macc model for $flatten\g_row[6].u_tree.$add$/Users/toprakgundogdu/qwen-ffn-rom/rtl/ffn_col_serial_16x16_b4.v:19$2928 ($add).
  creating $macc model for $neg$/Users/toprakgundogdu/qwen-ffn-rom/rtl/ffn_col_serial_16x16_b4.v:93$4974 ($neg).
  creating $macc model for $add$/Users/toprakgundogdu/qwen-ffn-rom/rtl/ffn_col_serial_16x16_b4.v:96$4967 ($add).
  creating $macc model for $flatten\g_row[12].u_tree.$add$/Users/toprakgundogdu/qwen-ffn-rom/rtl/ffn_col_serial_16x16_b4.v:19$2937 ($add).
  creating $macc model for $neg$/Users/toprakgundogdu/qwen-ffn-rom/rtl/ffn_col_serial_16x16_b4.v:96$4965 ($neg).
  creating $macc model for $flatten\g_row[6].u_tree.$add$/Users/toprakgundogdu/qwen-ffn-rom/rtl/ffn_col_serial_16x16_b4.v:19$2929 ($add).
  creating $macc model for $flatten\g_row[11].u_tree.$add$/Users/toprakgundogdu/qwen-ffn-rom/rtl/ffn_col_serial_16x16_b4.v:19$2937 ($add).
  creating $macc model for $flatten\g_row[6].u_tree.$add$/Users/toprakgundogdu/qwen-ffn-rom/rtl/ffn_col_serial_16x16_b4.v:19$2930 ($add).
  creating $macc model for $flatten\g_row[6].u_tree.$add$/Users/toprakgundogdu/qwen-ffn-rom/rtl/ffn_col_serial_16x16_b4.v:19$2931 ($add).
  creating $macc model for $neg$/Users/toprakgundogdu/qwen-ffn-rom/rtl/ffn_col_serial_16x16_b4.v:86$4910 ($neg).
  creating $macc model for $add$/Users/toprakgundogdu/qwen-ffn-rom/rtl/ffn_col_serial_16x16_b4.v:97$4890 ($add).
  creating $macc model for $flatten\g_row[6].u_tree.$add$/Users/toprakgundogdu/qwen-ffn-rom/rtl/ffn_col_serial_16x16_b4.v:19$2932 ($add).
  creating $macc model for $add$/Users/toprakgundogdu/qwen-ffn-rom/rtl/ffn_col_serial_16x16_b4.v:139$4881 ($add).
  creating $macc model for $flatten\g_row[12].u_tree.$add$/Users/toprakgundogdu/qwen-ffn-rom/rtl/ffn_col_serial_16x16_b4.v:19$2925 ($add).
  creating $macc model for $neg$/Users/toprakgundogdu/qwen-ffn-rom/rtl/ffn_col_serial_16x16_b4.v:88$4873 ($neg).
  creating $macc model for $neg$/Users/toprakgundogdu/qwen-ffn-rom/rtl/ffn_col_serial_16x16_b4.v:138$5752 ($neg).
  creating $macc model for $flatten\g_row[6].u_tree.$add$/Users/toprakgundogdu/qwen-ffn-rom/rtl/ffn_col_serial_16x16_b4.v:19$2933 ($add).
  creating $macc model for $flatten\g_row[9].u_tree.$add$/Users/toprakgundogdu/qwen-ffn-rom/rtl/ffn_col_serial_16x16_b4.v:19$2928 ($add).
  creating $macc model for $flatten\g_row[9].u_tree.$add$/Users/toprakgundogdu/qwen-ffn-rom/rtl/ffn_col_serial_16x16_b4.v:19$2931 ($add).
  creating $macc model for $add$/Users/toprakgundogdu/qwen-ffn-rom/rtl/ffn_col_serial_16x16_b4.v:95$4850 ($add).
  creating $macc model for $flatten\g_row[10].u_tree.$add$/Users/toprakgundogdu/qwen-ffn-rom/rtl/ffn_col_serial_16x16_b4.v:19$2923 ($add).
  creating $macc model for $flatten\g_row[6].u_tree.$add$/Users/toprakgundogdu/qwen-ffn-rom/rtl/ffn_col_serial_16x16_b4.v:19$2934 ($add).
  creating $macc model for $add$/Users/toprakgundogdu/qwen-ffn-rom/rtl/ffn_col_serial_16x16_b4.v:97$4835 ($add).
  creating $macc model for $flatten\g_row[15].u_tree.$add$/Users/toprakgundogdu/qwen-ffn-rom/rtl/ffn_col_serial_16x16_b4.v:19$2926 ($add).
  creating $macc model for $flatten\g_row[6].u_tree.$add$/Users/toprakgundogdu/qwen-ffn-rom/rtl/ffn_col_serial_16x16_b4.v:19$2935 ($add).
  creating $macc model for $flatten\g_row[6].u_tree.$add$/Users/toprakgundogdu/qwen-ffn-rom/rtl/ffn_col_serial_16x16_b4.v:19$2936 ($add).
  creating $macc model for $sub$/Users/toprakgundogdu/qwen-ffn-rom/rtl/ffn_col_serial_16x16_b4.v:87$4787 ($sub).
  creating $macc model for $flatten\g_row[10].u_tree.$add$/Users/toprakgundogdu/qwen-ffn-rom/rtl/ffn_col_serial_16x16_b4.v:19$2924 ($add).
  creating $macc model for $neg$/Users/toprakgundogdu/qwen-ffn-rom/rtl/ffn_col_serial_16x16_b4.v:89$4779 ($neg).
  creating $macc model for $add$/Users/toprakgundogdu/qwen-ffn-rom/rtl/ffn_col_serial_16x16_b4.v:139$4766 ($add).
  creating $macc model for $flatten\g_row[15].u_tree.$add$/Users/toprakgundogdu/qwen-ffn-rom/rtl/ffn_col_serial_16x16_b4.v:19$2935 ($add).
  creating $macc model for $flatten\g_row[13].u_tree.$add$/Users/toprakgundogdu/qwen-ffn-rom/rtl/ffn_col_serial_16x16_b4.v:19$2923 ($add).
  creating $macc model for $neg$/Users/toprakgundogdu/qwen-ffn-rom/rtl/ffn_col_serial_16x16_b4.v:88$4745 ($neg).
  creating $macc model for $sub$/Users/toprakgundogdu/qwen-ffn-rom/rtl/ffn_col_serial_16x16_b4.v:87$4718 ($sub).
  creating $macc model for $sub$/Users/toprakgundogdu/qwen-ffn-rom/rtl/ffn_col_serial_16x16_b4.v:83$4710 ($sub).
  creating $macc model for $flatten\g_row[10].u_tree.$add$/Users/toprakgundogdu/qwen-ffn-rom/rtl/ffn_col_serial_16x16_b4.v:19$2925 ($add).
  creating $macc model for $sub$/Users/toprakgundogdu/qwen-ffn-rom/rtl/ffn_col_serial_16x16_b4.v:87$4702 ($sub).
  creating $macc model for $flatten\g_row[9].u_tree.$add$/Users/toprakgundogdu/qwen-ffn-rom/rtl/ffn_col_serial_16x16_b4.v:19$2929 ($add).
  creating $macc model for $neg$/Users/toprakgundogdu/qwen-ffn-rom/rtl/ffn_col_serial_16x16_b4.v:138$5729 ($neg).
  creating $macc model for $flatten\g_row[13].u_tree.$add$/Users/toprakgundogdu/qwen-ffn-rom/rtl/ffn_col_serial_16x16_b4.v:19$2924 ($add).
  creating $macc model for $flatten\g_row[5].u_tree.$add$/Users/toprakgundogdu/qwen-ffn-rom/rtl/ffn_col_serial_16x16_b4.v:19$2924 ($add).
  creating $macc model for $flatten\g_row[10].u_tree.$add$/Users/toprakgundogdu/qwen-ffn-rom/rtl/ffn_col_serial_16x16_b4.v:19$2926 ($add).
  creating $macc model for $neg$/Users/toprakgundogdu/qwen-ffn-rom/rtl/ffn_col_serial_16x16_b4.v:86$4659 ($neg).
  creating $macc model for $flatten\g_row[9].u_tree.$add$/Users/toprakgundogdu/qwen-ffn-rom/rtl/ffn_col_serial_16x16_b4.v:19$2932 ($add).
  creating $macc model for $add$/Users/toprakgundogdu/qwen-ffn-rom/rtl/ffn_col_serial_16x16_b4.v:139$4651 ($add).
  creating $macc model for $flatten\g_row[12].u_tree.$add$/Users/toprakgundogdu/qwen-ffn-rom/rtl/ffn_col_serial_16x16_b4.v:19$2927 ($add).
  creating $macc model for $flatten\g_row[5].u_tree.$add$/Users/toprakgundogdu/qwen-ffn-rom/rtl/ffn_col_serial_16x16_b4.v:19$2925 ($add).
  creating $macc model for $add$/Users/toprakgundogdu/qwen-ffn-rom/rtl/ffn_col_serial_16x16_b4.v:93$4636 ($add).
  creating $macc model for $flatten\g_row[9].u_tree.$add$/Users/toprakgundogdu/qwen-ffn-rom/rtl/ffn_col_serial_16x16_b4.v:19$2933 ($add).
  creating $macc model for $flatten\g_row[5].u_tree.$add$/Users/toprakgundogdu/qwen-ffn-rom/rtl/ffn_col_serial_16x16_b4.v:19$2926 ($add).
  creating $macc model for $flatten\g_row[5].u_tree.$add$/Users/toprakgundogdu/qwen-ffn-rom/rtl/ffn_col_serial_16x16_b4.v:19$2927 ($add).
  creating $macc model for $flatten\g_row[15].u_tree.$add$/Users/toprakgundogdu/qwen-ffn-rom/rtl/ffn_col_serial_16x16_b4.v:19$2923 ($add).
  creating $macc model for $flatten\g_row[5].u_tree.$add$/Users/toprakgundogdu/qwen-ffn-rom/rtl/ffn_col_serial_16x16_b4.v:19$2928 ($add).
  creating $macc model for $flatten\g_row[13].u_tree.$add$/Users/toprakgundogdu/qwen-ffn-rom/rtl/ffn_col_serial_16x16_b4.v:19$2936 ($add).
  creating $macc model for $sub$/Users/toprakgundogdu/qwen-ffn-rom/rtl/ffn_col_serial_16x16_b4.v:83$4611 ($sub).
  creating $macc model for $flatten\g_row[14].u_tree.$add$/Users/toprakgundogdu/qwen-ffn-rom/rtl/ffn_col_serial_16x16_b4.v:19$2929 ($add).
  creating $macc model for $flatten\g_row[5].u_tree.$add$/Users/toprakgundogdu/qwen-ffn-rom/rtl/ffn_col_serial_16x16_b4.v:19$2929 ($add).
  creating $macc model for $flatten\g_row[5].u_tree.$add$/Users/toprakgundogdu/qwen-ffn-rom/rtl/ffn_col_serial_16x16_b4.v:19$2930 ($add).
  creating $macc model for $neg$/Users/toprakgundogdu/qwen-ffn-rom/rtl/ffn_col_serial_16x16_b4.v:88$4565 ($neg).
  creating $macc model for $flatten\g_row[13].u_tree.$add$/Users/toprakgundogdu/qwen-ffn-rom/rtl/ffn_col_serial_16x16_b4.v:19$2935 ($add).
  creating $macc model for $flatten\g_row[10].u_tree.$add$/Users/toprakgundogdu/qwen-ffn-rom/rtl/ffn_col_serial_16x16_b4.v:19$2928 ($add).
  creating $macc model for $add$/Users/toprakgundogdu/qwen-ffn-rom/rtl/ffn_col_serial_16x16_b4.v:139$4538 ($add).
  creating $macc model for $flatten\g_row[12].u_tree.$add$/Users/toprakgundogdu/qwen-ffn-rom/rtl/ffn_col_serial_16x16_b4.v:19$2928 ($add).
  creating $macc model for $flatten\g_row[5].u_tree.$add$/Users/toprakgundogdu/qwen-ffn-rom/rtl/ffn_col_serial_16x16_b4.v:19$2931 ($add).
  creating $macc model for $sub$/Users/toprakgundogdu/qwen-ffn-rom/rtl/ffn_col_serial_16x16_b4.v:87$4512 ($sub).
  creating $macc model for $flatten\g_row[0].u_tree.$add$/Users/toprakgundogdu/qwen-ffn-rom/rtl/ffn_col_serial_16x16_b4.v:19$2934 ($add).
  creating $macc model for $neg$/Users/toprakgundogdu/qwen-ffn-rom/rtl/ffn_col_serial_16x16_b4.v:88$4497 ($neg).
  creating $macc model for $flatten\g_row[0].u_tree.$add$/Users/toprakgundogdu/qwen-ffn-rom/rtl/ffn_col_serial_16x16_b4.v:19$2935 ($add).
  creating $macc model for $flatten\g_row[10].u_tree.$add$/Users/toprakgundogdu/qwen-ffn-rom/rtl/ffn_col_serial_16x16_b4.v:19$2929 ($add).
  creating $macc model for $sub$/Users/toprakgundogdu/qwen-ffn-rom/rtl/ffn_col_serial_16x16_b4.v:87$4458 ($sub).
  creating $macc model for $sub$/Users/toprakgundogdu/qwen-ffn-rom/rtl/ffn_col_serial_16x16_b4.v:83$4438 ($sub).
  creating $macc model for $flatten\g_row[0].u_tree.$add$/Users/toprakgundogdu/qwen-ffn-rom/rtl/ffn_col_serial_16x16_b4.v:19$2937 ($add).
  creating $macc model for $add$/Users/toprakgundogdu/qwen-ffn-rom/rtl/ffn_col_serial_16x16_b4.v:139$4430 ($add).
  creating $macc model for $flatten\g_row[12].u_tree.$add$/Users/toprakgundogdu/qwen-ffn-rom/rtl/ffn_col_serial_16x16_b4.v:19$2929 ($add).
  creating $macc model for $add$/Users/toprakgundogdu/qwen-ffn-rom/rtl/ffn_col_serial_16x16_b4.v:93$4429 ($add).
  creating $macc model for $flatten\g_row[5].u_tree.$add$/Users/toprakgundogdu/qwen-ffn-rom/rtl/ffn_col_serial_16x16_b4.v:19$2932 ($add).
  creating $macc model for $flatten\g_row[5].u_tree.$add$/Users/toprakgundogdu/qwen-ffn-rom/rtl/ffn_col_serial_16x16_b4.v:19$2933 ($add).
  creating $macc model for $sub$/Users/toprakgundogdu/qwen-ffn-rom/rtl/ffn_col_serial_16x16_b4.v:87$4413 ($sub).
  creating $macc model for $flatten\g_row[10].u_tree.$add$/Users/toprakgundogdu/qwen-ffn-rom/rtl/ffn_col_serial_16x16_b4.v:19$2930 ($add).
  creating $macc model for $add$/Users/toprakgundogdu/qwen-ffn-rom/rtl/ffn_col_serial_16x16_b4.v:93$4399 ($add).
  creating $macc model for $flatten\g_row[13].u_tree.$add$/Users/toprakgundogdu/qwen-ffn-rom/rtl/ffn_col_serial_16x16_b4.v:19$2925 ($add).
  creating $macc model for $flatten\g_row[1].u_tree.$add$/Users/toprakgundogdu/qwen-ffn-rom/rtl/ffn_col_serial_16x16_b4.v:19$2932 ($add).
  creating $macc model for $flatten\g_row[5].u_tree.$add$/Users/toprakgundogdu/qwen-ffn-rom/rtl/ffn_col_serial_16x16_b4.v:19$2935 ($add).
  creating $macc model for $sub$/Users/toprakgundogdu/qwen-ffn-rom/rtl/ffn_col_serial_16x16_b4.v:83$4381 ($sub).
  creating $macc model for $flatten\g_row[0].u_tree.$add$/Users/toprakgundogdu/qwen-ffn-rom/rtl/ffn_col_serial_16x16_b4.v:19$2936 ($add).
  creating $macc model for $add$/Users/toprakgundogdu/qwen-ffn-rom/rtl/ffn_col_serial_16x16_b4.v:96$4367 ($add).
  creating $macc model for $flatten\g_row[10].u_tree.$add$/Users/toprakgundogdu/qwen-ffn-rom/rtl/ffn_col_serial_16x16_b4.v:19$2931 ($add).
  creating $macc model for $flatten\g_row[13].u_tree.$add$/Users/toprakgundogdu/qwen-ffn-rom/rtl/ffn_col_serial_16x16_b4.v:19$2926 ($add).
  creating $macc model for $flatten\g_row[11].u_tree.$add$/Users/toprakgundogdu/qwen-ffn-rom/rtl/ffn_col_serial_16x16_b4.v:19$2936 ($add).
  creating $macc model for $neg$/Users/toprakgundogdu/qwen-ffn-rom/rtl/ffn_col_serial_16x16_b4.v:89$4345 ($neg).
  creating $macc model for $sub$/Users/toprakgundogdu/qwen-ffn-rom/rtl/ffn_col_serial_16x16_b4.v:85$4338 ($sub).
  creating $macc model for $flatten\g_row[5].u_tree.$add$/Users/toprakgundogdu/qwen-ffn-rom/rtl/ffn_col_serial_16x16_b4.v:19$2937 ($add).
  creating $macc model for $add$/Users/toprakgundogdu/qwen-ffn-rom/rtl/ffn_col_serial_16x16_b4.v:93$4329 ($add).
  creating $macc model for $flatten\g_row[11].u_tree.$add$/Users/toprakgundogdu/qwen-ffn-rom/rtl/ffn_col_serial_16x16_b4.v:19$2935 ($add).
  creating $macc model for $neg$/Users/toprakgundogdu/qwen-ffn-rom/rtl/ffn_col_serial_16x16_b4.v:93$4327 ($neg).
  creating $macc model for $flatten\g_row[15].u_tree.$add$/Users/toprakgundogdu/qwen-ffn-rom/rtl/ffn_col_serial_16x16_b4.v:19$2924 ($add).
  creating $macc model for $flatten\g_row[1].u_tree.$add$/Users/toprakgundogdu/qwen-ffn-rom/rtl/ffn_col_serial_16x16_b4.v:19$2933 ($add).
  creating $macc model for $flatten\g_row[11].u_tree.$add$/Users/toprakgundogdu/qwen-ffn-rom/rtl/ffn_col_serial_16x16_b4.v:19$2934 ($add).
  creating $macc model for $flatten\g_row[4].u_tree.$add$/Users/toprakgundogdu/qwen-ffn-rom/rtl/ffn_col_serial_16x16_b4.v:19$2923 ($add).
  creating $macc model for $add$/Users/toprakgundogdu/qwen-ffn-rom/rtl/ffn_col_serial_16x16_b4.v:139$4303 ($add).
  creating $macc model for $flatten\g_row[12].u_tree.$add$/Users/toprakgundogdu/qwen-ffn-rom/rtl/ffn_col_serial_16x16_b4.v:19$2930 ($add).
  creating $macc model for $add$/Users/toprakgundogdu/qwen-ffn-rom/rtl/ffn_col_serial_16x16_b4.v:97$4296 ($add).
  creating $macc model for $flatten\g_row[4].u_tree.$add$/Users/toprakgundogdu/qwen-ffn-rom/rtl/ffn_col_serial_16x16_b4.v:19$2924 ($add).
  creating $macc model for $flatten\g_row[1].u_tree.$add$/Users/toprakgundogdu/qwen-ffn-rom/rtl/ffn_col_serial_16x16_b4.v:19$2934 ($add).
  creating $macc model for $flatten\g_row[11].u_tree.$add$/Users/toprakgundogdu/qwen-ffn-rom/rtl/ffn_col_serial_16x16_b4.v:19$2933 ($add).
  creating $macc model for $flatten\g_row[4].u_tree.$add$/Users/toprakgundogdu/qwen-ffn-rom/rtl/ffn_col_serial_16x16_b4.v:19$2925 ($add).
  creating $macc model for $flatten\g_row[4].u_tree.$add$/Users/toprakgundogdu/qwen-ffn-rom/rtl/ffn_col_serial_16x16_b4.v:19$2926 ($add).
  creating $macc model for $flatten\g_row[14].u_tree.$add$/Users/toprakgundogdu/qwen-ffn-rom/rtl/ffn_col_serial_16x16_b4.v:19$2925 ($add).
  creating $macc model for $flatten\g_row[4].u_tree.$add$/Users/toprakgundogdu/qwen-ffn-rom/rtl/ffn_col_serial_16x16_b4.v:19$2927 ($add).
  creating $macc model for $flatten\g_row[11].u_tree.$add$/Users/toprakgundogdu/qwen-ffn-rom/rtl/ffn_col_serial_16x16_b4.v:19$2932 ($add).
  creating $macc model for $sub$/Users/toprakgundogdu/qwen-ffn-rom/rtl/ffn_col_serial_16x16_b4.v:85$4262 ($sub).
  creating $macc model for $flatten\g_row[11].u_tree.$add$/Users/toprakgundogdu/qwen-ffn-rom/rtl/ffn_col_serial_16x16_b4.v:19$2931 ($add).
  creating $macc model for $flatten\g_row[4].u_tree.$add$/Users/toprakgundogdu/qwen-ffn-rom/rtl/ffn_col_serial_16x16_b4.v:19$2928 ($add).
  creating $macc model for $flatten\g_row[11].u_tree.$add$/Users/toprakgundogdu/qwen-ffn-rom/rtl/ffn_col_serial_16x16_b4.v:19$2930 ($add).
  creating $macc model for $flatten\g_row[10].u_tree.$add$/Users/toprakgundogdu/qwen-ffn-rom/rtl/ffn_col_serial_16x16_b4.v:19$2934 ($add).
  creating $macc model for $sub$/Users/toprakgundogdu/qwen-ffn-rom/rtl/ffn_col_serial_16x16_b4.v:87$4239 ($sub).
  creating $macc model for $flatten\g_row[4].u_tree.$add$/Users/toprakgundogdu/qwen-ffn-rom/rtl/ffn_col_serial_16x16_b4.v:19$2929 ($add).
  creating $macc model for $sub$/Users/toprakgundogdu/qwen-ffn-rom/rtl/ffn_col_serial_16x16_b4.v:84$4218 ($sub).
  creating $macc model for $flatten\g_row[0].u_tree.$add$/Users/toprakgundogdu/qwen-ffn-rom/rtl/ffn_col_serial_16x16_b4.v:19$2925 ($add).
  creating $macc model for $flatten\g_row[0].u_tree.$add$/Users/toprakgundogdu/qwen-ffn-rom/rtl/ffn_col_serial_16x16_b4.v:19$2924 ($add).
  creating $macc model for $flatten\g_row[4].u_tree.$add$/Users/toprakgundogdu/qwen-ffn-rom/rtl/ffn_col_serial_16x16_b4.v:19$2930 ($add).
  creating $macc model for $flatten\g_row[10].u_tree.$add$/Users/toprakgundogdu/qwen-ffn-rom/rtl/ffn_col_serial_16x16_b4.v:19$2935 ($add).
  creating $macc model for $flatten\g_row[15].u_tree.$add$/Users/toprakgundogdu/qwen-ffn-rom/rtl/ffn_col_serial_16x16_b4.v:19$2937 ($add).
  creating $macc model for $flatten\g_row[13].u_tree.$add$/Users/toprakgundogdu/qwen-ffn-rom/rtl/ffn_col_serial_16x16_b4.v:19$2931 ($add).
  creating $macc model for $flatten\g_row[0].u_tree.$add$/Users/toprakgundogdu/qwen-ffn-rom/rtl/ffn_col_serial_16x16_b4.v:19$2927 ($add).
  creating $macc model for $flatten\g_row[4].u_tree.$add$/Users/toprakgundogdu/qwen-ffn-rom/rtl/ffn_col_serial_16x16_b4.v:19$2931 ($add).
  creating $macc model for $add$/Users/toprakgundogdu/qwen-ffn-rom/rtl/ffn_col_serial_16x16_b4.v:139$4179 ($add).
  creating $macc model for $flatten\g_row[12].u_tree.$add$/Users/toprakgundogdu/qwen-ffn-rom/rtl/ffn_col_serial_16x16_b4.v:19$2931 ($add).
  creating $macc model for $add$/Users/toprakgundogdu/qwen-ffn-rom/rtl/ffn_col_serial_16x16_b4.v:97$4178 ($add).
  creating $macc model for $flatten\g_row[0].u_tree.$add$/Users/toprakgundogdu/qwen-ffn-rom/rtl/ffn_col_serial_16x16_b4.v:19$2926 ($add).
  creating $macc model for $flatten\g_row[4].u_tree.$add$/Users/toprakgundogdu/qwen-ffn-rom/rtl/ffn_col_serial_16x16_b4.v:19$2932 ($add).
  creating $macc model for $flatten\g_row[4].u_tree.$add$/Users/toprakgundogdu/qwen-ffn-rom/rtl/ffn_col_serial_16x16_b4.v:19$2933 ($add).
  creating $macc model for $flatten\g_row[10].u_tree.$add$/Users/toprakgundogdu/qwen-ffn-rom/rtl/ffn_col_serial_16x16_b4.v:19$2936 ($add).
  creating $macc model for $sub$/Users/toprakgundogdu/qwen-ffn-rom/rtl/ffn_col_serial_16x16_b4.v:84$4149 ($sub).
  creating $macc model for $flatten\g_row[11].u_tree.$add$/Users/toprakgundogdu/qwen-ffn-rom/rtl/ffn_col_serial_16x16_b4.v:19$2927 ($add).
  creating $macc model for $flatten\g_row[0].u_tree.$add$/Users/toprakgundogdu/qwen-ffn-rom/rtl/ffn_col_serial_16x16_b4.v:19$2929 ($add).
  creating $macc model for $flatten\g_row[15].u_tree.$add$/Users/toprakgundogdu/qwen-ffn-rom/rtl/ffn_col_serial_16x16_b4.v:19$2932 ($add).
  creating $macc model for $add$/Users/toprakgundogdu/qwen-ffn-rom/rtl/ffn_col_serial_16x16_b4.v:93$4119 ($add).
  creating $macc model for $flatten\g_row[4].u_tree.$add$/Users/toprakgundogdu/qwen-ffn-rom/rtl/ffn_col_serial_16x16_b4.v:19$2935 ($add).
  creating $macc model for $flatten\g_row[4].u_tree.$add$/Users/toprakgundogdu/qwen-ffn-rom/rtl/ffn_col_serial_16x16_b4.v:19$2936 ($add).
  creating $macc model for $flatten\g_row[4].u_tree.$add$/Users/toprakgundogdu/qwen-ffn-rom/rtl/ffn_col_serial_16x16_b4.v:19$2937 ($add).
  creating $macc model for $flatten\g_row[0].u_tree.$add$/Users/toprakgundogdu/qwen-ffn-rom/rtl/ffn_col_serial_16x16_b4.v:19$2928 ($add).
  creating $macc model for $flatten\g_row[13].u_tree.$add$/Users/toprakgundogdu/qwen-ffn-rom/rtl/ffn_col_serial_16x16_b4.v:19$2932 ($add).
  creating $macc model for $flatten\g_row[15].u_tree.$add$/Users/toprakgundogdu/qwen-ffn-rom/rtl/ffn_col_serial_16x16_b4.v:19$2936 ($add).
  creating $macc model for $flatten\g_row[0].u_tree.$add$/Users/toprakgundogdu/qwen-ffn-rom/rtl/ffn_col_serial_16x16_b4.v:19$2931 ($add).
  creating $macc model for $add$/Users/toprakgundogdu/qwen-ffn-rom/rtl/ffn_col_serial_16x16_b4.v:139$4061 ($add).
  creating $macc model for $flatten\g_row[12].u_tree.$add$/Users/toprakgundogdu/qwen-ffn-rom/rtl/ffn_col_serial_16x16_b4.v:19$2932 ($add).
  creating $macc model for $neg$/Users/toprakgundogdu/qwen-ffn-rom/rtl/ffn_col_serial_16x16_b4.v:86$4060 ($neg).
  creating $macc model for $flatten\g_row[13].u_tree.$add$/Users/toprakgundogdu/qwen-ffn-rom/rtl/ffn_col_serial_16x16_b4.v:19$2934 ($add).
  creating $macc model for $flatten\g_row[3].u_tree.$add$/Users/toprakgundogdu/qwen-ffn-rom/rtl/ffn_col_serial_16x16_b4.v:19$2923 ($add).
  creating $macc model for $neg$/Users/toprakgundogdu/qwen-ffn-rom/rtl/ffn_col_serial_16x16_b4.v:86$4045 ($neg).
  creating $macc model for $neg$/Users/toprakgundogdu/qwen-ffn-rom/rtl/ffn_col_serial_16x16_b4.v:86$4019 ($neg).
  creating $macc model for $flatten\g_row[3].u_tree.$add$/Users/toprakgundogdu/qwen-ffn-rom/rtl/ffn_col_serial_16x16_b4.v:19$2924 ($add).
  creating $macc model for $neg$/Users/toprakgundogdu/qwen-ffn-rom/rtl/ffn_col_serial_16x16_b4.v:86$4004 ($neg).
  creating $macc model for $sub$/Users/toprakgundogdu/qwen-ffn-rom/rtl/ffn_col_serial_16x16_b4.v:83$3990 ($sub).
  creating $macc model for $flatten\g_row[3].u_tree.$add$/Users/toprakgundogdu/qwen-ffn-rom/rtl/ffn_col_serial_16x16_b4.v:19$2925 ($add).
  creating $macc model for $flatten\g_row[11].u_tree.$add$/Users/toprakgundogdu/qwen-ffn-rom/rtl/ffn_col_serial_16x16_b4.v:19$2925 ($add).
  creating $macc model for $flatten\g_row[3].u_tree.$add$/Users/toprakgundogdu/qwen-ffn-rom/rtl/ffn_col_serial_16x16_b4.v:19$2926 ($add).
  creating $macc model for $sub$/Users/toprakgundogdu/qwen-ffn-rom/rtl/ffn_col_serial_16x16_b4.v:87$3954 ($sub).
  creating $macc model for $add$/Users/toprakgundogdu/qwen-ffn-rom/rtl/ffn_col_serial_16x16_b4.v:139$3946 ($add).
  creating $macc model for $flatten\g_row[12].u_tree.$add$/Users/toprakgundogdu/qwen-ffn-rom/rtl/ffn_col_serial_16x16_b4.v:19$2933 ($add).
  creating $macc model for $flatten\g_row[3].u_tree.$add$/Users/toprakgundogdu/qwen-ffn-rom/rtl/ffn_col_serial_16x16_b4.v:19$2927 ($add).
  creating $macc model for $add$/Users/toprakgundogdu/qwen-ffn-rom/rtl/ffn_col_serial_16x16_b4.v:95$3938 ($add).
  creating $macc model for $add$/Users/toprakgundogdu/qwen-ffn-rom/rtl/ffn_col_serial_16x16_b4.v:96$3930 ($add).
  creating $macc model for $flatten\g_row[15].u_tree.$add$/Users/toprakgundogdu/qwen-ffn-rom/rtl/ffn_col_serial_16x16_b4.v:19$2925 ($add).
  creating $macc model for $flatten\g_row[3].u_tree.$add$/Users/toprakgundogdu/qwen-ffn-rom/rtl/ffn_col_serial_16x16_b4.v:19$2928 ($add).
  creating $macc model for $flatten\g_row[3].u_tree.$add$/Users/toprakgundogdu/qwen-ffn-rom/rtl/ffn_col_serial_16x16_b4.v:19$2929 ($add).
  creating $macc model for $flatten\g_row[1].u_tree.$add$/Users/toprakgundogdu/qwen-ffn-rom/rtl/ffn_col_serial_16x16_b4.v:19$2937 ($add).
  creating $macc model for $flatten\g_row[3].u_tree.$add$/Users/toprakgundogdu/qwen-ffn-rom/rtl/ffn_col_serial_16x16_b4.v:19$2930 ($add).
  creating $macc model for $add$/Users/toprakgundogdu/qwen-ffn-rom/rtl/ffn_col_serial_16x16_b4.v:95$3891 ($add).
  creating $macc model for $sub$/Users/toprakgundogdu/qwen-ffn-rom/rtl/ffn_col_serial_16x16_b4.v:83$3877 ($sub).
  creating $macc model for $sub$/Users/toprakgundogdu/qwen-ffn-rom/rtl/ffn_col_serial_16x16_b4.v:85$3869 ($sub).
  creating $macc model for $flatten\g_row[3].u_tree.$add$/Users/toprakgundogdu/qwen-ffn-rom/rtl/ffn_col_serial_16x16_b4.v:19$2931 ($add).
  creating $macc model for $neg$/Users/toprakgundogdu/qwen-ffn-rom/rtl/ffn_col_serial_16x16_b4.v:88$3860 ($neg).
  creating $macc model for $flatten\g_row[3].u_tree.$add$/Users/toprakgundogdu/qwen-ffn-rom/rtl/ffn_col_serial_16x16_b4.v:19$2932 ($add).
  creating $macc model for $add$/Users/toprakgundogdu/qwen-ffn-rom/rtl/ffn_col_serial_16x16_b4.v:139$3823 ($add).
  creating $macc model for $flatten\g_row[12].u_tree.$add$/Users/toprakgundogdu/qwen-ffn-rom/rtl/ffn_col_serial_16x16_b4.v:19$2934 ($add).
  creating $macc model for $flatten\g_row[13].u_tree.$add$/Users/toprakgundogdu/qwen-ffn-rom/rtl/ffn_col_serial_16x16_b4.v:19$2928 ($add).
  creating $macc model for $flatten\g_row[3].u_tree.$add$/Users/toprakgundogdu/qwen-ffn-rom/rtl/ffn_col_serial_16x16_b4.v:19$2934 ($add).
  creating $macc model for $add$/Users/toprakgundogdu/qwen-ffn-rom/rtl/ffn_col_serial_16x16_b4.v:97$3802 ($add).
  creating $macc model for $flatten\g_row[3].u_tree.$add$/Users/toprakgundogdu/qwen-ffn-rom/rtl/ffn_col_serial_16x16_b4.v:19$2935 ($add).
  creating $macc model for $flatten\g_row[3].u_tree.$add$/Users/toprakgundogdu/qwen-ffn-rom/rtl/ffn_col_serial_16x16_b4.v:19$2936 ($add).
  creating $macc model for $sub$/Users/toprakgundogdu/qwen-ffn-rom/rtl/ffn_col_serial_16x16_b4.v:87$3785 ($sub).
  creating $macc model for $add$/Users/toprakgundogdu/qwen-ffn-rom/rtl/ffn_col_serial_16x16_b4.v:95$3777 ($add).
  creating $macc model for $sub$/Users/toprakgundogdu/qwen-ffn-rom/rtl/ffn_col_serial_16x16_b4.v:85$3769 ($sub).
  creating $macc model for $flatten\g_row[3].u_tree.$add$/Users/toprakgundogdu/qwen-ffn-rom/rtl/ffn_col_serial_16x16_b4.v:19$2937 ($add).
  creating $macc model for $sub$/Users/toprakgundogdu/qwen-ffn-rom/rtl/ffn_col_serial_16x16_b4.v:84$3760 ($sub).
  creating $macc model for $neg$/Users/toprakgundogdu/qwen-ffn-rom/rtl/ffn_col_serial_16x16_b4.v:86$3745 ($neg).
  creating $macc model for $sub$/Users/toprakgundogdu/qwen-ffn-rom/rtl/ffn_col_serial_16x16_b4.v:84$3730 ($sub).
  creating $macc model for $add$/Users/toprakgundogdu/qwen-ffn-rom/rtl/ffn_col_serial_16x16_b4.v:139$3700 ($add).
  creating $macc model for $flatten\g_row[12].u_tree.$add$/Users/toprakgundogdu/qwen-ffn-rom/rtl/ffn_col_serial_16x16_b4.v:19$2935 ($add).
  creating $macc model for $flatten\g_row[2].u_tree.$add$/Users/toprakgundogdu/qwen-ffn-rom/rtl/ffn_col_serial_16x16_b4.v:19$2923 ($add).
  creating $macc model for $flatten\g_row[2].u_tree.$add$/Users/toprakgundogdu/qwen-ffn-rom/rtl/ffn_col_serial_16x16_b4.v:19$2924 ($add).
  creating $macc model for $flatten\g_row[2].u_tree.$add$/Users/toprakgundogdu/qwen-ffn-rom/rtl/ffn_col_serial_16x16_b4.v:19$2925 ($add).
  creating $macc model for $flatten\g_row[2].u_tree.$add$/Users/toprakgundogdu/qwen-ffn-rom/rtl/ffn_col_serial_16x16_b4.v:19$2926 ($add).
  creating $macc model for $flatten\g_row[2].u_tree.$add$/Users/toprakgundogdu/qwen-ffn-rom/rtl/ffn_col_serial_16x16_b4.v:19$2927 ($add).
  creating $macc model for $flatten\g_row[2].u_tree.$add$/Users/toprakgundogdu/qwen-ffn-rom/rtl/ffn_col_serial_16x16_b4.v:19$2928 ($add).
  creating $macc model for $add$/Users/toprakgundogdu/qwen-ffn-rom/rtl/ffn_col_serial_16x16_b4.v:139$3590 ($add).
  creating $macc model for $flatten\g_row[13].u_tree.$add$/Users/toprakgundogdu/qwen-ffn-rom/rtl/ffn_col_serial_16x16_b4.v:19$2933 ($add).
  creating $macc model for $flatten\g_row[2].u_tree.$add$/Users/toprakgundogdu/qwen-ffn-rom/rtl/ffn_col_serial_16x16_b4.v:19$2929 ($add).
  creating $macc model for $flatten\g_row[2].u_tree.$add$/Users/toprakgundogdu/qwen-ffn-rom/rtl/ffn_col_serial_16x16_b4.v:19$2930 ($add).
  creating $macc model for $sub$/Users/toprakgundogdu/qwen-ffn-rom/rtl/ffn_col_serial_16x16_b4.v:83$3519 ($sub).
  creating $macc model for $sub$/Users/toprakgundogdu/qwen-ffn-rom/rtl/ffn_col_serial_16x16_b4.v:87$3499 ($sub).
  creating $macc model for $add$/Users/toprakgundogdu/qwen-ffn-rom/rtl/ffn_col_serial_16x16_b4.v:175$3485 ($add).
  creating $macc model for $flatten\g_row[2].u_tree.$add$/Users/toprakgundogdu/qwen-ffn-rom/rtl/ffn_col_serial_16x16_b4.v:19$2931 ($add).
  creating $macc model for $flatten\g_row[2].u_tree.$add$/Users/toprakgundogdu/qwen-ffn-rom/rtl/ffn_col_serial_16x16_b4.v:19$2932 ($add).
  creating $macc model for $flatten\g_row[2].u_tree.$add$/Users/toprakgundogdu/qwen-ffn-rom/rtl/ffn_col_serial_16x16_b4.v:19$2933 ($add).
  creating $macc model for $flatten\g_row[2].u_tree.$add$/Users/toprakgundogdu/qwen-ffn-rom/rtl/ffn_col_serial_16x16_b4.v:19$2934 ($add).
  creating $macc model for $flatten\g_row[2].u_tree.$add$/Users/toprakgundogdu/qwen-ffn-rom/rtl/ffn_col_serial_16x16_b4.v:19$2935 ($add).
  creating $macc model for $flatten\g_row[2].u_tree.$add$/Users/toprakgundogdu/qwen-ffn-rom/rtl/ffn_col_serial_16x16_b4.v:19$2936 ($add).
  creating $macc model for $flatten\g_row[2].u_tree.$add$/Users/toprakgundogdu/qwen-ffn-rom/rtl/ffn_col_serial_16x16_b4.v:19$2937 ($add).
  creating $macc model for $flatten\g_row[1].u_tree.$add$/Users/toprakgundogdu/qwen-ffn-rom/rtl/ffn_col_serial_16x16_b4.v:19$2923 ($add).
  creating $macc model for $flatten\g_row[1].u_tree.$add$/Users/toprakgundogdu/qwen-ffn-rom/rtl/ffn_col_serial_16x16_b4.v:19$2924 ($add).
  creating $macc model for $flatten\g_row[1].u_tree.$add$/Users/toprakgundogdu/qwen-ffn-rom/rtl/ffn_col_serial_16x16_b4.v:19$2925 ($add).
  creating $macc model for $flatten\g_row[1].u_tree.$add$/Users/toprakgundogdu/qwen-ffn-rom/rtl/ffn_col_serial_16x16_b4.v:19$2926 ($add).
  creating $macc model for $flatten\g_row[1].u_tree.$add$/Users/toprakgundogdu/qwen-ffn-rom/rtl/ffn_col_serial_16x16_b4.v:19$2927 ($add).
  creating $macc model for $flatten\g_row[13].u_tree.$add$/Users/toprakgundogdu/qwen-ffn-rom/rtl/ffn_col_serial_16x16_b4.v:19$2929 ($add).
  creating $macc model for $flatten\g_row[13].u_tree.$add$/Users/toprakgundogdu/qwen-ffn-rom/rtl/ffn_col_serial_16x16_b4.v:19$2930 ($add).
  creating $macc model for $flatten\g_row[1].u_tree.$add$/Users/toprakgundogdu/qwen-ffn-rom/rtl/ffn_col_serial_16x16_b4.v:19$2930 ($add).
  creating $macc model for $flatten\g_row[1].u_tree.$add$/Users/toprakgundogdu/qwen-ffn-rom/rtl/ffn_col_serial_16x16_b4.v:19$2931 ($add).
  creating $macc model for $flatten\g_row[12].u_tree.$add$/Users/toprakgundogdu/qwen-ffn-rom/rtl/ffn_col_serial_16x16_b4.v:19$2936 ($add).
  merging $macc model for $flatten\g_row[12].u_tree.$add$/Users/toprakgundogdu/qwen-ffn-rom/rtl/ffn_col_serial_16x16_b4.v:19$2935 into $flatten\g_row[12].u_tree.$add$/Users/toprakgundogdu/qwen-ffn-rom/rtl/ffn_col_serial_16x16_b4.v:19$2936.
  merging $macc model for $flatten\g_row[12].u_tree.$add$/Users/toprakgundogdu/qwen-ffn-rom/rtl/ffn_col_serial_16x16_b4.v:19$2934 into $flatten\g_row[12].u_tree.$add$/Users/toprakgundogdu/qwen-ffn-rom/rtl/ffn_col_serial_16x16_b4.v:19$2936.
  merging $macc model for $flatten\g_row[12].u_tree.$add$/Users/toprakgundogdu/qwen-ffn-rom/rtl/ffn_col_serial_16x16_b4.v:19$2933 into $flatten\g_row[12].u_tree.$add$/Users/toprakgundogdu/qwen-ffn-rom/rtl/ffn_col_serial_16x16_b4.v:19$2936.
  merging $macc model for $flatten\g_row[12].u_tree.$add$/Users/toprakgundogdu/qwen-ffn-rom/rtl/ffn_col_serial_16x16_b4.v:19$2932 into $flatten\g_row[12].u_tree.$add$/Users/toprakgundogdu/qwen-ffn-rom/rtl/ffn_col_serial_16x16_b4.v:19$2936.
  merging $macc model for $flatten\g_row[12].u_tree.$add$/Users/toprakgundogdu/qwen-ffn-rom/rtl/ffn_col_serial_16x16_b4.v:19$2931 into $flatten\g_row[12].u_tree.$add$/Users/toprakgundogdu/qwen-ffn-rom/rtl/ffn_col_serial_16x16_b4.v:19$2936.
  merging $macc model for $flatten\g_row[12].u_tree.$add$/Users/toprakgundogdu/qwen-ffn-rom/rtl/ffn_col_serial_16x16_b4.v:19$2930 into $flatten\g_row[12].u_tree.$add$/Users/toprakgundogdu/qwen-ffn-rom/rtl/ffn_col_serial_16x16_b4.v:19$2936.
  merging $macc model for $flatten\g_row[12].u_tree.$add$/Users/toprakgundogdu/qwen-ffn-rom/rtl/ffn_col_serial_16x16_b4.v:19$2929 into $flatten\g_row[12].u_tree.$add$/Users/toprakgundogdu/qwen-ffn-rom/rtl/ffn_col_serial_16x16_b4.v:19$2936.
  merging $macc model for $flatten\g_row[12].u_tree.$add$/Users/toprakgundogdu/qwen-ffn-rom/rtl/ffn_col_serial_16x16_b4.v:19$2928 into $flatten\g_row[12].u_tree.$add$/Users/toprakgundogdu/qwen-ffn-rom/rtl/ffn_col_serial_16x16_b4.v:19$2936.
  merging $macc model for $flatten\g_row[12].u_tree.$add$/Users/toprakgundogdu/qwen-ffn-rom/rtl/ffn_col_serial_16x16_b4.v:19$2927 into $flatten\g_row[12].u_tree.$add$/Users/toprakgundogdu/qwen-ffn-rom/rtl/ffn_col_serial_16x16_b4.v:19$2936.
  merging $macc model for $flatten\g_row[1].u_tree.$add$/Users/toprakgundogdu/qwen-ffn-rom/rtl/ffn_col_serial_16x16_b4.v:19$2930 into $flatten\g_row[1].u_tree.$add$/Users/toprakgundogdu/qwen-ffn-rom/rtl/ffn_col_serial_16x16_b4.v:19$2931.
  merging $macc model for $flatten\g_row[1].u_tree.$add$/Users/toprakgundogdu/qwen-ffn-rom/rtl/ffn_col_serial_16x16_b4.v:19$2927 into $flatten\g_row[1].u_tree.$add$/Users/toprakgundogdu/qwen-ffn-rom/rtl/ffn_col_serial_16x16_b4.v:19$2931.
  merging $macc model for $flatten\g_row[1].u_tree.$add$/Users/toprakgundogdu/qwen-ffn-rom/rtl/ffn_col_serial_16x16_b4.v:19$2926 into $flatten\g_row[1].u_tree.$add$/Users/toprakgundogdu/qwen-ffn-rom/rtl/ffn_col_serial_16x16_b4.v:19$2931.
  merging $macc model for $flatten\g_row[1].u_tree.$add$/Users/toprakgundogdu/qwen-ffn-rom/rtl/ffn_col_serial_16x16_b4.v:19$2925 into $flatten\g_row[1].u_tree.$add$/Users/toprakgundogdu/qwen-ffn-rom/rtl/ffn_col_serial_16x16_b4.v:19$2931.
  merging $macc model for $flatten\g_row[1].u_tree.$add$/Users/toprakgundogdu/qwen-ffn-rom/rtl/ffn_col_serial_16x16_b4.v:19$2924 into $flatten\g_row[1].u_tree.$add$/Users/toprakgundogdu/qwen-ffn-rom/rtl/ffn_col_serial_16x16_b4.v:19$2931.
  merging $macc model for $flatten\g_row[13].u_tree.$add$/Users/toprakgundogdu/qwen-ffn-rom/rtl/ffn_col_serial_16x16_b4.v:19$2929 into $flatten\g_row[13].u_tree.$add$/Users/toprakgundogdu/qwen-ffn-rom/rtl/ffn_col_serial_16x16_b4.v:19$2930.
  merging $macc model for $flatten\g_row[13].u_tree.$add$/Users/toprakgundogdu/qwen-ffn-rom/rtl/ffn_col_serial_16x16_b4.v:19$2928 into $flatten\g_row[13].u_tree.$add$/Users/toprakgundogdu/qwen-ffn-rom/rtl/ffn_col_serial_16x16_b4.v:19$2930.
  merging $macc model for $flatten\g_row[13].u_tree.$add$/Users/toprakgundogdu/qwen-ffn-rom/rtl/ffn_col_serial_16x16_b4.v:19$2926 into $flatten\g_row[13].u_tree.$add$/Users/toprakgundogdu/qwen-ffn-rom/rtl/ffn_col_serial_16x16_b4.v:19$2930.
  merging $macc model for $flatten\g_row[13].u_tree.$add$/Users/toprakgundogdu/qwen-ffn-rom/rtl/ffn_col_serial_16x16_b4.v:19$2925 into $flatten\g_row[13].u_tree.$add$/Users/toprakgundogdu/qwen-ffn-rom/rtl/ffn_col_serial_16x16_b4.v:19$2930.
  merging $macc model for $flatten\g_row[2].u_tree.$add$/Users/toprakgundogdu/qwen-ffn-rom/rtl/ffn_col_serial_16x16_b4.v:19$2936 into $flatten\g_row[2].u_tree.$add$/Users/toprakgundogdu/qwen-ffn-rom/rtl/ffn_col_serial_16x16_b4.v:19$2937.
  merging $macc model for $flatten\g_row[2].u_tree.$add$/Users/toprakgundogdu/qwen-ffn-rom/rtl/ffn_col_serial_16x16_b4.v:19$2935 into $flatten\g_row[2].u_tree.$add$/Users/toprakgundogdu/qwen-ffn-rom/rtl/ffn_col_serial_16x16_b4.v:19$2937.
  merging $macc model for $flatten\g_row[2].u_tree.$add$/Users/toprakgundogdu/qwen-ffn-rom/rtl/ffn_col_serial_16x16_b4.v:19$2934 into $flatten\g_row[2].u_tree.$add$/Users/toprakgundogdu/qwen-ffn-rom/rtl/ffn_col_serial_16x16_b4.v:19$2937.
  merging $macc model for $flatten\g_row[2].u_tree.$add$/Users/toprakgundogdu/qwen-ffn-rom/rtl/ffn_col_serial_16x16_b4.v:19$2933 into $flatten\g_row[2].u_tree.$add$/Users/toprakgundogdu/qwen-ffn-rom/rtl/ffn_col_serial_16x16_b4.v:19$2937.
  merging $macc model for $flatten\g_row[2].u_tree.$add$/Users/toprakgundogdu/qwen-ffn-rom/rtl/ffn_col_serial_16x16_b4.v:19$2932 into $flatten\g_row[2].u_tree.$add$/Users/toprakgundogdu/qwen-ffn-rom/rtl/ffn_col_serial_16x16_b4.v:19$2937.
  merging $macc model for $flatten\g_row[2].u_tree.$add$/Users/toprakgundogdu/qwen-ffn-rom/rtl/ffn_col_serial_16x16_b4.v:19$2931 into $flatten\g_row[2].u_tree.$add$/Users/toprakgundogdu/qwen-ffn-rom/rtl/ffn_col_serial_16x16_b4.v:19$2937.
  merging $macc model for $flatten\g_row[2].u_tree.$add$/Users/toprakgundogdu/qwen-ffn-rom/rtl/ffn_col_serial_16x16_b4.v:19$2930 into $flatten\g_row[2].u_tree.$add$/Users/toprakgundogdu/qwen-ffn-rom/rtl/ffn_col_serial_16x16_b4.v:19$2937.
  merging $macc model for $flatten\g_row[2].u_tree.$add$/Users/toprakgundogdu/qwen-ffn-rom/rtl/ffn_col_serial_16x16_b4.v:19$2929 into $flatten\g_row[2].u_tree.$add$/Users/toprakgundogdu/qwen-ffn-rom/rtl/ffn_col_serial_16x16_b4.v:19$2937.
  merging $macc model for $flatten\g_row[2].u_tree.$add$/Users/toprakgundogdu/qwen-ffn-rom/rtl/ffn_col_serial_16x16_b4.v:19$2928 into $flatten\g_row[2].u_tree.$add$/Users/toprakgundogdu/qwen-ffn-rom/rtl/ffn_col_serial_16x16_b4.v:19$2937.
  merging $macc model for $flatten\g_row[2].u_tree.$add$/Users/toprakgundogdu/qwen-ffn-rom/rtl/ffn_col_serial_16x16_b4.v:19$2927 into $flatten\g_row[2].u_tree.$add$/Users/toprakgundogdu/qwen-ffn-rom/rtl/ffn_col_serial_16x16_b4.v:19$2937.
  merging $macc model for $flatten\g_row[2].u_tree.$add$/Users/toprakgundogdu/qwen-ffn-rom/rtl/ffn_col_serial_16x16_b4.v:19$2926 into $flatten\g_row[2].u_tree.$add$/Users/toprakgundogdu/qwen-ffn-rom/rtl/ffn_col_serial_16x16_b4.v:19$2937.
  merging $macc model for $flatten\g_row[2].u_tree.$add$/Users/toprakgundogdu/qwen-ffn-rom/rtl/ffn_col_serial_16x16_b4.v:19$2925 into $flatten\g_row[2].u_tree.$add$/Users/toprakgundogdu/qwen-ffn-rom/rtl/ffn_col_serial_16x16_b4.v:19$2937.
  merging $macc model for $flatten\g_row[2].u_tree.$add$/Users/toprakgundogdu/qwen-ffn-rom/rtl/ffn_col_serial_16x16_b4.v:19$2924 into $flatten\g_row[2].u_tree.$add$/Users/toprakgundogdu/qwen-ffn-rom/rtl/ffn_col_serial_16x16_b4.v:19$2937.
  merging $macc model for $flatten\g_row[13].u_tree.$add$/Users/toprakgundogdu/qwen-ffn-rom/rtl/ffn_col_serial_16x16_b4.v:19$2932 into $flatten\g_row[13].u_tree.$add$/Users/toprakgundogdu/qwen-ffn-rom/rtl/ffn_col_serial_16x16_b4.v:19$2933.
  merging $macc model for $flatten\g_row[13].u_tree.$add$/Users/toprakgundogdu/qwen-ffn-rom/rtl/ffn_col_serial_16x16_b4.v:19$2931 into $flatten\g_row[13].u_tree.$add$/Users/toprakgundogdu/qwen-ffn-rom/rtl/ffn_col_serial_16x16_b4.v:19$2933.
  merging $macc model for $flatten\g_row[13].u_tree.$add$/Users/toprakgundogdu/qwen-ffn-rom/rtl/ffn_col_serial_16x16_b4.v:19$2930 into $flatten\g_row[13].u_tree.$add$/Users/toprakgundogdu/qwen-ffn-rom/rtl/ffn_col_serial_16x16_b4.v:19$2933.
  merging $macc model for $flatten\g_row[3].u_tree.$add$/Users/toprakgundogdu/qwen-ffn-rom/rtl/ffn_col_serial_16x16_b4.v:19$2936 into $flatten\g_row[3].u_tree.$add$/Users/toprakgundogdu/qwen-ffn-rom/rtl/ffn_col_serial_16x16_b4.v:19$2937.
  merging $macc model for $flatten\g_row[3].u_tree.$add$/Users/toprakgundogdu/qwen-ffn-rom/rtl/ffn_col_serial_16x16_b4.v:19$2935 into $flatten\g_row[3].u_tree.$add$/Users/toprakgundogdu/qwen-ffn-rom/rtl/ffn_col_serial_16x16_b4.v:19$2937.
  merging $macc model for $flatten\g_row[3].u_tree.$add$/Users/toprakgundogdu/qwen-ffn-rom/rtl/ffn_col_serial_16x16_b4.v:19$2934 into $flatten\g_row[3].u_tree.$add$/Users/toprakgundogdu/qwen-ffn-rom/rtl/ffn_col_serial_16x16_b4.v:19$2937.
  merging $macc model for $flatten\g_row[3].u_tree.$add$/Users/toprakgundogdu/qwen-ffn-rom/rtl/ffn_col_serial_16x16_b4.v:19$2932 into $flatten\g_row[3].u_tree.$add$/Users/toprakgundogdu/qwen-ffn-rom/rtl/ffn_col_serial_16x16_b4.v:19$2937.
  merging $macc model for $flatten\g_row[3].u_tree.$add$/Users/toprakgundogdu/qwen-ffn-rom/rtl/ffn_col_serial_16x16_b4.v:19$2931 into $flatten\g_row[3].u_tree.$add$/Users/toprakgundogdu/qwen-ffn-rom/rtl/ffn_col_serial_16x16_b4.v:19$2937.
  merging $macc model for $flatten\g_row[3].u_tree.$add$/Users/toprakgundogdu/qwen-ffn-rom/rtl/ffn_col_serial_16x16_b4.v:19$2930 into $flatten\g_row[3].u_tree.$add$/Users/toprakgundogdu/qwen-ffn-rom/rtl/ffn_col_serial_16x16_b4.v:19$2937.
  merging $macc model for $flatten\g_row[3].u_tree.$add$/Users/toprakgundogdu/qwen-ffn-rom/rtl/ffn_col_serial_16x16_b4.v:19$2929 into $flatten\g_row[3].u_tree.$add$/Users/toprakgundogdu/qwen-ffn-rom/rtl/ffn_col_serial_16x16_b4.v:19$2937.
  merging $macc model for $flatten\g_row[3].u_tree.$add$/Users/toprakgundogdu/qwen-ffn-rom/rtl/ffn_col_serial_16x16_b4.v:19$2928 into $flatten\g_row[3].u_tree.$add$/Users/toprakgundogdu/qwen-ffn-rom/rtl/ffn_col_serial_16x16_b4.v:19$2937.
  merging $macc model for $flatten\g_row[3].u_tree.$add$/Users/toprakgundogdu/qwen-ffn-rom/rtl/ffn_col_serial_16x16_b4.v:19$2927 into $flatten\g_row[3].u_tree.$add$/Users/toprakgundogdu/qwen-ffn-rom/rtl/ffn_col_serial_16x16_b4.v:19$2937.
  merging $macc model for $flatten\g_row[3].u_tree.$add$/Users/toprakgundogdu/qwen-ffn-rom/rtl/ffn_col_serial_16x16_b4.v:19$2926 into $flatten\g_row[3].u_tree.$add$/Users/toprakgundogdu/qwen-ffn-rom/rtl/ffn_col_serial_16x16_b4.v:19$2937.
  merging $macc model for $flatten\g_row[3].u_tree.$add$/Users/toprakgundogdu/qwen-ffn-rom/rtl/ffn_col_serial_16x16_b4.v:19$2925 into $flatten\g_row[3].u_tree.$add$/Users/toprakgundogdu/qwen-ffn-rom/rtl/ffn_col_serial_16x16_b4.v:19$2937.
  merging $macc model for $flatten\g_row[3].u_tree.$add$/Users/toprakgundogdu/qwen-ffn-rom/rtl/ffn_col_serial_16x16_b4.v:19$2924 into $flatten\g_row[3].u_tree.$add$/Users/toprakgundogdu/qwen-ffn-rom/rtl/ffn_col_serial_16x16_b4.v:19$2937.
  merging $macc model for $flatten\g_row[1].u_tree.$add$/Users/toprakgundogdu/qwen-ffn-rom/rtl/ffn_col_serial_16x16_b4.v:19$2934 into $flatten\g_row[1].u_tree.$add$/Users/toprakgundogdu/qwen-ffn-rom/rtl/ffn_col_serial_16x16_b4.v:19$2937.
  merging $macc model for $flatten\g_row[1].u_tree.$add$/Users/toprakgundogdu/qwen-ffn-rom/rtl/ffn_col_serial_16x16_b4.v:19$2933 into $flatten\g_row[1].u_tree.$add$/Users/toprakgundogdu/qwen-ffn-rom/rtl/ffn_col_serial_16x16_b4.v:19$2937.
  merging $macc model for $flatten\g_row[1].u_tree.$add$/Users/toprakgundogdu/qwen-ffn-rom/rtl/ffn_col_serial_16x16_b4.v:19$2932 into $flatten\g_row[1].u_tree.$add$/Users/toprakgundogdu/qwen-ffn-rom/rtl/ffn_col_serial_16x16_b4.v:19$2937.
  merging $macc model for $flatten\g_row[1].u_tree.$add$/Users/toprakgundogdu/qwen-ffn-rom/rtl/ffn_col_serial_16x16_b4.v:19$2931 into $flatten\g_row[1].u_tree.$add$/Users/toprakgundogdu/qwen-ffn-rom/rtl/ffn_col_serial_16x16_b4.v:19$2937.
  merging $macc model for $flatten\g_row[13].u_tree.$add$/Users/toprakgundogdu/qwen-ffn-rom/rtl/ffn_col_serial_16x16_b4.v:19$2933 into $flatten\g_row[13].u_tree.$add$/Users/toprakgundogdu/qwen-ffn-rom/rtl/ffn_col_serial_16x16_b4.v:19$2934.
  merging $macc model for $flatten\g_row[0].u_tree.$add$/Users/toprakgundogdu/qwen-ffn-rom/rtl/ffn_col_serial_16x16_b4.v:19$2929 into $flatten\g_row[0].u_tree.$add$/Users/toprakgundogdu/qwen-ffn-rom/rtl/ffn_col_serial_16x16_b4.v:19$2931.
  merging $macc model for $flatten\g_row[0].u_tree.$add$/Users/toprakgundogdu/qwen-ffn-rom/rtl/ffn_col_serial_16x16_b4.v:19$2928 into $flatten\g_row[0].u_tree.$add$/Users/toprakgundogdu/qwen-ffn-rom/rtl/ffn_col_serial_16x16_b4.v:19$2931.
  merging $macc model for $flatten\g_row[0].u_tree.$add$/Users/toprakgundogdu/qwen-ffn-rom/rtl/ffn_col_serial_16x16_b4.v:19$2927 into $flatten\g_row[0].u_tree.$add$/Users/toprakgundogdu/qwen-ffn-rom/rtl/ffn_col_serial_16x16_b4.v:19$2931.
  merging $macc model for $flatten\g_row[0].u_tree.$add$/Users/toprakgundogdu/qwen-ffn-rom/rtl/ffn_col_serial_16x16_b4.v:19$2926 into $flatten\g_row[0].u_tree.$add$/Users/toprakgundogdu/qwen-ffn-rom/rtl/ffn_col_serial_16x16_b4.v:19$2931.
  merging $macc model for $flatten\g_row[0].u_tree.$add$/Users/toprakgundogdu/qwen-ffn-rom/rtl/ffn_col_serial_16x16_b4.v:19$2925 into $flatten\g_row[0].u_tree.$add$/Users/toprakgundogdu/qwen-ffn-rom/rtl/ffn_col_serial_16x16_b4.v:19$2931.
  merging $macc model for $flatten\g_row[15].u_tree.$add$/Users/toprakgundogdu/qwen-ffn-rom/rtl/ffn_col_serial_16x16_b4.v:19$2935 into $flatten\g_row[15].u_tree.$add$/Users/toprakgundogdu/qwen-ffn-rom/rtl/ffn_col_serial_16x16_b4.v:19$2936.
  merging $macc model for $flatten\g_row[15].u_tree.$add$/Users/toprakgundogdu/qwen-ffn-rom/rtl/ffn_col_serial_16x16_b4.v:19$2934 into $flatten\g_row[15].u_tree.$add$/Users/toprakgundogdu/qwen-ffn-rom/rtl/ffn_col_serial_16x16_b4.v:19$2936.
  merging $macc model for $flatten\g_row[15].u_tree.$add$/Users/toprakgundogdu/qwen-ffn-rom/rtl/ffn_col_serial_16x16_b4.v:19$2933 into $flatten\g_row[15].u_tree.$add$/Users/toprakgundogdu/qwen-ffn-rom/rtl/ffn_col_serial_16x16_b4.v:19$2936.
  merging $macc model for $flatten\g_row[15].u_tree.$add$/Users/toprakgundogdu/qwen-ffn-rom/rtl/ffn_col_serial_16x16_b4.v:19$2932 into $flatten\g_row[15].u_tree.$add$/Users/toprakgundogdu/qwen-ffn-rom/rtl/ffn_col_serial_16x16_b4.v:19$2936.
  merging $macc model for $flatten\g_row[15].u_tree.$add$/Users/toprakgundogdu/qwen-ffn-rom/rtl/ffn_col_serial_16x16_b4.v:19$2931 into $flatten\g_row[15].u_tree.$add$/Users/toprakgundogdu/qwen-ffn-rom/rtl/ffn_col_serial_16x16_b4.v:19$2936.
  merging $macc model for $flatten\g_row[15].u_tree.$add$/Users/toprakgundogdu/qwen-ffn-rom/rtl/ffn_col_serial_16x16_b4.v:19$2930 into $flatten\g_row[15].u_tree.$add$/Users/toprakgundogdu/qwen-ffn-rom/rtl/ffn_col_serial_16x16_b4.v:19$2936.
  merging $macc model for $flatten\g_row[15].u_tree.$add$/Users/toprakgundogdu/qwen-ffn-rom/rtl/ffn_col_serial_16x16_b4.v:19$2929 into $flatten\g_row[15].u_tree.$add$/Users/toprakgundogdu/qwen-ffn-rom/rtl/ffn_col_serial_16x16_b4.v:19$2936.
  merging $macc model for $flatten\g_row[15].u_tree.$add$/Users/toprakgundogdu/qwen-ffn-rom/rtl/ffn_col_serial_16x16_b4.v:19$2928 into $flatten\g_row[15].u_tree.$add$/Users/toprakgundogdu/qwen-ffn-rom/rtl/ffn_col_serial_16x16_b4.v:19$2936.
  merging $macc model for $flatten\g_row[15].u_tree.$add$/Users/toprakgundogdu/qwen-ffn-rom/rtl/ffn_col_serial_16x16_b4.v:19$2927 into $flatten\g_row[15].u_tree.$add$/Users/toprakgundogdu/qwen-ffn-rom/rtl/ffn_col_serial_16x16_b4.v:19$2936.
  merging $macc model for $flatten\g_row[15].u_tree.$add$/Users/toprakgundogdu/qwen-ffn-rom/rtl/ffn_col_serial_16x16_b4.v:19$2926 into $flatten\g_row[15].u_tree.$add$/Users/toprakgundogdu/qwen-ffn-rom/rtl/ffn_col_serial_16x16_b4.v:19$2936.
  merging $macc model for $flatten\g_row[15].u_tree.$add$/Users/toprakgundogdu/qwen-ffn-rom/rtl/ffn_col_serial_16x16_b4.v:19$2925 into $flatten\g_row[15].u_tree.$add$/Users/toprakgundogdu/qwen-ffn-rom/rtl/ffn_col_serial_16x16_b4.v:19$2936.
  merging $macc model for $flatten\g_row[4].u_tree.$add$/Users/toprakgundogdu/qwen-ffn-rom/rtl/ffn_col_serial_16x16_b4.v:19$2936 into $flatten\g_row[4].u_tree.$add$/Users/toprakgundogdu/qwen-ffn-rom/rtl/ffn_col_serial_16x16_b4.v:19$2937.
  merging $macc model for $flatten\g_row[4].u_tree.$add$/Users/toprakgundogdu/qwen-ffn-rom/rtl/ffn_col_serial_16x16_b4.v:19$2935 into $flatten\g_row[4].u_tree.$add$/Users/toprakgundogdu/qwen-ffn-rom/rtl/ffn_col_serial_16x16_b4.v:19$2937.
  merging $macc model for $flatten\g_row[4].u_tree.$add$/Users/toprakgundogdu/qwen-ffn-rom/rtl/ffn_col_serial_16x16_b4.v:19$2933 into $flatten\g_row[4].u_tree.$add$/Users/toprakgundogdu/qwen-ffn-rom/rtl/ffn_col_serial_16x16_b4.v:19$2937.
  merging $macc model for $flatten\g_row[4].u_tree.$add$/Users/toprakgundogdu/qwen-ffn-rom/rtl/ffn_col_serial_16x16_b4.v:19$2932 into $flatten\g_row[4].u_tree.$add$/Users/toprakgundogdu/qwen-ffn-rom/rtl/ffn_col_serial_16x16_b4.v:19$2937.
  merging $macc model for $flatten\g_row[4].u_tree.$add$/Users/toprakgundogdu/qwen-ffn-rom/rtl/ffn_col_serial_16x16_b4.v:19$2931 into $flatten\g_row[4].u_tree.$add$/Users/toprakgundogdu/qwen-ffn-rom/rtl/ffn_col_serial_16x16_b4.v:19$2937.
  merging $macc model for $flatten\g_row[4].u_tree.$add$/Users/toprakgundogdu/qwen-ffn-rom/rtl/ffn_col_serial_16x16_b4.v:19$2930 into $flatten\g_row[4].u_tree.$add$/Users/toprakgundogdu/qwen-ffn-rom/rtl/ffn_col_serial_16x16_b4.v:19$2937.
  merging $macc model for $flatten\g_row[4].u_tree.$add$/Users/toprakgundogdu/qwen-ffn-rom/rtl/ffn_col_serial_16x16_b4.v:19$2929 into $flatten\g_row[4].u_tree.$add$/Users/toprakgundogdu/qwen-ffn-rom/rtl/ffn_col_serial_16x16_b4.v:19$2937.
  merging $macc model for $flatten\g_row[4].u_tree.$add$/Users/toprakgundogdu/qwen-ffn-rom/rtl/ffn_col_serial_16x16_b4.v:19$2928 into $flatten\g_row[4].u_tree.$add$/Users/toprakgundogdu/qwen-ffn-rom/rtl/ffn_col_serial_16x16_b4.v:19$2937.
  merging $macc model for $flatten\g_row[4].u_tree.$add$/Users/toprakgundogdu/qwen-ffn-rom/rtl/ffn_col_serial_16x16_b4.v:19$2927 into $flatten\g_row[4].u_tree.$add$/Users/toprakgundogdu/qwen-ffn-rom/rtl/ffn_col_serial_16x16_b4.v:19$2937.
  merging $macc model for $flatten\g_row[4].u_tree.$add$/Users/toprakgundogdu/qwen-ffn-rom/rtl/ffn_col_serial_16x16_b4.v:19$2926 into $flatten\g_row[4].u_tree.$add$/Users/toprakgundogdu/qwen-ffn-rom/rtl/ffn_col_serial_16x16_b4.v:19$2937.
  merging $macc model for $flatten\g_row[4].u_tree.$add$/Users/toprakgundogdu/qwen-ffn-rom/rtl/ffn_col_serial_16x16_b4.v:19$2925 into $flatten\g_row[4].u_tree.$add$/Users/toprakgundogdu/qwen-ffn-rom/rtl/ffn_col_serial_16x16_b4.v:19$2937.
  merging $macc model for $flatten\g_row[4].u_tree.$add$/Users/toprakgundogdu/qwen-ffn-rom/rtl/ffn_col_serial_16x16_b4.v:19$2924 into $flatten\g_row[4].u_tree.$add$/Users/toprakgundogdu/qwen-ffn-rom/rtl/ffn_col_serial_16x16_b4.v:19$2937.
  merging $macc model for $flatten\g_row[11].u_tree.$add$/Users/toprakgundogdu/qwen-ffn-rom/rtl/ffn_col_serial_16x16_b4.v:19$2925 into $flatten\g_row[11].u_tree.$add$/Users/toprakgundogdu/qwen-ffn-rom/rtl/ffn_col_serial_16x16_b4.v:19$2927.
  merging $macc model for $flatten\g_row[10].u_tree.$add$/Users/toprakgundogdu/qwen-ffn-rom/rtl/ffn_col_serial_16x16_b4.v:19$2935 into $flatten\g_row[10].u_tree.$add$/Users/toprakgundogdu/qwen-ffn-rom/rtl/ffn_col_serial_16x16_b4.v:19$2936.
  merging $macc model for $flatten\g_row[10].u_tree.$add$/Users/toprakgundogdu/qwen-ffn-rom/rtl/ffn_col_serial_16x16_b4.v:19$2934 into $flatten\g_row[10].u_tree.$add$/Users/toprakgundogdu/qwen-ffn-rom/rtl/ffn_col_serial_16x16_b4.v:19$2936.
  merging $macc model for $flatten\g_row[10].u_tree.$add$/Users/toprakgundogdu/qwen-ffn-rom/rtl/ffn_col_serial_16x16_b4.v:19$2931 into $flatten\g_row[10].u_tree.$add$/Users/toprakgundogdu/qwen-ffn-rom/rtl/ffn_col_serial_16x16_b4.v:19$2936.
  merging $macc model for $flatten\g_row[10].u_tree.$add$/Users/toprakgundogdu/qwen-ffn-rom/rtl/ffn_col_serial_16x16_b4.v:19$2930 into $flatten\g_row[10].u_tree.$add$/Users/toprakgundogdu/qwen-ffn-rom/rtl/ffn_col_serial_16x16_b4.v:19$2936.
  merging $macc model for $flatten\g_row[10].u_tree.$add$/Users/toprakgundogdu/qwen-ffn-rom/rtl/ffn_col_serial_16x16_b4.v:19$2929 into $flatten\g_row[10].u_tree.$add$/Users/toprakgundogdu/qwen-ffn-rom/rtl/ffn_col_serial_16x16_b4.v:19$2936.
  merging $macc model for $flatten\g_row[10].u_tree.$add$/Users/toprakgundogdu/qwen-ffn-rom/rtl/ffn_col_serial_16x16_b4.v:19$2928 into $flatten\g_row[10].u_tree.$add$/Users/toprakgundogdu/qwen-ffn-rom/rtl/ffn_col_serial_16x16_b4.v:19$2936.
  merging $macc model for $flatten\g_row[10].u_tree.$add$/Users/toprakgundogdu/qwen-ffn-rom/rtl/ffn_col_serial_16x16_b4.v:19$2926 into $flatten\g_row[10].u_tree.$add$/Users/toprakgundogdu/qwen-ffn-rom/rtl/ffn_col_serial_16x16_b4.v:19$2936.
  merging $macc model for $flatten\g_row[10].u_tree.$add$/Users/toprakgundogdu/qwen-ffn-rom/rtl/ffn_col_serial_16x16_b4.v:19$2925 into $flatten\g_row[10].u_tree.$add$/Users/toprakgundogdu/qwen-ffn-rom/rtl/ffn_col_serial_16x16_b4.v:19$2936.
  merging $macc model for $flatten\g_row[15].u_tree.$add$/Users/toprakgundogdu/qwen-ffn-rom/rtl/ffn_col_serial_16x16_b4.v:19$2936 into $flatten\g_row[15].u_tree.$add$/Users/toprakgundogdu/qwen-ffn-rom/rtl/ffn_col_serial_16x16_b4.v:19$2937.
  merging $macc model for $flatten\g_row[11].u_tree.$add$/Users/toprakgundogdu/qwen-ffn-rom/rtl/ffn_col_serial_16x16_b4.v:19$2927 into $flatten\g_row[11].u_tree.$add$/Users/toprakgundogdu/qwen-ffn-rom/rtl/ffn_col_serial_16x16_b4.v:19$2930.
  merging $macc model for $flatten\g_row[11].u_tree.$add$/Users/toprakgundogdu/qwen-ffn-rom/rtl/ffn_col_serial_16x16_b4.v:19$2930 into $flatten\g_row[11].u_tree.$add$/Users/toprakgundogdu/qwen-ffn-rom/rtl/ffn_col_serial_16x16_b4.v:19$2931.
  merging $macc model for $flatten\g_row[11].u_tree.$add$/Users/toprakgundogdu/qwen-ffn-rom/rtl/ffn_col_serial_16x16_b4.v:19$2931 into $flatten\g_row[11].u_tree.$add$/Users/toprakgundogdu/qwen-ffn-rom/rtl/ffn_col_serial_16x16_b4.v:19$2932.
  merging $macc model for $flatten\g_row[11].u_tree.$add$/Users/toprakgundogdu/qwen-ffn-rom/rtl/ffn_col_serial_16x16_b4.v:19$2932 into $flatten\g_row[11].u_tree.$add$/Users/toprakgundogdu/qwen-ffn-rom/rtl/ffn_col_serial_16x16_b4.v:19$2933.
  merging $macc model for $flatten\g_row[11].u_tree.$add$/Users/toprakgundogdu/qwen-ffn-rom/rtl/ffn_col_serial_16x16_b4.v:19$2933 into $flatten\g_row[11].u_tree.$add$/Users/toprakgundogdu/qwen-ffn-rom/rtl/ffn_col_serial_16x16_b4.v:19$2934.
  merging $macc model for $flatten\g_row[15].u_tree.$add$/Users/toprakgundogdu/qwen-ffn-rom/rtl/ffn_col_serial_16x16_b4.v:19$2923 into $flatten\g_row[15].u_tree.$add$/Users/toprakgundogdu/qwen-ffn-rom/rtl/ffn_col_serial_16x16_b4.v:19$2924.
  merging $macc model for $flatten\g_row[11].u_tree.$add$/Users/toprakgundogdu/qwen-ffn-rom/rtl/ffn_col_serial_16x16_b4.v:19$2934 into $flatten\g_row[11].u_tree.$add$/Users/toprakgundogdu/qwen-ffn-rom/rtl/ffn_col_serial_16x16_b4.v:19$2935.
  merging $macc model for $neg$/Users/toprakgundogdu/qwen-ffn-rom/rtl/ffn_col_serial_16x16_b4.v:93$4327 into $add$/Users/toprakgundogdu/qwen-ffn-rom/rtl/ffn_col_serial_16x16_b4.v:93$4329.
  merging $macc model for $flatten\g_row[5].u_tree.$add$/Users/toprakgundogdu/qwen-ffn-rom/rtl/ffn_col_serial_16x16_b4.v:19$2935 into $flatten\g_row[5].u_tree.$add$/Users/toprakgundogdu/qwen-ffn-rom/rtl/ffn_col_serial_16x16_b4.v:19$2937.
  merging $macc model for $flatten\g_row[5].u_tree.$add$/Users/toprakgundogdu/qwen-ffn-rom/rtl/ffn_col_serial_16x16_b4.v:19$2933 into $flatten\g_row[5].u_tree.$add$/Users/toprakgundogdu/qwen-ffn-rom/rtl/ffn_col_serial_16x16_b4.v:19$2937.
  merging $macc model for $flatten\g_row[5].u_tree.$add$/Users/toprakgundogdu/qwen-ffn-rom/rtl/ffn_col_serial_16x16_b4.v:19$2932 into $flatten\g_row[5].u_tree.$add$/Users/toprakgundogdu/qwen-ffn-rom/rtl/ffn_col_serial_16x16_b4.v:19$2937.
  merging $macc model for $flatten\g_row[5].u_tree.$add$/Users/toprakgundogdu/qwen-ffn-rom/rtl/ffn_col_serial_16x16_b4.v:19$2931 into $flatten\g_row[5].u_tree.$add$/Users/toprakgundogdu/qwen-ffn-rom/rtl/ffn_col_serial_16x16_b4.v:19$2937.
  merging $macc model for $flatten\g_row[5].u_tree.$add$/Users/toprakgundogdu/qwen-ffn-rom/rtl/ffn_col_serial_16x16_b4.v:19$2930 into $flatten\g_row[5].u_tree.$add$/Users/toprakgundogdu/qwen-ffn-rom/rtl/ffn_col_serial_16x16_b4.v:19$2937.
  merging $macc model for $flatten\g_row[5].u_tree.$add$/Users/toprakgundogdu/qwen-ffn-rom/rtl/ffn_col_serial_16x16_b4.v:19$2929 into $flatten\g_row[5].u_tree.$add$/Users/toprakgundogdu/qwen-ffn-rom/rtl/ffn_col_serial_16x16_b4.v:19$2937.
  merging $macc model for $flatten\g_row[5].u_tree.$add$/Users/toprakgundogdu/qwen-ffn-rom/rtl/ffn_col_serial_16x16_b4.v:19$2928 into $flatten\g_row[5].u_tree.$add$/Users/toprakgundogdu/qwen-ffn-rom/rtl/ffn_col_serial_16x16_b4.v:19$2937.
  merging $macc model for $flatten\g_row[5].u_tree.$add$/Users/toprakgundogdu/qwen-ffn-rom/rtl/ffn_col_serial_16x16_b4.v:19$2927 into $flatten\g_row[5].u_tree.$add$/Users/toprakgundogdu/qwen-ffn-rom/rtl/ffn_col_serial_16x16_b4.v:19$2937.
  merging $macc model for $flatten\g_row[5].u_tree.$add$/Users/toprakgundogdu/qwen-ffn-rom/rtl/ffn_col_serial_16x16_b4.v:19$2926 into $flatten\g_row[5].u_tree.$add$/Users/toprakgundogdu/qwen-ffn-rom/rtl/ffn_col_serial_16x16_b4.v:19$2937.
  merging $macc model for $flatten\g_row[5].u_tree.$add$/Users/toprakgundogdu/qwen-ffn-rom/rtl/ffn_col_serial_16x16_b4.v:19$2925 into $flatten\g_row[5].u_tree.$add$/Users/toprakgundogdu/qwen-ffn-rom/rtl/ffn_col_serial_16x16_b4.v:19$2937.
  merging $macc model for $flatten\g_row[11].u_tree.$add$/Users/toprakgundogdu/qwen-ffn-rom/rtl/ffn_col_serial_16x16_b4.v:19$2935 into $flatten\g_row[11].u_tree.$add$/Users/toprakgundogdu/qwen-ffn-rom/rtl/ffn_col_serial_16x16_b4.v:19$2936.
  merging $macc model for $flatten\g_row[0].u_tree.$add$/Users/toprakgundogdu/qwen-ffn-rom/rtl/ffn_col_serial_16x16_b4.v:19$2935 into $flatten\g_row[0].u_tree.$add$/Users/toprakgundogdu/qwen-ffn-rom/rtl/ffn_col_serial_16x16_b4.v:19$2936.
  merging $macc model for $flatten\g_row[0].u_tree.$add$/Users/toprakgundogdu/qwen-ffn-rom/rtl/ffn_col_serial_16x16_b4.v:19$2934 into $flatten\g_row[0].u_tree.$add$/Users/toprakgundogdu/qwen-ffn-rom/rtl/ffn_col_serial_16x16_b4.v:19$2936.
  merging $macc model for $flatten\g_row[0].u_tree.$add$/Users/toprakgundogdu/qwen-ffn-rom/rtl/ffn_col_serial_16x16_b4.v:19$2931 into $flatten\g_row[0].u_tree.$add$/Users/toprakgundogdu/qwen-ffn-rom/rtl/ffn_col_serial_16x16_b4.v:19$2936.
  merging $macc model for $flatten\g_row[0].u_tree.$add$/Users/toprakgundogdu/qwen-ffn-rom/rtl/ffn_col_serial_16x16_b4.v:19$2936 into $flatten\g_row[0].u_tree.$add$/Users/toprakgundogdu/qwen-ffn-rom/rtl/ffn_col_serial_16x16_b4.v:19$2937.
  merging $macc model for $flatten\g_row[13].u_tree.$add$/Users/toprakgundogdu/qwen-ffn-rom/rtl/ffn_col_serial_16x16_b4.v:19$2934 into $flatten\g_row[13].u_tree.$add$/Users/toprakgundogdu/qwen-ffn-rom/rtl/ffn_col_serial_16x16_b4.v:19$2935.
  merging $macc model for $flatten\g_row[13].u_tree.$add$/Users/toprakgundogdu/qwen-ffn-rom/rtl/ffn_col_serial_16x16_b4.v:19$2935 into $flatten\g_row[13].u_tree.$add$/Users/toprakgundogdu/qwen-ffn-rom/rtl/ffn_col_serial_16x16_b4.v:19$2936.
  merging $macc model for $flatten\g_row[9].u_tree.$add$/Users/toprakgundogdu/qwen-ffn-rom/rtl/ffn_col_serial_16x16_b4.v:19$2932 into $flatten\g_row[9].u_tree.$add$/Users/toprakgundogdu/qwen-ffn-rom/rtl/ffn_col_serial_16x16_b4.v:19$2933.
  merging $macc model for $flatten\g_row[9].u_tree.$add$/Users/toprakgundogdu/qwen-ffn-rom/rtl/ffn_col_serial_16x16_b4.v:19$2931 into $flatten\g_row[9].u_tree.$add$/Users/toprakgundogdu/qwen-ffn-rom/rtl/ffn_col_serial_16x16_b4.v:19$2933.
  merging $macc model for $flatten\g_row[9].u_tree.$add$/Users/toprakgundogdu/qwen-ffn-rom/rtl/ffn_col_serial_16x16_b4.v:19$2929 into $flatten\g_row[9].u_tree.$add$/Users/toprakgundogdu/qwen-ffn-rom/rtl/ffn_col_serial_16x16_b4.v:19$2933.
  merging $macc model for $flatten\g_row[9].u_tree.$add$/Users/toprakgundogdu/qwen-ffn-rom/rtl/ffn_col_serial_16x16_b4.v:19$2928 into $flatten\g_row[9].u_tree.$add$/Users/toprakgundogdu/qwen-ffn-rom/rtl/ffn_col_serial_16x16_b4.v:19$2933.
  merging $macc model for $flatten\g_row[9].u_tree.$add$/Users/toprakgundogdu/qwen-ffn-rom/rtl/ffn_col_serial_16x16_b4.v:19$2927 into $flatten\g_row[9].u_tree.$add$/Users/toprakgundogdu/qwen-ffn-rom/rtl/ffn_col_serial_16x16_b4.v:19$2933.
  merging $macc model for $flatten\g_row[13].u_tree.$add$/Users/toprakgundogdu/qwen-ffn-rom/rtl/ffn_col_serial_16x16_b4.v:19$2923 into $flatten\g_row[13].u_tree.$add$/Users/toprakgundogdu/qwen-ffn-rom/rtl/ffn_col_serial_16x16_b4.v:19$2924.
  merging $macc model for $flatten\g_row[10].u_tree.$add$/Users/toprakgundogdu/qwen-ffn-rom/rtl/ffn_col_serial_16x16_b4.v:19$2923 into $flatten\g_row[10].u_tree.$add$/Users/toprakgundogdu/qwen-ffn-rom/rtl/ffn_col_serial_16x16_b4.v:19$2924.
  merging $macc model for $flatten\g_row[6].u_tree.$add$/Users/toprakgundogdu/qwen-ffn-rom/rtl/ffn_col_serial_16x16_b4.v:19$2935 into $flatten\g_row[6].u_tree.$add$/Users/toprakgundogdu/qwen-ffn-rom/rtl/ffn_col_serial_16x16_b4.v:19$2936.
  merging $macc model for $flatten\g_row[6].u_tree.$add$/Users/toprakgundogdu/qwen-ffn-rom/rtl/ffn_col_serial_16x16_b4.v:19$2934 into $flatten\g_row[6].u_tree.$add$/Users/toprakgundogdu/qwen-ffn-rom/rtl/ffn_col_serial_16x16_b4.v:19$2936.
  merging $macc model for $flatten\g_row[6].u_tree.$add$/Users/toprakgundogdu/qwen-ffn-rom/rtl/ffn_col_serial_16x16_b4.v:19$2933 into $flatten\g_row[6].u_tree.$add$/Users/toprakgundogdu/qwen-ffn-rom/rtl/ffn_col_serial_16x16_b4.v:19$2936.
  merging $macc model for $flatten\g_row[6].u_tree.$add$/Users/toprakgundogdu/qwen-ffn-rom/rtl/ffn_col_serial_16x16_b4.v:19$2932 into $flatten\g_row[6].u_tree.$add$/Users/toprakgundogdu/qwen-ffn-rom/rtl/ffn_col_serial_16x16_b4.v:19$2936.
  merging $macc model for $flatten\g_row[6].u_tree.$add$/Users/toprakgundogdu/qwen-ffn-rom/rtl/ffn_col_serial_16x16_b4.v:19$2931 into $flatten\g_row[6].u_tree.$add$/Users/toprakgundogdu/qwen-ffn-rom/rtl/ffn_col_serial_16x16_b4.v:19$2936.
  merging $macc model for $flatten\g_row[6].u_tree.$add$/Users/toprakgundogdu/qwen-ffn-rom/rtl/ffn_col_serial_16x16_b4.v:19$2930 into $flatten\g_row[6].u_tree.$add$/Users/toprakgundogdu/qwen-ffn-rom/rtl/ffn_col_serial_16x16_b4.v:19$2936.
  merging $macc model for $flatten\g_row[6].u_tree.$add$/Users/toprakgundogdu/qwen-ffn-rom/rtl/ffn_col_serial_16x16_b4.v:19$2929 into $flatten\g_row[6].u_tree.$add$/Users/toprakgundogdu/qwen-ffn-rom/rtl/ffn_col_serial_16x16_b4.v:19$2936.
  merging $macc model for $flatten\g_row[6].u_tree.$add$/Users/toprakgundogdu/qwen-ffn-rom/rtl/ffn_col_serial_16x16_b4.v:19$2928 into $flatten\g_row[6].u_tree.$add$/Users/toprakgundogdu/qwen-ffn-rom/rtl/ffn_col_serial_16x16_b4.v:19$2936.
  merging $macc model for $flatten\g_row[6].u_tree.$add$/Users/toprakgundogdu/qwen-ffn-rom/rtl/ffn_col_serial_16x16_b4.v:19$2927 into $flatten\g_row[6].u_tree.$add$/Users/toprakgundogdu/qwen-ffn-rom/rtl/ffn_col_serial_16x16_b4.v:19$2936.
  merging $macc model for $flatten\g_row[6].u_tree.$add$/Users/toprakgundogdu/qwen-ffn-rom/rtl/ffn_col_serial_16x16_b4.v:19$2926 into $flatten\g_row[6].u_tree.$add$/Users/toprakgundogdu/qwen-ffn-rom/rtl/ffn_col_serial_16x16_b4.v:19$2936.
  merging $macc model for $flatten\g_row[6].u_tree.$add$/Users/toprakgundogdu/qwen-ffn-rom/rtl/ffn_col_serial_16x16_b4.v:19$2925 into $flatten\g_row[6].u_tree.$add$/Users/toprakgundogdu/qwen-ffn-rom/rtl/ffn_col_serial_16x16_b4.v:19$2936.
  merging $macc model for $flatten\g_row[6].u_tree.$add$/Users/toprakgundogdu/qwen-ffn-rom/rtl/ffn_col_serial_16x16_b4.v:19$2924 into $flatten\g_row[6].u_tree.$add$/Users/toprakgundogdu/qwen-ffn-rom/rtl/ffn_col_serial_16x16_b4.v:19$2936.
  merging $macc model for $flatten\g_row[12].u_tree.$add$/Users/toprakgundogdu/qwen-ffn-rom/rtl/ffn_col_serial_16x16_b4.v:19$2924 into $flatten\g_row[12].u_tree.$add$/Users/toprakgundogdu/qwen-ffn-rom/rtl/ffn_col_serial_16x16_b4.v:19$2925.
  merging $macc model for $flatten\g_row[11].u_tree.$add$/Users/toprakgundogdu/qwen-ffn-rom/rtl/ffn_col_serial_16x16_b4.v:19$2936 into $flatten\g_row[11].u_tree.$add$/Users/toprakgundogdu/qwen-ffn-rom/rtl/ffn_col_serial_16x16_b4.v:19$2937.
  merging $macc model for $flatten\g_row[12].u_tree.$add$/Users/toprakgundogdu/qwen-ffn-rom/rtl/ffn_col_serial_16x16_b4.v:19$2936 into $flatten\g_row[12].u_tree.$add$/Users/toprakgundogdu/qwen-ffn-rom/rtl/ffn_col_serial_16x16_b4.v:19$2937.
  merging $macc model for $flatten\g_row[7].u_tree.$add$/Users/toprakgundogdu/qwen-ffn-rom/rtl/ffn_col_serial_16x16_b4.v:19$2936 into $flatten\g_row[7].u_tree.$add$/Users/toprakgundogdu/qwen-ffn-rom/rtl/ffn_col_serial_16x16_b4.v:19$2937.
  merging $macc model for $flatten\g_row[7].u_tree.$add$/Users/toprakgundogdu/qwen-ffn-rom/rtl/ffn_col_serial_16x16_b4.v:19$2935 into $flatten\g_row[7].u_tree.$add$/Users/toprakgundogdu/qwen-ffn-rom/rtl/ffn_col_serial_16x16_b4.v:19$2937.
  merging $macc model for $flatten\g_row[7].u_tree.$add$/Users/toprakgundogdu/qwen-ffn-rom/rtl/ffn_col_serial_16x16_b4.v:19$2933 into $flatten\g_row[7].u_tree.$add$/Users/toprakgundogdu/qwen-ffn-rom/rtl/ffn_col_serial_16x16_b4.v:19$2937.
  merging $macc model for $flatten\g_row[7].u_tree.$add$/Users/toprakgundogdu/qwen-ffn-rom/rtl/ffn_col_serial_16x16_b4.v:19$2932 into $flatten\g_row[7].u_tree.$add$/Users/toprakgundogdu/qwen-ffn-rom/rtl/ffn_col_serial_16x16_b4.v:19$2937.
  merging $macc model for $flatten\g_row[7].u_tree.$add$/Users/toprakgundogdu/qwen-ffn-rom/rtl/ffn_col_serial_16x16_b4.v:19$2931 into $flatten\g_row[7].u_tree.$add$/Users/toprakgundogdu/qwen-ffn-rom/rtl/ffn_col_serial_16x16_b4.v:19$2937.
  merging $macc model for $flatten\g_row[7].u_tree.$add$/Users/toprakgundogdu/qwen-ffn-rom/rtl/ffn_col_serial_16x16_b4.v:19$2930 into $flatten\g_row[7].u_tree.$add$/Users/toprakgundogdu/qwen-ffn-rom/rtl/ffn_col_serial_16x16_b4.v:19$2937.
  merging $macc model for $flatten\g_row[7].u_tree.$add$/Users/toprakgundogdu/qwen-ffn-rom/rtl/ffn_col_serial_16x16_b4.v:19$2929 into $flatten\g_row[7].u_tree.$add$/Users/toprakgundogdu/qwen-ffn-rom/rtl/ffn_col_serial_16x16_b4.v:19$2937.
  merging $macc model for $flatten\g_row[7].u_tree.$add$/Users/toprakgundogdu/qwen-ffn-rom/rtl/ffn_col_serial_16x16_b4.v:19$2928 into $flatten\g_row[7].u_tree.$add$/Users/toprakgundogdu/qwen-ffn-rom/rtl/ffn_col_serial_16x16_b4.v:19$2937.
  merging $macc model for $flatten\g_row[7].u_tree.$add$/Users/toprakgundogdu/qwen-ffn-rom/rtl/ffn_col_serial_16x16_b4.v:19$2926 into $flatten\g_row[7].u_tree.$add$/Users/toprakgundogdu/qwen-ffn-rom/rtl/ffn_col_serial_16x16_b4.v:19$2937.
  merging $macc model for $flatten\g_row[7].u_tree.$add$/Users/toprakgundogdu/qwen-ffn-rom/rtl/ffn_col_serial_16x16_b4.v:19$2925 into $flatten\g_row[7].u_tree.$add$/Users/toprakgundogdu/qwen-ffn-rom/rtl/ffn_col_serial_16x16_b4.v:19$2937.
  merging $macc model for $flatten\g_row[14].u_tree.$add$/Users/toprakgundogdu/qwen-ffn-rom/rtl/ffn_col_serial_16x16_b4.v:19$2925 into $flatten\g_row[14].u_tree.$add$/Users/toprakgundogdu/qwen-ffn-rom/rtl/ffn_col_serial_16x16_b4.v:19$2928.
  merging $macc model for $flatten\g_row[11].u_tree.$add$/Users/toprakgundogdu/qwen-ffn-rom/rtl/ffn_col_serial_16x16_b4.v:19$2923 into $flatten\g_row[11].u_tree.$add$/Users/toprakgundogdu/qwen-ffn-rom/rtl/ffn_col_serial_16x16_b4.v:19$2924.
  merging $macc model for $flatten\g_row[7].u_tree.$add$/Users/toprakgundogdu/qwen-ffn-rom/rtl/ffn_col_serial_16x16_b4.v:19$2923 into $flatten\g_row[7].u_tree.$add$/Users/toprakgundogdu/qwen-ffn-rom/rtl/ffn_col_serial_16x16_b4.v:19$2924.
  merging $macc model for $flatten\g_row[14].u_tree.$add$/Users/toprakgundogdu/qwen-ffn-rom/rtl/ffn_col_serial_16x16_b4.v:19$2933 into $flatten\g_row[14].u_tree.$add$/Users/toprakgundogdu/qwen-ffn-rom/rtl/ffn_col_serial_16x16_b4.v:19$2936.
  merging $macc model for $flatten\g_row[14].u_tree.$add$/Users/toprakgundogdu/qwen-ffn-rom/rtl/ffn_col_serial_16x16_b4.v:19$2931 into $flatten\g_row[14].u_tree.$add$/Users/toprakgundogdu/qwen-ffn-rom/rtl/ffn_col_serial_16x16_b4.v:19$2936.
  merging $macc model for $flatten\g_row[14].u_tree.$add$/Users/toprakgundogdu/qwen-ffn-rom/rtl/ffn_col_serial_16x16_b4.v:19$2929 into $flatten\g_row[14].u_tree.$add$/Users/toprakgundogdu/qwen-ffn-rom/rtl/ffn_col_serial_16x16_b4.v:19$2936.
  merging $macc model for $flatten\g_row[8].u_tree.$add$/Users/toprakgundogdu/qwen-ffn-rom/rtl/ffn_col_serial_16x16_b4.v:19$2934 into $flatten\g_row[8].u_tree.$add$/Users/toprakgundogdu/qwen-ffn-rom/rtl/ffn_col_serial_16x16_b4.v:19$2936.
  merging $macc model for $flatten\g_row[8].u_tree.$add$/Users/toprakgundogdu/qwen-ffn-rom/rtl/ffn_col_serial_16x16_b4.v:19$2933 into $flatten\g_row[8].u_tree.$add$/Users/toprakgundogdu/qwen-ffn-rom/rtl/ffn_col_serial_16x16_b4.v:19$2936.
  merging $macc model for $flatten\g_row[8].u_tree.$add$/Users/toprakgundogdu/qwen-ffn-rom/rtl/ffn_col_serial_16x16_b4.v:19$2932 into $flatten\g_row[8].u_tree.$add$/Users/toprakgundogdu/qwen-ffn-rom/rtl/ffn_col_serial_16x16_b4.v:19$2936.
  merging $macc model for $flatten\g_row[8].u_tree.$add$/Users/toprakgundogdu/qwen-ffn-rom/rtl/ffn_col_serial_16x16_b4.v:19$2931 into $flatten\g_row[8].u_tree.$add$/Users/toprakgundogdu/qwen-ffn-rom/rtl/ffn_col_serial_16x16_b4.v:19$2936.
  merging $macc model for $flatten\g_row[8].u_tree.$add$/Users/toprakgundogdu/qwen-ffn-rom/rtl/ffn_col_serial_16x16_b4.v:19$2928 into $flatten\g_row[8].u_tree.$add$/Users/toprakgundogdu/qwen-ffn-rom/rtl/ffn_col_serial_16x16_b4.v:19$2936.
  merging $macc model for $flatten\g_row[8].u_tree.$add$/Users/toprakgundogdu/qwen-ffn-rom/rtl/ffn_col_serial_16x16_b4.v:19$2927 into $flatten\g_row[8].u_tree.$add$/Users/toprakgundogdu/qwen-ffn-rom/rtl/ffn_col_serial_16x16_b4.v:19$2936.
  merging $macc model for $flatten\g_row[9].u_tree.$add$/Users/toprakgundogdu/qwen-ffn-rom/rtl/ffn_col_serial_16x16_b4.v:19$2936 into $flatten\g_row[9].u_tree.$add$/Users/toprakgundogdu/qwen-ffn-rom/rtl/ffn_col_serial_16x16_b4.v:19$2937.
  merging $macc model for $flatten\g_row[9].u_tree.$add$/Users/toprakgundogdu/qwen-ffn-rom/rtl/ffn_col_serial_16x16_b4.v:19$2935 into $flatten\g_row[9].u_tree.$add$/Users/toprakgundogdu/qwen-ffn-rom/rtl/ffn_col_serial_16x16_b4.v:19$2937.
  merging $macc model for $flatten\g_row[9].u_tree.$add$/Users/toprakgundogdu/qwen-ffn-rom/rtl/ffn_col_serial_16x16_b4.v:19$2934 into $flatten\g_row[9].u_tree.$add$/Users/toprakgundogdu/qwen-ffn-rom/rtl/ffn_col_serial_16x16_b4.v:19$2937.
  merging $macc model for $flatten\g_row[9].u_tree.$add$/Users/toprakgundogdu/qwen-ffn-rom/rtl/ffn_col_serial_16x16_b4.v:19$2933 into $flatten\g_row[9].u_tree.$add$/Users/toprakgundogdu/qwen-ffn-rom/rtl/ffn_col_serial_16x16_b4.v:19$2937.
  creating $alu model for $macc $neg$/Users/toprakgundogdu/qwen-ffn-rom/rtl/ffn_col_serial_16x16_b4.v:88$4565.
  creating $alu model for $macc $add$/Users/toprakgundogdu/qwen-ffn-rom/rtl/ffn_col_serial_16x16_b4.v:139$4538.
  creating $alu model for $macc $add$/Users/toprakgundogdu/qwen-ffn-rom/rtl/ffn_col_serial_16x16_b4.v:97$4296.
  creating $alu model for $macc $sub$/Users/toprakgundogdu/qwen-ffn-rom/rtl/ffn_col_serial_16x16_b4.v:83$4611.
  creating $alu model for $macc $add$/Users/toprakgundogdu/qwen-ffn-rom/rtl/ffn_col_serial_16x16_b4.v:95$3938.
  creating $alu model for $macc $neg$/Users/toprakgundogdu/qwen-ffn-rom/rtl/ffn_col_serial_16x16_b4.v:86$4004.
  creating $alu model for $macc $add$/Users/toprakgundogdu/qwen-ffn-rom/rtl/ffn_col_serial_16x16_b4.v:96$3930.
  creating $alu model for $macc $flatten\g_row[3].u_tree.$add$/Users/toprakgundogdu/qwen-ffn-rom/rtl/ffn_col_serial_16x16_b4.v:19$2923.
  creating $alu model for $macc $sub$/Users/toprakgundogdu/qwen-ffn-rom/rtl/ffn_col_serial_16x16_b4.v:87$3954.
  creating $alu model for $macc $add$/Users/toprakgundogdu/qwen-ffn-rom/rtl/ffn_col_serial_16x16_b4.v:93$4636.
  creating $alu model for $macc $sub$/Users/toprakgundogdu/qwen-ffn-rom/rtl/ffn_col_serial_16x16_b4.v:87$4512.
  creating $alu model for $macc $add$/Users/toprakgundogdu/qwen-ffn-rom/rtl/ffn_col_serial_16x16_b4.v:139$4651.
  creating $alu model for $macc $neg$/Users/toprakgundogdu/qwen-ffn-rom/rtl/ffn_col_serial_16x16_b4.v:88$3860.
  creating $alu model for $macc $neg$/Users/toprakgundogdu/qwen-ffn-rom/rtl/ffn_col_serial_16x16_b4.v:86$4659.
  creating $alu model for $macc $add$/Users/toprakgundogdu/qwen-ffn-rom/rtl/ffn_col_serial_16x16_b4.v:139$4061.
  creating $alu model for $macc $flatten\g_row[5].u_tree.$add$/Users/toprakgundogdu/qwen-ffn-rom/rtl/ffn_col_serial_16x16_b4.v:19$2924.
  creating $alu model for $macc $neg$/Users/toprakgundogdu/qwen-ffn-rom/rtl/ffn_col_serial_16x16_b4.v:138$5729.
  creating $alu model for $macc $add$/Users/toprakgundogdu/qwen-ffn-rom/rtl/ffn_col_serial_16x16_b4.v:139$3823.
  creating $alu model for $macc $sub$/Users/toprakgundogdu/qwen-ffn-rom/rtl/ffn_col_serial_16x16_b4.v:87$4702.
  creating $alu model for $macc $neg$/Users/toprakgundogdu/qwen-ffn-rom/rtl/ffn_col_serial_16x16_b4.v:88$4497.
  creating $alu model for $macc $sub$/Users/toprakgundogdu/qwen-ffn-rom/rtl/ffn_col_serial_16x16_b4.v:83$4710.
  creating $alu model for $macc $sub$/Users/toprakgundogdu/qwen-ffn-rom/rtl/ffn_col_serial_16x16_b4.v:87$4718.
  creating $alu model for $macc $neg$/Users/toprakgundogdu/qwen-ffn-rom/rtl/ffn_col_serial_16x16_b4.v:88$4745.
  creating $alu model for $macc $sub$/Users/toprakgundogdu/qwen-ffn-rom/rtl/ffn_col_serial_16x16_b4.v:87$4239.
  creating $alu model for $macc $add$/Users/toprakgundogdu/qwen-ffn-rom/rtl/ffn_col_serial_16x16_b4.v:139$4766.
  creating $alu model for $macc $neg$/Users/toprakgundogdu/qwen-ffn-rom/rtl/ffn_col_serial_16x16_b4.v:89$4779.
  creating $alu model for $macc $sub$/Users/toprakgundogdu/qwen-ffn-rom/rtl/ffn_col_serial_16x16_b4.v:87$4787.
  creating $alu model for $macc $sub$/Users/toprakgundogdu/qwen-ffn-rom/rtl/ffn_col_serial_16x16_b4.v:84$4149.
  creating $alu model for $macc $add$/Users/toprakgundogdu/qwen-ffn-rom/rtl/ffn_col_serial_16x16_b4.v:97$4835.
  creating $alu model for $macc $add$/Users/toprakgundogdu/qwen-ffn-rom/rtl/ffn_col_serial_16x16_b4.v:139$4303.
  creating $alu model for $macc $add$/Users/toprakgundogdu/qwen-ffn-rom/rtl/ffn_col_serial_16x16_b4.v:97$3802.
  creating $alu model for $macc $add$/Users/toprakgundogdu/qwen-ffn-rom/rtl/ffn_col_serial_16x16_b4.v:95$4850.
  creating $alu model for $macc $sub$/Users/toprakgundogdu/qwen-ffn-rom/rtl/ffn_col_serial_16x16_b4.v:85$4262.
  creating $alu model for $macc $add$/Users/toprakgundogdu/qwen-ffn-rom/rtl/ffn_col_serial_16x16_b4.v:95$3891.
  creating $alu model for $macc $sub$/Users/toprakgundogdu/qwen-ffn-rom/rtl/ffn_col_serial_16x16_b4.v:87$3785.
  creating $alu model for $macc $neg$/Users/toprakgundogdu/qwen-ffn-rom/rtl/ffn_col_serial_16x16_b4.v:138$5752.
  creating $alu model for $macc $neg$/Users/toprakgundogdu/qwen-ffn-rom/rtl/ffn_col_serial_16x16_b4.v:88$4873.
  creating $alu model for $macc $add$/Users/toprakgundogdu/qwen-ffn-rom/rtl/ffn_col_serial_16x16_b4.v:139$4881.
  creating $alu model for $macc $add$/Users/toprakgundogdu/qwen-ffn-rom/rtl/ffn_col_serial_16x16_b4.v:95$3777.
  creating $alu model for $macc $add$/Users/toprakgundogdu/qwen-ffn-rom/rtl/ffn_col_serial_16x16_b4.v:97$4890.
  creating $alu model for $macc $neg$/Users/toprakgundogdu/qwen-ffn-rom/rtl/ffn_col_serial_16x16_b4.v:86$4910.
  creating $alu model for $macc $sub$/Users/toprakgundogdu/qwen-ffn-rom/rtl/ffn_col_serial_16x16_b4.v:85$3769.
  creating $alu model for $macc $sub$/Users/toprakgundogdu/qwen-ffn-rom/rtl/ffn_col_serial_16x16_b4.v:84$3760.
  creating $alu model for $macc $neg$/Users/toprakgundogdu/qwen-ffn-rom/rtl/ffn_col_serial_16x16_b4.v:96$4965.
  creating $alu model for $macc $add$/Users/toprakgundogdu/qwen-ffn-rom/rtl/ffn_col_serial_16x16_b4.v:96$4967.
  creating $alu model for $macc $neg$/Users/toprakgundogdu/qwen-ffn-rom/rtl/ffn_col_serial_16x16_b4.v:93$4974.
  creating $alu model for $macc $neg$/Users/toprakgundogdu/qwen-ffn-rom/rtl/ffn_col_serial_16x16_b4.v:86$3745.
  creating $alu model for $macc $add$/Users/toprakgundogdu/qwen-ffn-rom/rtl/ffn_col_serial_16x16_b4.v:93$4976.
  creating $alu model for $macc $add$/Users/toprakgundogdu/qwen-ffn-rom/rtl/ffn_col_serial_16x16_b4.v:93$4429.
  creating $alu model for $macc $neg$/Users/toprakgundogdu/qwen-ffn-rom/rtl/ffn_col_serial_16x16_b4.v:88$4984.
  creating $alu model for $macc $neg$/Users/toprakgundogdu/qwen-ffn-rom/rtl/ffn_col_serial_16x16_b4.v:86$4992.
  creating $alu model for $macc $neg$/Users/toprakgundogdu/qwen-ffn-rom/rtl/ffn_col_serial_16x16_b4.v:88$5000.
  creating $alu model for $macc $neg$/Users/toprakgundogdu/qwen-ffn-rom/rtl/ffn_col_serial_16x16_b4.v:89$4345.
  creating $alu model for $macc $add$/Users/toprakgundogdu/qwen-ffn-rom/rtl/ffn_col_serial_16x16_b4.v:139$5001.
  creating $alu model for $macc $sub$/Users/toprakgundogdu/qwen-ffn-rom/rtl/ffn_col_serial_16x16_b4.v:84$3730.
  creating $alu model for $macc $add$/Users/toprakgundogdu/qwen-ffn-rom/rtl/ffn_col_serial_16x16_b4.v:139$3700.
  creating $alu model for $macc $sub$/Users/toprakgundogdu/qwen-ffn-rom/rtl/ffn_col_serial_16x16_b4.v:85$5010.
  creating $alu model for $macc $neg$/Users/toprakgundogdu/qwen-ffn-rom/rtl/ffn_col_serial_16x16_b4.v:86$5018.
  creating $alu model for $macc $sub$/Users/toprakgundogdu/qwen-ffn-rom/rtl/ffn_col_serial_16x16_b4.v:83$3990.
  creating $alu model for $macc $neg$/Users/toprakgundogdu/qwen-ffn-rom/rtl/ffn_col_serial_16x16_b4.v:93$5033.
  creating $alu model for $macc $add$/Users/toprakgundogdu/qwen-ffn-rom/rtl/ffn_col_serial_16x16_b4.v:93$5035.
  creating $alu model for $macc $flatten\g_row[2].u_tree.$add$/Users/toprakgundogdu/qwen-ffn-rom/rtl/ffn_col_serial_16x16_b4.v:19$2923.
  creating $alu model for $macc $flatten\g_row[6].u_tree.$add$/Users/toprakgundogdu/qwen-ffn-rom/rtl/ffn_col_serial_16x16_b4.v:19$2923.
  creating $alu model for $macc $add$/Users/toprakgundogdu/qwen-ffn-rom/rtl/ffn_col_serial_16x16_b4.v:93$5056.
  creating $alu model for $macc $neg$/Users/toprakgundogdu/qwen-ffn-rom/rtl/ffn_col_serial_16x16_b4.v:89$5063.
  creating $alu model for $macc $neg$/Users/toprakgundogdu/qwen-ffn-rom/rtl/ffn_col_serial_16x16_b4.v:86$5071.
  creating $alu model for $macc $add$/Users/toprakgundogdu/qwen-ffn-rom/rtl/ffn_col_serial_16x16_b4.v:93$5087.
  creating $alu model for $macc $add$/Users/toprakgundogdu/qwen-ffn-rom/rtl/ffn_col_serial_16x16_b4.v:93$4119.
  creating $alu model for $macc $neg$/Users/toprakgundogdu/qwen-ffn-rom/rtl/ffn_col_serial_16x16_b4.v:89$5107.
  creating $alu model for $macc $neg$/Users/toprakgundogdu/qwen-ffn-rom/rtl/ffn_col_serial_16x16_b4.v:86$4045.
  creating $alu model for $macc $add$/Users/toprakgundogdu/qwen-ffn-rom/rtl/ffn_col_serial_16x16_b4.v:96$4367.
  creating $alu model for $macc $add$/Users/toprakgundogdu/qwen-ffn-rom/rtl/ffn_col_serial_16x16_b4.v:139$5122.
  creating $alu model for $macc $add$/Users/toprakgundogdu/qwen-ffn-rom/rtl/ffn_col_serial_16x16_b4.v:93$5131.
  creating $alu model for $macc $sub$/Users/toprakgundogdu/qwen-ffn-rom/rtl/ffn_col_serial_16x16_b4.v:83$5151.
  creating $alu model for $macc $neg$/Users/toprakgundogdu/qwen-ffn-rom/rtl/ffn_col_serial_16x16_b4.v:89$5170.
  creating $alu model for $macc $add$/Users/toprakgundogdu/qwen-ffn-rom/rtl/ffn_col_serial_16x16_b4.v:139$3590.
  creating $alu model for $macc $neg$/Users/toprakgundogdu/qwen-ffn-rom/rtl/ffn_col_serial_16x16_b4.v:89$5220.
  creating $alu model for $macc $add$/Users/toprakgundogdu/qwen-ffn-rom/rtl/ffn_col_serial_16x16_b4.v:139$5227.
  creating $alu model for $macc $neg$/Users/toprakgundogdu/qwen-ffn-rom/rtl/ffn_col_serial_16x16_b4.v:89$5234.
  creating $alu model for $macc $neg$/Users/toprakgundogdu/qwen-ffn-rom/rtl/ffn_col_serial_16x16_b4.v:88$5242.
  creating $alu model for $macc $neg$/Users/toprakgundogdu/qwen-ffn-rom/rtl/ffn_col_serial_16x16_b4.v:86$4019.
  creating $alu model for $macc $sub$/Users/toprakgundogdu/qwen-ffn-rom/rtl/ffn_col_serial_16x16_b4.v:83$5250.
  creating $alu model for $macc $add$/Users/toprakgundogdu/qwen-ffn-rom/rtl/ffn_col_serial_16x16_b4.v:95$5258.
  creating $alu model for $macc $neg$/Users/toprakgundogdu/qwen-ffn-rom/rtl/ffn_col_serial_16x16_b4.v:93$5271.
  creating $alu model for $macc $add$/Users/toprakgundogdu/qwen-ffn-rom/rtl/ffn_col_serial_16x16_b4.v:93$5273.
  creating $alu model for $macc $neg$/Users/toprakgundogdu/qwen-ffn-rom/rtl/ffn_col_serial_16x16_b4.v:86$5281.
  creating $alu model for $macc $sub$/Users/toprakgundogdu/qwen-ffn-rom/rtl/ffn_col_serial_16x16_b4.v:83$3877.
  creating $alu model for $macc $neg$/Users/toprakgundogdu/qwen-ffn-rom/rtl/ffn_col_serial_16x16_b4.v:88$5289.
  creating $alu model for $macc $neg$/Users/toprakgundogdu/qwen-ffn-rom/rtl/ffn_col_serial_16x16_b4.v:89$5296.
  creating $alu model for $macc $neg$/Users/toprakgundogdu/qwen-ffn-rom/rtl/ffn_col_serial_16x16_b4.v:93$5303.
  creating $alu model for $macc $add$/Users/toprakgundogdu/qwen-ffn-rom/rtl/ffn_col_serial_16x16_b4.v:93$5305.
  creating $alu model for $macc $neg$/Users/toprakgundogdu/qwen-ffn-rom/rtl/ffn_col_serial_16x16_b4.v:89$5312.
  creating $alu model for $macc $neg$/Users/toprakgundogdu/qwen-ffn-rom/rtl/ffn_col_serial_16x16_b4.v:85$5319.
  creating $alu model for $macc $sub$/Users/toprakgundogdu/qwen-ffn-rom/rtl/ffn_col_serial_16x16_b4.v:85$5321.
  creating $alu model for $macc $flatten\g_row[9].u_tree.$add$/Users/toprakgundogdu/qwen-ffn-rom/rtl/ffn_col_serial_16x16_b4.v:19$2925.
  creating $alu model for $macc $add$/Users/toprakgundogdu/qwen-ffn-rom/rtl/ffn_col_serial_16x16_b4.v:95$5329.
  creating $alu model for $macc $sub$/Users/toprakgundogdu/qwen-ffn-rom/rtl/ffn_col_serial_16x16_b4.v:83$4381.
  creating $alu model for $macc $flatten\g_row[9].u_tree.$add$/Users/toprakgundogdu/qwen-ffn-rom/rtl/ffn_col_serial_16x16_b4.v:19$2923.
  creating $alu model for $macc $sub$/Users/toprakgundogdu/qwen-ffn-rom/rtl/ffn_col_serial_16x16_b4.v:87$5344.
  creating $alu model for $macc $neg$/Users/toprakgundogdu/qwen-ffn-rom/rtl/ffn_col_serial_16x16_b4.v:85$5351.
  creating $alu model for $macc $sub$/Users/toprakgundogdu/qwen-ffn-rom/rtl/ffn_col_serial_16x16_b4.v:85$5353.
  creating $alu model for $macc $sub$/Users/toprakgundogdu/qwen-ffn-rom/rtl/ffn_col_serial_16x16_b4.v:84$4218.
  creating $alu model for $macc $add$/Users/toprakgundogdu/qwen-ffn-rom/rtl/ffn_col_serial_16x16_b4.v:139$5354.
  creating $alu model for $macc $sub$/Users/toprakgundogdu/qwen-ffn-rom/rtl/ffn_col_serial_16x16_b4.v:83$3519.
  creating $alu model for $macc $sub$/Users/toprakgundogdu/qwen-ffn-rom/rtl/ffn_col_serial_16x16_b4.v:87$3499.
  creating $alu model for $macc $neg$/Users/toprakgundogdu/qwen-ffn-rom/rtl/ffn_col_serial_16x16_b4.v:138$5407.
  creating $alu model for $macc $flatten\g_row[0].u_tree.$add$/Users/toprakgundogdu/qwen-ffn-rom/rtl/ffn_col_serial_16x16_b4.v:19$2924.
  creating $alu model for $macc $add$/Users/toprakgundogdu/qwen-ffn-rom/rtl/ffn_col_serial_16x16_b4.v:175$3485.
  creating $alu model for $macc $neg$/Users/toprakgundogdu/qwen-ffn-rom/rtl/ffn_col_serial_16x16_b4.v:138$5430.
  creating $alu model for $macc $add$/Users/toprakgundogdu/qwen-ffn-rom/rtl/ffn_col_serial_16x16_b4.v:139$3946.
  creating $alu model for $macc $neg$/Users/toprakgundogdu/qwen-ffn-rom/rtl/ffn_col_serial_16x16_b4.v:138$5453.
  creating $alu model for $macc $add$/Users/toprakgundogdu/qwen-ffn-rom/rtl/ffn_col_serial_16x16_b4.v:93$4399.
  creating $alu model for $macc $neg$/Users/toprakgundogdu/qwen-ffn-rom/rtl/ffn_col_serial_16x16_b4.v:138$5476.
  creating $alu model for $macc $neg$/Users/toprakgundogdu/qwen-ffn-rom/rtl/ffn_col_serial_16x16_b4.v:138$5499.
  creating $alu model for $macc $add$/Users/toprakgundogdu/qwen-ffn-rom/rtl/ffn_col_serial_16x16_b4.v:97$4178.
  creating $alu model for $macc $flatten\g_row[1].u_tree.$add$/Users/toprakgundogdu/qwen-ffn-rom/rtl/ffn_col_serial_16x16_b4.v:19$2923.
  creating $alu model for $macc $neg$/Users/toprakgundogdu/qwen-ffn-rom/rtl/ffn_col_serial_16x16_b4.v:138$5522.
  creating $alu model for $macc $add$/Users/toprakgundogdu/qwen-ffn-rom/rtl/ffn_col_serial_16x16_b4.v:139$4430.
  creating $alu model for $macc $neg$/Users/toprakgundogdu/qwen-ffn-rom/rtl/ffn_col_serial_16x16_b4.v:138$5545.
  creating $alu model for $macc $sub$/Users/toprakgundogdu/qwen-ffn-rom/rtl/ffn_col_serial_16x16_b4.v:83$4438.
  creating $alu model for $macc $add$/Users/toprakgundogdu/qwen-ffn-rom/rtl/ffn_col_serial_16x16_b4.v:139$4179.
  creating $alu model for $macc $neg$/Users/toprakgundogdu/qwen-ffn-rom/rtl/ffn_col_serial_16x16_b4.v:138$5568.
  creating $alu model for $macc $sub$/Users/toprakgundogdu/qwen-ffn-rom/rtl/ffn_col_serial_16x16_b4.v:85$4338.
  creating $alu model for $macc $sub$/Users/toprakgundogdu/qwen-ffn-rom/rtl/ffn_col_serial_16x16_b4.v:87$4458.
  creating $alu model for $macc $neg$/Users/toprakgundogdu/qwen-ffn-rom/rtl/ffn_col_serial_16x16_b4.v:138$5591.
  creating $alu model for $macc $flatten\g_row[4].u_tree.$add$/Users/toprakgundogdu/qwen-ffn-rom/rtl/ffn_col_serial_16x16_b4.v:19$2923.
  creating $alu model for $macc $neg$/Users/toprakgundogdu/qwen-ffn-rom/rtl/ffn_col_serial_16x16_b4.v:138$5614.
  creating $alu model for $macc $flatten\g_row[8].u_tree.$add$/Users/toprakgundogdu/qwen-ffn-rom/rtl/ffn_col_serial_16x16_b4.v:19$2925.
  creating $alu model for $macc $sub$/Users/toprakgundogdu/qwen-ffn-rom/rtl/ffn_col_serial_16x16_b4.v:87$4413.
  creating $alu model for $macc $neg$/Users/toprakgundogdu/qwen-ffn-rom/rtl/ffn_col_serial_16x16_b4.v:138$5637.
  creating $alu model for $macc $neg$/Users/toprakgundogdu/qwen-ffn-rom/rtl/ffn_col_serial_16x16_b4.v:138$5660.
  creating $alu model for $macc $neg$/Users/toprakgundogdu/qwen-ffn-rom/rtl/ffn_col_serial_16x16_b4.v:138$5683.
  creating $alu model for $macc $neg$/Users/toprakgundogdu/qwen-ffn-rom/rtl/ffn_col_serial_16x16_b4.v:86$4060.
  creating $alu model for $macc $sub$/Users/toprakgundogdu/qwen-ffn-rom/rtl/ffn_col_serial_16x16_b4.v:85$3869.
  creating $alu model for $macc $neg$/Users/toprakgundogdu/qwen-ffn-rom/rtl/ffn_col_serial_16x16_b4.v:138$5706.
  creating $macc cell for $flatten\g_row[10].u_tree.$add$/Users/toprakgundogdu/qwen-ffn-rom/rtl/ffn_col_serial_16x16_b4.v:19$2924: $auto$alumacc.cc:399:replace_macc$6612
  creating $macc cell for $flatten\g_row[11].u_tree.$add$/Users/toprakgundogdu/qwen-ffn-rom/rtl/ffn_col_serial_16x16_b4.v:19$2924: $auto$alumacc.cc:399:replace_macc$6613
  creating $macc cell for $flatten\g_row[0].u_tree.$add$/Users/toprakgundogdu/qwen-ffn-rom/rtl/ffn_col_serial_16x16_b4.v:19$2937: $auto$alumacc.cc:399:replace_macc$6614
  creating $macc cell for $flatten\g_row[12].u_tree.$add$/Users/toprakgundogdu/qwen-ffn-rom/rtl/ffn_col_serial_16x16_b4.v:19$2937: $auto$alumacc.cc:399:replace_macc$6615
  creating $macc cell for $flatten\g_row[7].u_tree.$add$/Users/toprakgundogdu/qwen-ffn-rom/rtl/ffn_col_serial_16x16_b4.v:19$2937: $auto$alumacc.cc:399:replace_macc$6616
  creating $macc cell for $flatten\g_row[15].u_tree.$add$/Users/toprakgundogdu/qwen-ffn-rom/rtl/ffn_col_serial_16x16_b4.v:19$2924: $auto$alumacc.cc:399:replace_macc$6617
  creating $macc cell for $flatten\g_row[1].u_tree.$add$/Users/toprakgundogdu/qwen-ffn-rom/rtl/ffn_col_serial_16x16_b4.v:19$2937: $auto$alumacc.cc:399:replace_macc$6618
  creating $macc cell for $flatten\g_row[14].u_tree.$add$/Users/toprakgundogdu/qwen-ffn-rom/rtl/ffn_col_serial_16x16_b4.v:19$2928: $auto$alumacc.cc:399:replace_macc$6619
  creating $macc cell for $flatten\g_row[12].u_tree.$add$/Users/toprakgundogdu/qwen-ffn-rom/rtl/ffn_col_serial_16x16_b4.v:19$2925: $auto$alumacc.cc:399:replace_macc$6620
  creating $macc cell for $flatten\g_row[7].u_tree.$add$/Users/toprakgundogdu/qwen-ffn-rom/rtl/ffn_col_serial_16x16_b4.v:19$2924: $auto$alumacc.cc:399:replace_macc$6621
  creating $macc cell for $flatten\g_row[11].u_tree.$add$/Users/toprakgundogdu/qwen-ffn-rom/rtl/ffn_col_serial_16x16_b4.v:19$2937: $auto$alumacc.cc:399:replace_macc$6622
  creating $macc cell for $flatten\g_row[15].u_tree.$add$/Users/toprakgundogdu/qwen-ffn-rom/rtl/ffn_col_serial_16x16_b4.v:19$2937: $auto$alumacc.cc:399:replace_macc$6623
  creating $macc cell for $flatten\g_row[3].u_tree.$add$/Users/toprakgundogdu/qwen-ffn-rom/rtl/ffn_col_serial_16x16_b4.v:19$2937: $auto$alumacc.cc:399:replace_macc$6624
  creating $macc cell for $flatten\g_row[4].u_tree.$add$/Users/toprakgundogdu/qwen-ffn-rom/rtl/ffn_col_serial_16x16_b4.v:19$2937: $auto$alumacc.cc:399:replace_macc$6625
  creating $macc cell for $flatten\g_row[14].u_tree.$add$/Users/toprakgundogdu/qwen-ffn-rom/rtl/ffn_col_serial_16x16_b4.v:19$2936: $auto$alumacc.cc:399:replace_macc$6626
  creating $macc cell for $flatten\g_row[13].u_tree.$add$/Users/toprakgundogdu/qwen-ffn-rom/rtl/ffn_col_serial_16x16_b4.v:19$2936: $auto$alumacc.cc:399:replace_macc$6627
  creating $macc cell for $flatten\g_row[5].u_tree.$add$/Users/toprakgundogdu/qwen-ffn-rom/rtl/ffn_col_serial_16x16_b4.v:19$2937: $auto$alumacc.cc:399:replace_macc$6628
  creating $macc cell for $flatten\g_row[8].u_tree.$add$/Users/toprakgundogdu/qwen-ffn-rom/rtl/ffn_col_serial_16x16_b4.v:19$2936: $auto$alumacc.cc:399:replace_macc$6629
  creating $macc cell for $flatten\g_row[9].u_tree.$add$/Users/toprakgundogdu/qwen-ffn-rom/rtl/ffn_col_serial_16x16_b4.v:19$2937: $auto$alumacc.cc:399:replace_macc$6630
  creating $macc cell for $add$/Users/toprakgundogdu/qwen-ffn-rom/rtl/ffn_col_serial_16x16_b4.v:93$4329: $auto$alumacc.cc:399:replace_macc$6631
  creating $macc cell for $flatten\g_row[2].u_tree.$add$/Users/toprakgundogdu/qwen-ffn-rom/rtl/ffn_col_serial_16x16_b4.v:19$2937: $auto$alumacc.cc:399:replace_macc$6632
  creating $macc cell for $flatten\g_row[6].u_tree.$add$/Users/toprakgundogdu/qwen-ffn-rom/rtl/ffn_col_serial_16x16_b4.v:19$2936: $auto$alumacc.cc:399:replace_macc$6633
  creating $macc cell for $flatten\g_row[10].u_tree.$add$/Users/toprakgundogdu/qwen-ffn-rom/rtl/ffn_col_serial_16x16_b4.v:19$2936: $auto$alumacc.cc:399:replace_macc$6634
  creating $macc cell for $flatten\g_row[13].u_tree.$add$/Users/toprakgundogdu/qwen-ffn-rom/rtl/ffn_col_serial_16x16_b4.v:19$2924: $auto$alumacc.cc:399:replace_macc$6635
  creating $alu cell for $neg$/Users/toprakgundogdu/qwen-ffn-rom/rtl/ffn_col_serial_16x16_b4.v:138$5706: $auto$alumacc.cc:548:replace_alu$6636
  creating $alu cell for $sub$/Users/toprakgundogdu/qwen-ffn-rom/rtl/ffn_col_serial_16x16_b4.v:85$3869: $auto$alumacc.cc:548:replace_alu$6639
  creating $alu cell for $neg$/Users/toprakgundogdu/qwen-ffn-rom/rtl/ffn_col_serial_16x16_b4.v:86$4060: $auto$alumacc.cc:548:replace_alu$6642
  creating $alu cell for $neg$/Users/toprakgundogdu/qwen-ffn-rom/rtl/ffn_col_serial_16x16_b4.v:138$5683: $auto$alumacc.cc:548:replace_alu$6645
  creating $alu cell for $neg$/Users/toprakgundogdu/qwen-ffn-rom/rtl/ffn_col_serial_16x16_b4.v:138$5660: $auto$alumacc.cc:548:replace_alu$6648
  creating $alu cell for $neg$/Users/toprakgundogdu/qwen-ffn-rom/rtl/ffn_col_serial_16x16_b4.v:138$5637: $auto$alumacc.cc:548:replace_alu$6651
  creating $alu cell for $sub$/Users/toprakgundogdu/qwen-ffn-rom/rtl/ffn_col_serial_16x16_b4.v:87$4413: $auto$alumacc.cc:548:replace_alu$6654
  creating $alu cell for $flatten\g_row[8].u_tree.$add$/Users/toprakgundogdu/qwen-ffn-rom/rtl/ffn_col_serial_16x16_b4.v:19$2925: $auto$alumacc.cc:548:replace_alu$6657
  creating $alu cell for $neg$/Users/toprakgundogdu/qwen-ffn-rom/rtl/ffn_col_serial_16x16_b4.v:138$5614: $auto$alumacc.cc:548:replace_alu$6660
  creating $alu cell for $flatten\g_row[4].u_tree.$add$/Users/toprakgundogdu/qwen-ffn-rom/rtl/ffn_col_serial_16x16_b4.v:19$2923: $auto$alumacc.cc:548:replace_alu$6663
  creating $alu cell for $neg$/Users/toprakgundogdu/qwen-ffn-rom/rtl/ffn_col_serial_16x16_b4.v:138$5591: $auto$alumacc.cc:548:replace_alu$6666
  creating $alu cell for $sub$/Users/toprakgundogdu/qwen-ffn-rom/rtl/ffn_col_serial_16x16_b4.v:85$4338: $auto$alumacc.cc:548:replace_alu$6669
  creating $alu cell for $neg$/Users/toprakgundogdu/qwen-ffn-rom/rtl/ffn_col_serial_16x16_b4.v:138$5568: $auto$alumacc.cc:548:replace_alu$6672
  creating $alu cell for $add$/Users/toprakgundogdu/qwen-ffn-rom/rtl/ffn_col_serial_16x16_b4.v:139$4179: $auto$alumacc.cc:548:replace_alu$6675
  creating $alu cell for $sub$/Users/toprakgundogdu/qwen-ffn-rom/rtl/ffn_col_serial_16x16_b4.v:83$4438: $auto$alumacc.cc:548:replace_alu$6678
  creating $alu cell for $neg$/Users/toprakgundogdu/qwen-ffn-rom/rtl/ffn_col_serial_16x16_b4.v:138$5545: $auto$alumacc.cc:548:replace_alu$6681
  creating $alu cell for $add$/Users/toprakgundogdu/qwen-ffn-rom/rtl/ffn_col_serial_16x16_b4.v:139$4430: $auto$alumacc.cc:548:replace_alu$6684
  creating $alu cell for $neg$/Users/toprakgundogdu/qwen-ffn-rom/rtl/ffn_col_serial_16x16_b4.v:138$5522: $auto$alumacc.cc:548:replace_alu$6687
  creating $alu cell for $flatten\g_row[1].u_tree.$add$/Users/toprakgundogdu/qwen-ffn-rom/rtl/ffn_col_serial_16x16_b4.v:19$2923: $auto$alumacc.cc:548:replace_alu$6690
  creating $alu cell for $add$/Users/toprakgundogdu/qwen-ffn-rom/rtl/ffn_col_serial_16x16_b4.v:97$4178: $auto$alumacc.cc:548:replace_alu$6693
  creating $alu cell for $neg$/Users/toprakgundogdu/qwen-ffn-rom/rtl/ffn_col_serial_16x16_b4.v:138$5499: $auto$alumacc.cc:548:replace_alu$6696
  creating $alu cell for $neg$/Users/toprakgundogdu/qwen-ffn-rom/rtl/ffn_col_serial_16x16_b4.v:138$5476: $auto$alumacc.cc:548:replace_alu$6699
  creating $alu cell for $add$/Users/toprakgundogdu/qwen-ffn-rom/rtl/ffn_col_serial_16x16_b4.v:93$4399: $auto$alumacc.cc:548:replace_alu$6702
  creating $alu cell for $neg$/Users/toprakgundogdu/qwen-ffn-rom/rtl/ffn_col_serial_16x16_b4.v:138$5453: $auto$alumacc.cc:548:replace_alu$6705
  creating $alu cell for $add$/Users/toprakgundogdu/qwen-ffn-rom/rtl/ffn_col_serial_16x16_b4.v:139$3946: $auto$alumacc.cc:548:replace_alu$6708
  creating $alu cell for $neg$/Users/toprakgundogdu/qwen-ffn-rom/rtl/ffn_col_serial_16x16_b4.v:138$5430: $auto$alumacc.cc:548:replace_alu$6711
  creating $alu cell for $add$/Users/toprakgundogdu/qwen-ffn-rom/rtl/ffn_col_serial_16x16_b4.v:175$3485: $auto$alumacc.cc:548:replace_alu$6714
  creating $alu cell for $flatten\g_row[0].u_tree.$add$/Users/toprakgundogdu/qwen-ffn-rom/rtl/ffn_col_serial_16x16_b4.v:19$2924: $auto$alumacc.cc:548:replace_alu$6717
  creating $alu cell for $neg$/Users/toprakgundogdu/qwen-ffn-rom/rtl/ffn_col_serial_16x16_b4.v:138$5407: $auto$alumacc.cc:548:replace_alu$6720
  creating $alu cell for $sub$/Users/toprakgundogdu/qwen-ffn-rom/rtl/ffn_col_serial_16x16_b4.v:87$3499: $auto$alumacc.cc:548:replace_alu$6723
  creating $alu cell for $sub$/Users/toprakgundogdu/qwen-ffn-rom/rtl/ffn_col_serial_16x16_b4.v:83$3519: $auto$alumacc.cc:548:replace_alu$6726
  creating $alu cell for $add$/Users/toprakgundogdu/qwen-ffn-rom/rtl/ffn_col_serial_16x16_b4.v:139$5354: $auto$alumacc.cc:548:replace_alu$6729
  creating $alu cell for $sub$/Users/toprakgundogdu/qwen-ffn-rom/rtl/ffn_col_serial_16x16_b4.v:84$4218: $auto$alumacc.cc:548:replace_alu$6732
  creating $alu cell for $sub$/Users/toprakgundogdu/qwen-ffn-rom/rtl/ffn_col_serial_16x16_b4.v:85$5353: $auto$alumacc.cc:548:replace_alu$6735
  creating $alu cell for $neg$/Users/toprakgundogdu/qwen-ffn-rom/rtl/ffn_col_serial_16x16_b4.v:85$5351: $auto$alumacc.cc:548:replace_alu$6738
  creating $alu cell for $flatten\g_row[9].u_tree.$add$/Users/toprakgundogdu/qwen-ffn-rom/rtl/ffn_col_serial_16x16_b4.v:19$2923: $auto$alumacc.cc:548:replace_alu$6741
  creating $alu cell for $sub$/Users/toprakgundogdu/qwen-ffn-rom/rtl/ffn_col_serial_16x16_b4.v:83$4381: $auto$alumacc.cc:548:replace_alu$6744
  creating $alu cell for $add$/Users/toprakgundogdu/qwen-ffn-rom/rtl/ffn_col_serial_16x16_b4.v:95$5329: $auto$alumacc.cc:548:replace_alu$6747
  creating $alu cell for $flatten\g_row[9].u_tree.$add$/Users/toprakgundogdu/qwen-ffn-rom/rtl/ffn_col_serial_16x16_b4.v:19$2925: $auto$alumacc.cc:548:replace_alu$6750
  creating $alu cell for $sub$/Users/toprakgundogdu/qwen-ffn-rom/rtl/ffn_col_serial_16x16_b4.v:85$5321: $auto$alumacc.cc:548:replace_alu$6753
  creating $alu cell for $neg$/Users/toprakgundogdu/qwen-ffn-rom/rtl/ffn_col_serial_16x16_b4.v:85$5319: $auto$alumacc.cc:548:replace_alu$6756
  creating $alu cell for $neg$/Users/toprakgundogdu/qwen-ffn-rom/rtl/ffn_col_serial_16x16_b4.v:89$5312: $auto$alumacc.cc:548:replace_alu$6759
  creating $alu cell for $add$/Users/toprakgundogdu/qwen-ffn-rom/rtl/ffn_col_serial_16x16_b4.v:93$5305: $auto$alumacc.cc:548:replace_alu$6762
  creating $alu cell for $neg$/Users/toprakgundogdu/qwen-ffn-rom/rtl/ffn_col_serial_16x16_b4.v:93$5303: $auto$alumacc.cc:548:replace_alu$6765
  creating $alu cell for $neg$/Users/toprakgundogdu/qwen-ffn-rom/rtl/ffn_col_serial_16x16_b4.v:89$5296: $auto$alumacc.cc:548:replace_alu$6768
  creating $alu cell for $neg$/Users/toprakgundogdu/qwen-ffn-rom/rtl/ffn_col_serial_16x16_b4.v:88$5289: $auto$alumacc.cc:548:replace_alu$6771
  creating $alu cell for $sub$/Users/toprakgundogdu/qwen-ffn-rom/rtl/ffn_col_serial_16x16_b4.v:83$3877: $auto$alumacc.cc:548:replace_alu$6774
  creating $alu cell for $neg$/Users/toprakgundogdu/qwen-ffn-rom/rtl/ffn_col_serial_16x16_b4.v:86$5281: $auto$alumacc.cc:548:replace_alu$6777
  creating $alu cell for $add$/Users/toprakgundogdu/qwen-ffn-rom/rtl/ffn_col_serial_16x16_b4.v:93$5273: $auto$alumacc.cc:548:replace_alu$6780
  creating $alu cell for $neg$/Users/toprakgundogdu/qwen-ffn-rom/rtl/ffn_col_serial_16x16_b4.v:93$5271: $auto$alumacc.cc:548:replace_alu$6783
  creating $alu cell for $sub$/Users/toprakgundogdu/qwen-ffn-rom/rtl/ffn_col_serial_16x16_b4.v:87$4458: $auto$alumacc.cc:548:replace_alu$6786
  creating $alu cell for $add$/Users/toprakgundogdu/qwen-ffn-rom/rtl/ffn_col_serial_16x16_b4.v:95$5258: $auto$alumacc.cc:548:replace_alu$6789
  creating $alu cell for $sub$/Users/toprakgundogdu/qwen-ffn-rom/rtl/ffn_col_serial_16x16_b4.v:83$5250: $auto$alumacc.cc:548:replace_alu$6792
  creating $alu cell for $neg$/Users/toprakgundogdu/qwen-ffn-rom/rtl/ffn_col_serial_16x16_b4.v:86$4019: $auto$alumacc.cc:548:replace_alu$6795
  creating $alu cell for $neg$/Users/toprakgundogdu/qwen-ffn-rom/rtl/ffn_col_serial_16x16_b4.v:88$5242: $auto$alumacc.cc:548:replace_alu$6798
  creating $alu cell for $neg$/Users/toprakgundogdu/qwen-ffn-rom/rtl/ffn_col_serial_16x16_b4.v:89$5234: $auto$alumacc.cc:548:replace_alu$6801
  creating $alu cell for $add$/Users/toprakgundogdu/qwen-ffn-rom/rtl/ffn_col_serial_16x16_b4.v:139$5227: $auto$alumacc.cc:548:replace_alu$6804
  creating $alu cell for $neg$/Users/toprakgundogdu/qwen-ffn-rom/rtl/ffn_col_serial_16x16_b4.v:89$5220: $auto$alumacc.cc:548:replace_alu$6807
  creating $alu cell for $add$/Users/toprakgundogdu/qwen-ffn-rom/rtl/ffn_col_serial_16x16_b4.v:139$3590: $auto$alumacc.cc:548:replace_alu$6810
  creating $alu cell for $neg$/Users/toprakgundogdu/qwen-ffn-rom/rtl/ffn_col_serial_16x16_b4.v:89$5170: $auto$alumacc.cc:548:replace_alu$6813
  creating $alu cell for $sub$/Users/toprakgundogdu/qwen-ffn-rom/rtl/ffn_col_serial_16x16_b4.v:83$5151: $auto$alumacc.cc:548:replace_alu$6816
  creating $alu cell for $add$/Users/toprakgundogdu/qwen-ffn-rom/rtl/ffn_col_serial_16x16_b4.v:93$5131: $auto$alumacc.cc:548:replace_alu$6819
  creating $alu cell for $add$/Users/toprakgundogdu/qwen-ffn-rom/rtl/ffn_col_serial_16x16_b4.v:139$5122: $auto$alumacc.cc:548:replace_alu$6822
  creating $alu cell for $add$/Users/toprakgundogdu/qwen-ffn-rom/rtl/ffn_col_serial_16x16_b4.v:96$4367: $auto$alumacc.cc:548:replace_alu$6825
  creating $alu cell for $neg$/Users/toprakgundogdu/qwen-ffn-rom/rtl/ffn_col_serial_16x16_b4.v:86$4045: $auto$alumacc.cc:548:replace_alu$6828
  creating $alu cell for $neg$/Users/toprakgundogdu/qwen-ffn-rom/rtl/ffn_col_serial_16x16_b4.v:89$5107: $auto$alumacc.cc:548:replace_alu$6831
  creating $alu cell for $add$/Users/toprakgundogdu/qwen-ffn-rom/rtl/ffn_col_serial_16x16_b4.v:93$4119: $auto$alumacc.cc:548:replace_alu$6834
  creating $alu cell for $add$/Users/toprakgundogdu/qwen-ffn-rom/rtl/ffn_col_serial_16x16_b4.v:93$5087: $auto$alumacc.cc:548:replace_alu$6837
  creating $alu cell for $neg$/Users/toprakgundogdu/qwen-ffn-rom/rtl/ffn_col_serial_16x16_b4.v:86$5071: $auto$alumacc.cc:548:replace_alu$6840
  creating $alu cell for $neg$/Users/toprakgundogdu/qwen-ffn-rom/rtl/ffn_col_serial_16x16_b4.v:89$5063: $auto$alumacc.cc:548:replace_alu$6843
  creating $alu cell for $add$/Users/toprakgundogdu/qwen-ffn-rom/rtl/ffn_col_serial_16x16_b4.v:93$5056: $auto$alumacc.cc:548:replace_alu$6846
  creating $alu cell for $flatten\g_row[6].u_tree.$add$/Users/toprakgundogdu/qwen-ffn-rom/rtl/ffn_col_serial_16x16_b4.v:19$2923: $auto$alumacc.cc:548:replace_alu$6849
  creating $alu cell for $flatten\g_row[2].u_tree.$add$/Users/toprakgundogdu/qwen-ffn-rom/rtl/ffn_col_serial_16x16_b4.v:19$2923: $auto$alumacc.cc:548:replace_alu$6852
  creating $alu cell for $add$/Users/toprakgundogdu/qwen-ffn-rom/rtl/ffn_col_serial_16x16_b4.v:93$5035: $auto$alumacc.cc:548:replace_alu$6855
  creating $alu cell for $neg$/Users/toprakgundogdu/qwen-ffn-rom/rtl/ffn_col_serial_16x16_b4.v:93$5033: $auto$alumacc.cc:548:replace_alu$6858
  creating $alu cell for $sub$/Users/toprakgundogdu/qwen-ffn-rom/rtl/ffn_col_serial_16x16_b4.v:83$3990: $auto$alumacc.cc:548:replace_alu$6861
  creating $alu cell for $neg$/Users/toprakgundogdu/qwen-ffn-rom/rtl/ffn_col_serial_16x16_b4.v:86$5018: $auto$alumacc.cc:548:replace_alu$6864
  creating $alu cell for $sub$/Users/toprakgundogdu/qwen-ffn-rom/rtl/ffn_col_serial_16x16_b4.v:85$5010: $auto$alumacc.cc:548:replace_alu$6867
  creating $alu cell for $add$/Users/toprakgundogdu/qwen-ffn-rom/rtl/ffn_col_serial_16x16_b4.v:139$3700: $auto$alumacc.cc:548:replace_alu$6870
  creating $alu cell for $sub$/Users/toprakgundogdu/qwen-ffn-rom/rtl/ffn_col_serial_16x16_b4.v:84$3730: $auto$alumacc.cc:548:replace_alu$6873
  creating $alu cell for $add$/Users/toprakgundogdu/qwen-ffn-rom/rtl/ffn_col_serial_16x16_b4.v:139$5001: $auto$alumacc.cc:548:replace_alu$6876
  creating $alu cell for $neg$/Users/toprakgundogdu/qwen-ffn-rom/rtl/ffn_col_serial_16x16_b4.v:89$4345: $auto$alumacc.cc:548:replace_alu$6879
  creating $alu cell for $neg$/Users/toprakgundogdu/qwen-ffn-rom/rtl/ffn_col_serial_16x16_b4.v:88$5000: $auto$alumacc.cc:548:replace_alu$6882
  creating $alu cell for $neg$/Users/toprakgundogdu/qwen-ffn-rom/rtl/ffn_col_serial_16x16_b4.v:86$4992: $auto$alumacc.cc:548:replace_alu$6885
  creating $alu cell for $neg$/Users/toprakgundogdu/qwen-ffn-rom/rtl/ffn_col_serial_16x16_b4.v:88$4984: $auto$alumacc.cc:548:replace_alu$6888
  creating $alu cell for $add$/Users/toprakgundogdu/qwen-ffn-rom/rtl/ffn_col_serial_16x16_b4.v:93$4429: $auto$alumacc.cc:548:replace_alu$6891
  creating $alu cell for $add$/Users/toprakgundogdu/qwen-ffn-rom/rtl/ffn_col_serial_16x16_b4.v:93$4976: $auto$alumacc.cc:548:replace_alu$6894
  creating $alu cell for $neg$/Users/toprakgundogdu/qwen-ffn-rom/rtl/ffn_col_serial_16x16_b4.v:86$3745: $auto$alumacc.cc:548:replace_alu$6897
  creating $alu cell for $neg$/Users/toprakgundogdu/qwen-ffn-rom/rtl/ffn_col_serial_16x16_b4.v:93$4974: $auto$alumacc.cc:548:replace_alu$6900
  creating $alu cell for $add$/Users/toprakgundogdu/qwen-ffn-rom/rtl/ffn_col_serial_16x16_b4.v:96$4967: $auto$alumacc.cc:548:replace_alu$6903
  creating $alu cell for $neg$/Users/toprakgundogdu/qwen-ffn-rom/rtl/ffn_col_serial_16x16_b4.v:96$4965: $auto$alumacc.cc:548:replace_alu$6906
  creating $alu cell for $sub$/Users/toprakgundogdu/qwen-ffn-rom/rtl/ffn_col_serial_16x16_b4.v:84$3760: $auto$alumacc.cc:548:replace_alu$6909
  creating $alu cell for $sub$/Users/toprakgundogdu/qwen-ffn-rom/rtl/ffn_col_serial_16x16_b4.v:85$3769: $auto$alumacc.cc:548:replace_alu$6912
  creating $alu cell for $neg$/Users/toprakgundogdu/qwen-ffn-rom/rtl/ffn_col_serial_16x16_b4.v:86$4910: $auto$alumacc.cc:548:replace_alu$6915
  creating $alu cell for $add$/Users/toprakgundogdu/qwen-ffn-rom/rtl/ffn_col_serial_16x16_b4.v:97$4890: $auto$alumacc.cc:548:replace_alu$6918
  creating $alu cell for $add$/Users/toprakgundogdu/qwen-ffn-rom/rtl/ffn_col_serial_16x16_b4.v:95$3777: $auto$alumacc.cc:548:replace_alu$6921
  creating $alu cell for $add$/Users/toprakgundogdu/qwen-ffn-rom/rtl/ffn_col_serial_16x16_b4.v:139$4881: $auto$alumacc.cc:548:replace_alu$6924
  creating $alu cell for $neg$/Users/toprakgundogdu/qwen-ffn-rom/rtl/ffn_col_serial_16x16_b4.v:88$4873: $auto$alumacc.cc:548:replace_alu$6927
  creating $alu cell for $neg$/Users/toprakgundogdu/qwen-ffn-rom/rtl/ffn_col_serial_16x16_b4.v:138$5752: $auto$alumacc.cc:548:replace_alu$6930
  creating $alu cell for $sub$/Users/toprakgundogdu/qwen-ffn-rom/rtl/ffn_col_serial_16x16_b4.v:87$3785: $auto$alumacc.cc:548:replace_alu$6933
  creating $alu cell for $sub$/Users/toprakgundogdu/qwen-ffn-rom/rtl/ffn_col_serial_16x16_b4.v:85$4262: $auto$alumacc.cc:548:replace_alu$6936
  creating $alu cell for $add$/Users/toprakgundogdu/qwen-ffn-rom/rtl/ffn_col_serial_16x16_b4.v:97$3802: $auto$alumacc.cc:548:replace_alu$6939
  creating $alu cell for $add$/Users/toprakgundogdu/qwen-ffn-rom/rtl/ffn_col_serial_16x16_b4.v:139$4303: $auto$alumacc.cc:548:replace_alu$6942
  creating $alu cell for $add$/Users/toprakgundogdu/qwen-ffn-rom/rtl/ffn_col_serial_16x16_b4.v:97$4835: $auto$alumacc.cc:548:replace_alu$6945
  creating $alu cell for $sub$/Users/toprakgundogdu/qwen-ffn-rom/rtl/ffn_col_serial_16x16_b4.v:84$4149: $auto$alumacc.cc:548:replace_alu$6948
  creating $alu cell for $sub$/Users/toprakgundogdu/qwen-ffn-rom/rtl/ffn_col_serial_16x16_b4.v:87$4787: $auto$alumacc.cc:548:replace_alu$6951
  creating $alu cell for $neg$/Users/toprakgundogdu/qwen-ffn-rom/rtl/ffn_col_serial_16x16_b4.v:89$4779: $auto$alumacc.cc:548:replace_alu$6954
  creating $alu cell for $add$/Users/toprakgundogdu/qwen-ffn-rom/rtl/ffn_col_serial_16x16_b4.v:139$4766: $auto$alumacc.cc:548:replace_alu$6957
  creating $alu cell for $sub$/Users/toprakgundogdu/qwen-ffn-rom/rtl/ffn_col_serial_16x16_b4.v:87$4239: $auto$alumacc.cc:548:replace_alu$6960
  creating $alu cell for $neg$/Users/toprakgundogdu/qwen-ffn-rom/rtl/ffn_col_serial_16x16_b4.v:88$4745: $auto$alumacc.cc:548:replace_alu$6963
  creating $alu cell for $add$/Users/toprakgundogdu/qwen-ffn-rom/rtl/ffn_col_serial_16x16_b4.v:95$3891: $auto$alumacc.cc:548:replace_alu$6966
  creating $alu cell for $sub$/Users/toprakgundogdu/qwen-ffn-rom/rtl/ffn_col_serial_16x16_b4.v:87$4718: $auto$alumacc.cc:548:replace_alu$6969
  creating $alu cell for $sub$/Users/toprakgundogdu/qwen-ffn-rom/rtl/ffn_col_serial_16x16_b4.v:83$4710: $auto$alumacc.cc:548:replace_alu$6972
  creating $alu cell for $neg$/Users/toprakgundogdu/qwen-ffn-rom/rtl/ffn_col_serial_16x16_b4.v:88$4497: $auto$alumacc.cc:548:replace_alu$6975
  creating $alu cell for $sub$/Users/toprakgundogdu/qwen-ffn-rom/rtl/ffn_col_serial_16x16_b4.v:87$4702: $auto$alumacc.cc:548:replace_alu$6978
  creating $alu cell for $add$/Users/toprakgundogdu/qwen-ffn-rom/rtl/ffn_col_serial_16x16_b4.v:139$3823: $auto$alumacc.cc:548:replace_alu$6981
  creating $alu cell for $neg$/Users/toprakgundogdu/qwen-ffn-rom/rtl/ffn_col_serial_16x16_b4.v:138$5729: $auto$alumacc.cc:548:replace_alu$6984
  creating $alu cell for $flatten\g_row[5].u_tree.$add$/Users/toprakgundogdu/qwen-ffn-rom/rtl/ffn_col_serial_16x16_b4.v:19$2924: $auto$alumacc.cc:548:replace_alu$6987
  creating $alu cell for $add$/Users/toprakgundogdu/qwen-ffn-rom/rtl/ffn_col_serial_16x16_b4.v:139$4061: $auto$alumacc.cc:548:replace_alu$6990
  creating $alu cell for $neg$/Users/toprakgundogdu/qwen-ffn-rom/rtl/ffn_col_serial_16x16_b4.v:86$4659: $auto$alumacc.cc:548:replace_alu$6993
  creating $alu cell for $neg$/Users/toprakgundogdu/qwen-ffn-rom/rtl/ffn_col_serial_16x16_b4.v:88$3860: $auto$alumacc.cc:548:replace_alu$6996
  creating $alu cell for $add$/Users/toprakgundogdu/qwen-ffn-rom/rtl/ffn_col_serial_16x16_b4.v:139$4651: $auto$alumacc.cc:548:replace_alu$6999
  creating $alu cell for $add$/Users/toprakgundogdu/qwen-ffn-rom/rtl/ffn_col_serial_16x16_b4.v:95$4850: $auto$alumacc.cc:548:replace_alu$7002
  creating $alu cell for $sub$/Users/toprakgundogdu/qwen-ffn-rom/rtl/ffn_col_serial_16x16_b4.v:87$4512: $auto$alumacc.cc:548:replace_alu$7005
  creating $alu cell for $add$/Users/toprakgundogdu/qwen-ffn-rom/rtl/ffn_col_serial_16x16_b4.v:93$4636: $auto$alumacc.cc:548:replace_alu$7008
  creating $alu cell for $sub$/Users/toprakgundogdu/qwen-ffn-rom/rtl/ffn_col_serial_16x16_b4.v:87$3954: $auto$alumacc.cc:548:replace_alu$7011
  creating $alu cell for $flatten\g_row[3].u_tree.$add$/Users/toprakgundogdu/qwen-ffn-rom/rtl/ffn_col_serial_16x16_b4.v:19$2923: $auto$alumacc.cc:548:replace_alu$7014
  creating $alu cell for $add$/Users/toprakgundogdu/qwen-ffn-rom/rtl/ffn_col_serial_16x16_b4.v:96$3930: $auto$alumacc.cc:548:replace_alu$7017
  creating $alu cell for $neg$/Users/toprakgundogdu/qwen-ffn-rom/rtl/ffn_col_serial_16x16_b4.v:86$4004: $auto$alumacc.cc:548:replace_alu$7020
  creating $alu cell for $sub$/Users/toprakgundogdu/qwen-ffn-rom/rtl/ffn_col_serial_16x16_b4.v:87$5344: $auto$alumacc.cc:548:replace_alu$7023
  creating $alu cell for $add$/Users/toprakgundogdu/qwen-ffn-rom/rtl/ffn_col_serial_16x16_b4.v:95$3938: $auto$alumacc.cc:548:replace_alu$7026
  creating $alu cell for $sub$/Users/toprakgundogdu/qwen-ffn-rom/rtl/ffn_col_serial_16x16_b4.v:83$4611: $auto$alumacc.cc:548:replace_alu$7029
  creating $alu cell for $add$/Users/toprakgundogdu/qwen-ffn-rom/rtl/ffn_col_serial_16x16_b4.v:97$4296: $auto$alumacc.cc:548:replace_alu$7032
  creating $alu cell for $add$/Users/toprakgundogdu/qwen-ffn-rom/rtl/ffn_col_serial_16x16_b4.v:139$4538: $auto$alumacc.cc:548:replace_alu$7035
  creating $alu cell for $neg$/Users/toprakgundogdu/qwen-ffn-rom/rtl/ffn_col_serial_16x16_b4.v:88$4565: $auto$alumacc.cc:548:replace_alu$7038
  created 135 $alu and 24 $macc cells.

7.13. Executing SHARE pass (SAT-based resource sharing).
Found 16 cells in module ffn_col_serial that may be considered for resource sharing.
  Analyzing resource sharing options for $sshl$/Users/toprakgundogdu/qwen-ffn-rom/rtl/ffn_col_serial_16x16_b4.v:138$5730 ($sshl):
    Cell is always active. Therefore no sharing is possible.
  Analyzing resource sharing options for $sshl$/Users/toprakgundogdu/qwen-ffn-rom/rtl/ffn_col_serial_16x16_b4.v:138$5753 ($sshl):
    Cell is always active. Therefore no sharing is possible.
  Analyzing resource sharing options for $sshl$/Users/toprakgundogdu/qwen-ffn-rom/rtl/ffn_col_serial_16x16_b4.v:138$5408 ($sshl):
    Cell is always active. Therefore no sharing is possible.
  Analyzing resource sharing options for $sshl$/Users/toprakgundogdu/qwen-ffn-rom/rtl/ffn_col_serial_16x16_b4.v:138$5431 ($sshl):
    Cell is always active. Therefore no sharing is possible.
  Analyzing resource sharing options for $sshl$/Users/toprakgundogdu/qwen-ffn-rom/rtl/ffn_col_serial_16x16_b4.v:138$5454 ($sshl):
    Cell is always active. Therefore no sharing is possible.
  Analyzing resource sharing options for $sshl$/Users/toprakgundogdu/qwen-ffn-rom/rtl/ffn_col_serial_16x16_b4.v:138$5477 ($sshl):
    Cell is always active. Therefore no sharing is possible.
  Analyzing resource sharing options for $sshl$/Users/toprakgundogdu/qwen-ffn-rom/rtl/ffn_col_serial_16x16_b4.v:138$5500 ($sshl):
    Cell is always active. Therefore no sharing is possible.
  Analyzing resource sharing options for $sshl$/Users/toprakgundogdu/qwen-ffn-rom/rtl/ffn_col_serial_16x16_b4.v:138$5523 ($sshl):
    Cell is always active. Therefore no sharing is possible.
  Analyzing resource sharing options for $sshl$/Users/toprakgundogdu/qwen-ffn-rom/rtl/ffn_col_serial_16x16_b4.v:138$5546 ($sshl):
    Cell is always active. Therefore no sharing is possible.
  Analyzing resource sharing options for $sshl$/Users/toprakgundogdu/qwen-ffn-rom/rtl/ffn_col_serial_16x16_b4.v:138$5569 ($sshl):
    Cell is always active. Therefore no sharing is possible.
  Analyzing resource sharing options for $sshl$/Users/toprakgundogdu/qwen-ffn-rom/rtl/ffn_col_serial_16x16_b4.v:138$5592 ($sshl):
    Cell is always active. Therefore no sharing is possible.
  Analyzing resource sharing options for $sshl$/Users/toprakgundogdu/qwen-ffn-rom/rtl/ffn_col_serial_16x16_b4.v:138$5615 ($sshl):
    Cell is always active. Therefore no sharing is possible.
  Analyzing resource sharing options for $sshl$/Users/toprakgundogdu/qwen-ffn-rom/rtl/ffn_col_serial_16x16_b4.v:138$5638 ($sshl):
    Cell is always active. Therefore no sharing is possible.
  Analyzing resource sharing options for $sshl$/Users/toprakgundogdu/qwen-ffn-rom/rtl/ffn_col_serial_16x16_b4.v:138$5661 ($sshl):
    Cell is always active. Therefore no sharing is possible.
  Analyzing resource sharing options for $sshl$/Users/toprakgundogdu/qwen-ffn-rom/rtl/ffn_col_serial_16x16_b4.v:138$5684 ($sshl):
    Cell is always active. Therefore no sharing is possible.
  Analyzing resource sharing options for $sshl$/Users/toprakgundogdu/qwen-ffn-rom/rtl/ffn_col_serial_16x16_b4.v:138$5707 ($sshl):
    Cell is always active. Therefore no sharing is possible.

7.14. Executing OPT pass (performing simple optimizations).

7.14.1. Executing OPT_EXPR pass (perform const folding).
Optimizing module ffn_col_serial.

7.14.2. Executing OPT_MERGE pass (detect identical cells).
Finding identical cells in module `\ffn_col_serial'.
Computing hashes of 453 cells of `\ffn_col_serial'.
Finding duplicate cells in `\ffn_col_serial'.
Removed a total of 0 cells.

7.14.3. Executing OPT_MUXTREE pass (detect dead branches in mux trees).
Running muxtree optimizer on module \ffn_col_serial..
  Creating internal representation of mux trees.
  Evaluating internal representation of mux trees.
  Analyzing evaluation results.
Removed 0 multiplexer ports.
<suppressed ~92 debug messages>

7.14.4. Executing OPT_REDUCE pass (consolidate $*mux and $reduce_* inputs).
  Optimizing cells in module \ffn_col_serial.
Performed a total of 0 changes.

7.14.5. Executing OPT_MERGE pass (detect identical cells).
Finding identical cells in module `\ffn_col_serial'.
Computing hashes of 453 cells of `\ffn_col_serial'.
Finding duplicate cells in `\ffn_col_serial'.
Removed a total of 0 cells.

7.14.6. Executing OPT_DFF pass (perform DFF optimizations).

7.14.7. Executing OPT_CLEAN pass (remove unused cells and wires).
Finding unused cells or wires in module \ffn_col_serial..
Removed 162 unused cells and 162 unused wires.
<suppressed ~163 debug messages>

7.14.8. Executing OPT_EXPR pass (perform const folding).
Optimizing module ffn_col_serial.

7.14.9. Rerunning OPT passes. (Maybe there is more to do..)

7.14.10. Executing OPT_MUXTREE pass (detect dead branches in mux trees).
Running muxtree optimizer on module \ffn_col_serial..
  Creating internal representation of mux trees.
  Evaluating internal representation of mux trees.
  Analyzing evaluation results.
Removed 0 multiplexer ports.
<suppressed ~92 debug messages>

7.14.11. Executing OPT_REDUCE pass (consolidate $*mux and $reduce_* inputs).
  Optimizing cells in module \ffn_col_serial.
Performed a total of 0 changes.

7.14.12. Executing OPT_MERGE pass (detect identical cells).
Finding identical cells in module `\ffn_col_serial'.
Computing hashes of 291 cells of `\ffn_col_serial'.
Finding duplicate cells in `\ffn_col_serial'.
Removed a total of 0 cells.

7.14.13. Executing OPT_DFF pass (perform DFF optimizations).

7.14.14. Executing OPT_CLEAN pass (remove unused cells and wires).
Finding unused cells or wires in module \ffn_col_serial..

7.14.15. Executing OPT_EXPR pass (perform const folding).
Optimizing module ffn_col_serial.

7.14.16. Finished fast OPT passes. (There is nothing left to do.)

7.15. Executing MEMORY pass.

7.15.1. Executing OPT_MEM pass (optimize memories).
Performed a total of 0 transformations.

7.15.2. Executing OPT_MEM_PRIORITY pass (removing unnecessary memory write priority relations).
Performed a total of 0 transformations.

7.15.3. Executing OPT_MEM_FEEDBACK pass (finding memory read-to-write feedback paths).

7.15.4. Executing MEMORY_BMUX2ROM pass (converting muxes to ROMs).

7.15.5. Executing MEMORY_DFF pass (merging $dff cells to $memrd).

7.15.6. Executing OPT_CLEAN pass (remove unused cells and wires).
Finding unused cells or wires in module \ffn_col_serial..

7.15.7. Executing MEMORY_SHARE pass (consolidating $memrd/$memwr cells).

7.15.8. Executing OPT_MEM_WIDEN pass (optimize memories where all ports are wide).
Performed a total of 0 transformations.

7.15.9. Executing OPT_CLEAN pass (remove unused cells and wires).
Finding unused cells or wires in module \ffn_col_serial..

7.15.10. Executing MEMORY_COLLECT pass (generating $mem cells).

7.16. Executing OPT_CLEAN pass (remove unused cells and wires).
Finding unused cells or wires in module \ffn_col_serial..

7.17. Executing OPT pass (performing simple optimizations).

7.17.1. Executing OPT_EXPR pass (perform const folding).
Optimizing module ffn_col_serial.
<suppressed ~150 debug messages>

7.17.2. Executing OPT_MERGE pass (detect identical cells).
Finding identical cells in module `\ffn_col_serial'.
Computing hashes of 318 cells of `\ffn_col_serial'.
Finding duplicate cells in `\ffn_col_serial'.
Computing hashes of 305 cells of `\ffn_col_serial'.
Finding duplicate cells in `\ffn_col_serial'.
<suppressed ~45 debug messages>
Removed a total of 13 cells.

7.17.3. Executing OPT_DFF pass (perform DFF optimizations).

7.17.4. Executing OPT_CLEAN pass (remove unused cells and wires).
Finding unused cells or wires in module \ffn_col_serial..
Removed 28 unused cells and 96 unused wires.
<suppressed ~31 debug messages>

7.17.5. Finished fast OPT passes.

7.18. Executing MEMORY_MAP pass (converting memories to logic and flip-flops).

7.19. Executing OPT pass (performing simple optimizations).

7.19.1. Executing OPT_EXPR pass (perform const folding).
Optimizing module ffn_col_serial.

7.19.2. Executing OPT_MERGE pass (detect identical cells).
Finding identical cells in module `\ffn_col_serial'.
Computing hashes of 275 cells of `\ffn_col_serial'.
Finding duplicate cells in `\ffn_col_serial'.
Removed a total of 0 cells.

7.19.3. Executing OPT_MUXTREE pass (detect dead branches in mux trees).
Running muxtree optimizer on module \ffn_col_serial..
  Creating internal representation of mux trees.
  Evaluating internal representation of mux trees.
  Analyzing evaluation results.
Removed 0 multiplexer ports.
<suppressed ~68 debug messages>

7.19.4. Executing OPT_REDUCE pass (consolidate $*mux and $reduce_* inputs).
  Optimizing cells in module \ffn_col_serial.
Performed a total of 0 changes.

7.19.5. Executing OPT_MERGE pass (detect identical cells).
Finding identical cells in module `\ffn_col_serial'.
Computing hashes of 275 cells of `\ffn_col_serial'.
Finding duplicate cells in `\ffn_col_serial'.
Removed a total of 0 cells.

7.19.6. Executing OPT_SHARE pass.

7.19.7. Executing OPT_DFF pass (perform DFF optimizations).

7.19.8. Executing OPT_CLEAN pass (remove unused cells and wires).
Finding unused cells or wires in module \ffn_col_serial..

7.19.9. Executing OPT_EXPR pass (perform const folding).
Optimizing module ffn_col_serial.

7.19.10. Finished fast OPT passes. (There is nothing left to do.)

7.20. Executing TECHMAP pass (map to technology primitives).

7.20.1. Executing Verilog-2005 frontend: /opt/homebrew/bin/../share/yosys/techmap.v
Parsing Verilog input from `/opt/homebrew/bin/../share/yosys/techmap.v' to AST representation.
Generating RTLIL representation for module `\_90_simplemap_bool_ops'.
Generating RTLIL representation for module `\_90_simplemap_reduce_ops'.
Generating RTLIL representation for module `\_90_simplemap_logic_ops'.
Generating RTLIL representation for module `\_90_simplemap_compare_ops'.
Generating RTLIL representation for module `\_90_simplemap_various'.
Generating RTLIL representation for module `\_90_simplemap_registers'.
Generating RTLIL representation for module `\_90_shift_ops_shr_shl_sshl_sshr'.
Generating RTLIL representation for module `\_90_shift_shiftx'.
Generating RTLIL representation for module `\_90_fa'.
Generating RTLIL representation for module `\_90_lcu_brent_kung'.
Generating RTLIL representation for module `\_90_alu'.
Generating RTLIL representation for module `\_90_macc'.
Generating RTLIL representation for module `\_90_alumacc'.
Generating RTLIL representation for module `$__div_mod_u'.
Generating RTLIL representation for module `$__div_mod_trunc'.
Generating RTLIL representation for module `\_90_div'.
Generating RTLIL representation for module `\_90_mod'.
Generating RTLIL representation for module `$__div_mod_floor'.
Generating RTLIL representation for module `\_90_divfloor'.
Generating RTLIL representation for module `\_90_modfloor'.
Generating RTLIL representation for module `\_90_pow'.
Generating RTLIL representation for module `\_90_demux'.
Generating RTLIL representation for module `\_90_lut'.
Generating RTLIL representation for module `$connect'.
Generating RTLIL representation for module `$input_port'.
Successfully finished Verilog frontend.

7.20.2. Continuing TECHMAP pass.
Using template $paramod$constmap:8876c1e1fa289f4793438d4e34d232728e6a9746$paramod$92adee9538f2381d8e5006822c900eb986d754e8\_90_shift_shiftx for cells of type $shiftx.
Using template $paramod$da036cb3e862669e6081ec8a5fdc3a68dbfcb8a1\_90_alu for cells of type $alu.
Using template $paramod$2653f68ddb8eab7b1907b4a20767b72a824a7a36\_90_alu for cells of type $alu.
Using template $paramod$f34a3bb241e8d53918bae4d9e2d0f13b50a66ce8\_90_alu for cells of type $alu.
Using template $paramod$db789303b8a1a9b093729b2a4cb5c326f80829a8\_90_alu for cells of type $alu.
Using template $paramod$025d767fc934a3e7d59a671de523743ebaa07759\_90_alu for cells of type $alu.
Using template $paramod$ef8fb1849064cca7dc908988762d3374786d9fdb\_90_alu for cells of type $alu.
Using template $paramod$d71e78c383ecb4ef2745a6cd842cc5a0561701e1\_90_alu for cells of type $alu.
Using template $paramod$b1ed770e5c6a32495d5bf09fda6cf0327bb52128\_90_alu for cells of type $alu.
Using template $paramod$b31eb8a6c10420cdae9968623cbb145a4ad8941f\_90_alu for cells of type $alu.
Using template $paramod$constmap:066bf071a15ef51eaedae4a809cba610688ba64f$paramod$663c3c760c39e9b48a58369918a466c54bd17fcd\_90_shift_ops_shr_shl_sshl_sshr for cells of type $sshl.
Using template $paramod$c6baa65225090ac0a120feab1b920965244aa496\_90_alu for cells of type $alu.
Using template $paramod$f969c13a21667a9c7a4135f0c027e5d916b33590\_90_alu for cells of type $alu.
Using template $paramod$a187183e14213906248dd2c67fa1640ea1a8d288\_90_alu for cells of type $alu.
Using template $paramod$7b0e0d4f93b53b63777c5caeb0626c06ec5b4597\_90_alu for cells of type $alu.
Using template $paramod$dea6de4c533ae1feae8b721c3e9fa29e141e7d5c\_90_alu for cells of type $alu.
Using template $paramod$3ef7d3dd227da7627a99c5e5a6a4deb817573e39\_90_alu for cells of type $alu.
Using template $paramod$6f967e2009413999812e399dce834a064bee2494\_90_alu for cells of type $alu.
Using template $paramod$5346be46bc64d9c1e4efd2cfe90953afc2b336c6\_90_alu for cells of type $alu.
Using extmapper maccmap for cells of type $macc_v2.
  add { \csd_mul4$func$/Users/toprakgundogdu/qwen-ffn-rom/rtl/ffn_col_serial_16x16_b4.v:129$3159.$result [11:2] \csd_mul4$func$/Users/toprakgundogdu/qwen-ffn-rom/rtl/ffn_col_serial_16x16_b4.v:129$2972.$result [1:0] } (12 bits, signed)
  add { \csd_mul4$func$/Users/toprakgundogdu/qwen-ffn-rom/rtl/ffn_col_serial_16x16_b4.v:129$3161.$result [4:1] \g_row[0].g_col[2].p_raw } (5 bits, signed)
  add \csd_mul4$func$/Users/toprakgundogdu/qwen-ffn-rom/rtl/ffn_col_serial_16x16_b4.v:129$3058.$result (12 bits, signed)
  add $flatten\g_row[10].u_tree.$add$/Users/toprakgundogdu/qwen-ffn-rom/rtl/ffn_col_serial_16x16_b4.v:19$2924_Y [13:0] (14 bits, signed)
  add \csd_mul4$func$/Users/toprakgundogdu/qwen-ffn-rom/rtl/ffn_col_serial_16x16_b4.v:129$3105.$result (12 bits, signed)
  add { 1'0 \g_row[0].g_col[13].p_raw } (2 bits, signed)
  add \csd_mul4$func$/Users/toprakgundogdu/qwen-ffn-rom/rtl/ffn_col_serial_16x16_b4.v:129$3052.$result (12 bits, signed)
  add \csd_mul4$func$/Users/toprakgundogdu/qwen-ffn-rom/rtl/ffn_col_serial_16x16_b4.v:129$3117.$result (12 bits, signed)
  add { \csd_mul4$func$/Users/toprakgundogdu/qwen-ffn-rom/rtl/ffn_col_serial_16x16_b4.v:129$3116.$result [3:1] \g_row[12].g_col[8].p_raw } (4 bits, signed)
  add { \csd_mul4$func$/Users/toprakgundogdu/qwen-ffn-rom/rtl/ffn_col_serial_16x16_b4.v:129$3115.$result [4:1] \g_row[0].g_col[7].p_raw } (5 bits, signed)
  add { \csd_mul4$func$/Users/toprakgundogdu/qwen-ffn-rom/rtl/ffn_col_serial_16x16_b4.v:129$3114.$result [3:1] \g_row[0].g_col[6].p_raw } (4 bits, signed)
  add { 1'0 \g_row[13].g_col[4].p_raw 1'0 } (3 bits, signed)
  add { 1'0 \g_row[0].g_col[3].p_raw } (2 bits, signed)
  packed 4 (3) bits / 2 words into adder tree
  add { $flatten\g_row[6].u_tree.$add$/Users/toprakgundogdu/qwen-ffn-rom/rtl/ffn_col_serial_16x16_b4.v:19$2923_Y [12:1] \csd_mul4$func$/Users/toprakgundogdu/qwen-ffn-rom/rtl/ffn_col_serial_16x16_b4.v:129$2972.$result [0] } (13 bits, signed)
  add { \csd_mul4$func$/Users/toprakgundogdu/qwen-ffn-rom/rtl/ffn_col_serial_16x16_b4.v:129$3054.$result [11:3] \csd_mul4$func$/Users/toprakgundogdu/qwen-ffn-rom/rtl/ffn_col_serial_16x16_b4.v:129$2986.$result [2:0] } (12 bits, signed)
  add { \csd_mul4$func$/Users/toprakgundogdu/qwen-ffn-rom/rtl/ffn_col_serial_16x16_b4.v:129$3053.$result [11:2] \csd_mul4$func$/Users/toprakgundogdu/qwen-ffn-rom/rtl/ffn_col_serial_16x16_b4.v:129$2985.$result [1:0] } (12 bits, signed)
  add \csd_mul4$func$/Users/toprakgundogdu/qwen-ffn-rom/rtl/ffn_col_serial_16x16_b4.v:129$3052.$result (12 bits, signed)
  add \csd_mul4$func$/Users/toprakgundogdu/qwen-ffn-rom/rtl/ffn_col_serial_16x16_b4.v:129$3051.$result (12 bits, signed)
  add { \csd_mul4$func$/Users/toprakgundogdu/qwen-ffn-rom/rtl/ffn_col_serial_16x16_b4.v:129$3050.$result [11:2] \csd_mul4$func$/Users/toprakgundogdu/qwen-ffn-rom/rtl/ffn_col_serial_16x16_b4.v:129$3135.$result [1:0] } (12 bits, signed)
  add { 1'0 \g_row[0].g_col[9].p_raw 1'0 } (3 bits, signed)
  add { 1'0 \g_row[12].g_col[8].p_raw 1'0 } (3 bits, signed)
  add { \csd_mul4$func$/Users/toprakgundogdu/qwen-ffn-rom/rtl/ffn_col_serial_16x16_b4.v:129$2979.$result [4:2] \g_row[0].g_col[7].p_raw } (4 bits, signed)
  add \csd_mul4$func$/Users/toprakgundogdu/qwen-ffn-rom/rtl/ffn_col_serial_16x16_b4.v:129$3046.$result (12 bits, signed)
  add { 1'0 \g_row[6].g_col[5].p_raw } (2 bits, signed)
  add { \csd_mul4$func$/Users/toprakgundogdu/qwen-ffn-rom/rtl/ffn_col_serial_16x16_b4.v:129$3044.$result [4:2] \g_row[13].g_col[4].p_raw 1'0 } (5 bits, signed)
  add { \csd_mul4$func$/Users/toprakgundogdu/qwen-ffn-rom/rtl/ffn_col_serial_16x16_b4.v:129$2975.$result [4:2] \g_row[0].g_col[3].p_raw } (4 bits, signed)
  add { 1'0 \g_row[0].g_col[2].p_raw } (2 bits, signed)
  packed 5 (3) bits / 2 words into adder tree
  add { $flatten\g_row[2].u_tree.$add$/Users/toprakgundogdu/qwen-ffn-rom/rtl/ffn_col_serial_16x16_b4.v:19$2923_Y [12:2] \csd_mul4$func$/Users/toprakgundogdu/qwen-ffn-rom/rtl/ffn_col_serial_16x16_b4.v:129$2972.$result [1:0] } (13 bits, signed)
  add { 1'0 \g_row[2].g_col[15].p_raw } (2 bits, signed)
  add \csd_mul4$func$/Users/toprakgundogdu/qwen-ffn-rom/rtl/ffn_col_serial_16x16_b4.v:129$2986.$result (12 bits, signed)
  add \csd_mul4$func$/Users/toprakgundogdu/qwen-ffn-rom/rtl/ffn_col_serial_16x16_b4.v:129$2985.$result (12 bits, signed)
  add { \csd_mul4$func$/Users/toprakgundogdu/qwen-ffn-rom/rtl/ffn_col_serial_16x16_b4.v:129$2984.$result [11:3] \csd_mul4$func$/Users/toprakgundogdu/qwen-ffn-rom/rtl/ffn_col_serial_16x16_b4.v:129$3086.$result [2:0] } (12 bits, signed)
  add { 2'00 \g_row[13].g_col[11].p_raw 1'0 \g_row[13].g_col[11].p_raw } (5 bits, signed)
  add { \csd_mul4$func$/Users/toprakgundogdu/qwen-ffn-rom/rtl/ffn_col_serial_16x16_b4.v:129$2982.$result [3:1] \g_row[1].g_col[10].p_raw } (4 bits, signed)
  add { 2'00 \g_row[0].g_col[9].p_raw 1'0 \g_row[0].g_col[9].p_raw } (5 bits, signed)
  add { \csd_mul4$func$/Users/toprakgundogdu/qwen-ffn-rom/rtl/ffn_col_serial_16x16_b4.v:129$2980.$result [11:2] \csd_mul4$func$/Users/toprakgundogdu/qwen-ffn-rom/rtl/ffn_col_serial_16x16_b4.v:129$3014.$result [1:0] } (12 bits, signed)
  add { \csd_mul4$func$/Users/toprakgundogdu/qwen-ffn-rom/rtl/ffn_col_serial_16x16_b4.v:129$2979.$result [4:2] \g_row[0].g_col[7].p_raw 1'0 } (5 bits, signed)
  add { 1'0 \g_row[0].g_col[6].p_raw } (2 bits, signed)
  add \csd_mul4$func$/Users/toprakgundogdu/qwen-ffn-rom/rtl/ffn_col_serial_16x16_b4.v:129$2977.$result (12 bits, signed)
  add { 1'0 \g_row[13].g_col[4].p_raw 2'00 } (4 bits, signed)
  add { \csd_mul4$func$/Users/toprakgundogdu/qwen-ffn-rom/rtl/ffn_col_serial_16x16_b4.v:129$2975.$result [4:2] \g_row[0].g_col[3].p_raw 1'0 } (5 bits, signed)
  add { 1'0 \g_row[0].g_col[2].p_raw 1'0 } (3 bits, signed)
  packed 9 (3) bits / 2 words into adder tree
  sub \g_row[0].g_col[2].p_raw (1 bits, unsigned)
  add { 1'0 \g_row[0].g_col[2].p_raw 2'00 } (4 bits, signed)
  add $flatten\g_row[9].u_tree.$add$/Users/toprakgundogdu/qwen-ffn-rom/rtl/ffn_col_serial_16x16_b4.v:19$2925_Y [12:0] (13 bits, signed)
  add { 1'0 \g_row[2].g_col[15].p_raw } (2 bits, signed)
  add \csd_mul4$func$/Users/toprakgundogdu/qwen-ffn-rom/rtl/ffn_col_serial_16x16_b4.v:129$3105.$result (12 bits, signed)
  add { \csd_mul4$func$/Users/toprakgundogdu/qwen-ffn-rom/rtl/ffn_col_serial_16x16_b4.v:129$3053.$result [11:2] \csd_mul4$func$/Users/toprakgundogdu/qwen-ffn-rom/rtl/ffn_col_serial_16x16_b4.v:129$2985.$result [1:0] } (12 bits, signed)
  add { 2'00 \g_row[0].g_col[12].p_raw 1'0 \g_row[0].g_col[12].p_raw } (5 bits, signed)
  add { 2'00 \g_row[13].g_col[11].p_raw 1'0 \g_row[13].g_col[11].p_raw } (5 bits, signed)
  add { \csd_mul4$func$/Users/toprakgundogdu/qwen-ffn-rom/rtl/ffn_col_serial_16x16_b4.v:129$3101.$result [4:1] \g_row[1].g_col[10].p_raw } (5 bits, signed)
  add { 1'0 \g_row[0].g_col[9].p_raw } (2 bits, signed)
  add \csd_mul4$func$/Users/toprakgundogdu/qwen-ffn-rom/rtl/ffn_col_serial_16x16_b4.v:129$3098.$result (12 bits, signed)
  add { 1'0 \g_row[0].g_col[6].p_raw } (2 bits, signed)
  add \csd_mul4$func$/Users/toprakgundogdu/qwen-ffn-rom/rtl/ffn_col_serial_16x16_b4.v:129$2943.$result (12 bits, signed)
  packed 3 (3) bits / 3 words into adder tree
  add $flatten\g_row[8].u_tree.$add$/Users/toprakgundogdu/qwen-ffn-rom/rtl/ffn_col_serial_16x16_b4.v:19$2925_Y [5:0] (6 bits, signed)
  add { 1'0 \g_row[0].g_col[14].p_raw } (2 bits, signed)
  add \csd_mul4$func$/Users/toprakgundogdu/qwen-ffn-rom/rtl/ffn_col_serial_16x16_b4.v:129$3086.$result (12 bits, signed)
  add { \csd_mul4$func$/Users/toprakgundogdu/qwen-ffn-rom/rtl/ffn_col_serial_16x16_b4.v:129$3034.$result [4:2] \g_row[13].g_col[11].p_raw } (4 bits, signed)
  add { 1'0 \g_row[1].g_col[10].p_raw 2'00 } (4 bits, signed)
  add \csd_mul4$func$/Users/toprakgundogdu/qwen-ffn-rom/rtl/ffn_col_serial_16x16_b4.v:129$3032.$result (12 bits, signed)
  add { 1'0 \g_row[0].g_col[6].p_raw 2'00 } (4 bits, signed)
  add { 1'0 \g_row[6].g_col[5].p_raw } (2 bits, signed)
  add { $flatten\g_row[5].u_tree.$add$/Users/toprakgundogdu/qwen-ffn-rom/rtl/ffn_col_serial_16x16_b4.v:19$2924_Y [12:1] \csd_mul4$func$/Users/toprakgundogdu/qwen-ffn-rom/rtl/ffn_col_serial_16x16_b4.v:129$3025.$result [0] } (13 bits, signed)
  add { \csd_mul4$func$/Users/toprakgundogdu/qwen-ffn-rom/rtl/ffn_col_serial_16x16_b4.v:129$3038.$result [11:3] \csd_mul4$func$/Users/toprakgundogdu/qwen-ffn-rom/rtl/ffn_col_serial_16x16_b4.v:129$3004.$result [2:0] } (12 bits, signed)
  add { \csd_mul4$func$/Users/toprakgundogdu/qwen-ffn-rom/rtl/ffn_col_serial_16x16_b4.v:129$3036.$result [3:1] \g_row[0].g_col[13].p_raw } (4 bits, signed)
  add { \csd_mul4$func$/Users/toprakgundogdu/qwen-ffn-rom/rtl/ffn_col_serial_16x16_b4.v:129$3034.$result [4:2] \g_row[13].g_col[11].p_raw 1'0 } (5 bits, signed)
  add { 1'0 \g_row[1].g_col[10].p_raw 2'00 } (4 bits, signed)
  add \csd_mul4$func$/Users/toprakgundogdu/qwen-ffn-rom/rtl/ffn_col_serial_16x16_b4.v:129$3032.$result (12 bits, signed)
  add { 1'0 \g_row[12].g_col[8].p_raw } (2 bits, signed)
  add { \csd_mul4$func$/Users/toprakgundogdu/qwen-ffn-rom/rtl/ffn_col_serial_16x16_b4.v:129$3030.$result [11:2] \csd_mul4$func$/Users/toprakgundogdu/qwen-ffn-rom/rtl/ffn_col_serial_16x16_b4.v:129$3098.$result [1:0] } (12 bits, signed)
  add { 1'0 \g_row[0].g_col[6].p_raw 1'0 } (3 bits, signed)
  add \csd_mul4$func$/Users/toprakgundogdu/qwen-ffn-rom/rtl/ffn_col_serial_16x16_b4.v:129$2943.$result (12 bits, signed)
  add { 1'0 \g_row[13].g_col[4].p_raw } (2 bits, signed)
  add { 1'0 \g_row[0].g_col[3].p_raw 2'00 } (4 bits, signed)
  packed 4 (1) bits / 1 words into adder tree
  add $flatten\g_row[13].u_tree.$add$/Users/toprakgundogdu/qwen-ffn-rom/rtl/ffn_col_serial_16x16_b4.v:19$2924_Y [13:0] (14 bits, signed)
  add { \csd_mul4$func$/Users/toprakgundogdu/qwen-ffn-rom/rtl/ffn_col_serial_16x16_b4.v:129$3173.$result [3:1] \g_row[0].g_col[14].p_raw } (4 bits, signed)
  add \csd_mul4$func$/Users/toprakgundogdu/qwen-ffn-rom/rtl/ffn_col_serial_16x16_b4.v:129$2985.$result (12 bits, signed)
  add { 1'0 \g_row[0].g_col[12].p_raw 2'00 } (4 bits, signed)
  add { 1'0 \g_row[13].g_col[11].p_raw } (2 bits, signed)
  add { \csd_mul4$func$/Users/toprakgundogdu/qwen-ffn-rom/rtl/ffn_col_serial_16x16_b4.v:129$2999.$result [11:2] \csd_mul4$func$/Users/toprakgundogdu/qwen-ffn-rom/rtl/ffn_col_serial_16x16_b4.v:129$3135.$result [1:0] } (12 bits, signed)
  add \csd_mul4$func$/Users/toprakgundogdu/qwen-ffn-rom/rtl/ffn_col_serial_16x16_b4.v:129$3117.$result (12 bits, signed)
  add \csd_mul4$func$/Users/toprakgundogdu/qwen-ffn-rom/rtl/ffn_col_serial_16x16_b4.v:129$3167.$result (12 bits, signed)
  add \csd_mul4$func$/Users/toprakgundogdu/qwen-ffn-rom/rtl/ffn_col_serial_16x16_b4.v:129$3098.$result (12 bits, signed)
  add { \csd_mul4$func$/Users/toprakgundogdu/qwen-ffn-rom/rtl/ffn_col_serial_16x16_b4.v:129$3165.$result [11:2] \csd_mul4$func$/Users/toprakgundogdu/qwen-ffn-rom/rtl/ffn_col_serial_16x16_b4.v:129$3046.$result [1:0] } (12 bits, signed)
  add { 1'0 \g_row[13].g_col[4].p_raw } (2 bits, signed)
  add { \csd_mul4$func$/Users/toprakgundogdu/qwen-ffn-rom/rtl/ffn_col_serial_16x16_b4.v:129$3162.$result [11:2] \csd_mul4$func$/Users/toprakgundogdu/qwen-ffn-rom/rtl/ffn_col_serial_16x16_b4.v:129$3060.$result [1:0] } (12 bits, signed)
  packed 6 (3) bits / 2 words into adder tree
  add $flatten\g_row[14].u_tree.$add$/Users/toprakgundogdu/qwen-ffn-rom/rtl/ffn_col_serial_16x16_b4.v:19$2928_Y [13:0] (14 bits, signed)
  add \csd_mul4$func$/Users/toprakgundogdu/qwen-ffn-rom/rtl/ffn_col_serial_16x16_b4.v:129$2986.$result (12 bits, signed)
  add { 1'0 \g_row[13].g_col[11].p_raw } (2 bits, signed)
  add \csd_mul4$func$/Users/toprakgundogdu/qwen-ffn-rom/rtl/ffn_col_serial_16x16_b4.v:129$3117.$result (12 bits, signed)
  add { 1'0 \g_row[0].g_col[7].p_raw } (2 bits, signed)
  packed 2 (2) bits / 2 words into adder tree
  add $flatten\g_row[4].u_tree.$add$/Users/toprakgundogdu/qwen-ffn-rom/rtl/ffn_col_serial_16x16_b4.v:19$2923_Y [4:0] (5 bits, signed)
  add \csd_mul4$func$/Users/toprakgundogdu/qwen-ffn-rom/rtl/ffn_col_serial_16x16_b4.v:129$3021.$result (12 bits, signed)
  add \csd_mul4$func$/Users/toprakgundogdu/qwen-ffn-rom/rtl/ffn_col_serial_16x16_b4.v:129$2986.$result (12 bits, signed)
  add \csd_mul4$func$/Users/toprakgundogdu/qwen-ffn-rom/rtl/ffn_col_serial_16x16_b4.v:129$3019.$result (12 bits, signed)
  add { 1'0 \g_row[13].g_col[11].p_raw } (2 bits, signed)
  add { 1'0 \g_row[1].g_col[10].p_raw } (2 bits, signed)
  add \csd_mul4$func$/Users/toprakgundogdu/qwen-ffn-rom/rtl/ffn_col_serial_16x16_b4.v:129$3015.$result (12 bits, signed)
  add \csd_mul4$func$/Users/toprakgundogdu/qwen-ffn-rom/rtl/ffn_col_serial_16x16_b4.v:129$3014.$result (12 bits, signed)
  add \csd_mul4$func$/Users/toprakgundogdu/qwen-ffn-rom/rtl/ffn_col_serial_16x16_b4.v:129$3013.$result (12 bits, signed)
  add { 1'0 \g_row[0].g_col[6].p_raw } (2 bits, signed)
  add { \csd_mul4$func$/Users/toprakgundogdu/qwen-ffn-rom/rtl/ffn_col_serial_16x16_b4.v:129$2960.$result [4:1] \g_row[6].g_col[5].p_raw } (5 bits, signed)
  add { 1'0 \g_row[13].g_col[4].p_raw 2'00 } (4 bits, signed)
  add { \csd_mul4$func$/Users/toprakgundogdu/qwen-ffn-rom/rtl/ffn_col_serial_16x16_b4.v:129$2975.$result [4:2] \g_row[0].g_col[3].p_raw } (4 bits, signed)
  add { 1'0 \g_row[0].g_col[2].p_raw 1'0 } (3 bits, signed)
  packed 2 (2) bits / 2 words into adder tree
  add { 2'00 \g_row[4].g_col[1].p_raw \g_row[11].g_col[0].p_raw 1'0 } (5 bits, signed)
  add \csd_mul4$func$/Users/toprakgundogdu/qwen-ffn-rom/rtl/ffn_col_serial_16x16_b4.v:129$3004.$result (12 bits, signed)
  add { 2'00 \g_row[0].g_col[14].p_raw 1'0 \g_row[0].g_col[14].p_raw } (5 bits, signed)
  add { \csd_mul4$func$/Users/toprakgundogdu/qwen-ffn-rom/rtl/ffn_col_serial_16x16_b4.v:129$3002.$result [11:3] \csd_mul4$func$/Users/toprakgundogdu/qwen-ffn-rom/rtl/ffn_col_serial_16x16_b4.v:129$3138.$result [2:0] } (12 bits, signed)
  add { 2'00 \g_row[0].g_col[12].p_raw 1'0 \g_row[0].g_col[12].p_raw } (5 bits, signed)
  add { \csd_mul4$func$/Users/toprakgundogdu/qwen-ffn-rom/rtl/ffn_col_serial_16x16_b4.v:129$2999.$result [11:2] \csd_mul4$func$/Users/toprakgundogdu/qwen-ffn-rom/rtl/ffn_col_serial_16x16_b4.v:129$3135.$result [1:0] } (12 bits, signed)
  add { 1'0 \g_row[0].g_col[9].p_raw } (2 bits, signed)
  add { 2'00 \g_row[12].g_col[8].p_raw 1'0 \g_row[12].g_col[8].p_raw } (5 bits, signed)
  add { 1'0 \g_row[0].g_col[7].p_raw } (2 bits, signed)
  add { \csd_mul4$func$/Users/toprakgundogdu/qwen-ffn-rom/rtl/ffn_col_serial_16x16_b4.v:129$2995.$result [4:1] \g_row[0].g_col[6].p_raw } (5 bits, signed)
  add { \csd_mul4$func$/Users/toprakgundogdu/qwen-ffn-rom/rtl/ffn_col_serial_16x16_b4.v:129$2994.$result [11:2] \csd_mul4$func$/Users/toprakgundogdu/qwen-ffn-rom/rtl/ffn_col_serial_16x16_b4.v:129$2943.$result [1:0] } (12 bits, signed)
  add \csd_mul4$func$/Users/toprakgundogdu/qwen-ffn-rom/rtl/ffn_col_serial_16x16_b4.v:129$2993.$result (12 bits, signed)
  add { \csd_mul4$func$/Users/toprakgundogdu/qwen-ffn-rom/rtl/ffn_col_serial_16x16_b4.v:129$2992.$result [4:1] \g_row[0].g_col[3].p_raw } (5 bits, signed)
  add { 1'0 \g_row[0].g_col[2].p_raw 1'0 } (3 bits, signed)
  packed 6 (3) bits / 2 words into adder tree
  add $flatten\g_row[15].u_tree.$add$/Users/toprakgundogdu/qwen-ffn-rom/rtl/ffn_col_serial_16x16_b4.v:19$2924_Y [13:0] (14 bits, signed)
  add { \csd_mul4$func$/Users/toprakgundogdu/qwen-ffn-rom/rtl/ffn_col_serial_16x16_b4.v:129$3208.$result [11:2] \csd_mul4$func$/Users/toprakgundogdu/qwen-ffn-rom/rtl/ffn_col_serial_16x16_b4.v:129$3004.$result [1:0] } (12 bits, signed)
  add { \csd_mul4$func$/Users/toprakgundogdu/qwen-ffn-rom/rtl/ffn_col_serial_16x16_b4.v:129$3173.$result [3:1] \g_row[0].g_col[14].p_raw } (4 bits, signed)
  add { 1'0 \g_row[0].g_col[13].p_raw 1'0 } (3 bits, signed)
  add { 2'00 \g_row[0].g_col[12].p_raw 1'0 \g_row[0].g_col[12].p_raw } (5 bits, signed)
  add { \csd_mul4$func$/Users/toprakgundogdu/qwen-ffn-rom/rtl/ffn_col_serial_16x16_b4.v:129$3204.$result [11:2] \csd_mul4$func$/Users/toprakgundogdu/qwen-ffn-rom/rtl/ffn_col_serial_16x16_b4.v:129$2966.$result [1:0] } (12 bits, signed)
  add \csd_mul4$func$/Users/toprakgundogdu/qwen-ffn-rom/rtl/ffn_col_serial_16x16_b4.v:129$3135.$result (12 bits, signed)
  add { \csd_mul4$func$/Users/toprakgundogdu/qwen-ffn-rom/rtl/ffn_col_serial_16x16_b4.v:129$3202.$result [11:2] \csd_mul4$func$/Users/toprakgundogdu/qwen-ffn-rom/rtl/ffn_col_serial_16x16_b4.v:129$3117.$result [1:0] } (12 bits, signed)
  add \csd_mul4$func$/Users/toprakgundogdu/qwen-ffn-rom/rtl/ffn_col_serial_16x16_b4.v:129$3014.$result (12 bits, signed)
  add \csd_mul4$func$/Users/toprakgundogdu/qwen-ffn-rom/rtl/ffn_col_serial_16x16_b4.v:129$3200.$result (12 bits, signed)
  add \csd_mul4$func$/Users/toprakgundogdu/qwen-ffn-rom/rtl/ffn_col_serial_16x16_b4.v:129$3148.$result (12 bits, signed)
  add { \csd_mul4$func$/Users/toprakgundogdu/qwen-ffn-rom/rtl/ffn_col_serial_16x16_b4.v:129$3198.$result [11:2] \csd_mul4$func$/Users/toprakgundogdu/qwen-ffn-rom/rtl/ffn_col_serial_16x16_b4.v:129$2943.$result [1:0] } (12 bits, signed)
  add { 1'0 \g_row[13].g_col[4].p_raw } (2 bits, signed)
  add { 2'00 \g_row[0].g_col[3].p_raw 1'0 \g_row[0].g_col[3].p_raw } (5 bits, signed)
  packed 6 (3) bits / 2 words into adder tree
  add $flatten\g_row[11].u_tree.$add$/Users/toprakgundogdu/qwen-ffn-rom/rtl/ffn_col_serial_16x16_b4.v:19$2924_Y [13:0] (14 bits, signed)
  add { 1'0 \g_row[2].g_col[15].p_raw 2'00 } (4 bits, signed)
  add \csd_mul4$func$/Users/toprakgundogdu/qwen-ffn-rom/rtl/ffn_col_serial_16x16_b4.v:129$3105.$result (12 bits, signed)
  add \csd_mul4$func$/Users/toprakgundogdu/qwen-ffn-rom/rtl/ffn_col_serial_16x16_b4.v:129$3138.$result (12 bits, signed)
  add { 1'0 \g_row[0].g_col[12].p_raw 2'00 } (4 bits, signed)
  add { 2'00 \g_row[13].g_col[11].p_raw 1'0 \g_row[13].g_col[11].p_raw } (5 bits, signed)
  add \csd_mul4$func$/Users/toprakgundogdu/qwen-ffn-rom/rtl/ffn_col_serial_16x16_b4.v:129$3135.$result (12 bits, signed)
  add { \csd_mul4$func$/Users/toprakgundogdu/qwen-ffn-rom/rtl/ffn_col_serial_16x16_b4.v:129$3134.$result [11:3] \csd_mul4$func$/Users/toprakgundogdu/qwen-ffn-rom/rtl/ffn_col_serial_16x16_b4.v:129$3117.$result [2:0] } (12 bits, signed)
  add { 1'0 \g_row[12].g_col[8].p_raw 2'00 } (4 bits, signed)
  add \csd_mul4$func$/Users/toprakgundogdu/qwen-ffn-rom/rtl/ffn_col_serial_16x16_b4.v:129$2943.$result (12 bits, signed)
  add { 1'0 \g_row[0].g_col[3].p_raw 1'0 } (3 bits, signed)
  packed 4 (1) bits / 1 words into adder tree
  add { \csd_mul4$func$/Users/toprakgundogdu/qwen-ffn-rom/rtl/ffn_col_serial_16x16_b4.v:129$3057.$result [11:2] \csd_mul4$func$/Users/toprakgundogdu/qwen-ffn-rom/rtl/ffn_col_serial_16x16_b4.v:129$2972.$result [1:0] } (12 bits, signed)
  add \csd_mul4$func$/Users/toprakgundogdu/qwen-ffn-rom/rtl/ffn_col_serial_16x16_b4.v:129$3025.$result (12 bits, signed)
  add \csd_mul4$func$/Users/toprakgundogdu/qwen-ffn-rom/rtl/ffn_col_serial_16x16_b4.v:129$3058.$result (12 bits, signed)
  add { \csd_mul4$func$/Users/toprakgundogdu/qwen-ffn-rom/rtl/ffn_col_serial_16x16_b4.v:129$3040.$result [11:3] \csd_mul4$func$/Users/toprakgundogdu/qwen-ffn-rom/rtl/ffn_col_serial_16x16_b4.v:129$2972.$result [2:0] } (12 bits, signed)
  add \csd_mul4$func$/Users/toprakgundogdu/qwen-ffn-rom/rtl/ffn_col_serial_16x16_b4.v:129$3145.$result (12 bits, signed)
  add { 1'0 \g_row[0].g_col[2].p_raw } (2 bits, signed)
  packed 1 (1) bits / 1 words into adder tree
  add { \csd_mul4$func$/Users/toprakgundogdu/qwen-ffn-rom/rtl/ffn_col_serial_16x16_b4.v:129$3057.$result [11:2] \csd_mul4$func$/Users/toprakgundogdu/qwen-ffn-rom/rtl/ffn_col_serial_16x16_b4.v:129$2972.$result [1:0] } (12 bits, signed)
  add \csd_mul4$func$/Users/toprakgundogdu/qwen-ffn-rom/rtl/ffn_col_serial_16x16_b4.v:129$3046.$result (12 bits, signed)
  add { \csd_mul4$func$/Users/toprakgundogdu/qwen-ffn-rom/rtl/ffn_col_serial_16x16_b4.v:129$2992.$result [4:1] \g_row[0].g_col[3].p_raw } (5 bits, signed)
  add $flatten\g_row[1].u_tree.$add$/Users/toprakgundogdu/qwen-ffn-rom/rtl/ffn_col_serial_16x16_b4.v:19$2923_Y [12:0] (13 bits, signed)
  add { 1'0 \g_row[2].g_col[15].p_raw 1'0 } (3 bits, signed)
  add { \csd_mul4$func$/Users/toprakgundogdu/qwen-ffn-rom/rtl/ffn_col_serial_16x16_b4.v:129$2967.$result [11:2] \csd_mul4$func$/Users/toprakgundogdu/qwen-ffn-rom/rtl/ffn_col_serial_16x16_b4.v:129$3086.$result [1:0] } (12 bits, signed)
  add \csd_mul4$func$/Users/toprakgundogdu/qwen-ffn-rom/rtl/ffn_col_serial_16x16_b4.v:129$2966.$result (12 bits, signed)
  add { 1'0 \g_row[1].g_col[10].p_raw } (2 bits, signed)
  add { 1'0 \g_row[0].g_col[9].p_raw } (2 bits, signed)
  add { 1'0 \g_row[12].g_col[8].p_raw 1'0 } (3 bits, signed)
  add { \csd_mul4$func$/Users/toprakgundogdu/qwen-ffn-rom/rtl/ffn_col_serial_16x16_b4.v:129$2960.$result [4:1] \g_row[6].g_col[5].p_raw } (5 bits, signed)
  add \csd_mul4$func$/Users/toprakgundogdu/qwen-ffn-rom/rtl/ffn_col_serial_16x16_b4.v:129$2959.$result (12 bits, signed)
  add { 2'00 \g_row[0].g_col[3].p_raw 1'0 \g_row[0].g_col[3].p_raw } (5 bits, signed)
  add { 1'0 \g_row[0].g_col[2].p_raw } (2 bits, signed)
  packed 5 (4) bits / 3 words into adder tree
  add \csd_mul4$func$/Users/toprakgundogdu/qwen-ffn-rom/rtl/ffn_col_serial_16x16_b4.v:129$2972.$result (12 bits, signed)
  add { \csd_mul4$func$/Users/toprakgundogdu/qwen-ffn-rom/rtl/ffn_col_serial_16x16_b4.v:129$3161.$result [4:1] \g_row[0].g_col[2].p_raw } (5 bits, signed)
  add \csd_mul4$func$/Users/toprakgundogdu/qwen-ffn-rom/rtl/ffn_col_serial_16x16_b4.v:129$2956.$result (12 bits, signed)
  add $flatten\g_row[7].u_tree.$add$/Users/toprakgundogdu/qwen-ffn-rom/rtl/ffn_col_serial_16x16_b4.v:19$2924_Y [13:0] (14 bits, signed)
  add { \csd_mul4$func$/Users/toprakgundogdu/qwen-ffn-rom/rtl/ffn_col_serial_16x16_b4.v:129$2953.$result [11:2] \csd_mul4$func$/Users/toprakgundogdu/qwen-ffn-rom/rtl/ffn_col_serial_16x16_b4.v:129$3004.$result [1:0] } (12 bits, signed)
  add \csd_mul4$func$/Users/toprakgundogdu/qwen-ffn-rom/rtl/ffn_col_serial_16x16_b4.v:129$2986.$result (12 bits, signed)
  add { \csd_mul4$func$/Users/toprakgundogdu/qwen-ffn-rom/rtl/ffn_col_serial_16x16_b4.v:129$3036.$result [3:1] \g_row[0].g_col[13].p_raw } (4 bits, signed)
  add { \csd_mul4$func$/Users/toprakgundogdu/qwen-ffn-rom/rtl/ffn_col_serial_16x16_b4.v:129$3068.$result [11:2] \csd_mul4$func$/Users/toprakgundogdu/qwen-ffn-rom/rtl/ffn_col_serial_16x16_b4.v:129$2966.$result [1:0] } (12 bits, signed)
  add { \csd_mul4$func$/Users/toprakgundogdu/qwen-ffn-rom/rtl/ffn_col_serial_16x16_b4.v:129$2999.$result [11:2] \csd_mul4$func$/Users/toprakgundogdu/qwen-ffn-rom/rtl/ffn_col_serial_16x16_b4.v:129$3135.$result [1:0] } (12 bits, signed)
  add { \csd_mul4$func$/Users/toprakgundogdu/qwen-ffn-rom/rtl/ffn_col_serial_16x16_b4.v:129$3066.$result [4:1] \g_row[0].g_col[9].p_raw } (5 bits, signed)
  add { 1'0 \g_row[12].g_col[8].p_raw } (2 bits, signed)
  add { \csd_mul4$func$/Users/toprakgundogdu/qwen-ffn-rom/rtl/ffn_col_serial_16x16_b4.v:129$3064.$result [11:3] \csd_mul4$func$/Users/toprakgundogdu/qwen-ffn-rom/rtl/ffn_col_serial_16x16_b4.v:129$3200.$result [2:0] } (12 bits, signed)
  add { 1'0 \g_row[0].g_col[6].p_raw } (2 bits, signed)
  add \csd_mul4$func$/Users/toprakgundogdu/qwen-ffn-rom/rtl/ffn_col_serial_16x16_b4.v:129$2959.$result (12 bits, signed)
  add \csd_mul4$func$/Users/toprakgundogdu/qwen-ffn-rom/rtl/ffn_col_serial_16x16_b4.v:129$3060.$result (12 bits, signed)
  packed 2 (2) bits / 2 words into adder tree
  add $flatten\g_row[12].u_tree.$add$/Users/toprakgundogdu/qwen-ffn-rom/rtl/ffn_col_serial_16x16_b4.v:19$2925_Y [13:0] (14 bits, signed)
  add \csd_mul4$func$/Users/toprakgundogdu/qwen-ffn-rom/rtl/ffn_col_serial_16x16_b4.v:129$3157.$result (12 bits, signed)
  add \csd_mul4$func$/Users/toprakgundogdu/qwen-ffn-rom/rtl/ffn_col_serial_16x16_b4.v:129$3156.$result (12 bits, signed)
  add \csd_mul4$func$/Users/toprakgundogdu/qwen-ffn-rom/rtl/ffn_col_serial_16x16_b4.v:129$3138.$result (12 bits, signed)
  add { \csd_mul4$func$/Users/toprakgundogdu/qwen-ffn-rom/rtl/ffn_col_serial_16x16_b4.v:129$2967.$result [11:2] \csd_mul4$func$/Users/toprakgundogdu/qwen-ffn-rom/rtl/ffn_col_serial_16x16_b4.v:129$3086.$result [1:0] } (12 bits, signed)
  add { \csd_mul4$func$/Users/toprakgundogdu/qwen-ffn-rom/rtl/ffn_col_serial_16x16_b4.v:129$3153.$result [11:3] \csd_mul4$func$/Users/toprakgundogdu/qwen-ffn-rom/rtl/ffn_col_serial_16x16_b4.v:129$3051.$result [2:0] } (12 bits, signed)
  add \csd_mul4$func$/Users/toprakgundogdu/qwen-ffn-rom/rtl/ffn_col_serial_16x16_b4.v:129$3135.$result (12 bits, signed)
  add { 1'0 \g_row[0].g_col[9].p_raw } (2 bits, signed)
  add { 1'0 \g_row[12].g_col[8].p_raw } (2 bits, signed)
  add { 1'0 \g_row[0].g_col[7].p_raw 1'0 } (3 bits, signed)
  add \csd_mul4$func$/Users/toprakgundogdu/qwen-ffn-rom/rtl/ffn_col_serial_16x16_b4.v:129$3148.$result (12 bits, signed)
  add \csd_mul4$func$/Users/toprakgundogdu/qwen-ffn-rom/rtl/ffn_col_serial_16x16_b4.v:129$2943.$result (12 bits, signed)
  packed 4 (3) bits / 2 words into adder tree
  add $flatten\g_row[0].u_tree.$add$/Users/toprakgundogdu/qwen-ffn-rom/rtl/ffn_col_serial_16x16_b4.v:19$2924_Y [4:0] (5 bits, signed)
  add { \csd_mul4$func$/Users/toprakgundogdu/qwen-ffn-rom/rtl/ffn_col_serial_16x16_b4.v:129$2953.$result [11:2] \csd_mul4$func$/Users/toprakgundogdu/qwen-ffn-rom/rtl/ffn_col_serial_16x16_b4.v:129$3004.$result [1:0] } (12 bits, signed)
  add { 1'0 \g_row[0].g_col[14].p_raw } (2 bits, signed)
  add { 1'0 \g_row[0].g_col[13].p_raw } (2 bits, signed)
  add { 1'0 \g_row[0].g_col[12].p_raw } (2 bits, signed)
  add { 1'0 \g_row[0].g_col[9].p_raw } (2 bits, signed)
  add { 1'0 \g_row[0].g_col[7].p_raw } (2 bits, signed)
  add { 1'0 \g_row[0].g_col[6].p_raw } (2 bits, signed)
  add \csd_mul4$func$/Users/toprakgundogdu/qwen-ffn-rom/rtl/ffn_col_serial_16x16_b4.v:129$2943.$result (12 bits, signed)
  add { \csd_mul4$func$/Users/toprakgundogdu/qwen-ffn-rom/rtl/ffn_col_serial_16x16_b4.v:129$2942.$result [4:1] \g_row[13].g_col[4].p_raw } (5 bits, signed)
  add { 1'0 \g_row[0].g_col[3].p_raw } (2 bits, signed)
  packed 5 (5) bits / 5 words into adder tree
  add { 1'0 \g_row[11].g_col[0].p_raw } (2 bits, signed)
  add { \csd_mul4$func$/Users/toprakgundogdu/qwen-ffn-rom/rtl/ffn_col_serial_16x16_b4.v:129$3110.$result [3:1] \g_row[0].g_col[2].p_raw } (4 bits, signed)
  add \csd_mul4$func$/Users/toprakgundogdu/qwen-ffn-rom/rtl/ffn_col_serial_16x16_b4.v:129$3126.$result (12 bits, signed)
  packed 1 (1) bits / 1 words into adder tree
  add \csd_mul4$func$/Users/toprakgundogdu/qwen-ffn-rom/rtl/ffn_col_serial_16x16_b4.v:129$3108.$result (12 bits, signed)
  add { \csd_mul4$func$/Users/toprakgundogdu/qwen-ffn-rom/rtl/ffn_col_serial_16x16_b4.v:129$3110.$result [3:1] \g_row[0].g_col[2].p_raw } (4 bits, signed)
  add \csd_mul4$func$/Users/toprakgundogdu/qwen-ffn-rom/rtl/ffn_col_serial_16x16_b4.v:129$2956.$result (12 bits, signed)
Using extmapper simplemap for cells of type $reduce_and.
Using extmapper simplemap for cells of type $ne.
Using extmapper simplemap for cells of type $sdffe.
Using extmapper simplemap for cells of type $sdff.
Using extmapper simplemap for cells of type $not.
Using extmapper simplemap for cells of type $eq.
Using extmapper simplemap for cells of type $pmux.
Using template $paramod\_90_fa\WIDTH=32'00000000000000000000000000001110 for cells of type $fa.
Using template $paramod$091610cd349a68bd5539cffd7126f0d76e9bca00\_90_alu for cells of type $alu.
Using template $paramod\_90_fa\WIDTH=32'00000000000000000000000000010000 for cells of type $fa.
Using template $paramod$6df0329addda9228fcc2546de2aaf14ad26c98e1\_90_alu for cells of type $alu.
Using template $paramod$ee3d784672cdb1cb32d9a801a3af776716f16b74\_90_alu for cells of type $alu.
Using template $paramod\_90_fa\WIDTH=32'00000000000000000000000000000011 for cells of type $fa.
Using template $paramod\_90_lcu_brent_kung\WIDTH=32'00000000000000000000000000000011 for cells of type $lcu.
Using extmapper simplemap for cells of type $xor.
Using extmapper simplemap for cells of type $pos.
Using template $paramod\_90_fa\WIDTH=32'00000000000000000000000000001010 for cells of type $fa.
Using template $paramod\_90_fa\WIDTH=32'00000000000000000000000000100000 for cells of type $fa.
Using template $paramod\_90_lcu_brent_kung\WIDTH=32'00000000000000000000000000100000 for cells of type $lcu.
Using template $paramod\_90_lcu_brent_kung\WIDTH=32'00000000000000000000000000001010 for cells of type $lcu.
Using template $paramod\_90_fa\WIDTH=32'00000000000000000000000000001100 for cells of type $fa.
Using template $paramod\_90_lcu_brent_kung\WIDTH=32'00000000000000000000000000001100 for cells of type $lcu.
Using template $paramod\_90_fa\WIDTH=32'00000000000000000000000000000110 for cells of type $fa.
Using template $paramod\_90_lcu_brent_kung\WIDTH=32'00000000000000000000000000000110 for cells of type $lcu.
Using template $paramod\_90_fa\WIDTH=32'00000000000000000000000000000101 for cells of type $fa.
Using template $paramod\_90_lcu_brent_kung\WIDTH=32'00000000000000000000000000000101 for cells of type $lcu.
Using template $paramod\_90_fa\WIDTH=32'00000000000000000000000000000100 for cells of type $fa.
Using template $paramod\_90_lcu_brent_kung\WIDTH=32'00000000000000000000000000000100 for cells of type $lcu.
Using template $paramod\_90_fa\WIDTH=32'00000000000000000000000000001101 for cells of type $fa.
Using template $paramod\_90_lcu_brent_kung\WIDTH=32'00000000000000000000000000001101 for cells of type $lcu.
Using template $paramod\_90_fa\WIDTH=32'00000000000000000000000000001001 for cells of type $fa.
Using template $paramod\_90_lcu_brent_kung\WIDTH=32'00000000000000000000000000001001 for cells of type $lcu.
Using template $paramod\_90_fa\WIDTH=32'00000000000000000000000000001011 for cells of type $fa.
Using template $paramod\_90_lcu_brent_kung\WIDTH=32'00000000000000000000000000001011 for cells of type $lcu.
Using extmapper simplemap for cells of type $or.
Using extmapper simplemap for cells of type $and.
Using template $paramod\_90_lcu_brent_kung\WIDTH=32'00000000000000000000000000010000 for cells of type $lcu.
Using template $paramod\_90_lcu_brent_kung\WIDTH=32'00000000000000000000000000001110 for cells of type $lcu.
No more expansions possible.
<suppressed ~14096 debug messages>

7.21. Executing OPT pass (performing simple optimizations).

7.21.1. Executing OPT_EXPR pass (perform const folding).
Optimizing module ffn_col_serial.
<suppressed ~21326 debug messages>

7.21.2. Executing OPT_MERGE pass (detect identical cells).
Finding identical cells in module `\ffn_col_serial'.
Computing hashes of 18657 cells of `\ffn_col_serial'.
Finding duplicate cells in `\ffn_col_serial'.
Computing hashes of 17178 cells of `\ffn_col_serial'.
Finding duplicate cells in `\ffn_col_serial'.
Computing hashes of 16485 cells of `\ffn_col_serial'.
Finding duplicate cells in `\ffn_col_serial'.
Computing hashes of 16108 cells of `\ffn_col_serial'.
Finding duplicate cells in `\ffn_col_serial'.
Computing hashes of 15736 cells of `\ffn_col_serial'.
Finding duplicate cells in `\ffn_col_serial'.
Computing hashes of 15440 cells of `\ffn_col_serial'.
Finding duplicate cells in `\ffn_col_serial'.
Computing hashes of 15288 cells of `\ffn_col_serial'.
Finding duplicate cells in `\ffn_col_serial'.
Computing hashes of 15138 cells of `\ffn_col_serial'.
Finding duplicate cells in `\ffn_col_serial'.
Computing hashes of 15000 cells of `\ffn_col_serial'.
Finding duplicate cells in `\ffn_col_serial'.
Computing hashes of 14944 cells of `\ffn_col_serial'.
Finding duplicate cells in `\ffn_col_serial'.
Computing hashes of 14878 cells of `\ffn_col_serial'.
Finding duplicate cells in `\ffn_col_serial'.
Computing hashes of 14837 cells of `\ffn_col_serial'.
Finding duplicate cells in `\ffn_col_serial'.
Computing hashes of 14816 cells of `\ffn_col_serial'.
Finding duplicate cells in `\ffn_col_serial'.
Computing hashes of 14790 cells of `\ffn_col_serial'.
Finding duplicate cells in `\ffn_col_serial'.
Computing hashes of 14767 cells of `\ffn_col_serial'.
Finding duplicate cells in `\ffn_col_serial'.
Computing hashes of 14760 cells of `\ffn_col_serial'.
Finding duplicate cells in `\ffn_col_serial'.
Computing hashes of 14756 cells of `\ffn_col_serial'.
Finding duplicate cells in `\ffn_col_serial'.
Computing hashes of 14755 cells of `\ffn_col_serial'.
Finding duplicate cells in `\ffn_col_serial'.
Computing hashes of 14754 cells of `\ffn_col_serial'.
Finding duplicate cells in `\ffn_col_serial'.
<suppressed ~11709 debug messages>
Removed a total of 3903 cells.

7.21.3. Executing OPT_DFF pass (perform DFF optimizations).

7.21.4. Executing OPT_CLEAN pass (remove unused cells and wires).
Finding unused cells or wires in module \ffn_col_serial..
Removed 5158 unused cells and 13558 unused wires.
<suppressed ~5159 debug messages>

7.21.5. Finished fast OPT passes.

7.22. Executing ABC pass (technology mapping using ABC).

7.22.1. Extracting gate netlist of module `\ffn_col_serial' to `<abc-temp-dir>/input.blif'..

7.22.1.1. Executed ABC.
Extracted 8935 gates and 9326 wires to a netlist network with 390 inputs and 522 outputs.
Running ABC script: <abc-temp-dir>/abc.script
ABC: ======== ABC command line "source <abc-temp-dir>/abc.script"
ABC: + read_blif <abc-temp-dir>/input.blif 
ABC: + read_library <abc-temp-dir>/stdcells.genlib 
ABC: + strash 
ABC: + &get -n 
ABC: + &fraig -x 
ABC: + &put 
ABC: + scorr 
ABC: Warning: The network is combinational (run "fraig" or "fraig_sweep").
ABC: + dc2 
ABC: + dretime 
ABC: + strash 
ABC: + &get -n 
ABC: + &dch -f 
ABC: + &nf 
ABC: + &put 
ABC: + write_blif <abc-temp-dir>/output.blif 

7.22.1.2. Re-integrating ABC results.
ABC RESULTS:               AND cells:      759
ABC RESULTS:            ANDNOT cells:      141
ABC RESULTS:               MUX cells:      358
ABC RESULTS:              NAND cells:     1518
ABC RESULTS:               NOR cells:      119
ABC RESULTS:               NOT cells:       92
ABC RESULTS:                OR cells:      283
ABC RESULTS:             ORNOT cells:      173
ABC RESULTS:              XNOR cells:      402
ABC RESULTS:               XOR cells:      744
ABC RESULTS:        internal signals:     8414
ABC RESULTS:           input signals:      390
ABC RESULTS:          output signals:      522
Removing temp directory.
Removing global temp directory.

7.23. Executing OPT pass (performing simple optimizations).

7.23.1. Executing OPT_EXPR pass (perform const folding).
Optimizing module ffn_col_serial.
<suppressed ~1 debug messages>

7.23.2. Executing OPT_MERGE pass (detect identical cells).
Finding identical cells in module `\ffn_col_serial'.
Computing hashes of 5250 cells of `\ffn_col_serial'.
Finding duplicate cells in `\ffn_col_serial'.
Computing hashes of 5249 cells of `\ffn_col_serial'.
Finding duplicate cells in `\ffn_col_serial'.
<suppressed ~3 debug messages>
Removed a total of 1 cells.

7.23.3. Executing OPT_DFF pass (perform DFF optimizations).

7.23.4. Executing OPT_CLEAN pass (remove unused cells and wires).
Finding unused cells or wires in module \ffn_col_serial..
Removed 0 unused cells and 3113 unused wires.
<suppressed ~181 debug messages>

7.23.5. Finished fast OPT passes.

7.24. Executing HIERARCHY pass (managing design hierarchy).
Attribute `top' found on module `ffn_col_serial'. Setting top module to ffn_col_serial.

7.24.1. Analyzing design hierarchy..
Top module:  \ffn_col_serial

7.24.2. Analyzing design hierarchy..
Top module:  \ffn_col_serial
Removed 0 unused modules.

7.25. Printing statistics.

=== ffn_col_serial ===

        +----------Local Count, excluding submodules.
        | 
     5377 wires
    24900 wire bits
     1045 public wires
    20568 public wire bits
        6 ports
      388 port bits
     5249 cells
      141   $_ANDNOT_
      759   $_AND_
      357   $_MUX_
     1518   $_NAND_
      119   $_NOR_
       92   $_NOT_
      173   $_ORNOT_
      283   $_OR_
      643   $_SDFFE_PN0P_
        2   $_SDFF_PN0_
      402   $_XNOR_
      744   $_XOR_
       16   $scopeinfo

7.26. Executing CHECK pass (checking for obvious problems).
Checking module ffn_col_serial...
Found and reported 0 problems.

8. Executing DFFLIBMAP pass (mapping DFF cells to sequential cells from liberty file).
  cell sky130_fd_sc_hd__dfxtp_1 (noninv, pins=3, area=20.02) is a direct match for cell type $_DFF_P_.
  cell sky130_fd_sc_hd__dfrtn_1 (noninv, pins=4, area=25.02) is a direct match for cell type $_DFF_NN0_.
  cell sky130_fd_sc_hd__dfrtp_1 (noninv, pins=4, area=25.02) is a direct match for cell type $_DFF_PN0_.
  cell sky130_fd_sc_hd__dfstp_2 (noninv, pins=4, area=26.28) is a direct match for cell type $_DFF_PN1_.
  cell sky130_fd_sc_hd__edfxtp_1 (noninv, pins=4, area=30.03) is a direct match for cell type $_DFFE_PP_.
  cell sky130_fd_sc_hd__dfbbn_1 (noninv, pins=6, area=32.53) is a direct match for cell type $_DFFSR_NNN_.
  cell sky130_fd_sc_hd__dfbbp_1 (noninv, pins=6, area=32.53) is a direct match for cell type $_DFFSR_PNN_.
  final dff cell mappings:
    unmapped dff cell: $_DFF_N_
    \sky130_fd_sc_hd__dfxtp_1 _DFF_P_ (.CLK( C), .D( D), .Q( Q));
    \sky130_fd_sc_hd__dfrtn_1 _DFF_NN0_ (.CLK_N( C), .D( D), .Q( Q), .RESET_B( R));
    unmapped dff cell: $_DFF_NN1_
    unmapped dff cell: $_DFF_NP0_
    unmapped dff cell: $_DFF_NP1_
    \sky130_fd_sc_hd__dfrtp_1 _DFF_PN0_ (.CLK( C), .D( D), .Q( Q), .RESET_B( R));
    \sky130_fd_sc_hd__dfstp_2 _DFF_PN1_ (.CLK( C), .D( D), .Q( Q), .SET_B( R));
    unmapped dff cell: $_DFF_PP0_
    unmapped dff cell: $_DFF_PP1_
    unmapped dff cell: $_DFFE_NN_
    unmapped dff cell: $_DFFE_NP_
    unmapped dff cell: $_DFFE_PN_
    \sky130_fd_sc_hd__edfxtp_1 _DFFE_PP_ (.CLK( C), .D( D), .DE( E), .Q( Q));
    \sky130_fd_sc_hd__dfbbn_1 _DFFSR_NNN_ (.CLK_N( C), .D( D), .Q( Q), .Q_N(~Q), .RESET_B( R), .SET_B( S));
    unmapped dff cell: $_DFFSR_NNP_
    unmapped dff cell: $_DFFSR_NPN_
    unmapped dff cell: $_DFFSR_NPP_
    \sky130_fd_sc_hd__dfbbp_1 _DFFSR_PNN_ (.CLK( C), .D( D), .Q( Q), .Q_N(~Q), .RESET_B( R), .SET_B( S));
    unmapped dff cell: $_DFFSR_PNP_
    unmapped dff cell: $_DFFSR_PPN_
    unmapped dff cell: $_DFFSR_PPP_

8.1. Executing DFFLEGALIZE pass (convert FFs to types supported by the target).
<suppressed ~24 debug messages>
Mapping DFF cells in module `\ffn_col_serial':
  mapped 645 $_DFF_P_ cells to \sky130_fd_sc_hd__dfxtp_1 cells.

9. Executing ABC pass (technology mapping using ABC).

9.1. Extracting gate netlist of module `\ffn_col_serial' to `<abc-temp-dir>/input.blif'..
ABC: using cached merged SCL: /var/folders/8g/t_1gk85s4m70jtjyvhs3xc5h0000gn/T/yosys-liberty-scl-cache/yosys_merged_5e93c8fc.scl (1 files)

9.1.1. Executed ABC.
Extracted 5876 gates and 6651 wires to a netlist network with 774 inputs and 645 outputs.
Running ABC script: <abc-temp-dir>/abc.script
ABC: ======== ABC command line "source <abc-temp-dir>/abc.script"
ABC: + read_blif <abc-temp-dir>/input.blif 
ABC: + read_scl /var/folders/8g/t_1gk85s4m70jtjyvhs3xc5h0000gn/T/yosys-liberty-scl-cache/yosys_merged_5e93c8fc.scl 
ABC: Warning: Detected 9 multi-output cells (for example, "sky130_fd_sc_hd__fa_1").
ABC: + strash 
ABC: + ifraig 
ABC: + scorr 
ABC: Warning: The network is combinational (run "fraig" or "fraig_sweep").
ABC: + dc2 
ABC: + retime D {} 
ABC: + strash 
ABC: + dch -f 
ABC: + map -M 1 {} 
ABC: + topo 
ABC: + upsize {} 
ABC: + dnsize {} 
ABC: + stime -p 
ABC: WireLoad = "none"  Gates =   7389 ( 10.0 %)   Cap =  5.4 ff (  4.2 %)   Area =    37621.08 ( 82.6 %)   Delay =  5185.73 ps  ( 29.8 %)               
ABC: Path  0 --     110 : 0  179 pi                                     A =   0.00  Df =   0.0   -0.0 ps  S =   0.0 ps  Cin =  0.0 ff  Cout = 475.1 ff  Cmax =   0.0 ff  G =    0  
ABC: Path  1 --    1434 : 1  222 sky130_fd_sc_hd__lpflow_clkinvkapwr_16 A =  30.03  Df = 265.4  -37.3 ps  S = 340.5 ps  Cin = 38.3 ff  Cout = 588.2 ff  Cmax =2351.1 ff  G = 1471  
ABC: Path  2 --    1519 : 4    2 sky130_fd_sc_hd__a31oi_4               A =  21.27  Df = 549.6 -255.9 ps  S = 181.0 ps  Cin =  8.5 ff  Cout =  11.0 ff  Cmax = 211.5 ff  G =  125  
ABC: Path  3 --    1521 : 3    3 sky130_fd_sc_hd__nand3_1               A =   5.00  Df = 731.2 -161.5 ps  S = 179.5 ps  Cin =  2.4 ff  Cout =  15.0 ff  Cmax = 146.5 ff  G =  606  
ABC: Path  4 --    1522 : 2   20 sky130_fd_sc_hd__nand2_4               A =  11.26  Df = 936.5 -166.7 ps  S = 161.1 ps  Cin =  8.7 ff  Cout =  47.9 ff  Cmax = 530.1 ff  G =  530  
ABC: Path  5 --    2128 : 2    5 sky130_fd_sc_hd__nand2_1               A =   3.75  Df =1070.9  -79.0 ps  S = 149.4 ps  Cin =  2.3 ff  Cout =  14.0 ff  Cmax = 166.6 ff  G =  580  
ABC: Path  6 --    2129 : 2    6 sky130_fd_sc_hd__nand2_2               A =   6.26  Df =1228.5 -117.2 ps  S = 127.7 ps  Cin =  4.4 ff  Cout =  21.1 ff  Cmax = 295.7 ff  G =  458  
ABC: Path  7 --    2142 : 2    2 sky130_fd_sc_hd__nand2_1               A =   3.75  Df =1306.1 -107.3 ps  S =  92.5 ps  Cin =  2.3 ff  Cout =   4.9 ff  Cmax = 166.6 ff  G =  204  
ABC: Path  8 --    2150 : 4    2 sky130_fd_sc_hd__a22oi_1               A =   7.51  Df =1544.4 -212.1 ps  S = 235.1 ps  Cin =  2.4 ff  Cout =   7.3 ff  Cmax =  88.8 ff  G =  294  
ABC: Path  9 --    2196 : 3    2 sky130_fd_sc_hd__o21ai_1               A =   5.00  Df =1645.7 -158.0 ps  S = 144.4 ps  Cin =  2.3 ff  Cout =   5.1 ff  Cmax =  80.6 ff  G =  212  
ABC: Path 10 --    2197 : 3    4 sky130_fd_sc_hd__a21o_1                A =   7.51  Df =1842.9 -147.1 ps  S = 111.6 ps  Cin =  2.4 ff  Cout =  11.7 ff  Cmax = 177.6 ff  G =  479  
ABC: Path 11 --    2202 : 3    5 sky130_fd_sc_hd__nand3_2               A =  10.01  Df =1939.4   -2.5 ps  S = 119.0 ps  Cin =  4.4 ff  Cout =  13.0 ff  Cmax = 260.0 ff  G =  280  
ABC: Path 12 --    5259 : 2    2 sky130_fd_sc_hd__nand2_1               A =   3.75  Df =2035.6  -27.6 ps  S =  73.8 ps  Cin =  2.3 ff  Cout =   4.8 ff  Cmax = 166.6 ff  G =  199  
ABC: Path 13 --    5271 : 3    3 sky130_fd_sc_hd__a21oi_1               A =   5.00  Df =2179.6  -85.9 ps  S = 184.8 ps  Cin =  2.3 ff  Cout =   6.8 ff  Cmax =  74.2 ff  G =  279  
ABC: Path 14 --    5328 : 3    1 sky130_fd_sc_hd__o21ai_0               A =   5.00  Df =2275.2  -38.3 ps  S = 126.9 ps  Cin =  1.7 ff  Cout =   2.5 ff  Cmax =  50.4 ff  G =  140  
ABC: Path 15 --    5331 : 3    6 sky130_fd_sc_hd__nand3_1               A =   5.00  Df =2427.5  -34.4 ps  S = 159.8 ps  Cin =  2.4 ff  Cout =  13.0 ff  Cmax = 146.5 ff  G =  531  
ABC: Path 16 --    5367 : 3    3 sky130_fd_sc_hd__a21oi_1               A =   5.00  Df =2805.2 -143.7 ps  S = 209.2 ps  Cin =  2.3 ff  Cout =   8.1 ff  Cmax =  74.2 ff  G =  333  
ABC: Path 17 --    5369 : 2    1 sky130_fd_sc_hd__nor2_1                A =   3.75  Df =2876.0  -34.0 ps  S =  73.5 ps  Cin =  2.4 ff  Cout =   2.4 ff  Cmax =  86.1 ff  G =   98  
ABC: Path 18 --    5370 : 2    3 sky130_fd_sc_hd__nand2_1               A =   3.75  Df =2967.0  -39.9 ps  S =  82.3 ps  Cin =  2.3 ff  Cout =   7.2 ff  Cmax = 166.6 ff  G =  301  
ABC: Path 19 --    5397 : 3    3 sky130_fd_sc_hd__a21o_1                A =   7.51  Df =3104.0   -0.7 ps  S =  73.3 ps  Cin =  2.4 ff  Cout =   7.1 ff  Cmax = 177.6 ff  G =  290  
ABC: Path 20 --    5437 : 2    5 sky130_fd_sc_hd__nand2_1               A =   3.75  Df =3228.6  -19.7 ps  S = 140.9 ps  Cin =  2.3 ff  Cout =  13.8 ff  Cmax = 166.6 ff  G =  572  
ABC: Path 21 --    5538 : 3    3 sky130_fd_sc_hd__o21ai_0               A =   5.00  Df =3809.2 -139.6 ps  S = 349.6 ps  Cin =  1.7 ff  Cout =  10.5 ff  Cmax =  50.4 ff  G =  588  
ABC: Path 22 --    5540 : 3    3 sky130_fd_sc_hd__xnor3_1               A =  22.52  Df =4282.2 -113.5 ps  S = 102.7 ps  Cin =  3.7 ff  Cout =   7.6 ff  Cmax = 154.7 ff  G =  192  
ABC: Path 23 --    5541 : 3    3 sky130_fd_sc_hd__nand3_1               A =   5.00  Df =4407.2  -53.4 ps  S = 112.5 ps  Cin =  2.4 ff  Cout =   7.2 ff  Cmax = 146.5 ff  G =  295  
ABC: Path 24 --    5548 : 3    1 sky130_fd_sc_hd__a21oi_1               A =   5.00  Df =4584.0 -107.7 ps  S = 103.2 ps  Cin =  2.3 ff  Cout =   2.6 ff  Cmax =  74.2 ff  G =  105  
ABC: Path 25 --    5553 : 3    3 sky130_fd_sc_hd__o21ai_1               A =   5.00  Df =4674.3  -27.7 ps  S = 179.8 ps  Cin =  2.3 ff  Cout =   7.3 ff  Cmax =  80.6 ff  G =  311  
ABC: Path 26 --    5554 : 2    3 sky130_fd_sc_hd__nand2_1               A =   3.75  Df =4770.4  -21.8 ps  S =  82.2 ps  Cin =  2.3 ff  Cout =   7.1 ff  Cmax = 166.6 ff  G =  298  
ABC: Path 27 --    5557 : 2    2 sky130_fd_sc_hd__nand2_1               A =   3.75  Df =4835.6   -5.0 ps  S =  69.8 ps  Cin =  2.3 ff  Cout =   4.9 ff  Cmax = 166.6 ff  G =  207  
ABC: Path 28 --    5561 : 4    2 sky130_fd_sc_hd__o2bb2ai_1             A =   8.76  Df =4964.3  -11.8 ps  S = 143.4 ps  Cin =  2.4 ff  Cout =   4.7 ff  Cmax =  76.0 ff  G =  193  
ABC: Path 29 --    5564 : 4    1 sky130_fd_sc_hd__nand4_1               A =   6.26  Df =5041.5   -7.7 ps  S = 242.2 ps  Cin =  2.3 ff  Cout =   2.4 ff  Cmax = 124.5 ff  G =  100  
ABC: Path 30 --    5568 : 3    1 sky130_fd_sc_hd__a21oi_1               A =   5.00  Df =5185.7  -95.6 ps  S = 226.7 ps  Cin =  2.3 ff  Cout =   0.0 ff  Cmax =  74.2 ff  G =    0  
ABC: Start-point = pi109 (\k [2]).  End-point = po238 ($auto$rtlil.cc:3513:MuxGate$53808).
ABC: + write_blif <abc-temp-dir>/output.blif 

9.1.2. Re-integrating ABC results.
ABC RESULTS:   sky130_fd_sc_hd__a2111oi_0 cells:        2
ABC RESULTS:   sky130_fd_sc_hd__a211o_1 cells:       12
ABC RESULTS:   sky130_fd_sc_hd__a211oi_1 cells:        7
ABC RESULTS:   sky130_fd_sc_hd__a21boi_0 cells:       26
ABC RESULTS:   sky130_fd_sc_hd__a21boi_1 cells:       22
ABC RESULTS:   sky130_fd_sc_hd__a21o_1 cells:       62
ABC RESULTS:   sky130_fd_sc_hd__a21oi_1 cells:      737
ABC RESULTS:   sky130_fd_sc_hd__a21oi_2 cells:       12
ABC RESULTS:   sky130_fd_sc_hd__a21oi_4 cells:        2
ABC RESULTS:   sky130_fd_sc_hd__a22o_1 cells:       13
ABC RESULTS:   sky130_fd_sc_hd__a22oi_1 cells:       21
ABC RESULTS:   sky130_fd_sc_hd__a2bb2oi_1 cells:        5
ABC RESULTS:   sky130_fd_sc_hd__a311o_1 cells:        1
ABC RESULTS:   sky130_fd_sc_hd__a311oi_1 cells:        9
ABC RESULTS:   sky130_fd_sc_hd__a31o_2 cells:        5
ABC RESULTS:   sky130_fd_sc_hd__a31oi_1 cells:      115
ABC RESULTS:   sky130_fd_sc_hd__a31oi_2 cells:        7
ABC RESULTS:   sky130_fd_sc_hd__a31oi_4 cells:        3
ABC RESULTS:   sky130_fd_sc_hd__a32oi_1 cells:        4
ABC RESULTS:   sky130_fd_sc_hd__a32oi_4 cells:        4
ABC RESULTS:   sky130_fd_sc_hd__a41o_1 cells:        1
ABC RESULTS:   sky130_fd_sc_hd__a41oi_1 cells:        5
ABC RESULTS:   sky130_fd_sc_hd__a41oi_2 cells:        1
ABC RESULTS:   sky130_fd_sc_hd__and2_0 cells:        3
ABC RESULTS:   sky130_fd_sc_hd__and2_1 cells:        3
ABC RESULTS:   sky130_fd_sc_hd__and2_2 cells:        5
ABC RESULTS:   sky130_fd_sc_hd__and3_1 cells:       39
ABC RESULTS:   sky130_fd_sc_hd__clkinv_1 cells:      694
ABC RESULTS:   sky130_fd_sc_hd__inv_1 cells:        6
ABC RESULTS:   sky130_fd_sc_hd__inv_2 cells:       35
ABC RESULTS:   sky130_fd_sc_hd__inv_4 cells:        2
ABC RESULTS:   sky130_fd_sc_hd__inv_6 cells:        1
ABC RESULTS:   sky130_fd_sc_hd__lpflow_clkinvkapwr_1 cells:        1
ABC RESULTS:   sky130_fd_sc_hd__lpflow_clkinvkapwr_16 cells:        3
ABC RESULTS:   sky130_fd_sc_hd__lpflow_inputiso0n_1 cells:       26
ABC RESULTS:   sky130_fd_sc_hd__lpflow_inputiso1p_1 cells:       10
ABC RESULTS:   sky130_fd_sc_hd__lpflow_isobufsrc_1 cells:       13
ABC RESULTS:   sky130_fd_sc_hd__lpflow_isobufsrc_4 cells:        1
ABC RESULTS:   sky130_fd_sc_hd__maj3_1 cells:        2
ABC RESULTS:   sky130_fd_sc_hd__maj3_2 cells:        2
ABC RESULTS:   sky130_fd_sc_hd__mux2i_1 cells:        4
ABC RESULTS:   sky130_fd_sc_hd__nand2_1 cells:     1930
ABC RESULTS:   sky130_fd_sc_hd__nand2_2 cells:       24
ABC RESULTS:   sky130_fd_sc_hd__nand2_4 cells:        7
ABC RESULTS:   sky130_fd_sc_hd__nand2b_1 cells:        9
ABC RESULTS:   sky130_fd_sc_hd__nand3_1 cells:     1048
ABC RESULTS:   sky130_fd_sc_hd__nand3_2 cells:        7
ABC RESULTS:   sky130_fd_sc_hd__nand3_4 cells:        2
ABC RESULTS:   sky130_fd_sc_hd__nand3b_1 cells:       74
ABC RESULTS:   sky130_fd_sc_hd__nand3b_2 cells:        2
ABC RESULTS:   sky130_fd_sc_hd__nand3b_4 cells:        1
ABC RESULTS:   sky130_fd_sc_hd__nand4_1 cells:      303
ABC RESULTS:   sky130_fd_sc_hd__nand4_2 cells:        3
ABC RESULTS:   sky130_fd_sc_hd__nor2_1 cells:      670
ABC RESULTS:   sky130_fd_sc_hd__nor2_2 cells:        7
ABC RESULTS:   sky130_fd_sc_hd__nor2_4 cells:        4
ABC RESULTS:   sky130_fd_sc_hd__nor2_8 cells:        1
ABC RESULTS:   sky130_fd_sc_hd__nor3_1 cells:       43
ABC RESULTS:   sky130_fd_sc_hd__nor3b_1 cells:       11
ABC RESULTS:   sky130_fd_sc_hd__nor4_1 cells:        4
ABC RESULTS:   sky130_fd_sc_hd__o2111a_1 cells:        6
ABC RESULTS:   sky130_fd_sc_hd__o2111ai_1 cells:       10
ABC RESULTS:   sky130_fd_sc_hd__o2111ai_2 cells:        2
ABC RESULTS:   sky130_fd_sc_hd__o211a_1 cells:       14
ABC RESULTS:   sky130_fd_sc_hd__o211ai_1 cells:       91
ABC RESULTS:   sky130_fd_sc_hd__o211ai_2 cells:        6
ABC RESULTS:   sky130_fd_sc_hd__o21a_1 cells:       31
ABC RESULTS:   sky130_fd_sc_hd__o21a_2 cells:        2
ABC RESULTS:   sky130_fd_sc_hd__o21ai_0 cells:      582
ABC RESULTS:   sky130_fd_sc_hd__o21ai_1 cells:      131
ABC RESULTS:   sky130_fd_sc_hd__o21ai_2 cells:        5
ABC RESULTS:   sky130_fd_sc_hd__o21bai_1 cells:       60
ABC RESULTS:   sky130_fd_sc_hd__o21bai_2 cells:       11
ABC RESULTS:   sky130_fd_sc_hd__o221a_2 cells:        1
ABC RESULTS:   sky130_fd_sc_hd__o221ai_1 cells:        5
ABC RESULTS:   sky130_fd_sc_hd__o22ai_1 cells:       30
ABC RESULTS:   sky130_fd_sc_hd__o22ai_2 cells:        2
ABC RESULTS:   sky130_fd_sc_hd__o2bb2ai_1 cells:       27
ABC RESULTS:   sky130_fd_sc_hd__o31ai_1 cells:        4
ABC RESULTS:   sky130_fd_sc_hd__o31ai_2 cells:        3
ABC RESULTS:   sky130_fd_sc_hd__o32ai_1 cells:        1
ABC RESULTS:   sky130_fd_sc_hd__o41ai_1 cells:        1
ABC RESULTS:   sky130_fd_sc_hd__or2_0 cells:        4
ABC RESULTS:   sky130_fd_sc_hd__or2_1 cells:       12
ABC RESULTS:   sky130_fd_sc_hd__or2_2 cells:       70
ABC RESULTS:   sky130_fd_sc_hd__or3_1 cells:        2
ABC RESULTS:   sky130_fd_sc_hd__xnor2_1 cells:       33
ABC RESULTS:   sky130_fd_sc_hd__xnor3_1 cells:       59
ABC RESULTS:   sky130_fd_sc_hd__xor2_1 cells:      102
ABC RESULTS:   sky130_fd_sc_hd__xor2_2 cells:        1
ABC RESULTS:   sky130_fd_sc_hd__xor3_1 cells:        5
ABC RESULTS:        internal signals:     5232
ABC RESULTS:           input signals:      774
ABC RESULTS:          output signals:      645
Removing temp directory.
Removing global temp directory.

10. Executing OPT_CLEAN pass (remove unused cells and wires).
Finding unused cells or wires in module \ffn_col_serial..
Removed 0 unused cells and 6411 unused wires.
<suppressed ~18 debug messages>

11. Printing statistics.

=== ffn_col_serial ===

        +----------Local Count, excluding submodules.
        |        +-Local Area, excluding submodules.
        |        | 
     8417        - wires
    27445        - wire bits
     1028        - public wires
    20056        - public wire bits
        6        - ports
      388        - port bits
     8050 5.05E+04 cells
       16        -   $scopeinfo
        2   17.517   sky130_fd_sc_hd__a2111oi_0
       12  105.101   sky130_fd_sc_hd__a211o_1
        7    52.55   sky130_fd_sc_hd__a211oi_1
       26  195.187   sky130_fd_sc_hd__a21boi_0
       22  165.158   sky130_fd_sc_hd__a21boi_1
       62  465.446   sky130_fd_sc_hd__a21o_1
      737 3.69E+03   sky130_fd_sc_hd__a21oi_1
       12  105.101   sky130_fd_sc_hd__a21oi_2
        2   32.531   sky130_fd_sc_hd__a21oi_4
       13  113.859   sky130_fd_sc_hd__a22o_1
       21  157.651   sky130_fd_sc_hd__a22oi_1
        5   43.792   sky130_fd_sc_hd__a2bb2oi_1
        1    10.01   sky130_fd_sc_hd__a311o_1
        9   78.826   sky130_fd_sc_hd__a311oi_1
        5   43.792   sky130_fd_sc_hd__a31o_2
      115   719.44   sky130_fd_sc_hd__a31oi_1
        7   87.584   sky130_fd_sc_hd__a31oi_2
        3   63.811   sky130_fd_sc_hd__a31oi_4
        4   35.034   sky130_fd_sc_hd__a32oi_1
        4  110.106   sky130_fd_sc_hd__a32oi_4
        1    10.01   sky130_fd_sc_hd__a41o_1
        5   43.792   sky130_fd_sc_hd__a41oi_1
        1   16.266   sky130_fd_sc_hd__a41oi_2
        3   18.768   sky130_fd_sc_hd__and2_0
        3   18.768   sky130_fd_sc_hd__and2_1
        5   37.536   sky130_fd_sc_hd__and2_2
       39  243.984   sky130_fd_sc_hd__and3_1
      694  2.6E+03   sky130_fd_sc_hd__clkinv_1
      645 1.29E+04   sky130_fd_sc_hd__dfxtp_1
        6   22.522   sky130_fd_sc_hd__inv_1
       35  131.376   sky130_fd_sc_hd__inv_2
        2   12.512   sky130_fd_sc_hd__inv_4
        1    8.758   sky130_fd_sc_hd__inv_6
        1    3.754   sky130_fd_sc_hd__lpflow_clkinvkapwr_1
        3   90.086   sky130_fd_sc_hd__lpflow_clkinvkapwr_16
       26  162.656   sky130_fd_sc_hd__lpflow_inputiso0n_1
       10    62.56   sky130_fd_sc_hd__lpflow_inputiso1p_1
       13   81.328   sky130_fd_sc_hd__lpflow_isobufsrc_1
        1   13.763   sky130_fd_sc_hd__lpflow_isobufsrc_4
        2   20.019   sky130_fd_sc_hd__maj3_1
        2   22.522   sky130_fd_sc_hd__maj3_2
        4   40.038   sky130_fd_sc_hd__mux2i_1
     1930 7.24E+03   sky130_fd_sc_hd__nand2_1
       24  150.144   sky130_fd_sc_hd__nand2_2
        7   78.826   sky130_fd_sc_hd__nand2_4
        9   56.304   sky130_fd_sc_hd__nand2b_1
     1048  5245.03   sky130_fd_sc_hd__nand3_1
        7   70.067   sky130_fd_sc_hd__nand3_2
        2   35.034   sky130_fd_sc_hd__nand3_4
       74  555.533   sky130_fd_sc_hd__nand3b_1
        2   22.522   sky130_fd_sc_hd__nand3b_2
        1   20.019   sky130_fd_sc_hd__nand3b_4
      303  1.9E+03   sky130_fd_sc_hd__nand4_1
        3   37.536   sky130_fd_sc_hd__nand4_2
      670 2.51E+03   sky130_fd_sc_hd__nor2_1
        7   43.792   sky130_fd_sc_hd__nor2_2
        4   45.043   sky130_fd_sc_hd__nor2_4
        1   20.019   sky130_fd_sc_hd__nor2_8
       43  215.206   sky130_fd_sc_hd__nor3_1
       11   82.579   sky130_fd_sc_hd__nor3b_1
        4   25.024   sky130_fd_sc_hd__nor4_1
        6   67.565   sky130_fd_sc_hd__o2111a_1
       10   87.584   sky130_fd_sc_hd__o2111ai_1
        2   30.029   sky130_fd_sc_hd__o2111ai_2
       14  140.134   sky130_fd_sc_hd__o211a_1
       91  683.155   sky130_fd_sc_hd__o211ai_1
        6   75.072   sky130_fd_sc_hd__o211ai_2
       31  232.723   sky130_fd_sc_hd__o21a_1
        2   17.517   sky130_fd_sc_hd__o21a_2
      582 2.91E+03   sky130_fd_sc_hd__o21ai_0
      131  655.629   sky130_fd_sc_hd__o21ai_1
        5   43.792   sky130_fd_sc_hd__o21ai_2
       60  450.432   sky130_fd_sc_hd__o21bai_1
       11  123.869   sky130_fd_sc_hd__o21bai_2
        1   11.261   sky130_fd_sc_hd__o221a_2
        5   43.792   sky130_fd_sc_hd__o221ai_1
       30   187.68   sky130_fd_sc_hd__o22ai_1
        2   25.024   sky130_fd_sc_hd__o22ai_2
       27  236.477   sky130_fd_sc_hd__o2bb2ai_1
        4   30.029   sky130_fd_sc_hd__o31ai_1
        3   37.536   sky130_fd_sc_hd__o31ai_2
        1    8.758   sky130_fd_sc_hd__o32ai_1
        1    8.758   sky130_fd_sc_hd__o41ai_1
        4   25.024   sky130_fd_sc_hd__or2_0
       12   75.072   sky130_fd_sc_hd__or2_1
       70   437.92   sky130_fd_sc_hd__or2_2
        2   12.512   sky130_fd_sc_hd__or3_1
       33  289.027   sky130_fd_sc_hd__xnor2_1
       59 1.33E+03   sky130_fd_sc_hd__xnor3_1
      102  893.357   sky130_fd_sc_hd__xor2_1
        1   16.266   sky130_fd_sc_hd__xor2_2
        5  118.864   sky130_fd_sc_hd__xor3_1

   Area for cell type $scopeinfo is unknown!

   Chip area for module '\ffn_col_serial': 50533.465600
     of which used for sequential elements: 12912.384000 (25.55%)

12. Executing Verilog backend.

12.1. Executing BMUXMAP pass.

12.2. Executing DEMUXMAP pass.
Dumping module `\ffn_col_serial'.

Warnings: 2 unique messages, 4 total
End of script. Logfile hash: 05e537334e, time: 10.04s, user: 5.07s, system: 0.23s, MEM: 256.09 MB peak
Yosys 0.68+post (git sha1 c12172fbae8af5e20f6fb52e3d4e92d56ed587b6, Release, AppleClang clang++ 16.0.0.16000026)
Time spent: 47% 2x abc (4 sec), 10% 47x opt_expr (1 sec), ...


Warning: Replacing memory \acc with list of registers. See /Users/toprakgundogdu/qwen-ffn-rom/rtl/ffn_col_serial_16x16_b4.v:154
Warning: Replacing memory \x_r with list of registers. See /Users/toprakgundogdu/qwen-ffn-rom/rtl/ffn_col_serial_16x16_b4.v:152
