
 /----------------------------------------------------------------------------\
 |  yosys -- Yosys Open SYnthesis Suite                                       |
 |  Copyright (C) 2012 - 2026  Claire Xenia Wolf <claire@yosyshq.com>         |
 |  Distributed under an ISC-like license, type "license" to see terms        |
 \----------------------------------------------------------------------------/
 Yosys 0.68+post (git sha1 c12172fbae8af5e20f6fb52e3d4e92d56ed587b6, Release, AppleClang clang++ 16.0.0.16000026)

-- Running command `
read_verilog -sv /Users/toprakgundogdu/qwen-ffn-rom/rtl/ffn_tile_16x16_b4_reg.v
hierarchy -check -top ffn_tile_reg
proc; flatten
opt_expr; opt_clean
synth -top ffn_tile_reg
dfflibmap -liberty /Users/toprakgundogdu/.volare/sky130A/libs.ref/sky130_fd_sc_hd/lib/sky130_fd_sc_hd__tt_025C_1v80.lib
abc -liberty /Users/toprakgundogdu/.volare/sky130A/libs.ref/sky130_fd_sc_hd/lib/sky130_fd_sc_hd__tt_025C_1v80.lib -script +strash;ifraig;scorr;dc2;retime,D,{{D}};strash;dch,-f;map,-M,1,{{D}};topo;upsize,{{D}};dnsize,{{D}};stime,-p
opt_clean
stat -liberty /Users/toprakgundogdu/.volare/sky130A/libs.ref/sky130_fd_sc_hd/lib/sky130_fd_sc_hd__tt_025C_1v80.lib
write_verilog -noattr /Users/toprakgundogdu/qwen-ffn-rom/artifacts/mapped/wordpar_csd_16x16.v
' --

1. Executing Verilog-2005 frontend: /Users/toprakgundogdu/qwen-ffn-rom/rtl/ffn_tile_16x16_b4_reg.v
Parsing SystemVerilog input from `/Users/toprakgundogdu/qwen-ffn-rom/rtl/ffn_tile_16x16_b4_reg.v' to AST representation.
Generating RTLIL representation for module `\add_tree'.
Generating RTLIL representation for module `\ffn_tile'.
Generating RTLIL representation for module `\ffn_tile_reg'.
Successfully finished Verilog frontend.

2. Executing HIERARCHY pass (managing design hierarchy).

2.1. Analyzing design hierarchy..
Top module:  \ffn_tile_reg
Used module:     \ffn_tile
Used module:         \add_tree
Parameter \N = 16
Parameter \W = 16

2.2. Executing AST frontend in derive mode using pre-parsed AST for module `\add_tree'.
Parameter \N = 16
Parameter \W = 16
Generating RTLIL representation for module `$paramod$19610d36066bea265eccabe9a1b9eed43380701f\add_tree'.
Parameter \N = 16
Parameter \W = 16
Found cached RTLIL representation for module `$paramod$19610d36066bea265eccabe9a1b9eed43380701f\add_tree'.
Parameter \N = 16
Parameter \W = 16
Found cached RTLIL representation for module `$paramod$19610d36066bea265eccabe9a1b9eed43380701f\add_tree'.
Parameter \N = 16
Parameter \W = 16
Found cached RTLIL representation for module `$paramod$19610d36066bea265eccabe9a1b9eed43380701f\add_tree'.
Parameter \N = 16
Parameter \W = 16
Found cached RTLIL representation for module `$paramod$19610d36066bea265eccabe9a1b9eed43380701f\add_tree'.
Parameter \N = 16
Parameter \W = 16
Found cached RTLIL representation for module `$paramod$19610d36066bea265eccabe9a1b9eed43380701f\add_tree'.
Parameter \N = 16
Parameter \W = 16
Found cached RTLIL representation for module `$paramod$19610d36066bea265eccabe9a1b9eed43380701f\add_tree'.
Parameter \N = 16
Parameter \W = 16
Found cached RTLIL representation for module `$paramod$19610d36066bea265eccabe9a1b9eed43380701f\add_tree'.
Parameter \N = 16
Parameter \W = 16
Found cached RTLIL representation for module `$paramod$19610d36066bea265eccabe9a1b9eed43380701f\add_tree'.
Parameter \N = 16
Parameter \W = 16
Found cached RTLIL representation for module `$paramod$19610d36066bea265eccabe9a1b9eed43380701f\add_tree'.
Parameter \N = 16
Parameter \W = 16
Found cached RTLIL representation for module `$paramod$19610d36066bea265eccabe9a1b9eed43380701f\add_tree'.
Parameter \N = 16
Parameter \W = 16
Found cached RTLIL representation for module `$paramod$19610d36066bea265eccabe9a1b9eed43380701f\add_tree'.
Parameter \N = 16
Parameter \W = 16
Found cached RTLIL representation for module `$paramod$19610d36066bea265eccabe9a1b9eed43380701f\add_tree'.
Parameter \N = 16
Parameter \W = 16
Found cached RTLIL representation for module `$paramod$19610d36066bea265eccabe9a1b9eed43380701f\add_tree'.
Parameter \N = 16
Parameter \W = 16
Found cached RTLIL representation for module `$paramod$19610d36066bea265eccabe9a1b9eed43380701f\add_tree'.
Parameter \N = 16
Parameter \W = 16
Found cached RTLIL representation for module `$paramod$19610d36066bea265eccabe9a1b9eed43380701f\add_tree'.

2.3. Analyzing design hierarchy..
Top module:  \ffn_tile_reg
Used module:     \ffn_tile
Used module:         $paramod$19610d36066bea265eccabe9a1b9eed43380701f\add_tree

2.4. Analyzing design hierarchy..
Top module:  \ffn_tile_reg
Used module:     \ffn_tile
Used module:         $paramod$19610d36066bea265eccabe9a1b9eed43380701f\add_tree
Removing unused module `\add_tree'.
Removed 1 unused modules.

3. Executing PROC pass (convert processes to netlists).

3.1. Executing PROC_CLEAN pass (remove empty switches from decision trees).
Found and cleaned up 1 empty switch in `\ffn_tile.$proc$/Users/toprakgundogdu/qwen-ffn-rom/rtl/ffn_tile_16x16_b4_reg.v:115$2487'.
Found and cleaned up 1 empty switch in `\ffn_tile.$proc$/Users/toprakgundogdu/qwen-ffn-rom/rtl/ffn_tile_16x16_b4_reg.v:115$2479'.
Found and cleaned up 1 empty switch in `\ffn_tile.$proc$/Users/toprakgundogdu/qwen-ffn-rom/rtl/ffn_tile_16x16_b4_reg.v:115$2472'.
Found and cleaned up 1 empty switch in `\ffn_tile.$proc$/Users/toprakgundogdu/qwen-ffn-rom/rtl/ffn_tile_16x16_b4_reg.v:115$2464'.
Found and cleaned up 1 empty switch in `\ffn_tile.$proc$/Users/toprakgundogdu/qwen-ffn-rom/rtl/ffn_tile_16x16_b4_reg.v:115$2455'.
Found and cleaned up 1 empty switch in `\ffn_tile.$proc$/Users/toprakgundogdu/qwen-ffn-rom/rtl/ffn_tile_16x16_b4_reg.v:115$2448'.
Found and cleaned up 1 empty switch in `\ffn_tile.$proc$/Users/toprakgundogdu/qwen-ffn-rom/rtl/ffn_tile_16x16_b4_reg.v:115$2439'.
Found and cleaned up 1 empty switch in `\ffn_tile.$proc$/Users/toprakgundogdu/qwen-ffn-rom/rtl/ffn_tile_16x16_b4_reg.v:115$2432'.
Found and cleaned up 1 empty switch in `\ffn_tile.$proc$/Users/toprakgundogdu/qwen-ffn-rom/rtl/ffn_tile_16x16_b4_reg.v:115$2424'.
Found and cleaned up 1 empty switch in `\ffn_tile.$proc$/Users/toprakgundogdu/qwen-ffn-rom/rtl/ffn_tile_16x16_b4_reg.v:115$2416'.
Found and cleaned up 1 empty switch in `\ffn_tile.$proc$/Users/toprakgundogdu/qwen-ffn-rom/rtl/ffn_tile_16x16_b4_reg.v:115$2407'.
Found and cleaned up 1 empty switch in `\ffn_tile.$proc$/Users/toprakgundogdu/qwen-ffn-rom/rtl/ffn_tile_16x16_b4_reg.v:115$2401'.
Found and cleaned up 1 empty switch in `\ffn_tile.$proc$/Users/toprakgundogdu/qwen-ffn-rom/rtl/ffn_tile_16x16_b4_reg.v:115$2393'.
Found and cleaned up 1 empty switch in `\ffn_tile.$proc$/Users/toprakgundogdu/qwen-ffn-rom/rtl/ffn_tile_16x16_b4_reg.v:115$2385'.
Found and cleaned up 1 empty switch in `\ffn_tile.$proc$/Users/toprakgundogdu/qwen-ffn-rom/rtl/ffn_tile_16x16_b4_reg.v:115$2377'.
Found and cleaned up 1 empty switch in `\ffn_tile.$proc$/Users/toprakgundogdu/qwen-ffn-rom/rtl/ffn_tile_16x16_b4_reg.v:115$2370'.
Found and cleaned up 1 empty switch in `\ffn_tile.$proc$/Users/toprakgundogdu/qwen-ffn-rom/rtl/ffn_tile_16x16_b4_reg.v:115$2364'.
Found and cleaned up 1 empty switch in `\ffn_tile.$proc$/Users/toprakgundogdu/qwen-ffn-rom/rtl/ffn_tile_16x16_b4_reg.v:115$2357'.
Found and cleaned up 1 empty switch in `\ffn_tile.$proc$/Users/toprakgundogdu/qwen-ffn-rom/rtl/ffn_tile_16x16_b4_reg.v:115$2351'.
Found and cleaned up 1 empty switch in `\ffn_tile.$proc$/Users/toprakgundogdu/qwen-ffn-rom/rtl/ffn_tile_16x16_b4_reg.v:115$2345'.
Found and cleaned up 1 empty switch in `\ffn_tile.$proc$/Users/toprakgundogdu/qwen-ffn-rom/rtl/ffn_tile_16x16_b4_reg.v:115$2339'.
Found and cleaned up 1 empty switch in `\ffn_tile.$proc$/Users/toprakgundogdu/qwen-ffn-rom/rtl/ffn_tile_16x16_b4_reg.v:115$2333'.
Found and cleaned up 1 empty switch in `\ffn_tile.$proc$/Users/toprakgundogdu/qwen-ffn-rom/rtl/ffn_tile_16x16_b4_reg.v:115$2326'.
Found and cleaned up 1 empty switch in `\ffn_tile.$proc$/Users/toprakgundogdu/qwen-ffn-rom/rtl/ffn_tile_16x16_b4_reg.v:115$2320'.
Found and cleaned up 1 empty switch in `\ffn_tile.$proc$/Users/toprakgundogdu/qwen-ffn-rom/rtl/ffn_tile_16x16_b4_reg.v:115$2314'.
Found and cleaned up 1 empty switch in `\ffn_tile.$proc$/Users/toprakgundogdu/qwen-ffn-rom/rtl/ffn_tile_16x16_b4_reg.v:115$2307'.
Found and cleaned up 1 empty switch in `\ffn_tile.$proc$/Users/toprakgundogdu/qwen-ffn-rom/rtl/ffn_tile_16x16_b4_reg.v:115$2301'.
Found and cleaned up 1 empty switch in `\ffn_tile.$proc$/Users/toprakgundogdu/qwen-ffn-rom/rtl/ffn_tile_16x16_b4_reg.v:115$2295'.
Found and cleaned up 1 empty switch in `\ffn_tile.$proc$/Users/toprakgundogdu/qwen-ffn-rom/rtl/ffn_tile_16x16_b4_reg.v:115$2287'.
Found and cleaned up 1 empty switch in `\ffn_tile.$proc$/Users/toprakgundogdu/qwen-ffn-rom/rtl/ffn_tile_16x16_b4_reg.v:115$2281'.
Found and cleaned up 1 empty switch in `\ffn_tile.$proc$/Users/toprakgundogdu/qwen-ffn-rom/rtl/ffn_tile_16x16_b4_reg.v:115$2275'.
Found and cleaned up 1 empty switch in `\ffn_tile.$proc$/Users/toprakgundogdu/qwen-ffn-rom/rtl/ffn_tile_16x16_b4_reg.v:115$2266'.
Found and cleaned up 1 empty switch in `\ffn_tile.$proc$/Users/toprakgundogdu/qwen-ffn-rom/rtl/ffn_tile_16x16_b4_reg.v:115$2260'.
Found and cleaned up 1 empty switch in `\ffn_tile.$proc$/Users/toprakgundogdu/qwen-ffn-rom/rtl/ffn_tile_16x16_b4_reg.v:115$2252'.
Found and cleaned up 1 empty switch in `\ffn_tile.$proc$/Users/toprakgundogdu/qwen-ffn-rom/rtl/ffn_tile_16x16_b4_reg.v:115$2245'.
Found and cleaned up 1 empty switch in `\ffn_tile.$proc$/Users/toprakgundogdu/qwen-ffn-rom/rtl/ffn_tile_16x16_b4_reg.v:115$2238'.
Found and cleaned up 1 empty switch in `\ffn_tile.$proc$/Users/toprakgundogdu/qwen-ffn-rom/rtl/ffn_tile_16x16_b4_reg.v:115$2232'.
Found and cleaned up 1 empty switch in `\ffn_tile.$proc$/Users/toprakgundogdu/qwen-ffn-rom/rtl/ffn_tile_16x16_b4_reg.v:115$2223'.
Found and cleaned up 1 empty switch in `\ffn_tile.$proc$/Users/toprakgundogdu/qwen-ffn-rom/rtl/ffn_tile_16x16_b4_reg.v:115$2216'.
Found and cleaned up 1 empty switch in `\ffn_tile.$proc$/Users/toprakgundogdu/qwen-ffn-rom/rtl/ffn_tile_16x16_b4_reg.v:115$2208'.
Found and cleaned up 1 empty switch in `\ffn_tile.$proc$/Users/toprakgundogdu/qwen-ffn-rom/rtl/ffn_tile_16x16_b4_reg.v:115$2201'.
Found and cleaned up 1 empty switch in `\ffn_tile.$proc$/Users/toprakgundogdu/qwen-ffn-rom/rtl/ffn_tile_16x16_b4_reg.v:115$2192'.
Found and cleaned up 1 empty switch in `\ffn_tile.$proc$/Users/toprakgundogdu/qwen-ffn-rom/rtl/ffn_tile_16x16_b4_reg.v:115$2186'.
Found and cleaned up 1 empty switch in `\ffn_tile.$proc$/Users/toprakgundogdu/qwen-ffn-rom/rtl/ffn_tile_16x16_b4_reg.v:115$2180'.
Found and cleaned up 1 empty switch in `\ffn_tile.$proc$/Users/toprakgundogdu/qwen-ffn-rom/rtl/ffn_tile_16x16_b4_reg.v:115$2171'.
Found and cleaned up 1 empty switch in `\ffn_tile.$proc$/Users/toprakgundogdu/qwen-ffn-rom/rtl/ffn_tile_16x16_b4_reg.v:115$2163'.
Found and cleaned up 1 empty switch in `\ffn_tile.$proc$/Users/toprakgundogdu/qwen-ffn-rom/rtl/ffn_tile_16x16_b4_reg.v:115$2155'.
Found and cleaned up 1 empty switch in `\ffn_tile.$proc$/Users/toprakgundogdu/qwen-ffn-rom/rtl/ffn_tile_16x16_b4_reg.v:115$2146'.
Found and cleaned up 1 empty switch in `\ffn_tile.$proc$/Users/toprakgundogdu/qwen-ffn-rom/rtl/ffn_tile_16x16_b4_reg.v:115$2138'.
Found and cleaned up 1 empty switch in `\ffn_tile.$proc$/Users/toprakgundogdu/qwen-ffn-rom/rtl/ffn_tile_16x16_b4_reg.v:115$2130'.
Found and cleaned up 1 empty switch in `\ffn_tile.$proc$/Users/toprakgundogdu/qwen-ffn-rom/rtl/ffn_tile_16x16_b4_reg.v:115$2122'.
Found and cleaned up 1 empty switch in `\ffn_tile.$proc$/Users/toprakgundogdu/qwen-ffn-rom/rtl/ffn_tile_16x16_b4_reg.v:115$2113'.
Found and cleaned up 1 empty switch in `\ffn_tile.$proc$/Users/toprakgundogdu/qwen-ffn-rom/rtl/ffn_tile_16x16_b4_reg.v:115$2103'.
Found and cleaned up 1 empty switch in `\ffn_tile.$proc$/Users/toprakgundogdu/qwen-ffn-rom/rtl/ffn_tile_16x16_b4_reg.v:115$2096'.
Found and cleaned up 1 empty switch in `\ffn_tile.$proc$/Users/toprakgundogdu/qwen-ffn-rom/rtl/ffn_tile_16x16_b4_reg.v:115$2090'.
Found and cleaned up 1 empty switch in `\ffn_tile.$proc$/Users/toprakgundogdu/qwen-ffn-rom/rtl/ffn_tile_16x16_b4_reg.v:115$2084'.
Found and cleaned up 1 empty switch in `\ffn_tile.$proc$/Users/toprakgundogdu/qwen-ffn-rom/rtl/ffn_tile_16x16_b4_reg.v:115$2077'.
Found and cleaned up 1 empty switch in `\ffn_tile.$proc$/Users/toprakgundogdu/qwen-ffn-rom/rtl/ffn_tile_16x16_b4_reg.v:115$2069'.
Found and cleaned up 1 empty switch in `\ffn_tile.$proc$/Users/toprakgundogdu/qwen-ffn-rom/rtl/ffn_tile_16x16_b4_reg.v:115$2062'.
Found and cleaned up 1 empty switch in `\ffn_tile.$proc$/Users/toprakgundogdu/qwen-ffn-rom/rtl/ffn_tile_16x16_b4_reg.v:115$2056'.
Found and cleaned up 1 empty switch in `\ffn_tile.$proc$/Users/toprakgundogdu/qwen-ffn-rom/rtl/ffn_tile_16x16_b4_reg.v:115$2048'.
Found and cleaned up 1 empty switch in `\ffn_tile.$proc$/Users/toprakgundogdu/qwen-ffn-rom/rtl/ffn_tile_16x16_b4_reg.v:115$2042'.
Found and cleaned up 1 empty switch in `\ffn_tile.$proc$/Users/toprakgundogdu/qwen-ffn-rom/rtl/ffn_tile_16x16_b4_reg.v:115$2036'.
Found and cleaned up 1 empty switch in `\ffn_tile.$proc$/Users/toprakgundogdu/qwen-ffn-rom/rtl/ffn_tile_16x16_b4_reg.v:115$2027'.
Found and cleaned up 1 empty switch in `\ffn_tile.$proc$/Users/toprakgundogdu/qwen-ffn-rom/rtl/ffn_tile_16x16_b4_reg.v:115$2020'.
Found and cleaned up 1 empty switch in `\ffn_tile.$proc$/Users/toprakgundogdu/qwen-ffn-rom/rtl/ffn_tile_16x16_b4_reg.v:115$2012'.
Found and cleaned up 1 empty switch in `\ffn_tile.$proc$/Users/toprakgundogdu/qwen-ffn-rom/rtl/ffn_tile_16x16_b4_reg.v:115$2004'.
Found and cleaned up 1 empty switch in `\ffn_tile.$proc$/Users/toprakgundogdu/qwen-ffn-rom/rtl/ffn_tile_16x16_b4_reg.v:115$1997'.
Found and cleaned up 1 empty switch in `\ffn_tile.$proc$/Users/toprakgundogdu/qwen-ffn-rom/rtl/ffn_tile_16x16_b4_reg.v:115$1989'.
Found and cleaned up 1 empty switch in `\ffn_tile.$proc$/Users/toprakgundogdu/qwen-ffn-rom/rtl/ffn_tile_16x16_b4_reg.v:115$1982'.
Found and cleaned up 1 empty switch in `\ffn_tile.$proc$/Users/toprakgundogdu/qwen-ffn-rom/rtl/ffn_tile_16x16_b4_reg.v:115$1973'.
Found and cleaned up 1 empty switch in `\ffn_tile.$proc$/Users/toprakgundogdu/qwen-ffn-rom/rtl/ffn_tile_16x16_b4_reg.v:115$1966'.
Found and cleaned up 1 empty switch in `\ffn_tile.$proc$/Users/toprakgundogdu/qwen-ffn-rom/rtl/ffn_tile_16x16_b4_reg.v:115$1960'.
Found and cleaned up 1 empty switch in `\ffn_tile.$proc$/Users/toprakgundogdu/qwen-ffn-rom/rtl/ffn_tile_16x16_b4_reg.v:115$1954'.
Found and cleaned up 1 empty switch in `\ffn_tile.$proc$/Users/toprakgundogdu/qwen-ffn-rom/rtl/ffn_tile_16x16_b4_reg.v:115$1947'.
Found and cleaned up 1 empty switch in `\ffn_tile.$proc$/Users/toprakgundogdu/qwen-ffn-rom/rtl/ffn_tile_16x16_b4_reg.v:115$1941'.
Found and cleaned up 1 empty switch in `\ffn_tile.$proc$/Users/toprakgundogdu/qwen-ffn-rom/rtl/ffn_tile_16x16_b4_reg.v:115$1934'.
Found and cleaned up 1 empty switch in `\ffn_tile.$proc$/Users/toprakgundogdu/qwen-ffn-rom/rtl/ffn_tile_16x16_b4_reg.v:115$1926'.
Found and cleaned up 1 empty switch in `\ffn_tile.$proc$/Users/toprakgundogdu/qwen-ffn-rom/rtl/ffn_tile_16x16_b4_reg.v:115$1919'.
Found and cleaned up 1 empty switch in `\ffn_tile.$proc$/Users/toprakgundogdu/qwen-ffn-rom/rtl/ffn_tile_16x16_b4_reg.v:115$1913'.
Found and cleaned up 1 empty switch in `\ffn_tile.$proc$/Users/toprakgundogdu/qwen-ffn-rom/rtl/ffn_tile_16x16_b4_reg.v:115$1907'.
Found and cleaned up 1 empty switch in `\ffn_tile.$proc$/Users/toprakgundogdu/qwen-ffn-rom/rtl/ffn_tile_16x16_b4_reg.v:115$1899'.
Found and cleaned up 1 empty switch in `\ffn_tile.$proc$/Users/toprakgundogdu/qwen-ffn-rom/rtl/ffn_tile_16x16_b4_reg.v:115$1893'.
Found and cleaned up 1 empty switch in `\ffn_tile.$proc$/Users/toprakgundogdu/qwen-ffn-rom/rtl/ffn_tile_16x16_b4_reg.v:115$1885'.
Found and cleaned up 1 empty switch in `\ffn_tile.$proc$/Users/toprakgundogdu/qwen-ffn-rom/rtl/ffn_tile_16x16_b4_reg.v:115$1879'.
Found and cleaned up 1 empty switch in `\ffn_tile.$proc$/Users/toprakgundogdu/qwen-ffn-rom/rtl/ffn_tile_16x16_b4_reg.v:115$1873'.
Found and cleaned up 1 empty switch in `\ffn_tile.$proc$/Users/toprakgundogdu/qwen-ffn-rom/rtl/ffn_tile_16x16_b4_reg.v:115$1866'.
Found and cleaned up 1 empty switch in `\ffn_tile.$proc$/Users/toprakgundogdu/qwen-ffn-rom/rtl/ffn_tile_16x16_b4_reg.v:115$1858'.
Found and cleaned up 1 empty switch in `\ffn_tile.$proc$/Users/toprakgundogdu/qwen-ffn-rom/rtl/ffn_tile_16x16_b4_reg.v:115$1850'.
Found and cleaned up 1 empty switch in `\ffn_tile.$proc$/Users/toprakgundogdu/qwen-ffn-rom/rtl/ffn_tile_16x16_b4_reg.v:115$1842'.
Found and cleaned up 1 empty switch in `\ffn_tile.$proc$/Users/toprakgundogdu/qwen-ffn-rom/rtl/ffn_tile_16x16_b4_reg.v:115$1836'.
Found and cleaned up 1 empty switch in `\ffn_tile.$proc$/Users/toprakgundogdu/qwen-ffn-rom/rtl/ffn_tile_16x16_b4_reg.v:115$1829'.
Found and cleaned up 1 empty switch in `\ffn_tile.$proc$/Users/toprakgundogdu/qwen-ffn-rom/rtl/ffn_tile_16x16_b4_reg.v:115$1823'.
Found and cleaned up 1 empty switch in `\ffn_tile.$proc$/Users/toprakgundogdu/qwen-ffn-rom/rtl/ffn_tile_16x16_b4_reg.v:115$1815'.
Found and cleaned up 1 empty switch in `\ffn_tile.$proc$/Users/toprakgundogdu/qwen-ffn-rom/rtl/ffn_tile_16x16_b4_reg.v:115$1807'.
Found and cleaned up 1 empty switch in `\ffn_tile.$proc$/Users/toprakgundogdu/qwen-ffn-rom/rtl/ffn_tile_16x16_b4_reg.v:115$1799'.
Found and cleaned up 1 empty switch in `\ffn_tile.$proc$/Users/toprakgundogdu/qwen-ffn-rom/rtl/ffn_tile_16x16_b4_reg.v:115$1793'.
Found and cleaned up 1 empty switch in `\ffn_tile.$proc$/Users/toprakgundogdu/qwen-ffn-rom/rtl/ffn_tile_16x16_b4_reg.v:115$1785'.
Found and cleaned up 1 empty switch in `\ffn_tile.$proc$/Users/toprakgundogdu/qwen-ffn-rom/rtl/ffn_tile_16x16_b4_reg.v:115$1776'.
Found and cleaned up 1 empty switch in `\ffn_tile.$proc$/Users/toprakgundogdu/qwen-ffn-rom/rtl/ffn_tile_16x16_b4_reg.v:115$1768'.
Found and cleaned up 1 empty switch in `\ffn_tile.$proc$/Users/toprakgundogdu/qwen-ffn-rom/rtl/ffn_tile_16x16_b4_reg.v:115$1760'.
Found and cleaned up 1 empty switch in `\ffn_tile.$proc$/Users/toprakgundogdu/qwen-ffn-rom/rtl/ffn_tile_16x16_b4_reg.v:115$1752'.
Found and cleaned up 1 empty switch in `\ffn_tile.$proc$/Users/toprakgundogdu/qwen-ffn-rom/rtl/ffn_tile_16x16_b4_reg.v:115$1746'.
Found and cleaned up 1 empty switch in `\ffn_tile.$proc$/Users/toprakgundogdu/qwen-ffn-rom/rtl/ffn_tile_16x16_b4_reg.v:115$1740'.
Found and cleaned up 1 empty switch in `\ffn_tile.$proc$/Users/toprakgundogdu/qwen-ffn-rom/rtl/ffn_tile_16x16_b4_reg.v:115$1733'.
Found and cleaned up 1 empty switch in `\ffn_tile.$proc$/Users/toprakgundogdu/qwen-ffn-rom/rtl/ffn_tile_16x16_b4_reg.v:115$1727'.
Found and cleaned up 1 empty switch in `\ffn_tile.$proc$/Users/toprakgundogdu/qwen-ffn-rom/rtl/ffn_tile_16x16_b4_reg.v:115$1720'.
Found and cleaned up 1 empty switch in `\ffn_tile.$proc$/Users/toprakgundogdu/qwen-ffn-rom/rtl/ffn_tile_16x16_b4_reg.v:115$1714'.
Found and cleaned up 1 empty switch in `\ffn_tile.$proc$/Users/toprakgundogdu/qwen-ffn-rom/rtl/ffn_tile_16x16_b4_reg.v:115$1706'.
Found and cleaned up 1 empty switch in `\ffn_tile.$proc$/Users/toprakgundogdu/qwen-ffn-rom/rtl/ffn_tile_16x16_b4_reg.v:115$1700'.
Found and cleaned up 1 empty switch in `\ffn_tile.$proc$/Users/toprakgundogdu/qwen-ffn-rom/rtl/ffn_tile_16x16_b4_reg.v:115$1694'.
Found and cleaned up 1 empty switch in `\ffn_tile.$proc$/Users/toprakgundogdu/qwen-ffn-rom/rtl/ffn_tile_16x16_b4_reg.v:115$1687'.
Found and cleaned up 1 empty switch in `\ffn_tile.$proc$/Users/toprakgundogdu/qwen-ffn-rom/rtl/ffn_tile_16x16_b4_reg.v:115$1681'.
Found and cleaned up 1 empty switch in `\ffn_tile.$proc$/Users/toprakgundogdu/qwen-ffn-rom/rtl/ffn_tile_16x16_b4_reg.v:115$1675'.
Found and cleaned up 1 empty switch in `\ffn_tile.$proc$/Users/toprakgundogdu/qwen-ffn-rom/rtl/ffn_tile_16x16_b4_reg.v:115$1669'.
Found and cleaned up 1 empty switch in `\ffn_tile.$proc$/Users/toprakgundogdu/qwen-ffn-rom/rtl/ffn_tile_16x16_b4_reg.v:115$1662'.
Found and cleaned up 1 empty switch in `\ffn_tile.$proc$/Users/toprakgundogdu/qwen-ffn-rom/rtl/ffn_tile_16x16_b4_reg.v:115$1654'.
Found and cleaned up 1 empty switch in `\ffn_tile.$proc$/Users/toprakgundogdu/qwen-ffn-rom/rtl/ffn_tile_16x16_b4_reg.v:115$1647'.
Found and cleaned up 1 empty switch in `\ffn_tile.$proc$/Users/toprakgundogdu/qwen-ffn-rom/rtl/ffn_tile_16x16_b4_reg.v:115$1639'.
Found and cleaned up 1 empty switch in `\ffn_tile.$proc$/Users/toprakgundogdu/qwen-ffn-rom/rtl/ffn_tile_16x16_b4_reg.v:115$1633'.
Found and cleaned up 1 empty switch in `\ffn_tile.$proc$/Users/toprakgundogdu/qwen-ffn-rom/rtl/ffn_tile_16x16_b4_reg.v:115$1627'.
Found and cleaned up 1 empty switch in `\ffn_tile.$proc$/Users/toprakgundogdu/qwen-ffn-rom/rtl/ffn_tile_16x16_b4_reg.v:115$1620'.
Found and cleaned up 1 empty switch in `\ffn_tile.$proc$/Users/toprakgundogdu/qwen-ffn-rom/rtl/ffn_tile_16x16_b4_reg.v:115$1614'.
Found and cleaned up 1 empty switch in `\ffn_tile.$proc$/Users/toprakgundogdu/qwen-ffn-rom/rtl/ffn_tile_16x16_b4_reg.v:115$1608'.
Found and cleaned up 1 empty switch in `\ffn_tile.$proc$/Users/toprakgundogdu/qwen-ffn-rom/rtl/ffn_tile_16x16_b4_reg.v:115$1600'.
Found and cleaned up 1 empty switch in `\ffn_tile.$proc$/Users/toprakgundogdu/qwen-ffn-rom/rtl/ffn_tile_16x16_b4_reg.v:115$1594'.
Found and cleaned up 1 empty switch in `\ffn_tile.$proc$/Users/toprakgundogdu/qwen-ffn-rom/rtl/ffn_tile_16x16_b4_reg.v:115$1588'.
Found and cleaned up 1 empty switch in `\ffn_tile.$proc$/Users/toprakgundogdu/qwen-ffn-rom/rtl/ffn_tile_16x16_b4_reg.v:115$1580'.
Found and cleaned up 1 empty switch in `\ffn_tile.$proc$/Users/toprakgundogdu/qwen-ffn-rom/rtl/ffn_tile_16x16_b4_reg.v:115$1571'.
Found and cleaned up 1 empty switch in `\ffn_tile.$proc$/Users/toprakgundogdu/qwen-ffn-rom/rtl/ffn_tile_16x16_b4_reg.v:115$1564'.
Found and cleaned up 1 empty switch in `\ffn_tile.$proc$/Users/toprakgundogdu/qwen-ffn-rom/rtl/ffn_tile_16x16_b4_reg.v:115$1556'.
Found and cleaned up 1 empty switch in `\ffn_tile.$proc$/Users/toprakgundogdu/qwen-ffn-rom/rtl/ffn_tile_16x16_b4_reg.v:115$1550'.
Found and cleaned up 1 empty switch in `\ffn_tile.$proc$/Users/toprakgundogdu/qwen-ffn-rom/rtl/ffn_tile_16x16_b4_reg.v:115$1541'.
Found and cleaned up 1 empty switch in `\ffn_tile.$proc$/Users/toprakgundogdu/qwen-ffn-rom/rtl/ffn_tile_16x16_b4_reg.v:115$1532'.
Found and cleaned up 1 empty switch in `\ffn_tile.$proc$/Users/toprakgundogdu/qwen-ffn-rom/rtl/ffn_tile_16x16_b4_reg.v:115$1524'.
Found and cleaned up 1 empty switch in `\ffn_tile.$proc$/Users/toprakgundogdu/qwen-ffn-rom/rtl/ffn_tile_16x16_b4_reg.v:115$1518'.
Found and cleaned up 1 empty switch in `\ffn_tile.$proc$/Users/toprakgundogdu/qwen-ffn-rom/rtl/ffn_tile_16x16_b4_reg.v:115$1508'.
Found and cleaned up 1 empty switch in `\ffn_tile.$proc$/Users/toprakgundogdu/qwen-ffn-rom/rtl/ffn_tile_16x16_b4_reg.v:115$1502'.
Found and cleaned up 1 empty switch in `\ffn_tile.$proc$/Users/toprakgundogdu/qwen-ffn-rom/rtl/ffn_tile_16x16_b4_reg.v:115$1496'.
Found and cleaned up 1 empty switch in `\ffn_tile.$proc$/Users/toprakgundogdu/qwen-ffn-rom/rtl/ffn_tile_16x16_b4_reg.v:115$1489'.
Found and cleaned up 1 empty switch in `\ffn_tile.$proc$/Users/toprakgundogdu/qwen-ffn-rom/rtl/ffn_tile_16x16_b4_reg.v:115$1480'.
Found and cleaned up 1 empty switch in `\ffn_tile.$proc$/Users/toprakgundogdu/qwen-ffn-rom/rtl/ffn_tile_16x16_b4_reg.v:115$1471'.
Found and cleaned up 1 empty switch in `\ffn_tile.$proc$/Users/toprakgundogdu/qwen-ffn-rom/rtl/ffn_tile_16x16_b4_reg.v:115$1463'.
Found and cleaned up 1 empty switch in `\ffn_tile.$proc$/Users/toprakgundogdu/qwen-ffn-rom/rtl/ffn_tile_16x16_b4_reg.v:115$1454'.
Found and cleaned up 1 empty switch in `\ffn_tile.$proc$/Users/toprakgundogdu/qwen-ffn-rom/rtl/ffn_tile_16x16_b4_reg.v:115$1448'.
Found and cleaned up 1 empty switch in `\ffn_tile.$proc$/Users/toprakgundogdu/qwen-ffn-rom/rtl/ffn_tile_16x16_b4_reg.v:115$1439'.
Found and cleaned up 1 empty switch in `\ffn_tile.$proc$/Users/toprakgundogdu/qwen-ffn-rom/rtl/ffn_tile_16x16_b4_reg.v:115$1430'.
Found and cleaned up 1 empty switch in `\ffn_tile.$proc$/Users/toprakgundogdu/qwen-ffn-rom/rtl/ffn_tile_16x16_b4_reg.v:115$1422'.
Found and cleaned up 1 empty switch in `\ffn_tile.$proc$/Users/toprakgundogdu/qwen-ffn-rom/rtl/ffn_tile_16x16_b4_reg.v:115$1414'.
Found and cleaned up 1 empty switch in `\ffn_tile.$proc$/Users/toprakgundogdu/qwen-ffn-rom/rtl/ffn_tile_16x16_b4_reg.v:115$1405'.
Found and cleaned up 1 empty switch in `\ffn_tile.$proc$/Users/toprakgundogdu/qwen-ffn-rom/rtl/ffn_tile_16x16_b4_reg.v:115$1398'.
Found and cleaned up 1 empty switch in `\ffn_tile.$proc$/Users/toprakgundogdu/qwen-ffn-rom/rtl/ffn_tile_16x16_b4_reg.v:115$1391'.
Found and cleaned up 1 empty switch in `\ffn_tile.$proc$/Users/toprakgundogdu/qwen-ffn-rom/rtl/ffn_tile_16x16_b4_reg.v:115$1383'.
Found and cleaned up 1 empty switch in `\ffn_tile.$proc$/Users/toprakgundogdu/qwen-ffn-rom/rtl/ffn_tile_16x16_b4_reg.v:115$1376'.
Found and cleaned up 1 empty switch in `\ffn_tile.$proc$/Users/toprakgundogdu/qwen-ffn-rom/rtl/ffn_tile_16x16_b4_reg.v:115$1370'.
Found and cleaned up 1 empty switch in `\ffn_tile.$proc$/Users/toprakgundogdu/qwen-ffn-rom/rtl/ffn_tile_16x16_b4_reg.v:115$1361'.
Found and cleaned up 1 empty switch in `\ffn_tile.$proc$/Users/toprakgundogdu/qwen-ffn-rom/rtl/ffn_tile_16x16_b4_reg.v:115$1353'.
Found and cleaned up 1 empty switch in `\ffn_tile.$proc$/Users/toprakgundogdu/qwen-ffn-rom/rtl/ffn_tile_16x16_b4_reg.v:115$1347'.
Found and cleaned up 1 empty switch in `\ffn_tile.$proc$/Users/toprakgundogdu/qwen-ffn-rom/rtl/ffn_tile_16x16_b4_reg.v:115$1340'.
Found and cleaned up 1 empty switch in `\ffn_tile.$proc$/Users/toprakgundogdu/qwen-ffn-rom/rtl/ffn_tile_16x16_b4_reg.v:115$1331'.
Found and cleaned up 1 empty switch in `\ffn_tile.$proc$/Users/toprakgundogdu/qwen-ffn-rom/rtl/ffn_tile_16x16_b4_reg.v:115$1322'.
Found and cleaned up 1 empty switch in `\ffn_tile.$proc$/Users/toprakgundogdu/qwen-ffn-rom/rtl/ffn_tile_16x16_b4_reg.v:115$1316'.
Found and cleaned up 1 empty switch in `\ffn_tile.$proc$/Users/toprakgundogdu/qwen-ffn-rom/rtl/ffn_tile_16x16_b4_reg.v:115$1308'.
Found and cleaned up 1 empty switch in `\ffn_tile.$proc$/Users/toprakgundogdu/qwen-ffn-rom/rtl/ffn_tile_16x16_b4_reg.v:115$1302'.
Found and cleaned up 1 empty switch in `\ffn_tile.$proc$/Users/toprakgundogdu/qwen-ffn-rom/rtl/ffn_tile_16x16_b4_reg.v:115$1293'.
Found and cleaned up 1 empty switch in `\ffn_tile.$proc$/Users/toprakgundogdu/qwen-ffn-rom/rtl/ffn_tile_16x16_b4_reg.v:115$1286'.
Found and cleaned up 1 empty switch in `\ffn_tile.$proc$/Users/toprakgundogdu/qwen-ffn-rom/rtl/ffn_tile_16x16_b4_reg.v:115$1278'.
Found and cleaned up 1 empty switch in `\ffn_tile.$proc$/Users/toprakgundogdu/qwen-ffn-rom/rtl/ffn_tile_16x16_b4_reg.v:115$1272'.
Found and cleaned up 1 empty switch in `\ffn_tile.$proc$/Users/toprakgundogdu/qwen-ffn-rom/rtl/ffn_tile_16x16_b4_reg.v:115$1263'.
Found and cleaned up 1 empty switch in `\ffn_tile.$proc$/Users/toprakgundogdu/qwen-ffn-rom/rtl/ffn_tile_16x16_b4_reg.v:115$1256'.
Found and cleaned up 1 empty switch in `\ffn_tile.$proc$/Users/toprakgundogdu/qwen-ffn-rom/rtl/ffn_tile_16x16_b4_reg.v:115$1249'.
Found and cleaned up 1 empty switch in `\ffn_tile.$proc$/Users/toprakgundogdu/qwen-ffn-rom/rtl/ffn_tile_16x16_b4_reg.v:115$1243'.
Found and cleaned up 1 empty switch in `\ffn_tile.$proc$/Users/toprakgundogdu/qwen-ffn-rom/rtl/ffn_tile_16x16_b4_reg.v:115$1236'.
Found and cleaned up 1 empty switch in `\ffn_tile.$proc$/Users/toprakgundogdu/qwen-ffn-rom/rtl/ffn_tile_16x16_b4_reg.v:115$1227'.
Found and cleaned up 1 empty switch in `\ffn_tile.$proc$/Users/toprakgundogdu/qwen-ffn-rom/rtl/ffn_tile_16x16_b4_reg.v:115$1221'.
Found and cleaned up 1 empty switch in `\ffn_tile.$proc$/Users/toprakgundogdu/qwen-ffn-rom/rtl/ffn_tile_16x16_b4_reg.v:115$1214'.
Found and cleaned up 1 empty switch in `\ffn_tile.$proc$/Users/toprakgundogdu/qwen-ffn-rom/rtl/ffn_tile_16x16_b4_reg.v:115$1206'.
Found and cleaned up 1 empty switch in `\ffn_tile.$proc$/Users/toprakgundogdu/qwen-ffn-rom/rtl/ffn_tile_16x16_b4_reg.v:115$1199'.
Found and cleaned up 1 empty switch in `\ffn_tile.$proc$/Users/toprakgundogdu/qwen-ffn-rom/rtl/ffn_tile_16x16_b4_reg.v:115$1191'.
Found and cleaned up 1 empty switch in `\ffn_tile.$proc$/Users/toprakgundogdu/qwen-ffn-rom/rtl/ffn_tile_16x16_b4_reg.v:115$1185'.
Found and cleaned up 1 empty switch in `\ffn_tile.$proc$/Users/toprakgundogdu/qwen-ffn-rom/rtl/ffn_tile_16x16_b4_reg.v:115$1179'.
Found and cleaned up 1 empty switch in `\ffn_tile.$proc$/Users/toprakgundogdu/qwen-ffn-rom/rtl/ffn_tile_16x16_b4_reg.v:115$1173'.
Found and cleaned up 1 empty switch in `\ffn_tile.$proc$/Users/toprakgundogdu/qwen-ffn-rom/rtl/ffn_tile_16x16_b4_reg.v:115$1165'.
Found and cleaned up 1 empty switch in `\ffn_tile.$proc$/Users/toprakgundogdu/qwen-ffn-rom/rtl/ffn_tile_16x16_b4_reg.v:115$1158'.
Found and cleaned up 1 empty switch in `\ffn_tile.$proc$/Users/toprakgundogdu/qwen-ffn-rom/rtl/ffn_tile_16x16_b4_reg.v:115$1150'.
Found and cleaned up 1 empty switch in `\ffn_tile.$proc$/Users/toprakgundogdu/qwen-ffn-rom/rtl/ffn_tile_16x16_b4_reg.v:115$1144'.
Found and cleaned up 1 empty switch in `\ffn_tile.$proc$/Users/toprakgundogdu/qwen-ffn-rom/rtl/ffn_tile_16x16_b4_reg.v:115$1136'.
Found and cleaned up 1 empty switch in `\ffn_tile.$proc$/Users/toprakgundogdu/qwen-ffn-rom/rtl/ffn_tile_16x16_b4_reg.v:115$1129'.
Found and cleaned up 1 empty switch in `\ffn_tile.$proc$/Users/toprakgundogdu/qwen-ffn-rom/rtl/ffn_tile_16x16_b4_reg.v:115$1121'.
Found and cleaned up 1 empty switch in `\ffn_tile.$proc$/Users/toprakgundogdu/qwen-ffn-rom/rtl/ffn_tile_16x16_b4_reg.v:115$1114'.
Found and cleaned up 1 empty switch in `\ffn_tile.$proc$/Users/toprakgundogdu/qwen-ffn-rom/rtl/ffn_tile_16x16_b4_reg.v:115$1108'.
Found and cleaned up 1 empty switch in `\ffn_tile.$proc$/Users/toprakgundogdu/qwen-ffn-rom/rtl/ffn_tile_16x16_b4_reg.v:115$1100'.
Found and cleaned up 1 empty switch in `\ffn_tile.$proc$/Users/toprakgundogdu/qwen-ffn-rom/rtl/ffn_tile_16x16_b4_reg.v:115$1093'.
Found and cleaned up 1 empty switch in `\ffn_tile.$proc$/Users/toprakgundogdu/qwen-ffn-rom/rtl/ffn_tile_16x16_b4_reg.v:115$1085'.
Found and cleaned up 1 empty switch in `\ffn_tile.$proc$/Users/toprakgundogdu/qwen-ffn-rom/rtl/ffn_tile_16x16_b4_reg.v:115$1075'.
Found and cleaned up 1 empty switch in `\ffn_tile.$proc$/Users/toprakgundogdu/qwen-ffn-rom/rtl/ffn_tile_16x16_b4_reg.v:115$1067'.
Found and cleaned up 1 empty switch in `\ffn_tile.$proc$/Users/toprakgundogdu/qwen-ffn-rom/rtl/ffn_tile_16x16_b4_reg.v:115$1061'.
Found and cleaned up 1 empty switch in `\ffn_tile.$proc$/Users/toprakgundogdu/qwen-ffn-rom/rtl/ffn_tile_16x16_b4_reg.v:115$1052'.
Found and cleaned up 1 empty switch in `\ffn_tile.$proc$/Users/toprakgundogdu/qwen-ffn-rom/rtl/ffn_tile_16x16_b4_reg.v:115$1046'.
Found and cleaned up 1 empty switch in `\ffn_tile.$proc$/Users/toprakgundogdu/qwen-ffn-rom/rtl/ffn_tile_16x16_b4_reg.v:115$1038'.
Found and cleaned up 1 empty switch in `\ffn_tile.$proc$/Users/toprakgundogdu/qwen-ffn-rom/rtl/ffn_tile_16x16_b4_reg.v:115$1032'.
Found and cleaned up 1 empty switch in `\ffn_tile.$proc$/Users/toprakgundogdu/qwen-ffn-rom/rtl/ffn_tile_16x16_b4_reg.v:115$1024'.
Found and cleaned up 1 empty switch in `\ffn_tile.$proc$/Users/toprakgundogdu/qwen-ffn-rom/rtl/ffn_tile_16x16_b4_reg.v:115$1015'.
Found and cleaned up 1 empty switch in `\ffn_tile.$proc$/Users/toprakgundogdu/qwen-ffn-rom/rtl/ffn_tile_16x16_b4_reg.v:115$1007'.
Found and cleaned up 1 empty switch in `\ffn_tile.$proc$/Users/toprakgundogdu/qwen-ffn-rom/rtl/ffn_tile_16x16_b4_reg.v:115$999'.
Found and cleaned up 1 empty switch in `\ffn_tile.$proc$/Users/toprakgundogdu/qwen-ffn-rom/rtl/ffn_tile_16x16_b4_reg.v:115$992'.
Found and cleaned up 1 empty switch in `\ffn_tile.$proc$/Users/toprakgundogdu/qwen-ffn-rom/rtl/ffn_tile_16x16_b4_reg.v:115$985'.
Found and cleaned up 1 empty switch in `\ffn_tile.$proc$/Users/toprakgundogdu/qwen-ffn-rom/rtl/ffn_tile_16x16_b4_reg.v:115$978'.
Found and cleaned up 1 empty switch in `\ffn_tile.$proc$/Users/toprakgundogdu/qwen-ffn-rom/rtl/ffn_tile_16x16_b4_reg.v:115$972'.
Found and cleaned up 1 empty switch in `\ffn_tile.$proc$/Users/toprakgundogdu/qwen-ffn-rom/rtl/ffn_tile_16x16_b4_reg.v:115$965'.
Found and cleaned up 1 empty switch in `\ffn_tile.$proc$/Users/toprakgundogdu/qwen-ffn-rom/rtl/ffn_tile_16x16_b4_reg.v:115$958'.
Found and cleaned up 1 empty switch in `\ffn_tile.$proc$/Users/toprakgundogdu/qwen-ffn-rom/rtl/ffn_tile_16x16_b4_reg.v:115$949'.
Found and cleaned up 1 empty switch in `\ffn_tile.$proc$/Users/toprakgundogdu/qwen-ffn-rom/rtl/ffn_tile_16x16_b4_reg.v:115$941'.
Found and cleaned up 1 empty switch in `\ffn_tile.$proc$/Users/toprakgundogdu/qwen-ffn-rom/rtl/ffn_tile_16x16_b4_reg.v:115$933'.
Found and cleaned up 1 empty switch in `\ffn_tile.$proc$/Users/toprakgundogdu/qwen-ffn-rom/rtl/ffn_tile_16x16_b4_reg.v:115$925'.
Found and cleaned up 1 empty switch in `\ffn_tile.$proc$/Users/toprakgundogdu/qwen-ffn-rom/rtl/ffn_tile_16x16_b4_reg.v:115$916'.
Found and cleaned up 1 empty switch in `\ffn_tile.$proc$/Users/toprakgundogdu/qwen-ffn-rom/rtl/ffn_tile_16x16_b4_reg.v:115$907'.
Found and cleaned up 1 empty switch in `\ffn_tile.$proc$/Users/toprakgundogdu/qwen-ffn-rom/rtl/ffn_tile_16x16_b4_reg.v:115$901'.
Found and cleaned up 1 empty switch in `\ffn_tile.$proc$/Users/toprakgundogdu/qwen-ffn-rom/rtl/ffn_tile_16x16_b4_reg.v:115$893'.
Found and cleaned up 1 empty switch in `\ffn_tile.$proc$/Users/toprakgundogdu/qwen-ffn-rom/rtl/ffn_tile_16x16_b4_reg.v:115$886'.
Found and cleaned up 1 empty switch in `\ffn_tile.$proc$/Users/toprakgundogdu/qwen-ffn-rom/rtl/ffn_tile_16x16_b4_reg.v:115$877'.
Found and cleaned up 1 empty switch in `\ffn_tile.$proc$/Users/toprakgundogdu/qwen-ffn-rom/rtl/ffn_tile_16x16_b4_reg.v:115$870'.
Found and cleaned up 1 empty switch in `\ffn_tile.$proc$/Users/toprakgundogdu/qwen-ffn-rom/rtl/ffn_tile_16x16_b4_reg.v:115$863'.
Found and cleaned up 1 empty switch in `\ffn_tile.$proc$/Users/toprakgundogdu/qwen-ffn-rom/rtl/ffn_tile_16x16_b4_reg.v:115$856'.
Found and cleaned up 1 empty switch in `\ffn_tile.$proc$/Users/toprakgundogdu/qwen-ffn-rom/rtl/ffn_tile_16x16_b4_reg.v:115$849'.
Found and cleaned up 1 empty switch in `\ffn_tile.$proc$/Users/toprakgundogdu/qwen-ffn-rom/rtl/ffn_tile_16x16_b4_reg.v:115$843'.
Found and cleaned up 1 empty switch in `\ffn_tile.$proc$/Users/toprakgundogdu/qwen-ffn-rom/rtl/ffn_tile_16x16_b4_reg.v:115$837'.
Found and cleaned up 1 empty switch in `\ffn_tile.$proc$/Users/toprakgundogdu/qwen-ffn-rom/rtl/ffn_tile_16x16_b4_reg.v:115$828'.
Found and cleaned up 1 empty switch in `\ffn_tile.$proc$/Users/toprakgundogdu/qwen-ffn-rom/rtl/ffn_tile_16x16_b4_reg.v:115$821'.
Found and cleaned up 1 empty switch in `\ffn_tile.$proc$/Users/toprakgundogdu/qwen-ffn-rom/rtl/ffn_tile_16x16_b4_reg.v:115$815'.
Found and cleaned up 1 empty switch in `\ffn_tile.$proc$/Users/toprakgundogdu/qwen-ffn-rom/rtl/ffn_tile_16x16_b4_reg.v:115$809'.
Found and cleaned up 1 empty switch in `\ffn_tile.$proc$/Users/toprakgundogdu/qwen-ffn-rom/rtl/ffn_tile_16x16_b4_reg.v:115$802'.
Found and cleaned up 1 empty switch in `\ffn_tile.$proc$/Users/toprakgundogdu/qwen-ffn-rom/rtl/ffn_tile_16x16_b4_reg.v:115$796'.
Found and cleaned up 1 empty switch in `\ffn_tile.$proc$/Users/toprakgundogdu/qwen-ffn-rom/rtl/ffn_tile_16x16_b4_reg.v:115$790'.
Found and cleaned up 1 empty switch in `\ffn_tile.$proc$/Users/toprakgundogdu/qwen-ffn-rom/rtl/ffn_tile_16x16_b4_reg.v:115$782'.
Found and cleaned up 1 empty switch in `\ffn_tile.$proc$/Users/toprakgundogdu/qwen-ffn-rom/rtl/ffn_tile_16x16_b4_reg.v:115$775'.
Found and cleaned up 1 empty switch in `\ffn_tile.$proc$/Users/toprakgundogdu/qwen-ffn-rom/rtl/ffn_tile_16x16_b4_reg.v:115$767'.
Found and cleaned up 1 empty switch in `\ffn_tile.$proc$/Users/toprakgundogdu/qwen-ffn-rom/rtl/ffn_tile_16x16_b4_reg.v:115$761'.
Found and cleaned up 1 empty switch in `\ffn_tile.$proc$/Users/toprakgundogdu/qwen-ffn-rom/rtl/ffn_tile_16x16_b4_reg.v:115$753'.
Found and cleaned up 1 empty switch in `\ffn_tile.$proc$/Users/toprakgundogdu/qwen-ffn-rom/rtl/ffn_tile_16x16_b4_reg.v:115$747'.
Found and cleaned up 1 empty switch in `\ffn_tile.$proc$/Users/toprakgundogdu/qwen-ffn-rom/rtl/ffn_tile_16x16_b4_reg.v:115$738'.
Found and cleaned up 1 empty switch in `\ffn_tile.$proc$/Users/toprakgundogdu/qwen-ffn-rom/rtl/ffn_tile_16x16_b4_reg.v:115$732'.
Found and cleaned up 1 empty switch in `\ffn_tile.$proc$/Users/toprakgundogdu/qwen-ffn-rom/rtl/ffn_tile_16x16_b4_reg.v:115$726'.
Found and cleaned up 1 empty switch in `\ffn_tile.$proc$/Users/toprakgundogdu/qwen-ffn-rom/rtl/ffn_tile_16x16_b4_reg.v:115$720'.
Found and cleaned up 1 empty switch in `\ffn_tile.$proc$/Users/toprakgundogdu/qwen-ffn-rom/rtl/ffn_tile_16x16_b4_reg.v:115$714'.
Found and cleaned up 1 empty switch in `\ffn_tile.$proc$/Users/toprakgundogdu/qwen-ffn-rom/rtl/ffn_tile_16x16_b4_reg.v:115$708'.
Found and cleaned up 1 empty switch in `\ffn_tile.$proc$/Users/toprakgundogdu/qwen-ffn-rom/rtl/ffn_tile_16x16_b4_reg.v:115$702'.
Found and cleaned up 1 empty switch in `\ffn_tile.$proc$/Users/toprakgundogdu/qwen-ffn-rom/rtl/ffn_tile_16x16_b4_reg.v:115$696'.
Found and cleaned up 1 empty switch in `\ffn_tile.$proc$/Users/toprakgundogdu/qwen-ffn-rom/rtl/ffn_tile_16x16_b4_reg.v:115$690'.
Found and cleaned up 1 empty switch in `\ffn_tile.$proc$/Users/toprakgundogdu/qwen-ffn-rom/rtl/ffn_tile_16x16_b4_reg.v:115$684'.
Found and cleaned up 1 empty switch in `\ffn_tile.$proc$/Users/toprakgundogdu/qwen-ffn-rom/rtl/ffn_tile_16x16_b4_reg.v:115$677'.
Found and cleaned up 1 empty switch in `\ffn_tile.$proc$/Users/toprakgundogdu/qwen-ffn-rom/rtl/ffn_tile_16x16_b4_reg.v:115$669'.
Found and cleaned up 1 empty switch in `\ffn_tile.$proc$/Users/toprakgundogdu/qwen-ffn-rom/rtl/ffn_tile_16x16_b4_reg.v:115$663'.
Found and cleaned up 1 empty switch in `\ffn_tile.$proc$/Users/toprakgundogdu/qwen-ffn-rom/rtl/ffn_tile_16x16_b4_reg.v:115$657'.
Found and cleaned up 1 empty switch in `\ffn_tile.$proc$/Users/toprakgundogdu/qwen-ffn-rom/rtl/ffn_tile_16x16_b4_reg.v:115$649'.
Found and cleaned up 1 empty switch in `\ffn_tile.$proc$/Users/toprakgundogdu/qwen-ffn-rom/rtl/ffn_tile_16x16_b4_reg.v:115$643'.
Cleaned up 256 empty switches.

3.2. Executing PROC_RMDEAD pass (remove dead branches from decision trees).
Removed a total of 0 dead cases.

3.3. Executing PROC_PRUNE pass (remove redundant assignments in processes).
Removed 0 redundant assignments.
Promoted 1557 assignments to connections.

3.4. Executing PROC_INIT pass (extract init attributes).

3.5. Executing PROC_ARST pass (detect async resets in processes).

3.6. Executing PROC_ROM pass (convert switches to ROMs).
Converted 0 switches.

3.7. Executing PROC_MUX pass (convert decision trees to multiplexers).
Creating decoders for process `\ffn_tile_reg.$proc$/Users/toprakgundogdu/qwen-ffn-rom/rtl/ffn_tile_16x16_b4_reg.v:139$2768'.
Creating decoders for process `\ffn_tile.$proc$/Users/toprakgundogdu/qwen-ffn-rom/rtl/ffn_tile_16x16_b4_reg.v:116$2767'.
Creating decoders for process `\ffn_tile.$proc$/Users/toprakgundogdu/qwen-ffn-rom/rtl/ffn_tile_16x16_b4_reg.v:116$2766'.
Creating decoders for process `\ffn_tile.$proc$/Users/toprakgundogdu/qwen-ffn-rom/rtl/ffn_tile_16x16_b4_reg.v:116$2765'.
Creating decoders for process `\ffn_tile.$proc$/Users/toprakgundogdu/qwen-ffn-rom/rtl/ffn_tile_16x16_b4_reg.v:116$2764'.
Creating decoders for process `\ffn_tile.$proc$/Users/toprakgundogdu/qwen-ffn-rom/rtl/ffn_tile_16x16_b4_reg.v:116$2763'.
Creating decoders for process `\ffn_tile.$proc$/Users/toprakgundogdu/qwen-ffn-rom/rtl/ffn_tile_16x16_b4_reg.v:116$2762'.
Creating decoders for process `\ffn_tile.$proc$/Users/toprakgundogdu/qwen-ffn-rom/rtl/ffn_tile_16x16_b4_reg.v:116$2761'.
Creating decoders for process `\ffn_tile.$proc$/Users/toprakgundogdu/qwen-ffn-rom/rtl/ffn_tile_16x16_b4_reg.v:116$2760'.
Creating decoders for process `\ffn_tile.$proc$/Users/toprakgundogdu/qwen-ffn-rom/rtl/ffn_tile_16x16_b4_reg.v:116$2759'.
Creating decoders for process `\ffn_tile.$proc$/Users/toprakgundogdu/qwen-ffn-rom/rtl/ffn_tile_16x16_b4_reg.v:116$2758'.
Creating decoders for process `\ffn_tile.$proc$/Users/toprakgundogdu/qwen-ffn-rom/rtl/ffn_tile_16x16_b4_reg.v:116$2757'.
Creating decoders for process `\ffn_tile.$proc$/Users/toprakgundogdu/qwen-ffn-rom/rtl/ffn_tile_16x16_b4_reg.v:116$2756'.
Creating decoders for process `\ffn_tile.$proc$/Users/toprakgundogdu/qwen-ffn-rom/rtl/ffn_tile_16x16_b4_reg.v:116$2755'.
Creating decoders for process `\ffn_tile.$proc$/Users/toprakgundogdu/qwen-ffn-rom/rtl/ffn_tile_16x16_b4_reg.v:116$2754'.
Creating decoders for process `\ffn_tile.$proc$/Users/toprakgundogdu/qwen-ffn-rom/rtl/ffn_tile_16x16_b4_reg.v:116$2753'.
Creating decoders for process `\ffn_tile.$proc$/Users/toprakgundogdu/qwen-ffn-rom/rtl/ffn_tile_16x16_b4_reg.v:116$2752'.
Creating decoders for process `\ffn_tile.$proc$/Users/toprakgundogdu/qwen-ffn-rom/rtl/ffn_tile_16x16_b4_reg.v:116$2751'.
Creating decoders for process `\ffn_tile.$proc$/Users/toprakgundogdu/qwen-ffn-rom/rtl/ffn_tile_16x16_b4_reg.v:116$2750'.
Creating decoders for process `\ffn_tile.$proc$/Users/toprakgundogdu/qwen-ffn-rom/rtl/ffn_tile_16x16_b4_reg.v:116$2749'.
Creating decoders for process `\ffn_tile.$proc$/Users/toprakgundogdu/qwen-ffn-rom/rtl/ffn_tile_16x16_b4_reg.v:116$2748'.
Creating decoders for process `\ffn_tile.$proc$/Users/toprakgundogdu/qwen-ffn-rom/rtl/ffn_tile_16x16_b4_reg.v:116$2747'.
Creating decoders for process `\ffn_tile.$proc$/Users/toprakgundogdu/qwen-ffn-rom/rtl/ffn_tile_16x16_b4_reg.v:116$2746'.
Creating decoders for process `\ffn_tile.$proc$/Users/toprakgundogdu/qwen-ffn-rom/rtl/ffn_tile_16x16_b4_reg.v:116$2745'.
Creating decoders for process `\ffn_tile.$proc$/Users/toprakgundogdu/qwen-ffn-rom/rtl/ffn_tile_16x16_b4_reg.v:116$2744'.
Creating decoders for process `\ffn_tile.$proc$/Users/toprakgundogdu/qwen-ffn-rom/rtl/ffn_tile_16x16_b4_reg.v:116$2743'.
Creating decoders for process `\ffn_tile.$proc$/Users/toprakgundogdu/qwen-ffn-rom/rtl/ffn_tile_16x16_b4_reg.v:116$2742'.
Creating decoders for process `\ffn_tile.$proc$/Users/toprakgundogdu/qwen-ffn-rom/rtl/ffn_tile_16x16_b4_reg.v:116$2741'.
Creating decoders for process `\ffn_tile.$proc$/Users/toprakgundogdu/qwen-ffn-rom/rtl/ffn_tile_16x16_b4_reg.v:116$2740'.
Creating decoders for process `\ffn_tile.$proc$/Users/toprakgundogdu/qwen-ffn-rom/rtl/ffn_tile_16x16_b4_reg.v:116$2739'.
Creating decoders for process `\ffn_tile.$proc$/Users/toprakgundogdu/qwen-ffn-rom/rtl/ffn_tile_16x16_b4_reg.v:116$2738'.
Creating decoders for process `\ffn_tile.$proc$/Users/toprakgundogdu/qwen-ffn-rom/rtl/ffn_tile_16x16_b4_reg.v:116$2737'.
Creating decoders for process `\ffn_tile.$proc$/Users/toprakgundogdu/qwen-ffn-rom/rtl/ffn_tile_16x16_b4_reg.v:116$2736'.
Creating decoders for process `\ffn_tile.$proc$/Users/toprakgundogdu/qwen-ffn-rom/rtl/ffn_tile_16x16_b4_reg.v:116$2735'.
Creating decoders for process `\ffn_tile.$proc$/Users/toprakgundogdu/qwen-ffn-rom/rtl/ffn_tile_16x16_b4_reg.v:116$2734'.
Creating decoders for process `\ffn_tile.$proc$/Users/toprakgundogdu/qwen-ffn-rom/rtl/ffn_tile_16x16_b4_reg.v:116$2733'.
Creating decoders for process `\ffn_tile.$proc$/Users/toprakgundogdu/qwen-ffn-rom/rtl/ffn_tile_16x16_b4_reg.v:116$2732'.
Creating decoders for process `\ffn_tile.$proc$/Users/toprakgundogdu/qwen-ffn-rom/rtl/ffn_tile_16x16_b4_reg.v:116$2731'.
Creating decoders for process `\ffn_tile.$proc$/Users/toprakgundogdu/qwen-ffn-rom/rtl/ffn_tile_16x16_b4_reg.v:116$2730'.
Creating decoders for process `\ffn_tile.$proc$/Users/toprakgundogdu/qwen-ffn-rom/rtl/ffn_tile_16x16_b4_reg.v:116$2729'.
Creating decoders for process `\ffn_tile.$proc$/Users/toprakgundogdu/qwen-ffn-rom/rtl/ffn_tile_16x16_b4_reg.v:116$2728'.
Creating decoders for process `\ffn_tile.$proc$/Users/toprakgundogdu/qwen-ffn-rom/rtl/ffn_tile_16x16_b4_reg.v:116$2727'.
Creating decoders for process `\ffn_tile.$proc$/Users/toprakgundogdu/qwen-ffn-rom/rtl/ffn_tile_16x16_b4_reg.v:116$2726'.
Creating decoders for process `\ffn_tile.$proc$/Users/toprakgundogdu/qwen-ffn-rom/rtl/ffn_tile_16x16_b4_reg.v:116$2725'.
Creating decoders for process `\ffn_tile.$proc$/Users/toprakgundogdu/qwen-ffn-rom/rtl/ffn_tile_16x16_b4_reg.v:116$2724'.
Creating decoders for process `\ffn_tile.$proc$/Users/toprakgundogdu/qwen-ffn-rom/rtl/ffn_tile_16x16_b4_reg.v:116$2723'.
Creating decoders for process `\ffn_tile.$proc$/Users/toprakgundogdu/qwen-ffn-rom/rtl/ffn_tile_16x16_b4_reg.v:116$2722'.
Creating decoders for process `\ffn_tile.$proc$/Users/toprakgundogdu/qwen-ffn-rom/rtl/ffn_tile_16x16_b4_reg.v:116$2721'.
Creating decoders for process `\ffn_tile.$proc$/Users/toprakgundogdu/qwen-ffn-rom/rtl/ffn_tile_16x16_b4_reg.v:116$2720'.
Creating decoders for process `\ffn_tile.$proc$/Users/toprakgundogdu/qwen-ffn-rom/rtl/ffn_tile_16x16_b4_reg.v:116$2719'.
Creating decoders for process `\ffn_tile.$proc$/Users/toprakgundogdu/qwen-ffn-rom/rtl/ffn_tile_16x16_b4_reg.v:116$2718'.
Creating decoders for process `\ffn_tile.$proc$/Users/toprakgundogdu/qwen-ffn-rom/rtl/ffn_tile_16x16_b4_reg.v:116$2717'.
Creating decoders for process `\ffn_tile.$proc$/Users/toprakgundogdu/qwen-ffn-rom/rtl/ffn_tile_16x16_b4_reg.v:116$2716'.
Creating decoders for process `\ffn_tile.$proc$/Users/toprakgundogdu/qwen-ffn-rom/rtl/ffn_tile_16x16_b4_reg.v:116$2715'.
Creating decoders for process `\ffn_tile.$proc$/Users/toprakgundogdu/qwen-ffn-rom/rtl/ffn_tile_16x16_b4_reg.v:116$2714'.
Creating decoders for process `\ffn_tile.$proc$/Users/toprakgundogdu/qwen-ffn-rom/rtl/ffn_tile_16x16_b4_reg.v:116$2713'.
Creating decoders for process `\ffn_tile.$proc$/Users/toprakgundogdu/qwen-ffn-rom/rtl/ffn_tile_16x16_b4_reg.v:116$2712'.
Creating decoders for process `\ffn_tile.$proc$/Users/toprakgundogdu/qwen-ffn-rom/rtl/ffn_tile_16x16_b4_reg.v:116$2711'.
Creating decoders for process `\ffn_tile.$proc$/Users/toprakgundogdu/qwen-ffn-rom/rtl/ffn_tile_16x16_b4_reg.v:116$2710'.
Creating decoders for process `\ffn_tile.$proc$/Users/toprakgundogdu/qwen-ffn-rom/rtl/ffn_tile_16x16_b4_reg.v:116$2709'.
Creating decoders for process `\ffn_tile.$proc$/Users/toprakgundogdu/qwen-ffn-rom/rtl/ffn_tile_16x16_b4_reg.v:116$2708'.
Creating decoders for process `\ffn_tile.$proc$/Users/toprakgundogdu/qwen-ffn-rom/rtl/ffn_tile_16x16_b4_reg.v:116$2707'.
Creating decoders for process `\ffn_tile.$proc$/Users/toprakgundogdu/qwen-ffn-rom/rtl/ffn_tile_16x16_b4_reg.v:116$2706'.
Creating decoders for process `\ffn_tile.$proc$/Users/toprakgundogdu/qwen-ffn-rom/rtl/ffn_tile_16x16_b4_reg.v:116$2705'.
Creating decoders for process `\ffn_tile.$proc$/Users/toprakgundogdu/qwen-ffn-rom/rtl/ffn_tile_16x16_b4_reg.v:116$2704'.
Creating decoders for process `\ffn_tile.$proc$/Users/toprakgundogdu/qwen-ffn-rom/rtl/ffn_tile_16x16_b4_reg.v:116$2703'.
Creating decoders for process `\ffn_tile.$proc$/Users/toprakgundogdu/qwen-ffn-rom/rtl/ffn_tile_16x16_b4_reg.v:116$2702'.
Creating decoders for process `\ffn_tile.$proc$/Users/toprakgundogdu/qwen-ffn-rom/rtl/ffn_tile_16x16_b4_reg.v:116$2701'.
Creating decoders for process `\ffn_tile.$proc$/Users/toprakgundogdu/qwen-ffn-rom/rtl/ffn_tile_16x16_b4_reg.v:116$2700'.
Creating decoders for process `\ffn_tile.$proc$/Users/toprakgundogdu/qwen-ffn-rom/rtl/ffn_tile_16x16_b4_reg.v:116$2699'.
Creating decoders for process `\ffn_tile.$proc$/Users/toprakgundogdu/qwen-ffn-rom/rtl/ffn_tile_16x16_b4_reg.v:116$2698'.
Creating decoders for process `\ffn_tile.$proc$/Users/toprakgundogdu/qwen-ffn-rom/rtl/ffn_tile_16x16_b4_reg.v:116$2697'.
Creating decoders for process `\ffn_tile.$proc$/Users/toprakgundogdu/qwen-ffn-rom/rtl/ffn_tile_16x16_b4_reg.v:116$2696'.
Creating decoders for process `\ffn_tile.$proc$/Users/toprakgundogdu/qwen-ffn-rom/rtl/ffn_tile_16x16_b4_reg.v:116$2695'.
Creating decoders for process `\ffn_tile.$proc$/Users/toprakgundogdu/qwen-ffn-rom/rtl/ffn_tile_16x16_b4_reg.v:116$2694'.
Creating decoders for process `\ffn_tile.$proc$/Users/toprakgundogdu/qwen-ffn-rom/rtl/ffn_tile_16x16_b4_reg.v:116$2693'.
Creating decoders for process `\ffn_tile.$proc$/Users/toprakgundogdu/qwen-ffn-rom/rtl/ffn_tile_16x16_b4_reg.v:116$2692'.
Creating decoders for process `\ffn_tile.$proc$/Users/toprakgundogdu/qwen-ffn-rom/rtl/ffn_tile_16x16_b4_reg.v:116$2691'.
Creating decoders for process `\ffn_tile.$proc$/Users/toprakgundogdu/qwen-ffn-rom/rtl/ffn_tile_16x16_b4_reg.v:116$2690'.
Creating decoders for process `\ffn_tile.$proc$/Users/toprakgundogdu/qwen-ffn-rom/rtl/ffn_tile_16x16_b4_reg.v:116$2689'.
Creating decoders for process `\ffn_tile.$proc$/Users/toprakgundogdu/qwen-ffn-rom/rtl/ffn_tile_16x16_b4_reg.v:116$2688'.
Creating decoders for process `\ffn_tile.$proc$/Users/toprakgundogdu/qwen-ffn-rom/rtl/ffn_tile_16x16_b4_reg.v:116$2687'.
Creating decoders for process `\ffn_tile.$proc$/Users/toprakgundogdu/qwen-ffn-rom/rtl/ffn_tile_16x16_b4_reg.v:116$2686'.
Creating decoders for process `\ffn_tile.$proc$/Users/toprakgundogdu/qwen-ffn-rom/rtl/ffn_tile_16x16_b4_reg.v:116$2685'.
Creating decoders for process `\ffn_tile.$proc$/Users/toprakgundogdu/qwen-ffn-rom/rtl/ffn_tile_16x16_b4_reg.v:116$2684'.
Creating decoders for process `\ffn_tile.$proc$/Users/toprakgundogdu/qwen-ffn-rom/rtl/ffn_tile_16x16_b4_reg.v:116$2683'.
Creating decoders for process `\ffn_tile.$proc$/Users/toprakgundogdu/qwen-ffn-rom/rtl/ffn_tile_16x16_b4_reg.v:116$2682'.
Creating decoders for process `\ffn_tile.$proc$/Users/toprakgundogdu/qwen-ffn-rom/rtl/ffn_tile_16x16_b4_reg.v:116$2681'.
Creating decoders for process `\ffn_tile.$proc$/Users/toprakgundogdu/qwen-ffn-rom/rtl/ffn_tile_16x16_b4_reg.v:116$2680'.
Creating decoders for process `\ffn_tile.$proc$/Users/toprakgundogdu/qwen-ffn-rom/rtl/ffn_tile_16x16_b4_reg.v:116$2679'.
Creating decoders for process `\ffn_tile.$proc$/Users/toprakgundogdu/qwen-ffn-rom/rtl/ffn_tile_16x16_b4_reg.v:116$2678'.
Creating decoders for process `\ffn_tile.$proc$/Users/toprakgundogdu/qwen-ffn-rom/rtl/ffn_tile_16x16_b4_reg.v:116$2677'.
Creating decoders for process `\ffn_tile.$proc$/Users/toprakgundogdu/qwen-ffn-rom/rtl/ffn_tile_16x16_b4_reg.v:116$2676'.
Creating decoders for process `\ffn_tile.$proc$/Users/toprakgundogdu/qwen-ffn-rom/rtl/ffn_tile_16x16_b4_reg.v:116$2675'.
Creating decoders for process `\ffn_tile.$proc$/Users/toprakgundogdu/qwen-ffn-rom/rtl/ffn_tile_16x16_b4_reg.v:116$2674'.
Creating decoders for process `\ffn_tile.$proc$/Users/toprakgundogdu/qwen-ffn-rom/rtl/ffn_tile_16x16_b4_reg.v:116$2673'.
Creating decoders for process `\ffn_tile.$proc$/Users/toprakgundogdu/qwen-ffn-rom/rtl/ffn_tile_16x16_b4_reg.v:116$2672'.
Creating decoders for process `\ffn_tile.$proc$/Users/toprakgundogdu/qwen-ffn-rom/rtl/ffn_tile_16x16_b4_reg.v:116$2671'.
Creating decoders for process `\ffn_tile.$proc$/Users/toprakgundogdu/qwen-ffn-rom/rtl/ffn_tile_16x16_b4_reg.v:116$2670'.
Creating decoders for process `\ffn_tile.$proc$/Users/toprakgundogdu/qwen-ffn-rom/rtl/ffn_tile_16x16_b4_reg.v:116$2669'.
Creating decoders for process `\ffn_tile.$proc$/Users/toprakgundogdu/qwen-ffn-rom/rtl/ffn_tile_16x16_b4_reg.v:116$2668'.
Creating decoders for process `\ffn_tile.$proc$/Users/toprakgundogdu/qwen-ffn-rom/rtl/ffn_tile_16x16_b4_reg.v:116$2667'.
Creating decoders for process `\ffn_tile.$proc$/Users/toprakgundogdu/qwen-ffn-rom/rtl/ffn_tile_16x16_b4_reg.v:116$2666'.
Creating decoders for process `\ffn_tile.$proc$/Users/toprakgundogdu/qwen-ffn-rom/rtl/ffn_tile_16x16_b4_reg.v:116$2665'.
Creating decoders for process `\ffn_tile.$proc$/Users/toprakgundogdu/qwen-ffn-rom/rtl/ffn_tile_16x16_b4_reg.v:116$2664'.
Creating decoders for process `\ffn_tile.$proc$/Users/toprakgundogdu/qwen-ffn-rom/rtl/ffn_tile_16x16_b4_reg.v:116$2663'.
Creating decoders for process `\ffn_tile.$proc$/Users/toprakgundogdu/qwen-ffn-rom/rtl/ffn_tile_16x16_b4_reg.v:116$2662'.
Creating decoders for process `\ffn_tile.$proc$/Users/toprakgundogdu/qwen-ffn-rom/rtl/ffn_tile_16x16_b4_reg.v:116$2661'.
Creating decoders for process `\ffn_tile.$proc$/Users/toprakgundogdu/qwen-ffn-rom/rtl/ffn_tile_16x16_b4_reg.v:116$2660'.
Creating decoders for process `\ffn_tile.$proc$/Users/toprakgundogdu/qwen-ffn-rom/rtl/ffn_tile_16x16_b4_reg.v:116$2659'.
Creating decoders for process `\ffn_tile.$proc$/Users/toprakgundogdu/qwen-ffn-rom/rtl/ffn_tile_16x16_b4_reg.v:116$2658'.
Creating decoders for process `\ffn_tile.$proc$/Users/toprakgundogdu/qwen-ffn-rom/rtl/ffn_tile_16x16_b4_reg.v:116$2657'.
Creating decoders for process `\ffn_tile.$proc$/Users/toprakgundogdu/qwen-ffn-rom/rtl/ffn_tile_16x16_b4_reg.v:116$2656'.
Creating decoders for process `\ffn_tile.$proc$/Users/toprakgundogdu/qwen-ffn-rom/rtl/ffn_tile_16x16_b4_reg.v:116$2655'.
Creating decoders for process `\ffn_tile.$proc$/Users/toprakgundogdu/qwen-ffn-rom/rtl/ffn_tile_16x16_b4_reg.v:116$2654'.
Creating decoders for process `\ffn_tile.$proc$/Users/toprakgundogdu/qwen-ffn-rom/rtl/ffn_tile_16x16_b4_reg.v:116$2653'.
Creating decoders for process `\ffn_tile.$proc$/Users/toprakgundogdu/qwen-ffn-rom/rtl/ffn_tile_16x16_b4_reg.v:116$2652'.
Creating decoders for process `\ffn_tile.$proc$/Users/toprakgundogdu/qwen-ffn-rom/rtl/ffn_tile_16x16_b4_reg.v:116$2651'.
Creating decoders for process `\ffn_tile.$proc$/Users/toprakgundogdu/qwen-ffn-rom/rtl/ffn_tile_16x16_b4_reg.v:116$2650'.
Creating decoders for process `\ffn_tile.$proc$/Users/toprakgundogdu/qwen-ffn-rom/rtl/ffn_tile_16x16_b4_reg.v:116$2649'.
Creating decoders for process `\ffn_tile.$proc$/Users/toprakgundogdu/qwen-ffn-rom/rtl/ffn_tile_16x16_b4_reg.v:116$2648'.
Creating decoders for process `\ffn_tile.$proc$/Users/toprakgundogdu/qwen-ffn-rom/rtl/ffn_tile_16x16_b4_reg.v:116$2647'.
Creating decoders for process `\ffn_tile.$proc$/Users/toprakgundogdu/qwen-ffn-rom/rtl/ffn_tile_16x16_b4_reg.v:116$2646'.
Creating decoders for process `\ffn_tile.$proc$/Users/toprakgundogdu/qwen-ffn-rom/rtl/ffn_tile_16x16_b4_reg.v:116$2645'.
Creating decoders for process `\ffn_tile.$proc$/Users/toprakgundogdu/qwen-ffn-rom/rtl/ffn_tile_16x16_b4_reg.v:116$2644'.
Creating decoders for process `\ffn_tile.$proc$/Users/toprakgundogdu/qwen-ffn-rom/rtl/ffn_tile_16x16_b4_reg.v:116$2643'.
Creating decoders for process `\ffn_tile.$proc$/Users/toprakgundogdu/qwen-ffn-rom/rtl/ffn_tile_16x16_b4_reg.v:116$2642'.
Creating decoders for process `\ffn_tile.$proc$/Users/toprakgundogdu/qwen-ffn-rom/rtl/ffn_tile_16x16_b4_reg.v:116$2641'.
Creating decoders for process `\ffn_tile.$proc$/Users/toprakgundogdu/qwen-ffn-rom/rtl/ffn_tile_16x16_b4_reg.v:116$2640'.
Creating decoders for process `\ffn_tile.$proc$/Users/toprakgundogdu/qwen-ffn-rom/rtl/ffn_tile_16x16_b4_reg.v:116$2639'.
Creating decoders for process `\ffn_tile.$proc$/Users/toprakgundogdu/qwen-ffn-rom/rtl/ffn_tile_16x16_b4_reg.v:116$2638'.
Creating decoders for process `\ffn_tile.$proc$/Users/toprakgundogdu/qwen-ffn-rom/rtl/ffn_tile_16x16_b4_reg.v:116$2637'.
Creating decoders for process `\ffn_tile.$proc$/Users/toprakgundogdu/qwen-ffn-rom/rtl/ffn_tile_16x16_b4_reg.v:116$2636'.
Creating decoders for process `\ffn_tile.$proc$/Users/toprakgundogdu/qwen-ffn-rom/rtl/ffn_tile_16x16_b4_reg.v:116$2635'.
Creating decoders for process `\ffn_tile.$proc$/Users/toprakgundogdu/qwen-ffn-rom/rtl/ffn_tile_16x16_b4_reg.v:116$2634'.
Creating decoders for process `\ffn_tile.$proc$/Users/toprakgundogdu/qwen-ffn-rom/rtl/ffn_tile_16x16_b4_reg.v:116$2633'.
Creating decoders for process `\ffn_tile.$proc$/Users/toprakgundogdu/qwen-ffn-rom/rtl/ffn_tile_16x16_b4_reg.v:116$2632'.
Creating decoders for process `\ffn_tile.$proc$/Users/toprakgundogdu/qwen-ffn-rom/rtl/ffn_tile_16x16_b4_reg.v:116$2631'.
Creating decoders for process `\ffn_tile.$proc$/Users/toprakgundogdu/qwen-ffn-rom/rtl/ffn_tile_16x16_b4_reg.v:116$2630'.
Creating decoders for process `\ffn_tile.$proc$/Users/toprakgundogdu/qwen-ffn-rom/rtl/ffn_tile_16x16_b4_reg.v:116$2629'.
Creating decoders for process `\ffn_tile.$proc$/Users/toprakgundogdu/qwen-ffn-rom/rtl/ffn_tile_16x16_b4_reg.v:116$2628'.
Creating decoders for process `\ffn_tile.$proc$/Users/toprakgundogdu/qwen-ffn-rom/rtl/ffn_tile_16x16_b4_reg.v:116$2627'.
Creating decoders for process `\ffn_tile.$proc$/Users/toprakgundogdu/qwen-ffn-rom/rtl/ffn_tile_16x16_b4_reg.v:116$2626'.
Creating decoders for process `\ffn_tile.$proc$/Users/toprakgundogdu/qwen-ffn-rom/rtl/ffn_tile_16x16_b4_reg.v:116$2625'.
Creating decoders for process `\ffn_tile.$proc$/Users/toprakgundogdu/qwen-ffn-rom/rtl/ffn_tile_16x16_b4_reg.v:116$2624'.
Creating decoders for process `\ffn_tile.$proc$/Users/toprakgundogdu/qwen-ffn-rom/rtl/ffn_tile_16x16_b4_reg.v:116$2623'.
Creating decoders for process `\ffn_tile.$proc$/Users/toprakgundogdu/qwen-ffn-rom/rtl/ffn_tile_16x16_b4_reg.v:116$2622'.
Creating decoders for process `\ffn_tile.$proc$/Users/toprakgundogdu/qwen-ffn-rom/rtl/ffn_tile_16x16_b4_reg.v:116$2621'.
Creating decoders for process `\ffn_tile.$proc$/Users/toprakgundogdu/qwen-ffn-rom/rtl/ffn_tile_16x16_b4_reg.v:116$2620'.
Creating decoders for process `\ffn_tile.$proc$/Users/toprakgundogdu/qwen-ffn-rom/rtl/ffn_tile_16x16_b4_reg.v:116$2619'.
Creating decoders for process `\ffn_tile.$proc$/Users/toprakgundogdu/qwen-ffn-rom/rtl/ffn_tile_16x16_b4_reg.v:116$2618'.
Creating decoders for process `\ffn_tile.$proc$/Users/toprakgundogdu/qwen-ffn-rom/rtl/ffn_tile_16x16_b4_reg.v:116$2617'.
Creating decoders for process `\ffn_tile.$proc$/Users/toprakgundogdu/qwen-ffn-rom/rtl/ffn_tile_16x16_b4_reg.v:116$2616'.
Creating decoders for process `\ffn_tile.$proc$/Users/toprakgundogdu/qwen-ffn-rom/rtl/ffn_tile_16x16_b4_reg.v:116$2615'.
Creating decoders for process `\ffn_tile.$proc$/Users/toprakgundogdu/qwen-ffn-rom/rtl/ffn_tile_16x16_b4_reg.v:116$2614'.
Creating decoders for process `\ffn_tile.$proc$/Users/toprakgundogdu/qwen-ffn-rom/rtl/ffn_tile_16x16_b4_reg.v:116$2613'.
Creating decoders for process `\ffn_tile.$proc$/Users/toprakgundogdu/qwen-ffn-rom/rtl/ffn_tile_16x16_b4_reg.v:116$2612'.
Creating decoders for process `\ffn_tile.$proc$/Users/toprakgundogdu/qwen-ffn-rom/rtl/ffn_tile_16x16_b4_reg.v:116$2611'.
Creating decoders for process `\ffn_tile.$proc$/Users/toprakgundogdu/qwen-ffn-rom/rtl/ffn_tile_16x16_b4_reg.v:116$2610'.
Creating decoders for process `\ffn_tile.$proc$/Users/toprakgundogdu/qwen-ffn-rom/rtl/ffn_tile_16x16_b4_reg.v:116$2609'.
Creating decoders for process `\ffn_tile.$proc$/Users/toprakgundogdu/qwen-ffn-rom/rtl/ffn_tile_16x16_b4_reg.v:116$2608'.
Creating decoders for process `\ffn_tile.$proc$/Users/toprakgundogdu/qwen-ffn-rom/rtl/ffn_tile_16x16_b4_reg.v:116$2607'.
Creating decoders for process `\ffn_tile.$proc$/Users/toprakgundogdu/qwen-ffn-rom/rtl/ffn_tile_16x16_b4_reg.v:116$2606'.
Creating decoders for process `\ffn_tile.$proc$/Users/toprakgundogdu/qwen-ffn-rom/rtl/ffn_tile_16x16_b4_reg.v:116$2605'.
Creating decoders for process `\ffn_tile.$proc$/Users/toprakgundogdu/qwen-ffn-rom/rtl/ffn_tile_16x16_b4_reg.v:116$2604'.
Creating decoders for process `\ffn_tile.$proc$/Users/toprakgundogdu/qwen-ffn-rom/rtl/ffn_tile_16x16_b4_reg.v:116$2603'.
Creating decoders for process `\ffn_tile.$proc$/Users/toprakgundogdu/qwen-ffn-rom/rtl/ffn_tile_16x16_b4_reg.v:116$2602'.
Creating decoders for process `\ffn_tile.$proc$/Users/toprakgundogdu/qwen-ffn-rom/rtl/ffn_tile_16x16_b4_reg.v:116$2601'.
Creating decoders for process `\ffn_tile.$proc$/Users/toprakgundogdu/qwen-ffn-rom/rtl/ffn_tile_16x16_b4_reg.v:116$2600'.
Creating decoders for process `\ffn_tile.$proc$/Users/toprakgundogdu/qwen-ffn-rom/rtl/ffn_tile_16x16_b4_reg.v:116$2599'.
Creating decoders for process `\ffn_tile.$proc$/Users/toprakgundogdu/qwen-ffn-rom/rtl/ffn_tile_16x16_b4_reg.v:116$2598'.
Creating decoders for process `\ffn_tile.$proc$/Users/toprakgundogdu/qwen-ffn-rom/rtl/ffn_tile_16x16_b4_reg.v:116$2597'.
Creating decoders for process `\ffn_tile.$proc$/Users/toprakgundogdu/qwen-ffn-rom/rtl/ffn_tile_16x16_b4_reg.v:116$2596'.
Creating decoders for process `\ffn_tile.$proc$/Users/toprakgundogdu/qwen-ffn-rom/rtl/ffn_tile_16x16_b4_reg.v:116$2595'.
Creating decoders for process `\ffn_tile.$proc$/Users/toprakgundogdu/qwen-ffn-rom/rtl/ffn_tile_16x16_b4_reg.v:116$2594'.
Creating decoders for process `\ffn_tile.$proc$/Users/toprakgundogdu/qwen-ffn-rom/rtl/ffn_tile_16x16_b4_reg.v:116$2593'.
Creating decoders for process `\ffn_tile.$proc$/Users/toprakgundogdu/qwen-ffn-rom/rtl/ffn_tile_16x16_b4_reg.v:116$2592'.
Creating decoders for process `\ffn_tile.$proc$/Users/toprakgundogdu/qwen-ffn-rom/rtl/ffn_tile_16x16_b4_reg.v:116$2591'.
Creating decoders for process `\ffn_tile.$proc$/Users/toprakgundogdu/qwen-ffn-rom/rtl/ffn_tile_16x16_b4_reg.v:116$2590'.
Creating decoders for process `\ffn_tile.$proc$/Users/toprakgundogdu/qwen-ffn-rom/rtl/ffn_tile_16x16_b4_reg.v:116$2589'.
Creating decoders for process `\ffn_tile.$proc$/Users/toprakgundogdu/qwen-ffn-rom/rtl/ffn_tile_16x16_b4_reg.v:116$2588'.
Creating decoders for process `\ffn_tile.$proc$/Users/toprakgundogdu/qwen-ffn-rom/rtl/ffn_tile_16x16_b4_reg.v:116$2587'.
Creating decoders for process `\ffn_tile.$proc$/Users/toprakgundogdu/qwen-ffn-rom/rtl/ffn_tile_16x16_b4_reg.v:116$2586'.
Creating decoders for process `\ffn_tile.$proc$/Users/toprakgundogdu/qwen-ffn-rom/rtl/ffn_tile_16x16_b4_reg.v:116$2585'.
Creating decoders for process `\ffn_tile.$proc$/Users/toprakgundogdu/qwen-ffn-rom/rtl/ffn_tile_16x16_b4_reg.v:116$2584'.
Creating decoders for process `\ffn_tile.$proc$/Users/toprakgundogdu/qwen-ffn-rom/rtl/ffn_tile_16x16_b4_reg.v:116$2583'.
Creating decoders for process `\ffn_tile.$proc$/Users/toprakgundogdu/qwen-ffn-rom/rtl/ffn_tile_16x16_b4_reg.v:116$2582'.
Creating decoders for process `\ffn_tile.$proc$/Users/toprakgundogdu/qwen-ffn-rom/rtl/ffn_tile_16x16_b4_reg.v:116$2581'.
Creating decoders for process `\ffn_tile.$proc$/Users/toprakgundogdu/qwen-ffn-rom/rtl/ffn_tile_16x16_b4_reg.v:116$2580'.
Creating decoders for process `\ffn_tile.$proc$/Users/toprakgundogdu/qwen-ffn-rom/rtl/ffn_tile_16x16_b4_reg.v:116$2579'.
Creating decoders for process `\ffn_tile.$proc$/Users/toprakgundogdu/qwen-ffn-rom/rtl/ffn_tile_16x16_b4_reg.v:116$2578'.
Creating decoders for process `\ffn_tile.$proc$/Users/toprakgundogdu/qwen-ffn-rom/rtl/ffn_tile_16x16_b4_reg.v:116$2577'.
Creating decoders for process `\ffn_tile.$proc$/Users/toprakgundogdu/qwen-ffn-rom/rtl/ffn_tile_16x16_b4_reg.v:116$2576'.
Creating decoders for process `\ffn_tile.$proc$/Users/toprakgundogdu/qwen-ffn-rom/rtl/ffn_tile_16x16_b4_reg.v:116$2575'.
Creating decoders for process `\ffn_tile.$proc$/Users/toprakgundogdu/qwen-ffn-rom/rtl/ffn_tile_16x16_b4_reg.v:116$2574'.
Creating decoders for process `\ffn_tile.$proc$/Users/toprakgundogdu/qwen-ffn-rom/rtl/ffn_tile_16x16_b4_reg.v:116$2573'.
Creating decoders for process `\ffn_tile.$proc$/Users/toprakgundogdu/qwen-ffn-rom/rtl/ffn_tile_16x16_b4_reg.v:116$2572'.
Creating decoders for process `\ffn_tile.$proc$/Users/toprakgundogdu/qwen-ffn-rom/rtl/ffn_tile_16x16_b4_reg.v:116$2571'.
Creating decoders for process `\ffn_tile.$proc$/Users/toprakgundogdu/qwen-ffn-rom/rtl/ffn_tile_16x16_b4_reg.v:116$2570'.
Creating decoders for process `\ffn_tile.$proc$/Users/toprakgundogdu/qwen-ffn-rom/rtl/ffn_tile_16x16_b4_reg.v:116$2569'.
Creating decoders for process `\ffn_tile.$proc$/Users/toprakgundogdu/qwen-ffn-rom/rtl/ffn_tile_16x16_b4_reg.v:116$2568'.
Creating decoders for process `\ffn_tile.$proc$/Users/toprakgundogdu/qwen-ffn-rom/rtl/ffn_tile_16x16_b4_reg.v:116$2567'.
Creating decoders for process `\ffn_tile.$proc$/Users/toprakgundogdu/qwen-ffn-rom/rtl/ffn_tile_16x16_b4_reg.v:116$2566'.
Creating decoders for process `\ffn_tile.$proc$/Users/toprakgundogdu/qwen-ffn-rom/rtl/ffn_tile_16x16_b4_reg.v:116$2565'.
Creating decoders for process `\ffn_tile.$proc$/Users/toprakgundogdu/qwen-ffn-rom/rtl/ffn_tile_16x16_b4_reg.v:116$2564'.
Creating decoders for process `\ffn_tile.$proc$/Users/toprakgundogdu/qwen-ffn-rom/rtl/ffn_tile_16x16_b4_reg.v:116$2563'.
Creating decoders for process `\ffn_tile.$proc$/Users/toprakgundogdu/qwen-ffn-rom/rtl/ffn_tile_16x16_b4_reg.v:116$2562'.
Creating decoders for process `\ffn_tile.$proc$/Users/toprakgundogdu/qwen-ffn-rom/rtl/ffn_tile_16x16_b4_reg.v:116$2561'.
Creating decoders for process `\ffn_tile.$proc$/Users/toprakgundogdu/qwen-ffn-rom/rtl/ffn_tile_16x16_b4_reg.v:116$2560'.
Creating decoders for process `\ffn_tile.$proc$/Users/toprakgundogdu/qwen-ffn-rom/rtl/ffn_tile_16x16_b4_reg.v:116$2559'.
Creating decoders for process `\ffn_tile.$proc$/Users/toprakgundogdu/qwen-ffn-rom/rtl/ffn_tile_16x16_b4_reg.v:116$2558'.
Creating decoders for process `\ffn_tile.$proc$/Users/toprakgundogdu/qwen-ffn-rom/rtl/ffn_tile_16x16_b4_reg.v:116$2557'.
Creating decoders for process `\ffn_tile.$proc$/Users/toprakgundogdu/qwen-ffn-rom/rtl/ffn_tile_16x16_b4_reg.v:116$2556'.
Creating decoders for process `\ffn_tile.$proc$/Users/toprakgundogdu/qwen-ffn-rom/rtl/ffn_tile_16x16_b4_reg.v:116$2555'.
Creating decoders for process `\ffn_tile.$proc$/Users/toprakgundogdu/qwen-ffn-rom/rtl/ffn_tile_16x16_b4_reg.v:116$2554'.
Creating decoders for process `\ffn_tile.$proc$/Users/toprakgundogdu/qwen-ffn-rom/rtl/ffn_tile_16x16_b4_reg.v:116$2553'.
Creating decoders for process `\ffn_tile.$proc$/Users/toprakgundogdu/qwen-ffn-rom/rtl/ffn_tile_16x16_b4_reg.v:116$2552'.
Creating decoders for process `\ffn_tile.$proc$/Users/toprakgundogdu/qwen-ffn-rom/rtl/ffn_tile_16x16_b4_reg.v:116$2551'.
Creating decoders for process `\ffn_tile.$proc$/Users/toprakgundogdu/qwen-ffn-rom/rtl/ffn_tile_16x16_b4_reg.v:116$2550'.
Creating decoders for process `\ffn_tile.$proc$/Users/toprakgundogdu/qwen-ffn-rom/rtl/ffn_tile_16x16_b4_reg.v:116$2549'.
Creating decoders for process `\ffn_tile.$proc$/Users/toprakgundogdu/qwen-ffn-rom/rtl/ffn_tile_16x16_b4_reg.v:116$2548'.
Creating decoders for process `\ffn_tile.$proc$/Users/toprakgundogdu/qwen-ffn-rom/rtl/ffn_tile_16x16_b4_reg.v:116$2547'.
Creating decoders for process `\ffn_tile.$proc$/Users/toprakgundogdu/qwen-ffn-rom/rtl/ffn_tile_16x16_b4_reg.v:116$2546'.
Creating decoders for process `\ffn_tile.$proc$/Users/toprakgundogdu/qwen-ffn-rom/rtl/ffn_tile_16x16_b4_reg.v:116$2545'.
Creating decoders for process `\ffn_tile.$proc$/Users/toprakgundogdu/qwen-ffn-rom/rtl/ffn_tile_16x16_b4_reg.v:116$2544'.
Creating decoders for process `\ffn_tile.$proc$/Users/toprakgundogdu/qwen-ffn-rom/rtl/ffn_tile_16x16_b4_reg.v:116$2543'.
Creating decoders for process `\ffn_tile.$proc$/Users/toprakgundogdu/qwen-ffn-rom/rtl/ffn_tile_16x16_b4_reg.v:116$2542'.
Creating decoders for process `\ffn_tile.$proc$/Users/toprakgundogdu/qwen-ffn-rom/rtl/ffn_tile_16x16_b4_reg.v:116$2541'.
Creating decoders for process `\ffn_tile.$proc$/Users/toprakgundogdu/qwen-ffn-rom/rtl/ffn_tile_16x16_b4_reg.v:116$2540'.
Creating decoders for process `\ffn_tile.$proc$/Users/toprakgundogdu/qwen-ffn-rom/rtl/ffn_tile_16x16_b4_reg.v:116$2539'.
Creating decoders for process `\ffn_tile.$proc$/Users/toprakgundogdu/qwen-ffn-rom/rtl/ffn_tile_16x16_b4_reg.v:116$2538'.
Creating decoders for process `\ffn_tile.$proc$/Users/toprakgundogdu/qwen-ffn-rom/rtl/ffn_tile_16x16_b4_reg.v:116$2537'.
Creating decoders for process `\ffn_tile.$proc$/Users/toprakgundogdu/qwen-ffn-rom/rtl/ffn_tile_16x16_b4_reg.v:116$2536'.
Creating decoders for process `\ffn_tile.$proc$/Users/toprakgundogdu/qwen-ffn-rom/rtl/ffn_tile_16x16_b4_reg.v:116$2535'.
Creating decoders for process `\ffn_tile.$proc$/Users/toprakgundogdu/qwen-ffn-rom/rtl/ffn_tile_16x16_b4_reg.v:116$2534'.
Creating decoders for process `\ffn_tile.$proc$/Users/toprakgundogdu/qwen-ffn-rom/rtl/ffn_tile_16x16_b4_reg.v:116$2533'.
Creating decoders for process `\ffn_tile.$proc$/Users/toprakgundogdu/qwen-ffn-rom/rtl/ffn_tile_16x16_b4_reg.v:116$2532'.
Creating decoders for process `\ffn_tile.$proc$/Users/toprakgundogdu/qwen-ffn-rom/rtl/ffn_tile_16x16_b4_reg.v:116$2531'.
Creating decoders for process `\ffn_tile.$proc$/Users/toprakgundogdu/qwen-ffn-rom/rtl/ffn_tile_16x16_b4_reg.v:116$2530'.
Creating decoders for process `\ffn_tile.$proc$/Users/toprakgundogdu/qwen-ffn-rom/rtl/ffn_tile_16x16_b4_reg.v:116$2529'.
Creating decoders for process `\ffn_tile.$proc$/Users/toprakgundogdu/qwen-ffn-rom/rtl/ffn_tile_16x16_b4_reg.v:116$2528'.
Creating decoders for process `\ffn_tile.$proc$/Users/toprakgundogdu/qwen-ffn-rom/rtl/ffn_tile_16x16_b4_reg.v:116$2527'.
Creating decoders for process `\ffn_tile.$proc$/Users/toprakgundogdu/qwen-ffn-rom/rtl/ffn_tile_16x16_b4_reg.v:116$2526'.
Creating decoders for process `\ffn_tile.$proc$/Users/toprakgundogdu/qwen-ffn-rom/rtl/ffn_tile_16x16_b4_reg.v:116$2525'.
Creating decoders for process `\ffn_tile.$proc$/Users/toprakgundogdu/qwen-ffn-rom/rtl/ffn_tile_16x16_b4_reg.v:116$2524'.
Creating decoders for process `\ffn_tile.$proc$/Users/toprakgundogdu/qwen-ffn-rom/rtl/ffn_tile_16x16_b4_reg.v:116$2523'.
Creating decoders for process `\ffn_tile.$proc$/Users/toprakgundogdu/qwen-ffn-rom/rtl/ffn_tile_16x16_b4_reg.v:116$2522'.
Creating decoders for process `\ffn_tile.$proc$/Users/toprakgundogdu/qwen-ffn-rom/rtl/ffn_tile_16x16_b4_reg.v:116$2521'.
Creating decoders for process `\ffn_tile.$proc$/Users/toprakgundogdu/qwen-ffn-rom/rtl/ffn_tile_16x16_b4_reg.v:116$2520'.
Creating decoders for process `\ffn_tile.$proc$/Users/toprakgundogdu/qwen-ffn-rom/rtl/ffn_tile_16x16_b4_reg.v:116$2519'.
Creating decoders for process `\ffn_tile.$proc$/Users/toprakgundogdu/qwen-ffn-rom/rtl/ffn_tile_16x16_b4_reg.v:116$2518'.
Creating decoders for process `\ffn_tile.$proc$/Users/toprakgundogdu/qwen-ffn-rom/rtl/ffn_tile_16x16_b4_reg.v:116$2517'.
Creating decoders for process `\ffn_tile.$proc$/Users/toprakgundogdu/qwen-ffn-rom/rtl/ffn_tile_16x16_b4_reg.v:116$2516'.
Creating decoders for process `\ffn_tile.$proc$/Users/toprakgundogdu/qwen-ffn-rom/rtl/ffn_tile_16x16_b4_reg.v:116$2515'.
Creating decoders for process `\ffn_tile.$proc$/Users/toprakgundogdu/qwen-ffn-rom/rtl/ffn_tile_16x16_b4_reg.v:116$2514'.
Creating decoders for process `\ffn_tile.$proc$/Users/toprakgundogdu/qwen-ffn-rom/rtl/ffn_tile_16x16_b4_reg.v:116$2513'.
Creating decoders for process `\ffn_tile.$proc$/Users/toprakgundogdu/qwen-ffn-rom/rtl/ffn_tile_16x16_b4_reg.v:116$2512'.
Creating decoders for process `\ffn_tile.$proc$/Users/toprakgundogdu/qwen-ffn-rom/rtl/ffn_tile_16x16_b4_reg.v:104$2511'.
Creating decoders for process `\ffn_tile.$proc$/Users/toprakgundogdu/qwen-ffn-rom/rtl/ffn_tile_16x16_b4_reg.v:104$2510'.
Creating decoders for process `\ffn_tile.$proc$/Users/toprakgundogdu/qwen-ffn-rom/rtl/ffn_tile_16x16_b4_reg.v:104$2509'.
Creating decoders for process `\ffn_tile.$proc$/Users/toprakgundogdu/qwen-ffn-rom/rtl/ffn_tile_16x16_b4_reg.v:104$2508'.
Creating decoders for process `\ffn_tile.$proc$/Users/toprakgundogdu/qwen-ffn-rom/rtl/ffn_tile_16x16_b4_reg.v:104$2507'.
Creating decoders for process `\ffn_tile.$proc$/Users/toprakgundogdu/qwen-ffn-rom/rtl/ffn_tile_16x16_b4_reg.v:104$2506'.
Creating decoders for process `\ffn_tile.$proc$/Users/toprakgundogdu/qwen-ffn-rom/rtl/ffn_tile_16x16_b4_reg.v:104$2505'.
Creating decoders for process `\ffn_tile.$proc$/Users/toprakgundogdu/qwen-ffn-rom/rtl/ffn_tile_16x16_b4_reg.v:104$2504'.
Creating decoders for process `\ffn_tile.$proc$/Users/toprakgundogdu/qwen-ffn-rom/rtl/ffn_tile_16x16_b4_reg.v:104$2503'.
Creating decoders for process `\ffn_tile.$proc$/Users/toprakgundogdu/qwen-ffn-rom/rtl/ffn_tile_16x16_b4_reg.v:104$2502'.
Creating decoders for process `\ffn_tile.$proc$/Users/toprakgundogdu/qwen-ffn-rom/rtl/ffn_tile_16x16_b4_reg.v:104$2501'.
Creating decoders for process `\ffn_tile.$proc$/Users/toprakgundogdu/qwen-ffn-rom/rtl/ffn_tile_16x16_b4_reg.v:104$2500'.
Creating decoders for process `\ffn_tile.$proc$/Users/toprakgundogdu/qwen-ffn-rom/rtl/ffn_tile_16x16_b4_reg.v:104$2499'.
Creating decoders for process `\ffn_tile.$proc$/Users/toprakgundogdu/qwen-ffn-rom/rtl/ffn_tile_16x16_b4_reg.v:104$2498'.
Creating decoders for process `\ffn_tile.$proc$/Users/toprakgundogdu/qwen-ffn-rom/rtl/ffn_tile_16x16_b4_reg.v:104$2497'.
Creating decoders for process `\ffn_tile.$proc$/Users/toprakgundogdu/qwen-ffn-rom/rtl/ffn_tile_16x16_b4_reg.v:104$2496'.
Creating decoders for process `\ffn_tile.$proc$/Users/toprakgundogdu/qwen-ffn-rom/rtl/ffn_tile_16x16_b4_reg.v:115$2487'.
Creating decoders for process `\ffn_tile.$proc$/Users/toprakgundogdu/qwen-ffn-rom/rtl/ffn_tile_16x16_b4_reg.v:115$2479'.
Creating decoders for process `\ffn_tile.$proc$/Users/toprakgundogdu/qwen-ffn-rom/rtl/ffn_tile_16x16_b4_reg.v:115$2472'.
Creating decoders for process `\ffn_tile.$proc$/Users/toprakgundogdu/qwen-ffn-rom/rtl/ffn_tile_16x16_b4_reg.v:115$2464'.
Creating decoders for process `\ffn_tile.$proc$/Users/toprakgundogdu/qwen-ffn-rom/rtl/ffn_tile_16x16_b4_reg.v:115$2455'.
Creating decoders for process `\ffn_tile.$proc$/Users/toprakgundogdu/qwen-ffn-rom/rtl/ffn_tile_16x16_b4_reg.v:115$2448'.
Creating decoders for process `\ffn_tile.$proc$/Users/toprakgundogdu/qwen-ffn-rom/rtl/ffn_tile_16x16_b4_reg.v:115$2439'.
Creating decoders for process `\ffn_tile.$proc$/Users/toprakgundogdu/qwen-ffn-rom/rtl/ffn_tile_16x16_b4_reg.v:115$2432'.
Creating decoders for process `\ffn_tile.$proc$/Users/toprakgundogdu/qwen-ffn-rom/rtl/ffn_tile_16x16_b4_reg.v:115$2424'.
Creating decoders for process `\ffn_tile.$proc$/Users/toprakgundogdu/qwen-ffn-rom/rtl/ffn_tile_16x16_b4_reg.v:115$2416'.
Creating decoders for process `\ffn_tile.$proc$/Users/toprakgundogdu/qwen-ffn-rom/rtl/ffn_tile_16x16_b4_reg.v:115$2407'.
Creating decoders for process `\ffn_tile.$proc$/Users/toprakgundogdu/qwen-ffn-rom/rtl/ffn_tile_16x16_b4_reg.v:115$2401'.
Creating decoders for process `\ffn_tile.$proc$/Users/toprakgundogdu/qwen-ffn-rom/rtl/ffn_tile_16x16_b4_reg.v:115$2393'.
Creating decoders for process `\ffn_tile.$proc$/Users/toprakgundogdu/qwen-ffn-rom/rtl/ffn_tile_16x16_b4_reg.v:115$2385'.
Creating decoders for process `\ffn_tile.$proc$/Users/toprakgundogdu/qwen-ffn-rom/rtl/ffn_tile_16x16_b4_reg.v:115$2377'.
Creating decoders for process `\ffn_tile.$proc$/Users/toprakgundogdu/qwen-ffn-rom/rtl/ffn_tile_16x16_b4_reg.v:115$2370'.
Creating decoders for process `\ffn_tile.$proc$/Users/toprakgundogdu/qwen-ffn-rom/rtl/ffn_tile_16x16_b4_reg.v:115$2364'.
Creating decoders for process `\ffn_tile.$proc$/Users/toprakgundogdu/qwen-ffn-rom/rtl/ffn_tile_16x16_b4_reg.v:115$2357'.
Creating decoders for process `\ffn_tile.$proc$/Users/toprakgundogdu/qwen-ffn-rom/rtl/ffn_tile_16x16_b4_reg.v:115$2351'.
Creating decoders for process `\ffn_tile.$proc$/Users/toprakgundogdu/qwen-ffn-rom/rtl/ffn_tile_16x16_b4_reg.v:115$2345'.
Creating decoders for process `\ffn_tile.$proc$/Users/toprakgundogdu/qwen-ffn-rom/rtl/ffn_tile_16x16_b4_reg.v:115$2339'.
Creating decoders for process `\ffn_tile.$proc$/Users/toprakgundogdu/qwen-ffn-rom/rtl/ffn_tile_16x16_b4_reg.v:115$2333'.
Creating decoders for process `\ffn_tile.$proc$/Users/toprakgundogdu/qwen-ffn-rom/rtl/ffn_tile_16x16_b4_reg.v:115$2326'.
Creating decoders for process `\ffn_tile.$proc$/Users/toprakgundogdu/qwen-ffn-rom/rtl/ffn_tile_16x16_b4_reg.v:115$2320'.
Creating decoders for process `\ffn_tile.$proc$/Users/toprakgundogdu/qwen-ffn-rom/rtl/ffn_tile_16x16_b4_reg.v:115$2314'.
Creating decoders for process `\ffn_tile.$proc$/Users/toprakgundogdu/qwen-ffn-rom/rtl/ffn_tile_16x16_b4_reg.v:115$2307'.
Creating decoders for process `\ffn_tile.$proc$/Users/toprakgundogdu/qwen-ffn-rom/rtl/ffn_tile_16x16_b4_reg.v:115$2301'.
Creating decoders for process `\ffn_tile.$proc$/Users/toprakgundogdu/qwen-ffn-rom/rtl/ffn_tile_16x16_b4_reg.v:115$2295'.
Creating decoders for process `\ffn_tile.$proc$/Users/toprakgundogdu/qwen-ffn-rom/rtl/ffn_tile_16x16_b4_reg.v:115$2287'.
Creating decoders for process `\ffn_tile.$proc$/Users/toprakgundogdu/qwen-ffn-rom/rtl/ffn_tile_16x16_b4_reg.v:115$2281'.
Creating decoders for process `\ffn_tile.$proc$/Users/toprakgundogdu/qwen-ffn-rom/rtl/ffn_tile_16x16_b4_reg.v:115$2275'.
Creating decoders for process `\ffn_tile.$proc$/Users/toprakgundogdu/qwen-ffn-rom/rtl/ffn_tile_16x16_b4_reg.v:115$2266'.
Creating decoders for process `\ffn_tile.$proc$/Users/toprakgundogdu/qwen-ffn-rom/rtl/ffn_tile_16x16_b4_reg.v:115$2260'.
Creating decoders for process `\ffn_tile.$proc$/Users/toprakgundogdu/qwen-ffn-rom/rtl/ffn_tile_16x16_b4_reg.v:115$2252'.
Creating decoders for process `\ffn_tile.$proc$/Users/toprakgundogdu/qwen-ffn-rom/rtl/ffn_tile_16x16_b4_reg.v:115$2245'.
Creating decoders for process `\ffn_tile.$proc$/Users/toprakgundogdu/qwen-ffn-rom/rtl/ffn_tile_16x16_b4_reg.v:115$2238'.
Creating decoders for process `\ffn_tile.$proc$/Users/toprakgundogdu/qwen-ffn-rom/rtl/ffn_tile_16x16_b4_reg.v:115$2232'.
Creating decoders for process `\ffn_tile.$proc$/Users/toprakgundogdu/qwen-ffn-rom/rtl/ffn_tile_16x16_b4_reg.v:115$2223'.
Creating decoders for process `\ffn_tile.$proc$/Users/toprakgundogdu/qwen-ffn-rom/rtl/ffn_tile_16x16_b4_reg.v:115$2216'.
Creating decoders for process `\ffn_tile.$proc$/Users/toprakgundogdu/qwen-ffn-rom/rtl/ffn_tile_16x16_b4_reg.v:115$2208'.
Creating decoders for process `\ffn_tile.$proc$/Users/toprakgundogdu/qwen-ffn-rom/rtl/ffn_tile_16x16_b4_reg.v:115$2201'.
Creating decoders for process `\ffn_tile.$proc$/Users/toprakgundogdu/qwen-ffn-rom/rtl/ffn_tile_16x16_b4_reg.v:115$2192'.
Creating decoders for process `\ffn_tile.$proc$/Users/toprakgundogdu/qwen-ffn-rom/rtl/ffn_tile_16x16_b4_reg.v:115$2186'.
Creating decoders for process `\ffn_tile.$proc$/Users/toprakgundogdu/qwen-ffn-rom/rtl/ffn_tile_16x16_b4_reg.v:115$2180'.
Creating decoders for process `\ffn_tile.$proc$/Users/toprakgundogdu/qwen-ffn-rom/rtl/ffn_tile_16x16_b4_reg.v:115$2171'.
Creating decoders for process `\ffn_tile.$proc$/Users/toprakgundogdu/qwen-ffn-rom/rtl/ffn_tile_16x16_b4_reg.v:115$2163'.
Creating decoders for process `\ffn_tile.$proc$/Users/toprakgundogdu/qwen-ffn-rom/rtl/ffn_tile_16x16_b4_reg.v:115$2155'.
Creating decoders for process `\ffn_tile.$proc$/Users/toprakgundogdu/qwen-ffn-rom/rtl/ffn_tile_16x16_b4_reg.v:115$2146'.
Creating decoders for process `\ffn_tile.$proc$/Users/toprakgundogdu/qwen-ffn-rom/rtl/ffn_tile_16x16_b4_reg.v:115$2138'.
Creating decoders for process `\ffn_tile.$proc$/Users/toprakgundogdu/qwen-ffn-rom/rtl/ffn_tile_16x16_b4_reg.v:115$2130'.
Creating decoders for process `\ffn_tile.$proc$/Users/toprakgundogdu/qwen-ffn-rom/rtl/ffn_tile_16x16_b4_reg.v:115$2122'.
Creating decoders for process `\ffn_tile.$proc$/Users/toprakgundogdu/qwen-ffn-rom/rtl/ffn_tile_16x16_b4_reg.v:115$2113'.
Creating decoders for process `\ffn_tile.$proc$/Users/toprakgundogdu/qwen-ffn-rom/rtl/ffn_tile_16x16_b4_reg.v:115$2103'.
Creating decoders for process `\ffn_tile.$proc$/Users/toprakgundogdu/qwen-ffn-rom/rtl/ffn_tile_16x16_b4_reg.v:115$2096'.
Creating decoders for process `\ffn_tile.$proc$/Users/toprakgundogdu/qwen-ffn-rom/rtl/ffn_tile_16x16_b4_reg.v:115$2090'.
Creating decoders for process `\ffn_tile.$proc$/Users/toprakgundogdu/qwen-ffn-rom/rtl/ffn_tile_16x16_b4_reg.v:115$2084'.
Creating decoders for process `\ffn_tile.$proc$/Users/toprakgundogdu/qwen-ffn-rom/rtl/ffn_tile_16x16_b4_reg.v:115$2077'.
Creating decoders for process `\ffn_tile.$proc$/Users/toprakgundogdu/qwen-ffn-rom/rtl/ffn_tile_16x16_b4_reg.v:115$2069'.
Creating decoders for process `\ffn_tile.$proc$/Users/toprakgundogdu/qwen-ffn-rom/rtl/ffn_tile_16x16_b4_reg.v:115$2062'.
Creating decoders for process `\ffn_tile.$proc$/Users/toprakgundogdu/qwen-ffn-rom/rtl/ffn_tile_16x16_b4_reg.v:115$2056'.
Creating decoders for process `\ffn_tile.$proc$/Users/toprakgundogdu/qwen-ffn-rom/rtl/ffn_tile_16x16_b4_reg.v:115$2048'.
Creating decoders for process `\ffn_tile.$proc$/Users/toprakgundogdu/qwen-ffn-rom/rtl/ffn_tile_16x16_b4_reg.v:115$2042'.
Creating decoders for process `\ffn_tile.$proc$/Users/toprakgundogdu/qwen-ffn-rom/rtl/ffn_tile_16x16_b4_reg.v:115$2036'.
Creating decoders for process `\ffn_tile.$proc$/Users/toprakgundogdu/qwen-ffn-rom/rtl/ffn_tile_16x16_b4_reg.v:115$2027'.
Creating decoders for process `\ffn_tile.$proc$/Users/toprakgundogdu/qwen-ffn-rom/rtl/ffn_tile_16x16_b4_reg.v:115$2020'.
Creating decoders for process `\ffn_tile.$proc$/Users/toprakgundogdu/qwen-ffn-rom/rtl/ffn_tile_16x16_b4_reg.v:115$2012'.
Creating decoders for process `\ffn_tile.$proc$/Users/toprakgundogdu/qwen-ffn-rom/rtl/ffn_tile_16x16_b4_reg.v:115$2004'.
Creating decoders for process `\ffn_tile.$proc$/Users/toprakgundogdu/qwen-ffn-rom/rtl/ffn_tile_16x16_b4_reg.v:115$1997'.
Creating decoders for process `\ffn_tile.$proc$/Users/toprakgundogdu/qwen-ffn-rom/rtl/ffn_tile_16x16_b4_reg.v:115$1989'.
Creating decoders for process `\ffn_tile.$proc$/Users/toprakgundogdu/qwen-ffn-rom/rtl/ffn_tile_16x16_b4_reg.v:115$1982'.
Creating decoders for process `\ffn_tile.$proc$/Users/toprakgundogdu/qwen-ffn-rom/rtl/ffn_tile_16x16_b4_reg.v:115$1973'.
Creating decoders for process `\ffn_tile.$proc$/Users/toprakgundogdu/qwen-ffn-rom/rtl/ffn_tile_16x16_b4_reg.v:115$1966'.
Creating decoders for process `\ffn_tile.$proc$/Users/toprakgundogdu/qwen-ffn-rom/rtl/ffn_tile_16x16_b4_reg.v:115$1960'.
Creating decoders for process `\ffn_tile.$proc$/Users/toprakgundogdu/qwen-ffn-rom/rtl/ffn_tile_16x16_b4_reg.v:115$1954'.
Creating decoders for process `\ffn_tile.$proc$/Users/toprakgundogdu/qwen-ffn-rom/rtl/ffn_tile_16x16_b4_reg.v:115$1947'.
Creating decoders for process `\ffn_tile.$proc$/Users/toprakgundogdu/qwen-ffn-rom/rtl/ffn_tile_16x16_b4_reg.v:115$1941'.
Creating decoders for process `\ffn_tile.$proc$/Users/toprakgundogdu/qwen-ffn-rom/rtl/ffn_tile_16x16_b4_reg.v:115$1934'.
Creating decoders for process `\ffn_tile.$proc$/Users/toprakgundogdu/qwen-ffn-rom/rtl/ffn_tile_16x16_b4_reg.v:115$1926'.
Creating decoders for process `\ffn_tile.$proc$/Users/toprakgundogdu/qwen-ffn-rom/rtl/ffn_tile_16x16_b4_reg.v:115$1919'.
Creating decoders for process `\ffn_tile.$proc$/Users/toprakgundogdu/qwen-ffn-rom/rtl/ffn_tile_16x16_b4_reg.v:115$1913'.
Creating decoders for process `\ffn_tile.$proc$/Users/toprakgundogdu/qwen-ffn-rom/rtl/ffn_tile_16x16_b4_reg.v:115$1907'.
Creating decoders for process `\ffn_tile.$proc$/Users/toprakgundogdu/qwen-ffn-rom/rtl/ffn_tile_16x16_b4_reg.v:115$1899'.
Creating decoders for process `\ffn_tile.$proc$/Users/toprakgundogdu/qwen-ffn-rom/rtl/ffn_tile_16x16_b4_reg.v:115$1893'.
Creating decoders for process `\ffn_tile.$proc$/Users/toprakgundogdu/qwen-ffn-rom/rtl/ffn_tile_16x16_b4_reg.v:115$1885'.
Creating decoders for process `\ffn_tile.$proc$/Users/toprakgundogdu/qwen-ffn-rom/rtl/ffn_tile_16x16_b4_reg.v:115$1879'.
Creating decoders for process `\ffn_tile.$proc$/Users/toprakgundogdu/qwen-ffn-rom/rtl/ffn_tile_16x16_b4_reg.v:115$1873'.
Creating decoders for process `\ffn_tile.$proc$/Users/toprakgundogdu/qwen-ffn-rom/rtl/ffn_tile_16x16_b4_reg.v:115$1866'.
Creating decoders for process `\ffn_tile.$proc$/Users/toprakgundogdu/qwen-ffn-rom/rtl/ffn_tile_16x16_b4_reg.v:115$1858'.
Creating decoders for process `\ffn_tile.$proc$/Users/toprakgundogdu/qwen-ffn-rom/rtl/ffn_tile_16x16_b4_reg.v:115$1850'.
Creating decoders for process `\ffn_tile.$proc$/Users/toprakgundogdu/qwen-ffn-rom/rtl/ffn_tile_16x16_b4_reg.v:115$1842'.
Creating decoders for process `\ffn_tile.$proc$/Users/toprakgundogdu/qwen-ffn-rom/rtl/ffn_tile_16x16_b4_reg.v:115$1836'.
Creating decoders for process `\ffn_tile.$proc$/Users/toprakgundogdu/qwen-ffn-rom/rtl/ffn_tile_16x16_b4_reg.v:115$1829'.
Creating decoders for process `\ffn_tile.$proc$/Users/toprakgundogdu/qwen-ffn-rom/rtl/ffn_tile_16x16_b4_reg.v:115$1823'.
Creating decoders for process `\ffn_tile.$proc$/Users/toprakgundogdu/qwen-ffn-rom/rtl/ffn_tile_16x16_b4_reg.v:115$1815'.
Creating decoders for process `\ffn_tile.$proc$/Users/toprakgundogdu/qwen-ffn-rom/rtl/ffn_tile_16x16_b4_reg.v:115$1807'.
Creating decoders for process `\ffn_tile.$proc$/Users/toprakgundogdu/qwen-ffn-rom/rtl/ffn_tile_16x16_b4_reg.v:115$1799'.
Creating decoders for process `\ffn_tile.$proc$/Users/toprakgundogdu/qwen-ffn-rom/rtl/ffn_tile_16x16_b4_reg.v:115$1793'.
Creating decoders for process `\ffn_tile.$proc$/Users/toprakgundogdu/qwen-ffn-rom/rtl/ffn_tile_16x16_b4_reg.v:115$1785'.
Creating decoders for process `\ffn_tile.$proc$/Users/toprakgundogdu/qwen-ffn-rom/rtl/ffn_tile_16x16_b4_reg.v:115$1776'.
Creating decoders for process `\ffn_tile.$proc$/Users/toprakgundogdu/qwen-ffn-rom/rtl/ffn_tile_16x16_b4_reg.v:115$1768'.
Creating decoders for process `\ffn_tile.$proc$/Users/toprakgundogdu/qwen-ffn-rom/rtl/ffn_tile_16x16_b4_reg.v:115$1760'.
Creating decoders for process `\ffn_tile.$proc$/Users/toprakgundogdu/qwen-ffn-rom/rtl/ffn_tile_16x16_b4_reg.v:115$1752'.
Creating decoders for process `\ffn_tile.$proc$/Users/toprakgundogdu/qwen-ffn-rom/rtl/ffn_tile_16x16_b4_reg.v:115$1746'.
Creating decoders for process `\ffn_tile.$proc$/Users/toprakgundogdu/qwen-ffn-rom/rtl/ffn_tile_16x16_b4_reg.v:115$1740'.
Creating decoders for process `\ffn_tile.$proc$/Users/toprakgundogdu/qwen-ffn-rom/rtl/ffn_tile_16x16_b4_reg.v:115$1733'.
Creating decoders for process `\ffn_tile.$proc$/Users/toprakgundogdu/qwen-ffn-rom/rtl/ffn_tile_16x16_b4_reg.v:115$1727'.
Creating decoders for process `\ffn_tile.$proc$/Users/toprakgundogdu/qwen-ffn-rom/rtl/ffn_tile_16x16_b4_reg.v:115$1720'.
Creating decoders for process `\ffn_tile.$proc$/Users/toprakgundogdu/qwen-ffn-rom/rtl/ffn_tile_16x16_b4_reg.v:115$1714'.
Creating decoders for process `\ffn_tile.$proc$/Users/toprakgundogdu/qwen-ffn-rom/rtl/ffn_tile_16x16_b4_reg.v:115$1706'.
Creating decoders for process `\ffn_tile.$proc$/Users/toprakgundogdu/qwen-ffn-rom/rtl/ffn_tile_16x16_b4_reg.v:115$1700'.
Creating decoders for process `\ffn_tile.$proc$/Users/toprakgundogdu/qwen-ffn-rom/rtl/ffn_tile_16x16_b4_reg.v:115$1694'.
Creating decoders for process `\ffn_tile.$proc$/Users/toprakgundogdu/qwen-ffn-rom/rtl/ffn_tile_16x16_b4_reg.v:115$1687'.
Creating decoders for process `\ffn_tile.$proc$/Users/toprakgundogdu/qwen-ffn-rom/rtl/ffn_tile_16x16_b4_reg.v:115$1681'.
Creating decoders for process `\ffn_tile.$proc$/Users/toprakgundogdu/qwen-ffn-rom/rtl/ffn_tile_16x16_b4_reg.v:115$1675'.
Creating decoders for process `\ffn_tile.$proc$/Users/toprakgundogdu/qwen-ffn-rom/rtl/ffn_tile_16x16_b4_reg.v:115$1669'.
Creating decoders for process `\ffn_tile.$proc$/Users/toprakgundogdu/qwen-ffn-rom/rtl/ffn_tile_16x16_b4_reg.v:115$1662'.
Creating decoders for process `\ffn_tile.$proc$/Users/toprakgundogdu/qwen-ffn-rom/rtl/ffn_tile_16x16_b4_reg.v:115$1654'.
Creating decoders for process `\ffn_tile.$proc$/Users/toprakgundogdu/qwen-ffn-rom/rtl/ffn_tile_16x16_b4_reg.v:115$1647'.
Creating decoders for process `\ffn_tile.$proc$/Users/toprakgundogdu/qwen-ffn-rom/rtl/ffn_tile_16x16_b4_reg.v:115$1639'.
Creating decoders for process `\ffn_tile.$proc$/Users/toprakgundogdu/qwen-ffn-rom/rtl/ffn_tile_16x16_b4_reg.v:115$1633'.
Creating decoders for process `\ffn_tile.$proc$/Users/toprakgundogdu/qwen-ffn-rom/rtl/ffn_tile_16x16_b4_reg.v:115$1627'.
Creating decoders for process `\ffn_tile.$proc$/Users/toprakgundogdu/qwen-ffn-rom/rtl/ffn_tile_16x16_b4_reg.v:115$1620'.
Creating decoders for process `\ffn_tile.$proc$/Users/toprakgundogdu/qwen-ffn-rom/rtl/ffn_tile_16x16_b4_reg.v:115$1614'.
Creating decoders for process `\ffn_tile.$proc$/Users/toprakgundogdu/qwen-ffn-rom/rtl/ffn_tile_16x16_b4_reg.v:115$1608'.
Creating decoders for process `\ffn_tile.$proc$/Users/toprakgundogdu/qwen-ffn-rom/rtl/ffn_tile_16x16_b4_reg.v:115$1600'.
Creating decoders for process `\ffn_tile.$proc$/Users/toprakgundogdu/qwen-ffn-rom/rtl/ffn_tile_16x16_b4_reg.v:115$1594'.
Creating decoders for process `\ffn_tile.$proc$/Users/toprakgundogdu/qwen-ffn-rom/rtl/ffn_tile_16x16_b4_reg.v:115$1588'.
Creating decoders for process `\ffn_tile.$proc$/Users/toprakgundogdu/qwen-ffn-rom/rtl/ffn_tile_16x16_b4_reg.v:115$1580'.
Creating decoders for process `\ffn_tile.$proc$/Users/toprakgundogdu/qwen-ffn-rom/rtl/ffn_tile_16x16_b4_reg.v:115$1571'.
Creating decoders for process `\ffn_tile.$proc$/Users/toprakgundogdu/qwen-ffn-rom/rtl/ffn_tile_16x16_b4_reg.v:115$1564'.
Creating decoders for process `\ffn_tile.$proc$/Users/toprakgundogdu/qwen-ffn-rom/rtl/ffn_tile_16x16_b4_reg.v:115$1556'.
Creating decoders for process `\ffn_tile.$proc$/Users/toprakgundogdu/qwen-ffn-rom/rtl/ffn_tile_16x16_b4_reg.v:115$1550'.
Creating decoders for process `\ffn_tile.$proc$/Users/toprakgundogdu/qwen-ffn-rom/rtl/ffn_tile_16x16_b4_reg.v:115$1541'.
Creating decoders for process `\ffn_tile.$proc$/Users/toprakgundogdu/qwen-ffn-rom/rtl/ffn_tile_16x16_b4_reg.v:115$1532'.
Creating decoders for process `\ffn_tile.$proc$/Users/toprakgundogdu/qwen-ffn-rom/rtl/ffn_tile_16x16_b4_reg.v:115$1524'.
Creating decoders for process `\ffn_tile.$proc$/Users/toprakgundogdu/qwen-ffn-rom/rtl/ffn_tile_16x16_b4_reg.v:115$1518'.
Creating decoders for process `\ffn_tile.$proc$/Users/toprakgundogdu/qwen-ffn-rom/rtl/ffn_tile_16x16_b4_reg.v:115$1508'.
Creating decoders for process `\ffn_tile.$proc$/Users/toprakgundogdu/qwen-ffn-rom/rtl/ffn_tile_16x16_b4_reg.v:115$1502'.
Creating decoders for process `\ffn_tile.$proc$/Users/toprakgundogdu/qwen-ffn-rom/rtl/ffn_tile_16x16_b4_reg.v:115$1496'.
Creating decoders for process `\ffn_tile.$proc$/Users/toprakgundogdu/qwen-ffn-rom/rtl/ffn_tile_16x16_b4_reg.v:115$1489'.
Creating decoders for process `\ffn_tile.$proc$/Users/toprakgundogdu/qwen-ffn-rom/rtl/ffn_tile_16x16_b4_reg.v:115$1480'.
Creating decoders for process `\ffn_tile.$proc$/Users/toprakgundogdu/qwen-ffn-rom/rtl/ffn_tile_16x16_b4_reg.v:115$1471'.
Creating decoders for process `\ffn_tile.$proc$/Users/toprakgundogdu/qwen-ffn-rom/rtl/ffn_tile_16x16_b4_reg.v:115$1463'.
Creating decoders for process `\ffn_tile.$proc$/Users/toprakgundogdu/qwen-ffn-rom/rtl/ffn_tile_16x16_b4_reg.v:115$1454'.
Creating decoders for process `\ffn_tile.$proc$/Users/toprakgundogdu/qwen-ffn-rom/rtl/ffn_tile_16x16_b4_reg.v:115$1448'.
Creating decoders for process `\ffn_tile.$proc$/Users/toprakgundogdu/qwen-ffn-rom/rtl/ffn_tile_16x16_b4_reg.v:115$1439'.
Creating decoders for process `\ffn_tile.$proc$/Users/toprakgundogdu/qwen-ffn-rom/rtl/ffn_tile_16x16_b4_reg.v:115$1430'.
Creating decoders for process `\ffn_tile.$proc$/Users/toprakgundogdu/qwen-ffn-rom/rtl/ffn_tile_16x16_b4_reg.v:115$1422'.
Creating decoders for process `\ffn_tile.$proc$/Users/toprakgundogdu/qwen-ffn-rom/rtl/ffn_tile_16x16_b4_reg.v:115$1414'.
Creating decoders for process `\ffn_tile.$proc$/Users/toprakgundogdu/qwen-ffn-rom/rtl/ffn_tile_16x16_b4_reg.v:115$1405'.
Creating decoders for process `\ffn_tile.$proc$/Users/toprakgundogdu/qwen-ffn-rom/rtl/ffn_tile_16x16_b4_reg.v:115$1398'.
Creating decoders for process `\ffn_tile.$proc$/Users/toprakgundogdu/qwen-ffn-rom/rtl/ffn_tile_16x16_b4_reg.v:115$1391'.
Creating decoders for process `\ffn_tile.$proc$/Users/toprakgundogdu/qwen-ffn-rom/rtl/ffn_tile_16x16_b4_reg.v:115$1383'.
Creating decoders for process `\ffn_tile.$proc$/Users/toprakgundogdu/qwen-ffn-rom/rtl/ffn_tile_16x16_b4_reg.v:115$1376'.
Creating decoders for process `\ffn_tile.$proc$/Users/toprakgundogdu/qwen-ffn-rom/rtl/ffn_tile_16x16_b4_reg.v:115$1370'.
Creating decoders for process `\ffn_tile.$proc$/Users/toprakgundogdu/qwen-ffn-rom/rtl/ffn_tile_16x16_b4_reg.v:115$1361'.
Creating decoders for process `\ffn_tile.$proc$/Users/toprakgundogdu/qwen-ffn-rom/rtl/ffn_tile_16x16_b4_reg.v:115$1353'.
Creating decoders for process `\ffn_tile.$proc$/Users/toprakgundogdu/qwen-ffn-rom/rtl/ffn_tile_16x16_b4_reg.v:115$1347'.
Creating decoders for process `\ffn_tile.$proc$/Users/toprakgundogdu/qwen-ffn-rom/rtl/ffn_tile_16x16_b4_reg.v:115$1340'.
Creating decoders for process `\ffn_tile.$proc$/Users/toprakgundogdu/qwen-ffn-rom/rtl/ffn_tile_16x16_b4_reg.v:115$1331'.
Creating decoders for process `\ffn_tile.$proc$/Users/toprakgundogdu/qwen-ffn-rom/rtl/ffn_tile_16x16_b4_reg.v:115$1322'.
Creating decoders for process `\ffn_tile.$proc$/Users/toprakgundogdu/qwen-ffn-rom/rtl/ffn_tile_16x16_b4_reg.v:115$1316'.
Creating decoders for process `\ffn_tile.$proc$/Users/toprakgundogdu/qwen-ffn-rom/rtl/ffn_tile_16x16_b4_reg.v:115$1308'.
Creating decoders for process `\ffn_tile.$proc$/Users/toprakgundogdu/qwen-ffn-rom/rtl/ffn_tile_16x16_b4_reg.v:115$1302'.
Creating decoders for process `\ffn_tile.$proc$/Users/toprakgundogdu/qwen-ffn-rom/rtl/ffn_tile_16x16_b4_reg.v:115$1293'.
Creating decoders for process `\ffn_tile.$proc$/Users/toprakgundogdu/qwen-ffn-rom/rtl/ffn_tile_16x16_b4_reg.v:115$1286'.
Creating decoders for process `\ffn_tile.$proc$/Users/toprakgundogdu/qwen-ffn-rom/rtl/ffn_tile_16x16_b4_reg.v:115$1278'.
Creating decoders for process `\ffn_tile.$proc$/Users/toprakgundogdu/qwen-ffn-rom/rtl/ffn_tile_16x16_b4_reg.v:115$1272'.
Creating decoders for process `\ffn_tile.$proc$/Users/toprakgundogdu/qwen-ffn-rom/rtl/ffn_tile_16x16_b4_reg.v:115$1263'.
Creating decoders for process `\ffn_tile.$proc$/Users/toprakgundogdu/qwen-ffn-rom/rtl/ffn_tile_16x16_b4_reg.v:115$1256'.
Creating decoders for process `\ffn_tile.$proc$/Users/toprakgundogdu/qwen-ffn-rom/rtl/ffn_tile_16x16_b4_reg.v:115$1249'.
Creating decoders for process `\ffn_tile.$proc$/Users/toprakgundogdu/qwen-ffn-rom/rtl/ffn_tile_16x16_b4_reg.v:115$1243'.
Creating decoders for process `\ffn_tile.$proc$/Users/toprakgundogdu/qwen-ffn-rom/rtl/ffn_tile_16x16_b4_reg.v:115$1236'.
Creating decoders for process `\ffn_tile.$proc$/Users/toprakgundogdu/qwen-ffn-rom/rtl/ffn_tile_16x16_b4_reg.v:115$1227'.
Creating decoders for process `\ffn_tile.$proc$/Users/toprakgundogdu/qwen-ffn-rom/rtl/ffn_tile_16x16_b4_reg.v:115$1221'.
Creating decoders for process `\ffn_tile.$proc$/Users/toprakgundogdu/qwen-ffn-rom/rtl/ffn_tile_16x16_b4_reg.v:115$1214'.
Creating decoders for process `\ffn_tile.$proc$/Users/toprakgundogdu/qwen-ffn-rom/rtl/ffn_tile_16x16_b4_reg.v:115$1206'.
Creating decoders for process `\ffn_tile.$proc$/Users/toprakgundogdu/qwen-ffn-rom/rtl/ffn_tile_16x16_b4_reg.v:115$1199'.
Creating decoders for process `\ffn_tile.$proc$/Users/toprakgundogdu/qwen-ffn-rom/rtl/ffn_tile_16x16_b4_reg.v:115$1191'.
Creating decoders for process `\ffn_tile.$proc$/Users/toprakgundogdu/qwen-ffn-rom/rtl/ffn_tile_16x16_b4_reg.v:115$1185'.
Creating decoders for process `\ffn_tile.$proc$/Users/toprakgundogdu/qwen-ffn-rom/rtl/ffn_tile_16x16_b4_reg.v:115$1179'.
Creating decoders for process `\ffn_tile.$proc$/Users/toprakgundogdu/qwen-ffn-rom/rtl/ffn_tile_16x16_b4_reg.v:115$1173'.
Creating decoders for process `\ffn_tile.$proc$/Users/toprakgundogdu/qwen-ffn-rom/rtl/ffn_tile_16x16_b4_reg.v:115$1165'.
Creating decoders for process `\ffn_tile.$proc$/Users/toprakgundogdu/qwen-ffn-rom/rtl/ffn_tile_16x16_b4_reg.v:115$1158'.
Creating decoders for process `\ffn_tile.$proc$/Users/toprakgundogdu/qwen-ffn-rom/rtl/ffn_tile_16x16_b4_reg.v:115$1150'.
Creating decoders for process `\ffn_tile.$proc$/Users/toprakgundogdu/qwen-ffn-rom/rtl/ffn_tile_16x16_b4_reg.v:115$1144'.
Creating decoders for process `\ffn_tile.$proc$/Users/toprakgundogdu/qwen-ffn-rom/rtl/ffn_tile_16x16_b4_reg.v:115$1136'.
Creating decoders for process `\ffn_tile.$proc$/Users/toprakgundogdu/qwen-ffn-rom/rtl/ffn_tile_16x16_b4_reg.v:115$1129'.
Creating decoders for process `\ffn_tile.$proc$/Users/toprakgundogdu/qwen-ffn-rom/rtl/ffn_tile_16x16_b4_reg.v:115$1121'.
Creating decoders for process `\ffn_tile.$proc$/Users/toprakgundogdu/qwen-ffn-rom/rtl/ffn_tile_16x16_b4_reg.v:115$1114'.
Creating decoders for process `\ffn_tile.$proc$/Users/toprakgundogdu/qwen-ffn-rom/rtl/ffn_tile_16x16_b4_reg.v:115$1108'.
Creating decoders for process `\ffn_tile.$proc$/Users/toprakgundogdu/qwen-ffn-rom/rtl/ffn_tile_16x16_b4_reg.v:115$1100'.
Creating decoders for process `\ffn_tile.$proc$/Users/toprakgundogdu/qwen-ffn-rom/rtl/ffn_tile_16x16_b4_reg.v:115$1093'.
Creating decoders for process `\ffn_tile.$proc$/Users/toprakgundogdu/qwen-ffn-rom/rtl/ffn_tile_16x16_b4_reg.v:115$1085'.
Creating decoders for process `\ffn_tile.$proc$/Users/toprakgundogdu/qwen-ffn-rom/rtl/ffn_tile_16x16_b4_reg.v:115$1075'.
Creating decoders for process `\ffn_tile.$proc$/Users/toprakgundogdu/qwen-ffn-rom/rtl/ffn_tile_16x16_b4_reg.v:115$1067'.
Creating decoders for process `\ffn_tile.$proc$/Users/toprakgundogdu/qwen-ffn-rom/rtl/ffn_tile_16x16_b4_reg.v:115$1061'.
Creating decoders for process `\ffn_tile.$proc$/Users/toprakgundogdu/qwen-ffn-rom/rtl/ffn_tile_16x16_b4_reg.v:115$1052'.
Creating decoders for process `\ffn_tile.$proc$/Users/toprakgundogdu/qwen-ffn-rom/rtl/ffn_tile_16x16_b4_reg.v:115$1046'.
Creating decoders for process `\ffn_tile.$proc$/Users/toprakgundogdu/qwen-ffn-rom/rtl/ffn_tile_16x16_b4_reg.v:115$1038'.
Creating decoders for process `\ffn_tile.$proc$/Users/toprakgundogdu/qwen-ffn-rom/rtl/ffn_tile_16x16_b4_reg.v:115$1032'.
Creating decoders for process `\ffn_tile.$proc$/Users/toprakgundogdu/qwen-ffn-rom/rtl/ffn_tile_16x16_b4_reg.v:115$1024'.
Creating decoders for process `\ffn_tile.$proc$/Users/toprakgundogdu/qwen-ffn-rom/rtl/ffn_tile_16x16_b4_reg.v:115$1015'.
Creating decoders for process `\ffn_tile.$proc$/Users/toprakgundogdu/qwen-ffn-rom/rtl/ffn_tile_16x16_b4_reg.v:115$1007'.
Creating decoders for process `\ffn_tile.$proc$/Users/toprakgundogdu/qwen-ffn-rom/rtl/ffn_tile_16x16_b4_reg.v:115$999'.
Creating decoders for process `\ffn_tile.$proc$/Users/toprakgundogdu/qwen-ffn-rom/rtl/ffn_tile_16x16_b4_reg.v:115$992'.
Creating decoders for process `\ffn_tile.$proc$/Users/toprakgundogdu/qwen-ffn-rom/rtl/ffn_tile_16x16_b4_reg.v:115$985'.
Creating decoders for process `\ffn_tile.$proc$/Users/toprakgundogdu/qwen-ffn-rom/rtl/ffn_tile_16x16_b4_reg.v:115$978'.
Creating decoders for process `\ffn_tile.$proc$/Users/toprakgundogdu/qwen-ffn-rom/rtl/ffn_tile_16x16_b4_reg.v:115$972'.
Creating decoders for process `\ffn_tile.$proc$/Users/toprakgundogdu/qwen-ffn-rom/rtl/ffn_tile_16x16_b4_reg.v:115$965'.
Creating decoders for process `\ffn_tile.$proc$/Users/toprakgundogdu/qwen-ffn-rom/rtl/ffn_tile_16x16_b4_reg.v:115$958'.
Creating decoders for process `\ffn_tile.$proc$/Users/toprakgundogdu/qwen-ffn-rom/rtl/ffn_tile_16x16_b4_reg.v:115$949'.
Creating decoders for process `\ffn_tile.$proc$/Users/toprakgundogdu/qwen-ffn-rom/rtl/ffn_tile_16x16_b4_reg.v:115$941'.
Creating decoders for process `\ffn_tile.$proc$/Users/toprakgundogdu/qwen-ffn-rom/rtl/ffn_tile_16x16_b4_reg.v:115$933'.
Creating decoders for process `\ffn_tile.$proc$/Users/toprakgundogdu/qwen-ffn-rom/rtl/ffn_tile_16x16_b4_reg.v:115$925'.
Creating decoders for process `\ffn_tile.$proc$/Users/toprakgundogdu/qwen-ffn-rom/rtl/ffn_tile_16x16_b4_reg.v:115$916'.
Creating decoders for process `\ffn_tile.$proc$/Users/toprakgundogdu/qwen-ffn-rom/rtl/ffn_tile_16x16_b4_reg.v:115$907'.
Creating decoders for process `\ffn_tile.$proc$/Users/toprakgundogdu/qwen-ffn-rom/rtl/ffn_tile_16x16_b4_reg.v:115$901'.
Creating decoders for process `\ffn_tile.$proc$/Users/toprakgundogdu/qwen-ffn-rom/rtl/ffn_tile_16x16_b4_reg.v:115$893'.
Creating decoders for process `\ffn_tile.$proc$/Users/toprakgundogdu/qwen-ffn-rom/rtl/ffn_tile_16x16_b4_reg.v:115$886'.
Creating decoders for process `\ffn_tile.$proc$/Users/toprakgundogdu/qwen-ffn-rom/rtl/ffn_tile_16x16_b4_reg.v:115$877'.
Creating decoders for process `\ffn_tile.$proc$/Users/toprakgundogdu/qwen-ffn-rom/rtl/ffn_tile_16x16_b4_reg.v:115$870'.
Creating decoders for process `\ffn_tile.$proc$/Users/toprakgundogdu/qwen-ffn-rom/rtl/ffn_tile_16x16_b4_reg.v:115$863'.
Creating decoders for process `\ffn_tile.$proc$/Users/toprakgundogdu/qwen-ffn-rom/rtl/ffn_tile_16x16_b4_reg.v:115$856'.
Creating decoders for process `\ffn_tile.$proc$/Users/toprakgundogdu/qwen-ffn-rom/rtl/ffn_tile_16x16_b4_reg.v:115$849'.
Creating decoders for process `\ffn_tile.$proc$/Users/toprakgundogdu/qwen-ffn-rom/rtl/ffn_tile_16x16_b4_reg.v:115$843'.
Creating decoders for process `\ffn_tile.$proc$/Users/toprakgundogdu/qwen-ffn-rom/rtl/ffn_tile_16x16_b4_reg.v:115$837'.
Creating decoders for process `\ffn_tile.$proc$/Users/toprakgundogdu/qwen-ffn-rom/rtl/ffn_tile_16x16_b4_reg.v:115$828'.
Creating decoders for process `\ffn_tile.$proc$/Users/toprakgundogdu/qwen-ffn-rom/rtl/ffn_tile_16x16_b4_reg.v:115$821'.
Creating decoders for process `\ffn_tile.$proc$/Users/toprakgundogdu/qwen-ffn-rom/rtl/ffn_tile_16x16_b4_reg.v:115$815'.
Creating decoders for process `\ffn_tile.$proc$/Users/toprakgundogdu/qwen-ffn-rom/rtl/ffn_tile_16x16_b4_reg.v:115$809'.
Creating decoders for process `\ffn_tile.$proc$/Users/toprakgundogdu/qwen-ffn-rom/rtl/ffn_tile_16x16_b4_reg.v:115$802'.
Creating decoders for process `\ffn_tile.$proc$/Users/toprakgundogdu/qwen-ffn-rom/rtl/ffn_tile_16x16_b4_reg.v:115$796'.
Creating decoders for process `\ffn_tile.$proc$/Users/toprakgundogdu/qwen-ffn-rom/rtl/ffn_tile_16x16_b4_reg.v:115$790'.
Creating decoders for process `\ffn_tile.$proc$/Users/toprakgundogdu/qwen-ffn-rom/rtl/ffn_tile_16x16_b4_reg.v:115$782'.
Creating decoders for process `\ffn_tile.$proc$/Users/toprakgundogdu/qwen-ffn-rom/rtl/ffn_tile_16x16_b4_reg.v:115$775'.
Creating decoders for process `\ffn_tile.$proc$/Users/toprakgundogdu/qwen-ffn-rom/rtl/ffn_tile_16x16_b4_reg.v:115$767'.
Creating decoders for process `\ffn_tile.$proc$/Users/toprakgundogdu/qwen-ffn-rom/rtl/ffn_tile_16x16_b4_reg.v:115$761'.
Creating decoders for process `\ffn_tile.$proc$/Users/toprakgundogdu/qwen-ffn-rom/rtl/ffn_tile_16x16_b4_reg.v:115$753'.
Creating decoders for process `\ffn_tile.$proc$/Users/toprakgundogdu/qwen-ffn-rom/rtl/ffn_tile_16x16_b4_reg.v:115$747'.
Creating decoders for process `\ffn_tile.$proc$/Users/toprakgundogdu/qwen-ffn-rom/rtl/ffn_tile_16x16_b4_reg.v:115$738'.
Creating decoders for process `\ffn_tile.$proc$/Users/toprakgundogdu/qwen-ffn-rom/rtl/ffn_tile_16x16_b4_reg.v:115$732'.
Creating decoders for process `\ffn_tile.$proc$/Users/toprakgundogdu/qwen-ffn-rom/rtl/ffn_tile_16x16_b4_reg.v:115$726'.
Creating decoders for process `\ffn_tile.$proc$/Users/toprakgundogdu/qwen-ffn-rom/rtl/ffn_tile_16x16_b4_reg.v:115$720'.
Creating decoders for process `\ffn_tile.$proc$/Users/toprakgundogdu/qwen-ffn-rom/rtl/ffn_tile_16x16_b4_reg.v:115$714'.
Creating decoders for process `\ffn_tile.$proc$/Users/toprakgundogdu/qwen-ffn-rom/rtl/ffn_tile_16x16_b4_reg.v:115$708'.
Creating decoders for process `\ffn_tile.$proc$/Users/toprakgundogdu/qwen-ffn-rom/rtl/ffn_tile_16x16_b4_reg.v:115$702'.
Creating decoders for process `\ffn_tile.$proc$/Users/toprakgundogdu/qwen-ffn-rom/rtl/ffn_tile_16x16_b4_reg.v:115$696'.
Creating decoders for process `\ffn_tile.$proc$/Users/toprakgundogdu/qwen-ffn-rom/rtl/ffn_tile_16x16_b4_reg.v:115$690'.
Creating decoders for process `\ffn_tile.$proc$/Users/toprakgundogdu/qwen-ffn-rom/rtl/ffn_tile_16x16_b4_reg.v:115$684'.
Creating decoders for process `\ffn_tile.$proc$/Users/toprakgundogdu/qwen-ffn-rom/rtl/ffn_tile_16x16_b4_reg.v:115$677'.
Creating decoders for process `\ffn_tile.$proc$/Users/toprakgundogdu/qwen-ffn-rom/rtl/ffn_tile_16x16_b4_reg.v:115$669'.
Creating decoders for process `\ffn_tile.$proc$/Users/toprakgundogdu/qwen-ffn-rom/rtl/ffn_tile_16x16_b4_reg.v:115$663'.
Creating decoders for process `\ffn_tile.$proc$/Users/toprakgundogdu/qwen-ffn-rom/rtl/ffn_tile_16x16_b4_reg.v:115$657'.
Creating decoders for process `\ffn_tile.$proc$/Users/toprakgundogdu/qwen-ffn-rom/rtl/ffn_tile_16x16_b4_reg.v:115$649'.
Creating decoders for process `\ffn_tile.$proc$/Users/toprakgundogdu/qwen-ffn-rom/rtl/ffn_tile_16x16_b4_reg.v:115$643'.
Creating decoders for process `$paramod$19610d36066bea265eccabe9a1b9eed43380701f\add_tree.$proc$/Users/toprakgundogdu/qwen-ffn-rom/rtl/ffn_tile_16x16_b4_reg.v:17$2769'.

3.8. Executing PROC_DLATCH pass (convert process syncs to latches).
No latch inferred for signal `\ffn_tile.\g_row[15].prods[15]' from process `\ffn_tile.$proc$/Users/toprakgundogdu/qwen-ffn-rom/rtl/ffn_tile_16x16_b4_reg.v:116$2767'.
No latch inferred for signal `\ffn_tile.\g_row[15].prods[14]' from process `\ffn_tile.$proc$/Users/toprakgundogdu/qwen-ffn-rom/rtl/ffn_tile_16x16_b4_reg.v:116$2766'.
No latch inferred for signal `\ffn_tile.\g_row[15].prods[13]' from process `\ffn_tile.$proc$/Users/toprakgundogdu/qwen-ffn-rom/rtl/ffn_tile_16x16_b4_reg.v:116$2765'.
No latch inferred for signal `\ffn_tile.\g_row[15].prods[12]' from process `\ffn_tile.$proc$/Users/toprakgundogdu/qwen-ffn-rom/rtl/ffn_tile_16x16_b4_reg.v:116$2764'.
No latch inferred for signal `\ffn_tile.\g_row[15].prods[11]' from process `\ffn_tile.$proc$/Users/toprakgundogdu/qwen-ffn-rom/rtl/ffn_tile_16x16_b4_reg.v:116$2763'.
No latch inferred for signal `\ffn_tile.\g_row[15].prods[10]' from process `\ffn_tile.$proc$/Users/toprakgundogdu/qwen-ffn-rom/rtl/ffn_tile_16x16_b4_reg.v:116$2762'.
No latch inferred for signal `\ffn_tile.\g_row[15].prods[9]' from process `\ffn_tile.$proc$/Users/toprakgundogdu/qwen-ffn-rom/rtl/ffn_tile_16x16_b4_reg.v:116$2761'.
No latch inferred for signal `\ffn_tile.\g_row[15].prods[8]' from process `\ffn_tile.$proc$/Users/toprakgundogdu/qwen-ffn-rom/rtl/ffn_tile_16x16_b4_reg.v:116$2760'.
No latch inferred for signal `\ffn_tile.\g_row[15].prods[7]' from process `\ffn_tile.$proc$/Users/toprakgundogdu/qwen-ffn-rom/rtl/ffn_tile_16x16_b4_reg.v:116$2759'.
No latch inferred for signal `\ffn_tile.\g_row[15].prods[6]' from process `\ffn_tile.$proc$/Users/toprakgundogdu/qwen-ffn-rom/rtl/ffn_tile_16x16_b4_reg.v:116$2758'.
No latch inferred for signal `\ffn_tile.\g_row[15].prods[5]' from process `\ffn_tile.$proc$/Users/toprakgundogdu/qwen-ffn-rom/rtl/ffn_tile_16x16_b4_reg.v:116$2757'.
No latch inferred for signal `\ffn_tile.\g_row[15].prods[4]' from process `\ffn_tile.$proc$/Users/toprakgundogdu/qwen-ffn-rom/rtl/ffn_tile_16x16_b4_reg.v:116$2756'.
No latch inferred for signal `\ffn_tile.\g_row[15].prods[3]' from process `\ffn_tile.$proc$/Users/toprakgundogdu/qwen-ffn-rom/rtl/ffn_tile_16x16_b4_reg.v:116$2755'.
No latch inferred for signal `\ffn_tile.\g_row[15].prods[2]' from process `\ffn_tile.$proc$/Users/toprakgundogdu/qwen-ffn-rom/rtl/ffn_tile_16x16_b4_reg.v:116$2754'.
No latch inferred for signal `\ffn_tile.\g_row[15].prods[1]' from process `\ffn_tile.$proc$/Users/toprakgundogdu/qwen-ffn-rom/rtl/ffn_tile_16x16_b4_reg.v:116$2753'.
No latch inferred for signal `\ffn_tile.\g_row[15].prods[0]' from process `\ffn_tile.$proc$/Users/toprakgundogdu/qwen-ffn-rom/rtl/ffn_tile_16x16_b4_reg.v:116$2752'.
No latch inferred for signal `\ffn_tile.\g_row[14].prods[15]' from process `\ffn_tile.$proc$/Users/toprakgundogdu/qwen-ffn-rom/rtl/ffn_tile_16x16_b4_reg.v:116$2751'.
No latch inferred for signal `\ffn_tile.\g_row[14].prods[14]' from process `\ffn_tile.$proc$/Users/toprakgundogdu/qwen-ffn-rom/rtl/ffn_tile_16x16_b4_reg.v:116$2750'.
No latch inferred for signal `\ffn_tile.\g_row[14].prods[13]' from process `\ffn_tile.$proc$/Users/toprakgundogdu/qwen-ffn-rom/rtl/ffn_tile_16x16_b4_reg.v:116$2749'.
No latch inferred for signal `\ffn_tile.\g_row[14].prods[12]' from process `\ffn_tile.$proc$/Users/toprakgundogdu/qwen-ffn-rom/rtl/ffn_tile_16x16_b4_reg.v:116$2748'.
No latch inferred for signal `\ffn_tile.\g_row[14].prods[11]' from process `\ffn_tile.$proc$/Users/toprakgundogdu/qwen-ffn-rom/rtl/ffn_tile_16x16_b4_reg.v:116$2747'.
No latch inferred for signal `\ffn_tile.\g_row[14].prods[10]' from process `\ffn_tile.$proc$/Users/toprakgundogdu/qwen-ffn-rom/rtl/ffn_tile_16x16_b4_reg.v:116$2746'.
No latch inferred for signal `\ffn_tile.\g_row[14].prods[9]' from process `\ffn_tile.$proc$/Users/toprakgundogdu/qwen-ffn-rom/rtl/ffn_tile_16x16_b4_reg.v:116$2745'.
No latch inferred for signal `\ffn_tile.\g_row[14].prods[8]' from process `\ffn_tile.$proc$/Users/toprakgundogdu/qwen-ffn-rom/rtl/ffn_tile_16x16_b4_reg.v:116$2744'.
No latch inferred for signal `\ffn_tile.\g_row[14].prods[7]' from process `\ffn_tile.$proc$/Users/toprakgundogdu/qwen-ffn-rom/rtl/ffn_tile_16x16_b4_reg.v:116$2743'.
No latch inferred for signal `\ffn_tile.\g_row[14].prods[6]' from process `\ffn_tile.$proc$/Users/toprakgundogdu/qwen-ffn-rom/rtl/ffn_tile_16x16_b4_reg.v:116$2742'.
No latch inferred for signal `\ffn_tile.\g_row[14].prods[5]' from process `\ffn_tile.$proc$/Users/toprakgundogdu/qwen-ffn-rom/rtl/ffn_tile_16x16_b4_reg.v:116$2741'.
No latch inferred for signal `\ffn_tile.\g_row[14].prods[4]' from process `\ffn_tile.$proc$/Users/toprakgundogdu/qwen-ffn-rom/rtl/ffn_tile_16x16_b4_reg.v:116$2740'.
No latch inferred for signal `\ffn_tile.\g_row[14].prods[3]' from process `\ffn_tile.$proc$/Users/toprakgundogdu/qwen-ffn-rom/rtl/ffn_tile_16x16_b4_reg.v:116$2739'.
No latch inferred for signal `\ffn_tile.\g_row[14].prods[2]' from process `\ffn_tile.$proc$/Users/toprakgundogdu/qwen-ffn-rom/rtl/ffn_tile_16x16_b4_reg.v:116$2738'.
No latch inferred for signal `\ffn_tile.\g_row[14].prods[1]' from process `\ffn_tile.$proc$/Users/toprakgundogdu/qwen-ffn-rom/rtl/ffn_tile_16x16_b4_reg.v:116$2737'.
No latch inferred for signal `\ffn_tile.\g_row[14].prods[0]' from process `\ffn_tile.$proc$/Users/toprakgundogdu/qwen-ffn-rom/rtl/ffn_tile_16x16_b4_reg.v:116$2736'.
No latch inferred for signal `\ffn_tile.\g_row[13].prods[15]' from process `\ffn_tile.$proc$/Users/toprakgundogdu/qwen-ffn-rom/rtl/ffn_tile_16x16_b4_reg.v:116$2735'.
No latch inferred for signal `\ffn_tile.\g_row[13].prods[14]' from process `\ffn_tile.$proc$/Users/toprakgundogdu/qwen-ffn-rom/rtl/ffn_tile_16x16_b4_reg.v:116$2734'.
No latch inferred for signal `\ffn_tile.\g_row[13].prods[13]' from process `\ffn_tile.$proc$/Users/toprakgundogdu/qwen-ffn-rom/rtl/ffn_tile_16x16_b4_reg.v:116$2733'.
No latch inferred for signal `\ffn_tile.\g_row[13].prods[12]' from process `\ffn_tile.$proc$/Users/toprakgundogdu/qwen-ffn-rom/rtl/ffn_tile_16x16_b4_reg.v:116$2732'.
No latch inferred for signal `\ffn_tile.\g_row[13].prods[11]' from process `\ffn_tile.$proc$/Users/toprakgundogdu/qwen-ffn-rom/rtl/ffn_tile_16x16_b4_reg.v:116$2731'.
No latch inferred for signal `\ffn_tile.\g_row[13].prods[10]' from process `\ffn_tile.$proc$/Users/toprakgundogdu/qwen-ffn-rom/rtl/ffn_tile_16x16_b4_reg.v:116$2730'.
No latch inferred for signal `\ffn_tile.\g_row[13].prods[9]' from process `\ffn_tile.$proc$/Users/toprakgundogdu/qwen-ffn-rom/rtl/ffn_tile_16x16_b4_reg.v:116$2729'.
No latch inferred for signal `\ffn_tile.\g_row[13].prods[8]' from process `\ffn_tile.$proc$/Users/toprakgundogdu/qwen-ffn-rom/rtl/ffn_tile_16x16_b4_reg.v:116$2728'.
No latch inferred for signal `\ffn_tile.\g_row[13].prods[7]' from process `\ffn_tile.$proc$/Users/toprakgundogdu/qwen-ffn-rom/rtl/ffn_tile_16x16_b4_reg.v:116$2727'.
No latch inferred for signal `\ffn_tile.\g_row[13].prods[6]' from process `\ffn_tile.$proc$/Users/toprakgundogdu/qwen-ffn-rom/rtl/ffn_tile_16x16_b4_reg.v:116$2726'.
No latch inferred for signal `\ffn_tile.\g_row[13].prods[5]' from process `\ffn_tile.$proc$/Users/toprakgundogdu/qwen-ffn-rom/rtl/ffn_tile_16x16_b4_reg.v:116$2725'.
No latch inferred for signal `\ffn_tile.\g_row[13].prods[4]' from process `\ffn_tile.$proc$/Users/toprakgundogdu/qwen-ffn-rom/rtl/ffn_tile_16x16_b4_reg.v:116$2724'.
No latch inferred for signal `\ffn_tile.\g_row[13].prods[3]' from process `\ffn_tile.$proc$/Users/toprakgundogdu/qwen-ffn-rom/rtl/ffn_tile_16x16_b4_reg.v:116$2723'.
No latch inferred for signal `\ffn_tile.\g_row[13].prods[2]' from process `\ffn_tile.$proc$/Users/toprakgundogdu/qwen-ffn-rom/rtl/ffn_tile_16x16_b4_reg.v:116$2722'.
No latch inferred for signal `\ffn_tile.\g_row[13].prods[1]' from process `\ffn_tile.$proc$/Users/toprakgundogdu/qwen-ffn-rom/rtl/ffn_tile_16x16_b4_reg.v:116$2721'.
No latch inferred for signal `\ffn_tile.\g_row[13].prods[0]' from process `\ffn_tile.$proc$/Users/toprakgundogdu/qwen-ffn-rom/rtl/ffn_tile_16x16_b4_reg.v:116$2720'.
No latch inferred for signal `\ffn_tile.\g_row[12].prods[15]' from process `\ffn_tile.$proc$/Users/toprakgundogdu/qwen-ffn-rom/rtl/ffn_tile_16x16_b4_reg.v:116$2719'.
No latch inferred for signal `\ffn_tile.\g_row[12].prods[14]' from process `\ffn_tile.$proc$/Users/toprakgundogdu/qwen-ffn-rom/rtl/ffn_tile_16x16_b4_reg.v:116$2718'.
No latch inferred for signal `\ffn_tile.\g_row[12].prods[13]' from process `\ffn_tile.$proc$/Users/toprakgundogdu/qwen-ffn-rom/rtl/ffn_tile_16x16_b4_reg.v:116$2717'.
No latch inferred for signal `\ffn_tile.\g_row[12].prods[12]' from process `\ffn_tile.$proc$/Users/toprakgundogdu/qwen-ffn-rom/rtl/ffn_tile_16x16_b4_reg.v:116$2716'.
No latch inferred for signal `\ffn_tile.\g_row[12].prods[11]' from process `\ffn_tile.$proc$/Users/toprakgundogdu/qwen-ffn-rom/rtl/ffn_tile_16x16_b4_reg.v:116$2715'.
No latch inferred for signal `\ffn_tile.\g_row[12].prods[10]' from process `\ffn_tile.$proc$/Users/toprakgundogdu/qwen-ffn-rom/rtl/ffn_tile_16x16_b4_reg.v:116$2714'.
No latch inferred for signal `\ffn_tile.\g_row[12].prods[9]' from process `\ffn_tile.$proc$/Users/toprakgundogdu/qwen-ffn-rom/rtl/ffn_tile_16x16_b4_reg.v:116$2713'.
No latch inferred for signal `\ffn_tile.\g_row[12].prods[8]' from process `\ffn_tile.$proc$/Users/toprakgundogdu/qwen-ffn-rom/rtl/ffn_tile_16x16_b4_reg.v:116$2712'.
No latch inferred for signal `\ffn_tile.\g_row[12].prods[7]' from process `\ffn_tile.$proc$/Users/toprakgundogdu/qwen-ffn-rom/rtl/ffn_tile_16x16_b4_reg.v:116$2711'.
No latch inferred for signal `\ffn_tile.\g_row[12].prods[6]' from process `\ffn_tile.$proc$/Users/toprakgundogdu/qwen-ffn-rom/rtl/ffn_tile_16x16_b4_reg.v:116$2710'.
No latch inferred for signal `\ffn_tile.\g_row[12].prods[5]' from process `\ffn_tile.$proc$/Users/toprakgundogdu/qwen-ffn-rom/rtl/ffn_tile_16x16_b4_reg.v:116$2709'.
No latch inferred for signal `\ffn_tile.\g_row[12].prods[4]' from process `\ffn_tile.$proc$/Users/toprakgundogdu/qwen-ffn-rom/rtl/ffn_tile_16x16_b4_reg.v:116$2708'.
No latch inferred for signal `\ffn_tile.\g_row[12].prods[3]' from process `\ffn_tile.$proc$/Users/toprakgundogdu/qwen-ffn-rom/rtl/ffn_tile_16x16_b4_reg.v:116$2707'.
No latch inferred for signal `\ffn_tile.\g_row[12].prods[2]' from process `\ffn_tile.$proc$/Users/toprakgundogdu/qwen-ffn-rom/rtl/ffn_tile_16x16_b4_reg.v:116$2706'.
No latch inferred for signal `\ffn_tile.\g_row[12].prods[1]' from process `\ffn_tile.$proc$/Users/toprakgundogdu/qwen-ffn-rom/rtl/ffn_tile_16x16_b4_reg.v:116$2705'.
No latch inferred for signal `\ffn_tile.\g_row[12].prods[0]' from process `\ffn_tile.$proc$/Users/toprakgundogdu/qwen-ffn-rom/rtl/ffn_tile_16x16_b4_reg.v:116$2704'.
No latch inferred for signal `\ffn_tile.\g_row[11].prods[15]' from process `\ffn_tile.$proc$/Users/toprakgundogdu/qwen-ffn-rom/rtl/ffn_tile_16x16_b4_reg.v:116$2703'.
No latch inferred for signal `\ffn_tile.\g_row[11].prods[14]' from process `\ffn_tile.$proc$/Users/toprakgundogdu/qwen-ffn-rom/rtl/ffn_tile_16x16_b4_reg.v:116$2702'.
No latch inferred for signal `\ffn_tile.\g_row[11].prods[13]' from process `\ffn_tile.$proc$/Users/toprakgundogdu/qwen-ffn-rom/rtl/ffn_tile_16x16_b4_reg.v:116$2701'.
No latch inferred for signal `\ffn_tile.\g_row[11].prods[12]' from process `\ffn_tile.$proc$/Users/toprakgundogdu/qwen-ffn-rom/rtl/ffn_tile_16x16_b4_reg.v:116$2700'.
No latch inferred for signal `\ffn_tile.\g_row[11].prods[11]' from process `\ffn_tile.$proc$/Users/toprakgundogdu/qwen-ffn-rom/rtl/ffn_tile_16x16_b4_reg.v:116$2699'.
No latch inferred for signal `\ffn_tile.\g_row[11].prods[10]' from process `\ffn_tile.$proc$/Users/toprakgundogdu/qwen-ffn-rom/rtl/ffn_tile_16x16_b4_reg.v:116$2698'.
No latch inferred for signal `\ffn_tile.\g_row[11].prods[9]' from process `\ffn_tile.$proc$/Users/toprakgundogdu/qwen-ffn-rom/rtl/ffn_tile_16x16_b4_reg.v:116$2697'.
No latch inferred for signal `\ffn_tile.\g_row[11].prods[8]' from process `\ffn_tile.$proc$/Users/toprakgundogdu/qwen-ffn-rom/rtl/ffn_tile_16x16_b4_reg.v:116$2696'.
No latch inferred for signal `\ffn_tile.\g_row[11].prods[7]' from process `\ffn_tile.$proc$/Users/toprakgundogdu/qwen-ffn-rom/rtl/ffn_tile_16x16_b4_reg.v:116$2695'.
No latch inferred for signal `\ffn_tile.\g_row[11].prods[6]' from process `\ffn_tile.$proc$/Users/toprakgundogdu/qwen-ffn-rom/rtl/ffn_tile_16x16_b4_reg.v:116$2694'.
No latch inferred for signal `\ffn_tile.\g_row[11].prods[5]' from process `\ffn_tile.$proc$/Users/toprakgundogdu/qwen-ffn-rom/rtl/ffn_tile_16x16_b4_reg.v:116$2693'.
No latch inferred for signal `\ffn_tile.\g_row[11].prods[4]' from process `\ffn_tile.$proc$/Users/toprakgundogdu/qwen-ffn-rom/rtl/ffn_tile_16x16_b4_reg.v:116$2692'.
No latch inferred for signal `\ffn_tile.\g_row[11].prods[3]' from process `\ffn_tile.$proc$/Users/toprakgundogdu/qwen-ffn-rom/rtl/ffn_tile_16x16_b4_reg.v:116$2691'.
No latch inferred for signal `\ffn_tile.\g_row[11].prods[2]' from process `\ffn_tile.$proc$/Users/toprakgundogdu/qwen-ffn-rom/rtl/ffn_tile_16x16_b4_reg.v:116$2690'.
No latch inferred for signal `\ffn_tile.\g_row[11].prods[1]' from process `\ffn_tile.$proc$/Users/toprakgundogdu/qwen-ffn-rom/rtl/ffn_tile_16x16_b4_reg.v:116$2689'.
No latch inferred for signal `\ffn_tile.\g_row[11].prods[0]' from process `\ffn_tile.$proc$/Users/toprakgundogdu/qwen-ffn-rom/rtl/ffn_tile_16x16_b4_reg.v:116$2688'.
No latch inferred for signal `\ffn_tile.\g_row[10].prods[15]' from process `\ffn_tile.$proc$/Users/toprakgundogdu/qwen-ffn-rom/rtl/ffn_tile_16x16_b4_reg.v:116$2687'.
No latch inferred for signal `\ffn_tile.\g_row[10].prods[14]' from process `\ffn_tile.$proc$/Users/toprakgundogdu/qwen-ffn-rom/rtl/ffn_tile_16x16_b4_reg.v:116$2686'.
No latch inferred for signal `\ffn_tile.\g_row[10].prods[13]' from process `\ffn_tile.$proc$/Users/toprakgundogdu/qwen-ffn-rom/rtl/ffn_tile_16x16_b4_reg.v:116$2685'.
No latch inferred for signal `\ffn_tile.\g_row[10].prods[12]' from process `\ffn_tile.$proc$/Users/toprakgundogdu/qwen-ffn-rom/rtl/ffn_tile_16x16_b4_reg.v:116$2684'.
No latch inferred for signal `\ffn_tile.\g_row[10].prods[11]' from process `\ffn_tile.$proc$/Users/toprakgundogdu/qwen-ffn-rom/rtl/ffn_tile_16x16_b4_reg.v:116$2683'.
No latch inferred for signal `\ffn_tile.\g_row[10].prods[10]' from process `\ffn_tile.$proc$/Users/toprakgundogdu/qwen-ffn-rom/rtl/ffn_tile_16x16_b4_reg.v:116$2682'.
No latch inferred for signal `\ffn_tile.\g_row[10].prods[9]' from process `\ffn_tile.$proc$/Users/toprakgundogdu/qwen-ffn-rom/rtl/ffn_tile_16x16_b4_reg.v:116$2681'.
No latch inferred for signal `\ffn_tile.\g_row[10].prods[8]' from process `\ffn_tile.$proc$/Users/toprakgundogdu/qwen-ffn-rom/rtl/ffn_tile_16x16_b4_reg.v:116$2680'.
No latch inferred for signal `\ffn_tile.\g_row[10].prods[7]' from process `\ffn_tile.$proc$/Users/toprakgundogdu/qwen-ffn-rom/rtl/ffn_tile_16x16_b4_reg.v:116$2679'.
No latch inferred for signal `\ffn_tile.\g_row[10].prods[6]' from process `\ffn_tile.$proc$/Users/toprakgundogdu/qwen-ffn-rom/rtl/ffn_tile_16x16_b4_reg.v:116$2678'.
No latch inferred for signal `\ffn_tile.\g_row[10].prods[5]' from process `\ffn_tile.$proc$/Users/toprakgundogdu/qwen-ffn-rom/rtl/ffn_tile_16x16_b4_reg.v:116$2677'.
No latch inferred for signal `\ffn_tile.\g_row[10].prods[4]' from process `\ffn_tile.$proc$/Users/toprakgundogdu/qwen-ffn-rom/rtl/ffn_tile_16x16_b4_reg.v:116$2676'.
No latch inferred for signal `\ffn_tile.\g_row[10].prods[3]' from process `\ffn_tile.$proc$/Users/toprakgundogdu/qwen-ffn-rom/rtl/ffn_tile_16x16_b4_reg.v:116$2675'.
No latch inferred for signal `\ffn_tile.\g_row[10].prods[2]' from process `\ffn_tile.$proc$/Users/toprakgundogdu/qwen-ffn-rom/rtl/ffn_tile_16x16_b4_reg.v:116$2674'.
No latch inferred for signal `\ffn_tile.\g_row[10].prods[1]' from process `\ffn_tile.$proc$/Users/toprakgundogdu/qwen-ffn-rom/rtl/ffn_tile_16x16_b4_reg.v:116$2673'.
No latch inferred for signal `\ffn_tile.\g_row[10].prods[0]' from process `\ffn_tile.$proc$/Users/toprakgundogdu/qwen-ffn-rom/rtl/ffn_tile_16x16_b4_reg.v:116$2672'.
No latch inferred for signal `\ffn_tile.\g_row[9].prods[15]' from process `\ffn_tile.$proc$/Users/toprakgundogdu/qwen-ffn-rom/rtl/ffn_tile_16x16_b4_reg.v:116$2671'.
No latch inferred for signal `\ffn_tile.\g_row[9].prods[14]' from process `\ffn_tile.$proc$/Users/toprakgundogdu/qwen-ffn-rom/rtl/ffn_tile_16x16_b4_reg.v:116$2670'.
No latch inferred for signal `\ffn_tile.\g_row[9].prods[13]' from process `\ffn_tile.$proc$/Users/toprakgundogdu/qwen-ffn-rom/rtl/ffn_tile_16x16_b4_reg.v:116$2669'.
No latch inferred for signal `\ffn_tile.\g_row[9].prods[12]' from process `\ffn_tile.$proc$/Users/toprakgundogdu/qwen-ffn-rom/rtl/ffn_tile_16x16_b4_reg.v:116$2668'.
No latch inferred for signal `\ffn_tile.\g_row[9].prods[11]' from process `\ffn_tile.$proc$/Users/toprakgundogdu/qwen-ffn-rom/rtl/ffn_tile_16x16_b4_reg.v:116$2667'.
No latch inferred for signal `\ffn_tile.\g_row[9].prods[10]' from process `\ffn_tile.$proc$/Users/toprakgundogdu/qwen-ffn-rom/rtl/ffn_tile_16x16_b4_reg.v:116$2666'.
No latch inferred for signal `\ffn_tile.\g_row[9].prods[9]' from process `\ffn_tile.$proc$/Users/toprakgundogdu/qwen-ffn-rom/rtl/ffn_tile_16x16_b4_reg.v:116$2665'.
No latch inferred for signal `\ffn_tile.\g_row[9].prods[8]' from process `\ffn_tile.$proc$/Users/toprakgundogdu/qwen-ffn-rom/rtl/ffn_tile_16x16_b4_reg.v:116$2664'.
No latch inferred for signal `\ffn_tile.\g_row[9].prods[7]' from process `\ffn_tile.$proc$/Users/toprakgundogdu/qwen-ffn-rom/rtl/ffn_tile_16x16_b4_reg.v:116$2663'.
No latch inferred for signal `\ffn_tile.\g_row[9].prods[6]' from process `\ffn_tile.$proc$/Users/toprakgundogdu/qwen-ffn-rom/rtl/ffn_tile_16x16_b4_reg.v:116$2662'.
No latch inferred for signal `\ffn_tile.\g_row[9].prods[5]' from process `\ffn_tile.$proc$/Users/toprakgundogdu/qwen-ffn-rom/rtl/ffn_tile_16x16_b4_reg.v:116$2661'.
No latch inferred for signal `\ffn_tile.\g_row[9].prods[4]' from process `\ffn_tile.$proc$/Users/toprakgundogdu/qwen-ffn-rom/rtl/ffn_tile_16x16_b4_reg.v:116$2660'.
No latch inferred for signal `\ffn_tile.\g_row[9].prods[3]' from process `\ffn_tile.$proc$/Users/toprakgundogdu/qwen-ffn-rom/rtl/ffn_tile_16x16_b4_reg.v:116$2659'.
No latch inferred for signal `\ffn_tile.\g_row[9].prods[2]' from process `\ffn_tile.$proc$/Users/toprakgundogdu/qwen-ffn-rom/rtl/ffn_tile_16x16_b4_reg.v:116$2658'.
No latch inferred for signal `\ffn_tile.\g_row[9].prods[1]' from process `\ffn_tile.$proc$/Users/toprakgundogdu/qwen-ffn-rom/rtl/ffn_tile_16x16_b4_reg.v:116$2657'.
No latch inferred for signal `\ffn_tile.\g_row[9].prods[0]' from process `\ffn_tile.$proc$/Users/toprakgundogdu/qwen-ffn-rom/rtl/ffn_tile_16x16_b4_reg.v:116$2656'.
No latch inferred for signal `\ffn_tile.\g_row[8].prods[15]' from process `\ffn_tile.$proc$/Users/toprakgundogdu/qwen-ffn-rom/rtl/ffn_tile_16x16_b4_reg.v:116$2655'.
No latch inferred for signal `\ffn_tile.\g_row[8].prods[14]' from process `\ffn_tile.$proc$/Users/toprakgundogdu/qwen-ffn-rom/rtl/ffn_tile_16x16_b4_reg.v:116$2654'.
No latch inferred for signal `\ffn_tile.\g_row[8].prods[13]' from process `\ffn_tile.$proc$/Users/toprakgundogdu/qwen-ffn-rom/rtl/ffn_tile_16x16_b4_reg.v:116$2653'.
No latch inferred for signal `\ffn_tile.\g_row[8].prods[12]' from process `\ffn_tile.$proc$/Users/toprakgundogdu/qwen-ffn-rom/rtl/ffn_tile_16x16_b4_reg.v:116$2652'.
No latch inferred for signal `\ffn_tile.\g_row[8].prods[11]' from process `\ffn_tile.$proc$/Users/toprakgundogdu/qwen-ffn-rom/rtl/ffn_tile_16x16_b4_reg.v:116$2651'.
No latch inferred for signal `\ffn_tile.\g_row[8].prods[10]' from process `\ffn_tile.$proc$/Users/toprakgundogdu/qwen-ffn-rom/rtl/ffn_tile_16x16_b4_reg.v:116$2650'.
No latch inferred for signal `\ffn_tile.\g_row[8].prods[9]' from process `\ffn_tile.$proc$/Users/toprakgundogdu/qwen-ffn-rom/rtl/ffn_tile_16x16_b4_reg.v:116$2649'.
No latch inferred for signal `\ffn_tile.\g_row[8].prods[8]' from process `\ffn_tile.$proc$/Users/toprakgundogdu/qwen-ffn-rom/rtl/ffn_tile_16x16_b4_reg.v:116$2648'.
No latch inferred for signal `\ffn_tile.\g_row[8].prods[7]' from process `\ffn_tile.$proc$/Users/toprakgundogdu/qwen-ffn-rom/rtl/ffn_tile_16x16_b4_reg.v:116$2647'.
No latch inferred for signal `\ffn_tile.\g_row[8].prods[6]' from process `\ffn_tile.$proc$/Users/toprakgundogdu/qwen-ffn-rom/rtl/ffn_tile_16x16_b4_reg.v:116$2646'.
No latch inferred for signal `\ffn_tile.\g_row[8].prods[5]' from process `\ffn_tile.$proc$/Users/toprakgundogdu/qwen-ffn-rom/rtl/ffn_tile_16x16_b4_reg.v:116$2645'.
No latch inferred for signal `\ffn_tile.\g_row[8].prods[4]' from process `\ffn_tile.$proc$/Users/toprakgundogdu/qwen-ffn-rom/rtl/ffn_tile_16x16_b4_reg.v:116$2644'.
No latch inferred for signal `\ffn_tile.\g_row[8].prods[3]' from process `\ffn_tile.$proc$/Users/toprakgundogdu/qwen-ffn-rom/rtl/ffn_tile_16x16_b4_reg.v:116$2643'.
No latch inferred for signal `\ffn_tile.\g_row[8].prods[2]' from process `\ffn_tile.$proc$/Users/toprakgundogdu/qwen-ffn-rom/rtl/ffn_tile_16x16_b4_reg.v:116$2642'.
No latch inferred for signal `\ffn_tile.\g_row[8].prods[1]' from process `\ffn_tile.$proc$/Users/toprakgundogdu/qwen-ffn-rom/rtl/ffn_tile_16x16_b4_reg.v:116$2641'.
No latch inferred for signal `\ffn_tile.\g_row[8].prods[0]' from process `\ffn_tile.$proc$/Users/toprakgundogdu/qwen-ffn-rom/rtl/ffn_tile_16x16_b4_reg.v:116$2640'.
No latch inferred for signal `\ffn_tile.\g_row[7].prods[15]' from process `\ffn_tile.$proc$/Users/toprakgundogdu/qwen-ffn-rom/rtl/ffn_tile_16x16_b4_reg.v:116$2639'.
No latch inferred for signal `\ffn_tile.\g_row[7].prods[14]' from process `\ffn_tile.$proc$/Users/toprakgundogdu/qwen-ffn-rom/rtl/ffn_tile_16x16_b4_reg.v:116$2638'.
No latch inferred for signal `\ffn_tile.\g_row[7].prods[13]' from process `\ffn_tile.$proc$/Users/toprakgundogdu/qwen-ffn-rom/rtl/ffn_tile_16x16_b4_reg.v:116$2637'.
No latch inferred for signal `\ffn_tile.\g_row[7].prods[12]' from process `\ffn_tile.$proc$/Users/toprakgundogdu/qwen-ffn-rom/rtl/ffn_tile_16x16_b4_reg.v:116$2636'.
No latch inferred for signal `\ffn_tile.\g_row[7].prods[11]' from process `\ffn_tile.$proc$/Users/toprakgundogdu/qwen-ffn-rom/rtl/ffn_tile_16x16_b4_reg.v:116$2635'.
No latch inferred for signal `\ffn_tile.\g_row[7].prods[10]' from process `\ffn_tile.$proc$/Users/toprakgundogdu/qwen-ffn-rom/rtl/ffn_tile_16x16_b4_reg.v:116$2634'.
No latch inferred for signal `\ffn_tile.\g_row[7].prods[9]' from process `\ffn_tile.$proc$/Users/toprakgundogdu/qwen-ffn-rom/rtl/ffn_tile_16x16_b4_reg.v:116$2633'.
No latch inferred for signal `\ffn_tile.\g_row[7].prods[8]' from process `\ffn_tile.$proc$/Users/toprakgundogdu/qwen-ffn-rom/rtl/ffn_tile_16x16_b4_reg.v:116$2632'.
No latch inferred for signal `\ffn_tile.\g_row[7].prods[7]' from process `\ffn_tile.$proc$/Users/toprakgundogdu/qwen-ffn-rom/rtl/ffn_tile_16x16_b4_reg.v:116$2631'.
No latch inferred for signal `\ffn_tile.\g_row[7].prods[6]' from process `\ffn_tile.$proc$/Users/toprakgundogdu/qwen-ffn-rom/rtl/ffn_tile_16x16_b4_reg.v:116$2630'.
No latch inferred for signal `\ffn_tile.\g_row[7].prods[5]' from process `\ffn_tile.$proc$/Users/toprakgundogdu/qwen-ffn-rom/rtl/ffn_tile_16x16_b4_reg.v:116$2629'.
No latch inferred for signal `\ffn_tile.\g_row[7].prods[4]' from process `\ffn_tile.$proc$/Users/toprakgundogdu/qwen-ffn-rom/rtl/ffn_tile_16x16_b4_reg.v:116$2628'.
No latch inferred for signal `\ffn_tile.\g_row[7].prods[3]' from process `\ffn_tile.$proc$/Users/toprakgundogdu/qwen-ffn-rom/rtl/ffn_tile_16x16_b4_reg.v:116$2627'.
No latch inferred for signal `\ffn_tile.\g_row[7].prods[2]' from process `\ffn_tile.$proc$/Users/toprakgundogdu/qwen-ffn-rom/rtl/ffn_tile_16x16_b4_reg.v:116$2626'.
No latch inferred for signal `\ffn_tile.\g_row[7].prods[1]' from process `\ffn_tile.$proc$/Users/toprakgundogdu/qwen-ffn-rom/rtl/ffn_tile_16x16_b4_reg.v:116$2625'.
No latch inferred for signal `\ffn_tile.\g_row[7].prods[0]' from process `\ffn_tile.$proc$/Users/toprakgundogdu/qwen-ffn-rom/rtl/ffn_tile_16x16_b4_reg.v:116$2624'.
No latch inferred for signal `\ffn_tile.\g_row[6].prods[15]' from process `\ffn_tile.$proc$/Users/toprakgundogdu/qwen-ffn-rom/rtl/ffn_tile_16x16_b4_reg.v:116$2623'.
No latch inferred for signal `\ffn_tile.\g_row[6].prods[14]' from process `\ffn_tile.$proc$/Users/toprakgundogdu/qwen-ffn-rom/rtl/ffn_tile_16x16_b4_reg.v:116$2622'.
No latch inferred for signal `\ffn_tile.\g_row[6].prods[13]' from process `\ffn_tile.$proc$/Users/toprakgundogdu/qwen-ffn-rom/rtl/ffn_tile_16x16_b4_reg.v:116$2621'.
No latch inferred for signal `\ffn_tile.\g_row[6].prods[12]' from process `\ffn_tile.$proc$/Users/toprakgundogdu/qwen-ffn-rom/rtl/ffn_tile_16x16_b4_reg.v:116$2620'.
No latch inferred for signal `\ffn_tile.\g_row[6].prods[11]' from process `\ffn_tile.$proc$/Users/toprakgundogdu/qwen-ffn-rom/rtl/ffn_tile_16x16_b4_reg.v:116$2619'.
No latch inferred for signal `\ffn_tile.\g_row[6].prods[10]' from process `\ffn_tile.$proc$/Users/toprakgundogdu/qwen-ffn-rom/rtl/ffn_tile_16x16_b4_reg.v:116$2618'.
No latch inferred for signal `\ffn_tile.\g_row[6].prods[9]' from process `\ffn_tile.$proc$/Users/toprakgundogdu/qwen-ffn-rom/rtl/ffn_tile_16x16_b4_reg.v:116$2617'.
No latch inferred for signal `\ffn_tile.\g_row[6].prods[8]' from process `\ffn_tile.$proc$/Users/toprakgundogdu/qwen-ffn-rom/rtl/ffn_tile_16x16_b4_reg.v:116$2616'.
No latch inferred for signal `\ffn_tile.\g_row[6].prods[7]' from process `\ffn_tile.$proc$/Users/toprakgundogdu/qwen-ffn-rom/rtl/ffn_tile_16x16_b4_reg.v:116$2615'.
No latch inferred for signal `\ffn_tile.\g_row[6].prods[6]' from process `\ffn_tile.$proc$/Users/toprakgundogdu/qwen-ffn-rom/rtl/ffn_tile_16x16_b4_reg.v:116$2614'.
No latch inferred for signal `\ffn_tile.\g_row[6].prods[5]' from process `\ffn_tile.$proc$/Users/toprakgundogdu/qwen-ffn-rom/rtl/ffn_tile_16x16_b4_reg.v:116$2613'.
No latch inferred for signal `\ffn_tile.\g_row[6].prods[4]' from process `\ffn_tile.$proc$/Users/toprakgundogdu/qwen-ffn-rom/rtl/ffn_tile_16x16_b4_reg.v:116$2612'.
No latch inferred for signal `\ffn_tile.\g_row[6].prods[3]' from process `\ffn_tile.$proc$/Users/toprakgundogdu/qwen-ffn-rom/rtl/ffn_tile_16x16_b4_reg.v:116$2611'.
No latch inferred for signal `\ffn_tile.\g_row[6].prods[2]' from process `\ffn_tile.$proc$/Users/toprakgundogdu/qwen-ffn-rom/rtl/ffn_tile_16x16_b4_reg.v:116$2610'.
No latch inferred for signal `\ffn_tile.\g_row[6].prods[1]' from process `\ffn_tile.$proc$/Users/toprakgundogdu/qwen-ffn-rom/rtl/ffn_tile_16x16_b4_reg.v:116$2609'.
No latch inferred for signal `\ffn_tile.\g_row[6].prods[0]' from process `\ffn_tile.$proc$/Users/toprakgundogdu/qwen-ffn-rom/rtl/ffn_tile_16x16_b4_reg.v:116$2608'.
No latch inferred for signal `\ffn_tile.\g_row[5].prods[15]' from process `\ffn_tile.$proc$/Users/toprakgundogdu/qwen-ffn-rom/rtl/ffn_tile_16x16_b4_reg.v:116$2607'.
No latch inferred for signal `\ffn_tile.\g_row[5].prods[14]' from process `\ffn_tile.$proc$/Users/toprakgundogdu/qwen-ffn-rom/rtl/ffn_tile_16x16_b4_reg.v:116$2606'.
No latch inferred for signal `\ffn_tile.\g_row[5].prods[13]' from process `\ffn_tile.$proc$/Users/toprakgundogdu/qwen-ffn-rom/rtl/ffn_tile_16x16_b4_reg.v:116$2605'.
No latch inferred for signal `\ffn_tile.\g_row[5].prods[12]' from process `\ffn_tile.$proc$/Users/toprakgundogdu/qwen-ffn-rom/rtl/ffn_tile_16x16_b4_reg.v:116$2604'.
No latch inferred for signal `\ffn_tile.\g_row[5].prods[11]' from process `\ffn_tile.$proc$/Users/toprakgundogdu/qwen-ffn-rom/rtl/ffn_tile_16x16_b4_reg.v:116$2603'.
No latch inferred for signal `\ffn_tile.\g_row[5].prods[10]' from process `\ffn_tile.$proc$/Users/toprakgundogdu/qwen-ffn-rom/rtl/ffn_tile_16x16_b4_reg.v:116$2602'.
No latch inferred for signal `\ffn_tile.\g_row[5].prods[9]' from process `\ffn_tile.$proc$/Users/toprakgundogdu/qwen-ffn-rom/rtl/ffn_tile_16x16_b4_reg.v:116$2601'.
No latch inferred for signal `\ffn_tile.\g_row[5].prods[8]' from process `\ffn_tile.$proc$/Users/toprakgundogdu/qwen-ffn-rom/rtl/ffn_tile_16x16_b4_reg.v:116$2600'.
No latch inferred for signal `\ffn_tile.\g_row[5].prods[7]' from process `\ffn_tile.$proc$/Users/toprakgundogdu/qwen-ffn-rom/rtl/ffn_tile_16x16_b4_reg.v:116$2599'.
No latch inferred for signal `\ffn_tile.\g_row[5].prods[6]' from process `\ffn_tile.$proc$/Users/toprakgundogdu/qwen-ffn-rom/rtl/ffn_tile_16x16_b4_reg.v:116$2598'.
No latch inferred for signal `\ffn_tile.\g_row[5].prods[5]' from process `\ffn_tile.$proc$/Users/toprakgundogdu/qwen-ffn-rom/rtl/ffn_tile_16x16_b4_reg.v:116$2597'.
No latch inferred for signal `\ffn_tile.\g_row[5].prods[4]' from process `\ffn_tile.$proc$/Users/toprakgundogdu/qwen-ffn-rom/rtl/ffn_tile_16x16_b4_reg.v:116$2596'.
No latch inferred for signal `\ffn_tile.\g_row[5].prods[3]' from process `\ffn_tile.$proc$/Users/toprakgundogdu/qwen-ffn-rom/rtl/ffn_tile_16x16_b4_reg.v:116$2595'.
No latch inferred for signal `\ffn_tile.\g_row[5].prods[2]' from process `\ffn_tile.$proc$/Users/toprakgundogdu/qwen-ffn-rom/rtl/ffn_tile_16x16_b4_reg.v:116$2594'.
No latch inferred for signal `\ffn_tile.\g_row[5].prods[1]' from process `\ffn_tile.$proc$/Users/toprakgundogdu/qwen-ffn-rom/rtl/ffn_tile_16x16_b4_reg.v:116$2593'.
No latch inferred for signal `\ffn_tile.\g_row[5].prods[0]' from process `\ffn_tile.$proc$/Users/toprakgundogdu/qwen-ffn-rom/rtl/ffn_tile_16x16_b4_reg.v:116$2592'.
No latch inferred for signal `\ffn_tile.\g_row[4].prods[15]' from process `\ffn_tile.$proc$/Users/toprakgundogdu/qwen-ffn-rom/rtl/ffn_tile_16x16_b4_reg.v:116$2591'.
No latch inferred for signal `\ffn_tile.\g_row[4].prods[14]' from process `\ffn_tile.$proc$/Users/toprakgundogdu/qwen-ffn-rom/rtl/ffn_tile_16x16_b4_reg.v:116$2590'.
No latch inferred for signal `\ffn_tile.\g_row[4].prods[13]' from process `\ffn_tile.$proc$/Users/toprakgundogdu/qwen-ffn-rom/rtl/ffn_tile_16x16_b4_reg.v:116$2589'.
No latch inferred for signal `\ffn_tile.\g_row[4].prods[12]' from process `\ffn_tile.$proc$/Users/toprakgundogdu/qwen-ffn-rom/rtl/ffn_tile_16x16_b4_reg.v:116$2588'.
No latch inferred for signal `\ffn_tile.\g_row[4].prods[11]' from process `\ffn_tile.$proc$/Users/toprakgundogdu/qwen-ffn-rom/rtl/ffn_tile_16x16_b4_reg.v:116$2587'.
No latch inferred for signal `\ffn_tile.\g_row[4].prods[10]' from process `\ffn_tile.$proc$/Users/toprakgundogdu/qwen-ffn-rom/rtl/ffn_tile_16x16_b4_reg.v:116$2586'.
No latch inferred for signal `\ffn_tile.\g_row[4].prods[9]' from process `\ffn_tile.$proc$/Users/toprakgundogdu/qwen-ffn-rom/rtl/ffn_tile_16x16_b4_reg.v:116$2585'.
No latch inferred for signal `\ffn_tile.\g_row[4].prods[8]' from process `\ffn_tile.$proc$/Users/toprakgundogdu/qwen-ffn-rom/rtl/ffn_tile_16x16_b4_reg.v:116$2584'.
No latch inferred for signal `\ffn_tile.\g_row[4].prods[7]' from process `\ffn_tile.$proc$/Users/toprakgundogdu/qwen-ffn-rom/rtl/ffn_tile_16x16_b4_reg.v:116$2583'.
No latch inferred for signal `\ffn_tile.\g_row[4].prods[6]' from process `\ffn_tile.$proc$/Users/toprakgundogdu/qwen-ffn-rom/rtl/ffn_tile_16x16_b4_reg.v:116$2582'.
No latch inferred for signal `\ffn_tile.\g_row[4].prods[5]' from process `\ffn_tile.$proc$/Users/toprakgundogdu/qwen-ffn-rom/rtl/ffn_tile_16x16_b4_reg.v:116$2581'.
No latch inferred for signal `\ffn_tile.\g_row[4].prods[4]' from process `\ffn_tile.$proc$/Users/toprakgundogdu/qwen-ffn-rom/rtl/ffn_tile_16x16_b4_reg.v:116$2580'.
No latch inferred for signal `\ffn_tile.\g_row[4].prods[3]' from process `\ffn_tile.$proc$/Users/toprakgundogdu/qwen-ffn-rom/rtl/ffn_tile_16x16_b4_reg.v:116$2579'.
No latch inferred for signal `\ffn_tile.\g_row[4].prods[2]' from process `\ffn_tile.$proc$/Users/toprakgundogdu/qwen-ffn-rom/rtl/ffn_tile_16x16_b4_reg.v:116$2578'.
No latch inferred for signal `\ffn_tile.\g_row[4].prods[1]' from process `\ffn_tile.$proc$/Users/toprakgundogdu/qwen-ffn-rom/rtl/ffn_tile_16x16_b4_reg.v:116$2577'.
No latch inferred for signal `\ffn_tile.\g_row[4].prods[0]' from process `\ffn_tile.$proc$/Users/toprakgundogdu/qwen-ffn-rom/rtl/ffn_tile_16x16_b4_reg.v:116$2576'.
No latch inferred for signal `\ffn_tile.\g_row[3].prods[15]' from process `\ffn_tile.$proc$/Users/toprakgundogdu/qwen-ffn-rom/rtl/ffn_tile_16x16_b4_reg.v:116$2575'.
No latch inferred for signal `\ffn_tile.\g_row[3].prods[14]' from process `\ffn_tile.$proc$/Users/toprakgundogdu/qwen-ffn-rom/rtl/ffn_tile_16x16_b4_reg.v:116$2574'.
No latch inferred for signal `\ffn_tile.\g_row[3].prods[13]' from process `\ffn_tile.$proc$/Users/toprakgundogdu/qwen-ffn-rom/rtl/ffn_tile_16x16_b4_reg.v:116$2573'.
No latch inferred for signal `\ffn_tile.\g_row[3].prods[12]' from process `\ffn_tile.$proc$/Users/toprakgundogdu/qwen-ffn-rom/rtl/ffn_tile_16x16_b4_reg.v:116$2572'.
No latch inferred for signal `\ffn_tile.\g_row[3].prods[11]' from process `\ffn_tile.$proc$/Users/toprakgundogdu/qwen-ffn-rom/rtl/ffn_tile_16x16_b4_reg.v:116$2571'.
No latch inferred for signal `\ffn_tile.\g_row[3].prods[10]' from process `\ffn_tile.$proc$/Users/toprakgundogdu/qwen-ffn-rom/rtl/ffn_tile_16x16_b4_reg.v:116$2570'.
No latch inferred for signal `\ffn_tile.\g_row[3].prods[9]' from process `\ffn_tile.$proc$/Users/toprakgundogdu/qwen-ffn-rom/rtl/ffn_tile_16x16_b4_reg.v:116$2569'.
No latch inferred for signal `\ffn_tile.\g_row[3].prods[8]' from process `\ffn_tile.$proc$/Users/toprakgundogdu/qwen-ffn-rom/rtl/ffn_tile_16x16_b4_reg.v:116$2568'.
No latch inferred for signal `\ffn_tile.\g_row[3].prods[7]' from process `\ffn_tile.$proc$/Users/toprakgundogdu/qwen-ffn-rom/rtl/ffn_tile_16x16_b4_reg.v:116$2567'.
No latch inferred for signal `\ffn_tile.\g_row[3].prods[6]' from process `\ffn_tile.$proc$/Users/toprakgundogdu/qwen-ffn-rom/rtl/ffn_tile_16x16_b4_reg.v:116$2566'.
No latch inferred for signal `\ffn_tile.\g_row[3].prods[5]' from process `\ffn_tile.$proc$/Users/toprakgundogdu/qwen-ffn-rom/rtl/ffn_tile_16x16_b4_reg.v:116$2565'.
No latch inferred for signal `\ffn_tile.\g_row[3].prods[4]' from process `\ffn_tile.$proc$/Users/toprakgundogdu/qwen-ffn-rom/rtl/ffn_tile_16x16_b4_reg.v:116$2564'.
No latch inferred for signal `\ffn_tile.\g_row[3].prods[3]' from process `\ffn_tile.$proc$/Users/toprakgundogdu/qwen-ffn-rom/rtl/ffn_tile_16x16_b4_reg.v:116$2563'.
No latch inferred for signal `\ffn_tile.\g_row[3].prods[2]' from process `\ffn_tile.$proc$/Users/toprakgundogdu/qwen-ffn-rom/rtl/ffn_tile_16x16_b4_reg.v:116$2562'.
No latch inferred for signal `\ffn_tile.\g_row[3].prods[1]' from process `\ffn_tile.$proc$/Users/toprakgundogdu/qwen-ffn-rom/rtl/ffn_tile_16x16_b4_reg.v:116$2561'.
No latch inferred for signal `\ffn_tile.\g_row[3].prods[0]' from process `\ffn_tile.$proc$/Users/toprakgundogdu/qwen-ffn-rom/rtl/ffn_tile_16x16_b4_reg.v:116$2560'.
No latch inferred for signal `\ffn_tile.\g_row[2].prods[15]' from process `\ffn_tile.$proc$/Users/toprakgundogdu/qwen-ffn-rom/rtl/ffn_tile_16x16_b4_reg.v:116$2559'.
No latch inferred for signal `\ffn_tile.\g_row[2].prods[14]' from process `\ffn_tile.$proc$/Users/toprakgundogdu/qwen-ffn-rom/rtl/ffn_tile_16x16_b4_reg.v:116$2558'.
No latch inferred for signal `\ffn_tile.\g_row[2].prods[13]' from process `\ffn_tile.$proc$/Users/toprakgundogdu/qwen-ffn-rom/rtl/ffn_tile_16x16_b4_reg.v:116$2557'.
No latch inferred for signal `\ffn_tile.\g_row[2].prods[12]' from process `\ffn_tile.$proc$/Users/toprakgundogdu/qwen-ffn-rom/rtl/ffn_tile_16x16_b4_reg.v:116$2556'.
No latch inferred for signal `\ffn_tile.\g_row[2].prods[11]' from process `\ffn_tile.$proc$/Users/toprakgundogdu/qwen-ffn-rom/rtl/ffn_tile_16x16_b4_reg.v:116$2555'.
No latch inferred for signal `\ffn_tile.\g_row[2].prods[10]' from process `\ffn_tile.$proc$/Users/toprakgundogdu/qwen-ffn-rom/rtl/ffn_tile_16x16_b4_reg.v:116$2554'.
No latch inferred for signal `\ffn_tile.\g_row[2].prods[9]' from process `\ffn_tile.$proc$/Users/toprakgundogdu/qwen-ffn-rom/rtl/ffn_tile_16x16_b4_reg.v:116$2553'.
No latch inferred for signal `\ffn_tile.\g_row[2].prods[8]' from process `\ffn_tile.$proc$/Users/toprakgundogdu/qwen-ffn-rom/rtl/ffn_tile_16x16_b4_reg.v:116$2552'.
No latch inferred for signal `\ffn_tile.\g_row[2].prods[7]' from process `\ffn_tile.$proc$/Users/toprakgundogdu/qwen-ffn-rom/rtl/ffn_tile_16x16_b4_reg.v:116$2551'.
No latch inferred for signal `\ffn_tile.\g_row[2].prods[6]' from process `\ffn_tile.$proc$/Users/toprakgundogdu/qwen-ffn-rom/rtl/ffn_tile_16x16_b4_reg.v:116$2550'.
No latch inferred for signal `\ffn_tile.\g_row[2].prods[5]' from process `\ffn_tile.$proc$/Users/toprakgundogdu/qwen-ffn-rom/rtl/ffn_tile_16x16_b4_reg.v:116$2549'.
No latch inferred for signal `\ffn_tile.\g_row[2].prods[4]' from process `\ffn_tile.$proc$/Users/toprakgundogdu/qwen-ffn-rom/rtl/ffn_tile_16x16_b4_reg.v:116$2548'.
No latch inferred for signal `\ffn_tile.\g_row[2].prods[3]' from process `\ffn_tile.$proc$/Users/toprakgundogdu/qwen-ffn-rom/rtl/ffn_tile_16x16_b4_reg.v:116$2547'.
No latch inferred for signal `\ffn_tile.\g_row[2].prods[2]' from process `\ffn_tile.$proc$/Users/toprakgundogdu/qwen-ffn-rom/rtl/ffn_tile_16x16_b4_reg.v:116$2546'.
No latch inferred for signal `\ffn_tile.\g_row[2].prods[1]' from process `\ffn_tile.$proc$/Users/toprakgundogdu/qwen-ffn-rom/rtl/ffn_tile_16x16_b4_reg.v:116$2545'.
No latch inferred for signal `\ffn_tile.\g_row[2].prods[0]' from process `\ffn_tile.$proc$/Users/toprakgundogdu/qwen-ffn-rom/rtl/ffn_tile_16x16_b4_reg.v:116$2544'.
No latch inferred for signal `\ffn_tile.\g_row[1].prods[15]' from process `\ffn_tile.$proc$/Users/toprakgundogdu/qwen-ffn-rom/rtl/ffn_tile_16x16_b4_reg.v:116$2543'.
No latch inferred for signal `\ffn_tile.\g_row[1].prods[14]' from process `\ffn_tile.$proc$/Users/toprakgundogdu/qwen-ffn-rom/rtl/ffn_tile_16x16_b4_reg.v:116$2542'.
No latch inferred for signal `\ffn_tile.\g_row[1].prods[13]' from process `\ffn_tile.$proc$/Users/toprakgundogdu/qwen-ffn-rom/rtl/ffn_tile_16x16_b4_reg.v:116$2541'.
No latch inferred for signal `\ffn_tile.\g_row[1].prods[12]' from process `\ffn_tile.$proc$/Users/toprakgundogdu/qwen-ffn-rom/rtl/ffn_tile_16x16_b4_reg.v:116$2540'.
No latch inferred for signal `\ffn_tile.\g_row[1].prods[11]' from process `\ffn_tile.$proc$/Users/toprakgundogdu/qwen-ffn-rom/rtl/ffn_tile_16x16_b4_reg.v:116$2539'.
No latch inferred for signal `\ffn_tile.\g_row[1].prods[10]' from process `\ffn_tile.$proc$/Users/toprakgundogdu/qwen-ffn-rom/rtl/ffn_tile_16x16_b4_reg.v:116$2538'.
No latch inferred for signal `\ffn_tile.\g_row[1].prods[9]' from process `\ffn_tile.$proc$/Users/toprakgundogdu/qwen-ffn-rom/rtl/ffn_tile_16x16_b4_reg.v:116$2537'.
No latch inferred for signal `\ffn_tile.\g_row[1].prods[8]' from process `\ffn_tile.$proc$/Users/toprakgundogdu/qwen-ffn-rom/rtl/ffn_tile_16x16_b4_reg.v:116$2536'.
No latch inferred for signal `\ffn_tile.\g_row[1].prods[7]' from process `\ffn_tile.$proc$/Users/toprakgundogdu/qwen-ffn-rom/rtl/ffn_tile_16x16_b4_reg.v:116$2535'.
No latch inferred for signal `\ffn_tile.\g_row[1].prods[6]' from process `\ffn_tile.$proc$/Users/toprakgundogdu/qwen-ffn-rom/rtl/ffn_tile_16x16_b4_reg.v:116$2534'.
No latch inferred for signal `\ffn_tile.\g_row[1].prods[5]' from process `\ffn_tile.$proc$/Users/toprakgundogdu/qwen-ffn-rom/rtl/ffn_tile_16x16_b4_reg.v:116$2533'.
No latch inferred for signal `\ffn_tile.\g_row[1].prods[4]' from process `\ffn_tile.$proc$/Users/toprakgundogdu/qwen-ffn-rom/rtl/ffn_tile_16x16_b4_reg.v:116$2532'.
No latch inferred for signal `\ffn_tile.\g_row[1].prods[3]' from process `\ffn_tile.$proc$/Users/toprakgundogdu/qwen-ffn-rom/rtl/ffn_tile_16x16_b4_reg.v:116$2531'.
No latch inferred for signal `\ffn_tile.\g_row[1].prods[2]' from process `\ffn_tile.$proc$/Users/toprakgundogdu/qwen-ffn-rom/rtl/ffn_tile_16x16_b4_reg.v:116$2530'.
No latch inferred for signal `\ffn_tile.\g_row[1].prods[1]' from process `\ffn_tile.$proc$/Users/toprakgundogdu/qwen-ffn-rom/rtl/ffn_tile_16x16_b4_reg.v:116$2529'.
No latch inferred for signal `\ffn_tile.\g_row[1].prods[0]' from process `\ffn_tile.$proc$/Users/toprakgundogdu/qwen-ffn-rom/rtl/ffn_tile_16x16_b4_reg.v:116$2528'.
No latch inferred for signal `\ffn_tile.\g_row[0].prods[15]' from process `\ffn_tile.$proc$/Users/toprakgundogdu/qwen-ffn-rom/rtl/ffn_tile_16x16_b4_reg.v:116$2527'.
No latch inferred for signal `\ffn_tile.\g_row[0].prods[14]' from process `\ffn_tile.$proc$/Users/toprakgundogdu/qwen-ffn-rom/rtl/ffn_tile_16x16_b4_reg.v:116$2526'.
No latch inferred for signal `\ffn_tile.\g_row[0].prods[13]' from process `\ffn_tile.$proc$/Users/toprakgundogdu/qwen-ffn-rom/rtl/ffn_tile_16x16_b4_reg.v:116$2525'.
No latch inferred for signal `\ffn_tile.\g_row[0].prods[12]' from process `\ffn_tile.$proc$/Users/toprakgundogdu/qwen-ffn-rom/rtl/ffn_tile_16x16_b4_reg.v:116$2524'.
No latch inferred for signal `\ffn_tile.\g_row[0].prods[11]' from process `\ffn_tile.$proc$/Users/toprakgundogdu/qwen-ffn-rom/rtl/ffn_tile_16x16_b4_reg.v:116$2523'.
No latch inferred for signal `\ffn_tile.\g_row[0].prods[10]' from process `\ffn_tile.$proc$/Users/toprakgundogdu/qwen-ffn-rom/rtl/ffn_tile_16x16_b4_reg.v:116$2522'.
No latch inferred for signal `\ffn_tile.\g_row[0].prods[9]' from process `\ffn_tile.$proc$/Users/toprakgundogdu/qwen-ffn-rom/rtl/ffn_tile_16x16_b4_reg.v:116$2521'.
No latch inferred for signal `\ffn_tile.\g_row[0].prods[8]' from process `\ffn_tile.$proc$/Users/toprakgundogdu/qwen-ffn-rom/rtl/ffn_tile_16x16_b4_reg.v:116$2520'.
No latch inferred for signal `\ffn_tile.\g_row[0].prods[7]' from process `\ffn_tile.$proc$/Users/toprakgundogdu/qwen-ffn-rom/rtl/ffn_tile_16x16_b4_reg.v:116$2519'.
No latch inferred for signal `\ffn_tile.\g_row[0].prods[6]' from process `\ffn_tile.$proc$/Users/toprakgundogdu/qwen-ffn-rom/rtl/ffn_tile_16x16_b4_reg.v:116$2518'.
No latch inferred for signal `\ffn_tile.\g_row[0].prods[5]' from process `\ffn_tile.$proc$/Users/toprakgundogdu/qwen-ffn-rom/rtl/ffn_tile_16x16_b4_reg.v:116$2517'.
No latch inferred for signal `\ffn_tile.\g_row[0].prods[4]' from process `\ffn_tile.$proc$/Users/toprakgundogdu/qwen-ffn-rom/rtl/ffn_tile_16x16_b4_reg.v:116$2516'.
No latch inferred for signal `\ffn_tile.\g_row[0].prods[3]' from process `\ffn_tile.$proc$/Users/toprakgundogdu/qwen-ffn-rom/rtl/ffn_tile_16x16_b4_reg.v:116$2515'.
No latch inferred for signal `\ffn_tile.\g_row[0].prods[2]' from process `\ffn_tile.$proc$/Users/toprakgundogdu/qwen-ffn-rom/rtl/ffn_tile_16x16_b4_reg.v:116$2514'.
No latch inferred for signal `\ffn_tile.\g_row[0].prods[1]' from process `\ffn_tile.$proc$/Users/toprakgundogdu/qwen-ffn-rom/rtl/ffn_tile_16x16_b4_reg.v:116$2513'.
No latch inferred for signal `\ffn_tile.\g_row[0].prods[0]' from process `\ffn_tile.$proc$/Users/toprakgundogdu/qwen-ffn-rom/rtl/ffn_tile_16x16_b4_reg.v:116$2512'.
No latch inferred for signal `\ffn_tile.\x[15]' from process `\ffn_tile.$proc$/Users/toprakgundogdu/qwen-ffn-rom/rtl/ffn_tile_16x16_b4_reg.v:104$2511'.
No latch inferred for signal `\ffn_tile.\x[14]' from process `\ffn_tile.$proc$/Users/toprakgundogdu/qwen-ffn-rom/rtl/ffn_tile_16x16_b4_reg.v:104$2510'.
No latch inferred for signal `\ffn_tile.\x[13]' from process `\ffn_tile.$proc$/Users/toprakgundogdu/qwen-ffn-rom/rtl/ffn_tile_16x16_b4_reg.v:104$2509'.
No latch inferred for signal `\ffn_tile.\x[12]' from process `\ffn_tile.$proc$/Users/toprakgundogdu/qwen-ffn-rom/rtl/ffn_tile_16x16_b4_reg.v:104$2508'.
No latch inferred for signal `\ffn_tile.\x[11]' from process `\ffn_tile.$proc$/Users/toprakgundogdu/qwen-ffn-rom/rtl/ffn_tile_16x16_b4_reg.v:104$2507'.
No latch inferred for signal `\ffn_tile.\x[10]' from process `\ffn_tile.$proc$/Users/toprakgundogdu/qwen-ffn-rom/rtl/ffn_tile_16x16_b4_reg.v:104$2506'.
No latch inferred for signal `\ffn_tile.\x[9]' from process `\ffn_tile.$proc$/Users/toprakgundogdu/qwen-ffn-rom/rtl/ffn_tile_16x16_b4_reg.v:104$2505'.
No latch inferred for signal `\ffn_tile.\x[8]' from process `\ffn_tile.$proc$/Users/toprakgundogdu/qwen-ffn-rom/rtl/ffn_tile_16x16_b4_reg.v:104$2504'.
No latch inferred for signal `\ffn_tile.\x[7]' from process `\ffn_tile.$proc$/Users/toprakgundogdu/qwen-ffn-rom/rtl/ffn_tile_16x16_b4_reg.v:104$2503'.
No latch inferred for signal `\ffn_tile.\x[6]' from process `\ffn_tile.$proc$/Users/toprakgundogdu/qwen-ffn-rom/rtl/ffn_tile_16x16_b4_reg.v:104$2502'.
No latch inferred for signal `\ffn_tile.\x[5]' from process `\ffn_tile.$proc$/Users/toprakgundogdu/qwen-ffn-rom/rtl/ffn_tile_16x16_b4_reg.v:104$2501'.
No latch inferred for signal `\ffn_tile.\x[4]' from process `\ffn_tile.$proc$/Users/toprakgundogdu/qwen-ffn-rom/rtl/ffn_tile_16x16_b4_reg.v:104$2500'.
No latch inferred for signal `\ffn_tile.\x[3]' from process `\ffn_tile.$proc$/Users/toprakgundogdu/qwen-ffn-rom/rtl/ffn_tile_16x16_b4_reg.v:104$2499'.
No latch inferred for signal `\ffn_tile.\x[2]' from process `\ffn_tile.$proc$/Users/toprakgundogdu/qwen-ffn-rom/rtl/ffn_tile_16x16_b4_reg.v:104$2498'.
No latch inferred for signal `\ffn_tile.\x[1]' from process `\ffn_tile.$proc$/Users/toprakgundogdu/qwen-ffn-rom/rtl/ffn_tile_16x16_b4_reg.v:104$2497'.
No latch inferred for signal `\ffn_tile.\x[0]' from process `\ffn_tile.$proc$/Users/toprakgundogdu/qwen-ffn-rom/rtl/ffn_tile_16x16_b4_reg.v:104$2496'.
No latch inferred for signal `\ffn_tile.\csd_mul4$func$/Users/toprakgundogdu/qwen-ffn-rom/rtl/ffn_tile_16x16_b4_reg.v:115$386.$result' from process `\ffn_tile.$proc$/Users/toprakgundogdu/qwen-ffn-rom/rtl/ffn_tile_16x16_b4_reg.v:115$2487'.
No latch inferred for signal `\ffn_tile.\csd_mul4$func$/Users/toprakgundogdu/qwen-ffn-rom/rtl/ffn_tile_16x16_b4_reg.v:115$385.$result' from process `\ffn_tile.$proc$/Users/toprakgundogdu/qwen-ffn-rom/rtl/ffn_tile_16x16_b4_reg.v:115$2479'.
No latch inferred for signal `\ffn_tile.\csd_mul4$func$/Users/toprakgundogdu/qwen-ffn-rom/rtl/ffn_tile_16x16_b4_reg.v:115$384.$result' from process `\ffn_tile.$proc$/Users/toprakgundogdu/qwen-ffn-rom/rtl/ffn_tile_16x16_b4_reg.v:115$2472'.
No latch inferred for signal `\ffn_tile.\csd_mul4$func$/Users/toprakgundogdu/qwen-ffn-rom/rtl/ffn_tile_16x16_b4_reg.v:115$383.$result' from process `\ffn_tile.$proc$/Users/toprakgundogdu/qwen-ffn-rom/rtl/ffn_tile_16x16_b4_reg.v:115$2464'.
No latch inferred for signal `\ffn_tile.\csd_mul4$func$/Users/toprakgundogdu/qwen-ffn-rom/rtl/ffn_tile_16x16_b4_reg.v:115$382.$result' from process `\ffn_tile.$proc$/Users/toprakgundogdu/qwen-ffn-rom/rtl/ffn_tile_16x16_b4_reg.v:115$2455'.
No latch inferred for signal `\ffn_tile.\csd_mul4$func$/Users/toprakgundogdu/qwen-ffn-rom/rtl/ffn_tile_16x16_b4_reg.v:115$381.$result' from process `\ffn_tile.$proc$/Users/toprakgundogdu/qwen-ffn-rom/rtl/ffn_tile_16x16_b4_reg.v:115$2448'.
No latch inferred for signal `\ffn_tile.\csd_mul4$func$/Users/toprakgundogdu/qwen-ffn-rom/rtl/ffn_tile_16x16_b4_reg.v:115$380.$result' from process `\ffn_tile.$proc$/Users/toprakgundogdu/qwen-ffn-rom/rtl/ffn_tile_16x16_b4_reg.v:115$2439'.
No latch inferred for signal `\ffn_tile.\csd_mul4$func$/Users/toprakgundogdu/qwen-ffn-rom/rtl/ffn_tile_16x16_b4_reg.v:115$379.$result' from process `\ffn_tile.$proc$/Users/toprakgundogdu/qwen-ffn-rom/rtl/ffn_tile_16x16_b4_reg.v:115$2432'.
No latch inferred for signal `\ffn_tile.\csd_mul4$func$/Users/toprakgundogdu/qwen-ffn-rom/rtl/ffn_tile_16x16_b4_reg.v:115$378.$result' from process `\ffn_tile.$proc$/Users/toprakgundogdu/qwen-ffn-rom/rtl/ffn_tile_16x16_b4_reg.v:115$2424'.
No latch inferred for signal `\ffn_tile.\csd_mul4$func$/Users/toprakgundogdu/qwen-ffn-rom/rtl/ffn_tile_16x16_b4_reg.v:115$377.$result' from process `\ffn_tile.$proc$/Users/toprakgundogdu/qwen-ffn-rom/rtl/ffn_tile_16x16_b4_reg.v:115$2416'.
No latch inferred for signal `\ffn_tile.\csd_mul4$func$/Users/toprakgundogdu/qwen-ffn-rom/rtl/ffn_tile_16x16_b4_reg.v:115$376.$result' from process `\ffn_tile.$proc$/Users/toprakgundogdu/qwen-ffn-rom/rtl/ffn_tile_16x16_b4_reg.v:115$2407'.
No latch inferred for signal `\ffn_tile.\csd_mul4$func$/Users/toprakgundogdu/qwen-ffn-rom/rtl/ffn_tile_16x16_b4_reg.v:115$375.$result' from process `\ffn_tile.$proc$/Users/toprakgundogdu/qwen-ffn-rom/rtl/ffn_tile_16x16_b4_reg.v:115$2401'.
No latch inferred for signal `\ffn_tile.\csd_mul4$func$/Users/toprakgundogdu/qwen-ffn-rom/rtl/ffn_tile_16x16_b4_reg.v:115$374.$result' from process `\ffn_tile.$proc$/Users/toprakgundogdu/qwen-ffn-rom/rtl/ffn_tile_16x16_b4_reg.v:115$2393'.
No latch inferred for signal `\ffn_tile.\csd_mul4$func$/Users/toprakgundogdu/qwen-ffn-rom/rtl/ffn_tile_16x16_b4_reg.v:115$373.$result' from process `\ffn_tile.$proc$/Users/toprakgundogdu/qwen-ffn-rom/rtl/ffn_tile_16x16_b4_reg.v:115$2385'.
No latch inferred for signal `\ffn_tile.\csd_mul4$func$/Users/toprakgundogdu/qwen-ffn-rom/rtl/ffn_tile_16x16_b4_reg.v:115$372.$result' from process `\ffn_tile.$proc$/Users/toprakgundogdu/qwen-ffn-rom/rtl/ffn_tile_16x16_b4_reg.v:115$2377'.
No latch inferred for signal `\ffn_tile.\csd_mul4$func$/Users/toprakgundogdu/qwen-ffn-rom/rtl/ffn_tile_16x16_b4_reg.v:115$371.$result' from process `\ffn_tile.$proc$/Users/toprakgundogdu/qwen-ffn-rom/rtl/ffn_tile_16x16_b4_reg.v:115$2370'.
No latch inferred for signal `\ffn_tile.\csd_mul4$func$/Users/toprakgundogdu/qwen-ffn-rom/rtl/ffn_tile_16x16_b4_reg.v:115$370.$result' from process `\ffn_tile.$proc$/Users/toprakgundogdu/qwen-ffn-rom/rtl/ffn_tile_16x16_b4_reg.v:115$2364'.
No latch inferred for signal `\ffn_tile.\csd_mul4$func$/Users/toprakgundogdu/qwen-ffn-rom/rtl/ffn_tile_16x16_b4_reg.v:115$369.$result' from process `\ffn_tile.$proc$/Users/toprakgundogdu/qwen-ffn-rom/rtl/ffn_tile_16x16_b4_reg.v:115$2357'.
No latch inferred for signal `\ffn_tile.\csd_mul4$func$/Users/toprakgundogdu/qwen-ffn-rom/rtl/ffn_tile_16x16_b4_reg.v:115$368.$result' from process `\ffn_tile.$proc$/Users/toprakgundogdu/qwen-ffn-rom/rtl/ffn_tile_16x16_b4_reg.v:115$2351'.
No latch inferred for signal `\ffn_tile.\csd_mul4$func$/Users/toprakgundogdu/qwen-ffn-rom/rtl/ffn_tile_16x16_b4_reg.v:115$367.$result' from process `\ffn_tile.$proc$/Users/toprakgundogdu/qwen-ffn-rom/rtl/ffn_tile_16x16_b4_reg.v:115$2345'.
No latch inferred for signal `\ffn_tile.\csd_mul4$func$/Users/toprakgundogdu/qwen-ffn-rom/rtl/ffn_tile_16x16_b4_reg.v:115$366.$result' from process `\ffn_tile.$proc$/Users/toprakgundogdu/qwen-ffn-rom/rtl/ffn_tile_16x16_b4_reg.v:115$2339'.
No latch inferred for signal `\ffn_tile.\csd_mul4$func$/Users/toprakgundogdu/qwen-ffn-rom/rtl/ffn_tile_16x16_b4_reg.v:115$365.$result' from process `\ffn_tile.$proc$/Users/toprakgundogdu/qwen-ffn-rom/rtl/ffn_tile_16x16_b4_reg.v:115$2333'.
No latch inferred for signal `\ffn_tile.\csd_mul4$func$/Users/toprakgundogdu/qwen-ffn-rom/rtl/ffn_tile_16x16_b4_reg.v:115$364.$result' from process `\ffn_tile.$proc$/Users/toprakgundogdu/qwen-ffn-rom/rtl/ffn_tile_16x16_b4_reg.v:115$2326'.
No latch inferred for signal `\ffn_tile.\csd_mul4$func$/Users/toprakgundogdu/qwen-ffn-rom/rtl/ffn_tile_16x16_b4_reg.v:115$363.$result' from process `\ffn_tile.$proc$/Users/toprakgundogdu/qwen-ffn-rom/rtl/ffn_tile_16x16_b4_reg.v:115$2320'.
No latch inferred for signal `\ffn_tile.\csd_mul4$func$/Users/toprakgundogdu/qwen-ffn-rom/rtl/ffn_tile_16x16_b4_reg.v:115$362.$result' from process `\ffn_tile.$proc$/Users/toprakgundogdu/qwen-ffn-rom/rtl/ffn_tile_16x16_b4_reg.v:115$2314'.
No latch inferred for signal `\ffn_tile.\csd_mul4$func$/Users/toprakgundogdu/qwen-ffn-rom/rtl/ffn_tile_16x16_b4_reg.v:115$361.$result' from process `\ffn_tile.$proc$/Users/toprakgundogdu/qwen-ffn-rom/rtl/ffn_tile_16x16_b4_reg.v:115$2307'.
No latch inferred for signal `\ffn_tile.\csd_mul4$func$/Users/toprakgundogdu/qwen-ffn-rom/rtl/ffn_tile_16x16_b4_reg.v:115$360.$result' from process `\ffn_tile.$proc$/Users/toprakgundogdu/qwen-ffn-rom/rtl/ffn_tile_16x16_b4_reg.v:115$2301'.
No latch inferred for signal `\ffn_tile.\csd_mul4$func$/Users/toprakgundogdu/qwen-ffn-rom/rtl/ffn_tile_16x16_b4_reg.v:115$359.$result' from process `\ffn_tile.$proc$/Users/toprakgundogdu/qwen-ffn-rom/rtl/ffn_tile_16x16_b4_reg.v:115$2295'.
No latch inferred for signal `\ffn_tile.\csd_mul4$func$/Users/toprakgundogdu/qwen-ffn-rom/rtl/ffn_tile_16x16_b4_reg.v:115$358.$result' from process `\ffn_tile.$proc$/Users/toprakgundogdu/qwen-ffn-rom/rtl/ffn_tile_16x16_b4_reg.v:115$2287'.
No latch inferred for signal `\ffn_tile.\csd_mul4$func$/Users/toprakgundogdu/qwen-ffn-rom/rtl/ffn_tile_16x16_b4_reg.v:115$357.$result' from process `\ffn_tile.$proc$/Users/toprakgundogdu/qwen-ffn-rom/rtl/ffn_tile_16x16_b4_reg.v:115$2281'.
No latch inferred for signal `\ffn_tile.\csd_mul4$func$/Users/toprakgundogdu/qwen-ffn-rom/rtl/ffn_tile_16x16_b4_reg.v:115$356.$result' from process `\ffn_tile.$proc$/Users/toprakgundogdu/qwen-ffn-rom/rtl/ffn_tile_16x16_b4_reg.v:115$2275'.
No latch inferred for signal `\ffn_tile.\csd_mul4$func$/Users/toprakgundogdu/qwen-ffn-rom/rtl/ffn_tile_16x16_b4_reg.v:115$355.$result' from process `\ffn_tile.$proc$/Users/toprakgundogdu/qwen-ffn-rom/rtl/ffn_tile_16x16_b4_reg.v:115$2266'.
No latch inferred for signal `\ffn_tile.\csd_mul4$func$/Users/toprakgundogdu/qwen-ffn-rom/rtl/ffn_tile_16x16_b4_reg.v:115$354.$result' from process `\ffn_tile.$proc$/Users/toprakgundogdu/qwen-ffn-rom/rtl/ffn_tile_16x16_b4_reg.v:115$2260'.
No latch inferred for signal `\ffn_tile.\csd_mul4$func$/Users/toprakgundogdu/qwen-ffn-rom/rtl/ffn_tile_16x16_b4_reg.v:115$353.$result' from process `\ffn_tile.$proc$/Users/toprakgundogdu/qwen-ffn-rom/rtl/ffn_tile_16x16_b4_reg.v:115$2252'.
No latch inferred for signal `\ffn_tile.\csd_mul4$func$/Users/toprakgundogdu/qwen-ffn-rom/rtl/ffn_tile_16x16_b4_reg.v:115$352.$result' from process `\ffn_tile.$proc$/Users/toprakgundogdu/qwen-ffn-rom/rtl/ffn_tile_16x16_b4_reg.v:115$2245'.
No latch inferred for signal `\ffn_tile.\csd_mul4$func$/Users/toprakgundogdu/qwen-ffn-rom/rtl/ffn_tile_16x16_b4_reg.v:115$351.$result' from process `\ffn_tile.$proc$/Users/toprakgundogdu/qwen-ffn-rom/rtl/ffn_tile_16x16_b4_reg.v:115$2238'.
No latch inferred for signal `\ffn_tile.\csd_mul4$func$/Users/toprakgundogdu/qwen-ffn-rom/rtl/ffn_tile_16x16_b4_reg.v:115$350.$result' from process `\ffn_tile.$proc$/Users/toprakgundogdu/qwen-ffn-rom/rtl/ffn_tile_16x16_b4_reg.v:115$2232'.
No latch inferred for signal `\ffn_tile.\csd_mul4$func$/Users/toprakgundogdu/qwen-ffn-rom/rtl/ffn_tile_16x16_b4_reg.v:115$349.$result' from process `\ffn_tile.$proc$/Users/toprakgundogdu/qwen-ffn-rom/rtl/ffn_tile_16x16_b4_reg.v:115$2223'.
No latch inferred for signal `\ffn_tile.\csd_mul4$func$/Users/toprakgundogdu/qwen-ffn-rom/rtl/ffn_tile_16x16_b4_reg.v:115$348.$result' from process `\ffn_tile.$proc$/Users/toprakgundogdu/qwen-ffn-rom/rtl/ffn_tile_16x16_b4_reg.v:115$2216'.
No latch inferred for signal `\ffn_tile.\csd_mul4$func$/Users/toprakgundogdu/qwen-ffn-rom/rtl/ffn_tile_16x16_b4_reg.v:115$347.$result' from process `\ffn_tile.$proc$/Users/toprakgundogdu/qwen-ffn-rom/rtl/ffn_tile_16x16_b4_reg.v:115$2208'.
No latch inferred for signal `\ffn_tile.\csd_mul4$func$/Users/toprakgundogdu/qwen-ffn-rom/rtl/ffn_tile_16x16_b4_reg.v:115$346.$result' from process `\ffn_tile.$proc$/Users/toprakgundogdu/qwen-ffn-rom/rtl/ffn_tile_16x16_b4_reg.v:115$2201'.
No latch inferred for signal `\ffn_tile.\csd_mul4$func$/Users/toprakgundogdu/qwen-ffn-rom/rtl/ffn_tile_16x16_b4_reg.v:115$345.$result' from process `\ffn_tile.$proc$/Users/toprakgundogdu/qwen-ffn-rom/rtl/ffn_tile_16x16_b4_reg.v:115$2192'.
No latch inferred for signal `\ffn_tile.\csd_mul4$func$/Users/toprakgundogdu/qwen-ffn-rom/rtl/ffn_tile_16x16_b4_reg.v:115$344.$result' from process `\ffn_tile.$proc$/Users/toprakgundogdu/qwen-ffn-rom/rtl/ffn_tile_16x16_b4_reg.v:115$2186'.
No latch inferred for signal `\ffn_tile.\csd_mul4$func$/Users/toprakgundogdu/qwen-ffn-rom/rtl/ffn_tile_16x16_b4_reg.v:115$343.$result' from process `\ffn_tile.$proc$/Users/toprakgundogdu/qwen-ffn-rom/rtl/ffn_tile_16x16_b4_reg.v:115$2180'.
No latch inferred for signal `\ffn_tile.\csd_mul4$func$/Users/toprakgundogdu/qwen-ffn-rom/rtl/ffn_tile_16x16_b4_reg.v:115$342.$result' from process `\ffn_tile.$proc$/Users/toprakgundogdu/qwen-ffn-rom/rtl/ffn_tile_16x16_b4_reg.v:115$2171'.
No latch inferred for signal `\ffn_tile.\csd_mul4$func$/Users/toprakgundogdu/qwen-ffn-rom/rtl/ffn_tile_16x16_b4_reg.v:115$341.$result' from process `\ffn_tile.$proc$/Users/toprakgundogdu/qwen-ffn-rom/rtl/ffn_tile_16x16_b4_reg.v:115$2163'.
No latch inferred for signal `\ffn_tile.\csd_mul4$func$/Users/toprakgundogdu/qwen-ffn-rom/rtl/ffn_tile_16x16_b4_reg.v:115$340.$result' from process `\ffn_tile.$proc$/Users/toprakgundogdu/qwen-ffn-rom/rtl/ffn_tile_16x16_b4_reg.v:115$2155'.
No latch inferred for signal `\ffn_tile.\csd_mul4$func$/Users/toprakgundogdu/qwen-ffn-rom/rtl/ffn_tile_16x16_b4_reg.v:115$339.$result' from process `\ffn_tile.$proc$/Users/toprakgundogdu/qwen-ffn-rom/rtl/ffn_tile_16x16_b4_reg.v:115$2146'.
No latch inferred for signal `\ffn_tile.\csd_mul4$func$/Users/toprakgundogdu/qwen-ffn-rom/rtl/ffn_tile_16x16_b4_reg.v:115$338.$result' from process `\ffn_tile.$proc$/Users/toprakgundogdu/qwen-ffn-rom/rtl/ffn_tile_16x16_b4_reg.v:115$2138'.
No latch inferred for signal `\ffn_tile.\csd_mul4$func$/Users/toprakgundogdu/qwen-ffn-rom/rtl/ffn_tile_16x16_b4_reg.v:115$337.$result' from process `\ffn_tile.$proc$/Users/toprakgundogdu/qwen-ffn-rom/rtl/ffn_tile_16x16_b4_reg.v:115$2130'.
No latch inferred for signal `\ffn_tile.\csd_mul4$func$/Users/toprakgundogdu/qwen-ffn-rom/rtl/ffn_tile_16x16_b4_reg.v:115$336.$result' from process `\ffn_tile.$proc$/Users/toprakgundogdu/qwen-ffn-rom/rtl/ffn_tile_16x16_b4_reg.v:115$2122'.
No latch inferred for signal `\ffn_tile.\csd_mul4$func$/Users/toprakgundogdu/qwen-ffn-rom/rtl/ffn_tile_16x16_b4_reg.v:115$335.$result' from process `\ffn_tile.$proc$/Users/toprakgundogdu/qwen-ffn-rom/rtl/ffn_tile_16x16_b4_reg.v:115$2113'.
No latch inferred for signal `\ffn_tile.\csd_mul4$func$/Users/toprakgundogdu/qwen-ffn-rom/rtl/ffn_tile_16x16_b4_reg.v:115$334.$result' from process `\ffn_tile.$proc$/Users/toprakgundogdu/qwen-ffn-rom/rtl/ffn_tile_16x16_b4_reg.v:115$2103'.
No latch inferred for signal `\ffn_tile.\csd_mul4$func$/Users/toprakgundogdu/qwen-ffn-rom/rtl/ffn_tile_16x16_b4_reg.v:115$333.$result' from process `\ffn_tile.$proc$/Users/toprakgundogdu/qwen-ffn-rom/rtl/ffn_tile_16x16_b4_reg.v:115$2096'.
No latch inferred for signal `\ffn_tile.\csd_mul4$func$/Users/toprakgundogdu/qwen-ffn-rom/rtl/ffn_tile_16x16_b4_reg.v:115$332.$result' from process `\ffn_tile.$proc$/Users/toprakgundogdu/qwen-ffn-rom/rtl/ffn_tile_16x16_b4_reg.v:115$2090'.
No latch inferred for signal `\ffn_tile.\csd_mul4$func$/Users/toprakgundogdu/qwen-ffn-rom/rtl/ffn_tile_16x16_b4_reg.v:115$331.$result' from process `\ffn_tile.$proc$/Users/toprakgundogdu/qwen-ffn-rom/rtl/ffn_tile_16x16_b4_reg.v:115$2084'.
No latch inferred for signal `\ffn_tile.\csd_mul4$func$/Users/toprakgundogdu/qwen-ffn-rom/rtl/ffn_tile_16x16_b4_reg.v:115$330.$result' from process `\ffn_tile.$proc$/Users/toprakgundogdu/qwen-ffn-rom/rtl/ffn_tile_16x16_b4_reg.v:115$2077'.
No latch inferred for signal `\ffn_tile.\csd_mul4$func$/Users/toprakgundogdu/qwen-ffn-rom/rtl/ffn_tile_16x16_b4_reg.v:115$329.$result' from process `\ffn_tile.$proc$/Users/toprakgundogdu/qwen-ffn-rom/rtl/ffn_tile_16x16_b4_reg.v:115$2069'.
No latch inferred for signal `\ffn_tile.\csd_mul4$func$/Users/toprakgundogdu/qwen-ffn-rom/rtl/ffn_tile_16x16_b4_reg.v:115$328.$result' from process `\ffn_tile.$proc$/Users/toprakgundogdu/qwen-ffn-rom/rtl/ffn_tile_16x16_b4_reg.v:115$2062'.
No latch inferred for signal `\ffn_tile.\csd_mul4$func$/Users/toprakgundogdu/qwen-ffn-rom/rtl/ffn_tile_16x16_b4_reg.v:115$327.$result' from process `\ffn_tile.$proc$/Users/toprakgundogdu/qwen-ffn-rom/rtl/ffn_tile_16x16_b4_reg.v:115$2056'.
No latch inferred for signal `\ffn_tile.\csd_mul4$func$/Users/toprakgundogdu/qwen-ffn-rom/rtl/ffn_tile_16x16_b4_reg.v:115$326.$result' from process `\ffn_tile.$proc$/Users/toprakgundogdu/qwen-ffn-rom/rtl/ffn_tile_16x16_b4_reg.v:115$2048'.
No latch inferred for signal `\ffn_tile.\csd_mul4$func$/Users/toprakgundogdu/qwen-ffn-rom/rtl/ffn_tile_16x16_b4_reg.v:115$325.$result' from process `\ffn_tile.$proc$/Users/toprakgundogdu/qwen-ffn-rom/rtl/ffn_tile_16x16_b4_reg.v:115$2042'.
No latch inferred for signal `\ffn_tile.\csd_mul4$func$/Users/toprakgundogdu/qwen-ffn-rom/rtl/ffn_tile_16x16_b4_reg.v:115$324.$result' from process `\ffn_tile.$proc$/Users/toprakgundogdu/qwen-ffn-rom/rtl/ffn_tile_16x16_b4_reg.v:115$2036'.
No latch inferred for signal `\ffn_tile.\csd_mul4$func$/Users/toprakgundogdu/qwen-ffn-rom/rtl/ffn_tile_16x16_b4_reg.v:115$323.$result' from process `\ffn_tile.$proc$/Users/toprakgundogdu/qwen-ffn-rom/rtl/ffn_tile_16x16_b4_reg.v:115$2027'.
No latch inferred for signal `\ffn_tile.\csd_mul4$func$/Users/toprakgundogdu/qwen-ffn-rom/rtl/ffn_tile_16x16_b4_reg.v:115$322.$result' from process `\ffn_tile.$proc$/Users/toprakgundogdu/qwen-ffn-rom/rtl/ffn_tile_16x16_b4_reg.v:115$2020'.
No latch inferred for signal `\ffn_tile.\csd_mul4$func$/Users/toprakgundogdu/qwen-ffn-rom/rtl/ffn_tile_16x16_b4_reg.v:115$321.$result' from process `\ffn_tile.$proc$/Users/toprakgundogdu/qwen-ffn-rom/rtl/ffn_tile_16x16_b4_reg.v:115$2012'.
No latch inferred for signal `\ffn_tile.\csd_mul4$func$/Users/toprakgundogdu/qwen-ffn-rom/rtl/ffn_tile_16x16_b4_reg.v:115$320.$result' from process `\ffn_tile.$proc$/Users/toprakgundogdu/qwen-ffn-rom/rtl/ffn_tile_16x16_b4_reg.v:115$2004'.
No latch inferred for signal `\ffn_tile.\csd_mul4$func$/Users/toprakgundogdu/qwen-ffn-rom/rtl/ffn_tile_16x16_b4_reg.v:115$319.$result' from process `\ffn_tile.$proc$/Users/toprakgundogdu/qwen-ffn-rom/rtl/ffn_tile_16x16_b4_reg.v:115$1997'.
No latch inferred for signal `\ffn_tile.\csd_mul4$func$/Users/toprakgundogdu/qwen-ffn-rom/rtl/ffn_tile_16x16_b4_reg.v:115$318.$result' from process `\ffn_tile.$proc$/Users/toprakgundogdu/qwen-ffn-rom/rtl/ffn_tile_16x16_b4_reg.v:115$1989'.
No latch inferred for signal `\ffn_tile.\csd_mul4$func$/Users/toprakgundogdu/qwen-ffn-rom/rtl/ffn_tile_16x16_b4_reg.v:115$317.$result' from process `\ffn_tile.$proc$/Users/toprakgundogdu/qwen-ffn-rom/rtl/ffn_tile_16x16_b4_reg.v:115$1982'.
No latch inferred for signal `\ffn_tile.\csd_mul4$func$/Users/toprakgundogdu/qwen-ffn-rom/rtl/ffn_tile_16x16_b4_reg.v:115$316.$result' from process `\ffn_tile.$proc$/Users/toprakgundogdu/qwen-ffn-rom/rtl/ffn_tile_16x16_b4_reg.v:115$1973'.
No latch inferred for signal `\ffn_tile.\csd_mul4$func$/Users/toprakgundogdu/qwen-ffn-rom/rtl/ffn_tile_16x16_b4_reg.v:115$315.$result' from process `\ffn_tile.$proc$/Users/toprakgundogdu/qwen-ffn-rom/rtl/ffn_tile_16x16_b4_reg.v:115$1966'.
No latch inferred for signal `\ffn_tile.\csd_mul4$func$/Users/toprakgundogdu/qwen-ffn-rom/rtl/ffn_tile_16x16_b4_reg.v:115$314.$result' from process `\ffn_tile.$proc$/Users/toprakgundogdu/qwen-ffn-rom/rtl/ffn_tile_16x16_b4_reg.v:115$1960'.
No latch inferred for signal `\ffn_tile.\csd_mul4$func$/Users/toprakgundogdu/qwen-ffn-rom/rtl/ffn_tile_16x16_b4_reg.v:115$313.$result' from process `\ffn_tile.$proc$/Users/toprakgundogdu/qwen-ffn-rom/rtl/ffn_tile_16x16_b4_reg.v:115$1954'.
No latch inferred for signal `\ffn_tile.\csd_mul4$func$/Users/toprakgundogdu/qwen-ffn-rom/rtl/ffn_tile_16x16_b4_reg.v:115$312.$result' from process `\ffn_tile.$proc$/Users/toprakgundogdu/qwen-ffn-rom/rtl/ffn_tile_16x16_b4_reg.v:115$1947'.
No latch inferred for signal `\ffn_tile.\csd_mul4$func$/Users/toprakgundogdu/qwen-ffn-rom/rtl/ffn_tile_16x16_b4_reg.v:115$311.$result' from process `\ffn_tile.$proc$/Users/toprakgundogdu/qwen-ffn-rom/rtl/ffn_tile_16x16_b4_reg.v:115$1941'.
No latch inferred for signal `\ffn_tile.\csd_mul4$func$/Users/toprakgundogdu/qwen-ffn-rom/rtl/ffn_tile_16x16_b4_reg.v:115$310.$result' from process `\ffn_tile.$proc$/Users/toprakgundogdu/qwen-ffn-rom/rtl/ffn_tile_16x16_b4_reg.v:115$1934'.
No latch inferred for signal `\ffn_tile.\csd_mul4$func$/Users/toprakgundogdu/qwen-ffn-rom/rtl/ffn_tile_16x16_b4_reg.v:115$309.$result' from process `\ffn_tile.$proc$/Users/toprakgundogdu/qwen-ffn-rom/rtl/ffn_tile_16x16_b4_reg.v:115$1926'.
No latch inferred for signal `\ffn_tile.\csd_mul4$func$/Users/toprakgundogdu/qwen-ffn-rom/rtl/ffn_tile_16x16_b4_reg.v:115$308.$result' from process `\ffn_tile.$proc$/Users/toprakgundogdu/qwen-ffn-rom/rtl/ffn_tile_16x16_b4_reg.v:115$1919'.
No latch inferred for signal `\ffn_tile.\csd_mul4$func$/Users/toprakgundogdu/qwen-ffn-rom/rtl/ffn_tile_16x16_b4_reg.v:115$307.$result' from process `\ffn_tile.$proc$/Users/toprakgundogdu/qwen-ffn-rom/rtl/ffn_tile_16x16_b4_reg.v:115$1913'.
No latch inferred for signal `\ffn_tile.\csd_mul4$func$/Users/toprakgundogdu/qwen-ffn-rom/rtl/ffn_tile_16x16_b4_reg.v:115$306.$result' from process `\ffn_tile.$proc$/Users/toprakgundogdu/qwen-ffn-rom/rtl/ffn_tile_16x16_b4_reg.v:115$1907'.
No latch inferred for signal `\ffn_tile.\csd_mul4$func$/Users/toprakgundogdu/qwen-ffn-rom/rtl/ffn_tile_16x16_b4_reg.v:115$305.$result' from process `\ffn_tile.$proc$/Users/toprakgundogdu/qwen-ffn-rom/rtl/ffn_tile_16x16_b4_reg.v:115$1899'.
No latch inferred for signal `\ffn_tile.\csd_mul4$func$/Users/toprakgundogdu/qwen-ffn-rom/rtl/ffn_tile_16x16_b4_reg.v:115$304.$result' from process `\ffn_tile.$proc$/Users/toprakgundogdu/qwen-ffn-rom/rtl/ffn_tile_16x16_b4_reg.v:115$1893'.
No latch inferred for signal `\ffn_tile.\csd_mul4$func$/Users/toprakgundogdu/qwen-ffn-rom/rtl/ffn_tile_16x16_b4_reg.v:115$303.$result' from process `\ffn_tile.$proc$/Users/toprakgundogdu/qwen-ffn-rom/rtl/ffn_tile_16x16_b4_reg.v:115$1885'.
No latch inferred for signal `\ffn_tile.\csd_mul4$func$/Users/toprakgundogdu/qwen-ffn-rom/rtl/ffn_tile_16x16_b4_reg.v:115$302.$result' from process `\ffn_tile.$proc$/Users/toprakgundogdu/qwen-ffn-rom/rtl/ffn_tile_16x16_b4_reg.v:115$1879'.
No latch inferred for signal `\ffn_tile.\csd_mul4$func$/Users/toprakgundogdu/qwen-ffn-rom/rtl/ffn_tile_16x16_b4_reg.v:115$301.$result' from process `\ffn_tile.$proc$/Users/toprakgundogdu/qwen-ffn-rom/rtl/ffn_tile_16x16_b4_reg.v:115$1873'.
No latch inferred for signal `\ffn_tile.\csd_mul4$func$/Users/toprakgundogdu/qwen-ffn-rom/rtl/ffn_tile_16x16_b4_reg.v:115$300.$result' from process `\ffn_tile.$proc$/Users/toprakgundogdu/qwen-ffn-rom/rtl/ffn_tile_16x16_b4_reg.v:115$1866'.
No latch inferred for signal `\ffn_tile.\csd_mul4$func$/Users/toprakgundogdu/qwen-ffn-rom/rtl/ffn_tile_16x16_b4_reg.v:115$299.$result' from process `\ffn_tile.$proc$/Users/toprakgundogdu/qwen-ffn-rom/rtl/ffn_tile_16x16_b4_reg.v:115$1858'.
No latch inferred for signal `\ffn_tile.\csd_mul4$func$/Users/toprakgundogdu/qwen-ffn-rom/rtl/ffn_tile_16x16_b4_reg.v:115$298.$result' from process `\ffn_tile.$proc$/Users/toprakgundogdu/qwen-ffn-rom/rtl/ffn_tile_16x16_b4_reg.v:115$1850'.
No latch inferred for signal `\ffn_tile.\csd_mul4$func$/Users/toprakgundogdu/qwen-ffn-rom/rtl/ffn_tile_16x16_b4_reg.v:115$297.$result' from process `\ffn_tile.$proc$/Users/toprakgundogdu/qwen-ffn-rom/rtl/ffn_tile_16x16_b4_reg.v:115$1842'.
No latch inferred for signal `\ffn_tile.\csd_mul4$func$/Users/toprakgundogdu/qwen-ffn-rom/rtl/ffn_tile_16x16_b4_reg.v:115$296.$result' from process `\ffn_tile.$proc$/Users/toprakgundogdu/qwen-ffn-rom/rtl/ffn_tile_16x16_b4_reg.v:115$1836'.
No latch inferred for signal `\ffn_tile.\csd_mul4$func$/Users/toprakgundogdu/qwen-ffn-rom/rtl/ffn_tile_16x16_b4_reg.v:115$295.$result' from process `\ffn_tile.$proc$/Users/toprakgundogdu/qwen-ffn-rom/rtl/ffn_tile_16x16_b4_reg.v:115$1829'.
No latch inferred for signal `\ffn_tile.\csd_mul4$func$/Users/toprakgundogdu/qwen-ffn-rom/rtl/ffn_tile_16x16_b4_reg.v:115$294.$result' from process `\ffn_tile.$proc$/Users/toprakgundogdu/qwen-ffn-rom/rtl/ffn_tile_16x16_b4_reg.v:115$1823'.
No latch inferred for signal `\ffn_tile.\csd_mul4$func$/Users/toprakgundogdu/qwen-ffn-rom/rtl/ffn_tile_16x16_b4_reg.v:115$293.$result' from process `\ffn_tile.$proc$/Users/toprakgundogdu/qwen-ffn-rom/rtl/ffn_tile_16x16_b4_reg.v:115$1815'.
No latch inferred for signal `\ffn_tile.\csd_mul4$func$/Users/toprakgundogdu/qwen-ffn-rom/rtl/ffn_tile_16x16_b4_reg.v:115$292.$result' from process `\ffn_tile.$proc$/Users/toprakgundogdu/qwen-ffn-rom/rtl/ffn_tile_16x16_b4_reg.v:115$1807'.
No latch inferred for signal `\ffn_tile.\csd_mul4$func$/Users/toprakgundogdu/qwen-ffn-rom/rtl/ffn_tile_16x16_b4_reg.v:115$291.$result' from process `\ffn_tile.$proc$/Users/toprakgundogdu/qwen-ffn-rom/rtl/ffn_tile_16x16_b4_reg.v:115$1799'.
No latch inferred for signal `\ffn_tile.\csd_mul4$func$/Users/toprakgundogdu/qwen-ffn-rom/rtl/ffn_tile_16x16_b4_reg.v:115$290.$result' from process `\ffn_tile.$proc$/Users/toprakgundogdu/qwen-ffn-rom/rtl/ffn_tile_16x16_b4_reg.v:115$1793'.
No latch inferred for signal `\ffn_tile.\csd_mul4$func$/Users/toprakgundogdu/qwen-ffn-rom/rtl/ffn_tile_16x16_b4_reg.v:115$289.$result' from process `\ffn_tile.$proc$/Users/toprakgundogdu/qwen-ffn-rom/rtl/ffn_tile_16x16_b4_reg.v:115$1785'.
No latch inferred for signal `\ffn_tile.\csd_mul4$func$/Users/toprakgundogdu/qwen-ffn-rom/rtl/ffn_tile_16x16_b4_reg.v:115$288.$result' from process `\ffn_tile.$proc$/Users/toprakgundogdu/qwen-ffn-rom/rtl/ffn_tile_16x16_b4_reg.v:115$1776'.
No latch inferred for signal `\ffn_tile.\csd_mul4$func$/Users/toprakgundogdu/qwen-ffn-rom/rtl/ffn_tile_16x16_b4_reg.v:115$287.$result' from process `\ffn_tile.$proc$/Users/toprakgundogdu/qwen-ffn-rom/rtl/ffn_tile_16x16_b4_reg.v:115$1768'.
No latch inferred for signal `\ffn_tile.\csd_mul4$func$/Users/toprakgundogdu/qwen-ffn-rom/rtl/ffn_tile_16x16_b4_reg.v:115$286.$result' from process `\ffn_tile.$proc$/Users/toprakgundogdu/qwen-ffn-rom/rtl/ffn_tile_16x16_b4_reg.v:115$1760'.
No latch inferred for signal `\ffn_tile.\csd_mul4$func$/Users/toprakgundogdu/qwen-ffn-rom/rtl/ffn_tile_16x16_b4_reg.v:115$285.$result' from process `\ffn_tile.$proc$/Users/toprakgundogdu/qwen-ffn-rom/rtl/ffn_tile_16x16_b4_reg.v:115$1752'.
No latch inferred for signal `\ffn_tile.\csd_mul4$func$/Users/toprakgundogdu/qwen-ffn-rom/rtl/ffn_tile_16x16_b4_reg.v:115$284.$result' from process `\ffn_tile.$proc$/Users/toprakgundogdu/qwen-ffn-rom/rtl/ffn_tile_16x16_b4_reg.v:115$1746'.
No latch inferred for signal `\ffn_tile.\csd_mul4$func$/Users/toprakgundogdu/qwen-ffn-rom/rtl/ffn_tile_16x16_b4_reg.v:115$283.$result' from process `\ffn_tile.$proc$/Users/toprakgundogdu/qwen-ffn-rom/rtl/ffn_tile_16x16_b4_reg.v:115$1740'.
No latch inferred for signal `\ffn_tile.\csd_mul4$func$/Users/toprakgundogdu/qwen-ffn-rom/rtl/ffn_tile_16x16_b4_reg.v:115$282.$result' from process `\ffn_tile.$proc$/Users/toprakgundogdu/qwen-ffn-rom/rtl/ffn_tile_16x16_b4_reg.v:115$1733'.
No latch inferred for signal `\ffn_tile.\csd_mul4$func$/Users/toprakgundogdu/qwen-ffn-rom/rtl/ffn_tile_16x16_b4_reg.v:115$281.$result' from process `\ffn_tile.$proc$/Users/toprakgundogdu/qwen-ffn-rom/rtl/ffn_tile_16x16_b4_reg.v:115$1727'.
No latch inferred for signal `\ffn_tile.\csd_mul4$func$/Users/toprakgundogdu/qwen-ffn-rom/rtl/ffn_tile_16x16_b4_reg.v:115$280.$result' from process `\ffn_tile.$proc$/Users/toprakgundogdu/qwen-ffn-rom/rtl/ffn_tile_16x16_b4_reg.v:115$1720'.
No latch inferred for signal `\ffn_tile.\csd_mul4$func$/Users/toprakgundogdu/qwen-ffn-rom/rtl/ffn_tile_16x16_b4_reg.v:115$279.$result' from process `\ffn_tile.$proc$/Users/toprakgundogdu/qwen-ffn-rom/rtl/ffn_tile_16x16_b4_reg.v:115$1714'.
No latch inferred for signal `\ffn_tile.\csd_mul4$func$/Users/toprakgundogdu/qwen-ffn-rom/rtl/ffn_tile_16x16_b4_reg.v:115$278.$result' from process `\ffn_tile.$proc$/Users/toprakgundogdu/qwen-ffn-rom/rtl/ffn_tile_16x16_b4_reg.v:115$1706'.
No latch inferred for signal `\ffn_tile.\csd_mul4$func$/Users/toprakgundogdu/qwen-ffn-rom/rtl/ffn_tile_16x16_b4_reg.v:115$277.$result' from process `\ffn_tile.$proc$/Users/toprakgundogdu/qwen-ffn-rom/rtl/ffn_tile_16x16_b4_reg.v:115$1700'.
No latch inferred for signal `\ffn_tile.\csd_mul4$func$/Users/toprakgundogdu/qwen-ffn-rom/rtl/ffn_tile_16x16_b4_reg.v:115$276.$result' from process `\ffn_tile.$proc$/Users/toprakgundogdu/qwen-ffn-rom/rtl/ffn_tile_16x16_b4_reg.v:115$1694'.
No latch inferred for signal `\ffn_tile.\csd_mul4$func$/Users/toprakgundogdu/qwen-ffn-rom/rtl/ffn_tile_16x16_b4_reg.v:115$275.$result' from process `\ffn_tile.$proc$/Users/toprakgundogdu/qwen-ffn-rom/rtl/ffn_tile_16x16_b4_reg.v:115$1687'.
No latch inferred for signal `\ffn_tile.\csd_mul4$func$/Users/toprakgundogdu/qwen-ffn-rom/rtl/ffn_tile_16x16_b4_reg.v:115$274.$result' from process `\ffn_tile.$proc$/Users/toprakgundogdu/qwen-ffn-rom/rtl/ffn_tile_16x16_b4_reg.v:115$1681'.
No latch inferred for signal `\ffn_tile.\csd_mul4$func$/Users/toprakgundogdu/qwen-ffn-rom/rtl/ffn_tile_16x16_b4_reg.v:115$273.$result' from process `\ffn_tile.$proc$/Users/toprakgundogdu/qwen-ffn-rom/rtl/ffn_tile_16x16_b4_reg.v:115$1675'.
No latch inferred for signal `\ffn_tile.\csd_mul4$func$/Users/toprakgundogdu/qwen-ffn-rom/rtl/ffn_tile_16x16_b4_reg.v:115$272.$result' from process `\ffn_tile.$proc$/Users/toprakgundogdu/qwen-ffn-rom/rtl/ffn_tile_16x16_b4_reg.v:115$1669'.
No latch inferred for signal `\ffn_tile.\csd_mul4$func$/Users/toprakgundogdu/qwen-ffn-rom/rtl/ffn_tile_16x16_b4_reg.v:115$271.$result' from process `\ffn_tile.$proc$/Users/toprakgundogdu/qwen-ffn-rom/rtl/ffn_tile_16x16_b4_reg.v:115$1662'.
No latch inferred for signal `\ffn_tile.\csd_mul4$func$/Users/toprakgundogdu/qwen-ffn-rom/rtl/ffn_tile_16x16_b4_reg.v:115$270.$result' from process `\ffn_tile.$proc$/Users/toprakgundogdu/qwen-ffn-rom/rtl/ffn_tile_16x16_b4_reg.v:115$1654'.
No latch inferred for signal `\ffn_tile.\csd_mul4$func$/Users/toprakgundogdu/qwen-ffn-rom/rtl/ffn_tile_16x16_b4_reg.v:115$269.$result' from process `\ffn_tile.$proc$/Users/toprakgundogdu/qwen-ffn-rom/rtl/ffn_tile_16x16_b4_reg.v:115$1647'.
No latch inferred for signal `\ffn_tile.\csd_mul4$func$/Users/toprakgundogdu/qwen-ffn-rom/rtl/ffn_tile_16x16_b4_reg.v:115$268.$result' from process `\ffn_tile.$proc$/Users/toprakgundogdu/qwen-ffn-rom/rtl/ffn_tile_16x16_b4_reg.v:115$1639'.
No latch inferred for signal `\ffn_tile.\csd_mul4$func$/Users/toprakgundogdu/qwen-ffn-rom/rtl/ffn_tile_16x16_b4_reg.v:115$267.$result' from process `\ffn_tile.$proc$/Users/toprakgundogdu/qwen-ffn-rom/rtl/ffn_tile_16x16_b4_reg.v:115$1633'.
No latch inferred for signal `\ffn_tile.\csd_mul4$func$/Users/toprakgundogdu/qwen-ffn-rom/rtl/ffn_tile_16x16_b4_reg.v:115$266.$result' from process `\ffn_tile.$proc$/Users/toprakgundogdu/qwen-ffn-rom/rtl/ffn_tile_16x16_b4_reg.v:115$1627'.
No latch inferred for signal `\ffn_tile.\csd_mul4$func$/Users/toprakgundogdu/qwen-ffn-rom/rtl/ffn_tile_16x16_b4_reg.v:115$265.$result' from process `\ffn_tile.$proc$/Users/toprakgundogdu/qwen-ffn-rom/rtl/ffn_tile_16x16_b4_reg.v:115$1620'.
No latch inferred for signal `\ffn_tile.\csd_mul4$func$/Users/toprakgundogdu/qwen-ffn-rom/rtl/ffn_tile_16x16_b4_reg.v:115$264.$result' from process `\ffn_tile.$proc$/Users/toprakgundogdu/qwen-ffn-rom/rtl/ffn_tile_16x16_b4_reg.v:115$1614'.
No latch inferred for signal `\ffn_tile.\csd_mul4$func$/Users/toprakgundogdu/qwen-ffn-rom/rtl/ffn_tile_16x16_b4_reg.v:115$263.$result' from process `\ffn_tile.$proc$/Users/toprakgundogdu/qwen-ffn-rom/rtl/ffn_tile_16x16_b4_reg.v:115$1608'.
No latch inferred for signal `\ffn_tile.\csd_mul4$func$/Users/toprakgundogdu/qwen-ffn-rom/rtl/ffn_tile_16x16_b4_reg.v:115$262.$result' from process `\ffn_tile.$proc$/Users/toprakgundogdu/qwen-ffn-rom/rtl/ffn_tile_16x16_b4_reg.v:115$1600'.
No latch inferred for signal `\ffn_tile.\csd_mul4$func$/Users/toprakgundogdu/qwen-ffn-rom/rtl/ffn_tile_16x16_b4_reg.v:115$261.$result' from process `\ffn_tile.$proc$/Users/toprakgundogdu/qwen-ffn-rom/rtl/ffn_tile_16x16_b4_reg.v:115$1594'.
No latch inferred for signal `\ffn_tile.\csd_mul4$func$/Users/toprakgundogdu/qwen-ffn-rom/rtl/ffn_tile_16x16_b4_reg.v:115$260.$result' from process `\ffn_tile.$proc$/Users/toprakgundogdu/qwen-ffn-rom/rtl/ffn_tile_16x16_b4_reg.v:115$1588'.
No latch inferred for signal `\ffn_tile.\csd_mul4$func$/Users/toprakgundogdu/qwen-ffn-rom/rtl/ffn_tile_16x16_b4_reg.v:115$259.$result' from process `\ffn_tile.$proc$/Users/toprakgundogdu/qwen-ffn-rom/rtl/ffn_tile_16x16_b4_reg.v:115$1580'.
No latch inferred for signal `\ffn_tile.\csd_mul4$func$/Users/toprakgundogdu/qwen-ffn-rom/rtl/ffn_tile_16x16_b4_reg.v:115$258.$result' from process `\ffn_tile.$proc$/Users/toprakgundogdu/qwen-ffn-rom/rtl/ffn_tile_16x16_b4_reg.v:115$1571'.
No latch inferred for signal `\ffn_tile.\csd_mul4$func$/Users/toprakgundogdu/qwen-ffn-rom/rtl/ffn_tile_16x16_b4_reg.v:115$257.$result' from process `\ffn_tile.$proc$/Users/toprakgundogdu/qwen-ffn-rom/rtl/ffn_tile_16x16_b4_reg.v:115$1564'.
No latch inferred for signal `\ffn_tile.\csd_mul4$func$/Users/toprakgundogdu/qwen-ffn-rom/rtl/ffn_tile_16x16_b4_reg.v:115$256.$result' from process `\ffn_tile.$proc$/Users/toprakgundogdu/qwen-ffn-rom/rtl/ffn_tile_16x16_b4_reg.v:115$1556'.
No latch inferred for signal `\ffn_tile.\csd_mul4$func$/Users/toprakgundogdu/qwen-ffn-rom/rtl/ffn_tile_16x16_b4_reg.v:115$255.$result' from process `\ffn_tile.$proc$/Users/toprakgundogdu/qwen-ffn-rom/rtl/ffn_tile_16x16_b4_reg.v:115$1550'.
No latch inferred for signal `\ffn_tile.\csd_mul4$func$/Users/toprakgundogdu/qwen-ffn-rom/rtl/ffn_tile_16x16_b4_reg.v:115$254.$result' from process `\ffn_tile.$proc$/Users/toprakgundogdu/qwen-ffn-rom/rtl/ffn_tile_16x16_b4_reg.v:115$1541'.
No latch inferred for signal `\ffn_tile.\csd_mul4$func$/Users/toprakgundogdu/qwen-ffn-rom/rtl/ffn_tile_16x16_b4_reg.v:115$253.$result' from process `\ffn_tile.$proc$/Users/toprakgundogdu/qwen-ffn-rom/rtl/ffn_tile_16x16_b4_reg.v:115$1532'.
No latch inferred for signal `\ffn_tile.\csd_mul4$func$/Users/toprakgundogdu/qwen-ffn-rom/rtl/ffn_tile_16x16_b4_reg.v:115$252.$result' from process `\ffn_tile.$proc$/Users/toprakgundogdu/qwen-ffn-rom/rtl/ffn_tile_16x16_b4_reg.v:115$1524'.
No latch inferred for signal `\ffn_tile.\csd_mul4$func$/Users/toprakgundogdu/qwen-ffn-rom/rtl/ffn_tile_16x16_b4_reg.v:115$251.$result' from process `\ffn_tile.$proc$/Users/toprakgundogdu/qwen-ffn-rom/rtl/ffn_tile_16x16_b4_reg.v:115$1518'.
No latch inferred for signal `\ffn_tile.\csd_mul4$func$/Users/toprakgundogdu/qwen-ffn-rom/rtl/ffn_tile_16x16_b4_reg.v:115$250.$result' from process `\ffn_tile.$proc$/Users/toprakgundogdu/qwen-ffn-rom/rtl/ffn_tile_16x16_b4_reg.v:115$1508'.
No latch inferred for signal `\ffn_tile.\csd_mul4$func$/Users/toprakgundogdu/qwen-ffn-rom/rtl/ffn_tile_16x16_b4_reg.v:115$249.$result' from process `\ffn_tile.$proc$/Users/toprakgundogdu/qwen-ffn-rom/rtl/ffn_tile_16x16_b4_reg.v:115$1502'.
No latch inferred for signal `\ffn_tile.\csd_mul4$func$/Users/toprakgundogdu/qwen-ffn-rom/rtl/ffn_tile_16x16_b4_reg.v:115$248.$result' from process `\ffn_tile.$proc$/Users/toprakgundogdu/qwen-ffn-rom/rtl/ffn_tile_16x16_b4_reg.v:115$1496'.
No latch inferred for signal `\ffn_tile.\csd_mul4$func$/Users/toprakgundogdu/qwen-ffn-rom/rtl/ffn_tile_16x16_b4_reg.v:115$247.$result' from process `\ffn_tile.$proc$/Users/toprakgundogdu/qwen-ffn-rom/rtl/ffn_tile_16x16_b4_reg.v:115$1489'.
No latch inferred for signal `\ffn_tile.\csd_mul4$func$/Users/toprakgundogdu/qwen-ffn-rom/rtl/ffn_tile_16x16_b4_reg.v:115$246.$result' from process `\ffn_tile.$proc$/Users/toprakgundogdu/qwen-ffn-rom/rtl/ffn_tile_16x16_b4_reg.v:115$1480'.
No latch inferred for signal `\ffn_tile.\csd_mul4$func$/Users/toprakgundogdu/qwen-ffn-rom/rtl/ffn_tile_16x16_b4_reg.v:115$245.$result' from process `\ffn_tile.$proc$/Users/toprakgundogdu/qwen-ffn-rom/rtl/ffn_tile_16x16_b4_reg.v:115$1471'.
No latch inferred for signal `\ffn_tile.\csd_mul4$func$/Users/toprakgundogdu/qwen-ffn-rom/rtl/ffn_tile_16x16_b4_reg.v:115$244.$result' from process `\ffn_tile.$proc$/Users/toprakgundogdu/qwen-ffn-rom/rtl/ffn_tile_16x16_b4_reg.v:115$1463'.
No latch inferred for signal `\ffn_tile.\csd_mul4$func$/Users/toprakgundogdu/qwen-ffn-rom/rtl/ffn_tile_16x16_b4_reg.v:115$243.$result' from process `\ffn_tile.$proc$/Users/toprakgundogdu/qwen-ffn-rom/rtl/ffn_tile_16x16_b4_reg.v:115$1454'.
No latch inferred for signal `\ffn_tile.\csd_mul4$func$/Users/toprakgundogdu/qwen-ffn-rom/rtl/ffn_tile_16x16_b4_reg.v:115$242.$result' from process `\ffn_tile.$proc$/Users/toprakgundogdu/qwen-ffn-rom/rtl/ffn_tile_16x16_b4_reg.v:115$1448'.
No latch inferred for signal `\ffn_tile.\csd_mul4$func$/Users/toprakgundogdu/qwen-ffn-rom/rtl/ffn_tile_16x16_b4_reg.v:115$241.$result' from process `\ffn_tile.$proc$/Users/toprakgundogdu/qwen-ffn-rom/rtl/ffn_tile_16x16_b4_reg.v:115$1439'.
No latch inferred for signal `\ffn_tile.\csd_mul4$func$/Users/toprakgundogdu/qwen-ffn-rom/rtl/ffn_tile_16x16_b4_reg.v:115$240.$result' from process `\ffn_tile.$proc$/Users/toprakgundogdu/qwen-ffn-rom/rtl/ffn_tile_16x16_b4_reg.v:115$1430'.
No latch inferred for signal `\ffn_tile.\csd_mul4$func$/Users/toprakgundogdu/qwen-ffn-rom/rtl/ffn_tile_16x16_b4_reg.v:115$239.$result' from process `\ffn_tile.$proc$/Users/toprakgundogdu/qwen-ffn-rom/rtl/ffn_tile_16x16_b4_reg.v:115$1422'.
No latch inferred for signal `\ffn_tile.\csd_mul4$func$/Users/toprakgundogdu/qwen-ffn-rom/rtl/ffn_tile_16x16_b4_reg.v:115$238.$result' from process `\ffn_tile.$proc$/Users/toprakgundogdu/qwen-ffn-rom/rtl/ffn_tile_16x16_b4_reg.v:115$1414'.
No latch inferred for signal `\ffn_tile.\csd_mul4$func$/Users/toprakgundogdu/qwen-ffn-rom/rtl/ffn_tile_16x16_b4_reg.v:115$237.$result' from process `\ffn_tile.$proc$/Users/toprakgundogdu/qwen-ffn-rom/rtl/ffn_tile_16x16_b4_reg.v:115$1405'.
No latch inferred for signal `\ffn_tile.\csd_mul4$func$/Users/toprakgundogdu/qwen-ffn-rom/rtl/ffn_tile_16x16_b4_reg.v:115$236.$result' from process `\ffn_tile.$proc$/Users/toprakgundogdu/qwen-ffn-rom/rtl/ffn_tile_16x16_b4_reg.v:115$1398'.
No latch inferred for signal `\ffn_tile.\csd_mul4$func$/Users/toprakgundogdu/qwen-ffn-rom/rtl/ffn_tile_16x16_b4_reg.v:115$235.$result' from process `\ffn_tile.$proc$/Users/toprakgundogdu/qwen-ffn-rom/rtl/ffn_tile_16x16_b4_reg.v:115$1391'.
No latch inferred for signal `\ffn_tile.\csd_mul4$func$/Users/toprakgundogdu/qwen-ffn-rom/rtl/ffn_tile_16x16_b4_reg.v:115$234.$result' from process `\ffn_tile.$proc$/Users/toprakgundogdu/qwen-ffn-rom/rtl/ffn_tile_16x16_b4_reg.v:115$1383'.
No latch inferred for signal `\ffn_tile.\csd_mul4$func$/Users/toprakgundogdu/qwen-ffn-rom/rtl/ffn_tile_16x16_b4_reg.v:115$233.$result' from process `\ffn_tile.$proc$/Users/toprakgundogdu/qwen-ffn-rom/rtl/ffn_tile_16x16_b4_reg.v:115$1376'.
No latch inferred for signal `\ffn_tile.\csd_mul4$func$/Users/toprakgundogdu/qwen-ffn-rom/rtl/ffn_tile_16x16_b4_reg.v:115$232.$result' from process `\ffn_tile.$proc$/Users/toprakgundogdu/qwen-ffn-rom/rtl/ffn_tile_16x16_b4_reg.v:115$1370'.
No latch inferred for signal `\ffn_tile.\csd_mul4$func$/Users/toprakgundogdu/qwen-ffn-rom/rtl/ffn_tile_16x16_b4_reg.v:115$231.$result' from process `\ffn_tile.$proc$/Users/toprakgundogdu/qwen-ffn-rom/rtl/ffn_tile_16x16_b4_reg.v:115$1361'.
No latch inferred for signal `\ffn_tile.\csd_mul4$func$/Users/toprakgundogdu/qwen-ffn-rom/rtl/ffn_tile_16x16_b4_reg.v:115$230.$result' from process `\ffn_tile.$proc$/Users/toprakgundogdu/qwen-ffn-rom/rtl/ffn_tile_16x16_b4_reg.v:115$1353'.
No latch inferred for signal `\ffn_tile.\csd_mul4$func$/Users/toprakgundogdu/qwen-ffn-rom/rtl/ffn_tile_16x16_b4_reg.v:115$229.$result' from process `\ffn_tile.$proc$/Users/toprakgundogdu/qwen-ffn-rom/rtl/ffn_tile_16x16_b4_reg.v:115$1347'.
No latch inferred for signal `\ffn_tile.\csd_mul4$func$/Users/toprakgundogdu/qwen-ffn-rom/rtl/ffn_tile_16x16_b4_reg.v:115$228.$result' from process `\ffn_tile.$proc$/Users/toprakgundogdu/qwen-ffn-rom/rtl/ffn_tile_16x16_b4_reg.v:115$1340'.
No latch inferred for signal `\ffn_tile.\csd_mul4$func$/Users/toprakgundogdu/qwen-ffn-rom/rtl/ffn_tile_16x16_b4_reg.v:115$227.$result' from process `\ffn_tile.$proc$/Users/toprakgundogdu/qwen-ffn-rom/rtl/ffn_tile_16x16_b4_reg.v:115$1331'.
No latch inferred for signal `\ffn_tile.\csd_mul4$func$/Users/toprakgundogdu/qwen-ffn-rom/rtl/ffn_tile_16x16_b4_reg.v:115$226.$result' from process `\ffn_tile.$proc$/Users/toprakgundogdu/qwen-ffn-rom/rtl/ffn_tile_16x16_b4_reg.v:115$1322'.
No latch inferred for signal `\ffn_tile.\csd_mul4$func$/Users/toprakgundogdu/qwen-ffn-rom/rtl/ffn_tile_16x16_b4_reg.v:115$225.$result' from process `\ffn_tile.$proc$/Users/toprakgundogdu/qwen-ffn-rom/rtl/ffn_tile_16x16_b4_reg.v:115$1316'.
No latch inferred for signal `\ffn_tile.\csd_mul4$func$/Users/toprakgundogdu/qwen-ffn-rom/rtl/ffn_tile_16x16_b4_reg.v:115$224.$result' from process `\ffn_tile.$proc$/Users/toprakgundogdu/qwen-ffn-rom/rtl/ffn_tile_16x16_b4_reg.v:115$1308'.
No latch inferred for signal `\ffn_tile.\csd_mul4$func$/Users/toprakgundogdu/qwen-ffn-rom/rtl/ffn_tile_16x16_b4_reg.v:115$223.$result' from process `\ffn_tile.$proc$/Users/toprakgundogdu/qwen-ffn-rom/rtl/ffn_tile_16x16_b4_reg.v:115$1302'.
No latch inferred for signal `\ffn_tile.\csd_mul4$func$/Users/toprakgundogdu/qwen-ffn-rom/rtl/ffn_tile_16x16_b4_reg.v:115$222.$result' from process `\ffn_tile.$proc$/Users/toprakgundogdu/qwen-ffn-rom/rtl/ffn_tile_16x16_b4_reg.v:115$1293'.
No latch inferred for signal `\ffn_tile.\csd_mul4$func$/Users/toprakgundogdu/qwen-ffn-rom/rtl/ffn_tile_16x16_b4_reg.v:115$221.$result' from process `\ffn_tile.$proc$/Users/toprakgundogdu/qwen-ffn-rom/rtl/ffn_tile_16x16_b4_reg.v:115$1286'.
No latch inferred for signal `\ffn_tile.\csd_mul4$func$/Users/toprakgundogdu/qwen-ffn-rom/rtl/ffn_tile_16x16_b4_reg.v:115$220.$result' from process `\ffn_tile.$proc$/Users/toprakgundogdu/qwen-ffn-rom/rtl/ffn_tile_16x16_b4_reg.v:115$1278'.
No latch inferred for signal `\ffn_tile.\csd_mul4$func$/Users/toprakgundogdu/qwen-ffn-rom/rtl/ffn_tile_16x16_b4_reg.v:115$219.$result' from process `\ffn_tile.$proc$/Users/toprakgundogdu/qwen-ffn-rom/rtl/ffn_tile_16x16_b4_reg.v:115$1272'.
No latch inferred for signal `\ffn_tile.\csd_mul4$func$/Users/toprakgundogdu/qwen-ffn-rom/rtl/ffn_tile_16x16_b4_reg.v:115$218.$result' from process `\ffn_tile.$proc$/Users/toprakgundogdu/qwen-ffn-rom/rtl/ffn_tile_16x16_b4_reg.v:115$1263'.
No latch inferred for signal `\ffn_tile.\csd_mul4$func$/Users/toprakgundogdu/qwen-ffn-rom/rtl/ffn_tile_16x16_b4_reg.v:115$217.$result' from process `\ffn_tile.$proc$/Users/toprakgundogdu/qwen-ffn-rom/rtl/ffn_tile_16x16_b4_reg.v:115$1256'.
No latch inferred for signal `\ffn_tile.\csd_mul4$func$/Users/toprakgundogdu/qwen-ffn-rom/rtl/ffn_tile_16x16_b4_reg.v:115$216.$result' from process `\ffn_tile.$proc$/Users/toprakgundogdu/qwen-ffn-rom/rtl/ffn_tile_16x16_b4_reg.v:115$1249'.
No latch inferred for signal `\ffn_tile.\csd_mul4$func$/Users/toprakgundogdu/qwen-ffn-rom/rtl/ffn_tile_16x16_b4_reg.v:115$215.$result' from process `\ffn_tile.$proc$/Users/toprakgundogdu/qwen-ffn-rom/rtl/ffn_tile_16x16_b4_reg.v:115$1243'.
No latch inferred for signal `\ffn_tile.\csd_mul4$func$/Users/toprakgundogdu/qwen-ffn-rom/rtl/ffn_tile_16x16_b4_reg.v:115$214.$result' from process `\ffn_tile.$proc$/Users/toprakgundogdu/qwen-ffn-rom/rtl/ffn_tile_16x16_b4_reg.v:115$1236'.
No latch inferred for signal `\ffn_tile.\csd_mul4$func$/Users/toprakgundogdu/qwen-ffn-rom/rtl/ffn_tile_16x16_b4_reg.v:115$213.$result' from process `\ffn_tile.$proc$/Users/toprakgundogdu/qwen-ffn-rom/rtl/ffn_tile_16x16_b4_reg.v:115$1227'.
No latch inferred for signal `\ffn_tile.\csd_mul4$func$/Users/toprakgundogdu/qwen-ffn-rom/rtl/ffn_tile_16x16_b4_reg.v:115$212.$result' from process `\ffn_tile.$proc$/Users/toprakgundogdu/qwen-ffn-rom/rtl/ffn_tile_16x16_b4_reg.v:115$1221'.
No latch inferred for signal `\ffn_tile.\csd_mul4$func$/Users/toprakgundogdu/qwen-ffn-rom/rtl/ffn_tile_16x16_b4_reg.v:115$211.$result' from process `\ffn_tile.$proc$/Users/toprakgundogdu/qwen-ffn-rom/rtl/ffn_tile_16x16_b4_reg.v:115$1214'.
No latch inferred for signal `\ffn_tile.\csd_mul4$func$/Users/toprakgundogdu/qwen-ffn-rom/rtl/ffn_tile_16x16_b4_reg.v:115$210.$result' from process `\ffn_tile.$proc$/Users/toprakgundogdu/qwen-ffn-rom/rtl/ffn_tile_16x16_b4_reg.v:115$1206'.
No latch inferred for signal `\ffn_tile.\csd_mul4$func$/Users/toprakgundogdu/qwen-ffn-rom/rtl/ffn_tile_16x16_b4_reg.v:115$209.$result' from process `\ffn_tile.$proc$/Users/toprakgundogdu/qwen-ffn-rom/rtl/ffn_tile_16x16_b4_reg.v:115$1199'.
No latch inferred for signal `\ffn_tile.\csd_mul4$func$/Users/toprakgundogdu/qwen-ffn-rom/rtl/ffn_tile_16x16_b4_reg.v:115$208.$result' from process `\ffn_tile.$proc$/Users/toprakgundogdu/qwen-ffn-rom/rtl/ffn_tile_16x16_b4_reg.v:115$1191'.
No latch inferred for signal `\ffn_tile.\csd_mul4$func$/Users/toprakgundogdu/qwen-ffn-rom/rtl/ffn_tile_16x16_b4_reg.v:115$207.$result' from process `\ffn_tile.$proc$/Users/toprakgundogdu/qwen-ffn-rom/rtl/ffn_tile_16x16_b4_reg.v:115$1185'.
No latch inferred for signal `\ffn_tile.\csd_mul4$func$/Users/toprakgundogdu/qwen-ffn-rom/rtl/ffn_tile_16x16_b4_reg.v:115$206.$result' from process `\ffn_tile.$proc$/Users/toprakgundogdu/qwen-ffn-rom/rtl/ffn_tile_16x16_b4_reg.v:115$1179'.
No latch inferred for signal `\ffn_tile.\csd_mul4$func$/Users/toprakgundogdu/qwen-ffn-rom/rtl/ffn_tile_16x16_b4_reg.v:115$205.$result' from process `\ffn_tile.$proc$/Users/toprakgundogdu/qwen-ffn-rom/rtl/ffn_tile_16x16_b4_reg.v:115$1173'.
No latch inferred for signal `\ffn_tile.\csd_mul4$func$/Users/toprakgundogdu/qwen-ffn-rom/rtl/ffn_tile_16x16_b4_reg.v:115$204.$result' from process `\ffn_tile.$proc$/Users/toprakgundogdu/qwen-ffn-rom/rtl/ffn_tile_16x16_b4_reg.v:115$1165'.
No latch inferred for signal `\ffn_tile.\csd_mul4$func$/Users/toprakgundogdu/qwen-ffn-rom/rtl/ffn_tile_16x16_b4_reg.v:115$203.$result' from process `\ffn_tile.$proc$/Users/toprakgundogdu/qwen-ffn-rom/rtl/ffn_tile_16x16_b4_reg.v:115$1158'.
No latch inferred for signal `\ffn_tile.\csd_mul4$func$/Users/toprakgundogdu/qwen-ffn-rom/rtl/ffn_tile_16x16_b4_reg.v:115$202.$result' from process `\ffn_tile.$proc$/Users/toprakgundogdu/qwen-ffn-rom/rtl/ffn_tile_16x16_b4_reg.v:115$1150'.
No latch inferred for signal `\ffn_tile.\csd_mul4$func$/Users/toprakgundogdu/qwen-ffn-rom/rtl/ffn_tile_16x16_b4_reg.v:115$201.$result' from process `\ffn_tile.$proc$/Users/toprakgundogdu/qwen-ffn-rom/rtl/ffn_tile_16x16_b4_reg.v:115$1144'.
No latch inferred for signal `\ffn_tile.\csd_mul4$func$/Users/toprakgundogdu/qwen-ffn-rom/rtl/ffn_tile_16x16_b4_reg.v:115$200.$result' from process `\ffn_tile.$proc$/Users/toprakgundogdu/qwen-ffn-rom/rtl/ffn_tile_16x16_b4_reg.v:115$1136'.
No latch inferred for signal `\ffn_tile.\csd_mul4$func$/Users/toprakgundogdu/qwen-ffn-rom/rtl/ffn_tile_16x16_b4_reg.v:115$199.$result' from process `\ffn_tile.$proc$/Users/toprakgundogdu/qwen-ffn-rom/rtl/ffn_tile_16x16_b4_reg.v:115$1129'.
No latch inferred for signal `\ffn_tile.\csd_mul4$func$/Users/toprakgundogdu/qwen-ffn-rom/rtl/ffn_tile_16x16_b4_reg.v:115$198.$result' from process `\ffn_tile.$proc$/Users/toprakgundogdu/qwen-ffn-rom/rtl/ffn_tile_16x16_b4_reg.v:115$1121'.
No latch inferred for signal `\ffn_tile.\csd_mul4$func$/Users/toprakgundogdu/qwen-ffn-rom/rtl/ffn_tile_16x16_b4_reg.v:115$197.$result' from process `\ffn_tile.$proc$/Users/toprakgundogdu/qwen-ffn-rom/rtl/ffn_tile_16x16_b4_reg.v:115$1114'.
No latch inferred for signal `\ffn_tile.\csd_mul4$func$/Users/toprakgundogdu/qwen-ffn-rom/rtl/ffn_tile_16x16_b4_reg.v:115$196.$result' from process `\ffn_tile.$proc$/Users/toprakgundogdu/qwen-ffn-rom/rtl/ffn_tile_16x16_b4_reg.v:115$1108'.
No latch inferred for signal `\ffn_tile.\csd_mul4$func$/Users/toprakgundogdu/qwen-ffn-rom/rtl/ffn_tile_16x16_b4_reg.v:115$195.$result' from process `\ffn_tile.$proc$/Users/toprakgundogdu/qwen-ffn-rom/rtl/ffn_tile_16x16_b4_reg.v:115$1100'.
No latch inferred for signal `\ffn_tile.\csd_mul4$func$/Users/toprakgundogdu/qwen-ffn-rom/rtl/ffn_tile_16x16_b4_reg.v:115$194.$result' from process `\ffn_tile.$proc$/Users/toprakgundogdu/qwen-ffn-rom/rtl/ffn_tile_16x16_b4_reg.v:115$1093'.
No latch inferred for signal `\ffn_tile.\csd_mul4$func$/Users/toprakgundogdu/qwen-ffn-rom/rtl/ffn_tile_16x16_b4_reg.v:115$193.$result' from process `\ffn_tile.$proc$/Users/toprakgundogdu/qwen-ffn-rom/rtl/ffn_tile_16x16_b4_reg.v:115$1085'.
No latch inferred for signal `\ffn_tile.\csd_mul4$func$/Users/toprakgundogdu/qwen-ffn-rom/rtl/ffn_tile_16x16_b4_reg.v:115$192.$result' from process `\ffn_tile.$proc$/Users/toprakgundogdu/qwen-ffn-rom/rtl/ffn_tile_16x16_b4_reg.v:115$1075'.
No latch inferred for signal `\ffn_tile.\csd_mul4$func$/Users/toprakgundogdu/qwen-ffn-rom/rtl/ffn_tile_16x16_b4_reg.v:115$191.$result' from process `\ffn_tile.$proc$/Users/toprakgundogdu/qwen-ffn-rom/rtl/ffn_tile_16x16_b4_reg.v:115$1067'.
No latch inferred for signal `\ffn_tile.\csd_mul4$func$/Users/toprakgundogdu/qwen-ffn-rom/rtl/ffn_tile_16x16_b4_reg.v:115$190.$result' from process `\ffn_tile.$proc$/Users/toprakgundogdu/qwen-ffn-rom/rtl/ffn_tile_16x16_b4_reg.v:115$1061'.
No latch inferred for signal `\ffn_tile.\csd_mul4$func$/Users/toprakgundogdu/qwen-ffn-rom/rtl/ffn_tile_16x16_b4_reg.v:115$189.$result' from process `\ffn_tile.$proc$/Users/toprakgundogdu/qwen-ffn-rom/rtl/ffn_tile_16x16_b4_reg.v:115$1052'.
No latch inferred for signal `\ffn_tile.\csd_mul4$func$/Users/toprakgundogdu/qwen-ffn-rom/rtl/ffn_tile_16x16_b4_reg.v:115$188.$result' from process `\ffn_tile.$proc$/Users/toprakgundogdu/qwen-ffn-rom/rtl/ffn_tile_16x16_b4_reg.v:115$1046'.
No latch inferred for signal `\ffn_tile.\csd_mul4$func$/Users/toprakgundogdu/qwen-ffn-rom/rtl/ffn_tile_16x16_b4_reg.v:115$187.$result' from process `\ffn_tile.$proc$/Users/toprakgundogdu/qwen-ffn-rom/rtl/ffn_tile_16x16_b4_reg.v:115$1038'.
No latch inferred for signal `\ffn_tile.\csd_mul4$func$/Users/toprakgundogdu/qwen-ffn-rom/rtl/ffn_tile_16x16_b4_reg.v:115$186.$result' from process `\ffn_tile.$proc$/Users/toprakgundogdu/qwen-ffn-rom/rtl/ffn_tile_16x16_b4_reg.v:115$1032'.
No latch inferred for signal `\ffn_tile.\csd_mul4$func$/Users/toprakgundogdu/qwen-ffn-rom/rtl/ffn_tile_16x16_b4_reg.v:115$185.$result' from process `\ffn_tile.$proc$/Users/toprakgundogdu/qwen-ffn-rom/rtl/ffn_tile_16x16_b4_reg.v:115$1024'.
No latch inferred for signal `\ffn_tile.\csd_mul4$func$/Users/toprakgundogdu/qwen-ffn-rom/rtl/ffn_tile_16x16_b4_reg.v:115$184.$result' from process `\ffn_tile.$proc$/Users/toprakgundogdu/qwen-ffn-rom/rtl/ffn_tile_16x16_b4_reg.v:115$1015'.
No latch inferred for signal `\ffn_tile.\csd_mul4$func$/Users/toprakgundogdu/qwen-ffn-rom/rtl/ffn_tile_16x16_b4_reg.v:115$183.$result' from process `\ffn_tile.$proc$/Users/toprakgundogdu/qwen-ffn-rom/rtl/ffn_tile_16x16_b4_reg.v:115$1007'.
No latch inferred for signal `\ffn_tile.\csd_mul4$func$/Users/toprakgundogdu/qwen-ffn-rom/rtl/ffn_tile_16x16_b4_reg.v:115$182.$result' from process `\ffn_tile.$proc$/Users/toprakgundogdu/qwen-ffn-rom/rtl/ffn_tile_16x16_b4_reg.v:115$999'.
No latch inferred for signal `\ffn_tile.\csd_mul4$func$/Users/toprakgundogdu/qwen-ffn-rom/rtl/ffn_tile_16x16_b4_reg.v:115$181.$result' from process `\ffn_tile.$proc$/Users/toprakgundogdu/qwen-ffn-rom/rtl/ffn_tile_16x16_b4_reg.v:115$992'.
No latch inferred for signal `\ffn_tile.\csd_mul4$func$/Users/toprakgundogdu/qwen-ffn-rom/rtl/ffn_tile_16x16_b4_reg.v:115$180.$result' from process `\ffn_tile.$proc$/Users/toprakgundogdu/qwen-ffn-rom/rtl/ffn_tile_16x16_b4_reg.v:115$985'.
No latch inferred for signal `\ffn_tile.\csd_mul4$func$/Users/toprakgundogdu/qwen-ffn-rom/rtl/ffn_tile_16x16_b4_reg.v:115$179.$result' from process `\ffn_tile.$proc$/Users/toprakgundogdu/qwen-ffn-rom/rtl/ffn_tile_16x16_b4_reg.v:115$978'.
No latch inferred for signal `\ffn_tile.\csd_mul4$func$/Users/toprakgundogdu/qwen-ffn-rom/rtl/ffn_tile_16x16_b4_reg.v:115$178.$result' from process `\ffn_tile.$proc$/Users/toprakgundogdu/qwen-ffn-rom/rtl/ffn_tile_16x16_b4_reg.v:115$972'.
No latch inferred for signal `\ffn_tile.\csd_mul4$func$/Users/toprakgundogdu/qwen-ffn-rom/rtl/ffn_tile_16x16_b4_reg.v:115$177.$result' from process `\ffn_tile.$proc$/Users/toprakgundogdu/qwen-ffn-rom/rtl/ffn_tile_16x16_b4_reg.v:115$965'.
No latch inferred for signal `\ffn_tile.\csd_mul4$func$/Users/toprakgundogdu/qwen-ffn-rom/rtl/ffn_tile_16x16_b4_reg.v:115$176.$result' from process `\ffn_tile.$proc$/Users/toprakgundogdu/qwen-ffn-rom/rtl/ffn_tile_16x16_b4_reg.v:115$958'.
No latch inferred for signal `\ffn_tile.\csd_mul4$func$/Users/toprakgundogdu/qwen-ffn-rom/rtl/ffn_tile_16x16_b4_reg.v:115$175.$result' from process `\ffn_tile.$proc$/Users/toprakgundogdu/qwen-ffn-rom/rtl/ffn_tile_16x16_b4_reg.v:115$949'.
No latch inferred for signal `\ffn_tile.\csd_mul4$func$/Users/toprakgundogdu/qwen-ffn-rom/rtl/ffn_tile_16x16_b4_reg.v:115$174.$result' from process `\ffn_tile.$proc$/Users/toprakgundogdu/qwen-ffn-rom/rtl/ffn_tile_16x16_b4_reg.v:115$941'.
No latch inferred for signal `\ffn_tile.\csd_mul4$func$/Users/toprakgundogdu/qwen-ffn-rom/rtl/ffn_tile_16x16_b4_reg.v:115$173.$result' from process `\ffn_tile.$proc$/Users/toprakgundogdu/qwen-ffn-rom/rtl/ffn_tile_16x16_b4_reg.v:115$933'.
No latch inferred for signal `\ffn_tile.\csd_mul4$func$/Users/toprakgundogdu/qwen-ffn-rom/rtl/ffn_tile_16x16_b4_reg.v:115$172.$result' from process `\ffn_tile.$proc$/Users/toprakgundogdu/qwen-ffn-rom/rtl/ffn_tile_16x16_b4_reg.v:115$925'.
No latch inferred for signal `\ffn_tile.\csd_mul4$func$/Users/toprakgundogdu/qwen-ffn-rom/rtl/ffn_tile_16x16_b4_reg.v:115$171.$result' from process `\ffn_tile.$proc$/Users/toprakgundogdu/qwen-ffn-rom/rtl/ffn_tile_16x16_b4_reg.v:115$916'.
No latch inferred for signal `\ffn_tile.\csd_mul4$func$/Users/toprakgundogdu/qwen-ffn-rom/rtl/ffn_tile_16x16_b4_reg.v:115$170.$result' from process `\ffn_tile.$proc$/Users/toprakgundogdu/qwen-ffn-rom/rtl/ffn_tile_16x16_b4_reg.v:115$907'.
No latch inferred for signal `\ffn_tile.\csd_mul4$func$/Users/toprakgundogdu/qwen-ffn-rom/rtl/ffn_tile_16x16_b4_reg.v:115$169.$result' from process `\ffn_tile.$proc$/Users/toprakgundogdu/qwen-ffn-rom/rtl/ffn_tile_16x16_b4_reg.v:115$901'.
No latch inferred for signal `\ffn_tile.\csd_mul4$func$/Users/toprakgundogdu/qwen-ffn-rom/rtl/ffn_tile_16x16_b4_reg.v:115$168.$result' from process `\ffn_tile.$proc$/Users/toprakgundogdu/qwen-ffn-rom/rtl/ffn_tile_16x16_b4_reg.v:115$893'.
No latch inferred for signal `\ffn_tile.\csd_mul4$func$/Users/toprakgundogdu/qwen-ffn-rom/rtl/ffn_tile_16x16_b4_reg.v:115$167.$result' from process `\ffn_tile.$proc$/Users/toprakgundogdu/qwen-ffn-rom/rtl/ffn_tile_16x16_b4_reg.v:115$886'.
No latch inferred for signal `\ffn_tile.\csd_mul4$func$/Users/toprakgundogdu/qwen-ffn-rom/rtl/ffn_tile_16x16_b4_reg.v:115$166.$result' from process `\ffn_tile.$proc$/Users/toprakgundogdu/qwen-ffn-rom/rtl/ffn_tile_16x16_b4_reg.v:115$877'.
No latch inferred for signal `\ffn_tile.\csd_mul4$func$/Users/toprakgundogdu/qwen-ffn-rom/rtl/ffn_tile_16x16_b4_reg.v:115$165.$result' from process `\ffn_tile.$proc$/Users/toprakgundogdu/qwen-ffn-rom/rtl/ffn_tile_16x16_b4_reg.v:115$870'.
No latch inferred for signal `\ffn_tile.\csd_mul4$func$/Users/toprakgundogdu/qwen-ffn-rom/rtl/ffn_tile_16x16_b4_reg.v:115$164.$result' from process `\ffn_tile.$proc$/Users/toprakgundogdu/qwen-ffn-rom/rtl/ffn_tile_16x16_b4_reg.v:115$863'.
No latch inferred for signal `\ffn_tile.\csd_mul4$func$/Users/toprakgundogdu/qwen-ffn-rom/rtl/ffn_tile_16x16_b4_reg.v:115$163.$result' from process `\ffn_tile.$proc$/Users/toprakgundogdu/qwen-ffn-rom/rtl/ffn_tile_16x16_b4_reg.v:115$856'.
No latch inferred for signal `\ffn_tile.\csd_mul4$func$/Users/toprakgundogdu/qwen-ffn-rom/rtl/ffn_tile_16x16_b4_reg.v:115$162.$result' from process `\ffn_tile.$proc$/Users/toprakgundogdu/qwen-ffn-rom/rtl/ffn_tile_16x16_b4_reg.v:115$849'.
No latch inferred for signal `\ffn_tile.\csd_mul4$func$/Users/toprakgundogdu/qwen-ffn-rom/rtl/ffn_tile_16x16_b4_reg.v:115$161.$result' from process `\ffn_tile.$proc$/Users/toprakgundogdu/qwen-ffn-rom/rtl/ffn_tile_16x16_b4_reg.v:115$843'.
No latch inferred for signal `\ffn_tile.\csd_mul4$func$/Users/toprakgundogdu/qwen-ffn-rom/rtl/ffn_tile_16x16_b4_reg.v:115$160.$result' from process `\ffn_tile.$proc$/Users/toprakgundogdu/qwen-ffn-rom/rtl/ffn_tile_16x16_b4_reg.v:115$837'.
No latch inferred for signal `\ffn_tile.\csd_mul4$func$/Users/toprakgundogdu/qwen-ffn-rom/rtl/ffn_tile_16x16_b4_reg.v:115$159.$result' from process `\ffn_tile.$proc$/Users/toprakgundogdu/qwen-ffn-rom/rtl/ffn_tile_16x16_b4_reg.v:115$828'.
No latch inferred for signal `\ffn_tile.\csd_mul4$func$/Users/toprakgundogdu/qwen-ffn-rom/rtl/ffn_tile_16x16_b4_reg.v:115$158.$result' from process `\ffn_tile.$proc$/Users/toprakgundogdu/qwen-ffn-rom/rtl/ffn_tile_16x16_b4_reg.v:115$821'.
No latch inferred for signal `\ffn_tile.\csd_mul4$func$/Users/toprakgundogdu/qwen-ffn-rom/rtl/ffn_tile_16x16_b4_reg.v:115$157.$result' from process `\ffn_tile.$proc$/Users/toprakgundogdu/qwen-ffn-rom/rtl/ffn_tile_16x16_b4_reg.v:115$815'.
No latch inferred for signal `\ffn_tile.\csd_mul4$func$/Users/toprakgundogdu/qwen-ffn-rom/rtl/ffn_tile_16x16_b4_reg.v:115$156.$result' from process `\ffn_tile.$proc$/Users/toprakgundogdu/qwen-ffn-rom/rtl/ffn_tile_16x16_b4_reg.v:115$809'.
No latch inferred for signal `\ffn_tile.\csd_mul4$func$/Users/toprakgundogdu/qwen-ffn-rom/rtl/ffn_tile_16x16_b4_reg.v:115$155.$result' from process `\ffn_tile.$proc$/Users/toprakgundogdu/qwen-ffn-rom/rtl/ffn_tile_16x16_b4_reg.v:115$802'.
No latch inferred for signal `\ffn_tile.\csd_mul4$func$/Users/toprakgundogdu/qwen-ffn-rom/rtl/ffn_tile_16x16_b4_reg.v:115$154.$result' from process `\ffn_tile.$proc$/Users/toprakgundogdu/qwen-ffn-rom/rtl/ffn_tile_16x16_b4_reg.v:115$796'.
No latch inferred for signal `\ffn_tile.\csd_mul4$func$/Users/toprakgundogdu/qwen-ffn-rom/rtl/ffn_tile_16x16_b4_reg.v:115$153.$result' from process `\ffn_tile.$proc$/Users/toprakgundogdu/qwen-ffn-rom/rtl/ffn_tile_16x16_b4_reg.v:115$790'.
No latch inferred for signal `\ffn_tile.\csd_mul4$func$/Users/toprakgundogdu/qwen-ffn-rom/rtl/ffn_tile_16x16_b4_reg.v:115$152.$result' from process `\ffn_tile.$proc$/Users/toprakgundogdu/qwen-ffn-rom/rtl/ffn_tile_16x16_b4_reg.v:115$782'.
No latch inferred for signal `\ffn_tile.\csd_mul4$func$/Users/toprakgundogdu/qwen-ffn-rom/rtl/ffn_tile_16x16_b4_reg.v:115$151.$result' from process `\ffn_tile.$proc$/Users/toprakgundogdu/qwen-ffn-rom/rtl/ffn_tile_16x16_b4_reg.v:115$775'.
No latch inferred for signal `\ffn_tile.\csd_mul4$func$/Users/toprakgundogdu/qwen-ffn-rom/rtl/ffn_tile_16x16_b4_reg.v:115$150.$result' from process `\ffn_tile.$proc$/Users/toprakgundogdu/qwen-ffn-rom/rtl/ffn_tile_16x16_b4_reg.v:115$767'.
No latch inferred for signal `\ffn_tile.\csd_mul4$func$/Users/toprakgundogdu/qwen-ffn-rom/rtl/ffn_tile_16x16_b4_reg.v:115$149.$result' from process `\ffn_tile.$proc$/Users/toprakgundogdu/qwen-ffn-rom/rtl/ffn_tile_16x16_b4_reg.v:115$761'.
No latch inferred for signal `\ffn_tile.\csd_mul4$func$/Users/toprakgundogdu/qwen-ffn-rom/rtl/ffn_tile_16x16_b4_reg.v:115$148.$result' from process `\ffn_tile.$proc$/Users/toprakgundogdu/qwen-ffn-rom/rtl/ffn_tile_16x16_b4_reg.v:115$753'.
No latch inferred for signal `\ffn_tile.\csd_mul4$func$/Users/toprakgundogdu/qwen-ffn-rom/rtl/ffn_tile_16x16_b4_reg.v:115$147.$result' from process `\ffn_tile.$proc$/Users/toprakgundogdu/qwen-ffn-rom/rtl/ffn_tile_16x16_b4_reg.v:115$747'.
No latch inferred for signal `\ffn_tile.\csd_mul4$func$/Users/toprakgundogdu/qwen-ffn-rom/rtl/ffn_tile_16x16_b4_reg.v:115$146.$result' from process `\ffn_tile.$proc$/Users/toprakgundogdu/qwen-ffn-rom/rtl/ffn_tile_16x16_b4_reg.v:115$738'.
No latch inferred for signal `\ffn_tile.\csd_mul4$func$/Users/toprakgundogdu/qwen-ffn-rom/rtl/ffn_tile_16x16_b4_reg.v:115$145.$result' from process `\ffn_tile.$proc$/Users/toprakgundogdu/qwen-ffn-rom/rtl/ffn_tile_16x16_b4_reg.v:115$732'.
No latch inferred for signal `\ffn_tile.\csd_mul4$func$/Users/toprakgundogdu/qwen-ffn-rom/rtl/ffn_tile_16x16_b4_reg.v:115$144.$result' from process `\ffn_tile.$proc$/Users/toprakgundogdu/qwen-ffn-rom/rtl/ffn_tile_16x16_b4_reg.v:115$726'.
No latch inferred for signal `\ffn_tile.\csd_mul4$func$/Users/toprakgundogdu/qwen-ffn-rom/rtl/ffn_tile_16x16_b4_reg.v:115$143.$result' from process `\ffn_tile.$proc$/Users/toprakgundogdu/qwen-ffn-rom/rtl/ffn_tile_16x16_b4_reg.v:115$720'.
No latch inferred for signal `\ffn_tile.\csd_mul4$func$/Users/toprakgundogdu/qwen-ffn-rom/rtl/ffn_tile_16x16_b4_reg.v:115$142.$result' from process `\ffn_tile.$proc$/Users/toprakgundogdu/qwen-ffn-rom/rtl/ffn_tile_16x16_b4_reg.v:115$714'.
No latch inferred for signal `\ffn_tile.\csd_mul4$func$/Users/toprakgundogdu/qwen-ffn-rom/rtl/ffn_tile_16x16_b4_reg.v:115$141.$result' from process `\ffn_tile.$proc$/Users/toprakgundogdu/qwen-ffn-rom/rtl/ffn_tile_16x16_b4_reg.v:115$708'.
No latch inferred for signal `\ffn_tile.\csd_mul4$func$/Users/toprakgundogdu/qwen-ffn-rom/rtl/ffn_tile_16x16_b4_reg.v:115$140.$result' from process `\ffn_tile.$proc$/Users/toprakgundogdu/qwen-ffn-rom/rtl/ffn_tile_16x16_b4_reg.v:115$702'.
No latch inferred for signal `\ffn_tile.\csd_mul4$func$/Users/toprakgundogdu/qwen-ffn-rom/rtl/ffn_tile_16x16_b4_reg.v:115$139.$result' from process `\ffn_tile.$proc$/Users/toprakgundogdu/qwen-ffn-rom/rtl/ffn_tile_16x16_b4_reg.v:115$696'.
No latch inferred for signal `\ffn_tile.\csd_mul4$func$/Users/toprakgundogdu/qwen-ffn-rom/rtl/ffn_tile_16x16_b4_reg.v:115$138.$result' from process `\ffn_tile.$proc$/Users/toprakgundogdu/qwen-ffn-rom/rtl/ffn_tile_16x16_b4_reg.v:115$690'.
No latch inferred for signal `\ffn_tile.\csd_mul4$func$/Users/toprakgundogdu/qwen-ffn-rom/rtl/ffn_tile_16x16_b4_reg.v:115$137.$result' from process `\ffn_tile.$proc$/Users/toprakgundogdu/qwen-ffn-rom/rtl/ffn_tile_16x16_b4_reg.v:115$684'.
No latch inferred for signal `\ffn_tile.\csd_mul4$func$/Users/toprakgundogdu/qwen-ffn-rom/rtl/ffn_tile_16x16_b4_reg.v:115$136.$result' from process `\ffn_tile.$proc$/Users/toprakgundogdu/qwen-ffn-rom/rtl/ffn_tile_16x16_b4_reg.v:115$677'.
No latch inferred for signal `\ffn_tile.\csd_mul4$func$/Users/toprakgundogdu/qwen-ffn-rom/rtl/ffn_tile_16x16_b4_reg.v:115$135.$result' from process `\ffn_tile.$proc$/Users/toprakgundogdu/qwen-ffn-rom/rtl/ffn_tile_16x16_b4_reg.v:115$669'.
No latch inferred for signal `\ffn_tile.\csd_mul4$func$/Users/toprakgundogdu/qwen-ffn-rom/rtl/ffn_tile_16x16_b4_reg.v:115$134.$result' from process `\ffn_tile.$proc$/Users/toprakgundogdu/qwen-ffn-rom/rtl/ffn_tile_16x16_b4_reg.v:115$663'.
No latch inferred for signal `\ffn_tile.\csd_mul4$func$/Users/toprakgundogdu/qwen-ffn-rom/rtl/ffn_tile_16x16_b4_reg.v:115$133.$result' from process `\ffn_tile.$proc$/Users/toprakgundogdu/qwen-ffn-rom/rtl/ffn_tile_16x16_b4_reg.v:115$657'.
No latch inferred for signal `\ffn_tile.\csd_mul4$func$/Users/toprakgundogdu/qwen-ffn-rom/rtl/ffn_tile_16x16_b4_reg.v:115$132.$result' from process `\ffn_tile.$proc$/Users/toprakgundogdu/qwen-ffn-rom/rtl/ffn_tile_16x16_b4_reg.v:115$649'.
No latch inferred for signal `\ffn_tile.\csd_mul4$func$/Users/toprakgundogdu/qwen-ffn-rom/rtl/ffn_tile_16x16_b4_reg.v:115$131.$result' from process `\ffn_tile.$proc$/Users/toprakgundogdu/qwen-ffn-rom/rtl/ffn_tile_16x16_b4_reg.v:115$643'.
No latch inferred for signal `$paramod$19610d36066bea265eccabe9a1b9eed43380701f\add_tree.\y' from process `$paramod$19610d36066bea265eccabe9a1b9eed43380701f\add_tree.$proc$/Users/toprakgundogdu/qwen-ffn-rom/rtl/ffn_tile_16x16_b4_reg.v:17$2769'.
No latch inferred for signal `$paramod$19610d36066bea265eccabe9a1b9eed43380701f\add_tree.\k' from process `$paramod$19610d36066bea265eccabe9a1b9eed43380701f\add_tree.$proc$/Users/toprakgundogdu/qwen-ffn-rom/rtl/ffn_tile_16x16_b4_reg.v:17$2769'.
No latch inferred for signal `$paramod$19610d36066bea265eccabe9a1b9eed43380701f\add_tree.\acc' from process `$paramod$19610d36066bea265eccabe9a1b9eed43380701f\add_tree.$proc$/Users/toprakgundogdu/qwen-ffn-rom/rtl/ffn_tile_16x16_b4_reg.v:17$2769'.

3.9. Executing PROC_DFF pass (convert process syncs to FFs).
Creating register for signal `\ffn_tile_reg.\y_flat' using process `\ffn_tile_reg.$proc$/Users/toprakgundogdu/qwen-ffn-rom/rtl/ffn_tile_16x16_b4_reg.v:139$2768'.
  created $dff cell `$procdff$2786' with positive edge clock.
Creating register for signal `\ffn_tile_reg.\x_q' using process `\ffn_tile_reg.$proc$/Users/toprakgundogdu/qwen-ffn-rom/rtl/ffn_tile_16x16_b4_reg.v:139$2768'.
  created $dff cell `$procdff$2787' with positive edge clock.

3.10. Executing PROC_MEMWR pass (convert process memory writes to cells).

3.11. Executing PROC_CLEAN pass (remove empty switches from decision trees).
Removing empty process `ffn_tile_reg.$proc$/Users/toprakgundogdu/qwen-ffn-rom/rtl/ffn_tile_16x16_b4_reg.v:139$2768'.
Removing empty process `ffn_tile.$proc$/Users/toprakgundogdu/qwen-ffn-rom/rtl/ffn_tile_16x16_b4_reg.v:116$2767'.
Removing empty process `ffn_tile.$proc$/Users/toprakgundogdu/qwen-ffn-rom/rtl/ffn_tile_16x16_b4_reg.v:116$2766'.
Removing empty process `ffn_tile.$proc$/Users/toprakgundogdu/qwen-ffn-rom/rtl/ffn_tile_16x16_b4_reg.v:116$2765'.
Removing empty process `ffn_tile.$proc$/Users/toprakgundogdu/qwen-ffn-rom/rtl/ffn_tile_16x16_b4_reg.v:116$2764'.
Removing empty process `ffn_tile.$proc$/Users/toprakgundogdu/qwen-ffn-rom/rtl/ffn_tile_16x16_b4_reg.v:116$2763'.
Removing empty process `ffn_tile.$proc$/Users/toprakgundogdu/qwen-ffn-rom/rtl/ffn_tile_16x16_b4_reg.v:116$2762'.
Removing empty process `ffn_tile.$proc$/Users/toprakgundogdu/qwen-ffn-rom/rtl/ffn_tile_16x16_b4_reg.v:116$2761'.
Removing empty process `ffn_tile.$proc$/Users/toprakgundogdu/qwen-ffn-rom/rtl/ffn_tile_16x16_b4_reg.v:116$2760'.
Removing empty process `ffn_tile.$proc$/Users/toprakgundogdu/qwen-ffn-rom/rtl/ffn_tile_16x16_b4_reg.v:116$2759'.
Removing empty process `ffn_tile.$proc$/Users/toprakgundogdu/qwen-ffn-rom/rtl/ffn_tile_16x16_b4_reg.v:116$2758'.
Removing empty process `ffn_tile.$proc$/Users/toprakgundogdu/qwen-ffn-rom/rtl/ffn_tile_16x16_b4_reg.v:116$2757'.
Removing empty process `ffn_tile.$proc$/Users/toprakgundogdu/qwen-ffn-rom/rtl/ffn_tile_16x16_b4_reg.v:116$2756'.
Removing empty process `ffn_tile.$proc$/Users/toprakgundogdu/qwen-ffn-rom/rtl/ffn_tile_16x16_b4_reg.v:116$2755'.
Removing empty process `ffn_tile.$proc$/Users/toprakgundogdu/qwen-ffn-rom/rtl/ffn_tile_16x16_b4_reg.v:116$2754'.
Removing empty process `ffn_tile.$proc$/Users/toprakgundogdu/qwen-ffn-rom/rtl/ffn_tile_16x16_b4_reg.v:116$2753'.
Removing empty process `ffn_tile.$proc$/Users/toprakgundogdu/qwen-ffn-rom/rtl/ffn_tile_16x16_b4_reg.v:116$2752'.
Removing empty process `ffn_tile.$proc$/Users/toprakgundogdu/qwen-ffn-rom/rtl/ffn_tile_16x16_b4_reg.v:116$2751'.
Removing empty process `ffn_tile.$proc$/Users/toprakgundogdu/qwen-ffn-rom/rtl/ffn_tile_16x16_b4_reg.v:116$2750'.
Removing empty process `ffn_tile.$proc$/Users/toprakgundogdu/qwen-ffn-rom/rtl/ffn_tile_16x16_b4_reg.v:116$2749'.
Removing empty process `ffn_tile.$proc$/Users/toprakgundogdu/qwen-ffn-rom/rtl/ffn_tile_16x16_b4_reg.v:116$2748'.
Removing empty process `ffn_tile.$proc$/Users/toprakgundogdu/qwen-ffn-rom/rtl/ffn_tile_16x16_b4_reg.v:116$2747'.
Removing empty process `ffn_tile.$proc$/Users/toprakgundogdu/qwen-ffn-rom/rtl/ffn_tile_16x16_b4_reg.v:116$2746'.
Removing empty process `ffn_tile.$proc$/Users/toprakgundogdu/qwen-ffn-rom/rtl/ffn_tile_16x16_b4_reg.v:116$2745'.
Removing empty process `ffn_tile.$proc$/Users/toprakgundogdu/qwen-ffn-rom/rtl/ffn_tile_16x16_b4_reg.v:116$2744'.
Removing empty process `ffn_tile.$proc$/Users/toprakgundogdu/qwen-ffn-rom/rtl/ffn_tile_16x16_b4_reg.v:116$2743'.
Removing empty process `ffn_tile.$proc$/Users/toprakgundogdu/qwen-ffn-rom/rtl/ffn_tile_16x16_b4_reg.v:116$2742'.
Removing empty process `ffn_tile.$proc$/Users/toprakgundogdu/qwen-ffn-rom/rtl/ffn_tile_16x16_b4_reg.v:116$2741'.
Removing empty process `ffn_tile.$proc$/Users/toprakgundogdu/qwen-ffn-rom/rtl/ffn_tile_16x16_b4_reg.v:116$2740'.
Removing empty process `ffn_tile.$proc$/Users/toprakgundogdu/qwen-ffn-rom/rtl/ffn_tile_16x16_b4_reg.v:116$2739'.
Removing empty process `ffn_tile.$proc$/Users/toprakgundogdu/qwen-ffn-rom/rtl/ffn_tile_16x16_b4_reg.v:116$2738'.
Removing empty process `ffn_tile.$proc$/Users/toprakgundogdu/qwen-ffn-rom/rtl/ffn_tile_16x16_b4_reg.v:116$2737'.
Removing empty process `ffn_tile.$proc$/Users/toprakgundogdu/qwen-ffn-rom/rtl/ffn_tile_16x16_b4_reg.v:116$2736'.
Removing empty process `ffn_tile.$proc$/Users/toprakgundogdu/qwen-ffn-rom/rtl/ffn_tile_16x16_b4_reg.v:116$2735'.
Removing empty process `ffn_tile.$proc$/Users/toprakgundogdu/qwen-ffn-rom/rtl/ffn_tile_16x16_b4_reg.v:116$2734'.
Removing empty process `ffn_tile.$proc$/Users/toprakgundogdu/qwen-ffn-rom/rtl/ffn_tile_16x16_b4_reg.v:116$2733'.
Removing empty process `ffn_tile.$proc$/Users/toprakgundogdu/qwen-ffn-rom/rtl/ffn_tile_16x16_b4_reg.v:116$2732'.
Removing empty process `ffn_tile.$proc$/Users/toprakgundogdu/qwen-ffn-rom/rtl/ffn_tile_16x16_b4_reg.v:116$2731'.
Removing empty process `ffn_tile.$proc$/Users/toprakgundogdu/qwen-ffn-rom/rtl/ffn_tile_16x16_b4_reg.v:116$2730'.
Removing empty process `ffn_tile.$proc$/Users/toprakgundogdu/qwen-ffn-rom/rtl/ffn_tile_16x16_b4_reg.v:116$2729'.
Removing empty process `ffn_tile.$proc$/Users/toprakgundogdu/qwen-ffn-rom/rtl/ffn_tile_16x16_b4_reg.v:116$2728'.
Removing empty process `ffn_tile.$proc$/Users/toprakgundogdu/qwen-ffn-rom/rtl/ffn_tile_16x16_b4_reg.v:116$2727'.
Removing empty process `ffn_tile.$proc$/Users/toprakgundogdu/qwen-ffn-rom/rtl/ffn_tile_16x16_b4_reg.v:116$2726'.
Removing empty process `ffn_tile.$proc$/Users/toprakgundogdu/qwen-ffn-rom/rtl/ffn_tile_16x16_b4_reg.v:116$2725'.
Removing empty process `ffn_tile.$proc$/Users/toprakgundogdu/qwen-ffn-rom/rtl/ffn_tile_16x16_b4_reg.v:116$2724'.
Removing empty process `ffn_tile.$proc$/Users/toprakgundogdu/qwen-ffn-rom/rtl/ffn_tile_16x16_b4_reg.v:116$2723'.
Removing empty process `ffn_tile.$proc$/Users/toprakgundogdu/qwen-ffn-rom/rtl/ffn_tile_16x16_b4_reg.v:116$2722'.
Removing empty process `ffn_tile.$proc$/Users/toprakgundogdu/qwen-ffn-rom/rtl/ffn_tile_16x16_b4_reg.v:116$2721'.
Removing empty process `ffn_tile.$proc$/Users/toprakgundogdu/qwen-ffn-rom/rtl/ffn_tile_16x16_b4_reg.v:116$2720'.
Removing empty process `ffn_tile.$proc$/Users/toprakgundogdu/qwen-ffn-rom/rtl/ffn_tile_16x16_b4_reg.v:116$2719'.
Removing empty process `ffn_tile.$proc$/Users/toprakgundogdu/qwen-ffn-rom/rtl/ffn_tile_16x16_b4_reg.v:116$2718'.
Removing empty process `ffn_tile.$proc$/Users/toprakgundogdu/qwen-ffn-rom/rtl/ffn_tile_16x16_b4_reg.v:116$2717'.
Removing empty process `ffn_tile.$proc$/Users/toprakgundogdu/qwen-ffn-rom/rtl/ffn_tile_16x16_b4_reg.v:116$2716'.
Removing empty process `ffn_tile.$proc$/Users/toprakgundogdu/qwen-ffn-rom/rtl/ffn_tile_16x16_b4_reg.v:116$2715'.
Removing empty process `ffn_tile.$proc$/Users/toprakgundogdu/qwen-ffn-rom/rtl/ffn_tile_16x16_b4_reg.v:116$2714'.
Removing empty process `ffn_tile.$proc$/Users/toprakgundogdu/qwen-ffn-rom/rtl/ffn_tile_16x16_b4_reg.v:116$2713'.
Removing empty process `ffn_tile.$proc$/Users/toprakgundogdu/qwen-ffn-rom/rtl/ffn_tile_16x16_b4_reg.v:116$2712'.
Removing empty process `ffn_tile.$proc$/Users/toprakgundogdu/qwen-ffn-rom/rtl/ffn_tile_16x16_b4_reg.v:116$2711'.
Removing empty process `ffn_tile.$proc$/Users/toprakgundogdu/qwen-ffn-rom/rtl/ffn_tile_16x16_b4_reg.v:116$2710'.
Removing empty process `ffn_tile.$proc$/Users/toprakgundogdu/qwen-ffn-rom/rtl/ffn_tile_16x16_b4_reg.v:116$2709'.
Removing empty process `ffn_tile.$proc$/Users/toprakgundogdu/qwen-ffn-rom/rtl/ffn_tile_16x16_b4_reg.v:116$2708'.
Removing empty process `ffn_tile.$proc$/Users/toprakgundogdu/qwen-ffn-rom/rtl/ffn_tile_16x16_b4_reg.v:116$2707'.
Removing empty process `ffn_tile.$proc$/Users/toprakgundogdu/qwen-ffn-rom/rtl/ffn_tile_16x16_b4_reg.v:116$2706'.
Removing empty process `ffn_tile.$proc$/Users/toprakgundogdu/qwen-ffn-rom/rtl/ffn_tile_16x16_b4_reg.v:116$2705'.
Removing empty process `ffn_tile.$proc$/Users/toprakgundogdu/qwen-ffn-rom/rtl/ffn_tile_16x16_b4_reg.v:116$2704'.
Removing empty process `ffn_tile.$proc$/Users/toprakgundogdu/qwen-ffn-rom/rtl/ffn_tile_16x16_b4_reg.v:116$2703'.
Removing empty process `ffn_tile.$proc$/Users/toprakgundogdu/qwen-ffn-rom/rtl/ffn_tile_16x16_b4_reg.v:116$2702'.
Removing empty process `ffn_tile.$proc$/Users/toprakgundogdu/qwen-ffn-rom/rtl/ffn_tile_16x16_b4_reg.v:116$2701'.
Removing empty process `ffn_tile.$proc$/Users/toprakgundogdu/qwen-ffn-rom/rtl/ffn_tile_16x16_b4_reg.v:116$2700'.
Removing empty process `ffn_tile.$proc$/Users/toprakgundogdu/qwen-ffn-rom/rtl/ffn_tile_16x16_b4_reg.v:116$2699'.
Removing empty process `ffn_tile.$proc$/Users/toprakgundogdu/qwen-ffn-rom/rtl/ffn_tile_16x16_b4_reg.v:116$2698'.
Removing empty process `ffn_tile.$proc$/Users/toprakgundogdu/qwen-ffn-rom/rtl/ffn_tile_16x16_b4_reg.v:116$2697'.
Removing empty process `ffn_tile.$proc$/Users/toprakgundogdu/qwen-ffn-rom/rtl/ffn_tile_16x16_b4_reg.v:116$2696'.
Removing empty process `ffn_tile.$proc$/Users/toprakgundogdu/qwen-ffn-rom/rtl/ffn_tile_16x16_b4_reg.v:116$2695'.
Removing empty process `ffn_tile.$proc$/Users/toprakgundogdu/qwen-ffn-rom/rtl/ffn_tile_16x16_b4_reg.v:116$2694'.
Removing empty process `ffn_tile.$proc$/Users/toprakgundogdu/qwen-ffn-rom/rtl/ffn_tile_16x16_b4_reg.v:116$2693'.
Removing empty process `ffn_tile.$proc$/Users/toprakgundogdu/qwen-ffn-rom/rtl/ffn_tile_16x16_b4_reg.v:116$2692'.
Removing empty process `ffn_tile.$proc$/Users/toprakgundogdu/qwen-ffn-rom/rtl/ffn_tile_16x16_b4_reg.v:116$2691'.
Removing empty process `ffn_tile.$proc$/Users/toprakgundogdu/qwen-ffn-rom/rtl/ffn_tile_16x16_b4_reg.v:116$2690'.
Removing empty process `ffn_tile.$proc$/Users/toprakgundogdu/qwen-ffn-rom/rtl/ffn_tile_16x16_b4_reg.v:116$2689'.
Removing empty process `ffn_tile.$proc$/Users/toprakgundogdu/qwen-ffn-rom/rtl/ffn_tile_16x16_b4_reg.v:116$2688'.
Removing empty process `ffn_tile.$proc$/Users/toprakgundogdu/qwen-ffn-rom/rtl/ffn_tile_16x16_b4_reg.v:116$2687'.
Removing empty process `ffn_tile.$proc$/Users/toprakgundogdu/qwen-ffn-rom/rtl/ffn_tile_16x16_b4_reg.v:116$2686'.
Removing empty process `ffn_tile.$proc$/Users/toprakgundogdu/qwen-ffn-rom/rtl/ffn_tile_16x16_b4_reg.v:116$2685'.
Removing empty process `ffn_tile.$proc$/Users/toprakgundogdu/qwen-ffn-rom/rtl/ffn_tile_16x16_b4_reg.v:116$2684'.
Removing empty process `ffn_tile.$proc$/Users/toprakgundogdu/qwen-ffn-rom/rtl/ffn_tile_16x16_b4_reg.v:116$2683'.
Removing empty process `ffn_tile.$proc$/Users/toprakgundogdu/qwen-ffn-rom/rtl/ffn_tile_16x16_b4_reg.v:116$2682'.
Removing empty process `ffn_tile.$proc$/Users/toprakgundogdu/qwen-ffn-rom/rtl/ffn_tile_16x16_b4_reg.v:116$2681'.
Removing empty process `ffn_tile.$proc$/Users/toprakgundogdu/qwen-ffn-rom/rtl/ffn_tile_16x16_b4_reg.v:116$2680'.
Removing empty process `ffn_tile.$proc$/Users/toprakgundogdu/qwen-ffn-rom/rtl/ffn_tile_16x16_b4_reg.v:116$2679'.
Removing empty process `ffn_tile.$proc$/Users/toprakgundogdu/qwen-ffn-rom/rtl/ffn_tile_16x16_b4_reg.v:116$2678'.
Removing empty process `ffn_tile.$proc$/Users/toprakgundogdu/qwen-ffn-rom/rtl/ffn_tile_16x16_b4_reg.v:116$2677'.
Removing empty process `ffn_tile.$proc$/Users/toprakgundogdu/qwen-ffn-rom/rtl/ffn_tile_16x16_b4_reg.v:116$2676'.
Removing empty process `ffn_tile.$proc$/Users/toprakgundogdu/qwen-ffn-rom/rtl/ffn_tile_16x16_b4_reg.v:116$2675'.
Removing empty process `ffn_tile.$proc$/Users/toprakgundogdu/qwen-ffn-rom/rtl/ffn_tile_16x16_b4_reg.v:116$2674'.
Removing empty process `ffn_tile.$proc$/Users/toprakgundogdu/qwen-ffn-rom/rtl/ffn_tile_16x16_b4_reg.v:116$2673'.
Removing empty process `ffn_tile.$proc$/Users/toprakgundogdu/qwen-ffn-rom/rtl/ffn_tile_16x16_b4_reg.v:116$2672'.
Removing empty process `ffn_tile.$proc$/Users/toprakgundogdu/qwen-ffn-rom/rtl/ffn_tile_16x16_b4_reg.v:116$2671'.
Removing empty process `ffn_tile.$proc$/Users/toprakgundogdu/qwen-ffn-rom/rtl/ffn_tile_16x16_b4_reg.v:116$2670'.
Removing empty process `ffn_tile.$proc$/Users/toprakgundogdu/qwen-ffn-rom/rtl/ffn_tile_16x16_b4_reg.v:116$2669'.
Removing empty process `ffn_tile.$proc$/Users/toprakgundogdu/qwen-ffn-rom/rtl/ffn_tile_16x16_b4_reg.v:116$2668'.
Removing empty process `ffn_tile.$proc$/Users/toprakgundogdu/qwen-ffn-rom/rtl/ffn_tile_16x16_b4_reg.v:116$2667'.
Removing empty process `ffn_tile.$proc$/Users/toprakgundogdu/qwen-ffn-rom/rtl/ffn_tile_16x16_b4_reg.v:116$2666'.
Removing empty process `ffn_tile.$proc$/Users/toprakgundogdu/qwen-ffn-rom/rtl/ffn_tile_16x16_b4_reg.v:116$2665'.
Removing empty process `ffn_tile.$proc$/Users/toprakgundogdu/qwen-ffn-rom/rtl/ffn_tile_16x16_b4_reg.v:116$2664'.
Removing empty process `ffn_tile.$proc$/Users/toprakgundogdu/qwen-ffn-rom/rtl/ffn_tile_16x16_b4_reg.v:116$2663'.
Removing empty process `ffn_tile.$proc$/Users/toprakgundogdu/qwen-ffn-rom/rtl/ffn_tile_16x16_b4_reg.v:116$2662'.
Removing empty process `ffn_tile.$proc$/Users/toprakgundogdu/qwen-ffn-rom/rtl/ffn_tile_16x16_b4_reg.v:116$2661'.
Removing empty process `ffn_tile.$proc$/Users/toprakgundogdu/qwen-ffn-rom/rtl/ffn_tile_16x16_b4_reg.v:116$2660'.
Removing empty process `ffn_tile.$proc$/Users/toprakgundogdu/qwen-ffn-rom/rtl/ffn_tile_16x16_b4_reg.v:116$2659'.
Removing empty process `ffn_tile.$proc$/Users/toprakgundogdu/qwen-ffn-rom/rtl/ffn_tile_16x16_b4_reg.v:116$2658'.
Removing empty process `ffn_tile.$proc$/Users/toprakgundogdu/qwen-ffn-rom/rtl/ffn_tile_16x16_b4_reg.v:116$2657'.
Removing empty process `ffn_tile.$proc$/Users/toprakgundogdu/qwen-ffn-rom/rtl/ffn_tile_16x16_b4_reg.v:116$2656'.
Removing empty process `ffn_tile.$proc$/Users/toprakgundogdu/qwen-ffn-rom/rtl/ffn_tile_16x16_b4_reg.v:116$2655'.
Removing empty process `ffn_tile.$proc$/Users/toprakgundogdu/qwen-ffn-rom/rtl/ffn_tile_16x16_b4_reg.v:116$2654'.
Removing empty process `ffn_tile.$proc$/Users/toprakgundogdu/qwen-ffn-rom/rtl/ffn_tile_16x16_b4_reg.v:116$2653'.
Removing empty process `ffn_tile.$proc$/Users/toprakgundogdu/qwen-ffn-rom/rtl/ffn_tile_16x16_b4_reg.v:116$2652'.
Removing empty process `ffn_tile.$proc$/Users/toprakgundogdu/qwen-ffn-rom/rtl/ffn_tile_16x16_b4_reg.v:116$2651'.
Removing empty process `ffn_tile.$proc$/Users/toprakgundogdu/qwen-ffn-rom/rtl/ffn_tile_16x16_b4_reg.v:116$2650'.
Removing empty process `ffn_tile.$proc$/Users/toprakgundogdu/qwen-ffn-rom/rtl/ffn_tile_16x16_b4_reg.v:116$2649'.
Removing empty process `ffn_tile.$proc$/Users/toprakgundogdu/qwen-ffn-rom/rtl/ffn_tile_16x16_b4_reg.v:116$2648'.
Removing empty process `ffn_tile.$proc$/Users/toprakgundogdu/qwen-ffn-rom/rtl/ffn_tile_16x16_b4_reg.v:116$2647'.
Removing empty process `ffn_tile.$proc$/Users/toprakgundogdu/qwen-ffn-rom/rtl/ffn_tile_16x16_b4_reg.v:116$2646'.
Removing empty process `ffn_tile.$proc$/Users/toprakgundogdu/qwen-ffn-rom/rtl/ffn_tile_16x16_b4_reg.v:116$2645'.
Removing empty process `ffn_tile.$proc$/Users/toprakgundogdu/qwen-ffn-rom/rtl/ffn_tile_16x16_b4_reg.v:116$2644'.
Removing empty process `ffn_tile.$proc$/Users/toprakgundogdu/qwen-ffn-rom/rtl/ffn_tile_16x16_b4_reg.v:116$2643'.
Removing empty process `ffn_tile.$proc$/Users/toprakgundogdu/qwen-ffn-rom/rtl/ffn_tile_16x16_b4_reg.v:116$2642'.
Removing empty process `ffn_tile.$proc$/Users/toprakgundogdu/qwen-ffn-rom/rtl/ffn_tile_16x16_b4_reg.v:116$2641'.
Removing empty process `ffn_tile.$proc$/Users/toprakgundogdu/qwen-ffn-rom/rtl/ffn_tile_16x16_b4_reg.v:116$2640'.
Removing empty process `ffn_tile.$proc$/Users/toprakgundogdu/qwen-ffn-rom/rtl/ffn_tile_16x16_b4_reg.v:116$2639'.
Removing empty process `ffn_tile.$proc$/Users/toprakgundogdu/qwen-ffn-rom/rtl/ffn_tile_16x16_b4_reg.v:116$2638'.
Removing empty process `ffn_tile.$proc$/Users/toprakgundogdu/qwen-ffn-rom/rtl/ffn_tile_16x16_b4_reg.v:116$2637'.
Removing empty process `ffn_tile.$proc$/Users/toprakgundogdu/qwen-ffn-rom/rtl/ffn_tile_16x16_b4_reg.v:116$2636'.
Removing empty process `ffn_tile.$proc$/Users/toprakgundogdu/qwen-ffn-rom/rtl/ffn_tile_16x16_b4_reg.v:116$2635'.
Removing empty process `ffn_tile.$proc$/Users/toprakgundogdu/qwen-ffn-rom/rtl/ffn_tile_16x16_b4_reg.v:116$2634'.
Removing empty process `ffn_tile.$proc$/Users/toprakgundogdu/qwen-ffn-rom/rtl/ffn_tile_16x16_b4_reg.v:116$2633'.
Removing empty process `ffn_tile.$proc$/Users/toprakgundogdu/qwen-ffn-rom/rtl/ffn_tile_16x16_b4_reg.v:116$2632'.
Removing empty process `ffn_tile.$proc$/Users/toprakgundogdu/qwen-ffn-rom/rtl/ffn_tile_16x16_b4_reg.v:116$2631'.
Removing empty process `ffn_tile.$proc$/Users/toprakgundogdu/qwen-ffn-rom/rtl/ffn_tile_16x16_b4_reg.v:116$2630'.
Removing empty process `ffn_tile.$proc$/Users/toprakgundogdu/qwen-ffn-rom/rtl/ffn_tile_16x16_b4_reg.v:116$2629'.
Removing empty process `ffn_tile.$proc$/Users/toprakgundogdu/qwen-ffn-rom/rtl/ffn_tile_16x16_b4_reg.v:116$2628'.
Removing empty process `ffn_tile.$proc$/Users/toprakgundogdu/qwen-ffn-rom/rtl/ffn_tile_16x16_b4_reg.v:116$2627'.
Removing empty process `ffn_tile.$proc$/Users/toprakgundogdu/qwen-ffn-rom/rtl/ffn_tile_16x16_b4_reg.v:116$2626'.
Removing empty process `ffn_tile.$proc$/Users/toprakgundogdu/qwen-ffn-rom/rtl/ffn_tile_16x16_b4_reg.v:116$2625'.
Removing empty process `ffn_tile.$proc$/Users/toprakgundogdu/qwen-ffn-rom/rtl/ffn_tile_16x16_b4_reg.v:116$2624'.
Removing empty process `ffn_tile.$proc$/Users/toprakgundogdu/qwen-ffn-rom/rtl/ffn_tile_16x16_b4_reg.v:116$2623'.
Removing empty process `ffn_tile.$proc$/Users/toprakgundogdu/qwen-ffn-rom/rtl/ffn_tile_16x16_b4_reg.v:116$2622'.
Removing empty process `ffn_tile.$proc$/Users/toprakgundogdu/qwen-ffn-rom/rtl/ffn_tile_16x16_b4_reg.v:116$2621'.
Removing empty process `ffn_tile.$proc$/Users/toprakgundogdu/qwen-ffn-rom/rtl/ffn_tile_16x16_b4_reg.v:116$2620'.
Removing empty process `ffn_tile.$proc$/Users/toprakgundogdu/qwen-ffn-rom/rtl/ffn_tile_16x16_b4_reg.v:116$2619'.
Removing empty process `ffn_tile.$proc$/Users/toprakgundogdu/qwen-ffn-rom/rtl/ffn_tile_16x16_b4_reg.v:116$2618'.
Removing empty process `ffn_tile.$proc$/Users/toprakgundogdu/qwen-ffn-rom/rtl/ffn_tile_16x16_b4_reg.v:116$2617'.
Removing empty process `ffn_tile.$proc$/Users/toprakgundogdu/qwen-ffn-rom/rtl/ffn_tile_16x16_b4_reg.v:116$2616'.
Removing empty process `ffn_tile.$proc$/Users/toprakgundogdu/qwen-ffn-rom/rtl/ffn_tile_16x16_b4_reg.v:116$2615'.
Removing empty process `ffn_tile.$proc$/Users/toprakgundogdu/qwen-ffn-rom/rtl/ffn_tile_16x16_b4_reg.v:116$2614'.
Removing empty process `ffn_tile.$proc$/Users/toprakgundogdu/qwen-ffn-rom/rtl/ffn_tile_16x16_b4_reg.v:116$2613'.
Removing empty process `ffn_tile.$proc$/Users/toprakgundogdu/qwen-ffn-rom/rtl/ffn_tile_16x16_b4_reg.v:116$2612'.
Removing empty process `ffn_tile.$proc$/Users/toprakgundogdu/qwen-ffn-rom/rtl/ffn_tile_16x16_b4_reg.v:116$2611'.
Removing empty process `ffn_tile.$proc$/Users/toprakgundogdu/qwen-ffn-rom/rtl/ffn_tile_16x16_b4_reg.v:116$2610'.
Removing empty process `ffn_tile.$proc$/Users/toprakgundogdu/qwen-ffn-rom/rtl/ffn_tile_16x16_b4_reg.v:116$2609'.
Removing empty process `ffn_tile.$proc$/Users/toprakgundogdu/qwen-ffn-rom/rtl/ffn_tile_16x16_b4_reg.v:116$2608'.
Removing empty process `ffn_tile.$proc$/Users/toprakgundogdu/qwen-ffn-rom/rtl/ffn_tile_16x16_b4_reg.v:116$2607'.
Removing empty process `ffn_tile.$proc$/Users/toprakgundogdu/qwen-ffn-rom/rtl/ffn_tile_16x16_b4_reg.v:116$2606'.
Removing empty process `ffn_tile.$proc$/Users/toprakgundogdu/qwen-ffn-rom/rtl/ffn_tile_16x16_b4_reg.v:116$2605'.
Removing empty process `ffn_tile.$proc$/Users/toprakgundogdu/qwen-ffn-rom/rtl/ffn_tile_16x16_b4_reg.v:116$2604'.
Removing empty process `ffn_tile.$proc$/Users/toprakgundogdu/qwen-ffn-rom/rtl/ffn_tile_16x16_b4_reg.v:116$2603'.
Removing empty process `ffn_tile.$proc$/Users/toprakgundogdu/qwen-ffn-rom/rtl/ffn_tile_16x16_b4_reg.v:116$2602'.
Removing empty process `ffn_tile.$proc$/Users/toprakgundogdu/qwen-ffn-rom/rtl/ffn_tile_16x16_b4_reg.v:116$2601'.
Removing empty process `ffn_tile.$proc$/Users/toprakgundogdu/qwen-ffn-rom/rtl/ffn_tile_16x16_b4_reg.v:116$2600'.
Removing empty process `ffn_tile.$proc$/Users/toprakgundogdu/qwen-ffn-rom/rtl/ffn_tile_16x16_b4_reg.v:116$2599'.
Removing empty process `ffn_tile.$proc$/Users/toprakgundogdu/qwen-ffn-rom/rtl/ffn_tile_16x16_b4_reg.v:116$2598'.
Removing empty process `ffn_tile.$proc$/Users/toprakgundogdu/qwen-ffn-rom/rtl/ffn_tile_16x16_b4_reg.v:116$2597'.
Removing empty process `ffn_tile.$proc$/Users/toprakgundogdu/qwen-ffn-rom/rtl/ffn_tile_16x16_b4_reg.v:116$2596'.
Removing empty process `ffn_tile.$proc$/Users/toprakgundogdu/qwen-ffn-rom/rtl/ffn_tile_16x16_b4_reg.v:116$2595'.
Removing empty process `ffn_tile.$proc$/Users/toprakgundogdu/qwen-ffn-rom/rtl/ffn_tile_16x16_b4_reg.v:116$2594'.
Removing empty process `ffn_tile.$proc$/Users/toprakgundogdu/qwen-ffn-rom/rtl/ffn_tile_16x16_b4_reg.v:116$2593'.
Removing empty process `ffn_tile.$proc$/Users/toprakgundogdu/qwen-ffn-rom/rtl/ffn_tile_16x16_b4_reg.v:116$2592'.
Removing empty process `ffn_tile.$proc$/Users/toprakgundogdu/qwen-ffn-rom/rtl/ffn_tile_16x16_b4_reg.v:116$2591'.
Removing empty process `ffn_tile.$proc$/Users/toprakgundogdu/qwen-ffn-rom/rtl/ffn_tile_16x16_b4_reg.v:116$2590'.
Removing empty process `ffn_tile.$proc$/Users/toprakgundogdu/qwen-ffn-rom/rtl/ffn_tile_16x16_b4_reg.v:116$2589'.
Removing empty process `ffn_tile.$proc$/Users/toprakgundogdu/qwen-ffn-rom/rtl/ffn_tile_16x16_b4_reg.v:116$2588'.
Removing empty process `ffn_tile.$proc$/Users/toprakgundogdu/qwen-ffn-rom/rtl/ffn_tile_16x16_b4_reg.v:116$2587'.
Removing empty process `ffn_tile.$proc$/Users/toprakgundogdu/qwen-ffn-rom/rtl/ffn_tile_16x16_b4_reg.v:116$2586'.
Removing empty process `ffn_tile.$proc$/Users/toprakgundogdu/qwen-ffn-rom/rtl/ffn_tile_16x16_b4_reg.v:116$2585'.
Removing empty process `ffn_tile.$proc$/Users/toprakgundogdu/qwen-ffn-rom/rtl/ffn_tile_16x16_b4_reg.v:116$2584'.
Removing empty process `ffn_tile.$proc$/Users/toprakgundogdu/qwen-ffn-rom/rtl/ffn_tile_16x16_b4_reg.v:116$2583'.
Removing empty process `ffn_tile.$proc$/Users/toprakgundogdu/qwen-ffn-rom/rtl/ffn_tile_16x16_b4_reg.v:116$2582'.
Removing empty process `ffn_tile.$proc$/Users/toprakgundogdu/qwen-ffn-rom/rtl/ffn_tile_16x16_b4_reg.v:116$2581'.
Removing empty process `ffn_tile.$proc$/Users/toprakgundogdu/qwen-ffn-rom/rtl/ffn_tile_16x16_b4_reg.v:116$2580'.
Removing empty process `ffn_tile.$proc$/Users/toprakgundogdu/qwen-ffn-rom/rtl/ffn_tile_16x16_b4_reg.v:116$2579'.
Removing empty process `ffn_tile.$proc$/Users/toprakgundogdu/qwen-ffn-rom/rtl/ffn_tile_16x16_b4_reg.v:116$2578'.
Removing empty process `ffn_tile.$proc$/Users/toprakgundogdu/qwen-ffn-rom/rtl/ffn_tile_16x16_b4_reg.v:116$2577'.
Removing empty process `ffn_tile.$proc$/Users/toprakgundogdu/qwen-ffn-rom/rtl/ffn_tile_16x16_b4_reg.v:116$2576'.
Removing empty process `ffn_tile.$proc$/Users/toprakgundogdu/qwen-ffn-rom/rtl/ffn_tile_16x16_b4_reg.v:116$2575'.
Removing empty process `ffn_tile.$proc$/Users/toprakgundogdu/qwen-ffn-rom/rtl/ffn_tile_16x16_b4_reg.v:116$2574'.
Removing empty process `ffn_tile.$proc$/Users/toprakgundogdu/qwen-ffn-rom/rtl/ffn_tile_16x16_b4_reg.v:116$2573'.
Removing empty process `ffn_tile.$proc$/Users/toprakgundogdu/qwen-ffn-rom/rtl/ffn_tile_16x16_b4_reg.v:116$2572'.
Removing empty process `ffn_tile.$proc$/Users/toprakgundogdu/qwen-ffn-rom/rtl/ffn_tile_16x16_b4_reg.v:116$2571'.
Removing empty process `ffn_tile.$proc$/Users/toprakgundogdu/qwen-ffn-rom/rtl/ffn_tile_16x16_b4_reg.v:116$2570'.
Removing empty process `ffn_tile.$proc$/Users/toprakgundogdu/qwen-ffn-rom/rtl/ffn_tile_16x16_b4_reg.v:116$2569'.
Removing empty process `ffn_tile.$proc$/Users/toprakgundogdu/qwen-ffn-rom/rtl/ffn_tile_16x16_b4_reg.v:116$2568'.
Removing empty process `ffn_tile.$proc$/Users/toprakgundogdu/qwen-ffn-rom/rtl/ffn_tile_16x16_b4_reg.v:116$2567'.
Removing empty process `ffn_tile.$proc$/Users/toprakgundogdu/qwen-ffn-rom/rtl/ffn_tile_16x16_b4_reg.v:116$2566'.
Removing empty process `ffn_tile.$proc$/Users/toprakgundogdu/qwen-ffn-rom/rtl/ffn_tile_16x16_b4_reg.v:116$2565'.
Removing empty process `ffn_tile.$proc$/Users/toprakgundogdu/qwen-ffn-rom/rtl/ffn_tile_16x16_b4_reg.v:116$2564'.
Removing empty process `ffn_tile.$proc$/Users/toprakgundogdu/qwen-ffn-rom/rtl/ffn_tile_16x16_b4_reg.v:116$2563'.
Removing empty process `ffn_tile.$proc$/Users/toprakgundogdu/qwen-ffn-rom/rtl/ffn_tile_16x16_b4_reg.v:116$2562'.
Removing empty process `ffn_tile.$proc$/Users/toprakgundogdu/qwen-ffn-rom/rtl/ffn_tile_16x16_b4_reg.v:116$2561'.
Removing empty process `ffn_tile.$proc$/Users/toprakgundogdu/qwen-ffn-rom/rtl/ffn_tile_16x16_b4_reg.v:116$2560'.
Removing empty process `ffn_tile.$proc$/Users/toprakgundogdu/qwen-ffn-rom/rtl/ffn_tile_16x16_b4_reg.v:116$2559'.
Removing empty process `ffn_tile.$proc$/Users/toprakgundogdu/qwen-ffn-rom/rtl/ffn_tile_16x16_b4_reg.v:116$2558'.
Removing empty process `ffn_tile.$proc$/Users/toprakgundogdu/qwen-ffn-rom/rtl/ffn_tile_16x16_b4_reg.v:116$2557'.
Removing empty process `ffn_tile.$proc$/Users/toprakgundogdu/qwen-ffn-rom/rtl/ffn_tile_16x16_b4_reg.v:116$2556'.
Removing empty process `ffn_tile.$proc$/Users/toprakgundogdu/qwen-ffn-rom/rtl/ffn_tile_16x16_b4_reg.v:116$2555'.
Removing empty process `ffn_tile.$proc$/Users/toprakgundogdu/qwen-ffn-rom/rtl/ffn_tile_16x16_b4_reg.v:116$2554'.
Removing empty process `ffn_tile.$proc$/Users/toprakgundogdu/qwen-ffn-rom/rtl/ffn_tile_16x16_b4_reg.v:116$2553'.
Removing empty process `ffn_tile.$proc$/Users/toprakgundogdu/qwen-ffn-rom/rtl/ffn_tile_16x16_b4_reg.v:116$2552'.
Removing empty process `ffn_tile.$proc$/Users/toprakgundogdu/qwen-ffn-rom/rtl/ffn_tile_16x16_b4_reg.v:116$2551'.
Removing empty process `ffn_tile.$proc$/Users/toprakgundogdu/qwen-ffn-rom/rtl/ffn_tile_16x16_b4_reg.v:116$2550'.
Removing empty process `ffn_tile.$proc$/Users/toprakgundogdu/qwen-ffn-rom/rtl/ffn_tile_16x16_b4_reg.v:116$2549'.
Removing empty process `ffn_tile.$proc$/Users/toprakgundogdu/qwen-ffn-rom/rtl/ffn_tile_16x16_b4_reg.v:116$2548'.
Removing empty process `ffn_tile.$proc$/Users/toprakgundogdu/qwen-ffn-rom/rtl/ffn_tile_16x16_b4_reg.v:116$2547'.
Removing empty process `ffn_tile.$proc$/Users/toprakgundogdu/qwen-ffn-rom/rtl/ffn_tile_16x16_b4_reg.v:116$2546'.
Removing empty process `ffn_tile.$proc$/Users/toprakgundogdu/qwen-ffn-rom/rtl/ffn_tile_16x16_b4_reg.v:116$2545'.
Removing empty process `ffn_tile.$proc$/Users/toprakgundogdu/qwen-ffn-rom/rtl/ffn_tile_16x16_b4_reg.v:116$2544'.
Removing empty process `ffn_tile.$proc$/Users/toprakgundogdu/qwen-ffn-rom/rtl/ffn_tile_16x16_b4_reg.v:116$2543'.
Removing empty process `ffn_tile.$proc$/Users/toprakgundogdu/qwen-ffn-rom/rtl/ffn_tile_16x16_b4_reg.v:116$2542'.
Removing empty process `ffn_tile.$proc$/Users/toprakgundogdu/qwen-ffn-rom/rtl/ffn_tile_16x16_b4_reg.v:116$2541'.
Removing empty process `ffn_tile.$proc$/Users/toprakgundogdu/qwen-ffn-rom/rtl/ffn_tile_16x16_b4_reg.v:116$2540'.
Removing empty process `ffn_tile.$proc$/Users/toprakgundogdu/qwen-ffn-rom/rtl/ffn_tile_16x16_b4_reg.v:116$2539'.
Removing empty process `ffn_tile.$proc$/Users/toprakgundogdu/qwen-ffn-rom/rtl/ffn_tile_16x16_b4_reg.v:116$2538'.
Removing empty process `ffn_tile.$proc$/Users/toprakgundogdu/qwen-ffn-rom/rtl/ffn_tile_16x16_b4_reg.v:116$2537'.
Removing empty process `ffn_tile.$proc$/Users/toprakgundogdu/qwen-ffn-rom/rtl/ffn_tile_16x16_b4_reg.v:116$2536'.
Removing empty process `ffn_tile.$proc$/Users/toprakgundogdu/qwen-ffn-rom/rtl/ffn_tile_16x16_b4_reg.v:116$2535'.
Removing empty process `ffn_tile.$proc$/Users/toprakgundogdu/qwen-ffn-rom/rtl/ffn_tile_16x16_b4_reg.v:116$2534'.
Removing empty process `ffn_tile.$proc$/Users/toprakgundogdu/qwen-ffn-rom/rtl/ffn_tile_16x16_b4_reg.v:116$2533'.
Removing empty process `ffn_tile.$proc$/Users/toprakgundogdu/qwen-ffn-rom/rtl/ffn_tile_16x16_b4_reg.v:116$2532'.
Removing empty process `ffn_tile.$proc$/Users/toprakgundogdu/qwen-ffn-rom/rtl/ffn_tile_16x16_b4_reg.v:116$2531'.
Removing empty process `ffn_tile.$proc$/Users/toprakgundogdu/qwen-ffn-rom/rtl/ffn_tile_16x16_b4_reg.v:116$2530'.
Removing empty process `ffn_tile.$proc$/Users/toprakgundogdu/qwen-ffn-rom/rtl/ffn_tile_16x16_b4_reg.v:116$2529'.
Removing empty process `ffn_tile.$proc$/Users/toprakgundogdu/qwen-ffn-rom/rtl/ffn_tile_16x16_b4_reg.v:116$2528'.
Removing empty process `ffn_tile.$proc$/Users/toprakgundogdu/qwen-ffn-rom/rtl/ffn_tile_16x16_b4_reg.v:116$2527'.
Removing empty process `ffn_tile.$proc$/Users/toprakgundogdu/qwen-ffn-rom/rtl/ffn_tile_16x16_b4_reg.v:116$2526'.
Removing empty process `ffn_tile.$proc$/Users/toprakgundogdu/qwen-ffn-rom/rtl/ffn_tile_16x16_b4_reg.v:116$2525'.
Removing empty process `ffn_tile.$proc$/Users/toprakgundogdu/qwen-ffn-rom/rtl/ffn_tile_16x16_b4_reg.v:116$2524'.
Removing empty process `ffn_tile.$proc$/Users/toprakgundogdu/qwen-ffn-rom/rtl/ffn_tile_16x16_b4_reg.v:116$2523'.
Removing empty process `ffn_tile.$proc$/Users/toprakgundogdu/qwen-ffn-rom/rtl/ffn_tile_16x16_b4_reg.v:116$2522'.
Removing empty process `ffn_tile.$proc$/Users/toprakgundogdu/qwen-ffn-rom/rtl/ffn_tile_16x16_b4_reg.v:116$2521'.
Removing empty process `ffn_tile.$proc$/Users/toprakgundogdu/qwen-ffn-rom/rtl/ffn_tile_16x16_b4_reg.v:116$2520'.
Removing empty process `ffn_tile.$proc$/Users/toprakgundogdu/qwen-ffn-rom/rtl/ffn_tile_16x16_b4_reg.v:116$2519'.
Removing empty process `ffn_tile.$proc$/Users/toprakgundogdu/qwen-ffn-rom/rtl/ffn_tile_16x16_b4_reg.v:116$2518'.
Removing empty process `ffn_tile.$proc$/Users/toprakgundogdu/qwen-ffn-rom/rtl/ffn_tile_16x16_b4_reg.v:116$2517'.
Removing empty process `ffn_tile.$proc$/Users/toprakgundogdu/qwen-ffn-rom/rtl/ffn_tile_16x16_b4_reg.v:116$2516'.
Removing empty process `ffn_tile.$proc$/Users/toprakgundogdu/qwen-ffn-rom/rtl/ffn_tile_16x16_b4_reg.v:116$2515'.
Removing empty process `ffn_tile.$proc$/Users/toprakgundogdu/qwen-ffn-rom/rtl/ffn_tile_16x16_b4_reg.v:116$2514'.
Removing empty process `ffn_tile.$proc$/Users/toprakgundogdu/qwen-ffn-rom/rtl/ffn_tile_16x16_b4_reg.v:116$2513'.
Removing empty process `ffn_tile.$proc$/Users/toprakgundogdu/qwen-ffn-rom/rtl/ffn_tile_16x16_b4_reg.v:116$2512'.
Removing empty process `ffn_tile.$proc$/Users/toprakgundogdu/qwen-ffn-rom/rtl/ffn_tile_16x16_b4_reg.v:104$2511'.
Removing empty process `ffn_tile.$proc$/Users/toprakgundogdu/qwen-ffn-rom/rtl/ffn_tile_16x16_b4_reg.v:104$2510'.
Removing empty process `ffn_tile.$proc$/Users/toprakgundogdu/qwen-ffn-rom/rtl/ffn_tile_16x16_b4_reg.v:104$2509'.
Removing empty process `ffn_tile.$proc$/Users/toprakgundogdu/qwen-ffn-rom/rtl/ffn_tile_16x16_b4_reg.v:104$2508'.
Removing empty process `ffn_tile.$proc$/Users/toprakgundogdu/qwen-ffn-rom/rtl/ffn_tile_16x16_b4_reg.v:104$2507'.
Removing empty process `ffn_tile.$proc$/Users/toprakgundogdu/qwen-ffn-rom/rtl/ffn_tile_16x16_b4_reg.v:104$2506'.
Removing empty process `ffn_tile.$proc$/Users/toprakgundogdu/qwen-ffn-rom/rtl/ffn_tile_16x16_b4_reg.v:104$2505'.
Removing empty process `ffn_tile.$proc$/Users/toprakgundogdu/qwen-ffn-rom/rtl/ffn_tile_16x16_b4_reg.v:104$2504'.
Removing empty process `ffn_tile.$proc$/Users/toprakgundogdu/qwen-ffn-rom/rtl/ffn_tile_16x16_b4_reg.v:104$2503'.
Removing empty process `ffn_tile.$proc$/Users/toprakgundogdu/qwen-ffn-rom/rtl/ffn_tile_16x16_b4_reg.v:104$2502'.
Removing empty process `ffn_tile.$proc$/Users/toprakgundogdu/qwen-ffn-rom/rtl/ffn_tile_16x16_b4_reg.v:104$2501'.
Removing empty process `ffn_tile.$proc$/Users/toprakgundogdu/qwen-ffn-rom/rtl/ffn_tile_16x16_b4_reg.v:104$2500'.
Removing empty process `ffn_tile.$proc$/Users/toprakgundogdu/qwen-ffn-rom/rtl/ffn_tile_16x16_b4_reg.v:104$2499'.
Removing empty process `ffn_tile.$proc$/Users/toprakgundogdu/qwen-ffn-rom/rtl/ffn_tile_16x16_b4_reg.v:104$2498'.
Removing empty process `ffn_tile.$proc$/Users/toprakgundogdu/qwen-ffn-rom/rtl/ffn_tile_16x16_b4_reg.v:104$2497'.
Removing empty process `ffn_tile.$proc$/Users/toprakgundogdu/qwen-ffn-rom/rtl/ffn_tile_16x16_b4_reg.v:104$2496'.
Removing empty process `ffn_tile.$proc$/Users/toprakgundogdu/qwen-ffn-rom/rtl/ffn_tile_16x16_b4_reg.v:115$2487'.
Removing empty process `ffn_tile.$proc$/Users/toprakgundogdu/qwen-ffn-rom/rtl/ffn_tile_16x16_b4_reg.v:115$2479'.
Removing empty process `ffn_tile.$proc$/Users/toprakgundogdu/qwen-ffn-rom/rtl/ffn_tile_16x16_b4_reg.v:115$2472'.
Removing empty process `ffn_tile.$proc$/Users/toprakgundogdu/qwen-ffn-rom/rtl/ffn_tile_16x16_b4_reg.v:115$2464'.
Removing empty process `ffn_tile.$proc$/Users/toprakgundogdu/qwen-ffn-rom/rtl/ffn_tile_16x16_b4_reg.v:115$2455'.
Removing empty process `ffn_tile.$proc$/Users/toprakgundogdu/qwen-ffn-rom/rtl/ffn_tile_16x16_b4_reg.v:115$2448'.
Removing empty process `ffn_tile.$proc$/Users/toprakgundogdu/qwen-ffn-rom/rtl/ffn_tile_16x16_b4_reg.v:115$2439'.
Removing empty process `ffn_tile.$proc$/Users/toprakgundogdu/qwen-ffn-rom/rtl/ffn_tile_16x16_b4_reg.v:115$2432'.
Removing empty process `ffn_tile.$proc$/Users/toprakgundogdu/qwen-ffn-rom/rtl/ffn_tile_16x16_b4_reg.v:115$2424'.
Removing empty process `ffn_tile.$proc$/Users/toprakgundogdu/qwen-ffn-rom/rtl/ffn_tile_16x16_b4_reg.v:115$2416'.
Removing empty process `ffn_tile.$proc$/Users/toprakgundogdu/qwen-ffn-rom/rtl/ffn_tile_16x16_b4_reg.v:115$2407'.
Removing empty process `ffn_tile.$proc$/Users/toprakgundogdu/qwen-ffn-rom/rtl/ffn_tile_16x16_b4_reg.v:115$2401'.
Removing empty process `ffn_tile.$proc$/Users/toprakgundogdu/qwen-ffn-rom/rtl/ffn_tile_16x16_b4_reg.v:115$2393'.
Removing empty process `ffn_tile.$proc$/Users/toprakgundogdu/qwen-ffn-rom/rtl/ffn_tile_16x16_b4_reg.v:115$2385'.
Removing empty process `ffn_tile.$proc$/Users/toprakgundogdu/qwen-ffn-rom/rtl/ffn_tile_16x16_b4_reg.v:115$2377'.
Removing empty process `ffn_tile.$proc$/Users/toprakgundogdu/qwen-ffn-rom/rtl/ffn_tile_16x16_b4_reg.v:115$2370'.
Removing empty process `ffn_tile.$proc$/Users/toprakgundogdu/qwen-ffn-rom/rtl/ffn_tile_16x16_b4_reg.v:115$2364'.
Removing empty process `ffn_tile.$proc$/Users/toprakgundogdu/qwen-ffn-rom/rtl/ffn_tile_16x16_b4_reg.v:115$2357'.
Removing empty process `ffn_tile.$proc$/Users/toprakgundogdu/qwen-ffn-rom/rtl/ffn_tile_16x16_b4_reg.v:115$2351'.
Removing empty process `ffn_tile.$proc$/Users/toprakgundogdu/qwen-ffn-rom/rtl/ffn_tile_16x16_b4_reg.v:115$2345'.
Removing empty process `ffn_tile.$proc$/Users/toprakgundogdu/qwen-ffn-rom/rtl/ffn_tile_16x16_b4_reg.v:115$2339'.
Removing empty process `ffn_tile.$proc$/Users/toprakgundogdu/qwen-ffn-rom/rtl/ffn_tile_16x16_b4_reg.v:115$2333'.
Removing empty process `ffn_tile.$proc$/Users/toprakgundogdu/qwen-ffn-rom/rtl/ffn_tile_16x16_b4_reg.v:115$2326'.
Removing empty process `ffn_tile.$proc$/Users/toprakgundogdu/qwen-ffn-rom/rtl/ffn_tile_16x16_b4_reg.v:115$2320'.
Removing empty process `ffn_tile.$proc$/Users/toprakgundogdu/qwen-ffn-rom/rtl/ffn_tile_16x16_b4_reg.v:115$2314'.
Removing empty process `ffn_tile.$proc$/Users/toprakgundogdu/qwen-ffn-rom/rtl/ffn_tile_16x16_b4_reg.v:115$2307'.
Removing empty process `ffn_tile.$proc$/Users/toprakgundogdu/qwen-ffn-rom/rtl/ffn_tile_16x16_b4_reg.v:115$2301'.
Removing empty process `ffn_tile.$proc$/Users/toprakgundogdu/qwen-ffn-rom/rtl/ffn_tile_16x16_b4_reg.v:115$2295'.
Removing empty process `ffn_tile.$proc$/Users/toprakgundogdu/qwen-ffn-rom/rtl/ffn_tile_16x16_b4_reg.v:115$2287'.
Removing empty process `ffn_tile.$proc$/Users/toprakgundogdu/qwen-ffn-rom/rtl/ffn_tile_16x16_b4_reg.v:115$2281'.
Removing empty process `ffn_tile.$proc$/Users/toprakgundogdu/qwen-ffn-rom/rtl/ffn_tile_16x16_b4_reg.v:115$2275'.
Removing empty process `ffn_tile.$proc$/Users/toprakgundogdu/qwen-ffn-rom/rtl/ffn_tile_16x16_b4_reg.v:115$2266'.
Removing empty process `ffn_tile.$proc$/Users/toprakgundogdu/qwen-ffn-rom/rtl/ffn_tile_16x16_b4_reg.v:115$2260'.
Removing empty process `ffn_tile.$proc$/Users/toprakgundogdu/qwen-ffn-rom/rtl/ffn_tile_16x16_b4_reg.v:115$2252'.
Removing empty process `ffn_tile.$proc$/Users/toprakgundogdu/qwen-ffn-rom/rtl/ffn_tile_16x16_b4_reg.v:115$2245'.
Removing empty process `ffn_tile.$proc$/Users/toprakgundogdu/qwen-ffn-rom/rtl/ffn_tile_16x16_b4_reg.v:115$2238'.
Removing empty process `ffn_tile.$proc$/Users/toprakgundogdu/qwen-ffn-rom/rtl/ffn_tile_16x16_b4_reg.v:115$2232'.
Removing empty process `ffn_tile.$proc$/Users/toprakgundogdu/qwen-ffn-rom/rtl/ffn_tile_16x16_b4_reg.v:115$2223'.
Removing empty process `ffn_tile.$proc$/Users/toprakgundogdu/qwen-ffn-rom/rtl/ffn_tile_16x16_b4_reg.v:115$2216'.
Removing empty process `ffn_tile.$proc$/Users/toprakgundogdu/qwen-ffn-rom/rtl/ffn_tile_16x16_b4_reg.v:115$2208'.
Removing empty process `ffn_tile.$proc$/Users/toprakgundogdu/qwen-ffn-rom/rtl/ffn_tile_16x16_b4_reg.v:115$2201'.
Removing empty process `ffn_tile.$proc$/Users/toprakgundogdu/qwen-ffn-rom/rtl/ffn_tile_16x16_b4_reg.v:115$2192'.
Removing empty process `ffn_tile.$proc$/Users/toprakgundogdu/qwen-ffn-rom/rtl/ffn_tile_16x16_b4_reg.v:115$2186'.
Removing empty process `ffn_tile.$proc$/Users/toprakgundogdu/qwen-ffn-rom/rtl/ffn_tile_16x16_b4_reg.v:115$2180'.
Removing empty process `ffn_tile.$proc$/Users/toprakgundogdu/qwen-ffn-rom/rtl/ffn_tile_16x16_b4_reg.v:115$2171'.
Removing empty process `ffn_tile.$proc$/Users/toprakgundogdu/qwen-ffn-rom/rtl/ffn_tile_16x16_b4_reg.v:115$2163'.
Removing empty process `ffn_tile.$proc$/Users/toprakgundogdu/qwen-ffn-rom/rtl/ffn_tile_16x16_b4_reg.v:115$2155'.
Removing empty process `ffn_tile.$proc$/Users/toprakgundogdu/qwen-ffn-rom/rtl/ffn_tile_16x16_b4_reg.v:115$2146'.
Removing empty process `ffn_tile.$proc$/Users/toprakgundogdu/qwen-ffn-rom/rtl/ffn_tile_16x16_b4_reg.v:115$2138'.
Removing empty process `ffn_tile.$proc$/Users/toprakgundogdu/qwen-ffn-rom/rtl/ffn_tile_16x16_b4_reg.v:115$2130'.
Removing empty process `ffn_tile.$proc$/Users/toprakgundogdu/qwen-ffn-rom/rtl/ffn_tile_16x16_b4_reg.v:115$2122'.
Removing empty process `ffn_tile.$proc$/Users/toprakgundogdu/qwen-ffn-rom/rtl/ffn_tile_16x16_b4_reg.v:115$2113'.
Removing empty process `ffn_tile.$proc$/Users/toprakgundogdu/qwen-ffn-rom/rtl/ffn_tile_16x16_b4_reg.v:115$2103'.
Removing empty process `ffn_tile.$proc$/Users/toprakgundogdu/qwen-ffn-rom/rtl/ffn_tile_16x16_b4_reg.v:115$2096'.
Removing empty process `ffn_tile.$proc$/Users/toprakgundogdu/qwen-ffn-rom/rtl/ffn_tile_16x16_b4_reg.v:115$2090'.
Removing empty process `ffn_tile.$proc$/Users/toprakgundogdu/qwen-ffn-rom/rtl/ffn_tile_16x16_b4_reg.v:115$2084'.
Removing empty process `ffn_tile.$proc$/Users/toprakgundogdu/qwen-ffn-rom/rtl/ffn_tile_16x16_b4_reg.v:115$2077'.
Removing empty process `ffn_tile.$proc$/Users/toprakgundogdu/qwen-ffn-rom/rtl/ffn_tile_16x16_b4_reg.v:115$2069'.
Removing empty process `ffn_tile.$proc$/Users/toprakgundogdu/qwen-ffn-rom/rtl/ffn_tile_16x16_b4_reg.v:115$2062'.
Removing empty process `ffn_tile.$proc$/Users/toprakgundogdu/qwen-ffn-rom/rtl/ffn_tile_16x16_b4_reg.v:115$2056'.
Removing empty process `ffn_tile.$proc$/Users/toprakgundogdu/qwen-ffn-rom/rtl/ffn_tile_16x16_b4_reg.v:115$2048'.
Removing empty process `ffn_tile.$proc$/Users/toprakgundogdu/qwen-ffn-rom/rtl/ffn_tile_16x16_b4_reg.v:115$2042'.
Removing empty process `ffn_tile.$proc$/Users/toprakgundogdu/qwen-ffn-rom/rtl/ffn_tile_16x16_b4_reg.v:115$2036'.
Removing empty process `ffn_tile.$proc$/Users/toprakgundogdu/qwen-ffn-rom/rtl/ffn_tile_16x16_b4_reg.v:115$2027'.
Removing empty process `ffn_tile.$proc$/Users/toprakgundogdu/qwen-ffn-rom/rtl/ffn_tile_16x16_b4_reg.v:115$2020'.
Removing empty process `ffn_tile.$proc$/Users/toprakgundogdu/qwen-ffn-rom/rtl/ffn_tile_16x16_b4_reg.v:115$2012'.
Removing empty process `ffn_tile.$proc$/Users/toprakgundogdu/qwen-ffn-rom/rtl/ffn_tile_16x16_b4_reg.v:115$2004'.
Removing empty process `ffn_tile.$proc$/Users/toprakgundogdu/qwen-ffn-rom/rtl/ffn_tile_16x16_b4_reg.v:115$1997'.
Removing empty process `ffn_tile.$proc$/Users/toprakgundogdu/qwen-ffn-rom/rtl/ffn_tile_16x16_b4_reg.v:115$1989'.
Removing empty process `ffn_tile.$proc$/Users/toprakgundogdu/qwen-ffn-rom/rtl/ffn_tile_16x16_b4_reg.v:115$1982'.
Removing empty process `ffn_tile.$proc$/Users/toprakgundogdu/qwen-ffn-rom/rtl/ffn_tile_16x16_b4_reg.v:115$1973'.
Removing empty process `ffn_tile.$proc$/Users/toprakgundogdu/qwen-ffn-rom/rtl/ffn_tile_16x16_b4_reg.v:115$1966'.
Removing empty process `ffn_tile.$proc$/Users/toprakgundogdu/qwen-ffn-rom/rtl/ffn_tile_16x16_b4_reg.v:115$1960'.
Removing empty process `ffn_tile.$proc$/Users/toprakgundogdu/qwen-ffn-rom/rtl/ffn_tile_16x16_b4_reg.v:115$1954'.
Removing empty process `ffn_tile.$proc$/Users/toprakgundogdu/qwen-ffn-rom/rtl/ffn_tile_16x16_b4_reg.v:115$1947'.
Removing empty process `ffn_tile.$proc$/Users/toprakgundogdu/qwen-ffn-rom/rtl/ffn_tile_16x16_b4_reg.v:115$1941'.
Removing empty process `ffn_tile.$proc$/Users/toprakgundogdu/qwen-ffn-rom/rtl/ffn_tile_16x16_b4_reg.v:115$1934'.
Removing empty process `ffn_tile.$proc$/Users/toprakgundogdu/qwen-ffn-rom/rtl/ffn_tile_16x16_b4_reg.v:115$1926'.
Removing empty process `ffn_tile.$proc$/Users/toprakgundogdu/qwen-ffn-rom/rtl/ffn_tile_16x16_b4_reg.v:115$1919'.
Removing empty process `ffn_tile.$proc$/Users/toprakgundogdu/qwen-ffn-rom/rtl/ffn_tile_16x16_b4_reg.v:115$1913'.
Removing empty process `ffn_tile.$proc$/Users/toprakgundogdu/qwen-ffn-rom/rtl/ffn_tile_16x16_b4_reg.v:115$1907'.
Removing empty process `ffn_tile.$proc$/Users/toprakgundogdu/qwen-ffn-rom/rtl/ffn_tile_16x16_b4_reg.v:115$1899'.
Removing empty process `ffn_tile.$proc$/Users/toprakgundogdu/qwen-ffn-rom/rtl/ffn_tile_16x16_b4_reg.v:115$1893'.
Removing empty process `ffn_tile.$proc$/Users/toprakgundogdu/qwen-ffn-rom/rtl/ffn_tile_16x16_b4_reg.v:115$1885'.
Removing empty process `ffn_tile.$proc$/Users/toprakgundogdu/qwen-ffn-rom/rtl/ffn_tile_16x16_b4_reg.v:115$1879'.
Removing empty process `ffn_tile.$proc$/Users/toprakgundogdu/qwen-ffn-rom/rtl/ffn_tile_16x16_b4_reg.v:115$1873'.
Removing empty process `ffn_tile.$proc$/Users/toprakgundogdu/qwen-ffn-rom/rtl/ffn_tile_16x16_b4_reg.v:115$1866'.
Removing empty process `ffn_tile.$proc$/Users/toprakgundogdu/qwen-ffn-rom/rtl/ffn_tile_16x16_b4_reg.v:115$1858'.
Removing empty process `ffn_tile.$proc$/Users/toprakgundogdu/qwen-ffn-rom/rtl/ffn_tile_16x16_b4_reg.v:115$1850'.
Removing empty process `ffn_tile.$proc$/Users/toprakgundogdu/qwen-ffn-rom/rtl/ffn_tile_16x16_b4_reg.v:115$1842'.
Removing empty process `ffn_tile.$proc$/Users/toprakgundogdu/qwen-ffn-rom/rtl/ffn_tile_16x16_b4_reg.v:115$1836'.
Removing empty process `ffn_tile.$proc$/Users/toprakgundogdu/qwen-ffn-rom/rtl/ffn_tile_16x16_b4_reg.v:115$1829'.
Removing empty process `ffn_tile.$proc$/Users/toprakgundogdu/qwen-ffn-rom/rtl/ffn_tile_16x16_b4_reg.v:115$1823'.
Removing empty process `ffn_tile.$proc$/Users/toprakgundogdu/qwen-ffn-rom/rtl/ffn_tile_16x16_b4_reg.v:115$1815'.
Removing empty process `ffn_tile.$proc$/Users/toprakgundogdu/qwen-ffn-rom/rtl/ffn_tile_16x16_b4_reg.v:115$1807'.
Removing empty process `ffn_tile.$proc$/Users/toprakgundogdu/qwen-ffn-rom/rtl/ffn_tile_16x16_b4_reg.v:115$1799'.
Removing empty process `ffn_tile.$proc$/Users/toprakgundogdu/qwen-ffn-rom/rtl/ffn_tile_16x16_b4_reg.v:115$1793'.
Removing empty process `ffn_tile.$proc$/Users/toprakgundogdu/qwen-ffn-rom/rtl/ffn_tile_16x16_b4_reg.v:115$1785'.
Removing empty process `ffn_tile.$proc$/Users/toprakgundogdu/qwen-ffn-rom/rtl/ffn_tile_16x16_b4_reg.v:115$1776'.
Removing empty process `ffn_tile.$proc$/Users/toprakgundogdu/qwen-ffn-rom/rtl/ffn_tile_16x16_b4_reg.v:115$1768'.
Removing empty process `ffn_tile.$proc$/Users/toprakgundogdu/qwen-ffn-rom/rtl/ffn_tile_16x16_b4_reg.v:115$1760'.
Removing empty process `ffn_tile.$proc$/Users/toprakgundogdu/qwen-ffn-rom/rtl/ffn_tile_16x16_b4_reg.v:115$1752'.
Removing empty process `ffn_tile.$proc$/Users/toprakgundogdu/qwen-ffn-rom/rtl/ffn_tile_16x16_b4_reg.v:115$1746'.
Removing empty process `ffn_tile.$proc$/Users/toprakgundogdu/qwen-ffn-rom/rtl/ffn_tile_16x16_b4_reg.v:115$1740'.
Removing empty process `ffn_tile.$proc$/Users/toprakgundogdu/qwen-ffn-rom/rtl/ffn_tile_16x16_b4_reg.v:115$1733'.
Removing empty process `ffn_tile.$proc$/Users/toprakgundogdu/qwen-ffn-rom/rtl/ffn_tile_16x16_b4_reg.v:115$1727'.
Removing empty process `ffn_tile.$proc$/Users/toprakgundogdu/qwen-ffn-rom/rtl/ffn_tile_16x16_b4_reg.v:115$1720'.
Removing empty process `ffn_tile.$proc$/Users/toprakgundogdu/qwen-ffn-rom/rtl/ffn_tile_16x16_b4_reg.v:115$1714'.
Removing empty process `ffn_tile.$proc$/Users/toprakgundogdu/qwen-ffn-rom/rtl/ffn_tile_16x16_b4_reg.v:115$1706'.
Removing empty process `ffn_tile.$proc$/Users/toprakgundogdu/qwen-ffn-rom/rtl/ffn_tile_16x16_b4_reg.v:115$1700'.
Removing empty process `ffn_tile.$proc$/Users/toprakgundogdu/qwen-ffn-rom/rtl/ffn_tile_16x16_b4_reg.v:115$1694'.
Removing empty process `ffn_tile.$proc$/Users/toprakgundogdu/qwen-ffn-rom/rtl/ffn_tile_16x16_b4_reg.v:115$1687'.
Removing empty process `ffn_tile.$proc$/Users/toprakgundogdu/qwen-ffn-rom/rtl/ffn_tile_16x16_b4_reg.v:115$1681'.
Removing empty process `ffn_tile.$proc$/Users/toprakgundogdu/qwen-ffn-rom/rtl/ffn_tile_16x16_b4_reg.v:115$1675'.
Removing empty process `ffn_tile.$proc$/Users/toprakgundogdu/qwen-ffn-rom/rtl/ffn_tile_16x16_b4_reg.v:115$1669'.
Removing empty process `ffn_tile.$proc$/Users/toprakgundogdu/qwen-ffn-rom/rtl/ffn_tile_16x16_b4_reg.v:115$1662'.
Removing empty process `ffn_tile.$proc$/Users/toprakgundogdu/qwen-ffn-rom/rtl/ffn_tile_16x16_b4_reg.v:115$1654'.
Removing empty process `ffn_tile.$proc$/Users/toprakgundogdu/qwen-ffn-rom/rtl/ffn_tile_16x16_b4_reg.v:115$1647'.
Removing empty process `ffn_tile.$proc$/Users/toprakgundogdu/qwen-ffn-rom/rtl/ffn_tile_16x16_b4_reg.v:115$1639'.
Removing empty process `ffn_tile.$proc$/Users/toprakgundogdu/qwen-ffn-rom/rtl/ffn_tile_16x16_b4_reg.v:115$1633'.
Removing empty process `ffn_tile.$proc$/Users/toprakgundogdu/qwen-ffn-rom/rtl/ffn_tile_16x16_b4_reg.v:115$1627'.
Removing empty process `ffn_tile.$proc$/Users/toprakgundogdu/qwen-ffn-rom/rtl/ffn_tile_16x16_b4_reg.v:115$1620'.
Removing empty process `ffn_tile.$proc$/Users/toprakgundogdu/qwen-ffn-rom/rtl/ffn_tile_16x16_b4_reg.v:115$1614'.
Removing empty process `ffn_tile.$proc$/Users/toprakgundogdu/qwen-ffn-rom/rtl/ffn_tile_16x16_b4_reg.v:115$1608'.
Removing empty process `ffn_tile.$proc$/Users/toprakgundogdu/qwen-ffn-rom/rtl/ffn_tile_16x16_b4_reg.v:115$1600'.
Removing empty process `ffn_tile.$proc$/Users/toprakgundogdu/qwen-ffn-rom/rtl/ffn_tile_16x16_b4_reg.v:115$1594'.
Removing empty process `ffn_tile.$proc$/Users/toprakgundogdu/qwen-ffn-rom/rtl/ffn_tile_16x16_b4_reg.v:115$1588'.
Removing empty process `ffn_tile.$proc$/Users/toprakgundogdu/qwen-ffn-rom/rtl/ffn_tile_16x16_b4_reg.v:115$1580'.
Removing empty process `ffn_tile.$proc$/Users/toprakgundogdu/qwen-ffn-rom/rtl/ffn_tile_16x16_b4_reg.v:115$1571'.
Removing empty process `ffn_tile.$proc$/Users/toprakgundogdu/qwen-ffn-rom/rtl/ffn_tile_16x16_b4_reg.v:115$1564'.
Removing empty process `ffn_tile.$proc$/Users/toprakgundogdu/qwen-ffn-rom/rtl/ffn_tile_16x16_b4_reg.v:115$1556'.
Removing empty process `ffn_tile.$proc$/Users/toprakgundogdu/qwen-ffn-rom/rtl/ffn_tile_16x16_b4_reg.v:115$1550'.
Removing empty process `ffn_tile.$proc$/Users/toprakgundogdu/qwen-ffn-rom/rtl/ffn_tile_16x16_b4_reg.v:115$1541'.
Removing empty process `ffn_tile.$proc$/Users/toprakgundogdu/qwen-ffn-rom/rtl/ffn_tile_16x16_b4_reg.v:115$1532'.
Removing empty process `ffn_tile.$proc$/Users/toprakgundogdu/qwen-ffn-rom/rtl/ffn_tile_16x16_b4_reg.v:115$1524'.
Removing empty process `ffn_tile.$proc$/Users/toprakgundogdu/qwen-ffn-rom/rtl/ffn_tile_16x16_b4_reg.v:115$1518'.
Removing empty process `ffn_tile.$proc$/Users/toprakgundogdu/qwen-ffn-rom/rtl/ffn_tile_16x16_b4_reg.v:115$1508'.
Removing empty process `ffn_tile.$proc$/Users/toprakgundogdu/qwen-ffn-rom/rtl/ffn_tile_16x16_b4_reg.v:115$1502'.
Removing empty process `ffn_tile.$proc$/Users/toprakgundogdu/qwen-ffn-rom/rtl/ffn_tile_16x16_b4_reg.v:115$1496'.
Removing empty process `ffn_tile.$proc$/Users/toprakgundogdu/qwen-ffn-rom/rtl/ffn_tile_16x16_b4_reg.v:115$1489'.
Removing empty process `ffn_tile.$proc$/Users/toprakgundogdu/qwen-ffn-rom/rtl/ffn_tile_16x16_b4_reg.v:115$1480'.
Removing empty process `ffn_tile.$proc$/Users/toprakgundogdu/qwen-ffn-rom/rtl/ffn_tile_16x16_b4_reg.v:115$1471'.
Removing empty process `ffn_tile.$proc$/Users/toprakgundogdu/qwen-ffn-rom/rtl/ffn_tile_16x16_b4_reg.v:115$1463'.
Removing empty process `ffn_tile.$proc$/Users/toprakgundogdu/qwen-ffn-rom/rtl/ffn_tile_16x16_b4_reg.v:115$1454'.
Removing empty process `ffn_tile.$proc$/Users/toprakgundogdu/qwen-ffn-rom/rtl/ffn_tile_16x16_b4_reg.v:115$1448'.
Removing empty process `ffn_tile.$proc$/Users/toprakgundogdu/qwen-ffn-rom/rtl/ffn_tile_16x16_b4_reg.v:115$1439'.
Removing empty process `ffn_tile.$proc$/Users/toprakgundogdu/qwen-ffn-rom/rtl/ffn_tile_16x16_b4_reg.v:115$1430'.
Removing empty process `ffn_tile.$proc$/Users/toprakgundogdu/qwen-ffn-rom/rtl/ffn_tile_16x16_b4_reg.v:115$1422'.
Removing empty process `ffn_tile.$proc$/Users/toprakgundogdu/qwen-ffn-rom/rtl/ffn_tile_16x16_b4_reg.v:115$1414'.
Removing empty process `ffn_tile.$proc$/Users/toprakgundogdu/qwen-ffn-rom/rtl/ffn_tile_16x16_b4_reg.v:115$1405'.
Removing empty process `ffn_tile.$proc$/Users/toprakgundogdu/qwen-ffn-rom/rtl/ffn_tile_16x16_b4_reg.v:115$1398'.
Removing empty process `ffn_tile.$proc$/Users/toprakgundogdu/qwen-ffn-rom/rtl/ffn_tile_16x16_b4_reg.v:115$1391'.
Removing empty process `ffn_tile.$proc$/Users/toprakgundogdu/qwen-ffn-rom/rtl/ffn_tile_16x16_b4_reg.v:115$1383'.
Removing empty process `ffn_tile.$proc$/Users/toprakgundogdu/qwen-ffn-rom/rtl/ffn_tile_16x16_b4_reg.v:115$1376'.
Removing empty process `ffn_tile.$proc$/Users/toprakgundogdu/qwen-ffn-rom/rtl/ffn_tile_16x16_b4_reg.v:115$1370'.
Removing empty process `ffn_tile.$proc$/Users/toprakgundogdu/qwen-ffn-rom/rtl/ffn_tile_16x16_b4_reg.v:115$1361'.
Removing empty process `ffn_tile.$proc$/Users/toprakgundogdu/qwen-ffn-rom/rtl/ffn_tile_16x16_b4_reg.v:115$1353'.
Removing empty process `ffn_tile.$proc$/Users/toprakgundogdu/qwen-ffn-rom/rtl/ffn_tile_16x16_b4_reg.v:115$1347'.
Removing empty process `ffn_tile.$proc$/Users/toprakgundogdu/qwen-ffn-rom/rtl/ffn_tile_16x16_b4_reg.v:115$1340'.
Removing empty process `ffn_tile.$proc$/Users/toprakgundogdu/qwen-ffn-rom/rtl/ffn_tile_16x16_b4_reg.v:115$1331'.
Removing empty process `ffn_tile.$proc$/Users/toprakgundogdu/qwen-ffn-rom/rtl/ffn_tile_16x16_b4_reg.v:115$1322'.
Removing empty process `ffn_tile.$proc$/Users/toprakgundogdu/qwen-ffn-rom/rtl/ffn_tile_16x16_b4_reg.v:115$1316'.
Removing empty process `ffn_tile.$proc$/Users/toprakgundogdu/qwen-ffn-rom/rtl/ffn_tile_16x16_b4_reg.v:115$1308'.
Removing empty process `ffn_tile.$proc$/Users/toprakgundogdu/qwen-ffn-rom/rtl/ffn_tile_16x16_b4_reg.v:115$1302'.
Removing empty process `ffn_tile.$proc$/Users/toprakgundogdu/qwen-ffn-rom/rtl/ffn_tile_16x16_b4_reg.v:115$1293'.
Removing empty process `ffn_tile.$proc$/Users/toprakgundogdu/qwen-ffn-rom/rtl/ffn_tile_16x16_b4_reg.v:115$1286'.
Removing empty process `ffn_tile.$proc$/Users/toprakgundogdu/qwen-ffn-rom/rtl/ffn_tile_16x16_b4_reg.v:115$1278'.
Removing empty process `ffn_tile.$proc$/Users/toprakgundogdu/qwen-ffn-rom/rtl/ffn_tile_16x16_b4_reg.v:115$1272'.
Removing empty process `ffn_tile.$proc$/Users/toprakgundogdu/qwen-ffn-rom/rtl/ffn_tile_16x16_b4_reg.v:115$1263'.
Removing empty process `ffn_tile.$proc$/Users/toprakgundogdu/qwen-ffn-rom/rtl/ffn_tile_16x16_b4_reg.v:115$1256'.
Removing empty process `ffn_tile.$proc$/Users/toprakgundogdu/qwen-ffn-rom/rtl/ffn_tile_16x16_b4_reg.v:115$1249'.
Removing empty process `ffn_tile.$proc$/Users/toprakgundogdu/qwen-ffn-rom/rtl/ffn_tile_16x16_b4_reg.v:115$1243'.
Removing empty process `ffn_tile.$proc$/Users/toprakgundogdu/qwen-ffn-rom/rtl/ffn_tile_16x16_b4_reg.v:115$1236'.
Removing empty process `ffn_tile.$proc$/Users/toprakgundogdu/qwen-ffn-rom/rtl/ffn_tile_16x16_b4_reg.v:115$1227'.
Removing empty process `ffn_tile.$proc$/Users/toprakgundogdu/qwen-ffn-rom/rtl/ffn_tile_16x16_b4_reg.v:115$1221'.
Removing empty process `ffn_tile.$proc$/Users/toprakgundogdu/qwen-ffn-rom/rtl/ffn_tile_16x16_b4_reg.v:115$1214'.
Removing empty process `ffn_tile.$proc$/Users/toprakgundogdu/qwen-ffn-rom/rtl/ffn_tile_16x16_b4_reg.v:115$1206'.
Removing empty process `ffn_tile.$proc$/Users/toprakgundogdu/qwen-ffn-rom/rtl/ffn_tile_16x16_b4_reg.v:115$1199'.
Removing empty process `ffn_tile.$proc$/Users/toprakgundogdu/qwen-ffn-rom/rtl/ffn_tile_16x16_b4_reg.v:115$1191'.
Removing empty process `ffn_tile.$proc$/Users/toprakgundogdu/qwen-ffn-rom/rtl/ffn_tile_16x16_b4_reg.v:115$1185'.
Removing empty process `ffn_tile.$proc$/Users/toprakgundogdu/qwen-ffn-rom/rtl/ffn_tile_16x16_b4_reg.v:115$1179'.
Removing empty process `ffn_tile.$proc$/Users/toprakgundogdu/qwen-ffn-rom/rtl/ffn_tile_16x16_b4_reg.v:115$1173'.
Removing empty process `ffn_tile.$proc$/Users/toprakgundogdu/qwen-ffn-rom/rtl/ffn_tile_16x16_b4_reg.v:115$1165'.
Removing empty process `ffn_tile.$proc$/Users/toprakgundogdu/qwen-ffn-rom/rtl/ffn_tile_16x16_b4_reg.v:115$1158'.
Removing empty process `ffn_tile.$proc$/Users/toprakgundogdu/qwen-ffn-rom/rtl/ffn_tile_16x16_b4_reg.v:115$1150'.
Removing empty process `ffn_tile.$proc$/Users/toprakgundogdu/qwen-ffn-rom/rtl/ffn_tile_16x16_b4_reg.v:115$1144'.
Removing empty process `ffn_tile.$proc$/Users/toprakgundogdu/qwen-ffn-rom/rtl/ffn_tile_16x16_b4_reg.v:115$1136'.
Removing empty process `ffn_tile.$proc$/Users/toprakgundogdu/qwen-ffn-rom/rtl/ffn_tile_16x16_b4_reg.v:115$1129'.
Removing empty process `ffn_tile.$proc$/Users/toprakgundogdu/qwen-ffn-rom/rtl/ffn_tile_16x16_b4_reg.v:115$1121'.
Removing empty process `ffn_tile.$proc$/Users/toprakgundogdu/qwen-ffn-rom/rtl/ffn_tile_16x16_b4_reg.v:115$1114'.
Removing empty process `ffn_tile.$proc$/Users/toprakgundogdu/qwen-ffn-rom/rtl/ffn_tile_16x16_b4_reg.v:115$1108'.
Removing empty process `ffn_tile.$proc$/Users/toprakgundogdu/qwen-ffn-rom/rtl/ffn_tile_16x16_b4_reg.v:115$1100'.
Removing empty process `ffn_tile.$proc$/Users/toprakgundogdu/qwen-ffn-rom/rtl/ffn_tile_16x16_b4_reg.v:115$1093'.
Removing empty process `ffn_tile.$proc$/Users/toprakgundogdu/qwen-ffn-rom/rtl/ffn_tile_16x16_b4_reg.v:115$1085'.
Removing empty process `ffn_tile.$proc$/Users/toprakgundogdu/qwen-ffn-rom/rtl/ffn_tile_16x16_b4_reg.v:115$1075'.
Removing empty process `ffn_tile.$proc$/Users/toprakgundogdu/qwen-ffn-rom/rtl/ffn_tile_16x16_b4_reg.v:115$1067'.
Removing empty process `ffn_tile.$proc$/Users/toprakgundogdu/qwen-ffn-rom/rtl/ffn_tile_16x16_b4_reg.v:115$1061'.
Removing empty process `ffn_tile.$proc$/Users/toprakgundogdu/qwen-ffn-rom/rtl/ffn_tile_16x16_b4_reg.v:115$1052'.
Removing empty process `ffn_tile.$proc$/Users/toprakgundogdu/qwen-ffn-rom/rtl/ffn_tile_16x16_b4_reg.v:115$1046'.
Removing empty process `ffn_tile.$proc$/Users/toprakgundogdu/qwen-ffn-rom/rtl/ffn_tile_16x16_b4_reg.v:115$1038'.
Removing empty process `ffn_tile.$proc$/Users/toprakgundogdu/qwen-ffn-rom/rtl/ffn_tile_16x16_b4_reg.v:115$1032'.
Removing empty process `ffn_tile.$proc$/Users/toprakgundogdu/qwen-ffn-rom/rtl/ffn_tile_16x16_b4_reg.v:115$1024'.
Removing empty process `ffn_tile.$proc$/Users/toprakgundogdu/qwen-ffn-rom/rtl/ffn_tile_16x16_b4_reg.v:115$1015'.
Removing empty process `ffn_tile.$proc$/Users/toprakgundogdu/qwen-ffn-rom/rtl/ffn_tile_16x16_b4_reg.v:115$1007'.
Removing empty process `ffn_tile.$proc$/Users/toprakgundogdu/qwen-ffn-rom/rtl/ffn_tile_16x16_b4_reg.v:115$999'.
Removing empty process `ffn_tile.$proc$/Users/toprakgundogdu/qwen-ffn-rom/rtl/ffn_tile_16x16_b4_reg.v:115$992'.
Removing empty process `ffn_tile.$proc$/Users/toprakgundogdu/qwen-ffn-rom/rtl/ffn_tile_16x16_b4_reg.v:115$985'.
Removing empty process `ffn_tile.$proc$/Users/toprakgundogdu/qwen-ffn-rom/rtl/ffn_tile_16x16_b4_reg.v:115$978'.
Removing empty process `ffn_tile.$proc$/Users/toprakgundogdu/qwen-ffn-rom/rtl/ffn_tile_16x16_b4_reg.v:115$972'.
Removing empty process `ffn_tile.$proc$/Users/toprakgundogdu/qwen-ffn-rom/rtl/ffn_tile_16x16_b4_reg.v:115$965'.
Removing empty process `ffn_tile.$proc$/Users/toprakgundogdu/qwen-ffn-rom/rtl/ffn_tile_16x16_b4_reg.v:115$958'.
Removing empty process `ffn_tile.$proc$/Users/toprakgundogdu/qwen-ffn-rom/rtl/ffn_tile_16x16_b4_reg.v:115$949'.
Removing empty process `ffn_tile.$proc$/Users/toprakgundogdu/qwen-ffn-rom/rtl/ffn_tile_16x16_b4_reg.v:115$941'.
Removing empty process `ffn_tile.$proc$/Users/toprakgundogdu/qwen-ffn-rom/rtl/ffn_tile_16x16_b4_reg.v:115$933'.
Removing empty process `ffn_tile.$proc$/Users/toprakgundogdu/qwen-ffn-rom/rtl/ffn_tile_16x16_b4_reg.v:115$925'.
Removing empty process `ffn_tile.$proc$/Users/toprakgundogdu/qwen-ffn-rom/rtl/ffn_tile_16x16_b4_reg.v:115$916'.
Removing empty process `ffn_tile.$proc$/Users/toprakgundogdu/qwen-ffn-rom/rtl/ffn_tile_16x16_b4_reg.v:115$907'.
Removing empty process `ffn_tile.$proc$/Users/toprakgundogdu/qwen-ffn-rom/rtl/ffn_tile_16x16_b4_reg.v:115$901'.
Removing empty process `ffn_tile.$proc$/Users/toprakgundogdu/qwen-ffn-rom/rtl/ffn_tile_16x16_b4_reg.v:115$893'.
Removing empty process `ffn_tile.$proc$/Users/toprakgundogdu/qwen-ffn-rom/rtl/ffn_tile_16x16_b4_reg.v:115$886'.
Removing empty process `ffn_tile.$proc$/Users/toprakgundogdu/qwen-ffn-rom/rtl/ffn_tile_16x16_b4_reg.v:115$877'.
Removing empty process `ffn_tile.$proc$/Users/toprakgundogdu/qwen-ffn-rom/rtl/ffn_tile_16x16_b4_reg.v:115$870'.
Removing empty process `ffn_tile.$proc$/Users/toprakgundogdu/qwen-ffn-rom/rtl/ffn_tile_16x16_b4_reg.v:115$863'.
Removing empty process `ffn_tile.$proc$/Users/toprakgundogdu/qwen-ffn-rom/rtl/ffn_tile_16x16_b4_reg.v:115$856'.
Removing empty process `ffn_tile.$proc$/Users/toprakgundogdu/qwen-ffn-rom/rtl/ffn_tile_16x16_b4_reg.v:115$849'.
Removing empty process `ffn_tile.$proc$/Users/toprakgundogdu/qwen-ffn-rom/rtl/ffn_tile_16x16_b4_reg.v:115$843'.
Removing empty process `ffn_tile.$proc$/Users/toprakgundogdu/qwen-ffn-rom/rtl/ffn_tile_16x16_b4_reg.v:115$837'.
Removing empty process `ffn_tile.$proc$/Users/toprakgundogdu/qwen-ffn-rom/rtl/ffn_tile_16x16_b4_reg.v:115$828'.
Removing empty process `ffn_tile.$proc$/Users/toprakgundogdu/qwen-ffn-rom/rtl/ffn_tile_16x16_b4_reg.v:115$821'.
Removing empty process `ffn_tile.$proc$/Users/toprakgundogdu/qwen-ffn-rom/rtl/ffn_tile_16x16_b4_reg.v:115$815'.
Removing empty process `ffn_tile.$proc$/Users/toprakgundogdu/qwen-ffn-rom/rtl/ffn_tile_16x16_b4_reg.v:115$809'.
Removing empty process `ffn_tile.$proc$/Users/toprakgundogdu/qwen-ffn-rom/rtl/ffn_tile_16x16_b4_reg.v:115$802'.
Removing empty process `ffn_tile.$proc$/Users/toprakgundogdu/qwen-ffn-rom/rtl/ffn_tile_16x16_b4_reg.v:115$796'.
Removing empty process `ffn_tile.$proc$/Users/toprakgundogdu/qwen-ffn-rom/rtl/ffn_tile_16x16_b4_reg.v:115$790'.
Removing empty process `ffn_tile.$proc$/Users/toprakgundogdu/qwen-ffn-rom/rtl/ffn_tile_16x16_b4_reg.v:115$782'.
Removing empty process `ffn_tile.$proc$/Users/toprakgundogdu/qwen-ffn-rom/rtl/ffn_tile_16x16_b4_reg.v:115$775'.
Removing empty process `ffn_tile.$proc$/Users/toprakgundogdu/qwen-ffn-rom/rtl/ffn_tile_16x16_b4_reg.v:115$767'.
Removing empty process `ffn_tile.$proc$/Users/toprakgundogdu/qwen-ffn-rom/rtl/ffn_tile_16x16_b4_reg.v:115$761'.
Removing empty process `ffn_tile.$proc$/Users/toprakgundogdu/qwen-ffn-rom/rtl/ffn_tile_16x16_b4_reg.v:115$753'.
Removing empty process `ffn_tile.$proc$/Users/toprakgundogdu/qwen-ffn-rom/rtl/ffn_tile_16x16_b4_reg.v:115$747'.
Removing empty process `ffn_tile.$proc$/Users/toprakgundogdu/qwen-ffn-rom/rtl/ffn_tile_16x16_b4_reg.v:115$738'.
Removing empty process `ffn_tile.$proc$/Users/toprakgundogdu/qwen-ffn-rom/rtl/ffn_tile_16x16_b4_reg.v:115$732'.
Removing empty process `ffn_tile.$proc$/Users/toprakgundogdu/qwen-ffn-rom/rtl/ffn_tile_16x16_b4_reg.v:115$726'.
Removing empty process `ffn_tile.$proc$/Users/toprakgundogdu/qwen-ffn-rom/rtl/ffn_tile_16x16_b4_reg.v:115$720'.
Removing empty process `ffn_tile.$proc$/Users/toprakgundogdu/qwen-ffn-rom/rtl/ffn_tile_16x16_b4_reg.v:115$714'.
Removing empty process `ffn_tile.$proc$/Users/toprakgundogdu/qwen-ffn-rom/rtl/ffn_tile_16x16_b4_reg.v:115$708'.
Removing empty process `ffn_tile.$proc$/Users/toprakgundogdu/qwen-ffn-rom/rtl/ffn_tile_16x16_b4_reg.v:115$702'.
Removing empty process `ffn_tile.$proc$/Users/toprakgundogdu/qwen-ffn-rom/rtl/ffn_tile_16x16_b4_reg.v:115$696'.
Removing empty process `ffn_tile.$proc$/Users/toprakgundogdu/qwen-ffn-rom/rtl/ffn_tile_16x16_b4_reg.v:115$690'.
Removing empty process `ffn_tile.$proc$/Users/toprakgundogdu/qwen-ffn-rom/rtl/ffn_tile_16x16_b4_reg.v:115$684'.
Removing empty process `ffn_tile.$proc$/Users/toprakgundogdu/qwen-ffn-rom/rtl/ffn_tile_16x16_b4_reg.v:115$677'.
Removing empty process `ffn_tile.$proc$/Users/toprakgundogdu/qwen-ffn-rom/rtl/ffn_tile_16x16_b4_reg.v:115$669'.
Removing empty process `ffn_tile.$proc$/Users/toprakgundogdu/qwen-ffn-rom/rtl/ffn_tile_16x16_b4_reg.v:115$663'.
Removing empty process `ffn_tile.$proc$/Users/toprakgundogdu/qwen-ffn-rom/rtl/ffn_tile_16x16_b4_reg.v:115$657'.
Removing empty process `ffn_tile.$proc$/Users/toprakgundogdu/qwen-ffn-rom/rtl/ffn_tile_16x16_b4_reg.v:115$649'.
Removing empty process `ffn_tile.$proc$/Users/toprakgundogdu/qwen-ffn-rom/rtl/ffn_tile_16x16_b4_reg.v:115$643'.
Removing empty process `$paramod$19610d36066bea265eccabe9a1b9eed43380701f\add_tree.$proc$/Users/toprakgundogdu/qwen-ffn-rom/rtl/ffn_tile_16x16_b4_reg.v:17$2769'.
Cleaned up 0 empty switches.

3.12. Executing OPT_EXPR pass (perform const folding).
Optimizing module ffn_tile_reg.
Optimizing module ffn_tile.
<suppressed ~143 debug messages>
Optimizing module $paramod$19610d36066bea265eccabe9a1b9eed43380701f\add_tree.

4. Executing FLATTEN pass (flatten design).
Deleting now unused module ffn_tile.
Deleting now unused module $paramod$19610d36066bea265eccabe9a1b9eed43380701f\add_tree.
<suppressed ~17 debug messages>

5. Executing OPT_EXPR pass (perform const folding).
Optimizing module ffn_tile_reg.
<suppressed ~62 debug messages>

6. Executing OPT_CLEAN pass (remove unused cells and wires).
Finding unused cells or wires in module \ffn_tile_reg..
Removed 0 unused cells and 2335 unused wires.
<suppressed ~62 debug messages>

7. Executing SYNTH pass.

7.1. Executing HIERARCHY pass (managing design hierarchy).

7.1.1. Analyzing design hierarchy..
Top module:  \ffn_tile_reg

7.1.2. Analyzing design hierarchy..
Top module:  \ffn_tile_reg
Removed 0 unused modules.

7.2. Executing PROC pass (convert processes to netlists).

7.2.1. Executing PROC_CLEAN pass (remove empty switches from decision trees).
Cleaned up 0 empty switches.

7.2.2. Executing PROC_RMDEAD pass (remove dead branches from decision trees).
Removed a total of 0 dead cases.

7.2.3. Executing PROC_PRUNE pass (remove redundant assignments in processes).
Removed 0 redundant assignments.
Promoted 0 assignments to connections.

7.2.4. Executing PROC_INIT pass (extract init attributes).

7.2.5. Executing PROC_ARST pass (detect async resets in processes).

7.2.6. Executing PROC_ROM pass (convert switches to ROMs).
Converted 0 switches.

7.2.7. Executing PROC_MUX pass (convert decision trees to multiplexers).

7.2.8. Executing PROC_DLATCH pass (convert process syncs to latches).

7.2.9. Executing PROC_DFF pass (convert process syncs to FFs).

7.2.10. Executing PROC_MEMWR pass (convert process memory writes to cells).

7.2.11. Executing PROC_CLEAN pass (remove empty switches from decision trees).
Cleaned up 0 empty switches.

7.2.12. Executing OPT_EXPR pass (perform const folding).
Optimizing module ffn_tile_reg.

7.3. Executing OPT_EXPR pass (perform const folding).
Optimizing module ffn_tile_reg.

7.4. Executing OPT_CLEAN pass (remove unused cells and wires).
Finding unused cells or wires in module \ffn_tile_reg..

7.5. Executing CHECK pass (checking for obvious problems).
Checking module ffn_tile_reg...
Found and reported 0 problems.

7.6. Executing OPT pass (performing simple optimizations).

7.6.1. Executing OPT_EXPR pass (perform const folding).
Optimizing module ffn_tile_reg.

7.6.2. Executing OPT_MERGE pass (detect identical cells).
Finding identical cells in module `\ffn_tile_reg'.
Computing hashes of 387 cells of `\ffn_tile_reg'.
Finding duplicate cells in `\ffn_tile_reg'.
Computing hashes of 315 cells of `\ffn_tile_reg'.
Finding duplicate cells in `\ffn_tile_reg'.
Computing hashes of 307 cells of `\ffn_tile_reg'.
Finding duplicate cells in `\ffn_tile_reg'.
<suppressed ~240 debug messages>
Removed a total of 80 cells.

7.6.3. Executing OPT_MUXTREE pass (detect dead branches in mux trees).
Running muxtree optimizer on module \ffn_tile_reg..
  Creating internal representation of mux trees.
  No muxes found in this module.
Removed 0 multiplexer ports.

7.6.4. Executing OPT_REDUCE pass (consolidate $*mux and $reduce_* inputs).
  Optimizing cells in module \ffn_tile_reg.
Performed a total of 0 changes.

7.6.5. Executing OPT_MERGE pass (detect identical cells).
Finding identical cells in module `\ffn_tile_reg'.
Computing hashes of 307 cells of `\ffn_tile_reg'.
Finding duplicate cells in `\ffn_tile_reg'.
Removed a total of 0 cells.

7.6.6. Executing OPT_DFF pass (perform DFF optimizations).

7.6.7. Executing OPT_CLEAN pass (remove unused cells and wires).
Finding unused cells or wires in module \ffn_tile_reg..
Removed 0 unused cells and 80 unused wires.
<suppressed ~1 debug messages>

7.6.8. Executing OPT_EXPR pass (perform const folding).
Optimizing module ffn_tile_reg.

7.6.9. Rerunning OPT passes. (Maybe there is more to do..)

7.6.10. Executing OPT_MUXTREE pass (detect dead branches in mux trees).
Running muxtree optimizer on module \ffn_tile_reg..
  Creating internal representation of mux trees.
  No muxes found in this module.
Removed 0 multiplexer ports.

7.6.11. Executing OPT_REDUCE pass (consolidate $*mux and $reduce_* inputs).
  Optimizing cells in module \ffn_tile_reg.
Performed a total of 0 changes.

7.6.12. Executing OPT_MERGE pass (detect identical cells).
Finding identical cells in module `\ffn_tile_reg'.
Computing hashes of 307 cells of `\ffn_tile_reg'.
Finding duplicate cells in `\ffn_tile_reg'.
Removed a total of 0 cells.

7.6.13. Executing OPT_DFF pass (perform DFF optimizations).

7.6.14. Executing OPT_CLEAN pass (remove unused cells and wires).
Finding unused cells or wires in module \ffn_tile_reg..

7.6.15. Executing OPT_EXPR pass (perform const folding).
Optimizing module ffn_tile_reg.

7.6.16. Finished fast OPT passes. (There is nothing left to do.)

7.7. Executing FSM pass (extract and optimize FSM).

7.7.1. Executing FSM_DETECT pass (finding FSMs in design).

7.7.2. Executing FSM_EXTRACT pass (extracting FSM from design).

7.7.3. Executing FSM_OPT pass (simple optimizations of FSMs).

7.7.4. Executing OPT_CLEAN pass (remove unused cells and wires).
Finding unused cells or wires in module \ffn_tile_reg..

7.7.5. Executing FSM_OPT pass (simple optimizations of FSMs).

7.7.6. Executing FSM_RECODE pass (re-assigning FSM state encoding).

7.7.7. Executing FSM_INFO pass (dumping all available information on FSM cells).

7.7.8. Executing FSM_MAP pass (mapping FSMs to basic logic).

7.8. Executing OPT pass (performing simple optimizations).

7.8.1. Executing OPT_EXPR pass (perform const folding).
Optimizing module ffn_tile_reg.

7.8.2. Executing OPT_MERGE pass (detect identical cells).
Finding identical cells in module `\ffn_tile_reg'.
Computing hashes of 307 cells of `\ffn_tile_reg'.
Finding duplicate cells in `\ffn_tile_reg'.
Removed a total of 0 cells.

7.8.3. Executing OPT_MUXTREE pass (detect dead branches in mux trees).
Running muxtree optimizer on module \ffn_tile_reg..
  Creating internal representation of mux trees.
  No muxes found in this module.
Removed 0 multiplexer ports.

7.8.4. Executing OPT_REDUCE pass (consolidate $*mux and $reduce_* inputs).
  Optimizing cells in module \ffn_tile_reg.
Performed a total of 0 changes.

7.8.5. Executing OPT_MERGE pass (detect identical cells).
Finding identical cells in module `\ffn_tile_reg'.
Computing hashes of 307 cells of `\ffn_tile_reg'.
Finding duplicate cells in `\ffn_tile_reg'.
Removed a total of 0 cells.

7.8.6. Executing OPT_DFF pass (perform DFF optimizations).

7.8.7. Executing OPT_CLEAN pass (remove unused cells and wires).
Finding unused cells or wires in module \ffn_tile_reg..

7.8.8. Executing OPT_EXPR pass (perform const folding).
Optimizing module ffn_tile_reg.

7.8.9. Finished fast OPT passes. (There is nothing left to do.)

7.9. Executing WREDUCE pass (reducing word size of cells).
Converting cell ffn_tile_reg.$flatten\u_comb.\g_row[8].u_tree.$add$/Users/toprakgundogdu/qwen-ffn-rom/rtl/ffn_tile_16x16_b4_reg.v:20$2773 ($add) from unsigned to signed.
Removed top 4 bits (of 16) from port A of cell ffn_tile_reg.$flatten\u_comb.\g_row[8].u_tree.$add$/Users/toprakgundogdu/qwen-ffn-rom/rtl/ffn_tile_16x16_b4_reg.v:20$2773 ($add).
Removed top 4 bits (of 16) from port B of cell ffn_tile_reg.$flatten\u_comb.\g_row[8].u_tree.$add$/Users/toprakgundogdu/qwen-ffn-rom/rtl/ffn_tile_16x16_b4_reg.v:20$2773 ($add).
Removed top 3 bits (of 16) from port Y of cell ffn_tile_reg.$flatten\u_comb.\g_row[8].u_tree.$add$/Users/toprakgundogdu/qwen-ffn-rom/rtl/ffn_tile_16x16_b4_reg.v:20$2773 ($add).
Converting cell ffn_tile_reg.$flatten\u_comb.\g_row[8].u_tree.$add$/Users/toprakgundogdu/qwen-ffn-rom/rtl/ffn_tile_16x16_b4_reg.v:20$2775 ($add) from unsigned to signed.
Removed top 3 bits (of 16) from port A of cell ffn_tile_reg.$flatten\u_comb.\g_row[8].u_tree.$add$/Users/toprakgundogdu/qwen-ffn-rom/rtl/ffn_tile_16x16_b4_reg.v:20$2775 ($add).
Removed top 8 bits (of 16) from port B of cell ffn_tile_reg.$flatten\u_comb.\g_row[8].u_tree.$add$/Users/toprakgundogdu/qwen-ffn-rom/rtl/ffn_tile_16x16_b4_reg.v:20$2775 ($add).
Removed top 2 bits (of 16) from port Y of cell ffn_tile_reg.$flatten\u_comb.\g_row[8].u_tree.$add$/Users/toprakgundogdu/qwen-ffn-rom/rtl/ffn_tile_16x16_b4_reg.v:20$2775 ($add).
Converting cell ffn_tile_reg.$flatten\u_comb.\g_row[8].u_tree.$add$/Users/toprakgundogdu/qwen-ffn-rom/rtl/ffn_tile_16x16_b4_reg.v:20$2776 ($add) from unsigned to signed.
Removed top 2 bits (of 16) from port A of cell ffn_tile_reg.$flatten\u_comb.\g_row[8].u_tree.$add$/Users/toprakgundogdu/qwen-ffn-rom/rtl/ffn_tile_16x16_b4_reg.v:20$2776 ($add).
Removed top 6 bits (of 16) from port B of cell ffn_tile_reg.$flatten\u_comb.\g_row[8].u_tree.$add$/Users/toprakgundogdu/qwen-ffn-rom/rtl/ffn_tile_16x16_b4_reg.v:20$2776 ($add).
Removed top 1 bits (of 16) from port Y of cell ffn_tile_reg.$flatten\u_comb.\g_row[8].u_tree.$add$/Users/toprakgundogdu/qwen-ffn-rom/rtl/ffn_tile_16x16_b4_reg.v:20$2776 ($add).
Converting cell ffn_tile_reg.$flatten\u_comb.\g_row[8].u_tree.$add$/Users/toprakgundogdu/qwen-ffn-rom/rtl/ffn_tile_16x16_b4_reg.v:20$2779 ($add) from unsigned to signed.
Removed top 1 bits (of 16) from port A of cell ffn_tile_reg.$flatten\u_comb.\g_row[8].u_tree.$add$/Users/toprakgundogdu/qwen-ffn-rom/rtl/ffn_tile_16x16_b4_reg.v:20$2779 ($add).
Removed top 4 bits (of 16) from port B of cell ffn_tile_reg.$flatten\u_comb.\g_row[8].u_tree.$add$/Users/toprakgundogdu/qwen-ffn-rom/rtl/ffn_tile_16x16_b4_reg.v:20$2779 ($add).
Removed top 6 bits (of 16) from port B of cell ffn_tile_reg.$flatten\u_comb.\g_row[8].u_tree.$add$/Users/toprakgundogdu/qwen-ffn-rom/rtl/ffn_tile_16x16_b4_reg.v:20$2780 ($add).
Removed top 4 bits (of 16) from port B of cell ffn_tile_reg.$flatten\u_comb.\g_row[8].u_tree.$add$/Users/toprakgundogdu/qwen-ffn-rom/rtl/ffn_tile_16x16_b4_reg.v:20$2781 ($add).
Removed top 4 bits (of 16) from port B of cell ffn_tile_reg.$flatten\u_comb.\g_row[8].u_tree.$add$/Users/toprakgundogdu/qwen-ffn-rom/rtl/ffn_tile_16x16_b4_reg.v:20$2782 ($add).
Removed top 8 bits (of 16) from port B of cell ffn_tile_reg.$flatten\u_comb.\g_row[8].u_tree.$add$/Users/toprakgundogdu/qwen-ffn-rom/rtl/ffn_tile_16x16_b4_reg.v:20$2784 ($add).
Converting cell ffn_tile_reg.$flatten\u_comb.\g_row[7].u_tree.$add$/Users/toprakgundogdu/qwen-ffn-rom/rtl/ffn_tile_16x16_b4_reg.v:20$2771 ($add) from unsigned to signed.
Removed top 4 bits (of 16) from port A of cell ffn_tile_reg.$flatten\u_comb.\g_row[7].u_tree.$add$/Users/toprakgundogdu/qwen-ffn-rom/rtl/ffn_tile_16x16_b4_reg.v:20$2771 ($add).
Removed top 4 bits (of 16) from port B of cell ffn_tile_reg.$flatten\u_comb.\g_row[7].u_tree.$add$/Users/toprakgundogdu/qwen-ffn-rom/rtl/ffn_tile_16x16_b4_reg.v:20$2771 ($add).
Removed top 3 bits (of 16) from port Y of cell ffn_tile_reg.$flatten\u_comb.\g_row[7].u_tree.$add$/Users/toprakgundogdu/qwen-ffn-rom/rtl/ffn_tile_16x16_b4_reg.v:20$2771 ($add).
Converting cell ffn_tile_reg.$flatten\u_comb.\g_row[7].u_tree.$add$/Users/toprakgundogdu/qwen-ffn-rom/rtl/ffn_tile_16x16_b4_reg.v:20$2772 ($add) from unsigned to signed.
Removed top 3 bits (of 16) from port A of cell ffn_tile_reg.$flatten\u_comb.\g_row[7].u_tree.$add$/Users/toprakgundogdu/qwen-ffn-rom/rtl/ffn_tile_16x16_b4_reg.v:20$2772 ($add).
Removed top 4 bits (of 16) from port B of cell ffn_tile_reg.$flatten\u_comb.\g_row[7].u_tree.$add$/Users/toprakgundogdu/qwen-ffn-rom/rtl/ffn_tile_16x16_b4_reg.v:20$2772 ($add).
Removed top 2 bits (of 16) from port Y of cell ffn_tile_reg.$flatten\u_comb.\g_row[7].u_tree.$add$/Users/toprakgundogdu/qwen-ffn-rom/rtl/ffn_tile_16x16_b4_reg.v:20$2772 ($add).
Converting cell ffn_tile_reg.$flatten\u_comb.\g_row[7].u_tree.$add$/Users/toprakgundogdu/qwen-ffn-rom/rtl/ffn_tile_16x16_b4_reg.v:20$2773 ($add) from unsigned to signed.
Removed top 2 bits (of 16) from port A of cell ffn_tile_reg.$flatten\u_comb.\g_row[7].u_tree.$add$/Users/toprakgundogdu/qwen-ffn-rom/rtl/ffn_tile_16x16_b4_reg.v:20$2773 ($add).
Removed top 4 bits (of 16) from port B of cell ffn_tile_reg.$flatten\u_comb.\g_row[7].u_tree.$add$/Users/toprakgundogdu/qwen-ffn-rom/rtl/ffn_tile_16x16_b4_reg.v:20$2773 ($add).
Removed top 1 bits (of 16) from port Y of cell ffn_tile_reg.$flatten\u_comb.\g_row[7].u_tree.$add$/Users/toprakgundogdu/qwen-ffn-rom/rtl/ffn_tile_16x16_b4_reg.v:20$2773 ($add).
Converting cell ffn_tile_reg.$flatten\u_comb.\g_row[7].u_tree.$add$/Users/toprakgundogdu/qwen-ffn-rom/rtl/ffn_tile_16x16_b4_reg.v:20$2774 ($add) from unsigned to signed.
Removed top 1 bits (of 16) from port A of cell ffn_tile_reg.$flatten\u_comb.\g_row[7].u_tree.$add$/Users/toprakgundogdu/qwen-ffn-rom/rtl/ffn_tile_16x16_b4_reg.v:20$2774 ($add).
Removed top 4 bits (of 16) from port B of cell ffn_tile_reg.$flatten\u_comb.\g_row[7].u_tree.$add$/Users/toprakgundogdu/qwen-ffn-rom/rtl/ffn_tile_16x16_b4_reg.v:20$2774 ($add).
Removed top 8 bits (of 16) from port B of cell ffn_tile_reg.$flatten\u_comb.\g_row[7].u_tree.$add$/Users/toprakgundogdu/qwen-ffn-rom/rtl/ffn_tile_16x16_b4_reg.v:20$2776 ($add).
Removed top 4 bits (of 16) from port B of cell ffn_tile_reg.$flatten\u_comb.\g_row[7].u_tree.$add$/Users/toprakgundogdu/qwen-ffn-rom/rtl/ffn_tile_16x16_b4_reg.v:20$2777 ($add).
Removed top 8 bits (of 16) from port B of cell ffn_tile_reg.$flatten\u_comb.\g_row[7].u_tree.$add$/Users/toprakgundogdu/qwen-ffn-rom/rtl/ffn_tile_16x16_b4_reg.v:20$2778 ($add).
Removed top 4 bits (of 16) from port B of cell ffn_tile_reg.$flatten\u_comb.\g_row[7].u_tree.$add$/Users/toprakgundogdu/qwen-ffn-rom/rtl/ffn_tile_16x16_b4_reg.v:20$2779 ($add).
Removed top 4 bits (of 16) from port B of cell ffn_tile_reg.$flatten\u_comb.\g_row[7].u_tree.$add$/Users/toprakgundogdu/qwen-ffn-rom/rtl/ffn_tile_16x16_b4_reg.v:20$2780 ($add).
Removed top 4 bits (of 16) from port B of cell ffn_tile_reg.$flatten\u_comb.\g_row[7].u_tree.$add$/Users/toprakgundogdu/qwen-ffn-rom/rtl/ffn_tile_16x16_b4_reg.v:20$2781 ($add).
Removed top 4 bits (of 16) from port B of cell ffn_tile_reg.$flatten\u_comb.\g_row[7].u_tree.$add$/Users/toprakgundogdu/qwen-ffn-rom/rtl/ffn_tile_16x16_b4_reg.v:20$2783 ($add).
Removed top 4 bits (of 16) from port B of cell ffn_tile_reg.$flatten\u_comb.\g_row[7].u_tree.$add$/Users/toprakgundogdu/qwen-ffn-rom/rtl/ffn_tile_16x16_b4_reg.v:20$2784 ($add).
Removed top 4 bits (of 16) from port B of cell ffn_tile_reg.$flatten\u_comb.\g_row[7].u_tree.$add$/Users/toprakgundogdu/qwen-ffn-rom/rtl/ffn_tile_16x16_b4_reg.v:20$2785 ($add).
Converting cell ffn_tile_reg.$flatten\u_comb.\g_row[6].u_tree.$add$/Users/toprakgundogdu/qwen-ffn-rom/rtl/ffn_tile_16x16_b4_reg.v:20$2771 ($add) from unsigned to signed.
Removed top 4 bits (of 16) from port A of cell ffn_tile_reg.$flatten\u_comb.\g_row[6].u_tree.$add$/Users/toprakgundogdu/qwen-ffn-rom/rtl/ffn_tile_16x16_b4_reg.v:20$2771 ($add).
Removed top 7 bits (of 16) from port B of cell ffn_tile_reg.$flatten\u_comb.\g_row[6].u_tree.$add$/Users/toprakgundogdu/qwen-ffn-rom/rtl/ffn_tile_16x16_b4_reg.v:20$2771 ($add).
Removed top 3 bits (of 16) from port Y of cell ffn_tile_reg.$flatten\u_comb.\g_row[6].u_tree.$add$/Users/toprakgundogdu/qwen-ffn-rom/rtl/ffn_tile_16x16_b4_reg.v:20$2771 ($add).
Converting cell ffn_tile_reg.$flatten\u_comb.\g_row[6].u_tree.$add$/Users/toprakgundogdu/qwen-ffn-rom/rtl/ffn_tile_16x16_b4_reg.v:20$2772 ($add) from unsigned to signed.
Removed top 3 bits (of 16) from port A of cell ffn_tile_reg.$flatten\u_comb.\g_row[6].u_tree.$add$/Users/toprakgundogdu/qwen-ffn-rom/rtl/ffn_tile_16x16_b4_reg.v:20$2772 ($add).
Removed top 8 bits (of 16) from port B of cell ffn_tile_reg.$flatten\u_comb.\g_row[6].u_tree.$add$/Users/toprakgundogdu/qwen-ffn-rom/rtl/ffn_tile_16x16_b4_reg.v:20$2772 ($add).
Removed top 2 bits (of 16) from port Y of cell ffn_tile_reg.$flatten\u_comb.\g_row[6].u_tree.$add$/Users/toprakgundogdu/qwen-ffn-rom/rtl/ffn_tile_16x16_b4_reg.v:20$2772 ($add).
Converting cell ffn_tile_reg.$flatten\u_comb.\g_row[6].u_tree.$add$/Users/toprakgundogdu/qwen-ffn-rom/rtl/ffn_tile_16x16_b4_reg.v:20$2773 ($add) from unsigned to signed.
Removed top 2 bits (of 16) from port A of cell ffn_tile_reg.$flatten\u_comb.\g_row[6].u_tree.$add$/Users/toprakgundogdu/qwen-ffn-rom/rtl/ffn_tile_16x16_b4_reg.v:20$2773 ($add).
Removed top 4 bits (of 16) from port B of cell ffn_tile_reg.$flatten\u_comb.\g_row[6].u_tree.$add$/Users/toprakgundogdu/qwen-ffn-rom/rtl/ffn_tile_16x16_b4_reg.v:20$2773 ($add).
Removed top 1 bits (of 16) from port Y of cell ffn_tile_reg.$flatten\u_comb.\g_row[6].u_tree.$add$/Users/toprakgundogdu/qwen-ffn-rom/rtl/ffn_tile_16x16_b4_reg.v:20$2773 ($add).
Converting cell ffn_tile_reg.$flatten\u_comb.\g_row[6].u_tree.$add$/Users/toprakgundogdu/qwen-ffn-rom/rtl/ffn_tile_16x16_b4_reg.v:20$2774 ($add) from unsigned to signed.
Removed top 1 bits (of 16) from port A of cell ffn_tile_reg.$flatten\u_comb.\g_row[6].u_tree.$add$/Users/toprakgundogdu/qwen-ffn-rom/rtl/ffn_tile_16x16_b4_reg.v:20$2774 ($add).
Removed top 4 bits (of 16) from port B of cell ffn_tile_reg.$flatten\u_comb.\g_row[6].u_tree.$add$/Users/toprakgundogdu/qwen-ffn-rom/rtl/ffn_tile_16x16_b4_reg.v:20$2774 ($add).
Removed top 8 bits (of 16) from port B of cell ffn_tile_reg.$flatten\u_comb.\g_row[6].u_tree.$add$/Users/toprakgundogdu/qwen-ffn-rom/rtl/ffn_tile_16x16_b4_reg.v:20$2775 ($add).
Removed top 4 bits (of 16) from port B of cell ffn_tile_reg.$flatten\u_comb.\g_row[6].u_tree.$add$/Users/toprakgundogdu/qwen-ffn-rom/rtl/ffn_tile_16x16_b4_reg.v:20$2776 ($add).
Removed top 4 bits (of 16) from port B of cell ffn_tile_reg.$flatten\u_comb.\g_row[6].u_tree.$add$/Users/toprakgundogdu/qwen-ffn-rom/rtl/ffn_tile_16x16_b4_reg.v:20$2777 ($add).
Removed top 7 bits (of 16) from port B of cell ffn_tile_reg.$flatten\u_comb.\g_row[6].u_tree.$add$/Users/toprakgundogdu/qwen-ffn-rom/rtl/ffn_tile_16x16_b4_reg.v:20$2778 ($add).
Removed top 7 bits (of 16) from port B of cell ffn_tile_reg.$flatten\u_comb.\g_row[6].u_tree.$add$/Users/toprakgundogdu/qwen-ffn-rom/rtl/ffn_tile_16x16_b4_reg.v:20$2779 ($add).
Removed top 4 bits (of 16) from port B of cell ffn_tile_reg.$flatten\u_comb.\g_row[6].u_tree.$add$/Users/toprakgundogdu/qwen-ffn-rom/rtl/ffn_tile_16x16_b4_reg.v:20$2780 ($add).
Removed top 4 bits (of 16) from port B of cell ffn_tile_reg.$flatten\u_comb.\g_row[6].u_tree.$add$/Users/toprakgundogdu/qwen-ffn-rom/rtl/ffn_tile_16x16_b4_reg.v:20$2781 ($add).
Removed top 4 bits (of 16) from port B of cell ffn_tile_reg.$flatten\u_comb.\g_row[6].u_tree.$add$/Users/toprakgundogdu/qwen-ffn-rom/rtl/ffn_tile_16x16_b4_reg.v:20$2782 ($add).
Removed top 4 bits (of 16) from port B of cell ffn_tile_reg.$flatten\u_comb.\g_row[6].u_tree.$add$/Users/toprakgundogdu/qwen-ffn-rom/rtl/ffn_tile_16x16_b4_reg.v:20$2783 ($add).
Removed top 4 bits (of 16) from port B of cell ffn_tile_reg.$flatten\u_comb.\g_row[6].u_tree.$add$/Users/toprakgundogdu/qwen-ffn-rom/rtl/ffn_tile_16x16_b4_reg.v:20$2784 ($add).
Converting cell ffn_tile_reg.$flatten\u_comb.\g_row[12].u_tree.$add$/Users/toprakgundogdu/qwen-ffn-rom/rtl/ffn_tile_16x16_b4_reg.v:20$2772 ($add) from unsigned to signed.
Removed top 4 bits (of 16) from port A of cell ffn_tile_reg.$flatten\u_comb.\g_row[12].u_tree.$add$/Users/toprakgundogdu/qwen-ffn-rom/rtl/ffn_tile_16x16_b4_reg.v:20$2772 ($add).
Removed top 8 bits (of 16) from port B of cell ffn_tile_reg.$flatten\u_comb.\g_row[12].u_tree.$add$/Users/toprakgundogdu/qwen-ffn-rom/rtl/ffn_tile_16x16_b4_reg.v:20$2772 ($add).
Removed top 3 bits (of 16) from port Y of cell ffn_tile_reg.$flatten\u_comb.\g_row[12].u_tree.$add$/Users/toprakgundogdu/qwen-ffn-rom/rtl/ffn_tile_16x16_b4_reg.v:20$2772 ($add).
Converting cell ffn_tile_reg.$flatten\u_comb.\g_row[12].u_tree.$add$/Users/toprakgundogdu/qwen-ffn-rom/rtl/ffn_tile_16x16_b4_reg.v:20$2773 ($add) from unsigned to signed.
Removed top 3 bits (of 16) from port A of cell ffn_tile_reg.$flatten\u_comb.\g_row[12].u_tree.$add$/Users/toprakgundogdu/qwen-ffn-rom/rtl/ffn_tile_16x16_b4_reg.v:20$2773 ($add).
Removed top 4 bits (of 16) from port B of cell ffn_tile_reg.$flatten\u_comb.\g_row[12].u_tree.$add$/Users/toprakgundogdu/qwen-ffn-rom/rtl/ffn_tile_16x16_b4_reg.v:20$2773 ($add).
Removed top 2 bits (of 16) from port Y of cell ffn_tile_reg.$flatten\u_comb.\g_row[12].u_tree.$add$/Users/toprakgundogdu/qwen-ffn-rom/rtl/ffn_tile_16x16_b4_reg.v:20$2773 ($add).
Converting cell ffn_tile_reg.$flatten\u_comb.\g_row[12].u_tree.$add$/Users/toprakgundogdu/qwen-ffn-rom/rtl/ffn_tile_16x16_b4_reg.v:20$2775 ($add) from unsigned to signed.
Removed top 2 bits (of 16) from port A of cell ffn_tile_reg.$flatten\u_comb.\g_row[12].u_tree.$add$/Users/toprakgundogdu/qwen-ffn-rom/rtl/ffn_tile_16x16_b4_reg.v:20$2775 ($add).
Removed top 4 bits (of 16) from port B of cell ffn_tile_reg.$flatten\u_comb.\g_row[12].u_tree.$add$/Users/toprakgundogdu/qwen-ffn-rom/rtl/ffn_tile_16x16_b4_reg.v:20$2775 ($add).
Removed top 1 bits (of 16) from port Y of cell ffn_tile_reg.$flatten\u_comb.\g_row[12].u_tree.$add$/Users/toprakgundogdu/qwen-ffn-rom/rtl/ffn_tile_16x16_b4_reg.v:20$2775 ($add).
Converting cell ffn_tile_reg.$flatten\u_comb.\g_row[12].u_tree.$add$/Users/toprakgundogdu/qwen-ffn-rom/rtl/ffn_tile_16x16_b4_reg.v:20$2776 ($add) from unsigned to signed.
Removed top 1 bits (of 16) from port A of cell ffn_tile_reg.$flatten\u_comb.\g_row[12].u_tree.$add$/Users/toprakgundogdu/qwen-ffn-rom/rtl/ffn_tile_16x16_b4_reg.v:20$2776 ($add).
Removed top 4 bits (of 16) from port B of cell ffn_tile_reg.$flatten\u_comb.\g_row[12].u_tree.$add$/Users/toprakgundogdu/qwen-ffn-rom/rtl/ffn_tile_16x16_b4_reg.v:20$2776 ($add).
Removed top 7 bits (of 16) from port B of cell ffn_tile_reg.$flatten\u_comb.\g_row[12].u_tree.$add$/Users/toprakgundogdu/qwen-ffn-rom/rtl/ffn_tile_16x16_b4_reg.v:20$2777 ($add).
Removed top 8 bits (of 16) from port B of cell ffn_tile_reg.$flatten\u_comb.\g_row[12].u_tree.$add$/Users/toprakgundogdu/qwen-ffn-rom/rtl/ffn_tile_16x16_b4_reg.v:20$2778 ($add).
Removed top 8 bits (of 16) from port B of cell ffn_tile_reg.$flatten\u_comb.\g_row[12].u_tree.$add$/Users/toprakgundogdu/qwen-ffn-rom/rtl/ffn_tile_16x16_b4_reg.v:20$2779 ($add).
Removed top 4 bits (of 16) from port B of cell ffn_tile_reg.$flatten\u_comb.\g_row[12].u_tree.$add$/Users/toprakgundogdu/qwen-ffn-rom/rtl/ffn_tile_16x16_b4_reg.v:20$2780 ($add).
Removed top 4 bits (of 16) from port B of cell ffn_tile_reg.$flatten\u_comb.\g_row[12].u_tree.$add$/Users/toprakgundogdu/qwen-ffn-rom/rtl/ffn_tile_16x16_b4_reg.v:20$2781 ($add).
Removed top 4 bits (of 16) from port B of cell ffn_tile_reg.$flatten\u_comb.\g_row[12].u_tree.$add$/Users/toprakgundogdu/qwen-ffn-rom/rtl/ffn_tile_16x16_b4_reg.v:20$2782 ($add).
Removed top 4 bits (of 16) from port B of cell ffn_tile_reg.$flatten\u_comb.\g_row[12].u_tree.$add$/Users/toprakgundogdu/qwen-ffn-rom/rtl/ffn_tile_16x16_b4_reg.v:20$2783 ($add).
Removed top 4 bits (of 16) from port B of cell ffn_tile_reg.$flatten\u_comb.\g_row[12].u_tree.$add$/Users/toprakgundogdu/qwen-ffn-rom/rtl/ffn_tile_16x16_b4_reg.v:20$2784 ($add).
Removed top 4 bits (of 16) from port B of cell ffn_tile_reg.$flatten\u_comb.\g_row[12].u_tree.$add$/Users/toprakgundogdu/qwen-ffn-rom/rtl/ffn_tile_16x16_b4_reg.v:20$2785 ($add).
Converting cell ffn_tile_reg.$flatten\u_comb.\g_row[5].u_tree.$add$/Users/toprakgundogdu/qwen-ffn-rom/rtl/ffn_tile_16x16_b4_reg.v:20$2772 ($add) from unsigned to signed.
Removed top 7 bits (of 16) from port A of cell ffn_tile_reg.$flatten\u_comb.\g_row[5].u_tree.$add$/Users/toprakgundogdu/qwen-ffn-rom/rtl/ffn_tile_16x16_b4_reg.v:20$2772 ($add).
Removed top 4 bits (of 16) from port B of cell ffn_tile_reg.$flatten\u_comb.\g_row[5].u_tree.$add$/Users/toprakgundogdu/qwen-ffn-rom/rtl/ffn_tile_16x16_b4_reg.v:20$2772 ($add).
Removed top 3 bits (of 16) from port Y of cell ffn_tile_reg.$flatten\u_comb.\g_row[5].u_tree.$add$/Users/toprakgundogdu/qwen-ffn-rom/rtl/ffn_tile_16x16_b4_reg.v:20$2772 ($add).
Converting cell ffn_tile_reg.$flatten\u_comb.\g_row[5].u_tree.$add$/Users/toprakgundogdu/qwen-ffn-rom/rtl/ffn_tile_16x16_b4_reg.v:20$2773 ($add) from unsigned to signed.
Removed top 3 bits (of 16) from port A of cell ffn_tile_reg.$flatten\u_comb.\g_row[5].u_tree.$add$/Users/toprakgundogdu/qwen-ffn-rom/rtl/ffn_tile_16x16_b4_reg.v:20$2773 ($add).
Removed top 6 bits (of 16) from port B of cell ffn_tile_reg.$flatten\u_comb.\g_row[5].u_tree.$add$/Users/toprakgundogdu/qwen-ffn-rom/rtl/ffn_tile_16x16_b4_reg.v:20$2773 ($add).
Removed top 2 bits (of 16) from port Y of cell ffn_tile_reg.$flatten\u_comb.\g_row[5].u_tree.$add$/Users/toprakgundogdu/qwen-ffn-rom/rtl/ffn_tile_16x16_b4_reg.v:20$2773 ($add).
Converting cell ffn_tile_reg.$flatten\u_comb.\g_row[5].u_tree.$add$/Users/toprakgundogdu/qwen-ffn-rom/rtl/ffn_tile_16x16_b4_reg.v:20$2774 ($add) from unsigned to signed.
Removed top 2 bits (of 16) from port A of cell ffn_tile_reg.$flatten\u_comb.\g_row[5].u_tree.$add$/Users/toprakgundogdu/qwen-ffn-rom/rtl/ffn_tile_16x16_b4_reg.v:20$2774 ($add).
Removed top 8 bits (of 16) from port B of cell ffn_tile_reg.$flatten\u_comb.\g_row[5].u_tree.$add$/Users/toprakgundogdu/qwen-ffn-rom/rtl/ffn_tile_16x16_b4_reg.v:20$2774 ($add).
Removed top 1 bits (of 16) from port Y of cell ffn_tile_reg.$flatten\u_comb.\g_row[5].u_tree.$add$/Users/toprakgundogdu/qwen-ffn-rom/rtl/ffn_tile_16x16_b4_reg.v:20$2774 ($add).
Converting cell ffn_tile_reg.$flatten\u_comb.\g_row[5].u_tree.$add$/Users/toprakgundogdu/qwen-ffn-rom/rtl/ffn_tile_16x16_b4_reg.v:20$2775 ($add) from unsigned to signed.
Removed top 1 bits (of 16) from port A of cell ffn_tile_reg.$flatten\u_comb.\g_row[5].u_tree.$add$/Users/toprakgundogdu/qwen-ffn-rom/rtl/ffn_tile_16x16_b4_reg.v:20$2775 ($add).
Removed top 4 bits (of 16) from port B of cell ffn_tile_reg.$flatten\u_comb.\g_row[5].u_tree.$add$/Users/toprakgundogdu/qwen-ffn-rom/rtl/ffn_tile_16x16_b4_reg.v:20$2775 ($add).
Removed top 7 bits (of 16) from port B of cell ffn_tile_reg.$flatten\u_comb.\g_row[5].u_tree.$add$/Users/toprakgundogdu/qwen-ffn-rom/rtl/ffn_tile_16x16_b4_reg.v:20$2776 ($add).
Removed top 4 bits (of 16) from port B of cell ffn_tile_reg.$flatten\u_comb.\g_row[5].u_tree.$add$/Users/toprakgundogdu/qwen-ffn-rom/rtl/ffn_tile_16x16_b4_reg.v:20$2777 ($add).
Removed top 8 bits (of 16) from port B of cell ffn_tile_reg.$flatten\u_comb.\g_row[5].u_tree.$add$/Users/toprakgundogdu/qwen-ffn-rom/rtl/ffn_tile_16x16_b4_reg.v:20$2778 ($add).
Removed top 4 bits (of 16) from port B of cell ffn_tile_reg.$flatten\u_comb.\g_row[5].u_tree.$add$/Users/toprakgundogdu/qwen-ffn-rom/rtl/ffn_tile_16x16_b4_reg.v:20$2779 ($add).
Removed top 6 bits (of 16) from port B of cell ffn_tile_reg.$flatten\u_comb.\g_row[5].u_tree.$add$/Users/toprakgundogdu/qwen-ffn-rom/rtl/ffn_tile_16x16_b4_reg.v:20$2780 ($add).
Removed top 4 bits (of 16) from port B of cell ffn_tile_reg.$flatten\u_comb.\g_row[5].u_tree.$add$/Users/toprakgundogdu/qwen-ffn-rom/rtl/ffn_tile_16x16_b4_reg.v:20$2781 ($add).
Removed top 4 bits (of 16) from port B of cell ffn_tile_reg.$flatten\u_comb.\g_row[5].u_tree.$add$/Users/toprakgundogdu/qwen-ffn-rom/rtl/ffn_tile_16x16_b4_reg.v:20$2783 ($add).
Removed top 4 bits (of 16) from port B of cell ffn_tile_reg.$flatten\u_comb.\g_row[5].u_tree.$add$/Users/toprakgundogdu/qwen-ffn-rom/rtl/ffn_tile_16x16_b4_reg.v:20$2785 ($add).
Converting cell ffn_tile_reg.$flatten\u_comb.\g_row[10].u_tree.$add$/Users/toprakgundogdu/qwen-ffn-rom/rtl/ffn_tile_16x16_b4_reg.v:20$2771 ($add) from unsigned to signed.
Removed top 4 bits (of 16) from port A of cell ffn_tile_reg.$flatten\u_comb.\g_row[10].u_tree.$add$/Users/toprakgundogdu/qwen-ffn-rom/rtl/ffn_tile_16x16_b4_reg.v:20$2771 ($add).
Removed top 4 bits (of 16) from port B of cell ffn_tile_reg.$flatten\u_comb.\g_row[10].u_tree.$add$/Users/toprakgundogdu/qwen-ffn-rom/rtl/ffn_tile_16x16_b4_reg.v:20$2771 ($add).
Removed top 3 bits (of 16) from port Y of cell ffn_tile_reg.$flatten\u_comb.\g_row[10].u_tree.$add$/Users/toprakgundogdu/qwen-ffn-rom/rtl/ffn_tile_16x16_b4_reg.v:20$2771 ($add).
Converting cell ffn_tile_reg.$flatten\u_comb.\g_row[10].u_tree.$add$/Users/toprakgundogdu/qwen-ffn-rom/rtl/ffn_tile_16x16_b4_reg.v:20$2772 ($add) from unsigned to signed.
Removed top 3 bits (of 16) from port A of cell ffn_tile_reg.$flatten\u_comb.\g_row[10].u_tree.$add$/Users/toprakgundogdu/qwen-ffn-rom/rtl/ffn_tile_16x16_b4_reg.v:20$2772 ($add).
Removed top 4 bits (of 16) from port B of cell ffn_tile_reg.$flatten\u_comb.\g_row[10].u_tree.$add$/Users/toprakgundogdu/qwen-ffn-rom/rtl/ffn_tile_16x16_b4_reg.v:20$2772 ($add).
Removed top 2 bits (of 16) from port Y of cell ffn_tile_reg.$flatten\u_comb.\g_row[10].u_tree.$add$/Users/toprakgundogdu/qwen-ffn-rom/rtl/ffn_tile_16x16_b4_reg.v:20$2772 ($add).
Converting cell ffn_tile_reg.$flatten\u_comb.\g_row[10].u_tree.$add$/Users/toprakgundogdu/qwen-ffn-rom/rtl/ffn_tile_16x16_b4_reg.v:20$2773 ($add) from unsigned to signed.
Removed top 2 bits (of 16) from port A of cell ffn_tile_reg.$flatten\u_comb.\g_row[10].u_tree.$add$/Users/toprakgundogdu/qwen-ffn-rom/rtl/ffn_tile_16x16_b4_reg.v:20$2773 ($add).
Removed top 8 bits (of 16) from port B of cell ffn_tile_reg.$flatten\u_comb.\g_row[10].u_tree.$add$/Users/toprakgundogdu/qwen-ffn-rom/rtl/ffn_tile_16x16_b4_reg.v:20$2773 ($add).
Removed top 1 bits (of 16) from port Y of cell ffn_tile_reg.$flatten\u_comb.\g_row[10].u_tree.$add$/Users/toprakgundogdu/qwen-ffn-rom/rtl/ffn_tile_16x16_b4_reg.v:20$2773 ($add).
Converting cell ffn_tile_reg.$flatten\u_comb.\g_row[10].u_tree.$add$/Users/toprakgundogdu/qwen-ffn-rom/rtl/ffn_tile_16x16_b4_reg.v:20$2774 ($add) from unsigned to signed.
Removed top 1 bits (of 16) from port A of cell ffn_tile_reg.$flatten\u_comb.\g_row[10].u_tree.$add$/Users/toprakgundogdu/qwen-ffn-rom/rtl/ffn_tile_16x16_b4_reg.v:20$2774 ($add).
Removed top 7 bits (of 16) from port B of cell ffn_tile_reg.$flatten\u_comb.\g_row[10].u_tree.$add$/Users/toprakgundogdu/qwen-ffn-rom/rtl/ffn_tile_16x16_b4_reg.v:20$2774 ($add).
Removed top 4 bits (of 16) from port B of cell ffn_tile_reg.$flatten\u_comb.\g_row[10].u_tree.$add$/Users/toprakgundogdu/qwen-ffn-rom/rtl/ffn_tile_16x16_b4_reg.v:20$2776 ($add).
Removed top 4 bits (of 16) from port B of cell ffn_tile_reg.$flatten\u_comb.\g_row[10].u_tree.$add$/Users/toprakgundogdu/qwen-ffn-rom/rtl/ffn_tile_16x16_b4_reg.v:20$2777 ($add).
Removed top 4 bits (of 16) from port B of cell ffn_tile_reg.$flatten\u_comb.\g_row[10].u_tree.$add$/Users/toprakgundogdu/qwen-ffn-rom/rtl/ffn_tile_16x16_b4_reg.v:20$2778 ($add).
Removed top 4 bits (of 16) from port B of cell ffn_tile_reg.$flatten\u_comb.\g_row[10].u_tree.$add$/Users/toprakgundogdu/qwen-ffn-rom/rtl/ffn_tile_16x16_b4_reg.v:20$2779 ($add).
Removed top 4 bits (of 16) from port B of cell ffn_tile_reg.$flatten\u_comb.\g_row[10].u_tree.$add$/Users/toprakgundogdu/qwen-ffn-rom/rtl/ffn_tile_16x16_b4_reg.v:20$2782 ($add).
Removed top 8 bits (of 16) from port B of cell ffn_tile_reg.$flatten\u_comb.\g_row[10].u_tree.$add$/Users/toprakgundogdu/qwen-ffn-rom/rtl/ffn_tile_16x16_b4_reg.v:20$2783 ($add).
Removed top 4 bits (of 16) from port B of cell ffn_tile_reg.$flatten\u_comb.\g_row[10].u_tree.$add$/Users/toprakgundogdu/qwen-ffn-rom/rtl/ffn_tile_16x16_b4_reg.v:20$2784 ($add).
Converting cell ffn_tile_reg.$flatten\u_comb.\g_row[9].u_tree.$add$/Users/toprakgundogdu/qwen-ffn-rom/rtl/ffn_tile_16x16_b4_reg.v:20$2771 ($add) from unsigned to signed.
Removed top 7 bits (of 16) from port A of cell ffn_tile_reg.$flatten\u_comb.\g_row[9].u_tree.$add$/Users/toprakgundogdu/qwen-ffn-rom/rtl/ffn_tile_16x16_b4_reg.v:20$2771 ($add).
Removed top 8 bits (of 16) from port B of cell ffn_tile_reg.$flatten\u_comb.\g_row[9].u_tree.$add$/Users/toprakgundogdu/qwen-ffn-rom/rtl/ffn_tile_16x16_b4_reg.v:20$2771 ($add).
Removed top 6 bits (of 16) from port Y of cell ffn_tile_reg.$flatten\u_comb.\g_row[9].u_tree.$add$/Users/toprakgundogdu/qwen-ffn-rom/rtl/ffn_tile_16x16_b4_reg.v:20$2771 ($add).
Converting cell ffn_tile_reg.$flatten\u_comb.\g_row[9].u_tree.$add$/Users/toprakgundogdu/qwen-ffn-rom/rtl/ffn_tile_16x16_b4_reg.v:20$2773 ($add) from unsigned to signed.
Removed top 6 bits (of 16) from port A of cell ffn_tile_reg.$flatten\u_comb.\g_row[9].u_tree.$add$/Users/toprakgundogdu/qwen-ffn-rom/rtl/ffn_tile_16x16_b4_reg.v:20$2773 ($add).
Removed top 4 bits (of 16) from port B of cell ffn_tile_reg.$flatten\u_comb.\g_row[9].u_tree.$add$/Users/toprakgundogdu/qwen-ffn-rom/rtl/ffn_tile_16x16_b4_reg.v:20$2773 ($add).
Removed top 3 bits (of 16) from port Y of cell ffn_tile_reg.$flatten\u_comb.\g_row[9].u_tree.$add$/Users/toprakgundogdu/qwen-ffn-rom/rtl/ffn_tile_16x16_b4_reg.v:20$2773 ($add).
Converting cell ffn_tile_reg.$flatten\u_comb.\g_row[9].u_tree.$add$/Users/toprakgundogdu/qwen-ffn-rom/rtl/ffn_tile_16x16_b4_reg.v:20$2775 ($add) from unsigned to signed.
Removed top 3 bits (of 16) from port A of cell ffn_tile_reg.$flatten\u_comb.\g_row[9].u_tree.$add$/Users/toprakgundogdu/qwen-ffn-rom/rtl/ffn_tile_16x16_b4_reg.v:20$2775 ($add).
Removed top 4 bits (of 16) from port B of cell ffn_tile_reg.$flatten\u_comb.\g_row[9].u_tree.$add$/Users/toprakgundogdu/qwen-ffn-rom/rtl/ffn_tile_16x16_b4_reg.v:20$2775 ($add).
Removed top 2 bits (of 16) from port Y of cell ffn_tile_reg.$flatten\u_comb.\g_row[9].u_tree.$add$/Users/toprakgundogdu/qwen-ffn-rom/rtl/ffn_tile_16x16_b4_reg.v:20$2775 ($add).
Converting cell ffn_tile_reg.$flatten\u_comb.\g_row[9].u_tree.$add$/Users/toprakgundogdu/qwen-ffn-rom/rtl/ffn_tile_16x16_b4_reg.v:20$2776 ($add) from unsigned to signed.
Removed top 2 bits (of 16) from port A of cell ffn_tile_reg.$flatten\u_comb.\g_row[9].u_tree.$add$/Users/toprakgundogdu/qwen-ffn-rom/rtl/ffn_tile_16x16_b4_reg.v:20$2776 ($add).
Removed top 8 bits (of 16) from port B of cell ffn_tile_reg.$flatten\u_comb.\g_row[9].u_tree.$add$/Users/toprakgundogdu/qwen-ffn-rom/rtl/ffn_tile_16x16_b4_reg.v:20$2776 ($add).
Removed top 1 bits (of 16) from port Y of cell ffn_tile_reg.$flatten\u_comb.\g_row[9].u_tree.$add$/Users/toprakgundogdu/qwen-ffn-rom/rtl/ffn_tile_16x16_b4_reg.v:20$2776 ($add).
Converting cell ffn_tile_reg.$flatten\u_comb.\g_row[9].u_tree.$add$/Users/toprakgundogdu/qwen-ffn-rom/rtl/ffn_tile_16x16_b4_reg.v:20$2777 ($add) from unsigned to signed.
Removed top 1 bits (of 16) from port A of cell ffn_tile_reg.$flatten\u_comb.\g_row[9].u_tree.$add$/Users/toprakgundogdu/qwen-ffn-rom/rtl/ffn_tile_16x16_b4_reg.v:20$2777 ($add).
Removed top 4 bits (of 16) from port B of cell ffn_tile_reg.$flatten\u_comb.\g_row[9].u_tree.$add$/Users/toprakgundogdu/qwen-ffn-rom/rtl/ffn_tile_16x16_b4_reg.v:20$2777 ($add).
Removed top 8 bits (of 16) from port B of cell ffn_tile_reg.$flatten\u_comb.\g_row[9].u_tree.$add$/Users/toprakgundogdu/qwen-ffn-rom/rtl/ffn_tile_16x16_b4_reg.v:20$2779 ($add).
Removed top 4 bits (of 16) from port B of cell ffn_tile_reg.$flatten\u_comb.\g_row[9].u_tree.$add$/Users/toprakgundogdu/qwen-ffn-rom/rtl/ffn_tile_16x16_b4_reg.v:20$2780 ($add).
Removed top 4 bits (of 16) from port B of cell ffn_tile_reg.$flatten\u_comb.\g_row[9].u_tree.$add$/Users/toprakgundogdu/qwen-ffn-rom/rtl/ffn_tile_16x16_b4_reg.v:20$2781 ($add).
Removed top 4 bits (of 16) from port B of cell ffn_tile_reg.$flatten\u_comb.\g_row[9].u_tree.$add$/Users/toprakgundogdu/qwen-ffn-rom/rtl/ffn_tile_16x16_b4_reg.v:20$2782 ($add).
Removed top 4 bits (of 16) from port B of cell ffn_tile_reg.$flatten\u_comb.\g_row[9].u_tree.$add$/Users/toprakgundogdu/qwen-ffn-rom/rtl/ffn_tile_16x16_b4_reg.v:20$2783 ($add).
Removed top 4 bits (of 16) from port B of cell ffn_tile_reg.$flatten\u_comb.\g_row[9].u_tree.$add$/Users/toprakgundogdu/qwen-ffn-rom/rtl/ffn_tile_16x16_b4_reg.v:20$2784 ($add).
Removed top 8 bits (of 16) from port B of cell ffn_tile_reg.$flatten\u_comb.\g_row[9].u_tree.$add$/Users/toprakgundogdu/qwen-ffn-rom/rtl/ffn_tile_16x16_b4_reg.v:20$2785 ($add).
Converting cell ffn_tile_reg.$flatten\u_comb.\g_row[4].u_tree.$add$/Users/toprakgundogdu/qwen-ffn-rom/rtl/ffn_tile_16x16_b4_reg.v:20$2771 ($add) from unsigned to signed.
Removed top 4 bits (of 16) from port A of cell ffn_tile_reg.$flatten\u_comb.\g_row[4].u_tree.$add$/Users/toprakgundogdu/qwen-ffn-rom/rtl/ffn_tile_16x16_b4_reg.v:20$2771 ($add).
Removed top 8 bits (of 16) from port B of cell ffn_tile_reg.$flatten\u_comb.\g_row[4].u_tree.$add$/Users/toprakgundogdu/qwen-ffn-rom/rtl/ffn_tile_16x16_b4_reg.v:20$2771 ($add).
Removed top 3 bits (of 16) from port Y of cell ffn_tile_reg.$flatten\u_comb.\g_row[4].u_tree.$add$/Users/toprakgundogdu/qwen-ffn-rom/rtl/ffn_tile_16x16_b4_reg.v:20$2771 ($add).
Converting cell ffn_tile_reg.$flatten\u_comb.\g_row[4].u_tree.$add$/Users/toprakgundogdu/qwen-ffn-rom/rtl/ffn_tile_16x16_b4_reg.v:20$2772 ($add) from unsigned to signed.
Removed top 3 bits (of 16) from port A of cell ffn_tile_reg.$flatten\u_comb.\g_row[4].u_tree.$add$/Users/toprakgundogdu/qwen-ffn-rom/rtl/ffn_tile_16x16_b4_reg.v:20$2772 ($add).
Removed top 7 bits (of 16) from port B of cell ffn_tile_reg.$flatten\u_comb.\g_row[4].u_tree.$add$/Users/toprakgundogdu/qwen-ffn-rom/rtl/ffn_tile_16x16_b4_reg.v:20$2772 ($add).
Removed top 2 bits (of 16) from port Y of cell ffn_tile_reg.$flatten\u_comb.\g_row[4].u_tree.$add$/Users/toprakgundogdu/qwen-ffn-rom/rtl/ffn_tile_16x16_b4_reg.v:20$2772 ($add).
Converting cell ffn_tile_reg.$flatten\u_comb.\g_row[4].u_tree.$add$/Users/toprakgundogdu/qwen-ffn-rom/rtl/ffn_tile_16x16_b4_reg.v:20$2773 ($add) from unsigned to signed.
Removed top 2 bits (of 16) from port A of cell ffn_tile_reg.$flatten\u_comb.\g_row[4].u_tree.$add$/Users/toprakgundogdu/qwen-ffn-rom/rtl/ffn_tile_16x16_b4_reg.v:20$2773 ($add).
Removed top 4 bits (of 16) from port B of cell ffn_tile_reg.$flatten\u_comb.\g_row[4].u_tree.$add$/Users/toprakgundogdu/qwen-ffn-rom/rtl/ffn_tile_16x16_b4_reg.v:20$2773 ($add).
Removed top 1 bits (of 16) from port Y of cell ffn_tile_reg.$flatten\u_comb.\g_row[4].u_tree.$add$/Users/toprakgundogdu/qwen-ffn-rom/rtl/ffn_tile_16x16_b4_reg.v:20$2773 ($add).
Converting cell ffn_tile_reg.$flatten\u_comb.\g_row[4].u_tree.$add$/Users/toprakgundogdu/qwen-ffn-rom/rtl/ffn_tile_16x16_b4_reg.v:20$2774 ($add) from unsigned to signed.
Removed top 1 bits (of 16) from port A of cell ffn_tile_reg.$flatten\u_comb.\g_row[4].u_tree.$add$/Users/toprakgundogdu/qwen-ffn-rom/rtl/ffn_tile_16x16_b4_reg.v:20$2774 ($add).
Removed top 6 bits (of 16) from port B of cell ffn_tile_reg.$flatten\u_comb.\g_row[4].u_tree.$add$/Users/toprakgundogdu/qwen-ffn-rom/rtl/ffn_tile_16x16_b4_reg.v:20$2774 ($add).
Removed top 4 bits (of 16) from port B of cell ffn_tile_reg.$flatten\u_comb.\g_row[4].u_tree.$add$/Users/toprakgundogdu/qwen-ffn-rom/rtl/ffn_tile_16x16_b4_reg.v:20$2775 ($add).
Removed top 8 bits (of 16) from port B of cell ffn_tile_reg.$flatten\u_comb.\g_row[4].u_tree.$add$/Users/toprakgundogdu/qwen-ffn-rom/rtl/ffn_tile_16x16_b4_reg.v:20$2776 ($add).
Removed top 4 bits (of 16) from port B of cell ffn_tile_reg.$flatten\u_comb.\g_row[4].u_tree.$add$/Users/toprakgundogdu/qwen-ffn-rom/rtl/ffn_tile_16x16_b4_reg.v:20$2777 ($add).
Removed top 4 bits (of 16) from port B of cell ffn_tile_reg.$flatten\u_comb.\g_row[4].u_tree.$add$/Users/toprakgundogdu/qwen-ffn-rom/rtl/ffn_tile_16x16_b4_reg.v:20$2778 ($add).
Removed top 4 bits (of 16) from port B of cell ffn_tile_reg.$flatten\u_comb.\g_row[4].u_tree.$add$/Users/toprakgundogdu/qwen-ffn-rom/rtl/ffn_tile_16x16_b4_reg.v:20$2779 ($add).
Removed top 8 bits (of 16) from port B of cell ffn_tile_reg.$flatten\u_comb.\g_row[4].u_tree.$add$/Users/toprakgundogdu/qwen-ffn-rom/rtl/ffn_tile_16x16_b4_reg.v:20$2780 ($add).
Removed top 8 bits (of 16) from port B of cell ffn_tile_reg.$flatten\u_comb.\g_row[4].u_tree.$add$/Users/toprakgundogdu/qwen-ffn-rom/rtl/ffn_tile_16x16_b4_reg.v:20$2781 ($add).
Removed top 4 bits (of 16) from port B of cell ffn_tile_reg.$flatten\u_comb.\g_row[4].u_tree.$add$/Users/toprakgundogdu/qwen-ffn-rom/rtl/ffn_tile_16x16_b4_reg.v:20$2783 ($add).
Removed top 4 bits (of 16) from port B of cell ffn_tile_reg.$flatten\u_comb.\g_row[4].u_tree.$add$/Users/toprakgundogdu/qwen-ffn-rom/rtl/ffn_tile_16x16_b4_reg.v:20$2784 ($add).
Removed top 4 bits (of 16) from port B of cell ffn_tile_reg.$flatten\u_comb.\g_row[4].u_tree.$add$/Users/toprakgundogdu/qwen-ffn-rom/rtl/ffn_tile_16x16_b4_reg.v:20$2785 ($add).
Converting cell ffn_tile_reg.$flatten\u_comb.\g_row[13].u_tree.$add$/Users/toprakgundogdu/qwen-ffn-rom/rtl/ffn_tile_16x16_b4_reg.v:20$2771 ($add) from unsigned to signed.
Removed top 4 bits (of 16) from port A of cell ffn_tile_reg.$flatten\u_comb.\g_row[13].u_tree.$add$/Users/toprakgundogdu/qwen-ffn-rom/rtl/ffn_tile_16x16_b4_reg.v:20$2771 ($add).
Removed top 4 bits (of 16) from port B of cell ffn_tile_reg.$flatten\u_comb.\g_row[13].u_tree.$add$/Users/toprakgundogdu/qwen-ffn-rom/rtl/ffn_tile_16x16_b4_reg.v:20$2771 ($add).
Removed top 3 bits (of 16) from port Y of cell ffn_tile_reg.$flatten\u_comb.\g_row[13].u_tree.$add$/Users/toprakgundogdu/qwen-ffn-rom/rtl/ffn_tile_16x16_b4_reg.v:20$2771 ($add).
Converting cell ffn_tile_reg.$flatten\u_comb.\g_row[13].u_tree.$add$/Users/toprakgundogdu/qwen-ffn-rom/rtl/ffn_tile_16x16_b4_reg.v:20$2772 ($add) from unsigned to signed.
Removed top 3 bits (of 16) from port A of cell ffn_tile_reg.$flatten\u_comb.\g_row[13].u_tree.$add$/Users/toprakgundogdu/qwen-ffn-rom/rtl/ffn_tile_16x16_b4_reg.v:20$2772 ($add).
Removed top 4 bits (of 16) from port B of cell ffn_tile_reg.$flatten\u_comb.\g_row[13].u_tree.$add$/Users/toprakgundogdu/qwen-ffn-rom/rtl/ffn_tile_16x16_b4_reg.v:20$2772 ($add).
Removed top 2 bits (of 16) from port Y of cell ffn_tile_reg.$flatten\u_comb.\g_row[13].u_tree.$add$/Users/toprakgundogdu/qwen-ffn-rom/rtl/ffn_tile_16x16_b4_reg.v:20$2772 ($add).
Converting cell ffn_tile_reg.$flatten\u_comb.\g_row[13].u_tree.$add$/Users/toprakgundogdu/qwen-ffn-rom/rtl/ffn_tile_16x16_b4_reg.v:20$2773 ($add) from unsigned to signed.
Removed top 2 bits (of 16) from port A of cell ffn_tile_reg.$flatten\u_comb.\g_row[13].u_tree.$add$/Users/toprakgundogdu/qwen-ffn-rom/rtl/ffn_tile_16x16_b4_reg.v:20$2773 ($add).
Removed top 4 bits (of 16) from port B of cell ffn_tile_reg.$flatten\u_comb.\g_row[13].u_tree.$add$/Users/toprakgundogdu/qwen-ffn-rom/rtl/ffn_tile_16x16_b4_reg.v:20$2773 ($add).
Removed top 1 bits (of 16) from port Y of cell ffn_tile_reg.$flatten\u_comb.\g_row[13].u_tree.$add$/Users/toprakgundogdu/qwen-ffn-rom/rtl/ffn_tile_16x16_b4_reg.v:20$2773 ($add).
Converting cell ffn_tile_reg.$flatten\u_comb.\g_row[13].u_tree.$add$/Users/toprakgundogdu/qwen-ffn-rom/rtl/ffn_tile_16x16_b4_reg.v:20$2774 ($add) from unsigned to signed.
Removed top 1 bits (of 16) from port A of cell ffn_tile_reg.$flatten\u_comb.\g_row[13].u_tree.$add$/Users/toprakgundogdu/qwen-ffn-rom/rtl/ffn_tile_16x16_b4_reg.v:20$2774 ($add).
Removed top 8 bits (of 16) from port B of cell ffn_tile_reg.$flatten\u_comb.\g_row[13].u_tree.$add$/Users/toprakgundogdu/qwen-ffn-rom/rtl/ffn_tile_16x16_b4_reg.v:20$2774 ($add).
Removed top 4 bits (of 16) from port B of cell ffn_tile_reg.$flatten\u_comb.\g_row[13].u_tree.$add$/Users/toprakgundogdu/qwen-ffn-rom/rtl/ffn_tile_16x16_b4_reg.v:20$2776 ($add).
Removed top 4 bits (of 16) from port B of cell ffn_tile_reg.$flatten\u_comb.\g_row[13].u_tree.$add$/Users/toprakgundogdu/qwen-ffn-rom/rtl/ffn_tile_16x16_b4_reg.v:20$2777 ($add).
Removed top 4 bits (of 16) from port B of cell ffn_tile_reg.$flatten\u_comb.\g_row[13].u_tree.$add$/Users/toprakgundogdu/qwen-ffn-rom/rtl/ffn_tile_16x16_b4_reg.v:20$2778 ($add).
Removed top 4 bits (of 16) from port B of cell ffn_tile_reg.$flatten\u_comb.\g_row[13].u_tree.$add$/Users/toprakgundogdu/qwen-ffn-rom/rtl/ffn_tile_16x16_b4_reg.v:20$2779 ($add).
Removed top 4 bits (of 16) from port B of cell ffn_tile_reg.$flatten\u_comb.\g_row[13].u_tree.$add$/Users/toprakgundogdu/qwen-ffn-rom/rtl/ffn_tile_16x16_b4_reg.v:20$2780 ($add).
Removed top 8 bits (of 16) from port B of cell ffn_tile_reg.$flatten\u_comb.\g_row[13].u_tree.$add$/Users/toprakgundogdu/qwen-ffn-rom/rtl/ffn_tile_16x16_b4_reg.v:20$2781 ($add).
Removed top 6 bits (of 16) from port B of cell ffn_tile_reg.$flatten\u_comb.\g_row[13].u_tree.$add$/Users/toprakgundogdu/qwen-ffn-rom/rtl/ffn_tile_16x16_b4_reg.v:20$2782 ($add).
Removed top 4 bits (of 16) from port B of cell ffn_tile_reg.$flatten\u_comb.\g_row[13].u_tree.$add$/Users/toprakgundogdu/qwen-ffn-rom/rtl/ffn_tile_16x16_b4_reg.v:20$2783 ($add).
Removed top 4 bits (of 16) from port B of cell ffn_tile_reg.$flatten\u_comb.\g_row[13].u_tree.$add$/Users/toprakgundogdu/qwen-ffn-rom/rtl/ffn_tile_16x16_b4_reg.v:20$2784 ($add).
Converting cell ffn_tile_reg.$flatten\u_comb.\g_row[3].u_tree.$add$/Users/toprakgundogdu/qwen-ffn-rom/rtl/ffn_tile_16x16_b4_reg.v:20$2771 ($add) from unsigned to signed.
Removed top 7 bits (of 16) from port A of cell ffn_tile_reg.$flatten\u_comb.\g_row[3].u_tree.$add$/Users/toprakgundogdu/qwen-ffn-rom/rtl/ffn_tile_16x16_b4_reg.v:20$2771 ($add).
Removed top 6 bits (of 16) from port B of cell ffn_tile_reg.$flatten\u_comb.\g_row[3].u_tree.$add$/Users/toprakgundogdu/qwen-ffn-rom/rtl/ffn_tile_16x16_b4_reg.v:20$2771 ($add).
Removed top 5 bits (of 16) from port Y of cell ffn_tile_reg.$flatten\u_comb.\g_row[3].u_tree.$add$/Users/toprakgundogdu/qwen-ffn-rom/rtl/ffn_tile_16x16_b4_reg.v:20$2771 ($add).
Converting cell ffn_tile_reg.$flatten\u_comb.\g_row[3].u_tree.$add$/Users/toprakgundogdu/qwen-ffn-rom/rtl/ffn_tile_16x16_b4_reg.v:20$2772 ($add) from unsigned to signed.
Removed top 5 bits (of 16) from port A of cell ffn_tile_reg.$flatten\u_comb.\g_row[3].u_tree.$add$/Users/toprakgundogdu/qwen-ffn-rom/rtl/ffn_tile_16x16_b4_reg.v:20$2772 ($add).
Removed top 7 bits (of 16) from port B of cell ffn_tile_reg.$flatten\u_comb.\g_row[3].u_tree.$add$/Users/toprakgundogdu/qwen-ffn-rom/rtl/ffn_tile_16x16_b4_reg.v:20$2772 ($add).
Removed top 4 bits (of 16) from port Y of cell ffn_tile_reg.$flatten\u_comb.\g_row[3].u_tree.$add$/Users/toprakgundogdu/qwen-ffn-rom/rtl/ffn_tile_16x16_b4_reg.v:20$2772 ($add).
Converting cell ffn_tile_reg.$flatten\u_comb.\g_row[3].u_tree.$add$/Users/toprakgundogdu/qwen-ffn-rom/rtl/ffn_tile_16x16_b4_reg.v:20$2773 ($add) from unsigned to signed.
Removed top 4 bits (of 16) from port A of cell ffn_tile_reg.$flatten\u_comb.\g_row[3].u_tree.$add$/Users/toprakgundogdu/qwen-ffn-rom/rtl/ffn_tile_16x16_b4_reg.v:20$2773 ($add).
Removed top 4 bits (of 16) from port B of cell ffn_tile_reg.$flatten\u_comb.\g_row[3].u_tree.$add$/Users/toprakgundogdu/qwen-ffn-rom/rtl/ffn_tile_16x16_b4_reg.v:20$2773 ($add).
Removed top 3 bits (of 16) from port Y of cell ffn_tile_reg.$flatten\u_comb.\g_row[3].u_tree.$add$/Users/toprakgundogdu/qwen-ffn-rom/rtl/ffn_tile_16x16_b4_reg.v:20$2773 ($add).
Converting cell ffn_tile_reg.$flatten\u_comb.\g_row[3].u_tree.$add$/Users/toprakgundogdu/qwen-ffn-rom/rtl/ffn_tile_16x16_b4_reg.v:20$2774 ($add) from unsigned to signed.
Removed top 3 bits (of 16) from port A of cell ffn_tile_reg.$flatten\u_comb.\g_row[3].u_tree.$add$/Users/toprakgundogdu/qwen-ffn-rom/rtl/ffn_tile_16x16_b4_reg.v:20$2774 ($add).
Removed top 4 bits (of 16) from port B of cell ffn_tile_reg.$flatten\u_comb.\g_row[3].u_tree.$add$/Users/toprakgundogdu/qwen-ffn-rom/rtl/ffn_tile_16x16_b4_reg.v:20$2774 ($add).
Removed top 2 bits (of 16) from port Y of cell ffn_tile_reg.$flatten\u_comb.\g_row[3].u_tree.$add$/Users/toprakgundogdu/qwen-ffn-rom/rtl/ffn_tile_16x16_b4_reg.v:20$2774 ($add).
Converting cell ffn_tile_reg.$flatten\u_comb.\g_row[3].u_tree.$add$/Users/toprakgundogdu/qwen-ffn-rom/rtl/ffn_tile_16x16_b4_reg.v:20$2775 ($add) from unsigned to signed.
Removed top 2 bits (of 16) from port A of cell ffn_tile_reg.$flatten\u_comb.\g_row[3].u_tree.$add$/Users/toprakgundogdu/qwen-ffn-rom/rtl/ffn_tile_16x16_b4_reg.v:20$2775 ($add).
Removed top 4 bits (of 16) from port B of cell ffn_tile_reg.$flatten\u_comb.\g_row[3].u_tree.$add$/Users/toprakgundogdu/qwen-ffn-rom/rtl/ffn_tile_16x16_b4_reg.v:20$2775 ($add).
Removed top 1 bits (of 16) from port Y of cell ffn_tile_reg.$flatten\u_comb.\g_row[3].u_tree.$add$/Users/toprakgundogdu/qwen-ffn-rom/rtl/ffn_tile_16x16_b4_reg.v:20$2775 ($add).
Converting cell ffn_tile_reg.$flatten\u_comb.\g_row[3].u_tree.$add$/Users/toprakgundogdu/qwen-ffn-rom/rtl/ffn_tile_16x16_b4_reg.v:20$2776 ($add) from unsigned to signed.
Removed top 1 bits (of 16) from port A of cell ffn_tile_reg.$flatten\u_comb.\g_row[3].u_tree.$add$/Users/toprakgundogdu/qwen-ffn-rom/rtl/ffn_tile_16x16_b4_reg.v:20$2776 ($add).
Removed top 4 bits (of 16) from port B of cell ffn_tile_reg.$flatten\u_comb.\g_row[3].u_tree.$add$/Users/toprakgundogdu/qwen-ffn-rom/rtl/ffn_tile_16x16_b4_reg.v:20$2776 ($add).
Removed top 8 bits (of 16) from port B of cell ffn_tile_reg.$flatten\u_comb.\g_row[3].u_tree.$add$/Users/toprakgundogdu/qwen-ffn-rom/rtl/ffn_tile_16x16_b4_reg.v:20$2777 ($add).
Removed top 4 bits (of 16) from port B of cell ffn_tile_reg.$flatten\u_comb.\g_row[3].u_tree.$add$/Users/toprakgundogdu/qwen-ffn-rom/rtl/ffn_tile_16x16_b4_reg.v:20$2778 ($add).
Removed top 8 bits (of 16) from port B of cell ffn_tile_reg.$flatten\u_comb.\g_row[3].u_tree.$add$/Users/toprakgundogdu/qwen-ffn-rom/rtl/ffn_tile_16x16_b4_reg.v:20$2779 ($add).
Removed top 4 bits (of 16) from port B of cell ffn_tile_reg.$flatten\u_comb.\g_row[3].u_tree.$add$/Users/toprakgundogdu/qwen-ffn-rom/rtl/ffn_tile_16x16_b4_reg.v:20$2780 ($add).
Removed top 4 bits (of 16) from port B of cell ffn_tile_reg.$flatten\u_comb.\g_row[3].u_tree.$add$/Users/toprakgundogdu/qwen-ffn-rom/rtl/ffn_tile_16x16_b4_reg.v:20$2782 ($add).
Removed top 4 bits (of 16) from port B of cell ffn_tile_reg.$flatten\u_comb.\g_row[3].u_tree.$add$/Users/toprakgundogdu/qwen-ffn-rom/rtl/ffn_tile_16x16_b4_reg.v:20$2783 ($add).
Removed top 4 bits (of 16) from port B of cell ffn_tile_reg.$flatten\u_comb.\g_row[3].u_tree.$add$/Users/toprakgundogdu/qwen-ffn-rom/rtl/ffn_tile_16x16_b4_reg.v:20$2784 ($add).
Removed top 4 bits (of 16) from port B of cell ffn_tile_reg.$flatten\u_comb.\g_row[3].u_tree.$add$/Users/toprakgundogdu/qwen-ffn-rom/rtl/ffn_tile_16x16_b4_reg.v:20$2785 ($add).
Converting cell ffn_tile_reg.$flatten\u_comb.\g_row[14].u_tree.$add$/Users/toprakgundogdu/qwen-ffn-rom/rtl/ffn_tile_16x16_b4_reg.v:20$2773 ($add) from unsigned to signed.
Removed top 4 bits (of 16) from port A of cell ffn_tile_reg.$flatten\u_comb.\g_row[14].u_tree.$add$/Users/toprakgundogdu/qwen-ffn-rom/rtl/ffn_tile_16x16_b4_reg.v:20$2773 ($add).
Removed top 4 bits (of 16) from port B of cell ffn_tile_reg.$flatten\u_comb.\g_row[14].u_tree.$add$/Users/toprakgundogdu/qwen-ffn-rom/rtl/ffn_tile_16x16_b4_reg.v:20$2773 ($add).
Removed top 3 bits (of 16) from port Y of cell ffn_tile_reg.$flatten\u_comb.\g_row[14].u_tree.$add$/Users/toprakgundogdu/qwen-ffn-rom/rtl/ffn_tile_16x16_b4_reg.v:20$2773 ($add).
Converting cell ffn_tile_reg.$flatten\u_comb.\g_row[14].u_tree.$add$/Users/toprakgundogdu/qwen-ffn-rom/rtl/ffn_tile_16x16_b4_reg.v:20$2776 ($add) from unsigned to signed.
Removed top 3 bits (of 16) from port A of cell ffn_tile_reg.$flatten\u_comb.\g_row[14].u_tree.$add$/Users/toprakgundogdu/qwen-ffn-rom/rtl/ffn_tile_16x16_b4_reg.v:20$2776 ($add).
Removed top 4 bits (of 16) from port B of cell ffn_tile_reg.$flatten\u_comb.\g_row[14].u_tree.$add$/Users/toprakgundogdu/qwen-ffn-rom/rtl/ffn_tile_16x16_b4_reg.v:20$2776 ($add).
Removed top 2 bits (of 16) from port Y of cell ffn_tile_reg.$flatten\u_comb.\g_row[14].u_tree.$add$/Users/toprakgundogdu/qwen-ffn-rom/rtl/ffn_tile_16x16_b4_reg.v:20$2776 ($add).
Converting cell ffn_tile_reg.$flatten\u_comb.\g_row[14].u_tree.$add$/Users/toprakgundogdu/qwen-ffn-rom/rtl/ffn_tile_16x16_b4_reg.v:20$2777 ($add) from unsigned to signed.
Removed top 2 bits (of 16) from port A of cell ffn_tile_reg.$flatten\u_comb.\g_row[14].u_tree.$add$/Users/toprakgundogdu/qwen-ffn-rom/rtl/ffn_tile_16x16_b4_reg.v:20$2777 ($add).
Removed top 8 bits (of 16) from port B of cell ffn_tile_reg.$flatten\u_comb.\g_row[14].u_tree.$add$/Users/toprakgundogdu/qwen-ffn-rom/rtl/ffn_tile_16x16_b4_reg.v:20$2777 ($add).
Removed top 1 bits (of 16) from port Y of cell ffn_tile_reg.$flatten\u_comb.\g_row[14].u_tree.$add$/Users/toprakgundogdu/qwen-ffn-rom/rtl/ffn_tile_16x16_b4_reg.v:20$2777 ($add).
Converting cell ffn_tile_reg.$flatten\u_comb.\g_row[14].u_tree.$add$/Users/toprakgundogdu/qwen-ffn-rom/rtl/ffn_tile_16x16_b4_reg.v:20$2779 ($add) from unsigned to signed.
Removed top 1 bits (of 16) from port A of cell ffn_tile_reg.$flatten\u_comb.\g_row[14].u_tree.$add$/Users/toprakgundogdu/qwen-ffn-rom/rtl/ffn_tile_16x16_b4_reg.v:20$2779 ($add).
Removed top 4 bits (of 16) from port B of cell ffn_tile_reg.$flatten\u_comb.\g_row[14].u_tree.$add$/Users/toprakgundogdu/qwen-ffn-rom/rtl/ffn_tile_16x16_b4_reg.v:20$2779 ($add).
Removed top 8 bits (of 16) from port B of cell ffn_tile_reg.$flatten\u_comb.\g_row[14].u_tree.$add$/Users/toprakgundogdu/qwen-ffn-rom/rtl/ffn_tile_16x16_b4_reg.v:20$2781 ($add).
Removed top 4 bits (of 16) from port B of cell ffn_tile_reg.$flatten\u_comb.\g_row[14].u_tree.$add$/Users/toprakgundogdu/qwen-ffn-rom/rtl/ffn_tile_16x16_b4_reg.v:20$2784 ($add).
Converting cell ffn_tile_reg.$flatten\u_comb.\g_row[11].u_tree.$add$/Users/toprakgundogdu/qwen-ffn-rom/rtl/ffn_tile_16x16_b4_reg.v:20$2771 ($add) from unsigned to signed.
Removed top 8 bits (of 16) from port A of cell ffn_tile_reg.$flatten\u_comb.\g_row[11].u_tree.$add$/Users/toprakgundogdu/qwen-ffn-rom/rtl/ffn_tile_16x16_b4_reg.v:20$2771 ($add).
Removed top 4 bits (of 16) from port B of cell ffn_tile_reg.$flatten\u_comb.\g_row[11].u_tree.$add$/Users/toprakgundogdu/qwen-ffn-rom/rtl/ffn_tile_16x16_b4_reg.v:20$2771 ($add).
Removed top 3 bits (of 16) from port Y of cell ffn_tile_reg.$flatten\u_comb.\g_row[11].u_tree.$add$/Users/toprakgundogdu/qwen-ffn-rom/rtl/ffn_tile_16x16_b4_reg.v:20$2771 ($add).
Converting cell ffn_tile_reg.$flatten\u_comb.\g_row[11].u_tree.$add$/Users/toprakgundogdu/qwen-ffn-rom/rtl/ffn_tile_16x16_b4_reg.v:20$2772 ($add) from unsigned to signed.
Removed top 3 bits (of 16) from port A of cell ffn_tile_reg.$flatten\u_comb.\g_row[11].u_tree.$add$/Users/toprakgundogdu/qwen-ffn-rom/rtl/ffn_tile_16x16_b4_reg.v:20$2772 ($add).
Removed top 4 bits (of 16) from port B of cell ffn_tile_reg.$flatten\u_comb.\g_row[11].u_tree.$add$/Users/toprakgundogdu/qwen-ffn-rom/rtl/ffn_tile_16x16_b4_reg.v:20$2772 ($add).
Removed top 2 bits (of 16) from port Y of cell ffn_tile_reg.$flatten\u_comb.\g_row[11].u_tree.$add$/Users/toprakgundogdu/qwen-ffn-rom/rtl/ffn_tile_16x16_b4_reg.v:20$2772 ($add).
Converting cell ffn_tile_reg.$flatten\u_comb.\g_row[11].u_tree.$add$/Users/toprakgundogdu/qwen-ffn-rom/rtl/ffn_tile_16x16_b4_reg.v:20$2773 ($add) from unsigned to signed.
Removed top 2 bits (of 16) from port A of cell ffn_tile_reg.$flatten\u_comb.\g_row[11].u_tree.$add$/Users/toprakgundogdu/qwen-ffn-rom/rtl/ffn_tile_16x16_b4_reg.v:20$2773 ($add).
Removed top 7 bits (of 16) from port B of cell ffn_tile_reg.$flatten\u_comb.\g_row[11].u_tree.$add$/Users/toprakgundogdu/qwen-ffn-rom/rtl/ffn_tile_16x16_b4_reg.v:20$2773 ($add).
Removed top 1 bits (of 16) from port Y of cell ffn_tile_reg.$flatten\u_comb.\g_row[11].u_tree.$add$/Users/toprakgundogdu/qwen-ffn-rom/rtl/ffn_tile_16x16_b4_reg.v:20$2773 ($add).
Converting cell ffn_tile_reg.$flatten\u_comb.\g_row[11].u_tree.$add$/Users/toprakgundogdu/qwen-ffn-rom/rtl/ffn_tile_16x16_b4_reg.v:20$2775 ($add) from unsigned to signed.
Removed top 1 bits (of 16) from port A of cell ffn_tile_reg.$flatten\u_comb.\g_row[11].u_tree.$add$/Users/toprakgundogdu/qwen-ffn-rom/rtl/ffn_tile_16x16_b4_reg.v:20$2775 ($add).
Removed top 4 bits (of 16) from port B of cell ffn_tile_reg.$flatten\u_comb.\g_row[11].u_tree.$add$/Users/toprakgundogdu/qwen-ffn-rom/rtl/ffn_tile_16x16_b4_reg.v:20$2775 ($add).
Removed top 6 bits (of 16) from port B of cell ffn_tile_reg.$flatten\u_comb.\g_row[11].u_tree.$add$/Users/toprakgundogdu/qwen-ffn-rom/rtl/ffn_tile_16x16_b4_reg.v:20$2778 ($add).
Removed top 4 bits (of 16) from port B of cell ffn_tile_reg.$flatten\u_comb.\g_row[11].u_tree.$add$/Users/toprakgundogdu/qwen-ffn-rom/rtl/ffn_tile_16x16_b4_reg.v:20$2779 ($add).
Removed top 4 bits (of 16) from port B of cell ffn_tile_reg.$flatten\u_comb.\g_row[11].u_tree.$add$/Users/toprakgundogdu/qwen-ffn-rom/rtl/ffn_tile_16x16_b4_reg.v:20$2780 ($add).
Removed top 4 bits (of 16) from port B of cell ffn_tile_reg.$flatten\u_comb.\g_row[11].u_tree.$add$/Users/toprakgundogdu/qwen-ffn-rom/rtl/ffn_tile_16x16_b4_reg.v:20$2781 ($add).
Removed top 6 bits (of 16) from port B of cell ffn_tile_reg.$flatten\u_comb.\g_row[11].u_tree.$add$/Users/toprakgundogdu/qwen-ffn-rom/rtl/ffn_tile_16x16_b4_reg.v:20$2782 ($add).
Removed top 4 bits (of 16) from port B of cell ffn_tile_reg.$flatten\u_comb.\g_row[11].u_tree.$add$/Users/toprakgundogdu/qwen-ffn-rom/rtl/ffn_tile_16x16_b4_reg.v:20$2783 ($add).
Removed top 4 bits (of 16) from port B of cell ffn_tile_reg.$flatten\u_comb.\g_row[11].u_tree.$add$/Users/toprakgundogdu/qwen-ffn-rom/rtl/ffn_tile_16x16_b4_reg.v:20$2784 ($add).
Removed top 6 bits (of 16) from port B of cell ffn_tile_reg.$flatten\u_comb.\g_row[11].u_tree.$add$/Users/toprakgundogdu/qwen-ffn-rom/rtl/ffn_tile_16x16_b4_reg.v:20$2785 ($add).
Converting cell ffn_tile_reg.$flatten\u_comb.\g_row[2].u_tree.$add$/Users/toprakgundogdu/qwen-ffn-rom/rtl/ffn_tile_16x16_b4_reg.v:20$2771 ($add) from unsigned to signed.
Removed top 4 bits (of 16) from port A of cell ffn_tile_reg.$flatten\u_comb.\g_row[2].u_tree.$add$/Users/toprakgundogdu/qwen-ffn-rom/rtl/ffn_tile_16x16_b4_reg.v:20$2771 ($add).
Removed top 6 bits (of 16) from port B of cell ffn_tile_reg.$flatten\u_comb.\g_row[2].u_tree.$add$/Users/toprakgundogdu/qwen-ffn-rom/rtl/ffn_tile_16x16_b4_reg.v:20$2771 ($add).
Removed top 3 bits (of 16) from port Y of cell ffn_tile_reg.$flatten\u_comb.\g_row[2].u_tree.$add$/Users/toprakgundogdu/qwen-ffn-rom/rtl/ffn_tile_16x16_b4_reg.v:20$2771 ($add).
Converting cell ffn_tile_reg.$flatten\u_comb.\g_row[2].u_tree.$add$/Users/toprakgundogdu/qwen-ffn-rom/rtl/ffn_tile_16x16_b4_reg.v:20$2772 ($add) from unsigned to signed.
Removed top 3 bits (of 16) from port A of cell ffn_tile_reg.$flatten\u_comb.\g_row[2].u_tree.$add$/Users/toprakgundogdu/qwen-ffn-rom/rtl/ffn_tile_16x16_b4_reg.v:20$2772 ($add).
Removed top 7 bits (of 16) from port B of cell ffn_tile_reg.$flatten\u_comb.\g_row[2].u_tree.$add$/Users/toprakgundogdu/qwen-ffn-rom/rtl/ffn_tile_16x16_b4_reg.v:20$2772 ($add).
Removed top 2 bits (of 16) from port Y of cell ffn_tile_reg.$flatten\u_comb.\g_row[2].u_tree.$add$/Users/toprakgundogdu/qwen-ffn-rom/rtl/ffn_tile_16x16_b4_reg.v:20$2772 ($add).
Converting cell ffn_tile_reg.$flatten\u_comb.\g_row[2].u_tree.$add$/Users/toprakgundogdu/qwen-ffn-rom/rtl/ffn_tile_16x16_b4_reg.v:20$2773 ($add) from unsigned to signed.
Removed top 2 bits (of 16) from port A of cell ffn_tile_reg.$flatten\u_comb.\g_row[2].u_tree.$add$/Users/toprakgundogdu/qwen-ffn-rom/rtl/ffn_tile_16x16_b4_reg.v:20$2773 ($add).
Removed top 4 bits (of 16) from port B of cell ffn_tile_reg.$flatten\u_comb.\g_row[2].u_tree.$add$/Users/toprakgundogdu/qwen-ffn-rom/rtl/ffn_tile_16x16_b4_reg.v:20$2773 ($add).
Removed top 1 bits (of 16) from port Y of cell ffn_tile_reg.$flatten\u_comb.\g_row[2].u_tree.$add$/Users/toprakgundogdu/qwen-ffn-rom/rtl/ffn_tile_16x16_b4_reg.v:20$2773 ($add).
Converting cell ffn_tile_reg.$flatten\u_comb.\g_row[2].u_tree.$add$/Users/toprakgundogdu/qwen-ffn-rom/rtl/ffn_tile_16x16_b4_reg.v:20$2774 ($add) from unsigned to signed.
Removed top 1 bits (of 16) from port A of cell ffn_tile_reg.$flatten\u_comb.\g_row[2].u_tree.$add$/Users/toprakgundogdu/qwen-ffn-rom/rtl/ffn_tile_16x16_b4_reg.v:20$2774 ($add).
Removed top 6 bits (of 16) from port B of cell ffn_tile_reg.$flatten\u_comb.\g_row[2].u_tree.$add$/Users/toprakgundogdu/qwen-ffn-rom/rtl/ffn_tile_16x16_b4_reg.v:20$2774 ($add).
Removed top 4 bits (of 16) from port B of cell ffn_tile_reg.$flatten\u_comb.\g_row[2].u_tree.$add$/Users/toprakgundogdu/qwen-ffn-rom/rtl/ffn_tile_16x16_b4_reg.v:20$2775 ($add).
Removed top 8 bits (of 16) from port B of cell ffn_tile_reg.$flatten\u_comb.\g_row[2].u_tree.$add$/Users/toprakgundogdu/qwen-ffn-rom/rtl/ffn_tile_16x16_b4_reg.v:20$2776 ($add).
Removed top 4 bits (of 16) from port B of cell ffn_tile_reg.$flatten\u_comb.\g_row[2].u_tree.$add$/Users/toprakgundogdu/qwen-ffn-rom/rtl/ffn_tile_16x16_b4_reg.v:20$2777 ($add).
Removed top 4 bits (of 16) from port B of cell ffn_tile_reg.$flatten\u_comb.\g_row[2].u_tree.$add$/Users/toprakgundogdu/qwen-ffn-rom/rtl/ffn_tile_16x16_b4_reg.v:20$2778 ($add).
Removed top 4 bits (of 16) from port B of cell ffn_tile_reg.$flatten\u_comb.\g_row[2].u_tree.$add$/Users/toprakgundogdu/qwen-ffn-rom/rtl/ffn_tile_16x16_b4_reg.v:20$2779 ($add).
Removed top 4 bits (of 16) from port B of cell ffn_tile_reg.$flatten\u_comb.\g_row[2].u_tree.$add$/Users/toprakgundogdu/qwen-ffn-rom/rtl/ffn_tile_16x16_b4_reg.v:20$2780 ($add).
Removed top 4 bits (of 16) from port B of cell ffn_tile_reg.$flatten\u_comb.\g_row[2].u_tree.$add$/Users/toprakgundogdu/qwen-ffn-rom/rtl/ffn_tile_16x16_b4_reg.v:20$2781 ($add).
Removed top 4 bits (of 16) from port B of cell ffn_tile_reg.$flatten\u_comb.\g_row[2].u_tree.$add$/Users/toprakgundogdu/qwen-ffn-rom/rtl/ffn_tile_16x16_b4_reg.v:20$2782 ($add).
Removed top 4 bits (of 16) from port B of cell ffn_tile_reg.$flatten\u_comb.\g_row[2].u_tree.$add$/Users/toprakgundogdu/qwen-ffn-rom/rtl/ffn_tile_16x16_b4_reg.v:20$2783 ($add).
Removed top 4 bits (of 16) from port B of cell ffn_tile_reg.$flatten\u_comb.\g_row[2].u_tree.$add$/Users/toprakgundogdu/qwen-ffn-rom/rtl/ffn_tile_16x16_b4_reg.v:20$2784 ($add).
Removed top 8 bits (of 16) from port B of cell ffn_tile_reg.$flatten\u_comb.\g_row[2].u_tree.$add$/Users/toprakgundogdu/qwen-ffn-rom/rtl/ffn_tile_16x16_b4_reg.v:20$2785 ($add).
Converting cell ffn_tile_reg.$flatten\u_comb.\g_row[1].u_tree.$add$/Users/toprakgundogdu/qwen-ffn-rom/rtl/ffn_tile_16x16_b4_reg.v:20$2771 ($add) from unsigned to signed.
Removed top 8 bits (of 16) from port A of cell ffn_tile_reg.$flatten\u_comb.\g_row[1].u_tree.$add$/Users/toprakgundogdu/qwen-ffn-rom/rtl/ffn_tile_16x16_b4_reg.v:20$2771 ($add).
Removed top 4 bits (of 16) from port B of cell ffn_tile_reg.$flatten\u_comb.\g_row[1].u_tree.$add$/Users/toprakgundogdu/qwen-ffn-rom/rtl/ffn_tile_16x16_b4_reg.v:20$2771 ($add).
Removed top 3 bits (of 16) from port Y of cell ffn_tile_reg.$flatten\u_comb.\g_row[1].u_tree.$add$/Users/toprakgundogdu/qwen-ffn-rom/rtl/ffn_tile_16x16_b4_reg.v:20$2771 ($add).
Converting cell ffn_tile_reg.$flatten\u_comb.\g_row[1].u_tree.$add$/Users/toprakgundogdu/qwen-ffn-rom/rtl/ffn_tile_16x16_b4_reg.v:20$2772 ($add) from unsigned to signed.
Removed top 3 bits (of 16) from port A of cell ffn_tile_reg.$flatten\u_comb.\g_row[1].u_tree.$add$/Users/toprakgundogdu/qwen-ffn-rom/rtl/ffn_tile_16x16_b4_reg.v:20$2772 ($add).
Removed top 8 bits (of 16) from port B of cell ffn_tile_reg.$flatten\u_comb.\g_row[1].u_tree.$add$/Users/toprakgundogdu/qwen-ffn-rom/rtl/ffn_tile_16x16_b4_reg.v:20$2772 ($add).
Removed top 2 bits (of 16) from port Y of cell ffn_tile_reg.$flatten\u_comb.\g_row[1].u_tree.$add$/Users/toprakgundogdu/qwen-ffn-rom/rtl/ffn_tile_16x16_b4_reg.v:20$2772 ($add).
Converting cell ffn_tile_reg.$flatten\u_comb.\g_row[1].u_tree.$add$/Users/toprakgundogdu/qwen-ffn-rom/rtl/ffn_tile_16x16_b4_reg.v:20$2773 ($add) from unsigned to signed.
Removed top 2 bits (of 16) from port A of cell ffn_tile_reg.$flatten\u_comb.\g_row[1].u_tree.$add$/Users/toprakgundogdu/qwen-ffn-rom/rtl/ffn_tile_16x16_b4_reg.v:20$2773 ($add).
Removed top 4 bits (of 16) from port B of cell ffn_tile_reg.$flatten\u_comb.\g_row[1].u_tree.$add$/Users/toprakgundogdu/qwen-ffn-rom/rtl/ffn_tile_16x16_b4_reg.v:20$2773 ($add).
Removed top 1 bits (of 16) from port Y of cell ffn_tile_reg.$flatten\u_comb.\g_row[1].u_tree.$add$/Users/toprakgundogdu/qwen-ffn-rom/rtl/ffn_tile_16x16_b4_reg.v:20$2773 ($add).
Converting cell ffn_tile_reg.$flatten\u_comb.\g_row[1].u_tree.$add$/Users/toprakgundogdu/qwen-ffn-rom/rtl/ffn_tile_16x16_b4_reg.v:20$2774 ($add) from unsigned to signed.
Removed top 1 bits (of 16) from port A of cell ffn_tile_reg.$flatten\u_comb.\g_row[1].u_tree.$add$/Users/toprakgundogdu/qwen-ffn-rom/rtl/ffn_tile_16x16_b4_reg.v:20$2774 ($add).
Removed top 4 bits (of 16) from port B of cell ffn_tile_reg.$flatten\u_comb.\g_row[1].u_tree.$add$/Users/toprakgundogdu/qwen-ffn-rom/rtl/ffn_tile_16x16_b4_reg.v:20$2774 ($add).
Removed top 4 bits (of 16) from port B of cell ffn_tile_reg.$flatten\u_comb.\g_row[1].u_tree.$add$/Users/toprakgundogdu/qwen-ffn-rom/rtl/ffn_tile_16x16_b4_reg.v:20$2775 ($add).
Removed top 7 bits (of 16) from port B of cell ffn_tile_reg.$flatten\u_comb.\g_row[1].u_tree.$add$/Users/toprakgundogdu/qwen-ffn-rom/rtl/ffn_tile_16x16_b4_reg.v:20$2778 ($add).
Removed top 8 bits (of 16) from port B of cell ffn_tile_reg.$flatten\u_comb.\g_row[1].u_tree.$add$/Users/toprakgundogdu/qwen-ffn-rom/rtl/ffn_tile_16x16_b4_reg.v:20$2779 ($add).
Removed top 8 bits (of 16) from port B of cell ffn_tile_reg.$flatten\u_comb.\g_row[1].u_tree.$add$/Users/toprakgundogdu/qwen-ffn-rom/rtl/ffn_tile_16x16_b4_reg.v:20$2780 ($add).
Removed top 4 bits (of 16) from port B of cell ffn_tile_reg.$flatten\u_comb.\g_row[1].u_tree.$add$/Users/toprakgundogdu/qwen-ffn-rom/rtl/ffn_tile_16x16_b4_reg.v:20$2781 ($add).
Removed top 4 bits (of 16) from port B of cell ffn_tile_reg.$flatten\u_comb.\g_row[1].u_tree.$add$/Users/toprakgundogdu/qwen-ffn-rom/rtl/ffn_tile_16x16_b4_reg.v:20$2782 ($add).
Removed top 7 bits (of 16) from port B of cell ffn_tile_reg.$flatten\u_comb.\g_row[1].u_tree.$add$/Users/toprakgundogdu/qwen-ffn-rom/rtl/ffn_tile_16x16_b4_reg.v:20$2785 ($add).
Converting cell ffn_tile_reg.$flatten\u_comb.\g_row[0].u_tree.$add$/Users/toprakgundogdu/qwen-ffn-rom/rtl/ffn_tile_16x16_b4_reg.v:20$2772 ($add) from unsigned to signed.
Removed top 4 bits (of 16) from port A of cell ffn_tile_reg.$flatten\u_comb.\g_row[0].u_tree.$add$/Users/toprakgundogdu/qwen-ffn-rom/rtl/ffn_tile_16x16_b4_reg.v:20$2772 ($add).
Removed top 8 bits (of 16) from port B of cell ffn_tile_reg.$flatten\u_comb.\g_row[0].u_tree.$add$/Users/toprakgundogdu/qwen-ffn-rom/rtl/ffn_tile_16x16_b4_reg.v:20$2772 ($add).
Removed top 3 bits (of 16) from port Y of cell ffn_tile_reg.$flatten\u_comb.\g_row[0].u_tree.$add$/Users/toprakgundogdu/qwen-ffn-rom/rtl/ffn_tile_16x16_b4_reg.v:20$2772 ($add).
Converting cell ffn_tile_reg.$flatten\u_comb.\g_row[0].u_tree.$add$/Users/toprakgundogdu/qwen-ffn-rom/rtl/ffn_tile_16x16_b4_reg.v:20$2773 ($add) from unsigned to signed.
Removed top 3 bits (of 16) from port A of cell ffn_tile_reg.$flatten\u_comb.\g_row[0].u_tree.$add$/Users/toprakgundogdu/qwen-ffn-rom/rtl/ffn_tile_16x16_b4_reg.v:20$2773 ($add).
Removed top 8 bits (of 16) from port B of cell ffn_tile_reg.$flatten\u_comb.\g_row[0].u_tree.$add$/Users/toprakgundogdu/qwen-ffn-rom/rtl/ffn_tile_16x16_b4_reg.v:20$2773 ($add).
Removed top 2 bits (of 16) from port Y of cell ffn_tile_reg.$flatten\u_comb.\g_row[0].u_tree.$add$/Users/toprakgundogdu/qwen-ffn-rom/rtl/ffn_tile_16x16_b4_reg.v:20$2773 ($add).
Converting cell ffn_tile_reg.$flatten\u_comb.\g_row[0].u_tree.$add$/Users/toprakgundogdu/qwen-ffn-rom/rtl/ffn_tile_16x16_b4_reg.v:20$2774 ($add) from unsigned to signed.
Removed top 2 bits (of 16) from port A of cell ffn_tile_reg.$flatten\u_comb.\g_row[0].u_tree.$add$/Users/toprakgundogdu/qwen-ffn-rom/rtl/ffn_tile_16x16_b4_reg.v:20$2774 ($add).
Removed top 4 bits (of 16) from port B of cell ffn_tile_reg.$flatten\u_comb.\g_row[0].u_tree.$add$/Users/toprakgundogdu/qwen-ffn-rom/rtl/ffn_tile_16x16_b4_reg.v:20$2774 ($add).
Removed top 1 bits (of 16) from port Y of cell ffn_tile_reg.$flatten\u_comb.\g_row[0].u_tree.$add$/Users/toprakgundogdu/qwen-ffn-rom/rtl/ffn_tile_16x16_b4_reg.v:20$2774 ($add).
Converting cell ffn_tile_reg.$flatten\u_comb.\g_row[0].u_tree.$add$/Users/toprakgundogdu/qwen-ffn-rom/rtl/ffn_tile_16x16_b4_reg.v:20$2775 ($add) from unsigned to signed.
Removed top 1 bits (of 16) from port A of cell ffn_tile_reg.$flatten\u_comb.\g_row[0].u_tree.$add$/Users/toprakgundogdu/qwen-ffn-rom/rtl/ffn_tile_16x16_b4_reg.v:20$2775 ($add).
Removed top 4 bits (of 16) from port B of cell ffn_tile_reg.$flatten\u_comb.\g_row[0].u_tree.$add$/Users/toprakgundogdu/qwen-ffn-rom/rtl/ffn_tile_16x16_b4_reg.v:20$2775 ($add).
Removed top 8 bits (of 16) from port B of cell ffn_tile_reg.$flatten\u_comb.\g_row[0].u_tree.$add$/Users/toprakgundogdu/qwen-ffn-rom/rtl/ffn_tile_16x16_b4_reg.v:20$2776 ($add).
Removed top 8 bits (of 16) from port B of cell ffn_tile_reg.$flatten\u_comb.\g_row[0].u_tree.$add$/Users/toprakgundogdu/qwen-ffn-rom/rtl/ffn_tile_16x16_b4_reg.v:20$2777 ($add).
Removed top 8 bits (of 16) from port B of cell ffn_tile_reg.$flatten\u_comb.\g_row[0].u_tree.$add$/Users/toprakgundogdu/qwen-ffn-rom/rtl/ffn_tile_16x16_b4_reg.v:20$2779 ($add).
Removed top 8 bits (of 16) from port B of cell ffn_tile_reg.$flatten\u_comb.\g_row[0].u_tree.$add$/Users/toprakgundogdu/qwen-ffn-rom/rtl/ffn_tile_16x16_b4_reg.v:20$2782 ($add).
Removed top 8 bits (of 16) from port B of cell ffn_tile_reg.$flatten\u_comb.\g_row[0].u_tree.$add$/Users/toprakgundogdu/qwen-ffn-rom/rtl/ffn_tile_16x16_b4_reg.v:20$2783 ($add).
Removed top 8 bits (of 16) from port B of cell ffn_tile_reg.$flatten\u_comb.\g_row[0].u_tree.$add$/Users/toprakgundogdu/qwen-ffn-rom/rtl/ffn_tile_16x16_b4_reg.v:20$2784 ($add).
Removed top 4 bits (of 16) from port B of cell ffn_tile_reg.$flatten\u_comb.\g_row[0].u_tree.$add$/Users/toprakgundogdu/qwen-ffn-rom/rtl/ffn_tile_16x16_b4_reg.v:20$2785 ($add).
Converting cell ffn_tile_reg.$flatten\u_comb.\g_row[15].u_tree.$add$/Users/toprakgundogdu/qwen-ffn-rom/rtl/ffn_tile_16x16_b4_reg.v:20$2771 ($add) from unsigned to signed.
Removed top 4 bits (of 16) from port A of cell ffn_tile_reg.$flatten\u_comb.\g_row[15].u_tree.$add$/Users/toprakgundogdu/qwen-ffn-rom/rtl/ffn_tile_16x16_b4_reg.v:20$2771 ($add).
Removed top 4 bits (of 16) from port B of cell ffn_tile_reg.$flatten\u_comb.\g_row[15].u_tree.$add$/Users/toprakgundogdu/qwen-ffn-rom/rtl/ffn_tile_16x16_b4_reg.v:20$2771 ($add).
Removed top 3 bits (of 16) from port Y of cell ffn_tile_reg.$flatten\u_comb.\g_row[15].u_tree.$add$/Users/toprakgundogdu/qwen-ffn-rom/rtl/ffn_tile_16x16_b4_reg.v:20$2771 ($add).
Converting cell ffn_tile_reg.$flatten\u_comb.\g_row[15].u_tree.$add$/Users/toprakgundogdu/qwen-ffn-rom/rtl/ffn_tile_16x16_b4_reg.v:20$2772 ($add) from unsigned to signed.
Removed top 3 bits (of 16) from port A of cell ffn_tile_reg.$flatten\u_comb.\g_row[15].u_tree.$add$/Users/toprakgundogdu/qwen-ffn-rom/rtl/ffn_tile_16x16_b4_reg.v:20$2772 ($add).
Removed top 4 bits (of 16) from port B of cell ffn_tile_reg.$flatten\u_comb.\g_row[15].u_tree.$add$/Users/toprakgundogdu/qwen-ffn-rom/rtl/ffn_tile_16x16_b4_reg.v:20$2772 ($add).
Removed top 2 bits (of 16) from port Y of cell ffn_tile_reg.$flatten\u_comb.\g_row[15].u_tree.$add$/Users/toprakgundogdu/qwen-ffn-rom/rtl/ffn_tile_16x16_b4_reg.v:20$2772 ($add).
Converting cell ffn_tile_reg.$flatten\u_comb.\g_row[15].u_tree.$add$/Users/toprakgundogdu/qwen-ffn-rom/rtl/ffn_tile_16x16_b4_reg.v:20$2773 ($add) from unsigned to signed.
Removed top 2 bits (of 16) from port A of cell ffn_tile_reg.$flatten\u_comb.\g_row[15].u_tree.$add$/Users/toprakgundogdu/qwen-ffn-rom/rtl/ffn_tile_16x16_b4_reg.v:20$2773 ($add).
Removed top 4 bits (of 16) from port B of cell ffn_tile_reg.$flatten\u_comb.\g_row[15].u_tree.$add$/Users/toprakgundogdu/qwen-ffn-rom/rtl/ffn_tile_16x16_b4_reg.v:20$2773 ($add).
Removed top 1 bits (of 16) from port Y of cell ffn_tile_reg.$flatten\u_comb.\g_row[15].u_tree.$add$/Users/toprakgundogdu/qwen-ffn-rom/rtl/ffn_tile_16x16_b4_reg.v:20$2773 ($add).
Converting cell ffn_tile_reg.$flatten\u_comb.\g_row[15].u_tree.$add$/Users/toprakgundogdu/qwen-ffn-rom/rtl/ffn_tile_16x16_b4_reg.v:20$2774 ($add) from unsigned to signed.
Removed top 1 bits (of 16) from port A of cell ffn_tile_reg.$flatten\u_comb.\g_row[15].u_tree.$add$/Users/toprakgundogdu/qwen-ffn-rom/rtl/ffn_tile_16x16_b4_reg.v:20$2774 ($add).
Removed top 8 bits (of 16) from port B of cell ffn_tile_reg.$flatten\u_comb.\g_row[15].u_tree.$add$/Users/toprakgundogdu/qwen-ffn-rom/rtl/ffn_tile_16x16_b4_reg.v:20$2774 ($add).
Removed top 4 bits (of 16) from port B of cell ffn_tile_reg.$flatten\u_comb.\g_row[15].u_tree.$add$/Users/toprakgundogdu/qwen-ffn-rom/rtl/ffn_tile_16x16_b4_reg.v:20$2775 ($add).
Removed top 4 bits (of 16) from port B of cell ffn_tile_reg.$flatten\u_comb.\g_row[15].u_tree.$add$/Users/toprakgundogdu/qwen-ffn-rom/rtl/ffn_tile_16x16_b4_reg.v:20$2776 ($add).
Removed top 4 bits (of 16) from port B of cell ffn_tile_reg.$flatten\u_comb.\g_row[15].u_tree.$add$/Users/toprakgundogdu/qwen-ffn-rom/rtl/ffn_tile_16x16_b4_reg.v:20$2777 ($add).
Removed top 4 bits (of 16) from port B of cell ffn_tile_reg.$flatten\u_comb.\g_row[15].u_tree.$add$/Users/toprakgundogdu/qwen-ffn-rom/rtl/ffn_tile_16x16_b4_reg.v:20$2778 ($add).
Removed top 4 bits (of 16) from port B of cell ffn_tile_reg.$flatten\u_comb.\g_row[15].u_tree.$add$/Users/toprakgundogdu/qwen-ffn-rom/rtl/ffn_tile_16x16_b4_reg.v:20$2779 ($add).
Removed top 4 bits (of 16) from port B of cell ffn_tile_reg.$flatten\u_comb.\g_row[15].u_tree.$add$/Users/toprakgundogdu/qwen-ffn-rom/rtl/ffn_tile_16x16_b4_reg.v:20$2780 ($add).
Removed top 4 bits (of 16) from port B of cell ffn_tile_reg.$flatten\u_comb.\g_row[15].u_tree.$add$/Users/toprakgundogdu/qwen-ffn-rom/rtl/ffn_tile_16x16_b4_reg.v:20$2781 ($add).
Removed top 4 bits (of 16) from port B of cell ffn_tile_reg.$flatten\u_comb.\g_row[15].u_tree.$add$/Users/toprakgundogdu/qwen-ffn-rom/rtl/ffn_tile_16x16_b4_reg.v:20$2782 ($add).
Removed top 7 bits (of 16) from port B of cell ffn_tile_reg.$flatten\u_comb.\g_row[15].u_tree.$add$/Users/toprakgundogdu/qwen-ffn-rom/rtl/ffn_tile_16x16_b4_reg.v:20$2783 ($add).
Removed top 4 bits (of 16) from port B of cell ffn_tile_reg.$flatten\u_comb.\g_row[15].u_tree.$add$/Users/toprakgundogdu/qwen-ffn-rom/rtl/ffn_tile_16x16_b4_reg.v:20$2784 ($add).
Removed top 4 bits (of 16) from port B of cell ffn_tile_reg.$flatten\u_comb.\g_row[15].u_tree.$add$/Users/toprakgundogdu/qwen-ffn-rom/rtl/ffn_tile_16x16_b4_reg.v:20$2785 ($add).
Converting cell ffn_tile_reg.$flatten\u_comb.$sub$/Users/toprakgundogdu/qwen-ffn-rom/rtl/ffn_tile_16x16_b4_reg.v:84$1661 ($sub) from unsigned to signed.
Removed top 4 bits (of 12) from port A of cell ffn_tile_reg.$flatten\u_comb.$sub$/Users/toprakgundogdu/qwen-ffn-rom/rtl/ffn_tile_16x16_b4_reg.v:84$1661 ($sub).
Removed top 2 bits (of 12) from port B of cell ffn_tile_reg.$flatten\u_comb.$sub$/Users/toprakgundogdu/qwen-ffn-rom/rtl/ffn_tile_16x16_b4_reg.v:84$1661 ($sub).
Removed top 1 bits (of 12) from port Y of cell ffn_tile_reg.$flatten\u_comb.$sub$/Users/toprakgundogdu/qwen-ffn-rom/rtl/ffn_tile_16x16_b4_reg.v:84$1661 ($sub).
Removed top 2 bits (of 12) from port A of cell ffn_tile_reg.$flatten\u_comb.$neg$/Users/toprakgundogdu/qwen-ffn-rom/rtl/ffn_tile_16x16_b4_reg.v:83$2055 ($neg).
Removed top 1 bits (of 12) from port B of cell ffn_tile_reg.$flatten\u_comb.$add$/Users/toprakgundogdu/qwen-ffn-rom/rtl/ffn_tile_16x16_b4_reg.v:94$1981 ($add).
Removed top 2 bits (of 12) from port A of cell ffn_tile_reg.$flatten\u_comb.$neg$/Users/toprakgundogdu/qwen-ffn-rom/rtl/ffn_tile_16x16_b4_reg.v:83$2076 ($neg).
Converting cell ffn_tile_reg.$flatten\u_comb.$sub$/Users/toprakgundogdu/qwen-ffn-rom/rtl/ffn_tile_16x16_b4_reg.v:80$1587 ($sub) from unsigned to signed.
Removed top 4 bits (of 12) from port A of cell ffn_tile_reg.$flatten\u_comb.$sub$/Users/toprakgundogdu/qwen-ffn-rom/rtl/ffn_tile_16x16_b4_reg.v:80$1587 ($sub).
Removed top 1 bits (of 12) from port B of cell ffn_tile_reg.$flatten\u_comb.$sub$/Users/toprakgundogdu/qwen-ffn-rom/rtl/ffn_tile_16x16_b4_reg.v:80$1587 ($sub).
Converting cell ffn_tile_reg.$flatten\u_comb.$sub$/Users/toprakgundogdu/qwen-ffn-rom/rtl/ffn_tile_16x16_b4_reg.v:84$1865 ($sub) from unsigned to signed.
Removed top 4 bits (of 12) from port A of cell ffn_tile_reg.$flatten\u_comb.$sub$/Users/toprakgundogdu/qwen-ffn-rom/rtl/ffn_tile_16x16_b4_reg.v:84$1865 ($sub).
Removed top 2 bits (of 12) from port B of cell ffn_tile_reg.$flatten\u_comb.$sub$/Users/toprakgundogdu/qwen-ffn-rom/rtl/ffn_tile_16x16_b4_reg.v:84$1865 ($sub).
Removed top 1 bits (of 12) from port Y of cell ffn_tile_reg.$flatten\u_comb.$sub$/Users/toprakgundogdu/qwen-ffn-rom/rtl/ffn_tile_16x16_b4_reg.v:84$1865 ($sub).
Removed top 2 bits (of 12) from port B of cell ffn_tile_reg.$flatten\u_comb.$add$/Users/toprakgundogdu/qwen-ffn-rom/rtl/ffn_tile_16x16_b4_reg.v:90$1549 ($add).
Removed top 4 bits (of 12) from port A of cell ffn_tile_reg.$flatten\u_comb.$neg$/Users/toprakgundogdu/qwen-ffn-rom/rtl/ffn_tile_16x16_b4_reg.v:90$1547 ($neg).
Removed top 2 bits (of 12) from port B of cell ffn_tile_reg.$flatten\u_comb.$add$/Users/toprakgundogdu/qwen-ffn-rom/rtl/ffn_tile_16x16_b4_reg.v:90$1540 ($add).
Removed top 1 bits (of 12) from port B of cell ffn_tile_reg.$flatten\u_comb.$add$/Users/toprakgundogdu/qwen-ffn-rom/rtl/ffn_tile_16x16_b4_reg.v:93$2112 ($add).
Converting cell ffn_tile_reg.$flatten\u_comb.$sub$/Users/toprakgundogdu/qwen-ffn-rom/rtl/ffn_tile_16x16_b4_reg.v:80$1531 ($sub) from unsigned to signed.
Removed top 4 bits (of 12) from port A of cell ffn_tile_reg.$flatten\u_comb.$sub$/Users/toprakgundogdu/qwen-ffn-rom/rtl/ffn_tile_16x16_b4_reg.v:80$1531 ($sub).
Removed top 1 bits (of 12) from port B of cell ffn_tile_reg.$flatten\u_comb.$sub$/Users/toprakgundogdu/qwen-ffn-rom/rtl/ffn_tile_16x16_b4_reg.v:80$1531 ($sub).
Removed top 4 bits (of 12) from port A of cell ffn_tile_reg.$flatten\u_comb.$neg$/Users/toprakgundogdu/qwen-ffn-rom/rtl/ffn_tile_16x16_b4_reg.v:90$2119 ($neg).
Removed top 1 bits (of 12) from port B of cell ffn_tile_reg.$flatten\u_comb.$add$/Users/toprakgundogdu/qwen-ffn-rom/rtl/ffn_tile_16x16_b4_reg.v:93$1517 ($add).
Converting cell ffn_tile_reg.$flatten\u_comb.$sub$/Users/toprakgundogdu/qwen-ffn-rom/rtl/ffn_tile_16x16_b4_reg.v:80$1857 ($sub) from unsigned to signed.
Removed top 4 bits (of 12) from port A of cell ffn_tile_reg.$flatten\u_comb.$sub$/Users/toprakgundogdu/qwen-ffn-rom/rtl/ffn_tile_16x16_b4_reg.v:80$1857 ($sub).
Removed top 1 bits (of 12) from port B of cell ffn_tile_reg.$flatten\u_comb.$sub$/Users/toprakgundogdu/qwen-ffn-rom/rtl/ffn_tile_16x16_b4_reg.v:80$1857 ($sub).
Removed top 3 bits (of 12) from port A of cell ffn_tile_reg.$flatten\u_comb.$neg$/Users/toprakgundogdu/qwen-ffn-rom/rtl/ffn_tile_16x16_b4_reg.v:93$1515 ($neg).
Removed top 2 bits (of 12) from port B of cell ffn_tile_reg.$flatten\u_comb.$add$/Users/toprakgundogdu/qwen-ffn-rom/rtl/ffn_tile_16x16_b4_reg.v:90$2121 ($add).
Removed top 4 bits (of 12) from port A of cell ffn_tile_reg.$flatten\u_comb.$neg$/Users/toprakgundogdu/qwen-ffn-rom/rtl/ffn_tile_16x16_b4_reg.v:86$1495 ($neg).
Removed top 2 bits (of 12) from port B of cell ffn_tile_reg.$flatten\u_comb.$sub$/Users/toprakgundogdu/qwen-ffn-rom/rtl/ffn_tile_16x16_b4_reg.v:82$1488 ($sub).
Removed top 2 bits (of 12) from port B of cell ffn_tile_reg.$flatten\u_comb.$add$/Users/toprakgundogdu/qwen-ffn-rom/rtl/ffn_tile_16x16_b4_reg.v:90$1479 ($add).
Converting cell ffn_tile_reg.$flatten\u_comb.$sub$/Users/toprakgundogdu/qwen-ffn-rom/rtl/ffn_tile_16x16_b4_reg.v:84$1849 ($sub) from unsigned to signed.
Removed top 4 bits (of 12) from port A of cell ffn_tile_reg.$flatten\u_comb.$sub$/Users/toprakgundogdu/qwen-ffn-rom/rtl/ffn_tile_16x16_b4_reg.v:84$1849 ($sub).
Removed top 2 bits (of 12) from port B of cell ffn_tile_reg.$flatten\u_comb.$sub$/Users/toprakgundogdu/qwen-ffn-rom/rtl/ffn_tile_16x16_b4_reg.v:84$1849 ($sub).
Removed top 1 bits (of 12) from port Y of cell ffn_tile_reg.$flatten\u_comb.$sub$/Users/toprakgundogdu/qwen-ffn-rom/rtl/ffn_tile_16x16_b4_reg.v:84$1849 ($sub).
Removed top 2 bits (of 12) from port B of cell ffn_tile_reg.$flatten\u_comb.$add$/Users/toprakgundogdu/qwen-ffn-rom/rtl/ffn_tile_16x16_b4_reg.v:90$1462 ($add).
Removed top 2 bits (of 12) from port A of cell ffn_tile_reg.$flatten\u_comb.$neg$/Users/toprakgundogdu/qwen-ffn-rom/rtl/ffn_tile_16x16_b4_reg.v:83$2137 ($neg).
Removed top 1 bits (of 12) from port B of cell ffn_tile_reg.$flatten\u_comb.$add$/Users/toprakgundogdu/qwen-ffn-rom/rtl/ffn_tile_16x16_b4_reg.v:94$1447 ($add).
Converting cell ffn_tile_reg.$flatten\u_comb.$add$/Users/toprakgundogdu/qwen-ffn-rom/rtl/ffn_tile_16x16_b4_reg.v:92$1996 ($add) from unsigned to signed.
Removed top 4 bits (of 12) from port A of cell ffn_tile_reg.$flatten\u_comb.$add$/Users/toprakgundogdu/qwen-ffn-rom/rtl/ffn_tile_16x16_b4_reg.v:92$1996 ($add).
Removed top 2 bits (of 12) from port B of cell ffn_tile_reg.$flatten\u_comb.$add$/Users/toprakgundogdu/qwen-ffn-rom/rtl/ffn_tile_16x16_b4_reg.v:92$1996 ($add).
Removed top 1 bits (of 12) from port Y of cell ffn_tile_reg.$flatten\u_comb.$add$/Users/toprakgundogdu/qwen-ffn-rom/rtl/ffn_tile_16x16_b4_reg.v:92$1996 ($add).
Removed top 2 bits (of 12) from port B of cell ffn_tile_reg.$flatten\u_comb.$add$/Users/toprakgundogdu/qwen-ffn-rom/rtl/ffn_tile_16x16_b4_reg.v:90$1438 ($add).
Removed top 3 bits (of 12) from port A of cell ffn_tile_reg.$flatten\u_comb.$neg$/Users/toprakgundogdu/qwen-ffn-rom/rtl/ffn_tile_16x16_b4_reg.v:85$2145 ($neg).
Removed top 3 bits (of 12) from port A of cell ffn_tile_reg.$flatten\u_comb.$neg$/Users/toprakgundogdu/qwen-ffn-rom/rtl/ffn_tile_16x16_b4_reg.v:85$1429 ($neg).
Removed top 3 bits (of 12) from port A of cell ffn_tile_reg.$flatten\u_comb.$neg$/Users/toprakgundogdu/qwen-ffn-rom/rtl/ffn_tile_16x16_b4_reg.v:85$1421 ($neg).
Removed top 2 bits (of 12) from port B of cell ffn_tile_reg.$flatten\u_comb.$sub$/Users/toprakgundogdu/qwen-ffn-rom/rtl/ffn_tile_16x16_b4_reg.v:82$1413 ($sub).
Removed top 2 bits (of 12) from port B of cell ffn_tile_reg.$flatten\u_comb.$sub$/Users/toprakgundogdu/qwen-ffn-rom/rtl/ffn_tile_16x16_b4_reg.v:82$2154 ($sub).
Converting cell ffn_tile_reg.$flatten\u_comb.$sub$/Users/toprakgundogdu/qwen-ffn-rom/rtl/ffn_tile_16x16_b4_reg.v:84$1822 ($sub) from unsigned to signed.
Removed top 4 bits (of 12) from port A of cell ffn_tile_reg.$flatten\u_comb.$sub$/Users/toprakgundogdu/qwen-ffn-rom/rtl/ffn_tile_16x16_b4_reg.v:84$1822 ($sub).
Removed top 2 bits (of 12) from port B of cell ffn_tile_reg.$flatten\u_comb.$sub$/Users/toprakgundogdu/qwen-ffn-rom/rtl/ffn_tile_16x16_b4_reg.v:84$1822 ($sub).
Removed top 1 bits (of 12) from port Y of cell ffn_tile_reg.$flatten\u_comb.$sub$/Users/toprakgundogdu/qwen-ffn-rom/rtl/ffn_tile_16x16_b4_reg.v:84$1822 ($sub).
Converting cell ffn_tile_reg.$flatten\u_comb.$sub$/Users/toprakgundogdu/qwen-ffn-rom/rtl/ffn_tile_16x16_b4_reg.v:84$1390 ($sub) from unsigned to signed.
Removed top 4 bits (of 12) from port A of cell ffn_tile_reg.$flatten\u_comb.$sub$/Users/toprakgundogdu/qwen-ffn-rom/rtl/ffn_tile_16x16_b4_reg.v:84$1390 ($sub).
Removed top 2 bits (of 12) from port B of cell ffn_tile_reg.$flatten\u_comb.$sub$/Users/toprakgundogdu/qwen-ffn-rom/rtl/ffn_tile_16x16_b4_reg.v:84$1390 ($sub).
Removed top 1 bits (of 12) from port Y of cell ffn_tile_reg.$flatten\u_comb.$sub$/Users/toprakgundogdu/qwen-ffn-rom/rtl/ffn_tile_16x16_b4_reg.v:84$1390 ($sub).
Removed top 2 bits (of 12) from port A of cell ffn_tile_reg.$flatten\u_comb.$neg$/Users/toprakgundogdu/qwen-ffn-rom/rtl/ffn_tile_16x16_b4_reg.v:83$2162 ($neg).
Converting cell ffn_tile_reg.$flatten\u_comb.$sub$/Users/toprakgundogdu/qwen-ffn-rom/rtl/ffn_tile_16x16_b4_reg.v:81$1369 ($sub) from unsigned to signed.
Removed top 3 bits (of 12) from port A of cell ffn_tile_reg.$flatten\u_comb.$sub$/Users/toprakgundogdu/qwen-ffn-rom/rtl/ffn_tile_16x16_b4_reg.v:81$1369 ($sub).
Removed top 1 bits (of 12) from port B of cell ffn_tile_reg.$flatten\u_comb.$sub$/Users/toprakgundogdu/qwen-ffn-rom/rtl/ffn_tile_16x16_b4_reg.v:81$1369 ($sub).
Removed top 4 bits (of 12) from port A of cell ffn_tile_reg.$flatten\u_comb.$neg$/Users/toprakgundogdu/qwen-ffn-rom/rtl/ffn_tile_16x16_b4_reg.v:86$1925 ($neg).
Converting cell ffn_tile_reg.$flatten\u_comb.$sub$/Users/toprakgundogdu/qwen-ffn-rom/rtl/ffn_tile_16x16_b4_reg.v:80$2170 ($sub) from unsigned to signed.
Removed top 4 bits (of 12) from port A of cell ffn_tile_reg.$flatten\u_comb.$sub$/Users/toprakgundogdu/qwen-ffn-rom/rtl/ffn_tile_16x16_b4_reg.v:80$2170 ($sub).
Removed top 1 bits (of 12) from port B of cell ffn_tile_reg.$flatten\u_comb.$sub$/Users/toprakgundogdu/qwen-ffn-rom/rtl/ffn_tile_16x16_b4_reg.v:80$2170 ($sub).
Removed top 4 bits (of 12) from port A of cell ffn_tile_reg.$flatten\u_comb.$neg$/Users/toprakgundogdu/qwen-ffn-rom/rtl/ffn_tile_16x16_b4_reg.v:90$2177 ($neg).
Removed top 2 bits (of 12) from port B of cell ffn_tile_reg.$flatten\u_comb.$add$/Users/toprakgundogdu/qwen-ffn-rom/rtl/ffn_tile_16x16_b4_reg.v:90$2179 ($add).
Removed top 1 bits (of 12) from port B of cell ffn_tile_reg.$flatten\u_comb.$add$/Users/toprakgundogdu/qwen-ffn-rom/rtl/ffn_tile_16x16_b4_reg.v:94$1330 ($add).
Converting cell ffn_tile_reg.$flatten\u_comb.$sub$/Users/toprakgundogdu/qwen-ffn-rom/rtl/ffn_tile_16x16_b4_reg.v:84$1315 ($sub) from unsigned to signed.
Removed top 4 bits (of 12) from port A of cell ffn_tile_reg.$flatten\u_comb.$sub$/Users/toprakgundogdu/qwen-ffn-rom/rtl/ffn_tile_16x16_b4_reg.v:84$1315 ($sub).
Removed top 2 bits (of 12) from port B of cell ffn_tile_reg.$flatten\u_comb.$sub$/Users/toprakgundogdu/qwen-ffn-rom/rtl/ffn_tile_16x16_b4_reg.v:84$1315 ($sub).
Removed top 1 bits (of 12) from port Y of cell ffn_tile_reg.$flatten\u_comb.$sub$/Users/toprakgundogdu/qwen-ffn-rom/rtl/ffn_tile_16x16_b4_reg.v:84$1315 ($sub).
Converting cell ffn_tile_reg.$flatten\u_comb.$sub$/Users/toprakgundogdu/qwen-ffn-rom/rtl/ffn_tile_16x16_b4_reg.v:81$1301 ($sub) from unsigned to signed.
Removed top 3 bits (of 12) from port A of cell ffn_tile_reg.$flatten\u_comb.$sub$/Users/toprakgundogdu/qwen-ffn-rom/rtl/ffn_tile_16x16_b4_reg.v:81$1301 ($sub).
Removed top 1 bits (of 12) from port B of cell ffn_tile_reg.$flatten\u_comb.$sub$/Users/toprakgundogdu/qwen-ffn-rom/rtl/ffn_tile_16x16_b4_reg.v:81$1301 ($sub).
Removed top 2 bits (of 12) from port B of cell ffn_tile_reg.$flatten\u_comb.$add$/Users/toprakgundogdu/qwen-ffn-rom/rtl/ffn_tile_16x16_b4_reg.v:90$2200 ($add).
Removed top 2 bits (of 12) from port A of cell ffn_tile_reg.$flatten\u_comb.$neg$/Users/toprakgundogdu/qwen-ffn-rom/rtl/ffn_tile_16x16_b4_reg.v:83$1806 ($neg).
Removed top 3 bits (of 12) from port A of cell ffn_tile_reg.$flatten\u_comb.$neg$/Users/toprakgundogdu/qwen-ffn-rom/rtl/ffn_tile_16x16_b4_reg.v:85$1285 ($neg).
Removed top 2 bits (of 12) from port A of cell ffn_tile_reg.$flatten\u_comb.$neg$/Users/toprakgundogdu/qwen-ffn-rom/rtl/ffn_tile_16x16_b4_reg.v:83$2215 ($neg).
Removed top 2 bits (of 12) from port B of cell ffn_tile_reg.$flatten\u_comb.$add$/Users/toprakgundogdu/qwen-ffn-rom/rtl/ffn_tile_16x16_b4_reg.v:90$1271 ($add).
Removed top 4 bits (of 12) from port A of cell ffn_tile_reg.$flatten\u_comb.$neg$/Users/toprakgundogdu/qwen-ffn-rom/rtl/ffn_tile_16x16_b4_reg.v:90$1269 ($neg).
Removed top 4 bits (of 12) from port A of cell ffn_tile_reg.$flatten\u_comb.$neg$/Users/toprakgundogdu/qwen-ffn-rom/rtl/ffn_tile_16x16_b4_reg.v:90$1233 ($neg).
Removed top 2 bits (of 12) from port A of cell ffn_tile_reg.$flatten\u_comb.$neg$/Users/toprakgundogdu/qwen-ffn-rom/rtl/ffn_tile_16x16_b4_reg.v:83$1213 ($neg).
Removed top 4 bits (of 12) from port A of cell ffn_tile_reg.$flatten\u_comb.$neg$/Users/toprakgundogdu/qwen-ffn-rom/rtl/ffn_tile_16x16_b4_reg.v:86$2251 ($neg).
Removed top 2 bits (of 12) from port A of cell ffn_tile_reg.$flatten\u_comb.$neg$/Users/toprakgundogdu/qwen-ffn-rom/rtl/ffn_tile_16x16_b4_reg.v:83$1198 ($neg).
Removed top 2 bits (of 12) from port A of cell ffn_tile_reg.$flatten\u_comb.$neg$/Users/toprakgundogdu/qwen-ffn-rom/rtl/ffn_tile_16x16_b4_reg.v:83$1172 ($neg).
Converting cell ffn_tile_reg.$flatten\u_comb.$sub$/Users/toprakgundogdu/qwen-ffn-rom/rtl/ffn_tile_16x16_b4_reg.v:84$2259 ($sub) from unsigned to signed.
Removed top 4 bits (of 12) from port A of cell ffn_tile_reg.$flatten\u_comb.$sub$/Users/toprakgundogdu/qwen-ffn-rom/rtl/ffn_tile_16x16_b4_reg.v:84$2259 ($sub).
Removed top 2 bits (of 12) from port B of cell ffn_tile_reg.$flatten\u_comb.$sub$/Users/toprakgundogdu/qwen-ffn-rom/rtl/ffn_tile_16x16_b4_reg.v:84$2259 ($sub).
Removed top 1 bits (of 12) from port Y of cell ffn_tile_reg.$flatten\u_comb.$sub$/Users/toprakgundogdu/qwen-ffn-rom/rtl/ffn_tile_16x16_b4_reg.v:84$2259 ($sub).
Removed top 4 bits (of 12) from port A of cell ffn_tile_reg.$flatten\u_comb.$neg$/Users/toprakgundogdu/qwen-ffn-rom/rtl/ffn_tile_16x16_b4_reg.v:86$1164 ($neg).
Removed top 2 bits (of 12) from port A of cell ffn_tile_reg.$flatten\u_comb.$neg$/Users/toprakgundogdu/qwen-ffn-rom/rtl/ffn_tile_16x16_b4_reg.v:83$1157 ($neg).
Converting cell ffn_tile_reg.$flatten\u_comb.$sub$/Users/toprakgundogdu/qwen-ffn-rom/rtl/ffn_tile_16x16_b4_reg.v:80$1143 ($sub) from unsigned to signed.
Removed top 4 bits (of 12) from port A of cell ffn_tile_reg.$flatten\u_comb.$sub$/Users/toprakgundogdu/qwen-ffn-rom/rtl/ffn_tile_16x16_b4_reg.v:80$1143 ($sub).
Removed top 1 bits (of 12) from port B of cell ffn_tile_reg.$flatten\u_comb.$sub$/Users/toprakgundogdu/qwen-ffn-rom/rtl/ffn_tile_16x16_b4_reg.v:80$1143 ($sub).
Converting cell ffn_tile_reg.$flatten\u_comb.$sub$/Users/toprakgundogdu/qwen-ffn-rom/rtl/ffn_tile_16x16_b4_reg.v:84$1128 ($sub) from unsigned to signed.
Removed top 4 bits (of 12) from port A of cell ffn_tile_reg.$flatten\u_comb.$sub$/Users/toprakgundogdu/qwen-ffn-rom/rtl/ffn_tile_16x16_b4_reg.v:84$1128 ($sub).
Removed top 2 bits (of 12) from port B of cell ffn_tile_reg.$flatten\u_comb.$sub$/Users/toprakgundogdu/qwen-ffn-rom/rtl/ffn_tile_16x16_b4_reg.v:84$1128 ($sub).
Removed top 1 bits (of 12) from port Y of cell ffn_tile_reg.$flatten\u_comb.$sub$/Users/toprakgundogdu/qwen-ffn-rom/rtl/ffn_tile_16x16_b4_reg.v:84$1128 ($sub).
Converting cell ffn_tile_reg.$flatten\u_comb.$sub$/Users/toprakgundogdu/qwen-ffn-rom/rtl/ffn_tile_16x16_b4_reg.v:84$1107 ($sub) from unsigned to signed.
Removed top 4 bits (of 12) from port A of cell ffn_tile_reg.$flatten\u_comb.$sub$/Users/toprakgundogdu/qwen-ffn-rom/rtl/ffn_tile_16x16_b4_reg.v:84$1107 ($sub).
Removed top 2 bits (of 12) from port B of cell ffn_tile_reg.$flatten\u_comb.$sub$/Users/toprakgundogdu/qwen-ffn-rom/rtl/ffn_tile_16x16_b4_reg.v:84$1107 ($sub).
Removed top 1 bits (of 12) from port Y of cell ffn_tile_reg.$flatten\u_comb.$sub$/Users/toprakgundogdu/qwen-ffn-rom/rtl/ffn_tile_16x16_b4_reg.v:84$1107 ($sub).
Converting cell ffn_tile_reg.$flatten\u_comb.$sub$/Users/toprakgundogdu/qwen-ffn-rom/rtl/ffn_tile_16x16_b4_reg.v:80$2294 ($sub) from unsigned to signed.
Removed top 4 bits (of 12) from port A of cell ffn_tile_reg.$flatten\u_comb.$sub$/Users/toprakgundogdu/qwen-ffn-rom/rtl/ffn_tile_16x16_b4_reg.v:80$2294 ($sub).
Removed top 1 bits (of 12) from port B of cell ffn_tile_reg.$flatten\u_comb.$sub$/Users/toprakgundogdu/qwen-ffn-rom/rtl/ffn_tile_16x16_b4_reg.v:80$2294 ($sub).
Removed top 4 bits (of 12) from port A of cell ffn_tile_reg.$flatten\u_comb.$neg$/Users/toprakgundogdu/qwen-ffn-rom/rtl/ffn_tile_16x16_b4_reg.v:86$1099 ($neg).
Converting cell ffn_tile_reg.$flatten\u_comb.$add$/Users/toprakgundogdu/qwen-ffn-rom/rtl/ffn_tile_16x16_b4_reg.v:92$1092 ($add) from unsigned to signed.
Removed top 4 bits (of 12) from port A of cell ffn_tile_reg.$flatten\u_comb.$add$/Users/toprakgundogdu/qwen-ffn-rom/rtl/ffn_tile_16x16_b4_reg.v:92$1092 ($add).
Removed top 2 bits (of 12) from port B of cell ffn_tile_reg.$flatten\u_comb.$add$/Users/toprakgundogdu/qwen-ffn-rom/rtl/ffn_tile_16x16_b4_reg.v:92$1092 ($add).
Removed top 1 bits (of 12) from port Y of cell ffn_tile_reg.$flatten\u_comb.$add$/Users/toprakgundogdu/qwen-ffn-rom/rtl/ffn_tile_16x16_b4_reg.v:92$1092 ($add).
Removed top 4 bits (of 12) from port A of cell ffn_tile_reg.$flatten\u_comb.$neg$/Users/toprakgundogdu/qwen-ffn-rom/rtl/ffn_tile_16x16_b4_reg.v:86$2313 ($neg).
Removed top 1 bits (of 12) from port B of cell ffn_tile_reg.$flatten\u_comb.$add$/Users/toprakgundogdu/qwen-ffn-rom/rtl/ffn_tile_16x16_b4_reg.v:93$1084 ($add).
Removed top 4 bits (of 12) from port A of cell ffn_tile_reg.$flatten\u_comb.$neg$/Users/toprakgundogdu/qwen-ffn-rom/rtl/ffn_tile_16x16_b4_reg.v:86$2332 ($neg).
Removed top 3 bits (of 12) from port A of cell ffn_tile_reg.$flatten\u_comb.$neg$/Users/toprakgundogdu/qwen-ffn-rom/rtl/ffn_tile_16x16_b4_reg.v:93$1082 ($neg).
Removed top 4 bits (of 12) from port A of cell ffn_tile_reg.$flatten\u_comb.$neg$/Users/toprakgundogdu/qwen-ffn-rom/rtl/ffn_tile_16x16_b4_reg.v:86$2363 ($neg).
Converting cell ffn_tile_reg.$flatten\u_comb.$add$/Users/toprakgundogdu/qwen-ffn-rom/rtl/ffn_tile_16x16_b4_reg.v:92$1074 ($add) from unsigned to signed.
Removed top 4 bits (of 12) from port A of cell ffn_tile_reg.$flatten\u_comb.$add$/Users/toprakgundogdu/qwen-ffn-rom/rtl/ffn_tile_16x16_b4_reg.v:92$1074 ($add).
Removed top 2 bits (of 12) from port B of cell ffn_tile_reg.$flatten\u_comb.$add$/Users/toprakgundogdu/qwen-ffn-rom/rtl/ffn_tile_16x16_b4_reg.v:92$1074 ($add).
Removed top 1 bits (of 12) from port Y of cell ffn_tile_reg.$flatten\u_comb.$add$/Users/toprakgundogdu/qwen-ffn-rom/rtl/ffn_tile_16x16_b4_reg.v:92$1074 ($add).
Removed top 4 bits (of 12) from port A of cell ffn_tile_reg.$flatten\u_comb.$neg$/Users/toprakgundogdu/qwen-ffn-rom/rtl/ffn_tile_16x16_b4_reg.v:86$2376 ($neg).
Removed top 4 bits (of 12) from port A of cell ffn_tile_reg.$flatten\u_comb.$neg$/Users/toprakgundogdu/qwen-ffn-rom/rtl/ffn_tile_16x16_b4_reg.v:90$1058 ($neg).
Converting cell ffn_tile_reg.$flatten\u_comb.$add$/Users/toprakgundogdu/qwen-ffn-rom/rtl/ffn_tile_16x16_b4_reg.v:92$1045 ($add) from unsigned to signed.
Removed top 4 bits (of 12) from port A of cell ffn_tile_reg.$flatten\u_comb.$add$/Users/toprakgundogdu/qwen-ffn-rom/rtl/ffn_tile_16x16_b4_reg.v:92$1045 ($add).
Removed top 2 bits (of 12) from port B of cell ffn_tile_reg.$flatten\u_comb.$add$/Users/toprakgundogdu/qwen-ffn-rom/rtl/ffn_tile_16x16_b4_reg.v:92$1045 ($add).
Removed top 1 bits (of 12) from port Y of cell ffn_tile_reg.$flatten\u_comb.$add$/Users/toprakgundogdu/qwen-ffn-rom/rtl/ffn_tile_16x16_b4_reg.v:92$1045 ($add).
Removed top 3 bits (of 12) from port A of cell ffn_tile_reg.$flatten\u_comb.$neg$/Users/toprakgundogdu/qwen-ffn-rom/rtl/ffn_tile_16x16_b4_reg.v:85$1906 ($neg).
Converting cell ffn_tile_reg.$flatten\u_comb.$sub$/Users/toprakgundogdu/qwen-ffn-rom/rtl/ffn_tile_16x16_b4_reg.v:80$1031 ($sub) from unsigned to signed.
Removed top 4 bits (of 12) from port A of cell ffn_tile_reg.$flatten\u_comb.$sub$/Users/toprakgundogdu/qwen-ffn-rom/rtl/ffn_tile_16x16_b4_reg.v:80$1031 ($sub).
Removed top 1 bits (of 12) from port B of cell ffn_tile_reg.$flatten\u_comb.$sub$/Users/toprakgundogdu/qwen-ffn-rom/rtl/ffn_tile_16x16_b4_reg.v:80$1031 ($sub).
Removed top 2 bits (of 12) from port B of cell ffn_tile_reg.$flatten\u_comb.$sub$/Users/toprakgundogdu/qwen-ffn-rom/rtl/ffn_tile_16x16_b4_reg.v:82$1023 ($sub).
Removed top 3 bits (of 12) from port A of cell ffn_tile_reg.$flatten\u_comb.$neg$/Users/toprakgundogdu/qwen-ffn-rom/rtl/ffn_tile_16x16_b4_reg.v:85$1014 ($neg).
Removed top 1 bits (of 12) from port B of cell ffn_tile_reg.$flatten\u_comb.$add$/Users/toprakgundogdu/qwen-ffn-rom/rtl/ffn_tile_16x16_b4_reg.v:94$957 ($add).
Removed top 2 bits (of 12) from port B of cell ffn_tile_reg.$flatten\u_comb.$add$/Users/toprakgundogdu/qwen-ffn-rom/rtl/ffn_tile_16x16_b4_reg.v:90$2415 ($add).
Converting cell ffn_tile_reg.$flatten\u_comb.$sub$/Users/toprakgundogdu/qwen-ffn-rom/rtl/ffn_tile_16x16_b4_reg.v:84$940 ($sub) from unsigned to signed.
Removed top 4 bits (of 12) from port A of cell ffn_tile_reg.$flatten\u_comb.$sub$/Users/toprakgundogdu/qwen-ffn-rom/rtl/ffn_tile_16x16_b4_reg.v:84$940 ($sub).
Removed top 2 bits (of 12) from port B of cell ffn_tile_reg.$flatten\u_comb.$sub$/Users/toprakgundogdu/qwen-ffn-rom/rtl/ffn_tile_16x16_b4_reg.v:84$940 ($sub).
Removed top 1 bits (of 12) from port Y of cell ffn_tile_reg.$flatten\u_comb.$sub$/Users/toprakgundogdu/qwen-ffn-rom/rtl/ffn_tile_16x16_b4_reg.v:84$940 ($sub).
Converting cell ffn_tile_reg.$flatten\u_comb.$add$/Users/toprakgundogdu/qwen-ffn-rom/rtl/ffn_tile_16x16_b4_reg.v:92$932 ($add) from unsigned to signed.
Removed top 4 bits (of 12) from port A of cell ffn_tile_reg.$flatten\u_comb.$add$/Users/toprakgundogdu/qwen-ffn-rom/rtl/ffn_tile_16x16_b4_reg.v:92$932 ($add).
Removed top 2 bits (of 12) from port B of cell ffn_tile_reg.$flatten\u_comb.$add$/Users/toprakgundogdu/qwen-ffn-rom/rtl/ffn_tile_16x16_b4_reg.v:92$932 ($add).
Removed top 1 bits (of 12) from port Y of cell ffn_tile_reg.$flatten\u_comb.$add$/Users/toprakgundogdu/qwen-ffn-rom/rtl/ffn_tile_16x16_b4_reg.v:92$932 ($add).
Removed top 2 bits (of 12) from port B of cell ffn_tile_reg.$flatten\u_comb.$sub$/Users/toprakgundogdu/qwen-ffn-rom/rtl/ffn_tile_16x16_b4_reg.v:82$924 ($sub).
Converting cell ffn_tile_reg.$flatten\u_comb.$sub$/Users/toprakgundogdu/qwen-ffn-rom/rtl/ffn_tile_16x16_b4_reg.v:81$915 ($sub) from unsigned to signed.
Removed top 3 bits (of 12) from port A of cell ffn_tile_reg.$flatten\u_comb.$sub$/Users/toprakgundogdu/qwen-ffn-rom/rtl/ffn_tile_16x16_b4_reg.v:81$915 ($sub).
Removed top 1 bits (of 12) from port B of cell ffn_tile_reg.$flatten\u_comb.$sub$/Users/toprakgundogdu/qwen-ffn-rom/rtl/ffn_tile_16x16_b4_reg.v:81$915 ($sub).
Removed top 2 bits (of 12) from port A of cell ffn_tile_reg.$flatten\u_comb.$neg$/Users/toprakgundogdu/qwen-ffn-rom/rtl/ffn_tile_16x16_b4_reg.v:83$900 ($neg).
Converting cell ffn_tile_reg.$flatten\u_comb.$sub$/Users/toprakgundogdu/qwen-ffn-rom/rtl/ffn_tile_16x16_b4_reg.v:80$1759 ($sub) from unsigned to signed.
Removed top 4 bits (of 12) from port A of cell ffn_tile_reg.$flatten\u_comb.$sub$/Users/toprakgundogdu/qwen-ffn-rom/rtl/ffn_tile_16x16_b4_reg.v:80$1759 ($sub).
Removed top 1 bits (of 12) from port B of cell ffn_tile_reg.$flatten\u_comb.$sub$/Users/toprakgundogdu/qwen-ffn-rom/rtl/ffn_tile_16x16_b4_reg.v:80$1759 ($sub).
Removed top 2 bits (of 12) from port B of cell ffn_tile_reg.$flatten\u_comb.$add$/Users/toprakgundogdu/qwen-ffn-rom/rtl/ffn_tile_16x16_b4_reg.v:90$2447 ($add).
Converting cell ffn_tile_reg.$flatten\u_comb.$sub$/Users/toprakgundogdu/qwen-ffn-rom/rtl/ffn_tile_16x16_b4_reg.v:81$885 ($sub) from unsigned to signed.
Removed top 3 bits (of 12) from port A of cell ffn_tile_reg.$flatten\u_comb.$sub$/Users/toprakgundogdu/qwen-ffn-rom/rtl/ffn_tile_16x16_b4_reg.v:81$885 ($sub).
Removed top 1 bits (of 12) from port B of cell ffn_tile_reg.$flatten\u_comb.$sub$/Users/toprakgundogdu/qwen-ffn-rom/rtl/ffn_tile_16x16_b4_reg.v:81$885 ($sub).
Removed top 2 bits (of 12) from port B of cell ffn_tile_reg.$flatten\u_comb.$sub$/Users/toprakgundogdu/qwen-ffn-rom/rtl/ffn_tile_16x16_b4_reg.v:82$2463 ($sub).
Removed top 3 bits (of 12) from port A of cell ffn_tile_reg.$flatten\u_comb.$neg$/Users/toprakgundogdu/qwen-ffn-rom/rtl/ffn_tile_16x16_b4_reg.v:85$1713 ($neg).
Converting cell ffn_tile_reg.$flatten\u_comb.$add$/Users/toprakgundogdu/qwen-ffn-rom/rtl/ffn_tile_16x16_b4_reg.v:92$774 ($add) from unsigned to signed.
Removed top 4 bits (of 12) from port A of cell ffn_tile_reg.$flatten\u_comb.$add$/Users/toprakgundogdu/qwen-ffn-rom/rtl/ffn_tile_16x16_b4_reg.v:92$774 ($add).
Removed top 2 bits (of 12) from port B of cell ffn_tile_reg.$flatten\u_comb.$add$/Users/toprakgundogdu/qwen-ffn-rom/rtl/ffn_tile_16x16_b4_reg.v:92$774 ($add).
Removed top 1 bits (of 12) from port Y of cell ffn_tile_reg.$flatten\u_comb.$add$/Users/toprakgundogdu/qwen-ffn-rom/rtl/ffn_tile_16x16_b4_reg.v:92$774 ($add).
Removed top 3 bits (of 12) from port A of cell ffn_tile_reg.$flatten\u_comb.$neg$/Users/toprakgundogdu/qwen-ffn-rom/rtl/ffn_tile_16x16_b4_reg.v:85$760 ($neg).
Removed top 2 bits (of 12) from port B of cell ffn_tile_reg.$flatten\u_comb.$add$/Users/toprakgundogdu/qwen-ffn-rom/rtl/ffn_tile_16x16_b4_reg.v:90$746 ($add).
Removed top 1 bits (of 12) from port B of cell ffn_tile_reg.$flatten\u_comb.$add$/Users/toprakgundogdu/qwen-ffn-rom/rtl/ffn_tile_16x16_b4_reg.v:94$2035 ($add).
Removed top 4 bits (of 12) from port A of cell ffn_tile_reg.$flatten\u_comb.$neg$/Users/toprakgundogdu/qwen-ffn-rom/rtl/ffn_tile_16x16_b4_reg.v:86$683 ($neg).
Converting cell ffn_tile_reg.$flatten\u_comb.$sub$/Users/toprakgundogdu/qwen-ffn-rom/rtl/ffn_tile_16x16_b4_reg.v:80$676 ($sub) from unsigned to signed.
Removed top 4 bits (of 12) from port A of cell ffn_tile_reg.$flatten\u_comb.$sub$/Users/toprakgundogdu/qwen-ffn-rom/rtl/ffn_tile_16x16_b4_reg.v:80$676 ($sub).
Removed top 1 bits (of 12) from port B of cell ffn_tile_reg.$flatten\u_comb.$sub$/Users/toprakgundogdu/qwen-ffn-rom/rtl/ffn_tile_16x16_b4_reg.v:80$676 ($sub).
Removed top 2 bits (of 12) from port B of cell ffn_tile_reg.$flatten\u_comb.$sub$/Users/toprakgundogdu/qwen-ffn-rom/rtl/ffn_tile_16x16_b4_reg.v:82$2495 ($sub).
Converting cell ffn_tile_reg.$flatten\u_comb.$sub$/Users/toprakgundogdu/qwen-ffn-rom/rtl/ffn_tile_16x16_b4_reg.v:84$656 ($sub) from unsigned to signed.
Removed top 4 bits (of 12) from port A of cell ffn_tile_reg.$flatten\u_comb.$sub$/Users/toprakgundogdu/qwen-ffn-rom/rtl/ffn_tile_16x16_b4_reg.v:84$656 ($sub).
Removed top 2 bits (of 12) from port B of cell ffn_tile_reg.$flatten\u_comb.$sub$/Users/toprakgundogdu/qwen-ffn-rom/rtl/ffn_tile_16x16_b4_reg.v:84$656 ($sub).
Removed top 1 bits (of 12) from port Y of cell ffn_tile_reg.$flatten\u_comb.$sub$/Users/toprakgundogdu/qwen-ffn-rom/rtl/ffn_tile_16x16_b4_reg.v:84$656 ($sub).
Removed top 1 bits (of 12) from port B of cell ffn_tile_reg.$flatten\u_comb.\g_row[8].u_tree.$add$/Users/toprakgundogdu/qwen-ffn-rom/rtl/ffn_tile_16x16_b4_reg.v:20$2773 ($add).
Removed top 1 bits (of 12) from port B of cell ffn_tile_reg.$flatten\u_comb.\g_row[8].u_tree.$add$/Users/toprakgundogdu/qwen-ffn-rom/rtl/ffn_tile_16x16_b4_reg.v:20$2781 ($add).
Removed top 1 bits (of 12) from port B of cell ffn_tile_reg.$flatten\u_comb.\g_row[7].u_tree.$add$/Users/toprakgundogdu/qwen-ffn-rom/rtl/ffn_tile_16x16_b4_reg.v:20$2783 ($add).
Removed top 1 bits (of 12) from port B of cell ffn_tile_reg.$flatten\u_comb.\g_row[6].u_tree.$add$/Users/toprakgundogdu/qwen-ffn-rom/rtl/ffn_tile_16x16_b4_reg.v:20$2773 ($add).
Removed top 1 bits (of 12) from port B of cell ffn_tile_reg.$flatten\u_comb.\g_row[6].u_tree.$add$/Users/toprakgundogdu/qwen-ffn-rom/rtl/ffn_tile_16x16_b4_reg.v:20$2777 ($add).
Removed top 1 bits (of 12) from port B of cell ffn_tile_reg.$flatten\u_comb.\g_row[5].u_tree.$add$/Users/toprakgundogdu/qwen-ffn-rom/rtl/ffn_tile_16x16_b4_reg.v:20$2783 ($add).
Removed top 1 bits (of 12) from port B of cell ffn_tile_reg.$flatten\u_comb.\g_row[10].u_tree.$add$/Users/toprakgundogdu/qwen-ffn-rom/rtl/ffn_tile_16x16_b4_reg.v:20$2772 ($add).
Removed top 1 bits (of 12) from port B of cell ffn_tile_reg.$flatten\u_comb.\g_row[10].u_tree.$add$/Users/toprakgundogdu/qwen-ffn-rom/rtl/ffn_tile_16x16_b4_reg.v:20$2776 ($add).
Removed top 1 bits (of 12) from port B of cell ffn_tile_reg.$flatten\u_comb.\g_row[10].u_tree.$add$/Users/toprakgundogdu/qwen-ffn-rom/rtl/ffn_tile_16x16_b4_reg.v:20$2778 ($add).
Removed top 1 bits (of 12) from port B of cell ffn_tile_reg.$flatten\u_comb.\g_row[9].u_tree.$add$/Users/toprakgundogdu/qwen-ffn-rom/rtl/ffn_tile_16x16_b4_reg.v:20$2781 ($add).
Removed top 1 bits (of 12) from port B of cell ffn_tile_reg.$flatten\u_comb.\g_row[9].u_tree.$add$/Users/toprakgundogdu/qwen-ffn-rom/rtl/ffn_tile_16x16_b4_reg.v:20$2782 ($add).
Removed top 1 bits (of 12) from port A of cell ffn_tile_reg.$flatten\u_comb.\g_row[4].u_tree.$add$/Users/toprakgundogdu/qwen-ffn-rom/rtl/ffn_tile_16x16_b4_reg.v:20$2771 ($add).
Removed top 1 bits (of 13) from port Y of cell ffn_tile_reg.$flatten\u_comb.\g_row[4].u_tree.$add$/Users/toprakgundogdu/qwen-ffn-rom/rtl/ffn_tile_16x16_b4_reg.v:20$2771 ($add).
Removed top 1 bits (of 13) from port A of cell ffn_tile_reg.$flatten\u_comb.\g_row[4].u_tree.$add$/Users/toprakgundogdu/qwen-ffn-rom/rtl/ffn_tile_16x16_b4_reg.v:20$2772 ($add).
Removed top 1 bits (of 14) from port Y of cell ffn_tile_reg.$flatten\u_comb.\g_row[4].u_tree.$add$/Users/toprakgundogdu/qwen-ffn-rom/rtl/ffn_tile_16x16_b4_reg.v:20$2772 ($add).
Removed top 1 bits (of 14) from port A of cell ffn_tile_reg.$flatten\u_comb.\g_row[4].u_tree.$add$/Users/toprakgundogdu/qwen-ffn-rom/rtl/ffn_tile_16x16_b4_reg.v:20$2773 ($add).
Removed top 1 bits (of 12) from port B of cell ffn_tile_reg.$flatten\u_comb.\g_row[4].u_tree.$add$/Users/toprakgundogdu/qwen-ffn-rom/rtl/ffn_tile_16x16_b4_reg.v:20$2773 ($add).
Removed top 1 bits (of 15) from port Y of cell ffn_tile_reg.$flatten\u_comb.\g_row[4].u_tree.$add$/Users/toprakgundogdu/qwen-ffn-rom/rtl/ffn_tile_16x16_b4_reg.v:20$2773 ($add).
Removed top 1 bits (of 15) from port A of cell ffn_tile_reg.$flatten\u_comb.\g_row[4].u_tree.$add$/Users/toprakgundogdu/qwen-ffn-rom/rtl/ffn_tile_16x16_b4_reg.v:20$2774 ($add).
Removed top 1 bits (of 16) from port Y of cell ffn_tile_reg.$flatten\u_comb.\g_row[4].u_tree.$add$/Users/toprakgundogdu/qwen-ffn-rom/rtl/ffn_tile_16x16_b4_reg.v:20$2774 ($add).
Removed top 1 bits (of 16) from port A of cell ffn_tile_reg.$flatten\u_comb.\g_row[4].u_tree.$add$/Users/toprakgundogdu/qwen-ffn-rom/rtl/ffn_tile_16x16_b4_reg.v:20$2775 ($add).
Removed top 1 bits (of 12) from port B of cell ffn_tile_reg.$flatten\u_comb.\g_row[13].u_tree.$add$/Users/toprakgundogdu/qwen-ffn-rom/rtl/ffn_tile_16x16_b4_reg.v:20$2784 ($add).
Removed top 1 bits (of 12) from port B of cell ffn_tile_reg.$flatten\u_comb.\g_row[3].u_tree.$add$/Users/toprakgundogdu/qwen-ffn-rom/rtl/ffn_tile_16x16_b4_reg.v:20$2778 ($add).
Removed top 1 bits (of 12) from port B of cell ffn_tile_reg.$flatten\u_comb.\g_row[3].u_tree.$add$/Users/toprakgundogdu/qwen-ffn-rom/rtl/ffn_tile_16x16_b4_reg.v:20$2782 ($add).
Removed top 1 bits (of 12) from port B of cell ffn_tile_reg.$flatten\u_comb.\g_row[3].u_tree.$add$/Users/toprakgundogdu/qwen-ffn-rom/rtl/ffn_tile_16x16_b4_reg.v:20$2784 ($add).
Removed top 1 bits (of 12) from port B of cell ffn_tile_reg.$flatten\u_comb.\g_row[11].u_tree.$add$/Users/toprakgundogdu/qwen-ffn-rom/rtl/ffn_tile_16x16_b4_reg.v:20$2772 ($add).
Removed top 1 bits (of 12) from port B of cell ffn_tile_reg.$flatten\u_comb.\g_row[11].u_tree.$add$/Users/toprakgundogdu/qwen-ffn-rom/rtl/ffn_tile_16x16_b4_reg.v:20$2781 ($add).
Removed top 1 bits (of 12) from port B of cell ffn_tile_reg.$flatten\u_comb.\g_row[2].u_tree.$add$/Users/toprakgundogdu/qwen-ffn-rom/rtl/ffn_tile_16x16_b4_reg.v:20$2779 ($add).
Removed top 1 bits (of 12) from port B of cell ffn_tile_reg.$flatten\u_comb.\g_row[2].u_tree.$add$/Users/toprakgundogdu/qwen-ffn-rom/rtl/ffn_tile_16x16_b4_reg.v:20$2780 ($add).
Removed top 1 bits (of 12) from port B of cell ffn_tile_reg.$flatten\u_comb.\g_row[2].u_tree.$add$/Users/toprakgundogdu/qwen-ffn-rom/rtl/ffn_tile_16x16_b4_reg.v:20$2781 ($add).
Removed top 1 bits (of 12) from port B of cell ffn_tile_reg.$flatten\u_comb.\g_row[1].u_tree.$add$/Users/toprakgundogdu/qwen-ffn-rom/rtl/ffn_tile_16x16_b4_reg.v:20$2773 ($add).
Removed top 1 bits (of 12) from port A of cell ffn_tile_reg.$flatten\u_comb.\g_row[0].u_tree.$add$/Users/toprakgundogdu/qwen-ffn-rom/rtl/ffn_tile_16x16_b4_reg.v:20$2772 ($add).
Removed top 1 bits (of 13) from port Y of cell ffn_tile_reg.$flatten\u_comb.\g_row[0].u_tree.$add$/Users/toprakgundogdu/qwen-ffn-rom/rtl/ffn_tile_16x16_b4_reg.v:20$2772 ($add).
Removed top 1 bits (of 13) from port A of cell ffn_tile_reg.$flatten\u_comb.\g_row[0].u_tree.$add$/Users/toprakgundogdu/qwen-ffn-rom/rtl/ffn_tile_16x16_b4_reg.v:20$2773 ($add).
Removed top 1 bits (of 14) from port Y of cell ffn_tile_reg.$flatten\u_comb.\g_row[0].u_tree.$add$/Users/toprakgundogdu/qwen-ffn-rom/rtl/ffn_tile_16x16_b4_reg.v:20$2773 ($add).
Removed top 1 bits (of 14) from port A of cell ffn_tile_reg.$flatten\u_comb.\g_row[0].u_tree.$add$/Users/toprakgundogdu/qwen-ffn-rom/rtl/ffn_tile_16x16_b4_reg.v:20$2774 ($add).
Removed top 1 bits (of 15) from port Y of cell ffn_tile_reg.$flatten\u_comb.\g_row[0].u_tree.$add$/Users/toprakgundogdu/qwen-ffn-rom/rtl/ffn_tile_16x16_b4_reg.v:20$2774 ($add).
Removed top 1 bits (of 15) from port A of cell ffn_tile_reg.$flatten\u_comb.\g_row[0].u_tree.$add$/Users/toprakgundogdu/qwen-ffn-rom/rtl/ffn_tile_16x16_b4_reg.v:20$2775 ($add).
Removed top 1 bits (of 16) from port Y of cell ffn_tile_reg.$flatten\u_comb.\g_row[0].u_tree.$add$/Users/toprakgundogdu/qwen-ffn-rom/rtl/ffn_tile_16x16_b4_reg.v:20$2775 ($add).
Removed top 1 bits (of 16) from port A of cell ffn_tile_reg.$flatten\u_comb.\g_row[0].u_tree.$add$/Users/toprakgundogdu/qwen-ffn-rom/rtl/ffn_tile_16x16_b4_reg.v:20$2776 ($add).
Removed top 1 bits (of 12) from port B of cell ffn_tile_reg.$flatten\u_comb.\g_row[15].u_tree.$add$/Users/toprakgundogdu/qwen-ffn-rom/rtl/ffn_tile_16x16_b4_reg.v:20$2773 ($add).
Removed top 1 bits (of 12) from port B of cell ffn_tile_reg.$flatten\u_comb.\g_row[15].u_tree.$add$/Users/toprakgundogdu/qwen-ffn-rom/rtl/ffn_tile_16x16_b4_reg.v:20$2782 ($add).
Removed top 1 bits (of 12) from port B of cell ffn_tile_reg.$flatten\u_comb.\g_row[15].u_tree.$add$/Users/toprakgundogdu/qwen-ffn-rom/rtl/ffn_tile_16x16_b4_reg.v:20$2784 ($add).

7.10. Executing PEEPOPT pass (run peephole optimizers).

7.11. Executing OPT_CLEAN pass (remove unused cells and wires).
Finding unused cells or wires in module \ffn_tile_reg..

7.12. Executing ALUMACC pass (create $alu and $macc cells).
Extracting $alu and $macc cells in module ffn_tile_reg:
  creating $macc model for $flatten\u_comb.$sub$/Users/toprakgundogdu/qwen-ffn-rom/rtl/ffn_tile_16x16_b4_reg.v:80$1143 ($sub).
  creating $macc model for $flatten\u_comb.$add$/Users/toprakgundogdu/qwen-ffn-rom/rtl/ffn_tile_16x16_b4_reg.v:92$1996 ($add).
  creating $macc model for $flatten\u_comb.$add$/Users/toprakgundogdu/qwen-ffn-rom/rtl/ffn_tile_16x16_b4_reg.v:94$1447 ($add).
  creating $macc model for $flatten\u_comb.$add$/Users/toprakgundogdu/qwen-ffn-rom/rtl/ffn_tile_16x16_b4_reg.v:92$774 ($add).
  creating $macc model for $flatten\u_comb.$add$/Users/toprakgundogdu/qwen-ffn-rom/rtl/ffn_tile_16x16_b4_reg.v:94$2035 ($add).
  creating $macc model for $flatten\u_comb.$neg$/Users/toprakgundogdu/qwen-ffn-rom/rtl/ffn_tile_16x16_b4_reg.v:83$2137 ($neg).
  creating $macc model for $flatten\u_comb.$add$/Users/toprakgundogdu/qwen-ffn-rom/rtl/ffn_tile_16x16_b4_reg.v:90$1462 ($add).
  creating $macc model for $flatten\u_comb.$sub$/Users/toprakgundogdu/qwen-ffn-rom/rtl/ffn_tile_16x16_b4_reg.v:84$1849 ($sub).
  creating $macc model for $flatten\u_comb.$neg$/Users/toprakgundogdu/qwen-ffn-rom/rtl/ffn_tile_16x16_b4_reg.v:83$1157 ($neg).
  creating $macc model for $flatten\u_comb.$neg$/Users/toprakgundogdu/qwen-ffn-rom/rtl/ffn_tile_16x16_b4_reg.v:86$1164 ($neg).
  creating $macc model for $flatten\u_comb.$sub$/Users/toprakgundogdu/qwen-ffn-rom/rtl/ffn_tile_16x16_b4_reg.v:84$2259 ($sub).
  creating $macc model for $flatten\u_comb.$add$/Users/toprakgundogdu/qwen-ffn-rom/rtl/ffn_tile_16x16_b4_reg.v:90$1479 ($add).
  creating $macc model for $flatten\u_comb.$neg$/Users/toprakgundogdu/qwen-ffn-rom/rtl/ffn_tile_16x16_b4_reg.v:83$1172 ($neg).
  creating $macc model for $flatten\u_comb.$neg$/Users/toprakgundogdu/qwen-ffn-rom/rtl/ffn_tile_16x16_b4_reg.v:86$2376 ($neg).
  creating $macc model for $flatten\u_comb.$sub$/Users/toprakgundogdu/qwen-ffn-rom/rtl/ffn_tile_16x16_b4_reg.v:82$1488 ($sub).
  creating $macc model for $flatten\u_comb.$neg$/Users/toprakgundogdu/qwen-ffn-rom/rtl/ffn_tile_16x16_b4_reg.v:86$1495 ($neg).
  creating $macc model for $flatten\u_comb.$add$/Users/toprakgundogdu/qwen-ffn-rom/rtl/ffn_tile_16x16_b4_reg.v:90$2121 ($add).
  creating $macc model for $flatten\u_comb.$neg$/Users/toprakgundogdu/qwen-ffn-rom/rtl/ffn_tile_16x16_b4_reg.v:93$1515 ($neg).
  creating $macc model for $flatten\u_comb.$sub$/Users/toprakgundogdu/qwen-ffn-rom/rtl/ffn_tile_16x16_b4_reg.v:80$1857 ($sub).
  creating $macc model for $flatten\u_comb.$add$/Users/toprakgundogdu/qwen-ffn-rom/rtl/ffn_tile_16x16_b4_reg.v:93$1517 ($add).
  creating $macc model for $flatten\u_comb.$neg$/Users/toprakgundogdu/qwen-ffn-rom/rtl/ffn_tile_16x16_b4_reg.v:90$2119 ($neg).
  creating $macc model for $flatten\u_comb.$sub$/Users/toprakgundogdu/qwen-ffn-rom/rtl/ffn_tile_16x16_b4_reg.v:80$1531 ($sub).
  creating $macc model for $flatten\u_comb.$neg$/Users/toprakgundogdu/qwen-ffn-rom/rtl/ffn_tile_16x16_b4_reg.v:83$1198 ($neg).
  creating $macc model for $flatten\u_comb.$add$/Users/toprakgundogdu/qwen-ffn-rom/rtl/ffn_tile_16x16_b4_reg.v:93$2112 ($add).
  creating $macc model for $flatten\u_comb.$add$/Users/toprakgundogdu/qwen-ffn-rom/rtl/ffn_tile_16x16_b4_reg.v:90$1540 ($add).
  creating $macc model for $flatten\u_comb.$neg$/Users/toprakgundogdu/qwen-ffn-rom/rtl/ffn_tile_16x16_b4_reg.v:90$1547 ($neg).
  creating $macc model for $flatten\u_comb.$sub$/Users/toprakgundogdu/qwen-ffn-rom/rtl/ffn_tile_16x16_b4_reg.v:82$1413 ($sub).
  creating $macc model for $flatten\u_comb.$add$/Users/toprakgundogdu/qwen-ffn-rom/rtl/ffn_tile_16x16_b4_reg.v:90$1549 ($add).
  creating $macc model for $flatten\u_comb.$neg$/Users/toprakgundogdu/qwen-ffn-rom/rtl/ffn_tile_16x16_b4_reg.v:86$2251 ($neg).
  creating $macc model for $flatten\u_comb.$neg$/Users/toprakgundogdu/qwen-ffn-rom/rtl/ffn_tile_16x16_b4_reg.v:83$1213 ($neg).
  creating $macc model for $flatten\u_comb.$add$/Users/toprakgundogdu/qwen-ffn-rom/rtl/ffn_tile_16x16_b4_reg.v:90$746 ($add).
  creating $macc model for $flatten\u_comb.$sub$/Users/toprakgundogdu/qwen-ffn-rom/rtl/ffn_tile_16x16_b4_reg.v:84$1865 ($sub).
  creating $macc model for $flatten\u_comb.$sub$/Users/toprakgundogdu/qwen-ffn-rom/rtl/ffn_tile_16x16_b4_reg.v:84$1128 ($sub).
  creating $macc model for $flatten\u_comb.$neg$/Users/toprakgundogdu/qwen-ffn-rom/rtl/ffn_tile_16x16_b4_reg.v:90$1233 ($neg).
  creating $macc model for $flatten\u_comb.$neg$/Users/toprakgundogdu/qwen-ffn-rom/rtl/ffn_tile_16x16_b4_reg.v:85$1421 ($neg).
  creating $macc model for $flatten\u_comb.$sub$/Users/toprakgundogdu/qwen-ffn-rom/rtl/ffn_tile_16x16_b4_reg.v:80$1587 ($sub).
  creating $macc model for $flatten\u_comb.$add$/Users/toprakgundogdu/qwen-ffn-rom/rtl/ffn_tile_16x16_b4_reg.v:92$1045 ($add).
  creating $macc model for $flatten\u_comb.$neg$/Users/toprakgundogdu/qwen-ffn-rom/rtl/ffn_tile_16x16_b4_reg.v:86$683 ($neg).
  creating $macc model for $flatten\u_comb.$neg$/Users/toprakgundogdu/qwen-ffn-rom/rtl/ffn_tile_16x16_b4_reg.v:83$2076 ($neg).
  creating $macc model for $flatten\u_comb.$add$/Users/toprakgundogdu/qwen-ffn-rom/rtl/ffn_tile_16x16_b4_reg.v:94$1981 ($add).
  creating $macc model for $flatten\u_comb.$add$/Users/toprakgundogdu/qwen-ffn-rom/rtl/ffn_tile_16x16_b4_reg.v:92$1074 ($add).
  creating $macc model for $flatten\u_comb.$neg$/Users/toprakgundogdu/qwen-ffn-rom/rtl/ffn_tile_16x16_b4_reg.v:86$2363 ($neg).
  creating $macc model for $flatten\u_comb.$neg$/Users/toprakgundogdu/qwen-ffn-rom/rtl/ffn_tile_16x16_b4_reg.v:83$2055 ($neg).
  creating $macc model for $flatten\u_comb.$sub$/Users/toprakgundogdu/qwen-ffn-rom/rtl/ffn_tile_16x16_b4_reg.v:84$1661 ($sub).
  creating $macc model for $flatten\u_comb.$neg$/Users/toprakgundogdu/qwen-ffn-rom/rtl/ffn_tile_16x16_b4_reg.v:90$1269 ($neg).
  creating $macc model for $flatten\u_comb.$neg$/Users/toprakgundogdu/qwen-ffn-rom/rtl/ffn_tile_16x16_b4_reg.v:85$1713 ($neg).
  creating $macc model for $flatten\u_comb.$neg$/Users/toprakgundogdu/qwen-ffn-rom/rtl/ffn_tile_16x16_b4_reg.v:93$1082 ($neg).
  creating $macc model for $flatten\u_comb.\g_row[15].u_tree.$add$/Users/toprakgundogdu/qwen-ffn-rom/rtl/ffn_tile_16x16_b4_reg.v:20$2785 ($add).
  creating $macc model for $flatten\u_comb.\g_row[15].u_tree.$add$/Users/toprakgundogdu/qwen-ffn-rom/rtl/ffn_tile_16x16_b4_reg.v:20$2784 ($add).
  creating $macc model for $flatten\u_comb.\g_row[15].u_tree.$add$/Users/toprakgundogdu/qwen-ffn-rom/rtl/ffn_tile_16x16_b4_reg.v:20$2783 ($add).
  creating $macc model for $flatten\u_comb.\g_row[15].u_tree.$add$/Users/toprakgundogdu/qwen-ffn-rom/rtl/ffn_tile_16x16_b4_reg.v:20$2782 ($add).
  creating $macc model for $flatten\u_comb.\g_row[15].u_tree.$add$/Users/toprakgundogdu/qwen-ffn-rom/rtl/ffn_tile_16x16_b4_reg.v:20$2781 ($add).
  creating $macc model for $flatten\u_comb.\g_row[15].u_tree.$add$/Users/toprakgundogdu/qwen-ffn-rom/rtl/ffn_tile_16x16_b4_reg.v:20$2780 ($add).
  creating $macc model for $flatten\u_comb.\g_row[15].u_tree.$add$/Users/toprakgundogdu/qwen-ffn-rom/rtl/ffn_tile_16x16_b4_reg.v:20$2779 ($add).
  creating $macc model for $flatten\u_comb.\g_row[15].u_tree.$add$/Users/toprakgundogdu/qwen-ffn-rom/rtl/ffn_tile_16x16_b4_reg.v:20$2778 ($add).
  creating $macc model for $flatten\u_comb.\g_row[15].u_tree.$add$/Users/toprakgundogdu/qwen-ffn-rom/rtl/ffn_tile_16x16_b4_reg.v:20$2777 ($add).
  creating $macc model for $flatten\u_comb.\g_row[15].u_tree.$add$/Users/toprakgundogdu/qwen-ffn-rom/rtl/ffn_tile_16x16_b4_reg.v:20$2776 ($add).
  creating $macc model for $flatten\u_comb.\g_row[15].u_tree.$add$/Users/toprakgundogdu/qwen-ffn-rom/rtl/ffn_tile_16x16_b4_reg.v:20$2775 ($add).
  creating $macc model for $flatten\u_comb.\g_row[15].u_tree.$add$/Users/toprakgundogdu/qwen-ffn-rom/rtl/ffn_tile_16x16_b4_reg.v:20$2774 ($add).
  creating $macc model for $flatten\u_comb.\g_row[15].u_tree.$add$/Users/toprakgundogdu/qwen-ffn-rom/rtl/ffn_tile_16x16_b4_reg.v:20$2773 ($add).
  creating $macc model for $flatten\u_comb.\g_row[15].u_tree.$add$/Users/toprakgundogdu/qwen-ffn-rom/rtl/ffn_tile_16x16_b4_reg.v:20$2772 ($add).
  creating $macc model for $flatten\u_comb.\g_row[15].u_tree.$add$/Users/toprakgundogdu/qwen-ffn-rom/rtl/ffn_tile_16x16_b4_reg.v:20$2771 ($add).
  creating $macc model for $flatten\u_comb.\g_row[0].u_tree.$add$/Users/toprakgundogdu/qwen-ffn-rom/rtl/ffn_tile_16x16_b4_reg.v:20$2785 ($add).
  creating $macc model for $flatten\u_comb.\g_row[0].u_tree.$add$/Users/toprakgundogdu/qwen-ffn-rom/rtl/ffn_tile_16x16_b4_reg.v:20$2784 ($add).
  creating $macc model for $flatten\u_comb.\g_row[0].u_tree.$add$/Users/toprakgundogdu/qwen-ffn-rom/rtl/ffn_tile_16x16_b4_reg.v:20$2783 ($add).
  creating $macc model for $flatten\u_comb.\g_row[0].u_tree.$add$/Users/toprakgundogdu/qwen-ffn-rom/rtl/ffn_tile_16x16_b4_reg.v:20$2782 ($add).
  creating $macc model for $flatten\u_comb.$add$/Users/toprakgundogdu/qwen-ffn-rom/rtl/ffn_tile_16x16_b4_reg.v:90$1271 ($add).
  creating $macc model for $flatten\u_comb.$neg$/Users/toprakgundogdu/qwen-ffn-rom/rtl/ffn_tile_16x16_b4_reg.v:83$2215 ($neg).
  creating $macc model for $flatten\u_comb.\g_row[0].u_tree.$add$/Users/toprakgundogdu/qwen-ffn-rom/rtl/ffn_tile_16x16_b4_reg.v:20$2779 ($add).
  creating $macc model for $flatten\u_comb.$neg$/Users/toprakgundogdu/qwen-ffn-rom/rtl/ffn_tile_16x16_b4_reg.v:85$1285 ($neg).
  creating $macc model for $flatten\u_comb.\g_row[0].u_tree.$add$/Users/toprakgundogdu/qwen-ffn-rom/rtl/ffn_tile_16x16_b4_reg.v:20$2777 ($add).
  creating $macc model for $flatten\u_comb.\g_row[0].u_tree.$add$/Users/toprakgundogdu/qwen-ffn-rom/rtl/ffn_tile_16x16_b4_reg.v:20$2776 ($add).
  creating $macc model for $flatten\u_comb.\g_row[0].u_tree.$add$/Users/toprakgundogdu/qwen-ffn-rom/rtl/ffn_tile_16x16_b4_reg.v:20$2775 ($add).
  creating $macc model for $flatten\u_comb.\g_row[0].u_tree.$add$/Users/toprakgundogdu/qwen-ffn-rom/rtl/ffn_tile_16x16_b4_reg.v:20$2774 ($add).
  creating $macc model for $flatten\u_comb.\g_row[0].u_tree.$add$/Users/toprakgundogdu/qwen-ffn-rom/rtl/ffn_tile_16x16_b4_reg.v:20$2773 ($add).
  creating $macc model for $flatten\u_comb.\g_row[0].u_tree.$add$/Users/toprakgundogdu/qwen-ffn-rom/rtl/ffn_tile_16x16_b4_reg.v:20$2772 ($add).
  creating $macc model for $flatten\u_comb.$neg$/Users/toprakgundogdu/qwen-ffn-rom/rtl/ffn_tile_16x16_b4_reg.v:83$1806 ($neg).
  creating $macc model for $flatten\u_comb.\g_row[1].u_tree.$add$/Users/toprakgundogdu/qwen-ffn-rom/rtl/ffn_tile_16x16_b4_reg.v:20$2785 ($add).
  creating $macc model for $flatten\u_comb.$neg$/Users/toprakgundogdu/qwen-ffn-rom/rtl/ffn_tile_16x16_b4_reg.v:86$2332 ($neg).
  creating $macc model for $flatten\u_comb.$neg$/Users/toprakgundogdu/qwen-ffn-rom/rtl/ffn_tile_16x16_b4_reg.v:85$1429 ($neg).
  creating $macc model for $flatten\u_comb.\g_row[1].u_tree.$add$/Users/toprakgundogdu/qwen-ffn-rom/rtl/ffn_tile_16x16_b4_reg.v:20$2782 ($add).
  creating $macc model for $flatten\u_comb.\g_row[1].u_tree.$add$/Users/toprakgundogdu/qwen-ffn-rom/rtl/ffn_tile_16x16_b4_reg.v:20$2781 ($add).
  creating $macc model for $flatten\u_comb.\g_row[1].u_tree.$add$/Users/toprakgundogdu/qwen-ffn-rom/rtl/ffn_tile_16x16_b4_reg.v:20$2780 ($add).
  creating $macc model for $flatten\u_comb.\g_row[1].u_tree.$add$/Users/toprakgundogdu/qwen-ffn-rom/rtl/ffn_tile_16x16_b4_reg.v:20$2779 ($add).
  creating $macc model for $flatten\u_comb.\g_row[1].u_tree.$add$/Users/toprakgundogdu/qwen-ffn-rom/rtl/ffn_tile_16x16_b4_reg.v:20$2778 ($add).
  creating $macc model for $flatten\u_comb.$add$/Users/toprakgundogdu/qwen-ffn-rom/rtl/ffn_tile_16x16_b4_reg.v:90$2200 ($add).
  creating $macc model for $flatten\u_comb.$sub$/Users/toprakgundogdu/qwen-ffn-rom/rtl/ffn_tile_16x16_b4_reg.v:84$656 ($sub).
  creating $macc model for $flatten\u_comb.\g_row[1].u_tree.$add$/Users/toprakgundogdu/qwen-ffn-rom/rtl/ffn_tile_16x16_b4_reg.v:20$2775 ($add).
  creating $macc model for $flatten\u_comb.\g_row[1].u_tree.$add$/Users/toprakgundogdu/qwen-ffn-rom/rtl/ffn_tile_16x16_b4_reg.v:20$2774 ($add).
  creating $macc model for $flatten\u_comb.\g_row[1].u_tree.$add$/Users/toprakgundogdu/qwen-ffn-rom/rtl/ffn_tile_16x16_b4_reg.v:20$2773 ($add).
  creating $macc model for $flatten\u_comb.\g_row[1].u_tree.$add$/Users/toprakgundogdu/qwen-ffn-rom/rtl/ffn_tile_16x16_b4_reg.v:20$2772 ($add).
  creating $macc model for $flatten\u_comb.\g_row[1].u_tree.$add$/Users/toprakgundogdu/qwen-ffn-rom/rtl/ffn_tile_16x16_b4_reg.v:20$2771 ($add).
  creating $macc model for $flatten\u_comb.\g_row[2].u_tree.$add$/Users/toprakgundogdu/qwen-ffn-rom/rtl/ffn_tile_16x16_b4_reg.v:20$2785 ($add).
  creating $macc model for $flatten\u_comb.\g_row[2].u_tree.$add$/Users/toprakgundogdu/qwen-ffn-rom/rtl/ffn_tile_16x16_b4_reg.v:20$2784 ($add).
  creating $macc model for $flatten\u_comb.\g_row[2].u_tree.$add$/Users/toprakgundogdu/qwen-ffn-rom/rtl/ffn_tile_16x16_b4_reg.v:20$2783 ($add).
  creating $macc model for $flatten\u_comb.\g_row[2].u_tree.$add$/Users/toprakgundogdu/qwen-ffn-rom/rtl/ffn_tile_16x16_b4_reg.v:20$2782 ($add).
  creating $macc model for $flatten\u_comb.\g_row[2].u_tree.$add$/Users/toprakgundogdu/qwen-ffn-rom/rtl/ffn_tile_16x16_b4_reg.v:20$2781 ($add).
  creating $macc model for $flatten\u_comb.\g_row[2].u_tree.$add$/Users/toprakgundogdu/qwen-ffn-rom/rtl/ffn_tile_16x16_b4_reg.v:20$2780 ($add).
  creating $macc model for $flatten\u_comb.\g_row[2].u_tree.$add$/Users/toprakgundogdu/qwen-ffn-rom/rtl/ffn_tile_16x16_b4_reg.v:20$2779 ($add).
  creating $macc model for $flatten\u_comb.\g_row[2].u_tree.$add$/Users/toprakgundogdu/qwen-ffn-rom/rtl/ffn_tile_16x16_b4_reg.v:20$2778 ($add).
  creating $macc model for $flatten\u_comb.\g_row[2].u_tree.$add$/Users/toprakgundogdu/qwen-ffn-rom/rtl/ffn_tile_16x16_b4_reg.v:20$2777 ($add).
  creating $macc model for $flatten\u_comb.\g_row[2].u_tree.$add$/Users/toprakgundogdu/qwen-ffn-rom/rtl/ffn_tile_16x16_b4_reg.v:20$2776 ($add).
  creating $macc model for $flatten\u_comb.\g_row[2].u_tree.$add$/Users/toprakgundogdu/qwen-ffn-rom/rtl/ffn_tile_16x16_b4_reg.v:20$2775 ($add).
  creating $macc model for $flatten\u_comb.\g_row[2].u_tree.$add$/Users/toprakgundogdu/qwen-ffn-rom/rtl/ffn_tile_16x16_b4_reg.v:20$2774 ($add).
  creating $macc model for $flatten\u_comb.\g_row[2].u_tree.$add$/Users/toprakgundogdu/qwen-ffn-rom/rtl/ffn_tile_16x16_b4_reg.v:20$2773 ($add).
  creating $macc model for $flatten\u_comb.\g_row[2].u_tree.$add$/Users/toprakgundogdu/qwen-ffn-rom/rtl/ffn_tile_16x16_b4_reg.v:20$2772 ($add).
  creating $macc model for $flatten\u_comb.\g_row[2].u_tree.$add$/Users/toprakgundogdu/qwen-ffn-rom/rtl/ffn_tile_16x16_b4_reg.v:20$2771 ($add).
  creating $macc model for $flatten\u_comb.\g_row[11].u_tree.$add$/Users/toprakgundogdu/qwen-ffn-rom/rtl/ffn_tile_16x16_b4_reg.v:20$2785 ($add).
  creating $macc model for $flatten\u_comb.\g_row[11].u_tree.$add$/Users/toprakgundogdu/qwen-ffn-rom/rtl/ffn_tile_16x16_b4_reg.v:20$2784 ($add).
  creating $macc model for $flatten\u_comb.\g_row[11].u_tree.$add$/Users/toprakgundogdu/qwen-ffn-rom/rtl/ffn_tile_16x16_b4_reg.v:20$2783 ($add).
  creating $macc model for $flatten\u_comb.\g_row[11].u_tree.$add$/Users/toprakgundogdu/qwen-ffn-rom/rtl/ffn_tile_16x16_b4_reg.v:20$2782 ($add).
  creating $macc model for $flatten\u_comb.\g_row[11].u_tree.$add$/Users/toprakgundogdu/qwen-ffn-rom/rtl/ffn_tile_16x16_b4_reg.v:20$2781 ($add).
  creating $macc model for $flatten\u_comb.\g_row[11].u_tree.$add$/Users/toprakgundogdu/qwen-ffn-rom/rtl/ffn_tile_16x16_b4_reg.v:20$2780 ($add).
  creating $macc model for $flatten\u_comb.\g_row[11].u_tree.$add$/Users/toprakgundogdu/qwen-ffn-rom/rtl/ffn_tile_16x16_b4_reg.v:20$2779 ($add).
  creating $macc model for $flatten\u_comb.\g_row[11].u_tree.$add$/Users/toprakgundogdu/qwen-ffn-rom/rtl/ffn_tile_16x16_b4_reg.v:20$2778 ($add).
  creating $macc model for $flatten\u_comb.$sub$/Users/toprakgundogdu/qwen-ffn-rom/rtl/ffn_tile_16x16_b4_reg.v:81$1301 ($sub).
  creating $macc model for $flatten\u_comb.$sub$/Users/toprakgundogdu/qwen-ffn-rom/rtl/ffn_tile_16x16_b4_reg.v:82$2463 ($sub).
  creating $macc model for $flatten\u_comb.\g_row[11].u_tree.$add$/Users/toprakgundogdu/qwen-ffn-rom/rtl/ffn_tile_16x16_b4_reg.v:20$2775 ($add).
  creating $macc model for $flatten\u_comb.$add$/Users/toprakgundogdu/qwen-ffn-rom/rtl/ffn_tile_16x16_b4_reg.v:93$1084 ($add).
  creating $macc model for $flatten\u_comb.\g_row[11].u_tree.$add$/Users/toprakgundogdu/qwen-ffn-rom/rtl/ffn_tile_16x16_b4_reg.v:20$2773 ($add).
  creating $macc model for $flatten\u_comb.\g_row[11].u_tree.$add$/Users/toprakgundogdu/qwen-ffn-rom/rtl/ffn_tile_16x16_b4_reg.v:20$2772 ($add).
  creating $macc model for $flatten\u_comb.\g_row[11].u_tree.$add$/Users/toprakgundogdu/qwen-ffn-rom/rtl/ffn_tile_16x16_b4_reg.v:20$2771 ($add).
  creating $macc model for $flatten\u_comb.$sub$/Users/toprakgundogdu/qwen-ffn-rom/rtl/ffn_tile_16x16_b4_reg.v:84$1315 ($sub).
  creating $macc model for $flatten\u_comb.\g_row[14].u_tree.$add$/Users/toprakgundogdu/qwen-ffn-rom/rtl/ffn_tile_16x16_b4_reg.v:20$2784 ($add).
  creating $macc model for $flatten\u_comb.$neg$/Users/toprakgundogdu/qwen-ffn-rom/rtl/ffn_tile_16x16_b4_reg.v:86$2313 ($neg).
  creating $macc model for $flatten\u_comb.$sub$/Users/toprakgundogdu/qwen-ffn-rom/rtl/ffn_tile_16x16_b4_reg.v:81$885 ($sub).
  creating $macc model for $flatten\u_comb.\g_row[14].u_tree.$add$/Users/toprakgundogdu/qwen-ffn-rom/rtl/ffn_tile_16x16_b4_reg.v:20$2781 ($add).
  creating $macc model for $flatten\u_comb.$add$/Users/toprakgundogdu/qwen-ffn-rom/rtl/ffn_tile_16x16_b4_reg.v:90$2447 ($add).
  creating $macc model for $flatten\u_comb.\g_row[14].u_tree.$add$/Users/toprakgundogdu/qwen-ffn-rom/rtl/ffn_tile_16x16_b4_reg.v:20$2779 ($add).
  creating $macc model for $flatten\u_comb.$sub$/Users/toprakgundogdu/qwen-ffn-rom/rtl/ffn_tile_16x16_b4_reg.v:80$1759 ($sub).
  creating $macc model for $flatten\u_comb.\g_row[14].u_tree.$add$/Users/toprakgundogdu/qwen-ffn-rom/rtl/ffn_tile_16x16_b4_reg.v:20$2777 ($add).
  creating $macc model for $flatten\u_comb.\g_row[14].u_tree.$add$/Users/toprakgundogdu/qwen-ffn-rom/rtl/ffn_tile_16x16_b4_reg.v:20$2776 ($add).
  creating $macc model for $flatten\u_comb.$neg$/Users/toprakgundogdu/qwen-ffn-rom/rtl/ffn_tile_16x16_b4_reg.v:83$900 ($neg).
  creating $macc model for $flatten\u_comb.$add$/Users/toprakgundogdu/qwen-ffn-rom/rtl/ffn_tile_16x16_b4_reg.v:92$1092 ($add).
  creating $macc model for $flatten\u_comb.\g_row[14].u_tree.$add$/Users/toprakgundogdu/qwen-ffn-rom/rtl/ffn_tile_16x16_b4_reg.v:20$2773 ($add).
  creating $macc model for $flatten\u_comb.$add$/Users/toprakgundogdu/qwen-ffn-rom/rtl/ffn_tile_16x16_b4_reg.v:94$1330 ($add).
  creating $macc model for $flatten\u_comb.$sub$/Users/toprakgundogdu/qwen-ffn-rom/rtl/ffn_tile_16x16_b4_reg.v:81$915 ($sub).
  creating $macc model for $flatten\u_comb.\g_row[3].u_tree.$add$/Users/toprakgundogdu/qwen-ffn-rom/rtl/ffn_tile_16x16_b4_reg.v:20$2785 ($add).
  creating $macc model for $flatten\u_comb.\g_row[3].u_tree.$add$/Users/toprakgundogdu/qwen-ffn-rom/rtl/ffn_tile_16x16_b4_reg.v:20$2784 ($add).
  creating $macc model for $flatten\u_comb.\g_row[3].u_tree.$add$/Users/toprakgundogdu/qwen-ffn-rom/rtl/ffn_tile_16x16_b4_reg.v:20$2783 ($add).
  creating $macc model for $flatten\u_comb.\g_row[3].u_tree.$add$/Users/toprakgundogdu/qwen-ffn-rom/rtl/ffn_tile_16x16_b4_reg.v:20$2782 ($add).
  creating $macc model for $flatten\u_comb.$neg$/Users/toprakgundogdu/qwen-ffn-rom/rtl/ffn_tile_16x16_b4_reg.v:85$760 ($neg).
  creating $macc model for $flatten\u_comb.\g_row[3].u_tree.$add$/Users/toprakgundogdu/qwen-ffn-rom/rtl/ffn_tile_16x16_b4_reg.v:20$2780 ($add).
  creating $macc model for $flatten\u_comb.\g_row[3].u_tree.$add$/Users/toprakgundogdu/qwen-ffn-rom/rtl/ffn_tile_16x16_b4_reg.v:20$2779 ($add).
  creating $macc model for $flatten\u_comb.\g_row[3].u_tree.$add$/Users/toprakgundogdu/qwen-ffn-rom/rtl/ffn_tile_16x16_b4_reg.v:20$2778 ($add).
  creating $macc model for $flatten\u_comb.\g_row[3].u_tree.$add$/Users/toprakgundogdu/qwen-ffn-rom/rtl/ffn_tile_16x16_b4_reg.v:20$2777 ($add).
  creating $macc model for $flatten\u_comb.\g_row[3].u_tree.$add$/Users/toprakgundogdu/qwen-ffn-rom/rtl/ffn_tile_16x16_b4_reg.v:20$2776 ($add).
  creating $macc model for $flatten\u_comb.\g_row[3].u_tree.$add$/Users/toprakgundogdu/qwen-ffn-rom/rtl/ffn_tile_16x16_b4_reg.v:20$2775 ($add).
  creating $macc model for $flatten\u_comb.\g_row[3].u_tree.$add$/Users/toprakgundogdu/qwen-ffn-rom/rtl/ffn_tile_16x16_b4_reg.v:20$2774 ($add).
  creating $macc model for $flatten\u_comb.\g_row[3].u_tree.$add$/Users/toprakgundogdu/qwen-ffn-rom/rtl/ffn_tile_16x16_b4_reg.v:20$2773 ($add).
  creating $macc model for $flatten\u_comb.\g_row[3].u_tree.$add$/Users/toprakgundogdu/qwen-ffn-rom/rtl/ffn_tile_16x16_b4_reg.v:20$2772 ($add).
  creating $macc model for $flatten\u_comb.\g_row[3].u_tree.$add$/Users/toprakgundogdu/qwen-ffn-rom/rtl/ffn_tile_16x16_b4_reg.v:20$2771 ($add).
  creating $macc model for $flatten\u_comb.$neg$/Users/toprakgundogdu/qwen-ffn-rom/rtl/ffn_tile_16x16_b4_reg.v:86$1099 ($neg).
  creating $macc model for $flatten\u_comb.\g_row[13].u_tree.$add$/Users/toprakgundogdu/qwen-ffn-rom/rtl/ffn_tile_16x16_b4_reg.v:20$2784 ($add).
  creating $macc model for $flatten\u_comb.\g_row[13].u_tree.$add$/Users/toprakgundogdu/qwen-ffn-rom/rtl/ffn_tile_16x16_b4_reg.v:20$2783 ($add).
  creating $macc model for $flatten\u_comb.\g_row[13].u_tree.$add$/Users/toprakgundogdu/qwen-ffn-rom/rtl/ffn_tile_16x16_b4_reg.v:20$2782 ($add).
  creating $macc model for $flatten\u_comb.\g_row[13].u_tree.$add$/Users/toprakgundogdu/qwen-ffn-rom/rtl/ffn_tile_16x16_b4_reg.v:20$2781 ($add).
  creating $macc model for $flatten\u_comb.\g_row[13].u_tree.$add$/Users/toprakgundogdu/qwen-ffn-rom/rtl/ffn_tile_16x16_b4_reg.v:20$2780 ($add).
  creating $macc model for $flatten\u_comb.\g_row[13].u_tree.$add$/Users/toprakgundogdu/qwen-ffn-rom/rtl/ffn_tile_16x16_b4_reg.v:20$2779 ($add).
  creating $macc model for $flatten\u_comb.\g_row[13].u_tree.$add$/Users/toprakgundogdu/qwen-ffn-rom/rtl/ffn_tile_16x16_b4_reg.v:20$2778 ($add).
  creating $macc model for $flatten\u_comb.\g_row[13].u_tree.$add$/Users/toprakgundogdu/qwen-ffn-rom/rtl/ffn_tile_16x16_b4_reg.v:20$2777 ($add).
  creating $macc model for $flatten\u_comb.\g_row[13].u_tree.$add$/Users/toprakgundogdu/qwen-ffn-rom/rtl/ffn_tile_16x16_b4_reg.v:20$2776 ($add).
  creating $macc model for $flatten\u_comb.$sub$/Users/toprakgundogdu/qwen-ffn-rom/rtl/ffn_tile_16x16_b4_reg.v:82$924 ($sub).
  creating $macc model for $flatten\u_comb.\g_row[13].u_tree.$add$/Users/toprakgundogdu/qwen-ffn-rom/rtl/ffn_tile_16x16_b4_reg.v:20$2774 ($add).
  creating $macc model for $flatten\u_comb.\g_row[13].u_tree.$add$/Users/toprakgundogdu/qwen-ffn-rom/rtl/ffn_tile_16x16_b4_reg.v:20$2773 ($add).
  creating $macc model for $flatten\u_comb.\g_row[13].u_tree.$add$/Users/toprakgundogdu/qwen-ffn-rom/rtl/ffn_tile_16x16_b4_reg.v:20$2772 ($add).
  creating $macc model for $flatten\u_comb.\g_row[13].u_tree.$add$/Users/toprakgundogdu/qwen-ffn-rom/rtl/ffn_tile_16x16_b4_reg.v:20$2771 ($add).
  creating $macc model for $flatten\u_comb.\g_row[4].u_tree.$add$/Users/toprakgundogdu/qwen-ffn-rom/rtl/ffn_tile_16x16_b4_reg.v:20$2785 ($add).
  creating $macc model for $flatten\u_comb.\g_row[4].u_tree.$add$/Users/toprakgundogdu/qwen-ffn-rom/rtl/ffn_tile_16x16_b4_reg.v:20$2784 ($add).
  creating $macc model for $flatten\u_comb.\g_row[4].u_tree.$add$/Users/toprakgundogdu/qwen-ffn-rom/rtl/ffn_tile_16x16_b4_reg.v:20$2783 ($add).
  creating $macc model for $flatten\u_comb.$add$/Users/toprakgundogdu/qwen-ffn-rom/rtl/ffn_tile_16x16_b4_reg.v:90$2179 ($add).
  creating $macc model for $flatten\u_comb.\g_row[4].u_tree.$add$/Users/toprakgundogdu/qwen-ffn-rom/rtl/ffn_tile_16x16_b4_reg.v:20$2781 ($add).
  creating $macc model for $flatten\u_comb.\g_row[4].u_tree.$add$/Users/toprakgundogdu/qwen-ffn-rom/rtl/ffn_tile_16x16_b4_reg.v:20$2780 ($add).
  creating $macc model for $flatten\u_comb.\g_row[4].u_tree.$add$/Users/toprakgundogdu/qwen-ffn-rom/rtl/ffn_tile_16x16_b4_reg.v:20$2779 ($add).
  creating $macc model for $flatten\u_comb.\g_row[4].u_tree.$add$/Users/toprakgundogdu/qwen-ffn-rom/rtl/ffn_tile_16x16_b4_reg.v:20$2778 ($add).
  creating $macc model for $flatten\u_comb.\g_row[4].u_tree.$add$/Users/toprakgundogdu/qwen-ffn-rom/rtl/ffn_tile_16x16_b4_reg.v:20$2777 ($add).
  creating $macc model for $flatten\u_comb.\g_row[4].u_tree.$add$/Users/toprakgundogdu/qwen-ffn-rom/rtl/ffn_tile_16x16_b4_reg.v:20$2776 ($add).
  creating $macc model for $flatten\u_comb.\g_row[4].u_tree.$add$/Users/toprakgundogdu/qwen-ffn-rom/rtl/ffn_tile_16x16_b4_reg.v:20$2775 ($add).
  creating $macc model for $flatten\u_comb.\g_row[4].u_tree.$add$/Users/toprakgundogdu/qwen-ffn-rom/rtl/ffn_tile_16x16_b4_reg.v:20$2774 ($add).
  creating $macc model for $flatten\u_comb.\g_row[4].u_tree.$add$/Users/toprakgundogdu/qwen-ffn-rom/rtl/ffn_tile_16x16_b4_reg.v:20$2773 ($add).
  creating $macc model for $flatten\u_comb.\g_row[4].u_tree.$add$/Users/toprakgundogdu/qwen-ffn-rom/rtl/ffn_tile_16x16_b4_reg.v:20$2772 ($add).
  creating $macc model for $flatten\u_comb.\g_row[4].u_tree.$add$/Users/toprakgundogdu/qwen-ffn-rom/rtl/ffn_tile_16x16_b4_reg.v:20$2771 ($add).
  creating $macc model for $flatten\u_comb.\g_row[9].u_tree.$add$/Users/toprakgundogdu/qwen-ffn-rom/rtl/ffn_tile_16x16_b4_reg.v:20$2785 ($add).
  creating $macc model for $flatten\u_comb.\g_row[9].u_tree.$add$/Users/toprakgundogdu/qwen-ffn-rom/rtl/ffn_tile_16x16_b4_reg.v:20$2784 ($add).
  creating $macc model for $flatten\u_comb.\g_row[9].u_tree.$add$/Users/toprakgundogdu/qwen-ffn-rom/rtl/ffn_tile_16x16_b4_reg.v:20$2783 ($add).
  creating $macc model for $flatten\u_comb.\g_row[9].u_tree.$add$/Users/toprakgundogdu/qwen-ffn-rom/rtl/ffn_tile_16x16_b4_reg.v:20$2782 ($add).
  creating $macc model for $flatten\u_comb.\g_row[9].u_tree.$add$/Users/toprakgundogdu/qwen-ffn-rom/rtl/ffn_tile_16x16_b4_reg.v:20$2781 ($add).
  creating $macc model for $flatten\u_comb.\g_row[9].u_tree.$add$/Users/toprakgundogdu/qwen-ffn-rom/rtl/ffn_tile_16x16_b4_reg.v:20$2780 ($add).
  creating $macc model for $flatten\u_comb.\g_row[9].u_tree.$add$/Users/toprakgundogdu/qwen-ffn-rom/rtl/ffn_tile_16x16_b4_reg.v:20$2779 ($add).
  creating $macc model for $flatten\u_comb.$add$/Users/toprakgundogdu/qwen-ffn-rom/rtl/ffn_tile_16x16_b4_reg.v:92$932 ($add).
  creating $macc model for $flatten\u_comb.\g_row[9].u_tree.$add$/Users/toprakgundogdu/qwen-ffn-rom/rtl/ffn_tile_16x16_b4_reg.v:20$2777 ($add).
  creating $macc model for $flatten\u_comb.\g_row[9].u_tree.$add$/Users/toprakgundogdu/qwen-ffn-rom/rtl/ffn_tile_16x16_b4_reg.v:20$2776 ($add).
  creating $macc model for $flatten\u_comb.\g_row[9].u_tree.$add$/Users/toprakgundogdu/qwen-ffn-rom/rtl/ffn_tile_16x16_b4_reg.v:20$2775 ($add).
  creating $macc model for $flatten\u_comb.$neg$/Users/toprakgundogdu/qwen-ffn-rom/rtl/ffn_tile_16x16_b4_reg.v:90$1058 ($neg).
  creating $macc model for $flatten\u_comb.\g_row[9].u_tree.$add$/Users/toprakgundogdu/qwen-ffn-rom/rtl/ffn_tile_16x16_b4_reg.v:20$2773 ($add).
  creating $macc model for $flatten\u_comb.$sub$/Users/toprakgundogdu/qwen-ffn-rom/rtl/ffn_tile_16x16_b4_reg.v:84$940 ($sub).
  creating $macc model for $flatten\u_comb.\g_row[9].u_tree.$add$/Users/toprakgundogdu/qwen-ffn-rom/rtl/ffn_tile_16x16_b4_reg.v:20$2771 ($add).
  creating $macc model for $flatten\u_comb.$neg$/Users/toprakgundogdu/qwen-ffn-rom/rtl/ffn_tile_16x16_b4_reg.v:85$1906 ($neg).
  creating $macc model for $flatten\u_comb.\g_row[10].u_tree.$add$/Users/toprakgundogdu/qwen-ffn-rom/rtl/ffn_tile_16x16_b4_reg.v:20$2784 ($add).
  creating $macc model for $flatten\u_comb.\g_row[10].u_tree.$add$/Users/toprakgundogdu/qwen-ffn-rom/rtl/ffn_tile_16x16_b4_reg.v:20$2783 ($add).
  creating $macc model for $flatten\u_comb.\g_row[10].u_tree.$add$/Users/toprakgundogdu/qwen-ffn-rom/rtl/ffn_tile_16x16_b4_reg.v:20$2782 ($add).
  creating $macc model for $flatten\u_comb.$neg$/Users/toprakgundogdu/qwen-ffn-rom/rtl/ffn_tile_16x16_b4_reg.v:90$2177 ($neg).
  creating $macc model for $flatten\u_comb.$sub$/Users/toprakgundogdu/qwen-ffn-rom/rtl/ffn_tile_16x16_b4_reg.v:80$2294 ($sub).
  creating $macc model for $flatten\u_comb.\g_row[10].u_tree.$add$/Users/toprakgundogdu/qwen-ffn-rom/rtl/ffn_tile_16x16_b4_reg.v:20$2779 ($add).
  creating $macc model for $flatten\u_comb.\g_row[10].u_tree.$add$/Users/toprakgundogdu/qwen-ffn-rom/rtl/ffn_tile_16x16_b4_reg.v:20$2778 ($add).
  creating $macc model for $flatten\u_comb.\g_row[10].u_tree.$add$/Users/toprakgundogdu/qwen-ffn-rom/rtl/ffn_tile_16x16_b4_reg.v:20$2777 ($add).
  creating $macc model for $flatten\u_comb.\g_row[10].u_tree.$add$/Users/toprakgundogdu/qwen-ffn-rom/rtl/ffn_tile_16x16_b4_reg.v:20$2776 ($add).
  creating $macc model for $flatten\u_comb.$add$/Users/toprakgundogdu/qwen-ffn-rom/rtl/ffn_tile_16x16_b4_reg.v:90$2415 ($add).
  creating $macc model for $flatten\u_comb.\g_row[10].u_tree.$add$/Users/toprakgundogdu/qwen-ffn-rom/rtl/ffn_tile_16x16_b4_reg.v:20$2774 ($add).
  creating $macc model for $flatten\u_comb.\g_row[10].u_tree.$add$/Users/toprakgundogdu/qwen-ffn-rom/rtl/ffn_tile_16x16_b4_reg.v:20$2773 ($add).
  creating $macc model for $flatten\u_comb.\g_row[10].u_tree.$add$/Users/toprakgundogdu/qwen-ffn-rom/rtl/ffn_tile_16x16_b4_reg.v:20$2772 ($add).
  creating $macc model for $flatten\u_comb.\g_row[10].u_tree.$add$/Users/toprakgundogdu/qwen-ffn-rom/rtl/ffn_tile_16x16_b4_reg.v:20$2771 ($add).
  creating $macc model for $flatten\u_comb.\g_row[5].u_tree.$add$/Users/toprakgundogdu/qwen-ffn-rom/rtl/ffn_tile_16x16_b4_reg.v:20$2785 ($add).
  creating $macc model for $flatten\u_comb.$add$/Users/toprakgundogdu/qwen-ffn-rom/rtl/ffn_tile_16x16_b4_reg.v:94$957 ($add).
  creating $macc model for $flatten\u_comb.\g_row[5].u_tree.$add$/Users/toprakgundogdu/qwen-ffn-rom/rtl/ffn_tile_16x16_b4_reg.v:20$2783 ($add).
  creating $macc model for $flatten\u_comb.$sub$/Users/toprakgundogdu/qwen-ffn-rom/rtl/ffn_tile_16x16_b4_reg.v:80$2170 ($sub).
  creating $macc model for $flatten\u_comb.\g_row[5].u_tree.$add$/Users/toprakgundogdu/qwen-ffn-rom/rtl/ffn_tile_16x16_b4_reg.v:20$2781 ($add).
  creating $macc model for $flatten\u_comb.\g_row[5].u_tree.$add$/Users/toprakgundogdu/qwen-ffn-rom/rtl/ffn_tile_16x16_b4_reg.v:20$2780 ($add).
  creating $macc model for $flatten\u_comb.\g_row[5].u_tree.$add$/Users/toprakgundogdu/qwen-ffn-rom/rtl/ffn_tile_16x16_b4_reg.v:20$2779 ($add).
  creating $macc model for $flatten\u_comb.\g_row[5].u_tree.$add$/Users/toprakgundogdu/qwen-ffn-rom/rtl/ffn_tile_16x16_b4_reg.v:20$2778 ($add).
  creating $macc model for $flatten\u_comb.\g_row[5].u_tree.$add$/Users/toprakgundogdu/qwen-ffn-rom/rtl/ffn_tile_16x16_b4_reg.v:20$2777 ($add).
  creating $macc model for $flatten\u_comb.\g_row[5].u_tree.$add$/Users/toprakgundogdu/qwen-ffn-rom/rtl/ffn_tile_16x16_b4_reg.v:20$2776 ($add).
  creating $macc model for $flatten\u_comb.\g_row[5].u_tree.$add$/Users/toprakgundogdu/qwen-ffn-rom/rtl/ffn_tile_16x16_b4_reg.v:20$2775 ($add).
  creating $macc model for $flatten\u_comb.\g_row[5].u_tree.$add$/Users/toprakgundogdu/qwen-ffn-rom/rtl/ffn_tile_16x16_b4_reg.v:20$2774 ($add).
  creating $macc model for $flatten\u_comb.\g_row[5].u_tree.$add$/Users/toprakgundogdu/qwen-ffn-rom/rtl/ffn_tile_16x16_b4_reg.v:20$2773 ($add).
  creating $macc model for $flatten\u_comb.\g_row[5].u_tree.$add$/Users/toprakgundogdu/qwen-ffn-rom/rtl/ffn_tile_16x16_b4_reg.v:20$2772 ($add).
  creating $macc model for $flatten\u_comb.$neg$/Users/toprakgundogdu/qwen-ffn-rom/rtl/ffn_tile_16x16_b4_reg.v:86$1925 ($neg).
  creating $macc model for $flatten\u_comb.\g_row[12].u_tree.$add$/Users/toprakgundogdu/qwen-ffn-rom/rtl/ffn_tile_16x16_b4_reg.v:20$2785 ($add).
  creating $macc model for $flatten\u_comb.\g_row[12].u_tree.$add$/Users/toprakgundogdu/qwen-ffn-rom/rtl/ffn_tile_16x16_b4_reg.v:20$2784 ($add).
  creating $macc model for $flatten\u_comb.\g_row[12].u_tree.$add$/Users/toprakgundogdu/qwen-ffn-rom/rtl/ffn_tile_16x16_b4_reg.v:20$2783 ($add).
  creating $macc model for $flatten\u_comb.\g_row[12].u_tree.$add$/Users/toprakgundogdu/qwen-ffn-rom/rtl/ffn_tile_16x16_b4_reg.v:20$2782 ($add).
  creating $macc model for $flatten\u_comb.\g_row[12].u_tree.$add$/Users/toprakgundogdu/qwen-ffn-rom/rtl/ffn_tile_16x16_b4_reg.v:20$2781 ($add).
  creating $macc model for $flatten\u_comb.\g_row[12].u_tree.$add$/Users/toprakgundogdu/qwen-ffn-rom/rtl/ffn_tile_16x16_b4_reg.v:20$2780 ($add).
  creating $macc model for $flatten\u_comb.\g_row[12].u_tree.$add$/Users/toprakgundogdu/qwen-ffn-rom/rtl/ffn_tile_16x16_b4_reg.v:20$2779 ($add).
  creating $macc model for $flatten\u_comb.\g_row[12].u_tree.$add$/Users/toprakgundogdu/qwen-ffn-rom/rtl/ffn_tile_16x16_b4_reg.v:20$2778 ($add).
  creating $macc model for $flatten\u_comb.\g_row[12].u_tree.$add$/Users/toprakgundogdu/qwen-ffn-rom/rtl/ffn_tile_16x16_b4_reg.v:20$2777 ($add).
  creating $macc model for $flatten\u_comb.\g_row[12].u_tree.$add$/Users/toprakgundogdu/qwen-ffn-rom/rtl/ffn_tile_16x16_b4_reg.v:20$2776 ($add).
  creating $macc model for $flatten\u_comb.\g_row[12].u_tree.$add$/Users/toprakgundogdu/qwen-ffn-rom/rtl/ffn_tile_16x16_b4_reg.v:20$2775 ($add).
  creating $macc model for $flatten\u_comb.$sub$/Users/toprakgundogdu/qwen-ffn-rom/rtl/ffn_tile_16x16_b4_reg.v:82$2495 ($sub).
  creating $macc model for $flatten\u_comb.\g_row[12].u_tree.$add$/Users/toprakgundogdu/qwen-ffn-rom/rtl/ffn_tile_16x16_b4_reg.v:20$2773 ($add).
  creating $macc model for $flatten\u_comb.\g_row[12].u_tree.$add$/Users/toprakgundogdu/qwen-ffn-rom/rtl/ffn_tile_16x16_b4_reg.v:20$2772 ($add).
  creating $macc model for $flatten\u_comb.$sub$/Users/toprakgundogdu/qwen-ffn-rom/rtl/ffn_tile_16x16_b4_reg.v:80$676 ($sub).
  creating $macc model for $flatten\u_comb.$sub$/Users/toprakgundogdu/qwen-ffn-rom/rtl/ffn_tile_16x16_b4_reg.v:81$1369 ($sub).
  creating $macc model for $flatten\u_comb.\g_row[6].u_tree.$add$/Users/toprakgundogdu/qwen-ffn-rom/rtl/ffn_tile_16x16_b4_reg.v:20$2784 ($add).
  creating $macc model for $flatten\u_comb.\g_row[6].u_tree.$add$/Users/toprakgundogdu/qwen-ffn-rom/rtl/ffn_tile_16x16_b4_reg.v:20$2783 ($add).
  creating $macc model for $flatten\u_comb.\g_row[6].u_tree.$add$/Users/toprakgundogdu/qwen-ffn-rom/rtl/ffn_tile_16x16_b4_reg.v:20$2782 ($add).
  creating $macc model for $flatten\u_comb.\g_row[6].u_tree.$add$/Users/toprakgundogdu/qwen-ffn-rom/rtl/ffn_tile_16x16_b4_reg.v:20$2781 ($add).
  creating $macc model for $flatten\u_comb.\g_row[6].u_tree.$add$/Users/toprakgundogdu/qwen-ffn-rom/rtl/ffn_tile_16x16_b4_reg.v:20$2780 ($add).
  creating $macc model for $flatten\u_comb.\g_row[6].u_tree.$add$/Users/toprakgundogdu/qwen-ffn-rom/rtl/ffn_tile_16x16_b4_reg.v:20$2779 ($add).
  creating $macc model for $flatten\u_comb.\g_row[6].u_tree.$add$/Users/toprakgundogdu/qwen-ffn-rom/rtl/ffn_tile_16x16_b4_reg.v:20$2778 ($add).
  creating $macc model for $flatten\u_comb.\g_row[6].u_tree.$add$/Users/toprakgundogdu/qwen-ffn-rom/rtl/ffn_tile_16x16_b4_reg.v:20$2777 ($add).
  creating $macc model for $flatten\u_comb.\g_row[6].u_tree.$add$/Users/toprakgundogdu/qwen-ffn-rom/rtl/ffn_tile_16x16_b4_reg.v:20$2776 ($add).
  creating $macc model for $flatten\u_comb.\g_row[6].u_tree.$add$/Users/toprakgundogdu/qwen-ffn-rom/rtl/ffn_tile_16x16_b4_reg.v:20$2775 ($add).
  creating $macc model for $flatten\u_comb.\g_row[6].u_tree.$add$/Users/toprakgundogdu/qwen-ffn-rom/rtl/ffn_tile_16x16_b4_reg.v:20$2774 ($add).
  creating $macc model for $flatten\u_comb.\g_row[6].u_tree.$add$/Users/toprakgundogdu/qwen-ffn-rom/rtl/ffn_tile_16x16_b4_reg.v:20$2773 ($add).
  creating $macc model for $flatten\u_comb.\g_row[6].u_tree.$add$/Users/toprakgundogdu/qwen-ffn-rom/rtl/ffn_tile_16x16_b4_reg.v:20$2772 ($add).
  creating $macc model for $flatten\u_comb.\g_row[6].u_tree.$add$/Users/toprakgundogdu/qwen-ffn-rom/rtl/ffn_tile_16x16_b4_reg.v:20$2771 ($add).
  creating $macc model for $flatten\u_comb.\g_row[7].u_tree.$add$/Users/toprakgundogdu/qwen-ffn-rom/rtl/ffn_tile_16x16_b4_reg.v:20$2785 ($add).
  creating $macc model for $flatten\u_comb.\g_row[7].u_tree.$add$/Users/toprakgundogdu/qwen-ffn-rom/rtl/ffn_tile_16x16_b4_reg.v:20$2784 ($add).
  creating $macc model for $flatten\u_comb.\g_row[7].u_tree.$add$/Users/toprakgundogdu/qwen-ffn-rom/rtl/ffn_tile_16x16_b4_reg.v:20$2783 ($add).
  creating $macc model for $flatten\u_comb.$sub$/Users/toprakgundogdu/qwen-ffn-rom/rtl/ffn_tile_16x16_b4_reg.v:84$1107 ($sub).
  creating $macc model for $flatten\u_comb.\g_row[7].u_tree.$add$/Users/toprakgundogdu/qwen-ffn-rom/rtl/ffn_tile_16x16_b4_reg.v:20$2781 ($add).
  creating $macc model for $flatten\u_comb.\g_row[7].u_tree.$add$/Users/toprakgundogdu/qwen-ffn-rom/rtl/ffn_tile_16x16_b4_reg.v:20$2780 ($add).
  creating $macc model for $flatten\u_comb.\g_row[7].u_tree.$add$/Users/toprakgundogdu/qwen-ffn-rom/rtl/ffn_tile_16x16_b4_reg.v:20$2779 ($add).
  creating $macc model for $flatten\u_comb.\g_row[7].u_tree.$add$/Users/toprakgundogdu/qwen-ffn-rom/rtl/ffn_tile_16x16_b4_reg.v:20$2778 ($add).
  creating $macc model for $flatten\u_comb.\g_row[7].u_tree.$add$/Users/toprakgundogdu/qwen-ffn-rom/rtl/ffn_tile_16x16_b4_reg.v:20$2777 ($add).
  creating $macc model for $flatten\u_comb.\g_row[7].u_tree.$add$/Users/toprakgundogdu/qwen-ffn-rom/rtl/ffn_tile_16x16_b4_reg.v:20$2776 ($add).
  creating $macc model for $flatten\u_comb.$neg$/Users/toprakgundogdu/qwen-ffn-rom/rtl/ffn_tile_16x16_b4_reg.v:83$2162 ($neg).
  creating $macc model for $flatten\u_comb.\g_row[7].u_tree.$add$/Users/toprakgundogdu/qwen-ffn-rom/rtl/ffn_tile_16x16_b4_reg.v:20$2774 ($add).
  creating $macc model for $flatten\u_comb.\g_row[7].u_tree.$add$/Users/toprakgundogdu/qwen-ffn-rom/rtl/ffn_tile_16x16_b4_reg.v:20$2773 ($add).
  creating $macc model for $flatten\u_comb.\g_row[7].u_tree.$add$/Users/toprakgundogdu/qwen-ffn-rom/rtl/ffn_tile_16x16_b4_reg.v:20$2772 ($add).
  creating $macc model for $flatten\u_comb.\g_row[7].u_tree.$add$/Users/toprakgundogdu/qwen-ffn-rom/rtl/ffn_tile_16x16_b4_reg.v:20$2771 ($add).
  creating $macc model for $flatten\u_comb.$sub$/Users/toprakgundogdu/qwen-ffn-rom/rtl/ffn_tile_16x16_b4_reg.v:84$1390 ($sub).
  creating $macc model for $flatten\u_comb.\g_row[8].u_tree.$add$/Users/toprakgundogdu/qwen-ffn-rom/rtl/ffn_tile_16x16_b4_reg.v:20$2784 ($add).
  creating $macc model for $flatten\u_comb.$sub$/Users/toprakgundogdu/qwen-ffn-rom/rtl/ffn_tile_16x16_b4_reg.v:84$1822 ($sub).
  creating $macc model for $flatten\u_comb.\g_row[8].u_tree.$add$/Users/toprakgundogdu/qwen-ffn-rom/rtl/ffn_tile_16x16_b4_reg.v:20$2782 ($add).
  creating $macc model for $flatten\u_comb.\g_row[8].u_tree.$add$/Users/toprakgundogdu/qwen-ffn-rom/rtl/ffn_tile_16x16_b4_reg.v:20$2781 ($add).
  creating $macc model for $flatten\u_comb.\g_row[8].u_tree.$add$/Users/toprakgundogdu/qwen-ffn-rom/rtl/ffn_tile_16x16_b4_reg.v:20$2780 ($add).
  creating $macc model for $flatten\u_comb.\g_row[8].u_tree.$add$/Users/toprakgundogdu/qwen-ffn-rom/rtl/ffn_tile_16x16_b4_reg.v:20$2779 ($add).
  creating $macc model for $flatten\u_comb.$neg$/Users/toprakgundogdu/qwen-ffn-rom/rtl/ffn_tile_16x16_b4_reg.v:85$1014 ($neg).
  creating $macc model for $flatten\u_comb.$sub$/Users/toprakgundogdu/qwen-ffn-rom/rtl/ffn_tile_16x16_b4_reg.v:82$2154 ($sub).
  creating $macc model for $flatten\u_comb.\g_row[8].u_tree.$add$/Users/toprakgundogdu/qwen-ffn-rom/rtl/ffn_tile_16x16_b4_reg.v:20$2776 ($add).
  creating $macc model for $flatten\u_comb.\g_row[8].u_tree.$add$/Users/toprakgundogdu/qwen-ffn-rom/rtl/ffn_tile_16x16_b4_reg.v:20$2775 ($add).
  creating $macc model for $flatten\u_comb.$neg$/Users/toprakgundogdu/qwen-ffn-rom/rtl/ffn_tile_16x16_b4_reg.v:85$2145 ($neg).
  creating $macc model for $flatten\u_comb.\g_row[8].u_tree.$add$/Users/toprakgundogdu/qwen-ffn-rom/rtl/ffn_tile_16x16_b4_reg.v:20$2773 ($add).
  creating $macc model for $flatten\u_comb.$sub$/Users/toprakgundogdu/qwen-ffn-rom/rtl/ffn_tile_16x16_b4_reg.v:82$1023 ($sub).
  creating $macc model for $flatten\u_comb.$add$/Users/toprakgundogdu/qwen-ffn-rom/rtl/ffn_tile_16x16_b4_reg.v:90$1438 ($add).
  creating $macc model for $flatten\u_comb.$sub$/Users/toprakgundogdu/qwen-ffn-rom/rtl/ffn_tile_16x16_b4_reg.v:80$1031 ($sub).
  merging $macc model for $flatten\u_comb.$sub$/Users/toprakgundogdu/qwen-ffn-rom/rtl/ffn_tile_16x16_b4_reg.v:80$1587 into $flatten\u_comb.\g_row[8].u_tree.$add$/Users/toprakgundogdu/qwen-ffn-rom/rtl/ffn_tile_16x16_b4_reg.v:20$2773.
  merging $macc model for $flatten\u_comb.\g_row[8].u_tree.$add$/Users/toprakgundogdu/qwen-ffn-rom/rtl/ffn_tile_16x16_b4_reg.v:20$2773 into $flatten\u_comb.\g_row[8].u_tree.$add$/Users/toprakgundogdu/qwen-ffn-rom/rtl/ffn_tile_16x16_b4_reg.v:20$2775.
  merging $macc model for $flatten\u_comb.\g_row[8].u_tree.$add$/Users/toprakgundogdu/qwen-ffn-rom/rtl/ffn_tile_16x16_b4_reg.v:20$2775 into $flatten\u_comb.\g_row[8].u_tree.$add$/Users/toprakgundogdu/qwen-ffn-rom/rtl/ffn_tile_16x16_b4_reg.v:20$2776.
  merging $macc model for $flatten\u_comb.\g_row[8].u_tree.$add$/Users/toprakgundogdu/qwen-ffn-rom/rtl/ffn_tile_16x16_b4_reg.v:20$2776 into $flatten\u_comb.\g_row[8].u_tree.$add$/Users/toprakgundogdu/qwen-ffn-rom/rtl/ffn_tile_16x16_b4_reg.v:20$2779.
  merging $macc model for $flatten\u_comb.\g_row[8].u_tree.$add$/Users/toprakgundogdu/qwen-ffn-rom/rtl/ffn_tile_16x16_b4_reg.v:20$2779 into $flatten\u_comb.\g_row[8].u_tree.$add$/Users/toprakgundogdu/qwen-ffn-rom/rtl/ffn_tile_16x16_b4_reg.v:20$2780.
  merging $macc model for $flatten\u_comb.\g_row[8].u_tree.$add$/Users/toprakgundogdu/qwen-ffn-rom/rtl/ffn_tile_16x16_b4_reg.v:20$2780 into $flatten\u_comb.\g_row[8].u_tree.$add$/Users/toprakgundogdu/qwen-ffn-rom/rtl/ffn_tile_16x16_b4_reg.v:20$2781.
  merging $macc model for $flatten\u_comb.$sub$/Users/toprakgundogdu/qwen-ffn-rom/rtl/ffn_tile_16x16_b4_reg.v:84$1661 into $flatten\u_comb.\g_row[8].u_tree.$add$/Users/toprakgundogdu/qwen-ffn-rom/rtl/ffn_tile_16x16_b4_reg.v:20$2781.
  merging $macc model for $flatten\u_comb.\g_row[8].u_tree.$add$/Users/toprakgundogdu/qwen-ffn-rom/rtl/ffn_tile_16x16_b4_reg.v:20$2781 into $flatten\u_comb.\g_row[8].u_tree.$add$/Users/toprakgundogdu/qwen-ffn-rom/rtl/ffn_tile_16x16_b4_reg.v:20$2782.
  merging $macc model for $flatten\u_comb.\g_row[8].u_tree.$add$/Users/toprakgundogdu/qwen-ffn-rom/rtl/ffn_tile_16x16_b4_reg.v:20$2782 into $flatten\u_comb.\g_row[8].u_tree.$add$/Users/toprakgundogdu/qwen-ffn-rom/rtl/ffn_tile_16x16_b4_reg.v:20$2784.
  merging $macc model for $flatten\u_comb.\g_row[7].u_tree.$add$/Users/toprakgundogdu/qwen-ffn-rom/rtl/ffn_tile_16x16_b4_reg.v:20$2771 into $flatten\u_comb.\g_row[7].u_tree.$add$/Users/toprakgundogdu/qwen-ffn-rom/rtl/ffn_tile_16x16_b4_reg.v:20$2772.
  merging $macc model for $flatten\u_comb.\g_row[7].u_tree.$add$/Users/toprakgundogdu/qwen-ffn-rom/rtl/ffn_tile_16x16_b4_reg.v:20$2772 into $flatten\u_comb.\g_row[7].u_tree.$add$/Users/toprakgundogdu/qwen-ffn-rom/rtl/ffn_tile_16x16_b4_reg.v:20$2773.
  merging $macc model for $flatten\u_comb.\g_row[7].u_tree.$add$/Users/toprakgundogdu/qwen-ffn-rom/rtl/ffn_tile_16x16_b4_reg.v:20$2773 into $flatten\u_comb.\g_row[7].u_tree.$add$/Users/toprakgundogdu/qwen-ffn-rom/rtl/ffn_tile_16x16_b4_reg.v:20$2774.
  merging $macc model for $flatten\u_comb.\g_row[7].u_tree.$add$/Users/toprakgundogdu/qwen-ffn-rom/rtl/ffn_tile_16x16_b4_reg.v:20$2774 into $flatten\u_comb.\g_row[7].u_tree.$add$/Users/toprakgundogdu/qwen-ffn-rom/rtl/ffn_tile_16x16_b4_reg.v:20$2776.
  merging $macc model for $flatten\u_comb.\g_row[7].u_tree.$add$/Users/toprakgundogdu/qwen-ffn-rom/rtl/ffn_tile_16x16_b4_reg.v:20$2776 into $flatten\u_comb.\g_row[7].u_tree.$add$/Users/toprakgundogdu/qwen-ffn-rom/rtl/ffn_tile_16x16_b4_reg.v:20$2777.
  merging $macc model for $flatten\u_comb.\g_row[7].u_tree.$add$/Users/toprakgundogdu/qwen-ffn-rom/rtl/ffn_tile_16x16_b4_reg.v:20$2777 into $flatten\u_comb.\g_row[7].u_tree.$add$/Users/toprakgundogdu/qwen-ffn-rom/rtl/ffn_tile_16x16_b4_reg.v:20$2778.
  merging $macc model for $flatten\u_comb.\g_row[7].u_tree.$add$/Users/toprakgundogdu/qwen-ffn-rom/rtl/ffn_tile_16x16_b4_reg.v:20$2778 into $flatten\u_comb.\g_row[7].u_tree.$add$/Users/toprakgundogdu/qwen-ffn-rom/rtl/ffn_tile_16x16_b4_reg.v:20$2779.
  merging $macc model for $flatten\u_comb.$sub$/Users/toprakgundogdu/qwen-ffn-rom/rtl/ffn_tile_16x16_b4_reg.v:80$1531 into $flatten\u_comb.\g_row[7].u_tree.$add$/Users/toprakgundogdu/qwen-ffn-rom/rtl/ffn_tile_16x16_b4_reg.v:20$2779.
  merging $macc model for $flatten\u_comb.\g_row[7].u_tree.$add$/Users/toprakgundogdu/qwen-ffn-rom/rtl/ffn_tile_16x16_b4_reg.v:20$2779 into $flatten\u_comb.\g_row[7].u_tree.$add$/Users/toprakgundogdu/qwen-ffn-rom/rtl/ffn_tile_16x16_b4_reg.v:20$2780.
  merging $macc model for $flatten\u_comb.\g_row[7].u_tree.$add$/Users/toprakgundogdu/qwen-ffn-rom/rtl/ffn_tile_16x16_b4_reg.v:20$2780 into $flatten\u_comb.\g_row[7].u_tree.$add$/Users/toprakgundogdu/qwen-ffn-rom/rtl/ffn_tile_16x16_b4_reg.v:20$2781.
  merging $macc model for $flatten\u_comb.\g_row[7].u_tree.$add$/Users/toprakgundogdu/qwen-ffn-rom/rtl/ffn_tile_16x16_b4_reg.v:20$2781 into $flatten\u_comb.\g_row[7].u_tree.$add$/Users/toprakgundogdu/qwen-ffn-rom/rtl/ffn_tile_16x16_b4_reg.v:20$2783.
  merging $macc model for $flatten\u_comb.\g_row[7].u_tree.$add$/Users/toprakgundogdu/qwen-ffn-rom/rtl/ffn_tile_16x16_b4_reg.v:20$2783 into $flatten\u_comb.\g_row[7].u_tree.$add$/Users/toprakgundogdu/qwen-ffn-rom/rtl/ffn_tile_16x16_b4_reg.v:20$2784.
  merging $macc model for $flatten\u_comb.\g_row[7].u_tree.$add$/Users/toprakgundogdu/qwen-ffn-rom/rtl/ffn_tile_16x16_b4_reg.v:20$2784 into $flatten\u_comb.\g_row[7].u_tree.$add$/Users/toprakgundogdu/qwen-ffn-rom/rtl/ffn_tile_16x16_b4_reg.v:20$2785.
  merging $macc model for $flatten\u_comb.\g_row[6].u_tree.$add$/Users/toprakgundogdu/qwen-ffn-rom/rtl/ffn_tile_16x16_b4_reg.v:20$2771 into $flatten\u_comb.\g_row[6].u_tree.$add$/Users/toprakgundogdu/qwen-ffn-rom/rtl/ffn_tile_16x16_b4_reg.v:20$2772.
  merging $macc model for $flatten\u_comb.\g_row[6].u_tree.$add$/Users/toprakgundogdu/qwen-ffn-rom/rtl/ffn_tile_16x16_b4_reg.v:20$2772 into $flatten\u_comb.\g_row[6].u_tree.$add$/Users/toprakgundogdu/qwen-ffn-rom/rtl/ffn_tile_16x16_b4_reg.v:20$2773.
  merging $macc model for $flatten\u_comb.\g_row[6].u_tree.$add$/Users/toprakgundogdu/qwen-ffn-rom/rtl/ffn_tile_16x16_b4_reg.v:20$2773 into $flatten\u_comb.\g_row[6].u_tree.$add$/Users/toprakgundogdu/qwen-ffn-rom/rtl/ffn_tile_16x16_b4_reg.v:20$2774.
  merging $macc model for $flatten\u_comb.$sub$/Users/toprakgundogdu/qwen-ffn-rom/rtl/ffn_tile_16x16_b4_reg.v:81$1369 into $flatten\u_comb.\g_row[6].u_tree.$add$/Users/toprakgundogdu/qwen-ffn-rom/rtl/ffn_tile_16x16_b4_reg.v:20$2774.
  merging $macc model for $flatten\u_comb.\g_row[6].u_tree.$add$/Users/toprakgundogdu/qwen-ffn-rom/rtl/ffn_tile_16x16_b4_reg.v:20$2774 into $flatten\u_comb.\g_row[6].u_tree.$add$/Users/toprakgundogdu/qwen-ffn-rom/rtl/ffn_tile_16x16_b4_reg.v:20$2775.
  merging $macc model for $flatten\u_comb.\g_row[6].u_tree.$add$/Users/toprakgundogdu/qwen-ffn-rom/rtl/ffn_tile_16x16_b4_reg.v:20$2775 into $flatten\u_comb.\g_row[6].u_tree.$add$/Users/toprakgundogdu/qwen-ffn-rom/rtl/ffn_tile_16x16_b4_reg.v:20$2776.
  merging $macc model for $flatten\u_comb.\g_row[6].u_tree.$add$/Users/toprakgundogdu/qwen-ffn-rom/rtl/ffn_tile_16x16_b4_reg.v:20$2776 into $flatten\u_comb.\g_row[6].u_tree.$add$/Users/toprakgundogdu/qwen-ffn-rom/rtl/ffn_tile_16x16_b4_reg.v:20$2777.
  merging $macc model for $flatten\u_comb.$sub$/Users/toprakgundogdu/qwen-ffn-rom/rtl/ffn_tile_16x16_b4_reg.v:84$1390 into $flatten\u_comb.\g_row[6].u_tree.$add$/Users/toprakgundogdu/qwen-ffn-rom/rtl/ffn_tile_16x16_b4_reg.v:20$2777.
  merging $macc model for $flatten\u_comb.\g_row[6].u_tree.$add$/Users/toprakgundogdu/qwen-ffn-rom/rtl/ffn_tile_16x16_b4_reg.v:20$2777 into $flatten\u_comb.\g_row[6].u_tree.$add$/Users/toprakgundogdu/qwen-ffn-rom/rtl/ffn_tile_16x16_b4_reg.v:20$2778.
  merging $macc model for $flatten\u_comb.\g_row[6].u_tree.$add$/Users/toprakgundogdu/qwen-ffn-rom/rtl/ffn_tile_16x16_b4_reg.v:20$2778 into $flatten\u_comb.\g_row[6].u_tree.$add$/Users/toprakgundogdu/qwen-ffn-rom/rtl/ffn_tile_16x16_b4_reg.v:20$2779.
  merging $macc model for $flatten\u_comb.\g_row[6].u_tree.$add$/Users/toprakgundogdu/qwen-ffn-rom/rtl/ffn_tile_16x16_b4_reg.v:20$2779 into $flatten\u_comb.\g_row[6].u_tree.$add$/Users/toprakgundogdu/qwen-ffn-rom/rtl/ffn_tile_16x16_b4_reg.v:20$2780.
  merging $macc model for $flatten\u_comb.\g_row[6].u_tree.$add$/Users/toprakgundogdu/qwen-ffn-rom/rtl/ffn_tile_16x16_b4_reg.v:20$2780 into $flatten\u_comb.\g_row[6].u_tree.$add$/Users/toprakgundogdu/qwen-ffn-rom/rtl/ffn_tile_16x16_b4_reg.v:20$2781.
  merging $macc model for $flatten\u_comb.\g_row[6].u_tree.$add$/Users/toprakgundogdu/qwen-ffn-rom/rtl/ffn_tile_16x16_b4_reg.v:20$2781 into $flatten\u_comb.\g_row[6].u_tree.$add$/Users/toprakgundogdu/qwen-ffn-rom/rtl/ffn_tile_16x16_b4_reg.v:20$2782.
  merging $macc model for $flatten\u_comb.\g_row[6].u_tree.$add$/Users/toprakgundogdu/qwen-ffn-rom/rtl/ffn_tile_16x16_b4_reg.v:20$2782 into $flatten\u_comb.\g_row[6].u_tree.$add$/Users/toprakgundogdu/qwen-ffn-rom/rtl/ffn_tile_16x16_b4_reg.v:20$2783.
  merging $macc model for $flatten\u_comb.\g_row[6].u_tree.$add$/Users/toprakgundogdu/qwen-ffn-rom/rtl/ffn_tile_16x16_b4_reg.v:20$2783 into $flatten\u_comb.\g_row[6].u_tree.$add$/Users/toprakgundogdu/qwen-ffn-rom/rtl/ffn_tile_16x16_b4_reg.v:20$2784.
  merging $macc model for $flatten\u_comb.\g_row[12].u_tree.$add$/Users/toprakgundogdu/qwen-ffn-rom/rtl/ffn_tile_16x16_b4_reg.v:20$2772 into $flatten\u_comb.\g_row[12].u_tree.$add$/Users/toprakgundogdu/qwen-ffn-rom/rtl/ffn_tile_16x16_b4_reg.v:20$2773.
  merging $macc model for $flatten\u_comb.$neg$/Users/toprakgundogdu/qwen-ffn-rom/rtl/ffn_tile_16x16_b4_reg.v:83$2055 into $flatten\u_comb.\g_row[12].u_tree.$add$/Users/toprakgundogdu/qwen-ffn-rom/rtl/ffn_tile_16x16_b4_reg.v:20$2773.
  merging $macc model for $flatten\u_comb.\g_row[12].u_tree.$add$/Users/toprakgundogdu/qwen-ffn-rom/rtl/ffn_tile_16x16_b4_reg.v:20$2773 into $flatten\u_comb.\g_row[12].u_tree.$add$/Users/toprakgundogdu/qwen-ffn-rom/rtl/ffn_tile_16x16_b4_reg.v:20$2775.
  merging $macc model for $flatten\u_comb.\g_row[12].u_tree.$add$/Users/toprakgundogdu/qwen-ffn-rom/rtl/ffn_tile_16x16_b4_reg.v:20$2775 into $flatten\u_comb.\g_row[12].u_tree.$add$/Users/toprakgundogdu/qwen-ffn-rom/rtl/ffn_tile_16x16_b4_reg.v:20$2776.
  merging $macc model for $flatten\u_comb.\g_row[12].u_tree.$add$/Users/toprakgundogdu/qwen-ffn-rom/rtl/ffn_tile_16x16_b4_reg.v:20$2776 into $flatten\u_comb.\g_row[12].u_tree.$add$/Users/toprakgundogdu/qwen-ffn-rom/rtl/ffn_tile_16x16_b4_reg.v:20$2777.
  merging $macc model for $flatten\u_comb.\g_row[12].u_tree.$add$/Users/toprakgundogdu/qwen-ffn-rom/rtl/ffn_tile_16x16_b4_reg.v:20$2777 into $flatten\u_comb.\g_row[12].u_tree.$add$/Users/toprakgundogdu/qwen-ffn-rom/rtl/ffn_tile_16x16_b4_reg.v:20$2778.
  merging $macc model for $flatten\u_comb.\g_row[12].u_tree.$add$/Users/toprakgundogdu/qwen-ffn-rom/rtl/ffn_tile_16x16_b4_reg.v:20$2778 into $flatten\u_comb.\g_row[12].u_tree.$add$/Users/toprakgundogdu/qwen-ffn-rom/rtl/ffn_tile_16x16_b4_reg.v:20$2779.
  merging $macc model for $flatten\u_comb.\g_row[12].u_tree.$add$/Users/toprakgundogdu/qwen-ffn-rom/rtl/ffn_tile_16x16_b4_reg.v:20$2779 into $flatten\u_comb.\g_row[12].u_tree.$add$/Users/toprakgundogdu/qwen-ffn-rom/rtl/ffn_tile_16x16_b4_reg.v:20$2780.
  merging $macc model for $flatten\u_comb.\g_row[12].u_tree.$add$/Users/toprakgundogdu/qwen-ffn-rom/rtl/ffn_tile_16x16_b4_reg.v:20$2780 into $flatten\u_comb.\g_row[12].u_tree.$add$/Users/toprakgundogdu/qwen-ffn-rom/rtl/ffn_tile_16x16_b4_reg.v:20$2781.
  merging $macc model for $flatten\u_comb.\g_row[12].u_tree.$add$/Users/toprakgundogdu/qwen-ffn-rom/rtl/ffn_tile_16x16_b4_reg.v:20$2781 into $flatten\u_comb.\g_row[12].u_tree.$add$/Users/toprakgundogdu/qwen-ffn-rom/rtl/ffn_tile_16x16_b4_reg.v:20$2782.
  merging $macc model for $flatten\u_comb.\g_row[12].u_tree.$add$/Users/toprakgundogdu/qwen-ffn-rom/rtl/ffn_tile_16x16_b4_reg.v:20$2782 into $flatten\u_comb.\g_row[12].u_tree.$add$/Users/toprakgundogdu/qwen-ffn-rom/rtl/ffn_tile_16x16_b4_reg.v:20$2783.
  merging $macc model for $flatten\u_comb.\g_row[12].u_tree.$add$/Users/toprakgundogdu/qwen-ffn-rom/rtl/ffn_tile_16x16_b4_reg.v:20$2783 into $flatten\u_comb.\g_row[12].u_tree.$add$/Users/toprakgundogdu/qwen-ffn-rom/rtl/ffn_tile_16x16_b4_reg.v:20$2784.
  merging $macc model for $flatten\u_comb.$neg$/Users/toprakgundogdu/qwen-ffn-rom/rtl/ffn_tile_16x16_b4_reg.v:83$2137 into $flatten\u_comb.\g_row[12].u_tree.$add$/Users/toprakgundogdu/qwen-ffn-rom/rtl/ffn_tile_16x16_b4_reg.v:20$2784.
  merging $macc model for $flatten\u_comb.\g_row[12].u_tree.$add$/Users/toprakgundogdu/qwen-ffn-rom/rtl/ffn_tile_16x16_b4_reg.v:20$2784 into $flatten\u_comb.\g_row[12].u_tree.$add$/Users/toprakgundogdu/qwen-ffn-rom/rtl/ffn_tile_16x16_b4_reg.v:20$2785.
  merging $macc model for $flatten\u_comb.$neg$/Users/toprakgundogdu/qwen-ffn-rom/rtl/ffn_tile_16x16_b4_reg.v:85$2145 into $flatten\u_comb.\g_row[12].u_tree.$add$/Users/toprakgundogdu/qwen-ffn-rom/rtl/ffn_tile_16x16_b4_reg.v:20$2785.
  merging $macc model for $flatten\u_comb.\g_row[5].u_tree.$add$/Users/toprakgundogdu/qwen-ffn-rom/rtl/ffn_tile_16x16_b4_reg.v:20$2772 into $flatten\u_comb.\g_row[5].u_tree.$add$/Users/toprakgundogdu/qwen-ffn-rom/rtl/ffn_tile_16x16_b4_reg.v:20$2773.
  merging $macc model for $flatten\u_comb.\g_row[5].u_tree.$add$/Users/toprakgundogdu/qwen-ffn-rom/rtl/ffn_tile_16x16_b4_reg.v:20$2773 into $flatten\u_comb.\g_row[5].u_tree.$add$/Users/toprakgundogdu/qwen-ffn-rom/rtl/ffn_tile_16x16_b4_reg.v:20$2774.
  merging $macc model for $flatten\u_comb.\g_row[5].u_tree.$add$/Users/toprakgundogdu/qwen-ffn-rom/rtl/ffn_tile_16x16_b4_reg.v:20$2774 into $flatten\u_comb.\g_row[5].u_tree.$add$/Users/toprakgundogdu/qwen-ffn-rom/rtl/ffn_tile_16x16_b4_reg.v:20$2775.
  merging $macc model for $flatten\u_comb.\g_row[5].u_tree.$add$/Users/toprakgundogdu/qwen-ffn-rom/rtl/ffn_tile_16x16_b4_reg.v:20$2775 into $flatten\u_comb.\g_row[5].u_tree.$add$/Users/toprakgundogdu/qwen-ffn-rom/rtl/ffn_tile_16x16_b4_reg.v:20$2776.
  merging $macc model for $flatten\u_comb.\g_row[5].u_tree.$add$/Users/toprakgundogdu/qwen-ffn-rom/rtl/ffn_tile_16x16_b4_reg.v:20$2776 into $flatten\u_comb.\g_row[5].u_tree.$add$/Users/toprakgundogdu/qwen-ffn-rom/rtl/ffn_tile_16x16_b4_reg.v:20$2777.
  merging $macc model for $flatten\u_comb.\g_row[5].u_tree.$add$/Users/toprakgundogdu/qwen-ffn-rom/rtl/ffn_tile_16x16_b4_reg.v:20$2777 into $flatten\u_comb.\g_row[5].u_tree.$add$/Users/toprakgundogdu/qwen-ffn-rom/rtl/ffn_tile_16x16_b4_reg.v:20$2778.
  merging $macc model for $flatten\u_comb.\g_row[5].u_tree.$add$/Users/toprakgundogdu/qwen-ffn-rom/rtl/ffn_tile_16x16_b4_reg.v:20$2778 into $flatten\u_comb.\g_row[5].u_tree.$add$/Users/toprakgundogdu/qwen-ffn-rom/rtl/ffn_tile_16x16_b4_reg.v:20$2779.
  merging $macc model for $flatten\u_comb.\g_row[5].u_tree.$add$/Users/toprakgundogdu/qwen-ffn-rom/rtl/ffn_tile_16x16_b4_reg.v:20$2779 into $flatten\u_comb.\g_row[5].u_tree.$add$/Users/toprakgundogdu/qwen-ffn-rom/rtl/ffn_tile_16x16_b4_reg.v:20$2780.
  merging $macc model for $flatten\u_comb.\g_row[5].u_tree.$add$/Users/toprakgundogdu/qwen-ffn-rom/rtl/ffn_tile_16x16_b4_reg.v:20$2780 into $flatten\u_comb.\g_row[5].u_tree.$add$/Users/toprakgundogdu/qwen-ffn-rom/rtl/ffn_tile_16x16_b4_reg.v:20$2781.
  merging $macc model for $flatten\u_comb.$sub$/Users/toprakgundogdu/qwen-ffn-rom/rtl/ffn_tile_16x16_b4_reg.v:81$1301 into $flatten\u_comb.\g_row[5].u_tree.$add$/Users/toprakgundogdu/qwen-ffn-rom/rtl/ffn_tile_16x16_b4_reg.v:20$2781.
  merging $macc model for $flatten\u_comb.\g_row[5].u_tree.$add$/Users/toprakgundogdu/qwen-ffn-rom/rtl/ffn_tile_16x16_b4_reg.v:20$2781 into $flatten\u_comb.\g_row[5].u_tree.$add$/Users/toprakgundogdu/qwen-ffn-rom/rtl/ffn_tile_16x16_b4_reg.v:20$2783.
  merging $macc model for $flatten\u_comb.\g_row[5].u_tree.$add$/Users/toprakgundogdu/qwen-ffn-rom/rtl/ffn_tile_16x16_b4_reg.v:20$2783 into $flatten\u_comb.\g_row[5].u_tree.$add$/Users/toprakgundogdu/qwen-ffn-rom/rtl/ffn_tile_16x16_b4_reg.v:20$2785.
  merging $macc model for $flatten\u_comb.$neg$/Users/toprakgundogdu/qwen-ffn-rom/rtl/ffn_tile_16x16_b4_reg.v:83$1806 into $flatten\u_comb.\g_row[10].u_tree.$add$/Users/toprakgundogdu/qwen-ffn-rom/rtl/ffn_tile_16x16_b4_reg.v:20$2771.
  merging $macc model for $flatten\u_comb.\g_row[10].u_tree.$add$/Users/toprakgundogdu/qwen-ffn-rom/rtl/ffn_tile_16x16_b4_reg.v:20$2771 into $flatten\u_comb.\g_row[10].u_tree.$add$/Users/toprakgundogdu/qwen-ffn-rom/rtl/ffn_tile_16x16_b4_reg.v:20$2772.
  merging $macc model for $flatten\u_comb.\g_row[10].u_tree.$add$/Users/toprakgundogdu/qwen-ffn-rom/rtl/ffn_tile_16x16_b4_reg.v:20$2772 into $flatten\u_comb.\g_row[10].u_tree.$add$/Users/toprakgundogdu/qwen-ffn-rom/rtl/ffn_tile_16x16_b4_reg.v:20$2773.
  merging $macc model for $flatten\u_comb.\g_row[10].u_tree.$add$/Users/toprakgundogdu/qwen-ffn-rom/rtl/ffn_tile_16x16_b4_reg.v:20$2773 into $flatten\u_comb.\g_row[10].u_tree.$add$/Users/toprakgundogdu/qwen-ffn-rom/rtl/ffn_tile_16x16_b4_reg.v:20$2774.
  merging $macc model for $flatten\u_comb.\g_row[10].u_tree.$add$/Users/toprakgundogdu/qwen-ffn-rom/rtl/ffn_tile_16x16_b4_reg.v:20$2774 into $flatten\u_comb.\g_row[10].u_tree.$add$/Users/toprakgundogdu/qwen-ffn-rom/rtl/ffn_tile_16x16_b4_reg.v:20$2776.
  merging $macc model for $flatten\u_comb.$sub$/Users/toprakgundogdu/qwen-ffn-rom/rtl/ffn_tile_16x16_b4_reg.v:84$1849 into $flatten\u_comb.\g_row[10].u_tree.$add$/Users/toprakgundogdu/qwen-ffn-rom/rtl/ffn_tile_16x16_b4_reg.v:20$2776.
  merging $macc model for $flatten\u_comb.\g_row[10].u_tree.$add$/Users/toprakgundogdu/qwen-ffn-rom/rtl/ffn_tile_16x16_b4_reg.v:20$2776 into $flatten\u_comb.\g_row[10].u_tree.$add$/Users/toprakgundogdu/qwen-ffn-rom/rtl/ffn_tile_16x16_b4_reg.v:20$2777.
  merging $macc model for $flatten\u_comb.$sub$/Users/toprakgundogdu/qwen-ffn-rom/rtl/ffn_tile_16x16_b4_reg.v:80$1857 into $flatten\u_comb.\g_row[10].u_tree.$add$/Users/toprakgundogdu/qwen-ffn-rom/rtl/ffn_tile_16x16_b4_reg.v:20$2777.
  merging $macc model for $flatten\u_comb.\g_row[10].u_tree.$add$/Users/toprakgundogdu/qwen-ffn-rom/rtl/ffn_tile_16x16_b4_reg.v:20$2777 into $flatten\u_comb.\g_row[10].u_tree.$add$/Users/toprakgundogdu/qwen-ffn-rom/rtl/ffn_tile_16x16_b4_reg.v:20$2778.
  merging $macc model for $flatten\u_comb.$sub$/Users/toprakgundogdu/qwen-ffn-rom/rtl/ffn_tile_16x16_b4_reg.v:84$1865 into $flatten\u_comb.\g_row[10].u_tree.$add$/Users/toprakgundogdu/qwen-ffn-rom/rtl/ffn_tile_16x16_b4_reg.v:20$2778.
  merging $macc model for $flatten\u_comb.\g_row[10].u_tree.$add$/Users/toprakgundogdu/qwen-ffn-rom/rtl/ffn_tile_16x16_b4_reg.v:20$2778 into $flatten\u_comb.\g_row[10].u_tree.$add$/Users/toprakgundogdu/qwen-ffn-rom/rtl/ffn_tile_16x16_b4_reg.v:20$2779.
  merging $macc model for $flatten\u_comb.\g_row[10].u_tree.$add$/Users/toprakgundogdu/qwen-ffn-rom/rtl/ffn_tile_16x16_b4_reg.v:20$2779 into $flatten\u_comb.\g_row[10].u_tree.$add$/Users/toprakgundogdu/qwen-ffn-rom/rtl/ffn_tile_16x16_b4_reg.v:20$2782.
  merging $macc model for $flatten\u_comb.\g_row[10].u_tree.$add$/Users/toprakgundogdu/qwen-ffn-rom/rtl/ffn_tile_16x16_b4_reg.v:20$2782 into $flatten\u_comb.\g_row[10].u_tree.$add$/Users/toprakgundogdu/qwen-ffn-rom/rtl/ffn_tile_16x16_b4_reg.v:20$2783.
  merging $macc model for $flatten\u_comb.\g_row[10].u_tree.$add$/Users/toprakgundogdu/qwen-ffn-rom/rtl/ffn_tile_16x16_b4_reg.v:20$2783 into $flatten\u_comb.\g_row[10].u_tree.$add$/Users/toprakgundogdu/qwen-ffn-rom/rtl/ffn_tile_16x16_b4_reg.v:20$2784.
  merging $macc model for $flatten\u_comb.\g_row[9].u_tree.$add$/Users/toprakgundogdu/qwen-ffn-rom/rtl/ffn_tile_16x16_b4_reg.v:20$2771 into $flatten\u_comb.\g_row[9].u_tree.$add$/Users/toprakgundogdu/qwen-ffn-rom/rtl/ffn_tile_16x16_b4_reg.v:20$2773.
  merging $macc model for $flatten\u_comb.$neg$/Users/toprakgundogdu/qwen-ffn-rom/rtl/ffn_tile_16x16_b4_reg.v:85$1713 into $flatten\u_comb.\g_row[9].u_tree.$add$/Users/toprakgundogdu/qwen-ffn-rom/rtl/ffn_tile_16x16_b4_reg.v:20$2773.
  merging $macc model for $flatten\u_comb.\g_row[9].u_tree.$add$/Users/toprakgundogdu/qwen-ffn-rom/rtl/ffn_tile_16x16_b4_reg.v:20$2773 into $flatten\u_comb.\g_row[9].u_tree.$add$/Users/toprakgundogdu/qwen-ffn-rom/rtl/ffn_tile_16x16_b4_reg.v:20$2775.
  merging $macc model for $flatten\u_comb.\g_row[9].u_tree.$add$/Users/toprakgundogdu/qwen-ffn-rom/rtl/ffn_tile_16x16_b4_reg.v:20$2775 into $flatten\u_comb.\g_row[9].u_tree.$add$/Users/toprakgundogdu/qwen-ffn-rom/rtl/ffn_tile_16x16_b4_reg.v:20$2776.
  merging $macc model for $flatten\u_comb.\g_row[9].u_tree.$add$/Users/toprakgundogdu/qwen-ffn-rom/rtl/ffn_tile_16x16_b4_reg.v:20$2776 into $flatten\u_comb.\g_row[9].u_tree.$add$/Users/toprakgundogdu/qwen-ffn-rom/rtl/ffn_tile_16x16_b4_reg.v:20$2777.
  merging $macc model for $flatten\u_comb.\g_row[9].u_tree.$add$/Users/toprakgundogdu/qwen-ffn-rom/rtl/ffn_tile_16x16_b4_reg.v:20$2777 into $flatten\u_comb.\g_row[9].u_tree.$add$/Users/toprakgundogdu/qwen-ffn-rom/rtl/ffn_tile_16x16_b4_reg.v:20$2779.
  merging $macc model for $flatten\u_comb.\g_row[9].u_tree.$add$/Users/toprakgundogdu/qwen-ffn-rom/rtl/ffn_tile_16x16_b4_reg.v:20$2779 into $flatten\u_comb.\g_row[9].u_tree.$add$/Users/toprakgundogdu/qwen-ffn-rom/rtl/ffn_tile_16x16_b4_reg.v:20$2780.
  merging $macc model for $flatten\u_comb.$sub$/Users/toprakgundogdu/qwen-ffn-rom/rtl/ffn_tile_16x16_b4_reg.v:80$1759 into $flatten\u_comb.\g_row[9].u_tree.$add$/Users/toprakgundogdu/qwen-ffn-rom/rtl/ffn_tile_16x16_b4_reg.v:20$2780.
  merging $macc model for $flatten\u_comb.\g_row[9].u_tree.$add$/Users/toprakgundogdu/qwen-ffn-rom/rtl/ffn_tile_16x16_b4_reg.v:20$2780 into $flatten\u_comb.\g_row[9].u_tree.$add$/Users/toprakgundogdu/qwen-ffn-rom/rtl/ffn_tile_16x16_b4_reg.v:20$2781.
  merging $macc model for $flatten\u_comb.\g_row[9].u_tree.$add$/Users/toprakgundogdu/qwen-ffn-rom/rtl/ffn_tile_16x16_b4_reg.v:20$2781 into $flatten\u_comb.\g_row[9].u_tree.$add$/Users/toprakgundogdu/qwen-ffn-rom/rtl/ffn_tile_16x16_b4_reg.v:20$2782.
  merging $macc model for $flatten\u_comb.\g_row[9].u_tree.$add$/Users/toprakgundogdu/qwen-ffn-rom/rtl/ffn_tile_16x16_b4_reg.v:20$2782 into $flatten\u_comb.\g_row[9].u_tree.$add$/Users/toprakgundogdu/qwen-ffn-rom/rtl/ffn_tile_16x16_b4_reg.v:20$2783.
  merging $macc model for $flatten\u_comb.\g_row[9].u_tree.$add$/Users/toprakgundogdu/qwen-ffn-rom/rtl/ffn_tile_16x16_b4_reg.v:20$2783 into $flatten\u_comb.\g_row[9].u_tree.$add$/Users/toprakgundogdu/qwen-ffn-rom/rtl/ffn_tile_16x16_b4_reg.v:20$2784.
  merging $macc model for $flatten\u_comb.\g_row[9].u_tree.$add$/Users/toprakgundogdu/qwen-ffn-rom/rtl/ffn_tile_16x16_b4_reg.v:20$2784 into $flatten\u_comb.\g_row[9].u_tree.$add$/Users/toprakgundogdu/qwen-ffn-rom/rtl/ffn_tile_16x16_b4_reg.v:20$2785.
  merging $macc model for $flatten\u_comb.$sub$/Users/toprakgundogdu/qwen-ffn-rom/rtl/ffn_tile_16x16_b4_reg.v:84$1107 into $flatten\u_comb.\g_row[4].u_tree.$add$/Users/toprakgundogdu/qwen-ffn-rom/rtl/ffn_tile_16x16_b4_reg.v:20$2771.
  merging $macc model for $flatten\u_comb.\g_row[4].u_tree.$add$/Users/toprakgundogdu/qwen-ffn-rom/rtl/ffn_tile_16x16_b4_reg.v:20$2771 into $flatten\u_comb.\g_row[4].u_tree.$add$/Users/toprakgundogdu/qwen-ffn-rom/rtl/ffn_tile_16x16_b4_reg.v:20$2772.
  merging $macc model for $flatten\u_comb.\g_row[4].u_tree.$add$/Users/toprakgundogdu/qwen-ffn-rom/rtl/ffn_tile_16x16_b4_reg.v:20$2772 into $flatten\u_comb.\g_row[4].u_tree.$add$/Users/toprakgundogdu/qwen-ffn-rom/rtl/ffn_tile_16x16_b4_reg.v:20$2773.
  merging $macc model for $flatten\u_comb.\g_row[4].u_tree.$add$/Users/toprakgundogdu/qwen-ffn-rom/rtl/ffn_tile_16x16_b4_reg.v:20$2773 into $flatten\u_comb.\g_row[4].u_tree.$add$/Users/toprakgundogdu/qwen-ffn-rom/rtl/ffn_tile_16x16_b4_reg.v:20$2774.
  merging $macc model for $flatten\u_comb.\g_row[4].u_tree.$add$/Users/toprakgundogdu/qwen-ffn-rom/rtl/ffn_tile_16x16_b4_reg.v:20$2774 into $flatten\u_comb.\g_row[4].u_tree.$add$/Users/toprakgundogdu/qwen-ffn-rom/rtl/ffn_tile_16x16_b4_reg.v:20$2775.
  merging $macc model for $flatten\u_comb.\g_row[4].u_tree.$add$/Users/toprakgundogdu/qwen-ffn-rom/rtl/ffn_tile_16x16_b4_reg.v:20$2775 into $flatten\u_comb.\g_row[4].u_tree.$add$/Users/toprakgundogdu/qwen-ffn-rom/rtl/ffn_tile_16x16_b4_reg.v:20$2776.
  merging $macc model for $flatten\u_comb.\g_row[4].u_tree.$add$/Users/toprakgundogdu/qwen-ffn-rom/rtl/ffn_tile_16x16_b4_reg.v:20$2776 into $flatten\u_comb.\g_row[4].u_tree.$add$/Users/toprakgundogdu/qwen-ffn-rom/rtl/ffn_tile_16x16_b4_reg.v:20$2777.
  merging $macc model for $flatten\u_comb.$neg$/Users/toprakgundogdu/qwen-ffn-rom/rtl/ffn_tile_16x16_b4_reg.v:83$1157 into $flatten\u_comb.\g_row[4].u_tree.$add$/Users/toprakgundogdu/qwen-ffn-rom/rtl/ffn_tile_16x16_b4_reg.v:20$2777.
  merging $macc model for $flatten\u_comb.\g_row[4].u_tree.$add$/Users/toprakgundogdu/qwen-ffn-rom/rtl/ffn_tile_16x16_b4_reg.v:20$2777 into $flatten\u_comb.\g_row[4].u_tree.$add$/Users/toprakgundogdu/qwen-ffn-rom/rtl/ffn_tile_16x16_b4_reg.v:20$2778.
  merging $macc model for $flatten\u_comb.\g_row[4].u_tree.$add$/Users/toprakgundogdu/qwen-ffn-rom/rtl/ffn_tile_16x16_b4_reg.v:20$2778 into $flatten\u_comb.\g_row[4].u_tree.$add$/Users/toprakgundogdu/qwen-ffn-rom/rtl/ffn_tile_16x16_b4_reg.v:20$2779.
  merging $macc model for $flatten\u_comb.$neg$/Users/toprakgundogdu/qwen-ffn-rom/rtl/ffn_tile_16x16_b4_reg.v:83$1172 into $flatten\u_comb.\g_row[4].u_tree.$add$/Users/toprakgundogdu/qwen-ffn-rom/rtl/ffn_tile_16x16_b4_reg.v:20$2779.
  merging $macc model for $flatten\u_comb.\g_row[4].u_tree.$add$/Users/toprakgundogdu/qwen-ffn-rom/rtl/ffn_tile_16x16_b4_reg.v:20$2779 into $flatten\u_comb.\g_row[4].u_tree.$add$/Users/toprakgundogdu/qwen-ffn-rom/rtl/ffn_tile_16x16_b4_reg.v:20$2780.
  merging $macc model for $flatten\u_comb.\g_row[4].u_tree.$add$/Users/toprakgundogdu/qwen-ffn-rom/rtl/ffn_tile_16x16_b4_reg.v:20$2780 into $flatten\u_comb.\g_row[4].u_tree.$add$/Users/toprakgundogdu/qwen-ffn-rom/rtl/ffn_tile_16x16_b4_reg.v:20$2781.
  merging $macc model for $flatten\u_comb.\g_row[4].u_tree.$add$/Users/toprakgundogdu/qwen-ffn-rom/rtl/ffn_tile_16x16_b4_reg.v:20$2781 into $flatten\u_comb.\g_row[4].u_tree.$add$/Users/toprakgundogdu/qwen-ffn-rom/rtl/ffn_tile_16x16_b4_reg.v:20$2783.
  merging $macc model for $flatten\u_comb.$neg$/Users/toprakgundogdu/qwen-ffn-rom/rtl/ffn_tile_16x16_b4_reg.v:83$1198 into $flatten\u_comb.\g_row[4].u_tree.$add$/Users/toprakgundogdu/qwen-ffn-rom/rtl/ffn_tile_16x16_b4_reg.v:20$2783.
  merging $macc model for $flatten\u_comb.\g_row[4].u_tree.$add$/Users/toprakgundogdu/qwen-ffn-rom/rtl/ffn_tile_16x16_b4_reg.v:20$2783 into $flatten\u_comb.\g_row[4].u_tree.$add$/Users/toprakgundogdu/qwen-ffn-rom/rtl/ffn_tile_16x16_b4_reg.v:20$2784.
  merging $macc model for $flatten\u_comb.\g_row[4].u_tree.$add$/Users/toprakgundogdu/qwen-ffn-rom/rtl/ffn_tile_16x16_b4_reg.v:20$2784 into $flatten\u_comb.\g_row[4].u_tree.$add$/Users/toprakgundogdu/qwen-ffn-rom/rtl/ffn_tile_16x16_b4_reg.v:20$2785.
  merging $macc model for $flatten\u_comb.$neg$/Users/toprakgundogdu/qwen-ffn-rom/rtl/ffn_tile_16x16_b4_reg.v:83$1213 into $flatten\u_comb.\g_row[4].u_tree.$add$/Users/toprakgundogdu/qwen-ffn-rom/rtl/ffn_tile_16x16_b4_reg.v:20$2785.
  merging $macc model for $flatten\u_comb.\g_row[13].u_tree.$add$/Users/toprakgundogdu/qwen-ffn-rom/rtl/ffn_tile_16x16_b4_reg.v:20$2771 into $flatten\u_comb.\g_row[13].u_tree.$add$/Users/toprakgundogdu/qwen-ffn-rom/rtl/ffn_tile_16x16_b4_reg.v:20$2772.
  merging $macc model for $flatten\u_comb.\g_row[13].u_tree.$add$/Users/toprakgundogdu/qwen-ffn-rom/rtl/ffn_tile_16x16_b4_reg.v:20$2772 into $flatten\u_comb.\g_row[13].u_tree.$add$/Users/toprakgundogdu/qwen-ffn-rom/rtl/ffn_tile_16x16_b4_reg.v:20$2773.
  merging $macc model for $flatten\u_comb.\g_row[13].u_tree.$add$/Users/toprakgundogdu/qwen-ffn-rom/rtl/ffn_tile_16x16_b4_reg.v:20$2773 into $flatten\u_comb.\g_row[13].u_tree.$add$/Users/toprakgundogdu/qwen-ffn-rom/rtl/ffn_tile_16x16_b4_reg.v:20$2774.
  merging $macc model for $flatten\u_comb.\g_row[13].u_tree.$add$/Users/toprakgundogdu/qwen-ffn-rom/rtl/ffn_tile_16x16_b4_reg.v:20$2774 into $flatten\u_comb.\g_row[13].u_tree.$add$/Users/toprakgundogdu/qwen-ffn-rom/rtl/ffn_tile_16x16_b4_reg.v:20$2776.
  merging $macc model for $flatten\u_comb.\g_row[13].u_tree.$add$/Users/toprakgundogdu/qwen-ffn-rom/rtl/ffn_tile_16x16_b4_reg.v:20$2776 into $flatten\u_comb.\g_row[13].u_tree.$add$/Users/toprakgundogdu/qwen-ffn-rom/rtl/ffn_tile_16x16_b4_reg.v:20$2777.
  merging $macc model for $flatten\u_comb.\g_row[13].u_tree.$add$/Users/toprakgundogdu/qwen-ffn-rom/rtl/ffn_tile_16x16_b4_reg.v:20$2777 into $flatten\u_comb.\g_row[13].u_tree.$add$/Users/toprakgundogdu/qwen-ffn-rom/rtl/ffn_tile_16x16_b4_reg.v:20$2778.
  merging $macc model for $flatten\u_comb.$neg$/Users/toprakgundogdu/qwen-ffn-rom/rtl/ffn_tile_16x16_b4_reg.v:83$2215 into $flatten\u_comb.\g_row[13].u_tree.$add$/Users/toprakgundogdu/qwen-ffn-rom/rtl/ffn_tile_16x16_b4_reg.v:20$2778.
  merging $macc model for $flatten\u_comb.\g_row[13].u_tree.$add$/Users/toprakgundogdu/qwen-ffn-rom/rtl/ffn_tile_16x16_b4_reg.v:20$2778 into $flatten\u_comb.\g_row[13].u_tree.$add$/Users/toprakgundogdu/qwen-ffn-rom/rtl/ffn_tile_16x16_b4_reg.v:20$2779.
  merging $macc model for $flatten\u_comb.\g_row[13].u_tree.$add$/Users/toprakgundogdu/qwen-ffn-rom/rtl/ffn_tile_16x16_b4_reg.v:20$2779 into $flatten\u_comb.\g_row[13].u_tree.$add$/Users/toprakgundogdu/qwen-ffn-rom/rtl/ffn_tile_16x16_b4_reg.v:20$2780.
  merging $macc model for $flatten\u_comb.\g_row[13].u_tree.$add$/Users/toprakgundogdu/qwen-ffn-rom/rtl/ffn_tile_16x16_b4_reg.v:20$2780 into $flatten\u_comb.\g_row[13].u_tree.$add$/Users/toprakgundogdu/qwen-ffn-rom/rtl/ffn_tile_16x16_b4_reg.v:20$2781.
  merging $macc model for $flatten\u_comb.\g_row[13].u_tree.$add$/Users/toprakgundogdu/qwen-ffn-rom/rtl/ffn_tile_16x16_b4_reg.v:20$2781 into $flatten\u_comb.\g_row[13].u_tree.$add$/Users/toprakgundogdu/qwen-ffn-rom/rtl/ffn_tile_16x16_b4_reg.v:20$2782.
  merging $macc model for $flatten\u_comb.\g_row[13].u_tree.$add$/Users/toprakgundogdu/qwen-ffn-rom/rtl/ffn_tile_16x16_b4_reg.v:20$2782 into $flatten\u_comb.\g_row[13].u_tree.$add$/Users/toprakgundogdu/qwen-ffn-rom/rtl/ffn_tile_16x16_b4_reg.v:20$2783.
  merging $macc model for $flatten\u_comb.\g_row[13].u_tree.$add$/Users/toprakgundogdu/qwen-ffn-rom/rtl/ffn_tile_16x16_b4_reg.v:20$2783 into $flatten\u_comb.\g_row[13].u_tree.$add$/Users/toprakgundogdu/qwen-ffn-rom/rtl/ffn_tile_16x16_b4_reg.v:20$2784.
  merging $macc model for $flatten\u_comb.\g_row[3].u_tree.$add$/Users/toprakgundogdu/qwen-ffn-rom/rtl/ffn_tile_16x16_b4_reg.v:20$2771 into $flatten\u_comb.\g_row[3].u_tree.$add$/Users/toprakgundogdu/qwen-ffn-rom/rtl/ffn_tile_16x16_b4_reg.v:20$2772.
  merging $macc model for $flatten\u_comb.\g_row[3].u_tree.$add$/Users/toprakgundogdu/qwen-ffn-rom/rtl/ffn_tile_16x16_b4_reg.v:20$2772 into $flatten\u_comb.\g_row[3].u_tree.$add$/Users/toprakgundogdu/qwen-ffn-rom/rtl/ffn_tile_16x16_b4_reg.v:20$2773.
  merging $macc model for $flatten\u_comb.\g_row[3].u_tree.$add$/Users/toprakgundogdu/qwen-ffn-rom/rtl/ffn_tile_16x16_b4_reg.v:20$2773 into $flatten\u_comb.\g_row[3].u_tree.$add$/Users/toprakgundogdu/qwen-ffn-rom/rtl/ffn_tile_16x16_b4_reg.v:20$2774.
  merging $macc model for $flatten\u_comb.$neg$/Users/toprakgundogdu/qwen-ffn-rom/rtl/ffn_tile_16x16_b4_reg.v:85$1014 into $flatten\u_comb.\g_row[3].u_tree.$add$/Users/toprakgundogdu/qwen-ffn-rom/rtl/ffn_tile_16x16_b4_reg.v:20$2774.
  merging $macc model for $flatten\u_comb.\g_row[3].u_tree.$add$/Users/toprakgundogdu/qwen-ffn-rom/rtl/ffn_tile_16x16_b4_reg.v:20$2774 into $flatten\u_comb.\g_row[3].u_tree.$add$/Users/toprakgundogdu/qwen-ffn-rom/rtl/ffn_tile_16x16_b4_reg.v:20$2775.
  merging $macc model for $flatten\u_comb.\g_row[3].u_tree.$add$/Users/toprakgundogdu/qwen-ffn-rom/rtl/ffn_tile_16x16_b4_reg.v:20$2775 into $flatten\u_comb.\g_row[3].u_tree.$add$/Users/toprakgundogdu/qwen-ffn-rom/rtl/ffn_tile_16x16_b4_reg.v:20$2776.
  merging $macc model for $flatten\u_comb.$sub$/Users/toprakgundogdu/qwen-ffn-rom/rtl/ffn_tile_16x16_b4_reg.v:80$1031 into $flatten\u_comb.\g_row[3].u_tree.$add$/Users/toprakgundogdu/qwen-ffn-rom/rtl/ffn_tile_16x16_b4_reg.v:20$2776.
  merging $macc model for $flatten\u_comb.\g_row[3].u_tree.$add$/Users/toprakgundogdu/qwen-ffn-rom/rtl/ffn_tile_16x16_b4_reg.v:20$2776 into $flatten\u_comb.\g_row[3].u_tree.$add$/Users/toprakgundogdu/qwen-ffn-rom/rtl/ffn_tile_16x16_b4_reg.v:20$2777.
  merging $macc model for $flatten\u_comb.\g_row[3].u_tree.$add$/Users/toprakgundogdu/qwen-ffn-rom/rtl/ffn_tile_16x16_b4_reg.v:20$2777 into $flatten\u_comb.\g_row[3].u_tree.$add$/Users/toprakgundogdu/qwen-ffn-rom/rtl/ffn_tile_16x16_b4_reg.v:20$2778.
  merging $macc model for $flatten\u_comb.$add$/Users/toprakgundogdu/qwen-ffn-rom/rtl/ffn_tile_16x16_b4_reg.v:92$1045 into $flatten\u_comb.\g_row[3].u_tree.$add$/Users/toprakgundogdu/qwen-ffn-rom/rtl/ffn_tile_16x16_b4_reg.v:20$2778.
  merging $macc model for $flatten\u_comb.\g_row[3].u_tree.$add$/Users/toprakgundogdu/qwen-ffn-rom/rtl/ffn_tile_16x16_b4_reg.v:20$2778 into $flatten\u_comb.\g_row[3].u_tree.$add$/Users/toprakgundogdu/qwen-ffn-rom/rtl/ffn_tile_16x16_b4_reg.v:20$2779.
  merging $macc model for $flatten\u_comb.\g_row[3].u_tree.$add$/Users/toprakgundogdu/qwen-ffn-rom/rtl/ffn_tile_16x16_b4_reg.v:20$2779 into $flatten\u_comb.\g_row[3].u_tree.$add$/Users/toprakgundogdu/qwen-ffn-rom/rtl/ffn_tile_16x16_b4_reg.v:20$2780.
  merging $macc model for $flatten\u_comb.\g_row[3].u_tree.$add$/Users/toprakgundogdu/qwen-ffn-rom/rtl/ffn_tile_16x16_b4_reg.v:20$2780 into $flatten\u_comb.\g_row[3].u_tree.$add$/Users/toprakgundogdu/qwen-ffn-rom/rtl/ffn_tile_16x16_b4_reg.v:20$2782.
  merging $macc model for $flatten\u_comb.\g_row[3].u_tree.$add$/Users/toprakgundogdu/qwen-ffn-rom/rtl/ffn_tile_16x16_b4_reg.v:20$2782 into $flatten\u_comb.\g_row[3].u_tree.$add$/Users/toprakgundogdu/qwen-ffn-rom/rtl/ffn_tile_16x16_b4_reg.v:20$2783.
  merging $macc model for $flatten\u_comb.\g_row[3].u_tree.$add$/Users/toprakgundogdu/qwen-ffn-rom/rtl/ffn_tile_16x16_b4_reg.v:20$2783 into $flatten\u_comb.\g_row[3].u_tree.$add$/Users/toprakgundogdu/qwen-ffn-rom/rtl/ffn_tile_16x16_b4_reg.v:20$2784.
  merging $macc model for $flatten\u_comb.$add$/Users/toprakgundogdu/qwen-ffn-rom/rtl/ffn_tile_16x16_b4_reg.v:92$1092 into $flatten\u_comb.\g_row[3].u_tree.$add$/Users/toprakgundogdu/qwen-ffn-rom/rtl/ffn_tile_16x16_b4_reg.v:20$2784.
  merging $macc model for $flatten\u_comb.\g_row[3].u_tree.$add$/Users/toprakgundogdu/qwen-ffn-rom/rtl/ffn_tile_16x16_b4_reg.v:20$2784 into $flatten\u_comb.\g_row[3].u_tree.$add$/Users/toprakgundogdu/qwen-ffn-rom/rtl/ffn_tile_16x16_b4_reg.v:20$2785.
  merging $macc model for $flatten\u_comb.\g_row[14].u_tree.$add$/Users/toprakgundogdu/qwen-ffn-rom/rtl/ffn_tile_16x16_b4_reg.v:20$2773 into $flatten\u_comb.\g_row[14].u_tree.$add$/Users/toprakgundogdu/qwen-ffn-rom/rtl/ffn_tile_16x16_b4_reg.v:20$2776.
  merging $macc model for $flatten\u_comb.\g_row[14].u_tree.$add$/Users/toprakgundogdu/qwen-ffn-rom/rtl/ffn_tile_16x16_b4_reg.v:20$2776 into $flatten\u_comb.\g_row[14].u_tree.$add$/Users/toprakgundogdu/qwen-ffn-rom/rtl/ffn_tile_16x16_b4_reg.v:20$2777.
  merging $macc model for $flatten\u_comb.\g_row[14].u_tree.$add$/Users/toprakgundogdu/qwen-ffn-rom/rtl/ffn_tile_16x16_b4_reg.v:20$2777 into $flatten\u_comb.\g_row[14].u_tree.$add$/Users/toprakgundogdu/qwen-ffn-rom/rtl/ffn_tile_16x16_b4_reg.v:20$2779.
  merging $macc model for $flatten\u_comb.\g_row[14].u_tree.$add$/Users/toprakgundogdu/qwen-ffn-rom/rtl/ffn_tile_16x16_b4_reg.v:20$2779 into $flatten\u_comb.\g_row[14].u_tree.$add$/Users/toprakgundogdu/qwen-ffn-rom/rtl/ffn_tile_16x16_b4_reg.v:20$2781.
  merging $macc model for $flatten\u_comb.\g_row[14].u_tree.$add$/Users/toprakgundogdu/qwen-ffn-rom/rtl/ffn_tile_16x16_b4_reg.v:20$2781 into $flatten\u_comb.\g_row[14].u_tree.$add$/Users/toprakgundogdu/qwen-ffn-rom/rtl/ffn_tile_16x16_b4_reg.v:20$2784.
  merging $macc model for $flatten\u_comb.$neg$/Users/toprakgundogdu/qwen-ffn-rom/rtl/ffn_tile_16x16_b4_reg.v:86$1925 into $flatten\u_comb.\g_row[11].u_tree.$add$/Users/toprakgundogdu/qwen-ffn-rom/rtl/ffn_tile_16x16_b4_reg.v:20$2771.
  merging $macc model for $flatten\u_comb.\g_row[11].u_tree.$add$/Users/toprakgundogdu/qwen-ffn-rom/rtl/ffn_tile_16x16_b4_reg.v:20$2771 into $flatten\u_comb.\g_row[11].u_tree.$add$/Users/toprakgundogdu/qwen-ffn-rom/rtl/ffn_tile_16x16_b4_reg.v:20$2772.
  merging $macc model for $flatten\u_comb.\g_row[11].u_tree.$add$/Users/toprakgundogdu/qwen-ffn-rom/rtl/ffn_tile_16x16_b4_reg.v:20$2772 into $flatten\u_comb.\g_row[11].u_tree.$add$/Users/toprakgundogdu/qwen-ffn-rom/rtl/ffn_tile_16x16_b4_reg.v:20$2773.
  merging $macc model for $flatten\u_comb.\g_row[11].u_tree.$add$/Users/toprakgundogdu/qwen-ffn-rom/rtl/ffn_tile_16x16_b4_reg.v:20$2773 into $flatten\u_comb.\g_row[11].u_tree.$add$/Users/toprakgundogdu/qwen-ffn-rom/rtl/ffn_tile_16x16_b4_reg.v:20$2775.
  merging $macc model for $flatten\u_comb.\g_row[11].u_tree.$add$/Users/toprakgundogdu/qwen-ffn-rom/rtl/ffn_tile_16x16_b4_reg.v:20$2775 into $flatten\u_comb.\g_row[11].u_tree.$add$/Users/toprakgundogdu/qwen-ffn-rom/rtl/ffn_tile_16x16_b4_reg.v:20$2778.
  merging $macc model for $flatten\u_comb.\g_row[11].u_tree.$add$/Users/toprakgundogdu/qwen-ffn-rom/rtl/ffn_tile_16x16_b4_reg.v:20$2778 into $flatten\u_comb.\g_row[11].u_tree.$add$/Users/toprakgundogdu/qwen-ffn-rom/rtl/ffn_tile_16x16_b4_reg.v:20$2779.
  merging $macc model for $flatten\u_comb.\g_row[11].u_tree.$add$/Users/toprakgundogdu/qwen-ffn-rom/rtl/ffn_tile_16x16_b4_reg.v:20$2779 into $flatten\u_comb.\g_row[11].u_tree.$add$/Users/toprakgundogdu/qwen-ffn-rom/rtl/ffn_tile_16x16_b4_reg.v:20$2780.
  merging $macc model for $flatten\u_comb.\g_row[11].u_tree.$add$/Users/toprakgundogdu/qwen-ffn-rom/rtl/ffn_tile_16x16_b4_reg.v:20$2780 into $flatten\u_comb.\g_row[11].u_tree.$add$/Users/toprakgundogdu/qwen-ffn-rom/rtl/ffn_tile_16x16_b4_reg.v:20$2781.
  merging $macc model for $flatten\u_comb.\g_row[11].u_tree.$add$/Users/toprakgundogdu/qwen-ffn-rom/rtl/ffn_tile_16x16_b4_reg.v:20$2781 into $flatten\u_comb.\g_row[11].u_tree.$add$/Users/toprakgundogdu/qwen-ffn-rom/rtl/ffn_tile_16x16_b4_reg.v:20$2782.
  merging $macc model for $flatten\u_comb.\g_row[11].u_tree.$add$/Users/toprakgundogdu/qwen-ffn-rom/rtl/ffn_tile_16x16_b4_reg.v:20$2782 into $flatten\u_comb.\g_row[11].u_tree.$add$/Users/toprakgundogdu/qwen-ffn-rom/rtl/ffn_tile_16x16_b4_reg.v:20$2783.
  merging $macc model for $flatten\u_comb.\g_row[11].u_tree.$add$/Users/toprakgundogdu/qwen-ffn-rom/rtl/ffn_tile_16x16_b4_reg.v:20$2783 into $flatten\u_comb.\g_row[11].u_tree.$add$/Users/toprakgundogdu/qwen-ffn-rom/rtl/ffn_tile_16x16_b4_reg.v:20$2784.
  merging $macc model for $flatten\u_comb.\g_row[11].u_tree.$add$/Users/toprakgundogdu/qwen-ffn-rom/rtl/ffn_tile_16x16_b4_reg.v:20$2784 into $flatten\u_comb.\g_row[11].u_tree.$add$/Users/toprakgundogdu/qwen-ffn-rom/rtl/ffn_tile_16x16_b4_reg.v:20$2785.
  merging $macc model for $flatten\u_comb.\g_row[2].u_tree.$add$/Users/toprakgundogdu/qwen-ffn-rom/rtl/ffn_tile_16x16_b4_reg.v:20$2771 into $flatten\u_comb.\g_row[2].u_tree.$add$/Users/toprakgundogdu/qwen-ffn-rom/rtl/ffn_tile_16x16_b4_reg.v:20$2772.
  merging $macc model for $flatten\u_comb.\g_row[2].u_tree.$add$/Users/toprakgundogdu/qwen-ffn-rom/rtl/ffn_tile_16x16_b4_reg.v:20$2772 into $flatten\u_comb.\g_row[2].u_tree.$add$/Users/toprakgundogdu/qwen-ffn-rom/rtl/ffn_tile_16x16_b4_reg.v:20$2773.
  merging $macc model for $flatten\u_comb.$sub$/Users/toprakgundogdu/qwen-ffn-rom/rtl/ffn_tile_16x16_b4_reg.v:81$885 into $flatten\u_comb.\g_row[2].u_tree.$add$/Users/toprakgundogdu/qwen-ffn-rom/rtl/ffn_tile_16x16_b4_reg.v:20$2773.
  merging $macc model for $flatten\u_comb.\g_row[2].u_tree.$add$/Users/toprakgundogdu/qwen-ffn-rom/rtl/ffn_tile_16x16_b4_reg.v:20$2773 into $flatten\u_comb.\g_row[2].u_tree.$add$/Users/toprakgundogdu/qwen-ffn-rom/rtl/ffn_tile_16x16_b4_reg.v:20$2774.
  merging $macc model for $flatten\u_comb.\g_row[2].u_tree.$add$/Users/toprakgundogdu/qwen-ffn-rom/rtl/ffn_tile_16x16_b4_reg.v:20$2774 into $flatten\u_comb.\g_row[2].u_tree.$add$/Users/toprakgundogdu/qwen-ffn-rom/rtl/ffn_tile_16x16_b4_reg.v:20$2775.
  merging $macc model for $flatten\u_comb.$neg$/Users/toprakgundogdu/qwen-ffn-rom/rtl/ffn_tile_16x16_b4_reg.v:83$900 into $flatten\u_comb.\g_row[2].u_tree.$add$/Users/toprakgundogdu/qwen-ffn-rom/rtl/ffn_tile_16x16_b4_reg.v:20$2775.
  merging $macc model for $flatten\u_comb.\g_row[2].u_tree.$add$/Users/toprakgundogdu/qwen-ffn-rom/rtl/ffn_tile_16x16_b4_reg.v:20$2775 into $flatten\u_comb.\g_row[2].u_tree.$add$/Users/toprakgundogdu/qwen-ffn-rom/rtl/ffn_tile_16x16_b4_reg.v:20$2776.
  merging $macc model for $flatten\u_comb.\g_row[2].u_tree.$add$/Users/toprakgundogdu/qwen-ffn-rom/rtl/ffn_tile_16x16_b4_reg.v:20$2776 into $flatten\u_comb.\g_row[2].u_tree.$add$/Users/toprakgundogdu/qwen-ffn-rom/rtl/ffn_tile_16x16_b4_reg.v:20$2777.
  merging $macc model for $flatten\u_comb.$sub$/Users/toprakgundogdu/qwen-ffn-rom/rtl/ffn_tile_16x16_b4_reg.v:81$915 into $flatten\u_comb.\g_row[2].u_tree.$add$/Users/toprakgundogdu/qwen-ffn-rom/rtl/ffn_tile_16x16_b4_reg.v:20$2777.
  merging $macc model for $flatten\u_comb.\g_row[2].u_tree.$add$/Users/toprakgundogdu/qwen-ffn-rom/rtl/ffn_tile_16x16_b4_reg.v:20$2777 into $flatten\u_comb.\g_row[2].u_tree.$add$/Users/toprakgundogdu/qwen-ffn-rom/rtl/ffn_tile_16x16_b4_reg.v:20$2778.
  merging $macc model for $flatten\u_comb.\g_row[2].u_tree.$add$/Users/toprakgundogdu/qwen-ffn-rom/rtl/ffn_tile_16x16_b4_reg.v:20$2778 into $flatten\u_comb.\g_row[2].u_tree.$add$/Users/toprakgundogdu/qwen-ffn-rom/rtl/ffn_tile_16x16_b4_reg.v:20$2779.
  merging $macc model for $flatten\u_comb.$add$/Users/toprakgundogdu/qwen-ffn-rom/rtl/ffn_tile_16x16_b4_reg.v:92$932 into $flatten\u_comb.\g_row[2].u_tree.$add$/Users/toprakgundogdu/qwen-ffn-rom/rtl/ffn_tile_16x16_b4_reg.v:20$2779.
  merging $macc model for $flatten\u_comb.\g_row[2].u_tree.$add$/Users/toprakgundogdu/qwen-ffn-rom/rtl/ffn_tile_16x16_b4_reg.v:20$2779 into $flatten\u_comb.\g_row[2].u_tree.$add$/Users/toprakgundogdu/qwen-ffn-rom/rtl/ffn_tile_16x16_b4_reg.v:20$2780.
  merging $macc model for $flatten\u_comb.$sub$/Users/toprakgundogdu/qwen-ffn-rom/rtl/ffn_tile_16x16_b4_reg.v:84$940 into $flatten\u_comb.\g_row[2].u_tree.$add$/Users/toprakgundogdu/qwen-ffn-rom/rtl/ffn_tile_16x16_b4_reg.v:20$2780.
  merging $macc model for $flatten\u_comb.\g_row[2].u_tree.$add$/Users/toprakgundogdu/qwen-ffn-rom/rtl/ffn_tile_16x16_b4_reg.v:20$2780 into $flatten\u_comb.\g_row[2].u_tree.$add$/Users/toprakgundogdu/qwen-ffn-rom/rtl/ffn_tile_16x16_b4_reg.v:20$2781.
  merging $macc model for $flatten\u_comb.\g_row[2].u_tree.$add$/Users/toprakgundogdu/qwen-ffn-rom/rtl/ffn_tile_16x16_b4_reg.v:20$2781 into $flatten\u_comb.\g_row[2].u_tree.$add$/Users/toprakgundogdu/qwen-ffn-rom/rtl/ffn_tile_16x16_b4_reg.v:20$2782.
  merging $macc model for $flatten\u_comb.\g_row[2].u_tree.$add$/Users/toprakgundogdu/qwen-ffn-rom/rtl/ffn_tile_16x16_b4_reg.v:20$2782 into $flatten\u_comb.\g_row[2].u_tree.$add$/Users/toprakgundogdu/qwen-ffn-rom/rtl/ffn_tile_16x16_b4_reg.v:20$2783.
  merging $macc model for $flatten\u_comb.\g_row[2].u_tree.$add$/Users/toprakgundogdu/qwen-ffn-rom/rtl/ffn_tile_16x16_b4_reg.v:20$2783 into $flatten\u_comb.\g_row[2].u_tree.$add$/Users/toprakgundogdu/qwen-ffn-rom/rtl/ffn_tile_16x16_b4_reg.v:20$2784.
  merging $macc model for $flatten\u_comb.\g_row[2].u_tree.$add$/Users/toprakgundogdu/qwen-ffn-rom/rtl/ffn_tile_16x16_b4_reg.v:20$2784 into $flatten\u_comb.\g_row[2].u_tree.$add$/Users/toprakgundogdu/qwen-ffn-rom/rtl/ffn_tile_16x16_b4_reg.v:20$2785.
  merging $macc model for $flatten\u_comb.\g_row[1].u_tree.$add$/Users/toprakgundogdu/qwen-ffn-rom/rtl/ffn_tile_16x16_b4_reg.v:20$2771 into $flatten\u_comb.\g_row[1].u_tree.$add$/Users/toprakgundogdu/qwen-ffn-rom/rtl/ffn_tile_16x16_b4_reg.v:20$2772.
  merging $macc model for $flatten\u_comb.\g_row[1].u_tree.$add$/Users/toprakgundogdu/qwen-ffn-rom/rtl/ffn_tile_16x16_b4_reg.v:20$2772 into $flatten\u_comb.\g_row[1].u_tree.$add$/Users/toprakgundogdu/qwen-ffn-rom/rtl/ffn_tile_16x16_b4_reg.v:20$2773.
  merging $macc model for $flatten\u_comb.\g_row[1].u_tree.$add$/Users/toprakgundogdu/qwen-ffn-rom/rtl/ffn_tile_16x16_b4_reg.v:20$2773 into $flatten\u_comb.\g_row[1].u_tree.$add$/Users/toprakgundogdu/qwen-ffn-rom/rtl/ffn_tile_16x16_b4_reg.v:20$2774.
  merging $macc model for $flatten\u_comb.\g_row[1].u_tree.$add$/Users/toprakgundogdu/qwen-ffn-rom/rtl/ffn_tile_16x16_b4_reg.v:20$2774 into $flatten\u_comb.\g_row[1].u_tree.$add$/Users/toprakgundogdu/qwen-ffn-rom/rtl/ffn_tile_16x16_b4_reg.v:20$2775.
  merging $macc model for $flatten\u_comb.\g_row[1].u_tree.$add$/Users/toprakgundogdu/qwen-ffn-rom/rtl/ffn_tile_16x16_b4_reg.v:20$2775 into $flatten\u_comb.\g_row[1].u_tree.$add$/Users/toprakgundogdu/qwen-ffn-rom/rtl/ffn_tile_16x16_b4_reg.v:20$2778.
  merging $macc model for $flatten\u_comb.\g_row[1].u_tree.$add$/Users/toprakgundogdu/qwen-ffn-rom/rtl/ffn_tile_16x16_b4_reg.v:20$2778 into $flatten\u_comb.\g_row[1].u_tree.$add$/Users/toprakgundogdu/qwen-ffn-rom/rtl/ffn_tile_16x16_b4_reg.v:20$2779.
  merging $macc model for $flatten\u_comb.\g_row[1].u_tree.$add$/Users/toprakgundogdu/qwen-ffn-rom/rtl/ffn_tile_16x16_b4_reg.v:20$2779 into $flatten\u_comb.\g_row[1].u_tree.$add$/Users/toprakgundogdu/qwen-ffn-rom/rtl/ffn_tile_16x16_b4_reg.v:20$2780.
  merging $macc model for $flatten\u_comb.\g_row[1].u_tree.$add$/Users/toprakgundogdu/qwen-ffn-rom/rtl/ffn_tile_16x16_b4_reg.v:20$2780 into $flatten\u_comb.\g_row[1].u_tree.$add$/Users/toprakgundogdu/qwen-ffn-rom/rtl/ffn_tile_16x16_b4_reg.v:20$2781.
  merging $macc model for $flatten\u_comb.\g_row[1].u_tree.$add$/Users/toprakgundogdu/qwen-ffn-rom/rtl/ffn_tile_16x16_b4_reg.v:20$2781 into $flatten\u_comb.\g_row[1].u_tree.$add$/Users/toprakgundogdu/qwen-ffn-rom/rtl/ffn_tile_16x16_b4_reg.v:20$2782.
  merging $macc model for $flatten\u_comb.\g_row[1].u_tree.$add$/Users/toprakgundogdu/qwen-ffn-rom/rtl/ffn_tile_16x16_b4_reg.v:20$2782 into $flatten\u_comb.\g_row[1].u_tree.$add$/Users/toprakgundogdu/qwen-ffn-rom/rtl/ffn_tile_16x16_b4_reg.v:20$2785.
  merging $macc model for $flatten\u_comb.$sub$/Users/toprakgundogdu/qwen-ffn-rom/rtl/ffn_tile_16x16_b4_reg.v:84$656 into $flatten\u_comb.\g_row[0].u_tree.$add$/Users/toprakgundogdu/qwen-ffn-rom/rtl/ffn_tile_16x16_b4_reg.v:20$2772.
  merging $macc model for $flatten\u_comb.\g_row[0].u_tree.$add$/Users/toprakgundogdu/qwen-ffn-rom/rtl/ffn_tile_16x16_b4_reg.v:20$2772 into $flatten\u_comb.\g_row[0].u_tree.$add$/Users/toprakgundogdu/qwen-ffn-rom/rtl/ffn_tile_16x16_b4_reg.v:20$2773.
  merging $macc model for $flatten\u_comb.\g_row[0].u_tree.$add$/Users/toprakgundogdu/qwen-ffn-rom/rtl/ffn_tile_16x16_b4_reg.v:20$2773 into $flatten\u_comb.\g_row[0].u_tree.$add$/Users/toprakgundogdu/qwen-ffn-rom/rtl/ffn_tile_16x16_b4_reg.v:20$2774.
  merging $macc model for $flatten\u_comb.$sub$/Users/toprakgundogdu/qwen-ffn-rom/rtl/ffn_tile_16x16_b4_reg.v:80$676 into $flatten\u_comb.\g_row[0].u_tree.$add$/Users/toprakgundogdu/qwen-ffn-rom/rtl/ffn_tile_16x16_b4_reg.v:20$2774.
  merging $macc model for $flatten\u_comb.\g_row[0].u_tree.$add$/Users/toprakgundogdu/qwen-ffn-rom/rtl/ffn_tile_16x16_b4_reg.v:20$2774 into $flatten\u_comb.\g_row[0].u_tree.$add$/Users/toprakgundogdu/qwen-ffn-rom/rtl/ffn_tile_16x16_b4_reg.v:20$2775.
  merging $macc model for $flatten\u_comb.\g_row[0].u_tree.$add$/Users/toprakgundogdu/qwen-ffn-rom/rtl/ffn_tile_16x16_b4_reg.v:20$2775 into $flatten\u_comb.\g_row[0].u_tree.$add$/Users/toprakgundogdu/qwen-ffn-rom/rtl/ffn_tile_16x16_b4_reg.v:20$2776.
  merging $macc model for $flatten\u_comb.\g_row[0].u_tree.$add$/Users/toprakgundogdu/qwen-ffn-rom/rtl/ffn_tile_16x16_b4_reg.v:20$2776 into $flatten\u_comb.\g_row[0].u_tree.$add$/Users/toprakgundogdu/qwen-ffn-rom/rtl/ffn_tile_16x16_b4_reg.v:20$2777.
  merging $macc model for $flatten\u_comb.\g_row[0].u_tree.$add$/Users/toprakgundogdu/qwen-ffn-rom/rtl/ffn_tile_16x16_b4_reg.v:20$2777 into $flatten\u_comb.\g_row[0].u_tree.$add$/Users/toprakgundogdu/qwen-ffn-rom/rtl/ffn_tile_16x16_b4_reg.v:20$2779.
  merging $macc model for $flatten\u_comb.\g_row[0].u_tree.$add$/Users/toprakgundogdu/qwen-ffn-rom/rtl/ffn_tile_16x16_b4_reg.v:20$2779 into $flatten\u_comb.\g_row[0].u_tree.$add$/Users/toprakgundogdu/qwen-ffn-rom/rtl/ffn_tile_16x16_b4_reg.v:20$2782.
  merging $macc model for $flatten\u_comb.\g_row[0].u_tree.$add$/Users/toprakgundogdu/qwen-ffn-rom/rtl/ffn_tile_16x16_b4_reg.v:20$2782 into $flatten\u_comb.\g_row[0].u_tree.$add$/Users/toprakgundogdu/qwen-ffn-rom/rtl/ffn_tile_16x16_b4_reg.v:20$2783.
  merging $macc model for $flatten\u_comb.\g_row[0].u_tree.$add$/Users/toprakgundogdu/qwen-ffn-rom/rtl/ffn_tile_16x16_b4_reg.v:20$2783 into $flatten\u_comb.\g_row[0].u_tree.$add$/Users/toprakgundogdu/qwen-ffn-rom/rtl/ffn_tile_16x16_b4_reg.v:20$2784.
  merging $macc model for $flatten\u_comb.\g_row[0].u_tree.$add$/Users/toprakgundogdu/qwen-ffn-rom/rtl/ffn_tile_16x16_b4_reg.v:20$2784 into $flatten\u_comb.\g_row[0].u_tree.$add$/Users/toprakgundogdu/qwen-ffn-rom/rtl/ffn_tile_16x16_b4_reg.v:20$2785.
  merging $macc model for $flatten\u_comb.\g_row[15].u_tree.$add$/Users/toprakgundogdu/qwen-ffn-rom/rtl/ffn_tile_16x16_b4_reg.v:20$2771 into $flatten\u_comb.\g_row[15].u_tree.$add$/Users/toprakgundogdu/qwen-ffn-rom/rtl/ffn_tile_16x16_b4_reg.v:20$2772.
  merging $macc model for $flatten\u_comb.\g_row[15].u_tree.$add$/Users/toprakgundogdu/qwen-ffn-rom/rtl/ffn_tile_16x16_b4_reg.v:20$2772 into $flatten\u_comb.\g_row[15].u_tree.$add$/Users/toprakgundogdu/qwen-ffn-rom/rtl/ffn_tile_16x16_b4_reg.v:20$2773.
  merging $macc model for $flatten\u_comb.\g_row[15].u_tree.$add$/Users/toprakgundogdu/qwen-ffn-rom/rtl/ffn_tile_16x16_b4_reg.v:20$2773 into $flatten\u_comb.\g_row[15].u_tree.$add$/Users/toprakgundogdu/qwen-ffn-rom/rtl/ffn_tile_16x16_b4_reg.v:20$2774.
  merging $macc model for $flatten\u_comb.\g_row[15].u_tree.$add$/Users/toprakgundogdu/qwen-ffn-rom/rtl/ffn_tile_16x16_b4_reg.v:20$2774 into $flatten\u_comb.\g_row[15].u_tree.$add$/Users/toprakgundogdu/qwen-ffn-rom/rtl/ffn_tile_16x16_b4_reg.v:20$2775.
  merging $macc model for $flatten\u_comb.\g_row[15].u_tree.$add$/Users/toprakgundogdu/qwen-ffn-rom/rtl/ffn_tile_16x16_b4_reg.v:20$2775 into $flatten\u_comb.\g_row[15].u_tree.$add$/Users/toprakgundogdu/qwen-ffn-rom/rtl/ffn_tile_16x16_b4_reg.v:20$2776.
  merging $macc model for $flatten\u_comb.\g_row[15].u_tree.$add$/Users/toprakgundogdu/qwen-ffn-rom/rtl/ffn_tile_16x16_b4_reg.v:20$2776 into $flatten\u_comb.\g_row[15].u_tree.$add$/Users/toprakgundogdu/qwen-ffn-rom/rtl/ffn_tile_16x16_b4_reg.v:20$2777.
  merging $macc model for $flatten\u_comb.\g_row[15].u_tree.$add$/Users/toprakgundogdu/qwen-ffn-rom/rtl/ffn_tile_16x16_b4_reg.v:20$2777 into $flatten\u_comb.\g_row[15].u_tree.$add$/Users/toprakgundogdu/qwen-ffn-rom/rtl/ffn_tile_16x16_b4_reg.v:20$2778.
  merging $macc model for $flatten\u_comb.\g_row[15].u_tree.$add$/Users/toprakgundogdu/qwen-ffn-rom/rtl/ffn_tile_16x16_b4_reg.v:20$2778 into $flatten\u_comb.\g_row[15].u_tree.$add$/Users/toprakgundogdu/qwen-ffn-rom/rtl/ffn_tile_16x16_b4_reg.v:20$2779.
  merging $macc model for $flatten\u_comb.\g_row[15].u_tree.$add$/Users/toprakgundogdu/qwen-ffn-rom/rtl/ffn_tile_16x16_b4_reg.v:20$2779 into $flatten\u_comb.\g_row[15].u_tree.$add$/Users/toprakgundogdu/qwen-ffn-rom/rtl/ffn_tile_16x16_b4_reg.v:20$2780.
  merging $macc model for $flatten\u_comb.\g_row[15].u_tree.$add$/Users/toprakgundogdu/qwen-ffn-rom/rtl/ffn_tile_16x16_b4_reg.v:20$2780 into $flatten\u_comb.\g_row[15].u_tree.$add$/Users/toprakgundogdu/qwen-ffn-rom/rtl/ffn_tile_16x16_b4_reg.v:20$2781.
  merging $macc model for $flatten\u_comb.\g_row[15].u_tree.$add$/Users/toprakgundogdu/qwen-ffn-rom/rtl/ffn_tile_16x16_b4_reg.v:20$2781 into $flatten\u_comb.\g_row[15].u_tree.$add$/Users/toprakgundogdu/qwen-ffn-rom/rtl/ffn_tile_16x16_b4_reg.v:20$2782.
  merging $macc model for $flatten\u_comb.\g_row[15].u_tree.$add$/Users/toprakgundogdu/qwen-ffn-rom/rtl/ffn_tile_16x16_b4_reg.v:20$2782 into $flatten\u_comb.\g_row[15].u_tree.$add$/Users/toprakgundogdu/qwen-ffn-rom/rtl/ffn_tile_16x16_b4_reg.v:20$2783.
  merging $macc model for $flatten\u_comb.\g_row[15].u_tree.$add$/Users/toprakgundogdu/qwen-ffn-rom/rtl/ffn_tile_16x16_b4_reg.v:20$2783 into $flatten\u_comb.\g_row[15].u_tree.$add$/Users/toprakgundogdu/qwen-ffn-rom/rtl/ffn_tile_16x16_b4_reg.v:20$2784.
  merging $macc model for $flatten\u_comb.\g_row[15].u_tree.$add$/Users/toprakgundogdu/qwen-ffn-rom/rtl/ffn_tile_16x16_b4_reg.v:20$2784 into $flatten\u_comb.\g_row[15].u_tree.$add$/Users/toprakgundogdu/qwen-ffn-rom/rtl/ffn_tile_16x16_b4_reg.v:20$2785.
  merging $macc model for $flatten\u_comb.$neg$/Users/toprakgundogdu/qwen-ffn-rom/rtl/ffn_tile_16x16_b4_reg.v:90$1233 into $flatten\u_comb.$add$/Users/toprakgundogdu/qwen-ffn-rom/rtl/ffn_tile_16x16_b4_reg.v:90$1479.
  creating $alu model for $macc $flatten\u_comb.$sub$/Users/toprakgundogdu/qwen-ffn-rom/rtl/ffn_tile_16x16_b4_reg.v:82$2463.
  creating $alu model for $macc $flatten\u_comb.$sub$/Users/toprakgundogdu/qwen-ffn-rom/rtl/ffn_tile_16x16_b4_reg.v:82$2495.
  creating $alu model for $macc $flatten\u_comb.$add$/Users/toprakgundogdu/qwen-ffn-rom/rtl/ffn_tile_16x16_b4_reg.v:93$1084.
  creating $alu model for $macc $flatten\u_comb.$add$/Users/toprakgundogdu/qwen-ffn-rom/rtl/ffn_tile_16x16_b4_reg.v:90$1271.
  creating $alu model for $macc $flatten\u_comb.$sub$/Users/toprakgundogdu/qwen-ffn-rom/rtl/ffn_tile_16x16_b4_reg.v:84$1315.
  creating $alu model for $macc $flatten\u_comb.$add$/Users/toprakgundogdu/qwen-ffn-rom/rtl/ffn_tile_16x16_b4_reg.v:90$2200.
  creating $alu model for $macc $flatten\u_comb.$sub$/Users/toprakgundogdu/qwen-ffn-rom/rtl/ffn_tile_16x16_b4_reg.v:84$1822.
  creating $alu model for $macc $flatten\u_comb.$sub$/Users/toprakgundogdu/qwen-ffn-rom/rtl/ffn_tile_16x16_b4_reg.v:82$2154.
  creating $alu model for $macc $flatten\u_comb.$add$/Users/toprakgundogdu/qwen-ffn-rom/rtl/ffn_tile_16x16_b4_reg.v:90$2447.
  creating $alu model for $macc $flatten\u_comb.$sub$/Users/toprakgundogdu/qwen-ffn-rom/rtl/ffn_tile_16x16_b4_reg.v:82$1023.
  creating $alu model for $macc $flatten\u_comb.$add$/Users/toprakgundogdu/qwen-ffn-rom/rtl/ffn_tile_16x16_b4_reg.v:90$1438.
  creating $alu model for $macc $flatten\u_comb.$add$/Users/toprakgundogdu/qwen-ffn-rom/rtl/ffn_tile_16x16_b4_reg.v:94$1330.
  creating $alu model for $macc $flatten\u_comb.$add$/Users/toprakgundogdu/qwen-ffn-rom/rtl/ffn_tile_16x16_b4_reg.v:92$1074.
  creating $alu model for $macc $flatten\u_comb.$add$/Users/toprakgundogdu/qwen-ffn-rom/rtl/ffn_tile_16x16_b4_reg.v:94$1981.
  creating $alu model for $macc $flatten\u_comb.$add$/Users/toprakgundogdu/qwen-ffn-rom/rtl/ffn_tile_16x16_b4_reg.v:90$2415.
  creating $alu model for $macc $flatten\u_comb.$sub$/Users/toprakgundogdu/qwen-ffn-rom/rtl/ffn_tile_16x16_b4_reg.v:84$1128.
  creating $alu model for $macc $flatten\u_comb.$add$/Users/toprakgundogdu/qwen-ffn-rom/rtl/ffn_tile_16x16_b4_reg.v:90$746.
  creating $alu model for $macc $flatten\u_comb.$sub$/Users/toprakgundogdu/qwen-ffn-rom/rtl/ffn_tile_16x16_b4_reg.v:80$2170.
  creating $alu model for $macc $flatten\u_comb.$add$/Users/toprakgundogdu/qwen-ffn-rom/rtl/ffn_tile_16x16_b4_reg.v:90$1549.
  creating $alu model for $macc $flatten\u_comb.$sub$/Users/toprakgundogdu/qwen-ffn-rom/rtl/ffn_tile_16x16_b4_reg.v:82$1413.
  creating $alu model for $macc $flatten\u_comb.$add$/Users/toprakgundogdu/qwen-ffn-rom/rtl/ffn_tile_16x16_b4_reg.v:90$1540.
  creating $alu model for $macc $flatten\u_comb.$add$/Users/toprakgundogdu/qwen-ffn-rom/rtl/ffn_tile_16x16_b4_reg.v:93$2112.
  creating $alu model for $macc $flatten\u_comb.$sub$/Users/toprakgundogdu/qwen-ffn-rom/rtl/ffn_tile_16x16_b4_reg.v:82$924.
  creating $alu model for $macc $flatten\u_comb.$add$/Users/toprakgundogdu/qwen-ffn-rom/rtl/ffn_tile_16x16_b4_reg.v:93$1517.
  creating $alu model for $macc $flatten\u_comb.$add$/Users/toprakgundogdu/qwen-ffn-rom/rtl/ffn_tile_16x16_b4_reg.v:90$2121.
  creating $alu model for $macc $flatten\u_comb.$sub$/Users/toprakgundogdu/qwen-ffn-rom/rtl/ffn_tile_16x16_b4_reg.v:82$1488.
  creating $alu model for $macc $flatten\u_comb.$add$/Users/toprakgundogdu/qwen-ffn-rom/rtl/ffn_tile_16x16_b4_reg.v:90$2179.
  creating $alu model for $macc $flatten\u_comb.$add$/Users/toprakgundogdu/qwen-ffn-rom/rtl/ffn_tile_16x16_b4_reg.v:90$1479.
  creating $alu model for $macc $flatten\u_comb.$sub$/Users/toprakgundogdu/qwen-ffn-rom/rtl/ffn_tile_16x16_b4_reg.v:84$2259.
  creating $alu model for $macc $flatten\u_comb.$sub$/Users/toprakgundogdu/qwen-ffn-rom/rtl/ffn_tile_16x16_b4_reg.v:80$2294.
  creating $alu model for $macc $flatten\u_comb.$add$/Users/toprakgundogdu/qwen-ffn-rom/rtl/ffn_tile_16x16_b4_reg.v:90$1462.
  creating $alu model for $macc $flatten\u_comb.$add$/Users/toprakgundogdu/qwen-ffn-rom/rtl/ffn_tile_16x16_b4_reg.v:94$957.
  creating $alu model for $macc $flatten\u_comb.$add$/Users/toprakgundogdu/qwen-ffn-rom/rtl/ffn_tile_16x16_b4_reg.v:94$2035.
  creating $alu model for $macc $flatten\u_comb.$add$/Users/toprakgundogdu/qwen-ffn-rom/rtl/ffn_tile_16x16_b4_reg.v:92$774.
  creating $alu model for $macc $flatten\u_comb.$add$/Users/toprakgundogdu/qwen-ffn-rom/rtl/ffn_tile_16x16_b4_reg.v:94$1447.
  creating $alu model for $macc $flatten\u_comb.$add$/Users/toprakgundogdu/qwen-ffn-rom/rtl/ffn_tile_16x16_b4_reg.v:92$1996.
  creating $alu model for $macc $flatten\u_comb.$sub$/Users/toprakgundogdu/qwen-ffn-rom/rtl/ffn_tile_16x16_b4_reg.v:80$1143.
  creating $macc cell for $flatten\u_comb.$neg$/Users/toprakgundogdu/qwen-ffn-rom/rtl/ffn_tile_16x16_b4_reg.v:83$2076: $auto$alumacc.cc:399:replace_macc$2805
  creating $macc cell for $flatten\u_comb.$neg$/Users/toprakgundogdu/qwen-ffn-rom/rtl/ffn_tile_16x16_b4_reg.v:86$683: $auto$alumacc.cc:399:replace_macc$2806
  creating $macc cell for $flatten\u_comb.$neg$/Users/toprakgundogdu/qwen-ffn-rom/rtl/ffn_tile_16x16_b4_reg.v:85$1429: $auto$alumacc.cc:399:replace_macc$2807
  creating $macc cell for $flatten\u_comb.$neg$/Users/toprakgundogdu/qwen-ffn-rom/rtl/ffn_tile_16x16_b4_reg.v:85$760: $auto$alumacc.cc:399:replace_macc$2808
  creating $macc cell for $flatten\u_comb.$neg$/Users/toprakgundogdu/qwen-ffn-rom/rtl/ffn_tile_16x16_b4_reg.v:85$1421: $auto$alumacc.cc:399:replace_macc$2809
  creating $macc cell for $flatten\u_comb.\g_row[13].u_tree.$add$/Users/toprakgundogdu/qwen-ffn-rom/rtl/ffn_tile_16x16_b4_reg.v:20$2784: $auto$alumacc.cc:399:replace_macc$2810
  creating $macc cell for $flatten\u_comb.$neg$/Users/toprakgundogdu/qwen-ffn-rom/rtl/ffn_tile_16x16_b4_reg.v:93$1082: $auto$alumacc.cc:399:replace_macc$2811
  creating $macc cell for $flatten\u_comb.$neg$/Users/toprakgundogdu/qwen-ffn-rom/rtl/ffn_tile_16x16_b4_reg.v:86$1099: $auto$alumacc.cc:399:replace_macc$2812
  creating $macc cell for $flatten\u_comb.$neg$/Users/toprakgundogdu/qwen-ffn-rom/rtl/ffn_tile_16x16_b4_reg.v:90$2177: $auto$alumacc.cc:399:replace_macc$2813
  creating $macc cell for $flatten\u_comb.\g_row[4].u_tree.$add$/Users/toprakgundogdu/qwen-ffn-rom/rtl/ffn_tile_16x16_b4_reg.v:20$2785: $auto$alumacc.cc:399:replace_macc$2814
  creating $macc cell for $flatten\u_comb.$neg$/Users/toprakgundogdu/qwen-ffn-rom/rtl/ffn_tile_16x16_b4_reg.v:86$2251: $auto$alumacc.cc:399:replace_macc$2815
  creating $macc cell for $flatten\u_comb.\g_row[14].u_tree.$add$/Users/toprakgundogdu/qwen-ffn-rom/rtl/ffn_tile_16x16_b4_reg.v:20$2784: $auto$alumacc.cc:399:replace_macc$2816
  creating $macc cell for $flatten\u_comb.\g_row[7].u_tree.$add$/Users/toprakgundogdu/qwen-ffn-rom/rtl/ffn_tile_16x16_b4_reg.v:20$2785: $auto$alumacc.cc:399:replace_macc$2817
  creating $macc cell for $flatten\u_comb.$neg$/Users/toprakgundogdu/qwen-ffn-rom/rtl/ffn_tile_16x16_b4_reg.v:90$1547: $auto$alumacc.cc:399:replace_macc$2818
  creating $macc cell for $flatten\u_comb.\g_row[12].u_tree.$add$/Users/toprakgundogdu/qwen-ffn-rom/rtl/ffn_tile_16x16_b4_reg.v:20$2785: $auto$alumacc.cc:399:replace_macc$2819
  creating $macc cell for $flatten\u_comb.$neg$/Users/toprakgundogdu/qwen-ffn-rom/rtl/ffn_tile_16x16_b4_reg.v:85$1906: $auto$alumacc.cc:399:replace_macc$2820
  creating $macc cell for $flatten\u_comb.\g_row[8].u_tree.$add$/Users/toprakgundogdu/qwen-ffn-rom/rtl/ffn_tile_16x16_b4_reg.v:20$2784: $auto$alumacc.cc:399:replace_macc$2821
  creating $macc cell for $flatten\u_comb.\g_row[2].u_tree.$add$/Users/toprakgundogdu/qwen-ffn-rom/rtl/ffn_tile_16x16_b4_reg.v:20$2785: $auto$alumacc.cc:399:replace_macc$2822
  creating $macc cell for $flatten\u_comb.$neg$/Users/toprakgundogdu/qwen-ffn-rom/rtl/ffn_tile_16x16_b4_reg.v:90$2119: $auto$alumacc.cc:399:replace_macc$2823
  creating $macc cell for $flatten\u_comb.\g_row[0].u_tree.$add$/Users/toprakgundogdu/qwen-ffn-rom/rtl/ffn_tile_16x16_b4_reg.v:20$2785: $auto$alumacc.cc:399:replace_macc$2824
  creating $macc cell for $flatten\u_comb.\g_row[10].u_tree.$add$/Users/toprakgundogdu/qwen-ffn-rom/rtl/ffn_tile_16x16_b4_reg.v:20$2784: $auto$alumacc.cc:399:replace_macc$2825
  creating $macc cell for $flatten\u_comb.$neg$/Users/toprakgundogdu/qwen-ffn-rom/rtl/ffn_tile_16x16_b4_reg.v:93$1515: $auto$alumacc.cc:399:replace_macc$2826
  creating $macc cell for $flatten\u_comb.\g_row[5].u_tree.$add$/Users/toprakgundogdu/qwen-ffn-rom/rtl/ffn_tile_16x16_b4_reg.v:20$2785: $auto$alumacc.cc:399:replace_macc$2827
  creating $macc cell for $flatten\u_comb.$neg$/Users/toprakgundogdu/qwen-ffn-rom/rtl/ffn_tile_16x16_b4_reg.v:86$1495: $auto$alumacc.cc:399:replace_macc$2828
  creating $macc cell for $flatten\u_comb.$neg$/Users/toprakgundogdu/qwen-ffn-rom/rtl/ffn_tile_16x16_b4_reg.v:90$1269: $auto$alumacc.cc:399:replace_macc$2829
  creating $macc cell for $flatten\u_comb.$neg$/Users/toprakgundogdu/qwen-ffn-rom/rtl/ffn_tile_16x16_b4_reg.v:86$2376: $auto$alumacc.cc:399:replace_macc$2830
  creating $macc cell for $flatten\u_comb.$neg$/Users/toprakgundogdu/qwen-ffn-rom/rtl/ffn_tile_16x16_b4_reg.v:86$2313: $auto$alumacc.cc:399:replace_macc$2831
  creating $macc cell for $flatten\u_comb.\g_row[1].u_tree.$add$/Users/toprakgundogdu/qwen-ffn-rom/rtl/ffn_tile_16x16_b4_reg.v:20$2785: $auto$alumacc.cc:399:replace_macc$2832
  creating $macc cell for $flatten\u_comb.$neg$/Users/toprakgundogdu/qwen-ffn-rom/rtl/ffn_tile_16x16_b4_reg.v:90$1058: $auto$alumacc.cc:399:replace_macc$2833
  creating $macc cell for $flatten\u_comb.$neg$/Users/toprakgundogdu/qwen-ffn-rom/rtl/ffn_tile_16x16_b4_reg.v:86$1164: $auto$alumacc.cc:399:replace_macc$2834
  creating $macc cell for $flatten\u_comb.\g_row[9].u_tree.$add$/Users/toprakgundogdu/qwen-ffn-rom/rtl/ffn_tile_16x16_b4_reg.v:20$2785: $auto$alumacc.cc:399:replace_macc$2835
  creating $macc cell for $flatten\u_comb.\g_row[3].u_tree.$add$/Users/toprakgundogdu/qwen-ffn-rom/rtl/ffn_tile_16x16_b4_reg.v:20$2785: $auto$alumacc.cc:399:replace_macc$2836
  creating $macc cell for $flatten\u_comb.$neg$/Users/toprakgundogdu/qwen-ffn-rom/rtl/ffn_tile_16x16_b4_reg.v:85$1285: $auto$alumacc.cc:399:replace_macc$2837
  creating $macc cell for $flatten\u_comb.$neg$/Users/toprakgundogdu/qwen-ffn-rom/rtl/ffn_tile_16x16_b4_reg.v:86$2363: $auto$alumacc.cc:399:replace_macc$2838
  creating $macc cell for $flatten\u_comb.$neg$/Users/toprakgundogdu/qwen-ffn-rom/rtl/ffn_tile_16x16_b4_reg.v:83$2162: $auto$alumacc.cc:399:replace_macc$2839
  creating $macc cell for $flatten\u_comb.\g_row[15].u_tree.$add$/Users/toprakgundogdu/qwen-ffn-rom/rtl/ffn_tile_16x16_b4_reg.v:20$2785: $auto$alumacc.cc:399:replace_macc$2840
  creating $macc cell for $flatten\u_comb.\g_row[6].u_tree.$add$/Users/toprakgundogdu/qwen-ffn-rom/rtl/ffn_tile_16x16_b4_reg.v:20$2784: $auto$alumacc.cc:399:replace_macc$2841
  creating $macc cell for $flatten\u_comb.$neg$/Users/toprakgundogdu/qwen-ffn-rom/rtl/ffn_tile_16x16_b4_reg.v:86$2332: $auto$alumacc.cc:399:replace_macc$2842
  creating $macc cell for $flatten\u_comb.\g_row[11].u_tree.$add$/Users/toprakgundogdu/qwen-ffn-rom/rtl/ffn_tile_16x16_b4_reg.v:20$2785: $auto$alumacc.cc:399:replace_macc$2843
  creating $alu cell for $flatten\u_comb.$sub$/Users/toprakgundogdu/qwen-ffn-rom/rtl/ffn_tile_16x16_b4_reg.v:80$1143: $auto$alumacc.cc:548:replace_alu$2844
  creating $alu cell for $flatten\u_comb.$add$/Users/toprakgundogdu/qwen-ffn-rom/rtl/ffn_tile_16x16_b4_reg.v:92$1996: $auto$alumacc.cc:548:replace_alu$2847
  creating $alu cell for $flatten\u_comb.$add$/Users/toprakgundogdu/qwen-ffn-rom/rtl/ffn_tile_16x16_b4_reg.v:94$1447: $auto$alumacc.cc:548:replace_alu$2850
  creating $alu cell for $flatten\u_comb.$add$/Users/toprakgundogdu/qwen-ffn-rom/rtl/ffn_tile_16x16_b4_reg.v:94$2035: $auto$alumacc.cc:548:replace_alu$2853
  creating $alu cell for $flatten\u_comb.$add$/Users/toprakgundogdu/qwen-ffn-rom/rtl/ffn_tile_16x16_b4_reg.v:94$957: $auto$alumacc.cc:548:replace_alu$2856
  creating $alu cell for $flatten\u_comb.$add$/Users/toprakgundogdu/qwen-ffn-rom/rtl/ffn_tile_16x16_b4_reg.v:90$1462: $auto$alumacc.cc:548:replace_alu$2859
  creating $alu cell for $flatten\u_comb.$sub$/Users/toprakgundogdu/qwen-ffn-rom/rtl/ffn_tile_16x16_b4_reg.v:80$2294: $auto$alumacc.cc:548:replace_alu$2862
  creating $alu cell for $flatten\u_comb.$sub$/Users/toprakgundogdu/qwen-ffn-rom/rtl/ffn_tile_16x16_b4_reg.v:84$2259: $auto$alumacc.cc:548:replace_alu$2865
  creating $alu cell for $flatten\u_comb.$add$/Users/toprakgundogdu/qwen-ffn-rom/rtl/ffn_tile_16x16_b4_reg.v:90$1479: $auto$alumacc.cc:548:replace_alu$2868
  creating $alu cell for $flatten\u_comb.$add$/Users/toprakgundogdu/qwen-ffn-rom/rtl/ffn_tile_16x16_b4_reg.v:90$2179: $auto$alumacc.cc:548:replace_alu$2871
  creating $alu cell for $flatten\u_comb.$sub$/Users/toprakgundogdu/qwen-ffn-rom/rtl/ffn_tile_16x16_b4_reg.v:82$1488: $auto$alumacc.cc:548:replace_alu$2874
  creating $alu cell for $flatten\u_comb.$add$/Users/toprakgundogdu/qwen-ffn-rom/rtl/ffn_tile_16x16_b4_reg.v:90$2121: $auto$alumacc.cc:548:replace_alu$2877
  creating $alu cell for $flatten\u_comb.$add$/Users/toprakgundogdu/qwen-ffn-rom/rtl/ffn_tile_16x16_b4_reg.v:93$1517: $auto$alumacc.cc:548:replace_alu$2880
  creating $alu cell for $flatten\u_comb.$sub$/Users/toprakgundogdu/qwen-ffn-rom/rtl/ffn_tile_16x16_b4_reg.v:82$924: $auto$alumacc.cc:548:replace_alu$2883
  creating $alu cell for $flatten\u_comb.$add$/Users/toprakgundogdu/qwen-ffn-rom/rtl/ffn_tile_16x16_b4_reg.v:93$2112: $auto$alumacc.cc:548:replace_alu$2886
  creating $alu cell for $flatten\u_comb.$add$/Users/toprakgundogdu/qwen-ffn-rom/rtl/ffn_tile_16x16_b4_reg.v:90$1540: $auto$alumacc.cc:548:replace_alu$2889
  creating $alu cell for $flatten\u_comb.$sub$/Users/toprakgundogdu/qwen-ffn-rom/rtl/ffn_tile_16x16_b4_reg.v:82$1413: $auto$alumacc.cc:548:replace_alu$2892
  creating $alu cell for $flatten\u_comb.$add$/Users/toprakgundogdu/qwen-ffn-rom/rtl/ffn_tile_16x16_b4_reg.v:90$1549: $auto$alumacc.cc:548:replace_alu$2895
  creating $alu cell for $flatten\u_comb.$sub$/Users/toprakgundogdu/qwen-ffn-rom/rtl/ffn_tile_16x16_b4_reg.v:80$2170: $auto$alumacc.cc:548:replace_alu$2898
  creating $alu cell for $flatten\u_comb.$add$/Users/toprakgundogdu/qwen-ffn-rom/rtl/ffn_tile_16x16_b4_reg.v:90$746: $auto$alumacc.cc:548:replace_alu$2901
  creating $alu cell for $flatten\u_comb.$add$/Users/toprakgundogdu/qwen-ffn-rom/rtl/ffn_tile_16x16_b4_reg.v:92$774: $auto$alumacc.cc:548:replace_alu$2904
  creating $alu cell for $flatten\u_comb.$sub$/Users/toprakgundogdu/qwen-ffn-rom/rtl/ffn_tile_16x16_b4_reg.v:84$1128: $auto$alumacc.cc:548:replace_alu$2907
  creating $alu cell for $flatten\u_comb.$add$/Users/toprakgundogdu/qwen-ffn-rom/rtl/ffn_tile_16x16_b4_reg.v:90$2415: $auto$alumacc.cc:548:replace_alu$2910
  creating $alu cell for $flatten\u_comb.$add$/Users/toprakgundogdu/qwen-ffn-rom/rtl/ffn_tile_16x16_b4_reg.v:94$1981: $auto$alumacc.cc:548:replace_alu$2913
  creating $alu cell for $flatten\u_comb.$add$/Users/toprakgundogdu/qwen-ffn-rom/rtl/ffn_tile_16x16_b4_reg.v:92$1074: $auto$alumacc.cc:548:replace_alu$2916
  creating $alu cell for $flatten\u_comb.$add$/Users/toprakgundogdu/qwen-ffn-rom/rtl/ffn_tile_16x16_b4_reg.v:94$1330: $auto$alumacc.cc:548:replace_alu$2919
  creating $alu cell for $flatten\u_comb.$add$/Users/toprakgundogdu/qwen-ffn-rom/rtl/ffn_tile_16x16_b4_reg.v:90$1438: $auto$alumacc.cc:548:replace_alu$2922
  creating $alu cell for $flatten\u_comb.$sub$/Users/toprakgundogdu/qwen-ffn-rom/rtl/ffn_tile_16x16_b4_reg.v:82$1023: $auto$alumacc.cc:548:replace_alu$2925
  creating $alu cell for $flatten\u_comb.$add$/Users/toprakgundogdu/qwen-ffn-rom/rtl/ffn_tile_16x16_b4_reg.v:90$2447: $auto$alumacc.cc:548:replace_alu$2928
  creating $alu cell for $flatten\u_comb.$sub$/Users/toprakgundogdu/qwen-ffn-rom/rtl/ffn_tile_16x16_b4_reg.v:82$2154: $auto$alumacc.cc:548:replace_alu$2931
  creating $alu cell for $flatten\u_comb.$sub$/Users/toprakgundogdu/qwen-ffn-rom/rtl/ffn_tile_16x16_b4_reg.v:84$1822: $auto$alumacc.cc:548:replace_alu$2934
  creating $alu cell for $flatten\u_comb.$add$/Users/toprakgundogdu/qwen-ffn-rom/rtl/ffn_tile_16x16_b4_reg.v:90$2200: $auto$alumacc.cc:548:replace_alu$2937
  creating $alu cell for $flatten\u_comb.$sub$/Users/toprakgundogdu/qwen-ffn-rom/rtl/ffn_tile_16x16_b4_reg.v:84$1315: $auto$alumacc.cc:548:replace_alu$2940
  creating $alu cell for $flatten\u_comb.$add$/Users/toprakgundogdu/qwen-ffn-rom/rtl/ffn_tile_16x16_b4_reg.v:90$1271: $auto$alumacc.cc:548:replace_alu$2943
  creating $alu cell for $flatten\u_comb.$add$/Users/toprakgundogdu/qwen-ffn-rom/rtl/ffn_tile_16x16_b4_reg.v:93$1084: $auto$alumacc.cc:548:replace_alu$2946
  creating $alu cell for $flatten\u_comb.$sub$/Users/toprakgundogdu/qwen-ffn-rom/rtl/ffn_tile_16x16_b4_reg.v:82$2495: $auto$alumacc.cc:548:replace_alu$2949
  creating $alu cell for $flatten\u_comb.$sub$/Users/toprakgundogdu/qwen-ffn-rom/rtl/ffn_tile_16x16_b4_reg.v:82$2463: $auto$alumacc.cc:548:replace_alu$2952
  created 37 $alu and 39 $macc cells.

7.13. Executing SHARE pass (SAT-based resource sharing).

7.14. Executing OPT pass (performing simple optimizations).

7.14.1. Executing OPT_EXPR pass (perform const folding).
Optimizing module ffn_tile_reg.

7.14.2. Executing OPT_MERGE pass (detect identical cells).
Finding identical cells in module `\ffn_tile_reg'.
Computing hashes of 307 cells of `\ffn_tile_reg'.
Finding duplicate cells in `\ffn_tile_reg'.
Removed a total of 0 cells.

7.14.3. Executing OPT_MUXTREE pass (detect dead branches in mux trees).
Running muxtree optimizer on module \ffn_tile_reg..
  Creating internal representation of mux trees.
  No muxes found in this module.
Removed 0 multiplexer ports.

7.14.4. Executing OPT_REDUCE pass (consolidate $*mux and $reduce_* inputs).
  Optimizing cells in module \ffn_tile_reg.
Performed a total of 0 changes.

7.14.5. Executing OPT_MERGE pass (detect identical cells).
Finding identical cells in module `\ffn_tile_reg'.
Computing hashes of 307 cells of `\ffn_tile_reg'.
Finding duplicate cells in `\ffn_tile_reg'.
Removed a total of 0 cells.

7.14.6. Executing OPT_DFF pass (perform DFF optimizations).

7.14.7. Executing OPT_CLEAN pass (remove unused cells and wires).
Finding unused cells or wires in module \ffn_tile_reg..
Removed 212 unused cells and 278 unused wires.
<suppressed ~279 debug messages>

7.14.8. Executing OPT_EXPR pass (perform const folding).
Optimizing module ffn_tile_reg.

7.14.9. Rerunning OPT passes. (Maybe there is more to do..)

7.14.10. Executing OPT_MUXTREE pass (detect dead branches in mux trees).
Running muxtree optimizer on module \ffn_tile_reg..
  Creating internal representation of mux trees.
  No muxes found in this module.
Removed 0 multiplexer ports.

7.14.11. Executing OPT_REDUCE pass (consolidate $*mux and $reduce_* inputs).
  Optimizing cells in module \ffn_tile_reg.
Performed a total of 0 changes.

7.14.12. Executing OPT_MERGE pass (detect identical cells).
Finding identical cells in module `\ffn_tile_reg'.
Computing hashes of 95 cells of `\ffn_tile_reg'.
Finding duplicate cells in `\ffn_tile_reg'.
Removed a total of 0 cells.

7.14.13. Executing OPT_DFF pass (perform DFF optimizations).

7.14.14. Executing OPT_CLEAN pass (remove unused cells and wires).
Finding unused cells or wires in module \ffn_tile_reg..

7.14.15. Executing OPT_EXPR pass (perform const folding).
Optimizing module ffn_tile_reg.

7.14.16. Finished fast OPT passes. (There is nothing left to do.)

7.15. Executing MEMORY pass.

7.15.1. Executing OPT_MEM pass (optimize memories).
Performed a total of 0 transformations.

7.15.2. Executing OPT_MEM_PRIORITY pass (removing unnecessary memory write priority relations).
Performed a total of 0 transformations.

7.15.3. Executing OPT_MEM_FEEDBACK pass (finding memory read-to-write feedback paths).

7.15.4. Executing MEMORY_BMUX2ROM pass (converting muxes to ROMs).

7.15.5. Executing MEMORY_DFF pass (merging $dff cells to $memrd).

7.15.6. Executing OPT_CLEAN pass (remove unused cells and wires).
Finding unused cells or wires in module \ffn_tile_reg..

7.15.7. Executing MEMORY_SHARE pass (consolidating $memrd/$memwr cells).

7.15.8. Executing OPT_MEM_WIDEN pass (optimize memories where all ports are wide).
Performed a total of 0 transformations.

7.15.9. Executing OPT_CLEAN pass (remove unused cells and wires).
Finding unused cells or wires in module \ffn_tile_reg..

7.15.10. Executing MEMORY_COLLECT pass (generating $mem cells).

7.16. Executing OPT_CLEAN pass (remove unused cells and wires).
Finding unused cells or wires in module \ffn_tile_reg..

7.17. Executing OPT pass (performing simple optimizations).

7.17.1. Executing OPT_EXPR pass (perform const folding).
Optimizing module ffn_tile_reg.
<suppressed ~229 debug messages>

7.17.2. Executing OPT_MERGE pass (detect identical cells).
Finding identical cells in module `\ffn_tile_reg'.
Computing hashes of 126 cells of `\ffn_tile_reg'.
Finding duplicate cells in `\ffn_tile_reg'.
Computing hashes of 122 cells of `\ffn_tile_reg'.
Finding duplicate cells in `\ffn_tile_reg'.
<suppressed ~12 debug messages>
Removed a total of 4 cells.

7.17.3. Executing OPT_DFF pass (perform DFF optimizations).

7.17.4. Executing OPT_CLEAN pass (remove unused cells and wires).
Finding unused cells or wires in module \ffn_tile_reg..
Removed 27 unused cells and 31 unused wires.
<suppressed ~28 debug messages>

7.17.5. Finished fast OPT passes.

7.18. Executing MEMORY_MAP pass (converting memories to logic and flip-flops).

7.19. Executing OPT pass (performing simple optimizations).

7.19.1. Executing OPT_EXPR pass (perform const folding).
Optimizing module ffn_tile_reg.

7.19.2. Executing OPT_MERGE pass (detect identical cells).
Finding identical cells in module `\ffn_tile_reg'.
Computing hashes of 95 cells of `\ffn_tile_reg'.
Finding duplicate cells in `\ffn_tile_reg'.
Removed a total of 0 cells.

7.19.3. Executing OPT_MUXTREE pass (detect dead branches in mux trees).
Running muxtree optimizer on module \ffn_tile_reg..
  Creating internal representation of mux trees.
  No muxes found in this module.
Removed 0 multiplexer ports.

7.19.4. Executing OPT_REDUCE pass (consolidate $*mux and $reduce_* inputs).
  Optimizing cells in module \ffn_tile_reg.
Performed a total of 0 changes.

7.19.5. Executing OPT_MERGE pass (detect identical cells).
Finding identical cells in module `\ffn_tile_reg'.
Computing hashes of 95 cells of `\ffn_tile_reg'.
Finding duplicate cells in `\ffn_tile_reg'.
Removed a total of 0 cells.

7.19.6. Executing OPT_SHARE pass.

7.19.7. Executing OPT_DFF pass (perform DFF optimizations).

7.19.8. Executing OPT_CLEAN pass (remove unused cells and wires).
Finding unused cells or wires in module \ffn_tile_reg..

7.19.9. Executing OPT_EXPR pass (perform const folding).
Optimizing module ffn_tile_reg.

7.19.10. Finished fast OPT passes. (There is nothing left to do.)

7.20. Executing TECHMAP pass (map to technology primitives).

7.20.1. Executing Verilog-2005 frontend: /opt/homebrew/bin/../share/yosys/techmap.v
Parsing Verilog input from `/opt/homebrew/bin/../share/yosys/techmap.v' to AST representation.
Generating RTLIL representation for module `\_90_simplemap_bool_ops'.
Generating RTLIL representation for module `\_90_simplemap_reduce_ops'.
Generating RTLIL representation for module `\_90_simplemap_logic_ops'.
Generating RTLIL representation for module `\_90_simplemap_compare_ops'.
Generating RTLIL representation for module `\_90_simplemap_various'.
Generating RTLIL representation for module `\_90_simplemap_registers'.
Generating RTLIL representation for module `\_90_shift_ops_shr_shl_sshl_sshr'.
Generating RTLIL representation for module `\_90_shift_shiftx'.
Generating RTLIL representation for module `\_90_fa'.
Generating RTLIL representation for module `\_90_lcu_brent_kung'.
Generating RTLIL representation for module `\_90_alu'.
Generating RTLIL representation for module `\_90_macc'.
Generating RTLIL representation for module `\_90_alumacc'.
Generating RTLIL representation for module `$__div_mod_u'.
Generating RTLIL representation for module `$__div_mod_trunc'.
Generating RTLIL representation for module `\_90_div'.
Generating RTLIL representation for module `\_90_mod'.
Generating RTLIL representation for module `$__div_mod_floor'.
Generating RTLIL representation for module `\_90_divfloor'.
Generating RTLIL representation for module `\_90_modfloor'.
Generating RTLIL representation for module `\_90_pow'.
Generating RTLIL representation for module `\_90_demux'.
Generating RTLIL representation for module `\_90_lut'.
Generating RTLIL representation for module `$connect'.
Generating RTLIL representation for module `$input_port'.
Successfully finished Verilog frontend.

7.20.2. Continuing TECHMAP pass.
Using template $paramod$c6d197d8767d5e7f567fab59c9b3b537bafbfd3f\_90_alu for cells of type $alu.
Using template $paramod$dacab66a6fbbff7c4c5c7c74cefcccef3d693852\_90_alu for cells of type $alu.
Using template $paramod$5404fad1a86b446f39b010a8ce9b5ebc058574c5\_90_alu for cells of type $alu.
Using template $paramod$ee20ab661f87f98eba28aaa1ec929184381c78cd\_90_alu for cells of type $alu.
Using template $paramod$b059518bd14239599641bcf9a2b79c7685dc5b9d\_90_alu for cells of type $alu.
Using template $paramod$849d4e5c6d106040c6b0c8c0c1a1eb3c3ae1ba82\_90_alu for cells of type $alu.
Using extmapper maccmap for cells of type $macc_v2.
  add \x_q [7:0] (8 bits, signed)
  add { \x_q [127:120] 2'00 } (10 bits, signed)
  add \u_comb.csd_mul4$func$/Users/toprakgundogdu/qwen-ffn-rom/rtl/ffn_tile_16x16_b4_reg.v:115$289.$result (12 bits, signed)
  add \u_comb.csd_mul4$func$/Users/toprakgundogdu/qwen-ffn-rom/rtl/ffn_tile_16x16_b4_reg.v:115$320.$result (12 bits, signed)
  add { \x_q [103:96] 2'00 } (10 bits, signed)
  add { \u_comb.csd_mul4$func$/Users/toprakgundogdu/qwen-ffn-rom/rtl/ffn_tile_16x16_b4_reg.v:115$174.$result [10:2] \x_q [89:88] } (11 bits, signed)
  add \u_comb.csd_mul4$func$/Users/toprakgundogdu/qwen-ffn-rom/rtl/ffn_tile_16x16_b4_reg.v:115$317.$result (12 bits, signed)
  add { \u_comb.csd_mul4$func$/Users/toprakgundogdu/qwen-ffn-rom/rtl/ffn_tile_16x16_b4_reg.v:115$316.$result [11:3] \u_comb.csd_mul4$func$/Users/toprakgundogdu/qwen-ffn-rom/rtl/ffn_tile_16x16_b4_reg.v:115$300.$result [2:0] } (12 bits, signed)
  add { \x_q [71:64] 2'00 } (10 bits, signed)
  add \u_comb.csd_mul4$func$/Users/toprakgundogdu/qwen-ffn-rom/rtl/ffn_tile_16x16_b4_reg.v:115$136.$result (12 bits, signed)
  add { \x_q [31:24] 1'0 } (9 bits, signed)
  add { \u_comb.csd_mul4$func$/Users/toprakgundogdu/qwen-ffn-rom/rtl/ffn_tile_16x16_b4_reg.v:115$293.$result [10:2] \x_q [17:16] } (11 bits, signed)
  sub \x_q [15:8] (8 bits, signed)
  sub \x_q [79:72] (8 bits, signed)
  add { \u_comb.csd_mul4$func$/Users/toprakgundogdu/qwen-ffn-rom/rtl/ffn_tile_16x16_b4_reg.v:115$227.$result [11:3] \u_comb.csd_mul4$func$/Users/toprakgundogdu/qwen-ffn-rom/rtl/ffn_tile_16x16_b4_reg.v:115$163.$result [2:0] } (12 bits, signed)
  add { \u_comb.csd_mul4$func$/Users/toprakgundogdu/qwen-ffn-rom/rtl/ffn_tile_16x16_b4_reg.v:115$241.$result [11:3] \u_comb.csd_mul4$func$/Users/toprakgundogdu/qwen-ffn-rom/rtl/ffn_tile_16x16_b4_reg.v:115$177.$result [2:0] } (12 bits, signed)
  add { \u_comb.csd_mul4$func$/Users/toprakgundogdu/qwen-ffn-rom/rtl/ffn_tile_16x16_b4_reg.v:115$240.$result [11:2] \u_comb.csd_mul4$func$/Users/toprakgundogdu/qwen-ffn-rom/rtl/ffn_tile_16x16_b4_reg.v:115$176.$result [1:0] } (12 bits, signed)
  add \u_comb.csd_mul4$func$/Users/toprakgundogdu/qwen-ffn-rom/rtl/ffn_tile_16x16_b4_reg.v:115$239.$result (12 bits, signed)
  add \u_comb.csd_mul4$func$/Users/toprakgundogdu/qwen-ffn-rom/rtl/ffn_tile_16x16_b4_reg.v:115$238.$result (12 bits, signed)
  add { \u_comb.csd_mul4$func$/Users/toprakgundogdu/qwen-ffn-rom/rtl/ffn_tile_16x16_b4_reg.v:115$237.$result [11:2] \u_comb.csd_mul4$func$/Users/toprakgundogdu/qwen-ffn-rom/rtl/ffn_tile_16x16_b4_reg.v:115$317.$result [1:0] } (12 bits, signed)
  add { \x_q [79:72] 1'0 } (9 bits, signed)
  add { \x_q [71:64] 1'0 } (9 bits, signed)
  add \x_q [63:56] (8 bits, signed)
  add \u_comb.csd_mul4$func$/Users/toprakgundogdu/qwen-ffn-rom/rtl/ffn_tile_16x16_b4_reg.v:115$233.$result (12 bits, signed)
  add \x_q [47:40] (8 bits, signed)
  add { \x_q [39:32] 1'0 } (9 bits, signed)
  add { \u_comb.csd_mul4$func$/Users/toprakgundogdu/qwen-ffn-rom/rtl/ffn_tile_16x16_b4_reg.v:115$198.$result [10:2] \x_q [25:24] } (11 bits, signed)
  add \x_q [23:16] (8 bits, signed)
  add { \x_q [15:8] 1'0 } (9 bits, signed)
  sub { \x_q [39:32] 3'000 } (11 bits, signed)
  sub { \x_q [63:56] 2'00 } (10 bits, signed)
  packed 2 (1) bits / 1 words into adder tree
  add \u_comb.csd_mul4$func$/Users/toprakgundogdu/qwen-ffn-rom/rtl/ffn_tile_16x16_b4_reg.v:115$163.$result (12 bits, signed)
  add { \u_comb.csd_mul4$func$/Users/toprakgundogdu/qwen-ffn-rom/rtl/ffn_tile_16x16_b4_reg.v:115$386.$result [11:2] \u_comb.csd_mul4$func$/Users/toprakgundogdu/qwen-ffn-rom/rtl/ffn_tile_16x16_b4_reg.v:115$194.$result [1:0] } (12 bits, signed)
  add { \u_comb.csd_mul4$func$/Users/toprakgundogdu/qwen-ffn-rom/rtl/ffn_tile_16x16_b4_reg.v:115$353.$result [10:2] \x_q [113:112] } (11 bits, signed)
  add { \x_q [111:104] 1'0 } (9 bits, signed)
  add { \u_comb.csd_mul4$func$/Users/toprakgundogdu/qwen-ffn-rom/rtl/ffn_tile_16x16_b4_reg.v:115$191.$result [10:2] \x_q [97:96] } (11 bits, signed)
  add { \u_comb.csd_mul4$func$/Users/toprakgundogdu/qwen-ffn-rom/rtl/ffn_tile_16x16_b4_reg.v:115$382.$result [11:2] \u_comb.csd_mul4$func$/Users/toprakgundogdu/qwen-ffn-rom/rtl/ffn_tile_16x16_b4_reg.v:115$158.$result [1:0] } (12 bits, signed)
  add \u_comb.csd_mul4$func$/Users/toprakgundogdu/qwen-ffn-rom/rtl/ffn_tile_16x16_b4_reg.v:115$317.$result (12 bits, signed)
  add { \u_comb.csd_mul4$func$/Users/toprakgundogdu/qwen-ffn-rom/rtl/ffn_tile_16x16_b4_reg.v:115$380.$result [11:2] \u_comb.csd_mul4$func$/Users/toprakgundogdu/qwen-ffn-rom/rtl/ffn_tile_16x16_b4_reg.v:115$300.$result [1:0] } (12 bits, signed)
  add \u_comb.csd_mul4$func$/Users/toprakgundogdu/qwen-ffn-rom/rtl/ffn_tile_16x16_b4_reg.v:115$203.$result (12 bits, signed)
  add \u_comb.csd_mul4$func$/Users/toprakgundogdu/qwen-ffn-rom/rtl/ffn_tile_16x16_b4_reg.v:115$378.$result (12 bits, signed)
  add \u_comb.csd_mul4$func$/Users/toprakgundogdu/qwen-ffn-rom/rtl/ffn_tile_16x16_b4_reg.v:115$329.$result (12 bits, signed)
  add { \u_comb.csd_mul4$func$/Users/toprakgundogdu/qwen-ffn-rom/rtl/ffn_tile_16x16_b4_reg.v:115$376.$result [11:2] \u_comb.csd_mul4$func$/Users/toprakgundogdu/qwen-ffn-rom/rtl/ffn_tile_16x16_b4_reg.v:115$136.$result [1:0] } (12 bits, signed)
  add \x_q [39:32] (8 bits, signed)
  add { \u_comb.csd_mul4$func$/Users/toprakgundogdu/qwen-ffn-rom/rtl/ffn_tile_16x16_b4_reg.v:115$150.$result [10:2] \x_q [25:24] } (11 bits, signed)
  add { \u_comb.csd_mul4$func$/Users/toprakgundogdu/qwen-ffn-rom/rtl/ffn_tile_16x16_b4_reg.v:115$341.$result [11:3] \x_q [18:16] } (12 bits, signed)
  add \u_comb.csd_mul4$func$/Users/toprakgundogdu/qwen-ffn-rom/rtl/ffn_tile_16x16_b4_reg.v:115$148.$result (12 bits, signed)
  sub { \x_q [15:8] 2'00 } (10 bits, signed)
  sub \x_q [119:112] (8 bits, signed)
  sub { \x_q [79:72] 1'0 } (9 bits, signed)
  add { \x_q [7:0] 1'0 } (9 bits, signed)
  add \u_comb.csd_mul4$func$/Users/toprakgundogdu/qwen-ffn-rom/rtl/ffn_tile_16x16_b4_reg.v:115$194.$result (12 bits, signed)
  add \x_q [119:112] (8 bits, signed)
  add { \u_comb.csd_mul4$func$/Users/toprakgundogdu/qwen-ffn-rom/rtl/ffn_tile_16x16_b4_reg.v:115$192.$result [11:3] \u_comb.csd_mul4$func$/Users/toprakgundogdu/qwen-ffn-rom/rtl/ffn_tile_16x16_b4_reg.v:115$320.$result [2:0] } (12 bits, signed)
  add { \u_comb.csd_mul4$func$/Users/toprakgundogdu/qwen-ffn-rom/rtl/ffn_tile_16x16_b4_reg.v:115$191.$result [10:2] \x_q [97:96] } (11 bits, signed)
  add { \u_comb.csd_mul4$func$/Users/toprakgundogdu/qwen-ffn-rom/rtl/ffn_tile_16x16_b4_reg.v:115$189.$result [11:2] \u_comb.csd_mul4$func$/Users/toprakgundogdu/qwen-ffn-rom/rtl/ffn_tile_16x16_b4_reg.v:115$317.$result [1:0] } (12 bits, signed)
  add \x_q [79:72] (8 bits, signed)
  add \x_q [71:64] (8 bits, signed)
  add \x_q [63:56] (8 bits, signed)
  add \x_q [55:48] (8 bits, signed)
  add { \u_comb.csd_mul4$func$/Users/toprakgundogdu/qwen-ffn-rom/rtl/ffn_tile_16x16_b4_reg.v:115$184.$result [11:2] \u_comb.csd_mul4$func$/Users/toprakgundogdu/qwen-ffn-rom/rtl/ffn_tile_16x16_b4_reg.v:115$136.$result [1:0] } (12 bits, signed)
  sub { \x_q [39:32] 1'0 } (9 bits, signed)
  add { \u_comb.csd_mul4$func$/Users/toprakgundogdu/qwen-ffn-rom/rtl/ffn_tile_16x16_b4_reg.v:115$182.$result [11:3] \x_q [26:24] } (12 bits, signed)
  add { \x_q [23:16] 1'0 } (9 bits, signed)
  add { \x_q [15:8] 2'00 } (10 bits, signed)
  sub { \x_q [55:48] 3'000 } (11 bits, signed)
  add { \x_q [71:64] 2'00 } (10 bits, signed)
  add { \x_q [119:112] 2'00 } (10 bits, signed)
  add { \x_q [7:0] 1'0 } (9 bits, signed)
  add \x_q [127:120] (8 bits, signed)
  add \u_comb.csd_mul4$func$/Users/toprakgundogdu/qwen-ffn-rom/rtl/ffn_tile_16x16_b4_reg.v:115$289.$result (12 bits, signed)
  add { \u_comb.csd_mul4$func$/Users/toprakgundogdu/qwen-ffn-rom/rtl/ffn_tile_16x16_b4_reg.v:115$240.$result [11:2] \u_comb.csd_mul4$func$/Users/toprakgundogdu/qwen-ffn-rom/rtl/ffn_tile_16x16_b4_reg.v:115$176.$result [1:0] } (12 bits, signed)
  add { \u_comb.csd_mul4$func$/Users/toprakgundogdu/qwen-ffn-rom/rtl/ffn_tile_16x16_b4_reg.v:115$191.$result [10:2] \x_q [97:96] } (11 bits, signed)
  add { \u_comb.csd_mul4$func$/Users/toprakgundogdu/qwen-ffn-rom/rtl/ffn_tile_16x16_b4_reg.v:115$174.$result [10:2] \x_q [89:88] } (11 bits, signed)
  add \x_q [87:80] (8 bits, signed)
  add \x_q [79:72] (8 bits, signed)
  add \u_comb.csd_mul4$func$/Users/toprakgundogdu/qwen-ffn-rom/rtl/ffn_tile_16x16_b4_reg.v:115$282.$result (12 bits, signed)
  add \x_q [55:48] (8 bits, signed)
  add \u_comb.csd_mul4$func$/Users/toprakgundogdu/qwen-ffn-rom/rtl/ffn_tile_16x16_b4_reg.v:115$136.$result (12 bits, signed)
  sub { \x_q [31:24] 1'0 } (9 bits, signed)
  add \x_q [15:8] (8 bits, signed)
  sub { \x_q [87:80] 3'000 } (11 bits, signed)
  packed 2 (1) bits / 1 words into adder tree
  sub \x_q [71:64] (8 bits, signed)
  sub \x_q [87:80] (8 bits, signed)
  add \x_q [7:0] (8 bits, signed)
  add { \x_q [127:120] 1'0 } (9 bits, signed)
  add { \u_comb.csd_mul4$func$/Users/toprakgundogdu/qwen-ffn-rom/rtl/ffn_tile_16x16_b4_reg.v:115$159.$result [11:2] \u_comb.csd_mul4$func$/Users/toprakgundogdu/qwen-ffn-rom/rtl/ffn_tile_16x16_b4_reg.v:115$271.$result [1:0] } (12 bits, signed)
  add \u_comb.csd_mul4$func$/Users/toprakgundogdu/qwen-ffn-rom/rtl/ffn_tile_16x16_b4_reg.v:115$158.$result (12 bits, signed)
  add \x_q [87:80] (8 bits, signed)
  add \x_q [79:72] (8 bits, signed)
  add { \x_q [71:64] 1'0 } (9 bits, signed)
  add { \u_comb.csd_mul4$func$/Users/toprakgundogdu/qwen-ffn-rom/rtl/ffn_tile_16x16_b4_reg.v:115$152.$result [11:3] \x_q [42:40] } (12 bits, signed)
  add \u_comb.csd_mul4$func$/Users/toprakgundogdu/qwen-ffn-rom/rtl/ffn_tile_16x16_b4_reg.v:115$151.$result (12 bits, signed)
  add { \u_comb.csd_mul4$func$/Users/toprakgundogdu/qwen-ffn-rom/rtl/ffn_tile_16x16_b4_reg.v:115$150.$result [10:2] \x_q [25:24] } (11 bits, signed)
  add \x_q [23:16] (8 bits, signed)
  add \u_comb.csd_mul4$func$/Users/toprakgundogdu/qwen-ffn-rom/rtl/ffn_tile_16x16_b4_reg.v:115$148.$result (12 bits, signed)
  sub \x_q [55:48] (8 bits, signed)
  sub \x_q [7:0] (8 bits, signed)
  sub \x_q [63:56] (8 bits, signed)
  sub \x_q [39:32] (8 bits, signed)
  add { \x_q [7:0] 1'0 } (9 bits, signed)
  add { \u_comb.csd_mul4$func$/Users/toprakgundogdu/qwen-ffn-rom/rtl/ffn_tile_16x16_b4_reg.v:115$226.$result [11:3] \u_comb.csd_mul4$func$/Users/toprakgundogdu/qwen-ffn-rom/rtl/ffn_tile_16x16_b4_reg.v:115$194.$result [2:0] } (12 bits, signed)
  add { \u_comb.csd_mul4$func$/Users/toprakgundogdu/qwen-ffn-rom/rtl/ffn_tile_16x16_b4_reg.v:115$224.$result [10:2] \x_q [105:104] } (11 bits, signed)
  add { \x_q [95:88] 1'0 } (9 bits, signed)
  add { \x_q [87:80] 2'00 } (10 bits, signed)
  add \u_comb.csd_mul4$func$/Users/toprakgundogdu/qwen-ffn-rom/rtl/ffn_tile_16x16_b4_reg.v:115$220.$result (12 bits, signed)
  add \x_q [71:64] (8 bits, signed)
  add { \u_comb.csd_mul4$func$/Users/toprakgundogdu/qwen-ffn-rom/rtl/ffn_tile_16x16_b4_reg.v:115$218.$result [11:2] \u_comb.csd_mul4$func$/Users/toprakgundogdu/qwen-ffn-rom/rtl/ffn_tile_16x16_b4_reg.v:115$282.$result [1:0] } (12 bits, signed)
  add { \x_q [55:48] 1'0 } (9 bits, signed)
  add \u_comb.csd_mul4$func$/Users/toprakgundogdu/qwen-ffn-rom/rtl/ffn_tile_16x16_b4_reg.v:115$136.$result (12 bits, signed)
  add \x_q [39:32] (8 bits, signed)
  add { \x_q [31:24] 2'00 } (10 bits, signed)
  add \u_comb.csd_mul4$func$/Users/toprakgundogdu/qwen-ffn-rom/rtl/ffn_tile_16x16_b4_reg.v:115$213.$result (12 bits, signed)
  sub { \x_q [95:88] 3'000 } (11 bits, signed)
  sub { \x_q [63:56] 1'0 } (9 bits, signed)
  sub { \x_q [7:0] 2'00 } (10 bits, signed)
  add \u_comb.csd_mul4$func$/Users/toprakgundogdu/qwen-ffn-rom/rtl/ffn_tile_16x16_b4_reg.v:115$289.$result (12 bits, signed)
  add \x_q [111:104] (8 bits, signed)
  add \u_comb.csd_mul4$func$/Users/toprakgundogdu/qwen-ffn-rom/rtl/ffn_tile_16x16_b4_reg.v:115$239.$result (12 bits, signed)
  add \u_comb.csd_mul4$func$/Users/toprakgundogdu/qwen-ffn-rom/rtl/ffn_tile_16x16_b4_reg.v:115$300.$result (12 bits, signed)
  add \x_q [71:64] (8 bits, signed)
  add \x_q [63:56] (8 bits, signed)
  add \x_q [55:48] (8 bits, signed)
  add { \x_q [39:32] 1'0 } (9 bits, signed)
  add \x_q [31:24] (8 bits, signed)
  add { \u_comb.csd_mul4$func$/Users/toprakgundogdu/qwen-ffn-rom/rtl/ffn_tile_16x16_b4_reg.v:115$293.$result [10:2] \x_q [17:16] } (11 bits, signed)
  add \u_comb.csd_mul4$func$/Users/toprakgundogdu/qwen-ffn-rom/rtl/ffn_tile_16x16_b4_reg.v:115$148.$result (12 bits, signed)
  sub { \x_q [55:48] 2'00 } (10 bits, signed)
  sub { \x_q [63:56] 3'000 } (11 bits, signed)
  sub { \x_q [71:64] 2'00 } (10 bits, signed)
  packed 4 (1) bits / 1 words into adder tree
  add \x_q [15:8] (8 bits, signed)
  add { \u_comb.csd_mul4$func$/Users/toprakgundogdu/qwen-ffn-rom/rtl/ffn_tile_16x16_b4_reg.v:115$146.$result [11:2] \u_comb.csd_mul4$func$/Users/toprakgundogdu/qwen-ffn-rom/rtl/ffn_tile_16x16_b4_reg.v:115$194.$result [1:0] } (12 bits, signed)
  add \x_q [119:112] (8 bits, signed)
  add \x_q [111:104] (8 bits, signed)
  add \x_q [103:96] (8 bits, signed)
  add \x_q [79:72] (8 bits, signed)
  add \x_q [63:56] (8 bits, signed)
  add \x_q [55:48] (8 bits, signed)
  add \u_comb.csd_mul4$func$/Users/toprakgundogdu/qwen-ffn-rom/rtl/ffn_tile_16x16_b4_reg.v:115$136.$result (12 bits, signed)
  add \x_q [39:32] (8 bits, signed)
  add \x_q [31:24] (8 bits, signed)
  add \x_q [23:16] (8 bits, signed)
  sub { \x_q [15:8] 2'00 } (10 bits, signed)
  sub { \x_q [39:32] 3'000 } (11 bits, signed)
  packed 2 (1) bits / 1 words into adder tree
  sub \x_q [103:96] (8 bits, signed)
  add \u_comb.csd_mul4$func$/Users/toprakgundogdu/qwen-ffn-rom/rtl/ffn_tile_16x16_b4_reg.v:115$163.$result (12 bits, signed)
  add \x_q [127:120] (8 bits, signed)
  add \u_comb.csd_mul4$func$/Users/toprakgundogdu/qwen-ffn-rom/rtl/ffn_tile_16x16_b4_reg.v:115$177.$result (12 bits, signed)
  add \u_comb.csd_mul4$func$/Users/toprakgundogdu/qwen-ffn-rom/rtl/ffn_tile_16x16_b4_reg.v:115$176.$result (12 bits, signed)
  add { \u_comb.csd_mul4$func$/Users/toprakgundogdu/qwen-ffn-rom/rtl/ffn_tile_16x16_b4_reg.v:115$175.$result [11:3] \u_comb.csd_mul4$func$/Users/toprakgundogdu/qwen-ffn-rom/rtl/ffn_tile_16x16_b4_reg.v:115$271.$result [2:0] } (12 bits, signed)
  add { \u_comb.csd_mul4$func$/Users/toprakgundogdu/qwen-ffn-rom/rtl/ffn_tile_16x16_b4_reg.v:115$174.$result [10:2] \x_q [89:88] } (11 bits, signed)
  add \x_q [87:80] (8 bits, signed)
  add \x_q [79:72] (8 bits, signed)
  add { \u_comb.csd_mul4$func$/Users/toprakgundogdu/qwen-ffn-rom/rtl/ffn_tile_16x16_b4_reg.v:115$171.$result [11:2] \u_comb.csd_mul4$func$/Users/toprakgundogdu/qwen-ffn-rom/rtl/ffn_tile_16x16_b4_reg.v:115$203.$result [1:0] } (12 bits, signed)
  add { \x_q [63:56] 1'0 } (9 bits, signed)
  add \x_q [55:48] (8 bits, signed)
  sub { \x_q [47:40] 2'00 } (10 bits, signed)
  add { \x_q [39:32] 2'00 } (10 bits, signed)
  add { \x_q [31:24] 1'0 } (9 bits, signed)
  add { \x_q [23:16] 1'0 } (9 bits, signed)
  add { \x_q [15:8] 2'00 } (10 bits, signed)
  sub { \x_q [31:24] 3'000 } (11 bits, signed)
  sub { \x_q [63:56] 3'000 } (11 bits, signed)
  add { \x_q [79:72] 2'00 } (10 bits, signed)
  sub { \x_q [87:80] 2'00 } (10 bits, signed)
  packed 4 (1) bits / 1 words into adder tree
  add \x_q [7:0] (8 bits, signed)
  add \x_q [119:112] (8 bits, signed)
  add \u_comb.csd_mul4$func$/Users/toprakgundogdu/qwen-ffn-rom/rtl/ffn_tile_16x16_b4_reg.v:115$271.$result (12 bits, signed)
  add \x_q [95:88] (8 bits, signed)
  add { \x_q [87:80] 2'00 } (10 bits, signed)
  add \u_comb.csd_mul4$func$/Users/toprakgundogdu/qwen-ffn-rom/rtl/ffn_tile_16x16_b4_reg.v:115$220.$result (12 bits, signed)
  add { \x_q [55:48] 2'00 } (10 bits, signed)
  add \x_q [47:40] (8 bits, signed)
  add { \u_comb.csd_mul4$func$/Users/toprakgundogdu/qwen-ffn-rom/rtl/ffn_tile_16x16_b4_reg.v:115$198.$result [10:2] \x_q [25:24] } (11 bits, signed)
  sub { \x_q [7:0] 3'000 } (11 bits, signed)
  sub { \x_q [95:88] 2'00 } (10 bits, signed)
  sub { \x_q [119:112] 1'0 } (9 bits, signed)
  add { \u_comb.csd_mul4$func$/Users/toprakgundogdu/qwen-ffn-rom/rtl/ffn_tile_16x16_b4_reg.v:115$227.$result [11:3] \u_comb.csd_mul4$func$/Users/toprakgundogdu/qwen-ffn-rom/rtl/ffn_tile_16x16_b4_reg.v:115$163.$result [2:0] } (12 bits, signed)
  sub { \x_q [127:120] 1'0 } (9 bits, signed)
  sub { \x_q [119:112] 2'00 } (10 bits, signed)
  add \u_comb.csd_mul4$func$/Users/toprakgundogdu/qwen-ffn-rom/rtl/ffn_tile_16x16_b4_reg.v:115$320.$result (12 bits, signed)
  add { \u_comb.csd_mul4$func$/Users/toprakgundogdu/qwen-ffn-rom/rtl/ffn_tile_16x16_b4_reg.v:115$159.$result [11:2] \u_comb.csd_mul4$func$/Users/toprakgundogdu/qwen-ffn-rom/rtl/ffn_tile_16x16_b4_reg.v:115$271.$result [1:0] } (12 bits, signed)
  add { \u_comb.csd_mul4$func$/Users/toprakgundogdu/qwen-ffn-rom/rtl/ffn_tile_16x16_b4_reg.v:115$334.$result [11:3] \u_comb.csd_mul4$func$/Users/toprakgundogdu/qwen-ffn-rom/rtl/ffn_tile_16x16_b4_reg.v:115$238.$result [2:0] } (12 bits, signed)
  add \u_comb.csd_mul4$func$/Users/toprakgundogdu/qwen-ffn-rom/rtl/ffn_tile_16x16_b4_reg.v:115$317.$result (12 bits, signed)
  add \x_q [79:72] (8 bits, signed)
  add \x_q [71:64] (8 bits, signed)
  add { \x_q [63:56] 1'0 } (9 bits, signed)
  add \u_comb.csd_mul4$func$/Users/toprakgundogdu/qwen-ffn-rom/rtl/ffn_tile_16x16_b4_reg.v:115$329.$result (12 bits, signed)
  add \u_comb.csd_mul4$func$/Users/toprakgundogdu/qwen-ffn-rom/rtl/ffn_tile_16x16_b4_reg.v:115$136.$result (12 bits, signed)
  sub { \x_q [31:24] 2'00 } (10 bits, signed)
  add \x_q [23:16] (8 bits, signed)
  packed 2 (1) bits / 1 words into adder tree
  sub \x_q [95:88] (8 bits, signed)
  add { \u_comb.csd_mul4$func$/Users/toprakgundogdu/qwen-ffn-rom/rtl/ffn_tile_16x16_b4_reg.v:115$243.$result [11:2] \u_comb.csd_mul4$func$/Users/toprakgundogdu/qwen-ffn-rom/rtl/ffn_tile_16x16_b4_reg.v:115$163.$result [1:0] } (12 bits, signed)
  add { \u_comb.csd_mul4$func$/Users/toprakgundogdu/qwen-ffn-rom/rtl/ffn_tile_16x16_b4_reg.v:115$146.$result [11:2] \u_comb.csd_mul4$func$/Users/toprakgundogdu/qwen-ffn-rom/rtl/ffn_tile_16x16_b4_reg.v:115$194.$result [1:0] } (12 bits, signed)
  add \u_comb.csd_mul4$func$/Users/toprakgundogdu/qwen-ffn-rom/rtl/ffn_tile_16x16_b4_reg.v:115$177.$result (12 bits, signed)
  add { \u_comb.csd_mul4$func$/Users/toprakgundogdu/qwen-ffn-rom/rtl/ffn_tile_16x16_b4_reg.v:115$224.$result [10:2] \x_q [105:104] } (11 bits, signed)
  add { \u_comb.csd_mul4$func$/Users/toprakgundogdu/qwen-ffn-rom/rtl/ffn_tile_16x16_b4_reg.v:115$254.$result [11:2] \u_comb.csd_mul4$func$/Users/toprakgundogdu/qwen-ffn-rom/rtl/ffn_tile_16x16_b4_reg.v:115$158.$result [1:0] } (12 bits, signed)
  add { \u_comb.csd_mul4$func$/Users/toprakgundogdu/qwen-ffn-rom/rtl/ffn_tile_16x16_b4_reg.v:115$189.$result [11:2] \u_comb.csd_mul4$func$/Users/toprakgundogdu/qwen-ffn-rom/rtl/ffn_tile_16x16_b4_reg.v:115$317.$result [1:0] } (12 bits, signed)
  add \x_q [79:72] (8 bits, signed)
  add \x_q [71:64] (8 bits, signed)
  add { \u_comb.csd_mul4$func$/Users/toprakgundogdu/qwen-ffn-rom/rtl/ffn_tile_16x16_b4_reg.v:115$250.$result [11:3] \u_comb.csd_mul4$func$/Users/toprakgundogdu/qwen-ffn-rom/rtl/ffn_tile_16x16_b4_reg.v:115$378.$result [2:0] } (12 bits, signed)
  add \x_q [55:48] (8 bits, signed)
  add \u_comb.csd_mul4$func$/Users/toprakgundogdu/qwen-ffn-rom/rtl/ffn_tile_16x16_b4_reg.v:115$151.$result (12 bits, signed)
  add \u_comb.csd_mul4$func$/Users/toprakgundogdu/qwen-ffn-rom/rtl/ffn_tile_16x16_b4_reg.v:115$246.$result (12 bits, signed)
  add \u_comb.csd_mul4$func$/Users/toprakgundogdu/qwen-ffn-rom/rtl/ffn_tile_16x16_b4_reg.v:115$213.$result (12 bits, signed)
  add \u_comb.csd_mul4$func$/Users/toprakgundogdu/qwen-ffn-rom/rtl/ffn_tile_16x16_b4_reg.v:115$244.$result (12 bits, signed)
  sub { \x_q [79:72] 3'000 } (11 bits, signed)
  packed 1 (1) bits / 1 words into adder tree
  add { \u_comb.csd_mul4$func$/Users/toprakgundogdu/qwen-ffn-rom/rtl/ffn_tile_16x16_b4_reg.v:115$243.$result [11:2] \u_comb.csd_mul4$func$/Users/toprakgundogdu/qwen-ffn-rom/rtl/ffn_tile_16x16_b4_reg.v:115$163.$result [1:0] } (12 bits, signed)
  add \u_comb.csd_mul4$func$/Users/toprakgundogdu/qwen-ffn-rom/rtl/ffn_tile_16x16_b4_reg.v:115$177.$result (12 bits, signed)
  add \x_q [95:88] (8 bits, signed)
  add \u_comb.csd_mul4$func$/Users/toprakgundogdu/qwen-ffn-rom/rtl/ffn_tile_16x16_b4_reg.v:115$300.$result (12 bits, signed)
  add \x_q [63:56] (8 bits, signed)
  add \u_comb.csd_mul4$func$/Users/toprakgundogdu/qwen-ffn-rom/rtl/ffn_tile_16x16_b4_reg.v:115$233.$result (12 bits, signed)
  add { \u_comb.csd_mul4$func$/Users/toprakgundogdu/qwen-ffn-rom/rtl/ffn_tile_16x16_b4_reg.v:115$182.$result [11:3] \x_q [26:24] } (12 bits, signed)
  sub \x_q [111:104] (8 bits, signed)
  add \x_q [7:0] (8 bits, signed)
  sub { \x_q [127:120] 2'00 } (10 bits, signed)
  add \u_comb.csd_mul4$func$/Users/toprakgundogdu/qwen-ffn-rom/rtl/ffn_tile_16x16_b4_reg.v:115$177.$result (12 bits, signed)
  sub { \x_q [111:104] 2'00 } (10 bits, signed)
  add \x_q [95:88] (8 bits, signed)
  add \x_q [87:80] (8 bits, signed)
  sub { \x_q [79:72] 2'00 } (10 bits, signed)
  add \u_comb.csd_mul4$func$/Users/toprakgundogdu/qwen-ffn-rom/rtl/ffn_tile_16x16_b4_reg.v:115$203.$result (12 bits, signed)
  sub { \x_q [63:56] 2'00 } (10 bits, signed)
  add \x_q [55:48] (8 bits, signed)
  add { \u_comb.csd_mul4$func$/Users/toprakgundogdu/qwen-ffn-rom/rtl/ffn_tile_16x16_b4_reg.v:115$152.$result [11:3] \x_q [42:40] } (12 bits, signed)
  add { \x_q [39:32] 2'00 } (10 bits, signed)
  add { \u_comb.csd_mul4$func$/Users/toprakgundogdu/qwen-ffn-rom/rtl/ffn_tile_16x16_b4_reg.v:115$198.$result [10:2] \x_q [25:24] } (11 bits, signed)
  add { \x_q [23:16] 1'0 } (9 bits, signed)
  add \x_q [15:8] (8 bits, signed)
  sub { \x_q [7:0] 2'00 } (10 bits, signed)
  packed 4 (1) bits / 1 words into adder tree
  sub \x_q [31:24] (8 bits, signed)
  sub \x_q [127:120] (8 bits, signed)
  sub { \x_q [111:104] 1'0 } (9 bits, signed)
  add { \u_comb.csd_mul4$func$/Users/toprakgundogdu/qwen-ffn-rom/rtl/ffn_tile_16x16_b4_reg.v:115$339.$result [11:2] \u_comb.csd_mul4$func$/Users/toprakgundogdu/qwen-ffn-rom/rtl/ffn_tile_16x16_b4_reg.v:115$163.$result [1:0] } (12 bits, signed)
  add { \u_comb.csd_mul4$func$/Users/toprakgundogdu/qwen-ffn-rom/rtl/ffn_tile_16x16_b4_reg.v:115$353.$result [10:2] \x_q [113:112] } (11 bits, signed)
  add \u_comb.csd_mul4$func$/Users/toprakgundogdu/qwen-ffn-rom/rtl/ffn_tile_16x16_b4_reg.v:115$176.$result (12 bits, signed)
  add { \x_q [103:96] 2'00 } (10 bits, signed)
  add \x_q [95:88] (8 bits, signed)
  add { \u_comb.csd_mul4$func$/Users/toprakgundogdu/qwen-ffn-rom/rtl/ffn_tile_16x16_b4_reg.v:115$189.$result [11:2] \u_comb.csd_mul4$func$/Users/toprakgundogdu/qwen-ffn-rom/rtl/ffn_tile_16x16_b4_reg.v:115$317.$result [1:0] } (12 bits, signed)
  add \u_comb.csd_mul4$func$/Users/toprakgundogdu/qwen-ffn-rom/rtl/ffn_tile_16x16_b4_reg.v:115$300.$result (12 bits, signed)
  sub { \x_q [71:64] 2'00 } (10 bits, signed)
  add \u_comb.csd_mul4$func$/Users/toprakgundogdu/qwen-ffn-rom/rtl/ffn_tile_16x16_b4_reg.v:115$282.$result (12 bits, signed)
  add { \u_comb.csd_mul4$func$/Users/toprakgundogdu/qwen-ffn-rom/rtl/ffn_tile_16x16_b4_reg.v:115$345.$result [11:2] \u_comb.csd_mul4$func$/Users/toprakgundogdu/qwen-ffn-rom/rtl/ffn_tile_16x16_b4_reg.v:115$233.$result [1:0] } (12 bits, signed)
  add \x_q [39:32] (8 bits, signed)
  add { \u_comb.csd_mul4$func$/Users/toprakgundogdu/qwen-ffn-rom/rtl/ffn_tile_16x16_b4_reg.v:115$342.$result [11:2] \u_comb.csd_mul4$func$/Users/toprakgundogdu/qwen-ffn-rom/rtl/ffn_tile_16x16_b4_reg.v:115$246.$result [1:0] } (12 bits, signed)
  add { \u_comb.csd_mul4$func$/Users/toprakgundogdu/qwen-ffn-rom/rtl/ffn_tile_16x16_b4_reg.v:115$341.$result [11:3] \x_q [18:16] } (12 bits, signed)
  add \u_comb.csd_mul4$func$/Users/toprakgundogdu/qwen-ffn-rom/rtl/ffn_tile_16x16_b4_reg.v:115$244.$result (12 bits, signed)
  sub { \x_q [95:88] 1'0 } (9 bits, signed)
  sub { \x_q [15:8] 1'0 } (9 bits, signed)
  sub { \x_q [103:96] 1'0 } (9 bits, signed)
  sub \x_q [47:40] (8 bits, signed)
  sub { \x_q [55:48] 2'00 } (10 bits, signed)
Using extmapper simplemap for cells of type $dff.
Using template $paramod$ee3d784672cdb1cb32d9a801a3af776716f16b74\_90_alu for cells of type $alu.
Using extmapper simplemap for cells of type $not.
Using template $paramod\_90_fa\WIDTH=32'00000000000000000000000000010000 for cells of type $fa.
Using template $paramod$6df0329addda9228fcc2546de2aaf14ad26c98e1\_90_alu for cells of type $alu.
Using template $paramod\_90_fa\WIDTH=32'00000000000000000000000000001111 for cells of type $fa.
Using extmapper simplemap for cells of type $mux.
Using extmapper simplemap for cells of type $pos.
Using template $paramod\_90_fa\WIDTH=32'00000000000000000000000000001001 for cells of type $fa.
Using template $paramod\_90_lcu_brent_kung\WIDTH=32'00000000000000000000000000001001 for cells of type $lcu.
Using extmapper simplemap for cells of type $xor.
Using template $paramod\_90_fa\WIDTH=32'00000000000000000000000000001010 for cells of type $fa.
Using template $paramod\_90_lcu_brent_kung\WIDTH=32'00000000000000000000000000001010 for cells of type $lcu.
Using template $paramod\_90_fa\WIDTH=32'00000000000000000000000000001100 for cells of type $fa.
Using template $paramod\_90_lcu_brent_kung\WIDTH=32'00000000000000000000000000001100 for cells of type $lcu.
Using extmapper simplemap for cells of type $and.
Using extmapper simplemap for cells of type $or.
Using template $paramod\_90_lcu_brent_kung\WIDTH=32'00000000000000000000000000010000 for cells of type $lcu.
No more expansions possible.
<suppressed ~6319 debug messages>

7.21. Executing OPT pass (performing simple optimizations).

7.21.1. Executing OPT_EXPR pass (perform const folding).
Optimizing module ffn_tile_reg.
<suppressed ~6819 debug messages>

7.21.2. Executing OPT_MERGE pass (detect identical cells).
Finding identical cells in module `\ffn_tile_reg'.
Computing hashes of 20667 cells of `\ffn_tile_reg'.
Finding duplicate cells in `\ffn_tile_reg'.
Computing hashes of 19197 cells of `\ffn_tile_reg'.
Finding duplicate cells in `\ffn_tile_reg'.
Computing hashes of 18409 cells of `\ffn_tile_reg'.
Finding duplicate cells in `\ffn_tile_reg'.
Computing hashes of 17942 cells of `\ffn_tile_reg'.
Finding duplicate cells in `\ffn_tile_reg'.
Computing hashes of 17602 cells of `\ffn_tile_reg'.
Finding duplicate cells in `\ffn_tile_reg'.
Computing hashes of 17249 cells of `\ffn_tile_reg'.
Finding duplicate cells in `\ffn_tile_reg'.
Computing hashes of 17003 cells of `\ffn_tile_reg'.
Finding duplicate cells in `\ffn_tile_reg'.
Computing hashes of 16854 cells of `\ffn_tile_reg'.
Finding duplicate cells in `\ffn_tile_reg'.
Computing hashes of 16678 cells of `\ffn_tile_reg'.
Finding duplicate cells in `\ffn_tile_reg'.
Computing hashes of 16548 cells of `\ffn_tile_reg'.
Finding duplicate cells in `\ffn_tile_reg'.
Computing hashes of 16486 cells of `\ffn_tile_reg'.
Finding duplicate cells in `\ffn_tile_reg'.
Computing hashes of 16410 cells of `\ffn_tile_reg'.
Finding duplicate cells in `\ffn_tile_reg'.
Computing hashes of 16343 cells of `\ffn_tile_reg'.
Finding duplicate cells in `\ffn_tile_reg'.
Computing hashes of 16311 cells of `\ffn_tile_reg'.
Finding duplicate cells in `\ffn_tile_reg'.
Computing hashes of 16281 cells of `\ffn_tile_reg'.
Finding duplicate cells in `\ffn_tile_reg'.
Computing hashes of 16252 cells of `\ffn_tile_reg'.
Finding duplicate cells in `\ffn_tile_reg'.
Computing hashes of 16238 cells of `\ffn_tile_reg'.
Finding duplicate cells in `\ffn_tile_reg'.
Computing hashes of 16236 cells of `\ffn_tile_reg'.
Finding duplicate cells in `\ffn_tile_reg'.
Computing hashes of 16234 cells of `\ffn_tile_reg'.
Finding duplicate cells in `\ffn_tile_reg'.
Computing hashes of 16233 cells of `\ffn_tile_reg'.
Finding duplicate cells in `\ffn_tile_reg'.
<suppressed ~13302 debug messages>
Removed a total of 4434 cells.

7.21.3. Executing OPT_DFF pass (perform DFF optimizations).

7.21.4. Executing OPT_CLEAN pass (remove unused cells and wires).
Finding unused cells or wires in module \ffn_tile_reg..
Removed 782 unused cells and 6161 unused wires.
<suppressed ~783 debug messages>

7.21.5. Finished fast OPT passes.

7.22. Executing ABC pass (technology mapping using ABC).

7.22.1. Extracting gate netlist of module `\ffn_tile_reg' to `<abc-temp-dir>/input.blif'..

7.22.1.1. Executed ABC.
Extracted 15050 gates and 15178 wires to a netlist network with 128 inputs and 256 outputs.
Running ABC script: <abc-temp-dir>/abc.script
ABC: ======== ABC command line "source <abc-temp-dir>/abc.script"
ABC: + read_blif <abc-temp-dir>/input.blif 
ABC: + read_library <abc-temp-dir>/stdcells.genlib 
ABC: + strash 
ABC: + &get -n 
ABC: + &fraig -x 
ABC: + &put 
ABC: + scorr 
ABC: Warning: The network is combinational (run "fraig" or "fraig_sweep").
ABC: + dc2 
ABC: + dretime 
ABC: + strash 
ABC: + &get -n 
ABC: + &dch -f 
ABC: + &nf 
ABC: + &put 
ABC: + write_blif <abc-temp-dir>/output.blif 

7.22.1.2. Re-integrating ABC results.
ABC RESULTS:               AND cells:      733
ABC RESULTS:            ANDNOT cells:      349
ABC RESULTS:               MUX cells:      122
ABC RESULTS:              NAND cells:     5017
ABC RESULTS:               NOR cells:      100
ABC RESULTS:               NOT cells:       22
ABC RESULTS:                OR cells:      840
ABC RESULTS:             ORNOT cells:      344
ABC RESULTS:              XNOR cells:     1540
ABC RESULTS:               XOR cells:     3181
ABC RESULTS:        internal signals:    14794
ABC RESULTS:           input signals:      128
ABC RESULTS:          output signals:      256
Removing temp directory.
Removing global temp directory.

7.23. Executing OPT pass (performing simple optimizations).

7.23.1. Executing OPT_EXPR pass (perform const folding).
Optimizing module ffn_tile_reg.
<suppressed ~2 debug messages>

7.23.2. Executing OPT_MERGE pass (detect identical cells).
Finding identical cells in module `\ffn_tile_reg'.
Computing hashes of 12649 cells of `\ffn_tile_reg'.
Finding duplicate cells in `\ffn_tile_reg'.
Computing hashes of 12610 cells of `\ffn_tile_reg'.
Finding duplicate cells in `\ffn_tile_reg'.
Computing hashes of 12571 cells of `\ffn_tile_reg'.
Finding duplicate cells in `\ffn_tile_reg'.
<suppressed ~234 debug messages>
Removed a total of 78 cells.

7.23.3. Executing OPT_DFF pass (perform DFF optimizations).

7.23.4. Executing OPT_CLEAN pass (remove unused cells and wires).
Finding unused cells or wires in module \ffn_tile_reg..
Removed 0 unused cells and 2960 unused wires.
<suppressed ~1 debug messages>

7.23.5. Finished fast OPT passes.

7.24. Executing HIERARCHY pass (managing design hierarchy).
Attribute `top' found on module `ffn_tile_reg'. Setting top module to ffn_tile_reg.

7.24.1. Analyzing design hierarchy..
Top module:  \ffn_tile_reg

7.24.2. Analyzing design hierarchy..
Top module:  \ffn_tile_reg
Removed 0 unused modules.

7.25. Printing statistics.

=== ffn_tile_reg ===

        +----------Local Count, excluding submodules.
        | 
    13069 wires
    34109 wire bits
     1077 public wires
    22117 public wire bits
        3 ports
      385 port bits
    12571 cells
      349   $_ANDNOT_
      718   $_AND_
      345   $_DFF_P_
      122   $_MUX_
     4999   $_NAND_
      100   $_NOR_
       22   $_NOT_
      344   $_ORNOT_
      840   $_OR_
     1534   $_XNOR_
     3181   $_XOR_
       17   $scopeinfo

7.26. Executing CHECK pass (checking for obvious problems).
Checking module ffn_tile_reg...
Found and reported 0 problems.

8. Executing DFFLIBMAP pass (mapping DFF cells to sequential cells from liberty file).
  cell sky130_fd_sc_hd__dfxtp_1 (noninv, pins=3, area=20.02) is a direct match for cell type $_DFF_P_.
  cell sky130_fd_sc_hd__dfrtn_1 (noninv, pins=4, area=25.02) is a direct match for cell type $_DFF_NN0_.
  cell sky130_fd_sc_hd__dfrtp_1 (noninv, pins=4, area=25.02) is a direct match for cell type $_DFF_PN0_.
  cell sky130_fd_sc_hd__dfstp_2 (noninv, pins=4, area=26.28) is a direct match for cell type $_DFF_PN1_.
  cell sky130_fd_sc_hd__edfxtp_1 (noninv, pins=4, area=30.03) is a direct match for cell type $_DFFE_PP_.
  cell sky130_fd_sc_hd__dfbbn_1 (noninv, pins=6, area=32.53) is a direct match for cell type $_DFFSR_NNN_.
  cell sky130_fd_sc_hd__dfbbp_1 (noninv, pins=6, area=32.53) is a direct match for cell type $_DFFSR_PNN_.
  final dff cell mappings:
    unmapped dff cell: $_DFF_N_
    \sky130_fd_sc_hd__dfxtp_1 _DFF_P_ (.CLK( C), .D( D), .Q( Q));
    \sky130_fd_sc_hd__dfrtn_1 _DFF_NN0_ (.CLK_N( C), .D( D), .Q( Q), .RESET_B( R));
    unmapped dff cell: $_DFF_NN1_
    unmapped dff cell: $_DFF_NP0_
    unmapped dff cell: $_DFF_NP1_
    \sky130_fd_sc_hd__dfrtp_1 _DFF_PN0_ (.CLK( C), .D( D), .Q( Q), .RESET_B( R));
    \sky130_fd_sc_hd__dfstp_2 _DFF_PN1_ (.CLK( C), .D( D), .Q( Q), .SET_B( R));
    unmapped dff cell: $_DFF_PP0_
    unmapped dff cell: $_DFF_PP1_
    unmapped dff cell: $_DFFE_NN_
    unmapped dff cell: $_DFFE_NP_
    unmapped dff cell: $_DFFE_PN_
    \sky130_fd_sc_hd__edfxtp_1 _DFFE_PP_ (.CLK( C), .D( D), .DE( E), .Q( Q));
    \sky130_fd_sc_hd__dfbbn_1 _DFFSR_NNN_ (.CLK_N( C), .D( D), .Q( Q), .Q_N(~Q), .RESET_B( R), .SET_B( S));
    unmapped dff cell: $_DFFSR_NNP_
    unmapped dff cell: $_DFFSR_NPN_
    unmapped dff cell: $_DFFSR_NPP_
    \sky130_fd_sc_hd__dfbbp_1 _DFFSR_PNN_ (.CLK( C), .D( D), .Q( Q), .Q_N(~Q), .RESET_B( R), .SET_B( S));
    unmapped dff cell: $_DFFSR_PNP_
    unmapped dff cell: $_DFFSR_PPN_
    unmapped dff cell: $_DFFSR_PPP_

8.1. Executing DFFLEGALIZE pass (convert FFs to types supported by the target).
<suppressed ~24 debug messages>
Mapping DFF cells in module `\ffn_tile_reg':
  mapped 345 $_DFF_P_ cells to \sky130_fd_sc_hd__dfxtp_1 cells.

9. Executing ABC pass (technology mapping using ABC).

9.1. Extracting gate netlist of module `\ffn_tile_reg' to `<abc-temp-dir>/input.blif'..
ABC: using cached merged SCL: /var/folders/8g/t_1gk85s4m70jtjyvhs3xc5h0000gn/T/yosys-liberty-scl-cache/yosys_merged_5e93c8fc.scl (1 files)

9.1.1. Executed ABC.
Extracted 12209 gates and 12337 wires to a netlist network with 128 inputs and 217 outputs.
Running ABC script: <abc-temp-dir>/abc.script
ABC: ======== ABC command line "source <abc-temp-dir>/abc.script"
ABC: + read_blif <abc-temp-dir>/input.blif 
ABC: + read_scl /var/folders/8g/t_1gk85s4m70jtjyvhs3xc5h0000gn/T/yosys-liberty-scl-cache/yosys_merged_5e93c8fc.scl 
ABC: Warning: Detected 9 multi-output cells (for example, "sky130_fd_sc_hd__fa_1").
ABC: + strash 
ABC: + ifraig 
ABC: + scorr 
ABC: Warning: The network is combinational (run "fraig" or "fraig_sweep").
ABC: + dc2 
ABC: + retime D {} 
ABC: + strash 
ABC: + dch -f 
ABC: + map -M 1 {} 
ABC: + topo 
ABC: + upsize {} 
ABC: + dnsize {} 
ABC: + stime -p 
ABC: WireLoad = "none"  Gates =  15458 (  9.0 %)   Cap =  5.8 ff (  5.4 %)   Area =    84195.75 ( 81.2 %)   Delay =  3898.44 ps  ( 23.9 %)               
ABC: Path  0 --     127 : 0   15 pi                        A =   0.00  Df =   0.0   -0.0 ps  S =   0.0 ps  Cin =  0.0 ff  Cout =  75.9 ff  Cmax =   0.0 ff  G =    0  
ABC: Path  1 --    1572 : 4    4 sky130_fd_sc_hd__nor4_4   A =  21.27  Df = 388.9 -350.7 ps  S = 380.9 ps  Cin =  8.5 ff  Cout =  20.3 ff  Cmax = 112.6 ff  G =  228  
ABC: Path  2 --    4196 : 2    1 sky130_fd_sc_hd__nor2_2   A =   6.26  Df = 447.0 -317.9 ps  S =  80.6 ps  Cin =  4.4 ff  Cout =   4.6 ff  Cmax = 141.9 ff  G =   99  
ABC: Path  3 --    4198 : 2    5 sky130_fd_sc_hd__nor2_2   A =   6.26  Df = 613.1 -116.4 ps  S = 149.8 ps  Cin =  4.4 ff  Cout =  11.4 ff  Cmax = 141.9 ff  G =  248  
ABC: Path  4 --    4199 : 2    2 sky130_fd_sc_hd__nand2_1  A =   3.75  Df = 694.3 -132.7 ps  S =  62.2 ps  Cin =  2.3 ff  Cout =   4.9 ff  Cmax = 166.6 ff  G =  203  
ABC: Path  5 --    4201 : 2    4 sky130_fd_sc_hd__nand2_1  A =   3.75  Df = 793.4 -154.3 ps  S =  97.1 ps  Cin =  2.3 ff  Cout =   8.9 ff  Cmax = 166.6 ff  G =  365  
ABC: Path  6 --    4202 : 2    3 sky130_fd_sc_hd__nand2_1  A =   3.75  Df = 876.8 -101.7 ps  S =  83.3 ps  Cin =  2.3 ff  Cout =   7.2 ff  Cmax = 166.6 ff  G =  299  
ABC: Path  7 --    4203 : 4    3 sky130_fd_sc_hd__a22o_1   A =   8.76  Df =1096.7 -135.1 ps  S =  85.0 ps  Cin =  2.4 ff  Cout =   7.2 ff  Cmax = 159.3 ff  G =  295  
ABC: Path  8 --    4253 : 3    2 sky130_fd_sc_hd__a21oi_1  A =   5.00  Df =1235.1 -150.0 ps  S = 128.2 ps  Cin =  2.3 ff  Cout =   3.9 ff  Cmax =  74.2 ff  G =  159  
ABC: Path  9 --    4258 : 3    3 sky130_fd_sc_hd__nand3b_1 A =   7.51  Df =1386.9  -48.6 ps  S = 107.6 ps  Cin =  2.0 ff  Cout =   7.3 ff  Cmax = 143.7 ff  G =  353  
ABC: Path 10 --    4259 : 4    6 sky130_fd_sc_hd__nand4_1  A =   6.26  Df =1575.3  -49.1 ps  S = 190.2 ps  Cin =  2.3 ff  Cout =  14.6 ff  Cmax = 124.5 ff  G =  601  
ABC: Path 11 --    4267 : 4    2 sky130_fd_sc_hd__o211a_1  A =  10.01  Df =1777.3  -48.5 ps  S =  77.7 ps  Cin =  2.3 ff  Cout =   7.2 ff  Cmax = 183.1 ff  G =  289  
ABC: Path 12 --    4268 : 4    2 sky130_fd_sc_hd__o22ai_1  A =   6.26  Df =1911.3  -52.1 ps  S = 165.0 ps  Cin =  2.4 ff  Cout =   4.8 ff  Cmax =  73.3 ff  G =  197  
ABC: Path 13 --    4274 : 2    2 sky130_fd_sc_hd__nand2_1  A =   3.75  Df =2001.8  -58.0 ps  S =  74.8 ps  Cin =  2.3 ff  Cout =   6.1 ff  Cmax = 166.6 ff  G =  250  
ABC: Path 14 --    4287 : 3    1 sky130_fd_sc_hd__a21oi_1  A =   5.00  Df =2104.8 -123.0 ps  S =  86.8 ps  Cin =  2.3 ff  Cout =   1.8 ff  Cmax =  74.2 ff  G =   72  
ABC: Path 15 --    4288 : 3    2 sky130_fd_sc_hd__o21bai_1 A =   7.51  Df =2256.7  -98.0 ps  S = 215.2 ps  Cin =  2.1 ff  Cout =   8.7 ff  Cmax =  77.8 ff  G =  393  
ABC: Path 16 --    4426 : 3    2 sky130_fd_sc_hd__xnor3_1  A =  22.52  Df =2659.3  -59.1 ps  S =  78.3 ps  Cin =  3.7 ff  Cout =   4.9 ff  Cmax = 154.7 ff  G =  124  
ABC: Path 17 --    4427 : 2    2 sky130_fd_sc_hd__nor2_1   A =   3.75  Df =2816.9 -155.1 ps  S = 164.7 ps  Cin =  2.4 ff  Cout =   8.0 ff  Cmax =  86.1 ff  G =  316  
ABC: Path 18 --    4605 : 3    2 sky130_fd_sc_hd__a21oi_2  A =   8.76  Df =2883.0   -2.6 ps  S = 148.8 ps  Cin =  4.6 ff  Cout =   9.2 ff  Cmax = 128.2 ff  G =  191  
ABC: Path 19 --    4880 : 3    2 sky130_fd_sc_hd__o21bai_2 A =  11.26  Df =3039.4  -55.6 ps  S = 154.6 ps  Cin =  3.4 ff  Cout =   9.3 ff  Cmax = 140.1 ff  G =  264  
ABC: Path 20 --    4885 : 3    2 sky130_fd_sc_hd__a21oi_2  A =   8.76  Df =3134.1  -14.0 ps  S = 125.4 ps  Cin =  4.6 ff  Cout =   7.0 ff  Cmax = 128.2 ff  G =  146  
ABC: Path 21 --    5077 : 3    2 sky130_fd_sc_hd__o21bai_1 A =   7.51  Df =3327.2  -84.5 ps  S = 223.8 ps  Cin =  2.1 ff  Cout =   9.1 ff  Cmax =  77.8 ff  G =  414  
ABC: Path 22 --    5082 : 3    2 sky130_fd_sc_hd__a21oi_2  A =   8.76  Df =3427.8   -7.9 ps  S = 148.8 ps  Cin =  4.6 ff  Cout =   9.2 ff  Cmax = 128.2 ff  G =  191  
ABC: Path 23 --    5084 : 3    3 sky130_fd_sc_hd__o21bai_2 A =  11.26  Df =3586.8  -75.7 ps  S = 154.8 ps  Cin =  3.4 ff  Cout =   9.3 ff  Cmax = 140.1 ff  G =  266  
ABC: Path 24 --    5127 : 3    2 sky130_fd_sc_hd__a21oi_1  A =   5.00  Df =3698.1   -3.7 ps  S = 187.8 ps  Cin =  2.3 ff  Cout =   7.0 ff  Cmax =  74.2 ff  G =  286  
ABC: Path 25 --    5129 : 4    1 sky130_fd_sc_hd__o211ai_1 A =   7.51  Df =3853.0  -55.0 ps  S = 138.5 ps  Cin =  2.3 ff  Cout =   2.4 ff  Cmax =  74.2 ff  G =   99  
ABC: Path 26 --    5130 : 2    1 sky130_fd_sc_hd__nand2_1  A =   3.75  Df =3898.4  -25.4 ps  S =  27.0 ps  Cin =  2.3 ff  Cout =   0.0 ff  Cmax = 166.6 ff  G =    0  
ABC: Start-point = pi126 (\x_q [2]).  End-point = po42 (\u_comb.g_row[13].acc [15]).
ABC: + write_blif <abc-temp-dir>/output.blif 

9.1.2. Re-integrating ABC results.
ABC RESULTS:   sky130_fd_sc_hd__a211o_1 cells:        3
ABC RESULTS:   sky130_fd_sc_hd__a211oi_1 cells:       19
ABC RESULTS:   sky130_fd_sc_hd__a21boi_0 cells:      110
ABC RESULTS:   sky130_fd_sc_hd__a21boi_1 cells:       38
ABC RESULTS:   sky130_fd_sc_hd__a21boi_2 cells:        3
ABC RESULTS:   sky130_fd_sc_hd__a21o_1 cells:      178
ABC RESULTS:   sky130_fd_sc_hd__a21oi_1 cells:      867
ABC RESULTS:   sky130_fd_sc_hd__a21oi_2 cells:       36
ABC RESULTS:   sky130_fd_sc_hd__a21oi_4 cells:        2
ABC RESULTS:   sky130_fd_sc_hd__a221oi_1 cells:        3
ABC RESULTS:   sky130_fd_sc_hd__a22o_1 cells:       42
ABC RESULTS:   sky130_fd_sc_hd__a22oi_1 cells:       10
ABC RESULTS:   sky130_fd_sc_hd__a22oi_2 cells:        2
ABC RESULTS:   sky130_fd_sc_hd__a31o_2 cells:        2
ABC RESULTS:   sky130_fd_sc_hd__a31oi_1 cells:       71
ABC RESULTS:   sky130_fd_sc_hd__a31oi_2 cells:        3
ABC RESULTS:   sky130_fd_sc_hd__a31oi_4 cells:        1
ABC RESULTS:   sky130_fd_sc_hd__a32oi_1 cells:        1
ABC RESULTS:   sky130_fd_sc_hd__a41oi_4 cells:        1
ABC RESULTS:   sky130_fd_sc_hd__and2_0 cells:        2
ABC RESULTS:   sky130_fd_sc_hd__and2_1 cells:        1
ABC RESULTS:   sky130_fd_sc_hd__and3_1 cells:      120
ABC RESULTS:   sky130_fd_sc_hd__bufinv_8 cells:        1
ABC RESULTS:   sky130_fd_sc_hd__clkinv_1 cells:     1213
ABC RESULTS:   sky130_fd_sc_hd__inv_1 cells:        7
ABC RESULTS:   sky130_fd_sc_hd__inv_12 cells:        2
ABC RESULTS:   sky130_fd_sc_hd__inv_2 cells:      138
ABC RESULTS:   sky130_fd_sc_hd__inv_4 cells:       21
ABC RESULTS:   sky130_fd_sc_hd__inv_6 cells:        4
ABC RESULTS:   sky130_fd_sc_hd__inv_8 cells:        3
ABC RESULTS:   sky130_fd_sc_hd__lpflow_clkinvkapwr_1 cells:        1
ABC RESULTS:   sky130_fd_sc_hd__lpflow_inputiso0n_1 cells:       67
ABC RESULTS:   sky130_fd_sc_hd__lpflow_inputiso1p_1 cells:       14
ABC RESULTS:   sky130_fd_sc_hd__lpflow_isobufsrc_1 cells:      112
ABC RESULTS:   sky130_fd_sc_hd__lpflow_isobufsrc_2 cells:        1
ABC RESULTS:   sky130_fd_sc_hd__maj3_1 cells:      101
ABC RESULTS:   sky130_fd_sc_hd__maj3_2 cells:        4
ABC RESULTS:   sky130_fd_sc_hd__nand2_1 cells:     4882
ABC RESULTS:   sky130_fd_sc_hd__nand2_2 cells:       41
ABC RESULTS:   sky130_fd_sc_hd__nand2_4 cells:        1
ABC RESULTS:   sky130_fd_sc_hd__nand2b_1 cells:       12
ABC RESULTS:   sky130_fd_sc_hd__nand3_1 cells:     1533
ABC RESULTS:   sky130_fd_sc_hd__nand3_2 cells:       16
ABC RESULTS:   sky130_fd_sc_hd__nand3_4 cells:        1
ABC RESULTS:   sky130_fd_sc_hd__nand3b_1 cells:      208
ABC RESULTS:   sky130_fd_sc_hd__nand3b_2 cells:        2
ABC RESULTS:   sky130_fd_sc_hd__nand3b_4 cells:        2
ABC RESULTS:   sky130_fd_sc_hd__nand4_1 cells:      157
ABC RESULTS:   sky130_fd_sc_hd__nand4_2 cells:       14
ABC RESULTS:   sky130_fd_sc_hd__nor2_1 cells:     2147
ABC RESULTS:   sky130_fd_sc_hd__nor2_2 cells:       39
ABC RESULTS:   sky130_fd_sc_hd__nor2_4 cells:       14
ABC RESULTS:   sky130_fd_sc_hd__nor2_8 cells:        4
ABC RESULTS:   sky130_fd_sc_hd__nor3_1 cells:       99
ABC RESULTS:   sky130_fd_sc_hd__nor3_2 cells:        8
ABC RESULTS:   sky130_fd_sc_hd__nor3_4 cells:        3
ABC RESULTS:   sky130_fd_sc_hd__nor3b_1 cells:       13
ABC RESULTS:   sky130_fd_sc_hd__nor3b_2 cells:        4
ABC RESULTS:   sky130_fd_sc_hd__nor4_1 cells:        2
ABC RESULTS:   sky130_fd_sc_hd__nor4_2 cells:        1
ABC RESULTS:   sky130_fd_sc_hd__nor4_4 cells:        2
ABC RESULTS:   sky130_fd_sc_hd__o2111ai_1 cells:        1
ABC RESULTS:   sky130_fd_sc_hd__o211a_1 cells:       24
ABC RESULTS:   sky130_fd_sc_hd__o211ai_1 cells:       45
ABC RESULTS:   sky130_fd_sc_hd__o211ai_2 cells:        4
ABC RESULTS:   sky130_fd_sc_hd__o21a_1 cells:      108
ABC RESULTS:   sky130_fd_sc_hd__o21a_2 cells:        2
ABC RESULTS:   sky130_fd_sc_hd__o21ai_0 cells:      538
ABC RESULTS:   sky130_fd_sc_hd__o21ai_1 cells:      173
ABC RESULTS:   sky130_fd_sc_hd__o21ai_2 cells:       29
ABC RESULTS:   sky130_fd_sc_hd__o21ai_4 cells:        3
ABC RESULTS:   sky130_fd_sc_hd__o21bai_1 cells:      160
ABC RESULTS:   sky130_fd_sc_hd__o21bai_2 cells:       19
ABC RESULTS:   sky130_fd_sc_hd__o221ai_1 cells:        4
ABC RESULTS:   sky130_fd_sc_hd__o22a_1 cells:        1
ABC RESULTS:   sky130_fd_sc_hd__o22ai_1 cells:       36
ABC RESULTS:   sky130_fd_sc_hd__o22ai_2 cells:        6
ABC RESULTS:   sky130_fd_sc_hd__o2bb2ai_1 cells:       45
ABC RESULTS:   sky130_fd_sc_hd__o2bb2ai_2 cells:        1
ABC RESULTS:   sky130_fd_sc_hd__o311ai_0 cells:        2
ABC RESULTS:   sky130_fd_sc_hd__o31ai_1 cells:        7
ABC RESULTS:   sky130_fd_sc_hd__o31ai_2 cells:        4
ABC RESULTS:   sky130_fd_sc_hd__o31ai_4 cells:        2
ABC RESULTS:   sky130_fd_sc_hd__or2_0 cells:       17
ABC RESULTS:   sky130_fd_sc_hd__or2_1 cells:       49
ABC RESULTS:   sky130_fd_sc_hd__or2_2 cells:      190
ABC RESULTS:   sky130_fd_sc_hd__or3_1 cells:       13
ABC RESULTS:   sky130_fd_sc_hd__xnor2_1 cells:      318
ABC RESULTS:   sky130_fd_sc_hd__xnor3_1 cells:      321
ABC RESULTS:   sky130_fd_sc_hd__xnor3_2 cells:        1
ABC RESULTS:   sky130_fd_sc_hd__xor2_1 cells:      842
ABC RESULTS:   sky130_fd_sc_hd__xor2_2 cells:        2
ABC RESULTS:   sky130_fd_sc_hd__xor3_1 cells:       82
ABC RESULTS:        internal signals:    11992
ABC RESULTS:           input signals:      128
ABC RESULTS:          output signals:      217
Removing temp directory.
Removing global temp directory.

10. Executing OPT_CLEAN pass (remove unused cells and wires).
Finding unused cells or wires in module \ffn_tile_reg..
Removed 0 unused cells and 12337 unused wires.
<suppressed ~1 debug messages>

11. Printing statistics.

=== ffn_tile_reg ===

        +----------Local Count, excluding submodules.
        |        +-Local Area, excluding submodules.
        |        | 
    16318        - wires
    37358        - wire bits
     1077        - public wires
    22117        - public wire bits
        3        - ports
      385        - port bits
    15820 9.11E+04 cells
       17        -   $scopeinfo
        3   26.275   sky130_fd_sc_hd__a211o_1
       19  142.637   sky130_fd_sc_hd__a211oi_1
      110  825.792   sky130_fd_sc_hd__a21boi_0
       38  285.274   sky130_fd_sc_hd__a21boi_1
        3   33.782   sky130_fd_sc_hd__a21boi_2
      178 1.34E+03   sky130_fd_sc_hd__a21o_1
      867 4.34E+03   sky130_fd_sc_hd__a21oi_1
       36  315.302   sky130_fd_sc_hd__a21oi_2
        2   32.531   sky130_fd_sc_hd__a21oi_4
        3   26.275   sky130_fd_sc_hd__a221oi_1
       42  367.853   sky130_fd_sc_hd__a22o_1
       10   75.072   sky130_fd_sc_hd__a22oi_1
        2   25.024   sky130_fd_sc_hd__a22oi_2
        2   17.517   sky130_fd_sc_hd__a31o_2
       71  444.176   sky130_fd_sc_hd__a31oi_1
        3   37.536   sky130_fd_sc_hd__a31oi_2
        1    21.27   sky130_fd_sc_hd__a31oi_4
        1    8.758   sky130_fd_sc_hd__a32oi_1
        1   27.526   sky130_fd_sc_hd__a41oi_4
        2   12.512   sky130_fd_sc_hd__and2_0
        1    6.256   sky130_fd_sc_hd__and2_1
      120   750.72   sky130_fd_sc_hd__and3_1
        1   17.517   sky130_fd_sc_hd__bufinv_8
     1213 4.55E+03   sky130_fd_sc_hd__clkinv_1
      345 6.91E+03   sky130_fd_sc_hd__dfxtp_1
        7   26.275   sky130_fd_sc_hd__inv_1
        2   32.531   sky130_fd_sc_hd__inv_12
      138  517.997   sky130_fd_sc_hd__inv_2
       21  131.376   sky130_fd_sc_hd__inv_4
        4   35.034   sky130_fd_sc_hd__inv_6
        3   33.782   sky130_fd_sc_hd__inv_8
        1    3.754   sky130_fd_sc_hd__lpflow_clkinvkapwr_1
       67  419.152   sky130_fd_sc_hd__lpflow_inputiso0n_1
       14   87.584   sky130_fd_sc_hd__lpflow_inputiso1p_1
      112  700.672   sky130_fd_sc_hd__lpflow_isobufsrc_1
        1    8.758   sky130_fd_sc_hd__lpflow_isobufsrc_2
      101  1010.97   sky130_fd_sc_hd__maj3_1
        4   45.043   sky130_fd_sc_hd__maj3_2
     4882 1.83E+04   sky130_fd_sc_hd__nand2_1
       41  256.496   sky130_fd_sc_hd__nand2_2
        1   11.261   sky130_fd_sc_hd__nand2_4
       12   75.072   sky130_fd_sc_hd__nand2b_1
     1533 7.67E+03   sky130_fd_sc_hd__nand3_1
       16  160.154   sky130_fd_sc_hd__nand3_2
        1   17.517   sky130_fd_sc_hd__nand3_4
      208 1.56E+03   sky130_fd_sc_hd__nand3b_1
        2   22.522   sky130_fd_sc_hd__nand3b_2
        2   40.038   sky130_fd_sc_hd__nand3b_4
      157  982.192   sky130_fd_sc_hd__nand4_1
       14  175.168   sky130_fd_sc_hd__nand4_2
     2147 8.06E+03   sky130_fd_sc_hd__nor2_1
       39  243.984   sky130_fd_sc_hd__nor2_2
       14  157.651   sky130_fd_sc_hd__nor2_4
        4   80.077   sky130_fd_sc_hd__nor2_8
       99  495.475   sky130_fd_sc_hd__nor3_1
        8   80.077   sky130_fd_sc_hd__nor3_2
        3   48.797   sky130_fd_sc_hd__nor3_4
       13   97.594   sky130_fd_sc_hd__nor3b_1
        4   50.048   sky130_fd_sc_hd__nor3b_2
        2   12.512   sky130_fd_sc_hd__nor4_1
        1   12.512   sky130_fd_sc_hd__nor4_2
        2   42.541   sky130_fd_sc_hd__nor4_4
        1    8.758   sky130_fd_sc_hd__o2111ai_1
       24   240.23   sky130_fd_sc_hd__o211a_1
       45  337.824   sky130_fd_sc_hd__o211ai_1
        4   50.048   sky130_fd_sc_hd__o211ai_2
      108  810.778   sky130_fd_sc_hd__o21a_1
        2   17.517   sky130_fd_sc_hd__o21a_2
      538 2.69E+03   sky130_fd_sc_hd__o21ai_0
      173   865.83   sky130_fd_sc_hd__o21ai_1
       29  253.994   sky130_fd_sc_hd__o21ai_2
        3   48.797   sky130_fd_sc_hd__o21ai_4
      160  1.2E+03   sky130_fd_sc_hd__o21bai_1
       19  213.955   sky130_fd_sc_hd__o21bai_2
        4   35.034   sky130_fd_sc_hd__o221ai_1
        1    8.758   sky130_fd_sc_hd__o22a_1
       36  225.216   sky130_fd_sc_hd__o22ai_1
        6   75.072   sky130_fd_sc_hd__o22ai_2
       45  394.128   sky130_fd_sc_hd__o2bb2ai_1
        1   15.014   sky130_fd_sc_hd__o2bb2ai_2
        2   17.517   sky130_fd_sc_hd__o311ai_0
        7    52.55   sky130_fd_sc_hd__o31ai_1
        4   50.048   sky130_fd_sc_hd__o31ai_2
        2   42.541   sky130_fd_sc_hd__o31ai_4
       17  106.352   sky130_fd_sc_hd__or2_0
       49  306.544   sky130_fd_sc_hd__or2_1
      190  1188.64   sky130_fd_sc_hd__or2_2
       13   81.328   sky130_fd_sc_hd__or3_1
      318 2.79E+03   sky130_fd_sc_hd__xnor2_1
      321 7.23E+03   sky130_fd_sc_hd__xnor3_1
        1   23.773   sky130_fd_sc_hd__xnor3_2
      842 7.37E+03   sky130_fd_sc_hd__xor2_1
        2   32.531   sky130_fd_sc_hd__xor2_2
       82  1949.37   sky130_fd_sc_hd__xor3_1

   Area for cell type $scopeinfo is unknown!

   Chip area for module '\ffn_tile_reg': 91102.374400
     of which used for sequential elements: 6906.624000 (7.58%)

12. Executing Verilog backend.

12.1. Executing BMUXMAP pass.

12.2. Executing DEMUXMAP pass.
Dumping module `\ffn_tile_reg'.

End of script. Logfile hash: 9a182189e3, time: 12.75s, user: 4.02s, system: 0.19s, MEM: 148.33 MB peak
Yosys 0.68+post (git sha1 c12172fbae8af5e20f6fb52e3d4e92d56ed587b6, Release, AppleClang clang++ 16.0.0.16000026)
Time spent: 68% 2x abc (8 sec), 6% 21x opt_clean (0 sec), ...


