
 /----------------------------------------------------------------------------\
 |  yosys -- Yosys Open SYnthesis Suite                                       |
 |  Copyright (C) 2012 - 2026  Claire Xenia Wolf <claire@yosyshq.com>         |
 |  Distributed under an ISC-like license, type "license" to see terms        |
 \----------------------------------------------------------------------------/
 Yosys 0.68+post (git sha1 c12172fbae8af5e20f6fb52e3d4e92d56ed587b6, Release, AppleClang clang++ 16.0.0.16000026)

-- Running command `
read_verilog -sv /Users/toprakgundogdu/qwen-ffn-rom/rtl/ffn_tile_16x16_b2_reg.v
hierarchy -check -top ffn_tile_reg
proc; flatten
opt_expr; opt_clean
synth -top ffn_tile_reg
dfflibmap -liberty /Users/toprakgundogdu/.volare/sky130A/libs.ref/sky130_fd_sc_hd/lib/sky130_fd_sc_hd__tt_025C_1v80.lib
abc -liberty /Users/toprakgundogdu/.volare/sky130A/libs.ref/sky130_fd_sc_hd/lib/sky130_fd_sc_hd__tt_025C_1v80.lib
opt_clean
stat -liberty /Users/toprakgundogdu/.volare/sky130A/libs.ref/sky130_fd_sc_hd/lib/sky130_fd_sc_hd__tt_025C_1v80.lib
' --

1. Executing Verilog-2005 frontend: /Users/toprakgundogdu/qwen-ffn-rom/rtl/ffn_tile_16x16_b2_reg.v
Parsing SystemVerilog input from `/Users/toprakgundogdu/qwen-ffn-rom/rtl/ffn_tile_16x16_b2_reg.v' to AST representation.
Generating RTLIL representation for module `\add_tree'.
Generating RTLIL representation for module `\ffn_tile'.
Generating RTLIL representation for module `\ffn_tile_reg'.
Successfully finished Verilog frontend.

2. Executing HIERARCHY pass (managing design hierarchy).

2.1. Analyzing design hierarchy..
Top module:  \ffn_tile_reg
Used module:     \ffn_tile
Used module:         \add_tree
Parameter \N = 16
Parameter \W = 14

2.2. Executing AST frontend in derive mode using pre-parsed AST for module `\add_tree'.
Parameter \N = 16
Parameter \W = 14
Generating RTLIL representation for module `$paramod$1c57f82a7905430256b56fd72f6f459066a99338\add_tree'.
Parameter \N = 16
Parameter \W = 14
Found cached RTLIL representation for module `$paramod$1c57f82a7905430256b56fd72f6f459066a99338\add_tree'.
Parameter \N = 16
Parameter \W = 14
Found cached RTLIL representation for module `$paramod$1c57f82a7905430256b56fd72f6f459066a99338\add_tree'.
Parameter \N = 16
Parameter \W = 14
Found cached RTLIL representation for module `$paramod$1c57f82a7905430256b56fd72f6f459066a99338\add_tree'.
Parameter \N = 16
Parameter \W = 14
Found cached RTLIL representation for module `$paramod$1c57f82a7905430256b56fd72f6f459066a99338\add_tree'.
Parameter \N = 16
Parameter \W = 14
Found cached RTLIL representation for module `$paramod$1c57f82a7905430256b56fd72f6f459066a99338\add_tree'.
Parameter \N = 16
Parameter \W = 14
Found cached RTLIL representation for module `$paramod$1c57f82a7905430256b56fd72f6f459066a99338\add_tree'.
Parameter \N = 16
Parameter \W = 14
Found cached RTLIL representation for module `$paramod$1c57f82a7905430256b56fd72f6f459066a99338\add_tree'.
Parameter \N = 16
Parameter \W = 14
Found cached RTLIL representation for module `$paramod$1c57f82a7905430256b56fd72f6f459066a99338\add_tree'.
Parameter \N = 16
Parameter \W = 14
Found cached RTLIL representation for module `$paramod$1c57f82a7905430256b56fd72f6f459066a99338\add_tree'.
Parameter \N = 16
Parameter \W = 14
Found cached RTLIL representation for module `$paramod$1c57f82a7905430256b56fd72f6f459066a99338\add_tree'.
Parameter \N = 16
Parameter \W = 14
Found cached RTLIL representation for module `$paramod$1c57f82a7905430256b56fd72f6f459066a99338\add_tree'.
Parameter \N = 16
Parameter \W = 14
Found cached RTLIL representation for module `$paramod$1c57f82a7905430256b56fd72f6f459066a99338\add_tree'.
Parameter \N = 16
Parameter \W = 14
Found cached RTLIL representation for module `$paramod$1c57f82a7905430256b56fd72f6f459066a99338\add_tree'.
Parameter \N = 16
Parameter \W = 14
Found cached RTLIL representation for module `$paramod$1c57f82a7905430256b56fd72f6f459066a99338\add_tree'.
Parameter \N = 16
Parameter \W = 14
Found cached RTLIL representation for module `$paramod$1c57f82a7905430256b56fd72f6f459066a99338\add_tree'.

2.3. Analyzing design hierarchy..
Top module:  \ffn_tile_reg
Used module:     \ffn_tile
Used module:         $paramod$1c57f82a7905430256b56fd72f6f459066a99338\add_tree

2.4. Analyzing design hierarchy..
Top module:  \ffn_tile_reg
Used module:     \ffn_tile
Used module:         $paramod$1c57f82a7905430256b56fd72f6f459066a99338\add_tree
Removing unused module `\add_tree'.
Removed 1 unused modules.

3. Executing PROC pass (convert processes to netlists).

3.1. Executing PROC_CLEAN pass (remove empty switches from decision trees).
Found and cleaned up 1 empty switch in `\ffn_tile.$proc$/Users/toprakgundogdu/qwen-ffn-rom/rtl/ffn_tile_16x16_b2_reg.v:103$2208'.
Found and cleaned up 1 empty switch in `\ffn_tile.$proc$/Users/toprakgundogdu/qwen-ffn-rom/rtl/ffn_tile_16x16_b2_reg.v:103$2202'.
Found and cleaned up 1 empty switch in `\ffn_tile.$proc$/Users/toprakgundogdu/qwen-ffn-rom/rtl/ffn_tile_16x16_b2_reg.v:103$2196'.
Found and cleaned up 1 empty switch in `\ffn_tile.$proc$/Users/toprakgundogdu/qwen-ffn-rom/rtl/ffn_tile_16x16_b2_reg.v:103$2190'.
Found and cleaned up 1 empty switch in `\ffn_tile.$proc$/Users/toprakgundogdu/qwen-ffn-rom/rtl/ffn_tile_16x16_b2_reg.v:103$2183'.
Found and cleaned up 1 empty switch in `\ffn_tile.$proc$/Users/toprakgundogdu/qwen-ffn-rom/rtl/ffn_tile_16x16_b2_reg.v:103$2177'.
Found and cleaned up 1 empty switch in `\ffn_tile.$proc$/Users/toprakgundogdu/qwen-ffn-rom/rtl/ffn_tile_16x16_b2_reg.v:103$2171'.
Found and cleaned up 1 empty switch in `\ffn_tile.$proc$/Users/toprakgundogdu/qwen-ffn-rom/rtl/ffn_tile_16x16_b2_reg.v:103$2165'.
Found and cleaned up 1 empty switch in `\ffn_tile.$proc$/Users/toprakgundogdu/qwen-ffn-rom/rtl/ffn_tile_16x16_b2_reg.v:103$2159'.
Found and cleaned up 1 empty switch in `\ffn_tile.$proc$/Users/toprakgundogdu/qwen-ffn-rom/rtl/ffn_tile_16x16_b2_reg.v:103$2152'.
Found and cleaned up 1 empty switch in `\ffn_tile.$proc$/Users/toprakgundogdu/qwen-ffn-rom/rtl/ffn_tile_16x16_b2_reg.v:103$2146'.
Found and cleaned up 1 empty switch in `\ffn_tile.$proc$/Users/toprakgundogdu/qwen-ffn-rom/rtl/ffn_tile_16x16_b2_reg.v:103$2140'.
Found and cleaned up 1 empty switch in `\ffn_tile.$proc$/Users/toprakgundogdu/qwen-ffn-rom/rtl/ffn_tile_16x16_b2_reg.v:103$2134'.
Found and cleaned up 1 empty switch in `\ffn_tile.$proc$/Users/toprakgundogdu/qwen-ffn-rom/rtl/ffn_tile_16x16_b2_reg.v:103$2127'.
Found and cleaned up 1 empty switch in `\ffn_tile.$proc$/Users/toprakgundogdu/qwen-ffn-rom/rtl/ffn_tile_16x16_b2_reg.v:103$2121'.
Found and cleaned up 1 empty switch in `\ffn_tile.$proc$/Users/toprakgundogdu/qwen-ffn-rom/rtl/ffn_tile_16x16_b2_reg.v:103$2115'.
Found and cleaned up 1 empty switch in `\ffn_tile.$proc$/Users/toprakgundogdu/qwen-ffn-rom/rtl/ffn_tile_16x16_b2_reg.v:103$2109'.
Found and cleaned up 1 empty switch in `\ffn_tile.$proc$/Users/toprakgundogdu/qwen-ffn-rom/rtl/ffn_tile_16x16_b2_reg.v:103$2103'.
Found and cleaned up 1 empty switch in `\ffn_tile.$proc$/Users/toprakgundogdu/qwen-ffn-rom/rtl/ffn_tile_16x16_b2_reg.v:103$2097'.
Found and cleaned up 1 empty switch in `\ffn_tile.$proc$/Users/toprakgundogdu/qwen-ffn-rom/rtl/ffn_tile_16x16_b2_reg.v:103$2091'.
Found and cleaned up 1 empty switch in `\ffn_tile.$proc$/Users/toprakgundogdu/qwen-ffn-rom/rtl/ffn_tile_16x16_b2_reg.v:103$2085'.
Found and cleaned up 1 empty switch in `\ffn_tile.$proc$/Users/toprakgundogdu/qwen-ffn-rom/rtl/ffn_tile_16x16_b2_reg.v:103$2079'.
Found and cleaned up 1 empty switch in `\ffn_tile.$proc$/Users/toprakgundogdu/qwen-ffn-rom/rtl/ffn_tile_16x16_b2_reg.v:103$2073'.
Found and cleaned up 1 empty switch in `\ffn_tile.$proc$/Users/toprakgundogdu/qwen-ffn-rom/rtl/ffn_tile_16x16_b2_reg.v:103$2067'.
Found and cleaned up 1 empty switch in `\ffn_tile.$proc$/Users/toprakgundogdu/qwen-ffn-rom/rtl/ffn_tile_16x16_b2_reg.v:103$2061'.
Found and cleaned up 1 empty switch in `\ffn_tile.$proc$/Users/toprakgundogdu/qwen-ffn-rom/rtl/ffn_tile_16x16_b2_reg.v:103$2055'.
Found and cleaned up 1 empty switch in `\ffn_tile.$proc$/Users/toprakgundogdu/qwen-ffn-rom/rtl/ffn_tile_16x16_b2_reg.v:103$2049'.
Found and cleaned up 1 empty switch in `\ffn_tile.$proc$/Users/toprakgundogdu/qwen-ffn-rom/rtl/ffn_tile_16x16_b2_reg.v:103$2043'.
Found and cleaned up 1 empty switch in `\ffn_tile.$proc$/Users/toprakgundogdu/qwen-ffn-rom/rtl/ffn_tile_16x16_b2_reg.v:103$2036'.
Found and cleaned up 1 empty switch in `\ffn_tile.$proc$/Users/toprakgundogdu/qwen-ffn-rom/rtl/ffn_tile_16x16_b2_reg.v:103$2030'.
Found and cleaned up 1 empty switch in `\ffn_tile.$proc$/Users/toprakgundogdu/qwen-ffn-rom/rtl/ffn_tile_16x16_b2_reg.v:103$2024'.
Found and cleaned up 1 empty switch in `\ffn_tile.$proc$/Users/toprakgundogdu/qwen-ffn-rom/rtl/ffn_tile_16x16_b2_reg.v:103$2018'.
Found and cleaned up 1 empty switch in `\ffn_tile.$proc$/Users/toprakgundogdu/qwen-ffn-rom/rtl/ffn_tile_16x16_b2_reg.v:103$2012'.
Found and cleaned up 1 empty switch in `\ffn_tile.$proc$/Users/toprakgundogdu/qwen-ffn-rom/rtl/ffn_tile_16x16_b2_reg.v:103$2006'.
Found and cleaned up 1 empty switch in `\ffn_tile.$proc$/Users/toprakgundogdu/qwen-ffn-rom/rtl/ffn_tile_16x16_b2_reg.v:103$2000'.
Found and cleaned up 1 empty switch in `\ffn_tile.$proc$/Users/toprakgundogdu/qwen-ffn-rom/rtl/ffn_tile_16x16_b2_reg.v:103$1994'.
Found and cleaned up 1 empty switch in `\ffn_tile.$proc$/Users/toprakgundogdu/qwen-ffn-rom/rtl/ffn_tile_16x16_b2_reg.v:103$1988'.
Found and cleaned up 1 empty switch in `\ffn_tile.$proc$/Users/toprakgundogdu/qwen-ffn-rom/rtl/ffn_tile_16x16_b2_reg.v:103$1982'.
Found and cleaned up 1 empty switch in `\ffn_tile.$proc$/Users/toprakgundogdu/qwen-ffn-rom/rtl/ffn_tile_16x16_b2_reg.v:103$1976'.
Found and cleaned up 1 empty switch in `\ffn_tile.$proc$/Users/toprakgundogdu/qwen-ffn-rom/rtl/ffn_tile_16x16_b2_reg.v:103$1969'.
Found and cleaned up 1 empty switch in `\ffn_tile.$proc$/Users/toprakgundogdu/qwen-ffn-rom/rtl/ffn_tile_16x16_b2_reg.v:103$1963'.
Found and cleaned up 1 empty switch in `\ffn_tile.$proc$/Users/toprakgundogdu/qwen-ffn-rom/rtl/ffn_tile_16x16_b2_reg.v:103$1957'.
Found and cleaned up 1 empty switch in `\ffn_tile.$proc$/Users/toprakgundogdu/qwen-ffn-rom/rtl/ffn_tile_16x16_b2_reg.v:103$1951'.
Found and cleaned up 1 empty switch in `\ffn_tile.$proc$/Users/toprakgundogdu/qwen-ffn-rom/rtl/ffn_tile_16x16_b2_reg.v:103$1945'.
Found and cleaned up 1 empty switch in `\ffn_tile.$proc$/Users/toprakgundogdu/qwen-ffn-rom/rtl/ffn_tile_16x16_b2_reg.v:103$1939'.
Found and cleaned up 1 empty switch in `\ffn_tile.$proc$/Users/toprakgundogdu/qwen-ffn-rom/rtl/ffn_tile_16x16_b2_reg.v:103$1932'.
Found and cleaned up 1 empty switch in `\ffn_tile.$proc$/Users/toprakgundogdu/qwen-ffn-rom/rtl/ffn_tile_16x16_b2_reg.v:103$1925'.
Found and cleaned up 1 empty switch in `\ffn_tile.$proc$/Users/toprakgundogdu/qwen-ffn-rom/rtl/ffn_tile_16x16_b2_reg.v:103$1918'.
Found and cleaned up 1 empty switch in `\ffn_tile.$proc$/Users/toprakgundogdu/qwen-ffn-rom/rtl/ffn_tile_16x16_b2_reg.v:103$1912'.
Found and cleaned up 1 empty switch in `\ffn_tile.$proc$/Users/toprakgundogdu/qwen-ffn-rom/rtl/ffn_tile_16x16_b2_reg.v:103$1905'.
Found and cleaned up 1 empty switch in `\ffn_tile.$proc$/Users/toprakgundogdu/qwen-ffn-rom/rtl/ffn_tile_16x16_b2_reg.v:103$1899'.
Found and cleaned up 1 empty switch in `\ffn_tile.$proc$/Users/toprakgundogdu/qwen-ffn-rom/rtl/ffn_tile_16x16_b2_reg.v:103$1893'.
Found and cleaned up 1 empty switch in `\ffn_tile.$proc$/Users/toprakgundogdu/qwen-ffn-rom/rtl/ffn_tile_16x16_b2_reg.v:103$1887'.
Found and cleaned up 1 empty switch in `\ffn_tile.$proc$/Users/toprakgundogdu/qwen-ffn-rom/rtl/ffn_tile_16x16_b2_reg.v:103$1881'.
Found and cleaned up 1 empty switch in `\ffn_tile.$proc$/Users/toprakgundogdu/qwen-ffn-rom/rtl/ffn_tile_16x16_b2_reg.v:103$1875'.
Found and cleaned up 1 empty switch in `\ffn_tile.$proc$/Users/toprakgundogdu/qwen-ffn-rom/rtl/ffn_tile_16x16_b2_reg.v:103$1869'.
Found and cleaned up 1 empty switch in `\ffn_tile.$proc$/Users/toprakgundogdu/qwen-ffn-rom/rtl/ffn_tile_16x16_b2_reg.v:103$1863'.
Found and cleaned up 1 empty switch in `\ffn_tile.$proc$/Users/toprakgundogdu/qwen-ffn-rom/rtl/ffn_tile_16x16_b2_reg.v:103$1856'.
Found and cleaned up 1 empty switch in `\ffn_tile.$proc$/Users/toprakgundogdu/qwen-ffn-rom/rtl/ffn_tile_16x16_b2_reg.v:103$1850'.
Found and cleaned up 1 empty switch in `\ffn_tile.$proc$/Users/toprakgundogdu/qwen-ffn-rom/rtl/ffn_tile_16x16_b2_reg.v:103$1844'.
Found and cleaned up 1 empty switch in `\ffn_tile.$proc$/Users/toprakgundogdu/qwen-ffn-rom/rtl/ffn_tile_16x16_b2_reg.v:103$1837'.
Found and cleaned up 1 empty switch in `\ffn_tile.$proc$/Users/toprakgundogdu/qwen-ffn-rom/rtl/ffn_tile_16x16_b2_reg.v:103$1831'.
Found and cleaned up 1 empty switch in `\ffn_tile.$proc$/Users/toprakgundogdu/qwen-ffn-rom/rtl/ffn_tile_16x16_b2_reg.v:103$1825'.
Found and cleaned up 1 empty switch in `\ffn_tile.$proc$/Users/toprakgundogdu/qwen-ffn-rom/rtl/ffn_tile_16x16_b2_reg.v:103$1819'.
Found and cleaned up 1 empty switch in `\ffn_tile.$proc$/Users/toprakgundogdu/qwen-ffn-rom/rtl/ffn_tile_16x16_b2_reg.v:103$1813'.
Found and cleaned up 1 empty switch in `\ffn_tile.$proc$/Users/toprakgundogdu/qwen-ffn-rom/rtl/ffn_tile_16x16_b2_reg.v:103$1807'.
Found and cleaned up 1 empty switch in `\ffn_tile.$proc$/Users/toprakgundogdu/qwen-ffn-rom/rtl/ffn_tile_16x16_b2_reg.v:103$1801'.
Found and cleaned up 1 empty switch in `\ffn_tile.$proc$/Users/toprakgundogdu/qwen-ffn-rom/rtl/ffn_tile_16x16_b2_reg.v:103$1795'.
Found and cleaned up 1 empty switch in `\ffn_tile.$proc$/Users/toprakgundogdu/qwen-ffn-rom/rtl/ffn_tile_16x16_b2_reg.v:103$1789'.
Found and cleaned up 1 empty switch in `\ffn_tile.$proc$/Users/toprakgundogdu/qwen-ffn-rom/rtl/ffn_tile_16x16_b2_reg.v:103$1783'.
Found and cleaned up 1 empty switch in `\ffn_tile.$proc$/Users/toprakgundogdu/qwen-ffn-rom/rtl/ffn_tile_16x16_b2_reg.v:103$1777'.
Found and cleaned up 1 empty switch in `\ffn_tile.$proc$/Users/toprakgundogdu/qwen-ffn-rom/rtl/ffn_tile_16x16_b2_reg.v:103$1771'.
Found and cleaned up 1 empty switch in `\ffn_tile.$proc$/Users/toprakgundogdu/qwen-ffn-rom/rtl/ffn_tile_16x16_b2_reg.v:103$1765'.
Found and cleaned up 1 empty switch in `\ffn_tile.$proc$/Users/toprakgundogdu/qwen-ffn-rom/rtl/ffn_tile_16x16_b2_reg.v:103$1759'.
Found and cleaned up 1 empty switch in `\ffn_tile.$proc$/Users/toprakgundogdu/qwen-ffn-rom/rtl/ffn_tile_16x16_b2_reg.v:103$1753'.
Found and cleaned up 1 empty switch in `\ffn_tile.$proc$/Users/toprakgundogdu/qwen-ffn-rom/rtl/ffn_tile_16x16_b2_reg.v:103$1747'.
Found and cleaned up 1 empty switch in `\ffn_tile.$proc$/Users/toprakgundogdu/qwen-ffn-rom/rtl/ffn_tile_16x16_b2_reg.v:103$1741'.
Found and cleaned up 1 empty switch in `\ffn_tile.$proc$/Users/toprakgundogdu/qwen-ffn-rom/rtl/ffn_tile_16x16_b2_reg.v:103$1735'.
Found and cleaned up 1 empty switch in `\ffn_tile.$proc$/Users/toprakgundogdu/qwen-ffn-rom/rtl/ffn_tile_16x16_b2_reg.v:103$1729'.
Found and cleaned up 1 empty switch in `\ffn_tile.$proc$/Users/toprakgundogdu/qwen-ffn-rom/rtl/ffn_tile_16x16_b2_reg.v:103$1723'.
Found and cleaned up 1 empty switch in `\ffn_tile.$proc$/Users/toprakgundogdu/qwen-ffn-rom/rtl/ffn_tile_16x16_b2_reg.v:103$1717'.
Found and cleaned up 1 empty switch in `\ffn_tile.$proc$/Users/toprakgundogdu/qwen-ffn-rom/rtl/ffn_tile_16x16_b2_reg.v:103$1711'.
Found and cleaned up 1 empty switch in `\ffn_tile.$proc$/Users/toprakgundogdu/qwen-ffn-rom/rtl/ffn_tile_16x16_b2_reg.v:103$1705'.
Found and cleaned up 1 empty switch in `\ffn_tile.$proc$/Users/toprakgundogdu/qwen-ffn-rom/rtl/ffn_tile_16x16_b2_reg.v:103$1699'.
Found and cleaned up 1 empty switch in `\ffn_tile.$proc$/Users/toprakgundogdu/qwen-ffn-rom/rtl/ffn_tile_16x16_b2_reg.v:103$1693'.
Found and cleaned up 1 empty switch in `\ffn_tile.$proc$/Users/toprakgundogdu/qwen-ffn-rom/rtl/ffn_tile_16x16_b2_reg.v:103$1687'.
Found and cleaned up 1 empty switch in `\ffn_tile.$proc$/Users/toprakgundogdu/qwen-ffn-rom/rtl/ffn_tile_16x16_b2_reg.v:103$1681'.
Found and cleaned up 1 empty switch in `\ffn_tile.$proc$/Users/toprakgundogdu/qwen-ffn-rom/rtl/ffn_tile_16x16_b2_reg.v:103$1675'.
Found and cleaned up 1 empty switch in `\ffn_tile.$proc$/Users/toprakgundogdu/qwen-ffn-rom/rtl/ffn_tile_16x16_b2_reg.v:103$1668'.
Found and cleaned up 1 empty switch in `\ffn_tile.$proc$/Users/toprakgundogdu/qwen-ffn-rom/rtl/ffn_tile_16x16_b2_reg.v:103$1662'.
Found and cleaned up 1 empty switch in `\ffn_tile.$proc$/Users/toprakgundogdu/qwen-ffn-rom/rtl/ffn_tile_16x16_b2_reg.v:103$1656'.
Found and cleaned up 1 empty switch in `\ffn_tile.$proc$/Users/toprakgundogdu/qwen-ffn-rom/rtl/ffn_tile_16x16_b2_reg.v:103$1650'.
Found and cleaned up 1 empty switch in `\ffn_tile.$proc$/Users/toprakgundogdu/qwen-ffn-rom/rtl/ffn_tile_16x16_b2_reg.v:103$1644'.
Found and cleaned up 1 empty switch in `\ffn_tile.$proc$/Users/toprakgundogdu/qwen-ffn-rom/rtl/ffn_tile_16x16_b2_reg.v:103$1638'.
Found and cleaned up 1 empty switch in `\ffn_tile.$proc$/Users/toprakgundogdu/qwen-ffn-rom/rtl/ffn_tile_16x16_b2_reg.v:103$1632'.
Found and cleaned up 1 empty switch in `\ffn_tile.$proc$/Users/toprakgundogdu/qwen-ffn-rom/rtl/ffn_tile_16x16_b2_reg.v:103$1625'.
Found and cleaned up 1 empty switch in `\ffn_tile.$proc$/Users/toprakgundogdu/qwen-ffn-rom/rtl/ffn_tile_16x16_b2_reg.v:103$1619'.
Found and cleaned up 1 empty switch in `\ffn_tile.$proc$/Users/toprakgundogdu/qwen-ffn-rom/rtl/ffn_tile_16x16_b2_reg.v:103$1613'.
Found and cleaned up 1 empty switch in `\ffn_tile.$proc$/Users/toprakgundogdu/qwen-ffn-rom/rtl/ffn_tile_16x16_b2_reg.v:103$1607'.
Found and cleaned up 1 empty switch in `\ffn_tile.$proc$/Users/toprakgundogdu/qwen-ffn-rom/rtl/ffn_tile_16x16_b2_reg.v:103$1601'.
Found and cleaned up 1 empty switch in `\ffn_tile.$proc$/Users/toprakgundogdu/qwen-ffn-rom/rtl/ffn_tile_16x16_b2_reg.v:103$1595'.
Found and cleaned up 1 empty switch in `\ffn_tile.$proc$/Users/toprakgundogdu/qwen-ffn-rom/rtl/ffn_tile_16x16_b2_reg.v:103$1588'.
Found and cleaned up 1 empty switch in `\ffn_tile.$proc$/Users/toprakgundogdu/qwen-ffn-rom/rtl/ffn_tile_16x16_b2_reg.v:103$1582'.
Found and cleaned up 1 empty switch in `\ffn_tile.$proc$/Users/toprakgundogdu/qwen-ffn-rom/rtl/ffn_tile_16x16_b2_reg.v:103$1576'.
Found and cleaned up 1 empty switch in `\ffn_tile.$proc$/Users/toprakgundogdu/qwen-ffn-rom/rtl/ffn_tile_16x16_b2_reg.v:103$1570'.
Found and cleaned up 1 empty switch in `\ffn_tile.$proc$/Users/toprakgundogdu/qwen-ffn-rom/rtl/ffn_tile_16x16_b2_reg.v:103$1564'.
Found and cleaned up 1 empty switch in `\ffn_tile.$proc$/Users/toprakgundogdu/qwen-ffn-rom/rtl/ffn_tile_16x16_b2_reg.v:103$1558'.
Found and cleaned up 1 empty switch in `\ffn_tile.$proc$/Users/toprakgundogdu/qwen-ffn-rom/rtl/ffn_tile_16x16_b2_reg.v:103$1552'.
Found and cleaned up 1 empty switch in `\ffn_tile.$proc$/Users/toprakgundogdu/qwen-ffn-rom/rtl/ffn_tile_16x16_b2_reg.v:103$1546'.
Found and cleaned up 1 empty switch in `\ffn_tile.$proc$/Users/toprakgundogdu/qwen-ffn-rom/rtl/ffn_tile_16x16_b2_reg.v:103$1540'.
Found and cleaned up 1 empty switch in `\ffn_tile.$proc$/Users/toprakgundogdu/qwen-ffn-rom/rtl/ffn_tile_16x16_b2_reg.v:103$1534'.
Found and cleaned up 1 empty switch in `\ffn_tile.$proc$/Users/toprakgundogdu/qwen-ffn-rom/rtl/ffn_tile_16x16_b2_reg.v:103$1528'.
Found and cleaned up 1 empty switch in `\ffn_tile.$proc$/Users/toprakgundogdu/qwen-ffn-rom/rtl/ffn_tile_16x16_b2_reg.v:103$1522'.
Found and cleaned up 1 empty switch in `\ffn_tile.$proc$/Users/toprakgundogdu/qwen-ffn-rom/rtl/ffn_tile_16x16_b2_reg.v:103$1516'.
Found and cleaned up 1 empty switch in `\ffn_tile.$proc$/Users/toprakgundogdu/qwen-ffn-rom/rtl/ffn_tile_16x16_b2_reg.v:103$1510'.
Found and cleaned up 1 empty switch in `\ffn_tile.$proc$/Users/toprakgundogdu/qwen-ffn-rom/rtl/ffn_tile_16x16_b2_reg.v:103$1504'.
Found and cleaned up 1 empty switch in `\ffn_tile.$proc$/Users/toprakgundogdu/qwen-ffn-rom/rtl/ffn_tile_16x16_b2_reg.v:103$1498'.
Found and cleaned up 1 empty switch in `\ffn_tile.$proc$/Users/toprakgundogdu/qwen-ffn-rom/rtl/ffn_tile_16x16_b2_reg.v:103$1492'.
Found and cleaned up 1 empty switch in `\ffn_tile.$proc$/Users/toprakgundogdu/qwen-ffn-rom/rtl/ffn_tile_16x16_b2_reg.v:103$1486'.
Found and cleaned up 1 empty switch in `\ffn_tile.$proc$/Users/toprakgundogdu/qwen-ffn-rom/rtl/ffn_tile_16x16_b2_reg.v:103$1480'.
Found and cleaned up 1 empty switch in `\ffn_tile.$proc$/Users/toprakgundogdu/qwen-ffn-rom/rtl/ffn_tile_16x16_b2_reg.v:103$1474'.
Found and cleaned up 1 empty switch in `\ffn_tile.$proc$/Users/toprakgundogdu/qwen-ffn-rom/rtl/ffn_tile_16x16_b2_reg.v:103$1468'.
Found and cleaned up 1 empty switch in `\ffn_tile.$proc$/Users/toprakgundogdu/qwen-ffn-rom/rtl/ffn_tile_16x16_b2_reg.v:103$1462'.
Found and cleaned up 1 empty switch in `\ffn_tile.$proc$/Users/toprakgundogdu/qwen-ffn-rom/rtl/ffn_tile_16x16_b2_reg.v:103$1456'.
Found and cleaned up 1 empty switch in `\ffn_tile.$proc$/Users/toprakgundogdu/qwen-ffn-rom/rtl/ffn_tile_16x16_b2_reg.v:103$1450'.
Found and cleaned up 1 empty switch in `\ffn_tile.$proc$/Users/toprakgundogdu/qwen-ffn-rom/rtl/ffn_tile_16x16_b2_reg.v:103$1444'.
Found and cleaned up 1 empty switch in `\ffn_tile.$proc$/Users/toprakgundogdu/qwen-ffn-rom/rtl/ffn_tile_16x16_b2_reg.v:103$1438'.
Found and cleaned up 1 empty switch in `\ffn_tile.$proc$/Users/toprakgundogdu/qwen-ffn-rom/rtl/ffn_tile_16x16_b2_reg.v:103$1431'.
Found and cleaned up 1 empty switch in `\ffn_tile.$proc$/Users/toprakgundogdu/qwen-ffn-rom/rtl/ffn_tile_16x16_b2_reg.v:103$1425'.
Found and cleaned up 1 empty switch in `\ffn_tile.$proc$/Users/toprakgundogdu/qwen-ffn-rom/rtl/ffn_tile_16x16_b2_reg.v:103$1419'.
Found and cleaned up 1 empty switch in `\ffn_tile.$proc$/Users/toprakgundogdu/qwen-ffn-rom/rtl/ffn_tile_16x16_b2_reg.v:103$1413'.
Found and cleaned up 1 empty switch in `\ffn_tile.$proc$/Users/toprakgundogdu/qwen-ffn-rom/rtl/ffn_tile_16x16_b2_reg.v:103$1407'.
Found and cleaned up 1 empty switch in `\ffn_tile.$proc$/Users/toprakgundogdu/qwen-ffn-rom/rtl/ffn_tile_16x16_b2_reg.v:103$1401'.
Found and cleaned up 1 empty switch in `\ffn_tile.$proc$/Users/toprakgundogdu/qwen-ffn-rom/rtl/ffn_tile_16x16_b2_reg.v:103$1395'.
Found and cleaned up 1 empty switch in `\ffn_tile.$proc$/Users/toprakgundogdu/qwen-ffn-rom/rtl/ffn_tile_16x16_b2_reg.v:103$1388'.
Found and cleaned up 1 empty switch in `\ffn_tile.$proc$/Users/toprakgundogdu/qwen-ffn-rom/rtl/ffn_tile_16x16_b2_reg.v:103$1382'.
Found and cleaned up 1 empty switch in `\ffn_tile.$proc$/Users/toprakgundogdu/qwen-ffn-rom/rtl/ffn_tile_16x16_b2_reg.v:103$1376'.
Found and cleaned up 1 empty switch in `\ffn_tile.$proc$/Users/toprakgundogdu/qwen-ffn-rom/rtl/ffn_tile_16x16_b2_reg.v:103$1370'.
Found and cleaned up 1 empty switch in `\ffn_tile.$proc$/Users/toprakgundogdu/qwen-ffn-rom/rtl/ffn_tile_16x16_b2_reg.v:103$1364'.
Found and cleaned up 1 empty switch in `\ffn_tile.$proc$/Users/toprakgundogdu/qwen-ffn-rom/rtl/ffn_tile_16x16_b2_reg.v:103$1358'.
Found and cleaned up 1 empty switch in `\ffn_tile.$proc$/Users/toprakgundogdu/qwen-ffn-rom/rtl/ffn_tile_16x16_b2_reg.v:103$1351'.
Found and cleaned up 1 empty switch in `\ffn_tile.$proc$/Users/toprakgundogdu/qwen-ffn-rom/rtl/ffn_tile_16x16_b2_reg.v:103$1345'.
Found and cleaned up 1 empty switch in `\ffn_tile.$proc$/Users/toprakgundogdu/qwen-ffn-rom/rtl/ffn_tile_16x16_b2_reg.v:103$1338'.
Found and cleaned up 1 empty switch in `\ffn_tile.$proc$/Users/toprakgundogdu/qwen-ffn-rom/rtl/ffn_tile_16x16_b2_reg.v:103$1332'.
Found and cleaned up 1 empty switch in `\ffn_tile.$proc$/Users/toprakgundogdu/qwen-ffn-rom/rtl/ffn_tile_16x16_b2_reg.v:103$1326'.
Found and cleaned up 1 empty switch in `\ffn_tile.$proc$/Users/toprakgundogdu/qwen-ffn-rom/rtl/ffn_tile_16x16_b2_reg.v:103$1320'.
Found and cleaned up 1 empty switch in `\ffn_tile.$proc$/Users/toprakgundogdu/qwen-ffn-rom/rtl/ffn_tile_16x16_b2_reg.v:103$1314'.
Found and cleaned up 1 empty switch in `\ffn_tile.$proc$/Users/toprakgundogdu/qwen-ffn-rom/rtl/ffn_tile_16x16_b2_reg.v:103$1308'.
Found and cleaned up 1 empty switch in `\ffn_tile.$proc$/Users/toprakgundogdu/qwen-ffn-rom/rtl/ffn_tile_16x16_b2_reg.v:103$1302'.
Found and cleaned up 1 empty switch in `\ffn_tile.$proc$/Users/toprakgundogdu/qwen-ffn-rom/rtl/ffn_tile_16x16_b2_reg.v:103$1295'.
Found and cleaned up 1 empty switch in `\ffn_tile.$proc$/Users/toprakgundogdu/qwen-ffn-rom/rtl/ffn_tile_16x16_b2_reg.v:103$1289'.
Found and cleaned up 1 empty switch in `\ffn_tile.$proc$/Users/toprakgundogdu/qwen-ffn-rom/rtl/ffn_tile_16x16_b2_reg.v:103$1283'.
Found and cleaned up 1 empty switch in `\ffn_tile.$proc$/Users/toprakgundogdu/qwen-ffn-rom/rtl/ffn_tile_16x16_b2_reg.v:103$1277'.
Found and cleaned up 1 empty switch in `\ffn_tile.$proc$/Users/toprakgundogdu/qwen-ffn-rom/rtl/ffn_tile_16x16_b2_reg.v:103$1271'.
Found and cleaned up 1 empty switch in `\ffn_tile.$proc$/Users/toprakgundogdu/qwen-ffn-rom/rtl/ffn_tile_16x16_b2_reg.v:103$1265'.
Found and cleaned up 1 empty switch in `\ffn_tile.$proc$/Users/toprakgundogdu/qwen-ffn-rom/rtl/ffn_tile_16x16_b2_reg.v:103$1258'.
Found and cleaned up 1 empty switch in `\ffn_tile.$proc$/Users/toprakgundogdu/qwen-ffn-rom/rtl/ffn_tile_16x16_b2_reg.v:103$1252'.
Found and cleaned up 1 empty switch in `\ffn_tile.$proc$/Users/toprakgundogdu/qwen-ffn-rom/rtl/ffn_tile_16x16_b2_reg.v:103$1246'.
Found and cleaned up 1 empty switch in `\ffn_tile.$proc$/Users/toprakgundogdu/qwen-ffn-rom/rtl/ffn_tile_16x16_b2_reg.v:103$1240'.
Found and cleaned up 1 empty switch in `\ffn_tile.$proc$/Users/toprakgundogdu/qwen-ffn-rom/rtl/ffn_tile_16x16_b2_reg.v:103$1234'.
Found and cleaned up 1 empty switch in `\ffn_tile.$proc$/Users/toprakgundogdu/qwen-ffn-rom/rtl/ffn_tile_16x16_b2_reg.v:103$1228'.
Found and cleaned up 1 empty switch in `\ffn_tile.$proc$/Users/toprakgundogdu/qwen-ffn-rom/rtl/ffn_tile_16x16_b2_reg.v:103$1222'.
Found and cleaned up 1 empty switch in `\ffn_tile.$proc$/Users/toprakgundogdu/qwen-ffn-rom/rtl/ffn_tile_16x16_b2_reg.v:103$1216'.
Found and cleaned up 1 empty switch in `\ffn_tile.$proc$/Users/toprakgundogdu/qwen-ffn-rom/rtl/ffn_tile_16x16_b2_reg.v:103$1210'.
Found and cleaned up 1 empty switch in `\ffn_tile.$proc$/Users/toprakgundogdu/qwen-ffn-rom/rtl/ffn_tile_16x16_b2_reg.v:103$1203'.
Found and cleaned up 1 empty switch in `\ffn_tile.$proc$/Users/toprakgundogdu/qwen-ffn-rom/rtl/ffn_tile_16x16_b2_reg.v:103$1197'.
Found and cleaned up 1 empty switch in `\ffn_tile.$proc$/Users/toprakgundogdu/qwen-ffn-rom/rtl/ffn_tile_16x16_b2_reg.v:103$1191'.
Found and cleaned up 1 empty switch in `\ffn_tile.$proc$/Users/toprakgundogdu/qwen-ffn-rom/rtl/ffn_tile_16x16_b2_reg.v:103$1185'.
Found and cleaned up 1 empty switch in `\ffn_tile.$proc$/Users/toprakgundogdu/qwen-ffn-rom/rtl/ffn_tile_16x16_b2_reg.v:103$1179'.
Found and cleaned up 1 empty switch in `\ffn_tile.$proc$/Users/toprakgundogdu/qwen-ffn-rom/rtl/ffn_tile_16x16_b2_reg.v:103$1173'.
Found and cleaned up 1 empty switch in `\ffn_tile.$proc$/Users/toprakgundogdu/qwen-ffn-rom/rtl/ffn_tile_16x16_b2_reg.v:103$1167'.
Found and cleaned up 1 empty switch in `\ffn_tile.$proc$/Users/toprakgundogdu/qwen-ffn-rom/rtl/ffn_tile_16x16_b2_reg.v:103$1161'.
Found and cleaned up 1 empty switch in `\ffn_tile.$proc$/Users/toprakgundogdu/qwen-ffn-rom/rtl/ffn_tile_16x16_b2_reg.v:103$1155'.
Found and cleaned up 1 empty switch in `\ffn_tile.$proc$/Users/toprakgundogdu/qwen-ffn-rom/rtl/ffn_tile_16x16_b2_reg.v:103$1149'.
Found and cleaned up 1 empty switch in `\ffn_tile.$proc$/Users/toprakgundogdu/qwen-ffn-rom/rtl/ffn_tile_16x16_b2_reg.v:103$1143'.
Found and cleaned up 1 empty switch in `\ffn_tile.$proc$/Users/toprakgundogdu/qwen-ffn-rom/rtl/ffn_tile_16x16_b2_reg.v:103$1137'.
Found and cleaned up 1 empty switch in `\ffn_tile.$proc$/Users/toprakgundogdu/qwen-ffn-rom/rtl/ffn_tile_16x16_b2_reg.v:103$1130'.
Found and cleaned up 1 empty switch in `\ffn_tile.$proc$/Users/toprakgundogdu/qwen-ffn-rom/rtl/ffn_tile_16x16_b2_reg.v:103$1124'.
Found and cleaned up 1 empty switch in `\ffn_tile.$proc$/Users/toprakgundogdu/qwen-ffn-rom/rtl/ffn_tile_16x16_b2_reg.v:103$1117'.
Found and cleaned up 1 empty switch in `\ffn_tile.$proc$/Users/toprakgundogdu/qwen-ffn-rom/rtl/ffn_tile_16x16_b2_reg.v:103$1111'.
Found and cleaned up 1 empty switch in `\ffn_tile.$proc$/Users/toprakgundogdu/qwen-ffn-rom/rtl/ffn_tile_16x16_b2_reg.v:103$1105'.
Found and cleaned up 1 empty switch in `\ffn_tile.$proc$/Users/toprakgundogdu/qwen-ffn-rom/rtl/ffn_tile_16x16_b2_reg.v:103$1099'.
Found and cleaned up 1 empty switch in `\ffn_tile.$proc$/Users/toprakgundogdu/qwen-ffn-rom/rtl/ffn_tile_16x16_b2_reg.v:103$1092'.
Found and cleaned up 1 empty switch in `\ffn_tile.$proc$/Users/toprakgundogdu/qwen-ffn-rom/rtl/ffn_tile_16x16_b2_reg.v:103$1086'.
Found and cleaned up 1 empty switch in `\ffn_tile.$proc$/Users/toprakgundogdu/qwen-ffn-rom/rtl/ffn_tile_16x16_b2_reg.v:103$1079'.
Found and cleaned up 1 empty switch in `\ffn_tile.$proc$/Users/toprakgundogdu/qwen-ffn-rom/rtl/ffn_tile_16x16_b2_reg.v:103$1073'.
Found and cleaned up 1 empty switch in `\ffn_tile.$proc$/Users/toprakgundogdu/qwen-ffn-rom/rtl/ffn_tile_16x16_b2_reg.v:103$1066'.
Found and cleaned up 1 empty switch in `\ffn_tile.$proc$/Users/toprakgundogdu/qwen-ffn-rom/rtl/ffn_tile_16x16_b2_reg.v:103$1060'.
Found and cleaned up 1 empty switch in `\ffn_tile.$proc$/Users/toprakgundogdu/qwen-ffn-rom/rtl/ffn_tile_16x16_b2_reg.v:103$1054'.
Found and cleaned up 1 empty switch in `\ffn_tile.$proc$/Users/toprakgundogdu/qwen-ffn-rom/rtl/ffn_tile_16x16_b2_reg.v:103$1048'.
Found and cleaned up 1 empty switch in `\ffn_tile.$proc$/Users/toprakgundogdu/qwen-ffn-rom/rtl/ffn_tile_16x16_b2_reg.v:103$1042'.
Found and cleaned up 1 empty switch in `\ffn_tile.$proc$/Users/toprakgundogdu/qwen-ffn-rom/rtl/ffn_tile_16x16_b2_reg.v:103$1036'.
Found and cleaned up 1 empty switch in `\ffn_tile.$proc$/Users/toprakgundogdu/qwen-ffn-rom/rtl/ffn_tile_16x16_b2_reg.v:103$1030'.
Found and cleaned up 1 empty switch in `\ffn_tile.$proc$/Users/toprakgundogdu/qwen-ffn-rom/rtl/ffn_tile_16x16_b2_reg.v:103$1024'.
Found and cleaned up 1 empty switch in `\ffn_tile.$proc$/Users/toprakgundogdu/qwen-ffn-rom/rtl/ffn_tile_16x16_b2_reg.v:103$1018'.
Found and cleaned up 1 empty switch in `\ffn_tile.$proc$/Users/toprakgundogdu/qwen-ffn-rom/rtl/ffn_tile_16x16_b2_reg.v:103$1012'.
Found and cleaned up 1 empty switch in `\ffn_tile.$proc$/Users/toprakgundogdu/qwen-ffn-rom/rtl/ffn_tile_16x16_b2_reg.v:103$1006'.
Found and cleaned up 1 empty switch in `\ffn_tile.$proc$/Users/toprakgundogdu/qwen-ffn-rom/rtl/ffn_tile_16x16_b2_reg.v:103$1000'.
Found and cleaned up 1 empty switch in `\ffn_tile.$proc$/Users/toprakgundogdu/qwen-ffn-rom/rtl/ffn_tile_16x16_b2_reg.v:103$994'.
Found and cleaned up 1 empty switch in `\ffn_tile.$proc$/Users/toprakgundogdu/qwen-ffn-rom/rtl/ffn_tile_16x16_b2_reg.v:103$988'.
Found and cleaned up 1 empty switch in `\ffn_tile.$proc$/Users/toprakgundogdu/qwen-ffn-rom/rtl/ffn_tile_16x16_b2_reg.v:103$982'.
Found and cleaned up 1 empty switch in `\ffn_tile.$proc$/Users/toprakgundogdu/qwen-ffn-rom/rtl/ffn_tile_16x16_b2_reg.v:103$975'.
Found and cleaned up 1 empty switch in `\ffn_tile.$proc$/Users/toprakgundogdu/qwen-ffn-rom/rtl/ffn_tile_16x16_b2_reg.v:103$968'.
Found and cleaned up 1 empty switch in `\ffn_tile.$proc$/Users/toprakgundogdu/qwen-ffn-rom/rtl/ffn_tile_16x16_b2_reg.v:103$962'.
Found and cleaned up 1 empty switch in `\ffn_tile.$proc$/Users/toprakgundogdu/qwen-ffn-rom/rtl/ffn_tile_16x16_b2_reg.v:103$955'.
Found and cleaned up 1 empty switch in `\ffn_tile.$proc$/Users/toprakgundogdu/qwen-ffn-rom/rtl/ffn_tile_16x16_b2_reg.v:103$949'.
Found and cleaned up 1 empty switch in `\ffn_tile.$proc$/Users/toprakgundogdu/qwen-ffn-rom/rtl/ffn_tile_16x16_b2_reg.v:103$943'.
Found and cleaned up 1 empty switch in `\ffn_tile.$proc$/Users/toprakgundogdu/qwen-ffn-rom/rtl/ffn_tile_16x16_b2_reg.v:103$937'.
Found and cleaned up 1 empty switch in `\ffn_tile.$proc$/Users/toprakgundogdu/qwen-ffn-rom/rtl/ffn_tile_16x16_b2_reg.v:103$931'.
Found and cleaned up 1 empty switch in `\ffn_tile.$proc$/Users/toprakgundogdu/qwen-ffn-rom/rtl/ffn_tile_16x16_b2_reg.v:103$925'.
Found and cleaned up 1 empty switch in `\ffn_tile.$proc$/Users/toprakgundogdu/qwen-ffn-rom/rtl/ffn_tile_16x16_b2_reg.v:103$919'.
Found and cleaned up 1 empty switch in `\ffn_tile.$proc$/Users/toprakgundogdu/qwen-ffn-rom/rtl/ffn_tile_16x16_b2_reg.v:103$913'.
Found and cleaned up 1 empty switch in `\ffn_tile.$proc$/Users/toprakgundogdu/qwen-ffn-rom/rtl/ffn_tile_16x16_b2_reg.v:103$907'.
Found and cleaned up 1 empty switch in `\ffn_tile.$proc$/Users/toprakgundogdu/qwen-ffn-rom/rtl/ffn_tile_16x16_b2_reg.v:103$901'.
Found and cleaned up 1 empty switch in `\ffn_tile.$proc$/Users/toprakgundogdu/qwen-ffn-rom/rtl/ffn_tile_16x16_b2_reg.v:103$895'.
Found and cleaned up 1 empty switch in `\ffn_tile.$proc$/Users/toprakgundogdu/qwen-ffn-rom/rtl/ffn_tile_16x16_b2_reg.v:103$888'.
Found and cleaned up 1 empty switch in `\ffn_tile.$proc$/Users/toprakgundogdu/qwen-ffn-rom/rtl/ffn_tile_16x16_b2_reg.v:103$881'.
Found and cleaned up 1 empty switch in `\ffn_tile.$proc$/Users/toprakgundogdu/qwen-ffn-rom/rtl/ffn_tile_16x16_b2_reg.v:103$875'.
Found and cleaned up 1 empty switch in `\ffn_tile.$proc$/Users/toprakgundogdu/qwen-ffn-rom/rtl/ffn_tile_16x16_b2_reg.v:103$868'.
Found and cleaned up 1 empty switch in `\ffn_tile.$proc$/Users/toprakgundogdu/qwen-ffn-rom/rtl/ffn_tile_16x16_b2_reg.v:103$862'.
Found and cleaned up 1 empty switch in `\ffn_tile.$proc$/Users/toprakgundogdu/qwen-ffn-rom/rtl/ffn_tile_16x16_b2_reg.v:103$855'.
Found and cleaned up 1 empty switch in `\ffn_tile.$proc$/Users/toprakgundogdu/qwen-ffn-rom/rtl/ffn_tile_16x16_b2_reg.v:103$849'.
Found and cleaned up 1 empty switch in `\ffn_tile.$proc$/Users/toprakgundogdu/qwen-ffn-rom/rtl/ffn_tile_16x16_b2_reg.v:103$843'.
Found and cleaned up 1 empty switch in `\ffn_tile.$proc$/Users/toprakgundogdu/qwen-ffn-rom/rtl/ffn_tile_16x16_b2_reg.v:103$837'.
Found and cleaned up 1 empty switch in `\ffn_tile.$proc$/Users/toprakgundogdu/qwen-ffn-rom/rtl/ffn_tile_16x16_b2_reg.v:103$831'.
Found and cleaned up 1 empty switch in `\ffn_tile.$proc$/Users/toprakgundogdu/qwen-ffn-rom/rtl/ffn_tile_16x16_b2_reg.v:103$825'.
Found and cleaned up 1 empty switch in `\ffn_tile.$proc$/Users/toprakgundogdu/qwen-ffn-rom/rtl/ffn_tile_16x16_b2_reg.v:103$819'.
Found and cleaned up 1 empty switch in `\ffn_tile.$proc$/Users/toprakgundogdu/qwen-ffn-rom/rtl/ffn_tile_16x16_b2_reg.v:103$813'.
Found and cleaned up 1 empty switch in `\ffn_tile.$proc$/Users/toprakgundogdu/qwen-ffn-rom/rtl/ffn_tile_16x16_b2_reg.v:103$807'.
Found and cleaned up 1 empty switch in `\ffn_tile.$proc$/Users/toprakgundogdu/qwen-ffn-rom/rtl/ffn_tile_16x16_b2_reg.v:103$801'.
Found and cleaned up 1 empty switch in `\ffn_tile.$proc$/Users/toprakgundogdu/qwen-ffn-rom/rtl/ffn_tile_16x16_b2_reg.v:103$795'.
Found and cleaned up 1 empty switch in `\ffn_tile.$proc$/Users/toprakgundogdu/qwen-ffn-rom/rtl/ffn_tile_16x16_b2_reg.v:103$789'.
Found and cleaned up 1 empty switch in `\ffn_tile.$proc$/Users/toprakgundogdu/qwen-ffn-rom/rtl/ffn_tile_16x16_b2_reg.v:103$783'.
Found and cleaned up 1 empty switch in `\ffn_tile.$proc$/Users/toprakgundogdu/qwen-ffn-rom/rtl/ffn_tile_16x16_b2_reg.v:103$777'.
Found and cleaned up 1 empty switch in `\ffn_tile.$proc$/Users/toprakgundogdu/qwen-ffn-rom/rtl/ffn_tile_16x16_b2_reg.v:103$770'.
Found and cleaned up 1 empty switch in `\ffn_tile.$proc$/Users/toprakgundogdu/qwen-ffn-rom/rtl/ffn_tile_16x16_b2_reg.v:103$764'.
Found and cleaned up 1 empty switch in `\ffn_tile.$proc$/Users/toprakgundogdu/qwen-ffn-rom/rtl/ffn_tile_16x16_b2_reg.v:103$758'.
Found and cleaned up 1 empty switch in `\ffn_tile.$proc$/Users/toprakgundogdu/qwen-ffn-rom/rtl/ffn_tile_16x16_b2_reg.v:103$752'.
Found and cleaned up 1 empty switch in `\ffn_tile.$proc$/Users/toprakgundogdu/qwen-ffn-rom/rtl/ffn_tile_16x16_b2_reg.v:103$746'.
Found and cleaned up 1 empty switch in `\ffn_tile.$proc$/Users/toprakgundogdu/qwen-ffn-rom/rtl/ffn_tile_16x16_b2_reg.v:103$740'.
Found and cleaned up 1 empty switch in `\ffn_tile.$proc$/Users/toprakgundogdu/qwen-ffn-rom/rtl/ffn_tile_16x16_b2_reg.v:103$734'.
Found and cleaned up 1 empty switch in `\ffn_tile.$proc$/Users/toprakgundogdu/qwen-ffn-rom/rtl/ffn_tile_16x16_b2_reg.v:103$728'.
Found and cleaned up 1 empty switch in `\ffn_tile.$proc$/Users/toprakgundogdu/qwen-ffn-rom/rtl/ffn_tile_16x16_b2_reg.v:103$722'.
Found and cleaned up 1 empty switch in `\ffn_tile.$proc$/Users/toprakgundogdu/qwen-ffn-rom/rtl/ffn_tile_16x16_b2_reg.v:103$716'.
Found and cleaned up 1 empty switch in `\ffn_tile.$proc$/Users/toprakgundogdu/qwen-ffn-rom/rtl/ffn_tile_16x16_b2_reg.v:103$710'.
Found and cleaned up 1 empty switch in `\ffn_tile.$proc$/Users/toprakgundogdu/qwen-ffn-rom/rtl/ffn_tile_16x16_b2_reg.v:103$704'.
Found and cleaned up 1 empty switch in `\ffn_tile.$proc$/Users/toprakgundogdu/qwen-ffn-rom/rtl/ffn_tile_16x16_b2_reg.v:103$698'.
Found and cleaned up 1 empty switch in `\ffn_tile.$proc$/Users/toprakgundogdu/qwen-ffn-rom/rtl/ffn_tile_16x16_b2_reg.v:103$692'.
Found and cleaned up 1 empty switch in `\ffn_tile.$proc$/Users/toprakgundogdu/qwen-ffn-rom/rtl/ffn_tile_16x16_b2_reg.v:103$686'.
Found and cleaned up 1 empty switch in `\ffn_tile.$proc$/Users/toprakgundogdu/qwen-ffn-rom/rtl/ffn_tile_16x16_b2_reg.v:103$680'.
Found and cleaned up 1 empty switch in `\ffn_tile.$proc$/Users/toprakgundogdu/qwen-ffn-rom/rtl/ffn_tile_16x16_b2_reg.v:103$674'.
Found and cleaned up 1 empty switch in `\ffn_tile.$proc$/Users/toprakgundogdu/qwen-ffn-rom/rtl/ffn_tile_16x16_b2_reg.v:103$667'.
Found and cleaned up 1 empty switch in `\ffn_tile.$proc$/Users/toprakgundogdu/qwen-ffn-rom/rtl/ffn_tile_16x16_b2_reg.v:103$661'.
Found and cleaned up 1 empty switch in `\ffn_tile.$proc$/Users/toprakgundogdu/qwen-ffn-rom/rtl/ffn_tile_16x16_b2_reg.v:103$655'.
Found and cleaned up 1 empty switch in `\ffn_tile.$proc$/Users/toprakgundogdu/qwen-ffn-rom/rtl/ffn_tile_16x16_b2_reg.v:103$649'.
Found and cleaned up 1 empty switch in `\ffn_tile.$proc$/Users/toprakgundogdu/qwen-ffn-rom/rtl/ffn_tile_16x16_b2_reg.v:103$643'.
Cleaned up 256 empty switches.

3.2. Executing PROC_RMDEAD pass (remove dead branches from decision trees).
Removed a total of 0 dead cases.

3.3. Executing PROC_PRUNE pass (remove redundant assignments in processes).
Removed 0 redundant assignments.
Promoted 1557 assignments to connections.

3.4. Executing PROC_INIT pass (extract init attributes).

3.5. Executing PROC_ARST pass (detect async resets in processes).

3.6. Executing PROC_ROM pass (convert switches to ROMs).
Converted 0 switches.

3.7. Executing PROC_MUX pass (convert decision trees to multiplexers).
Creating decoders for process `\ffn_tile_reg.$proc$/Users/toprakgundogdu/qwen-ffn-rom/rtl/ffn_tile_16x16_b2_reg.v:127$2487'.
Creating decoders for process `\ffn_tile.$proc$/Users/toprakgundogdu/qwen-ffn-rom/rtl/ffn_tile_16x16_b2_reg.v:104$2486'.
Creating decoders for process `\ffn_tile.$proc$/Users/toprakgundogdu/qwen-ffn-rom/rtl/ffn_tile_16x16_b2_reg.v:104$2485'.
Creating decoders for process `\ffn_tile.$proc$/Users/toprakgundogdu/qwen-ffn-rom/rtl/ffn_tile_16x16_b2_reg.v:104$2484'.
Creating decoders for process `\ffn_tile.$proc$/Users/toprakgundogdu/qwen-ffn-rom/rtl/ffn_tile_16x16_b2_reg.v:104$2483'.
Creating decoders for process `\ffn_tile.$proc$/Users/toprakgundogdu/qwen-ffn-rom/rtl/ffn_tile_16x16_b2_reg.v:104$2482'.
Creating decoders for process `\ffn_tile.$proc$/Users/toprakgundogdu/qwen-ffn-rom/rtl/ffn_tile_16x16_b2_reg.v:104$2481'.
Creating decoders for process `\ffn_tile.$proc$/Users/toprakgundogdu/qwen-ffn-rom/rtl/ffn_tile_16x16_b2_reg.v:104$2480'.
Creating decoders for process `\ffn_tile.$proc$/Users/toprakgundogdu/qwen-ffn-rom/rtl/ffn_tile_16x16_b2_reg.v:104$2479'.
Creating decoders for process `\ffn_tile.$proc$/Users/toprakgundogdu/qwen-ffn-rom/rtl/ffn_tile_16x16_b2_reg.v:104$2478'.
Creating decoders for process `\ffn_tile.$proc$/Users/toprakgundogdu/qwen-ffn-rom/rtl/ffn_tile_16x16_b2_reg.v:104$2477'.
Creating decoders for process `\ffn_tile.$proc$/Users/toprakgundogdu/qwen-ffn-rom/rtl/ffn_tile_16x16_b2_reg.v:104$2476'.
Creating decoders for process `\ffn_tile.$proc$/Users/toprakgundogdu/qwen-ffn-rom/rtl/ffn_tile_16x16_b2_reg.v:104$2475'.
Creating decoders for process `\ffn_tile.$proc$/Users/toprakgundogdu/qwen-ffn-rom/rtl/ffn_tile_16x16_b2_reg.v:104$2474'.
Creating decoders for process `\ffn_tile.$proc$/Users/toprakgundogdu/qwen-ffn-rom/rtl/ffn_tile_16x16_b2_reg.v:104$2473'.
Creating decoders for process `\ffn_tile.$proc$/Users/toprakgundogdu/qwen-ffn-rom/rtl/ffn_tile_16x16_b2_reg.v:104$2472'.
Creating decoders for process `\ffn_tile.$proc$/Users/toprakgundogdu/qwen-ffn-rom/rtl/ffn_tile_16x16_b2_reg.v:104$2471'.
Creating decoders for process `\ffn_tile.$proc$/Users/toprakgundogdu/qwen-ffn-rom/rtl/ffn_tile_16x16_b2_reg.v:104$2470'.
Creating decoders for process `\ffn_tile.$proc$/Users/toprakgundogdu/qwen-ffn-rom/rtl/ffn_tile_16x16_b2_reg.v:104$2469'.
Creating decoders for process `\ffn_tile.$proc$/Users/toprakgundogdu/qwen-ffn-rom/rtl/ffn_tile_16x16_b2_reg.v:104$2468'.
Creating decoders for process `\ffn_tile.$proc$/Users/toprakgundogdu/qwen-ffn-rom/rtl/ffn_tile_16x16_b2_reg.v:104$2467'.
Creating decoders for process `\ffn_tile.$proc$/Users/toprakgundogdu/qwen-ffn-rom/rtl/ffn_tile_16x16_b2_reg.v:104$2466'.
Creating decoders for process `\ffn_tile.$proc$/Users/toprakgundogdu/qwen-ffn-rom/rtl/ffn_tile_16x16_b2_reg.v:104$2465'.
Creating decoders for process `\ffn_tile.$proc$/Users/toprakgundogdu/qwen-ffn-rom/rtl/ffn_tile_16x16_b2_reg.v:104$2464'.
Creating decoders for process `\ffn_tile.$proc$/Users/toprakgundogdu/qwen-ffn-rom/rtl/ffn_tile_16x16_b2_reg.v:104$2463'.
Creating decoders for process `\ffn_tile.$proc$/Users/toprakgundogdu/qwen-ffn-rom/rtl/ffn_tile_16x16_b2_reg.v:104$2462'.
Creating decoders for process `\ffn_tile.$proc$/Users/toprakgundogdu/qwen-ffn-rom/rtl/ffn_tile_16x16_b2_reg.v:104$2461'.
Creating decoders for process `\ffn_tile.$proc$/Users/toprakgundogdu/qwen-ffn-rom/rtl/ffn_tile_16x16_b2_reg.v:104$2460'.
Creating decoders for process `\ffn_tile.$proc$/Users/toprakgundogdu/qwen-ffn-rom/rtl/ffn_tile_16x16_b2_reg.v:104$2459'.
Creating decoders for process `\ffn_tile.$proc$/Users/toprakgundogdu/qwen-ffn-rom/rtl/ffn_tile_16x16_b2_reg.v:104$2458'.
Creating decoders for process `\ffn_tile.$proc$/Users/toprakgundogdu/qwen-ffn-rom/rtl/ffn_tile_16x16_b2_reg.v:104$2457'.
Creating decoders for process `\ffn_tile.$proc$/Users/toprakgundogdu/qwen-ffn-rom/rtl/ffn_tile_16x16_b2_reg.v:104$2456'.
Creating decoders for process `\ffn_tile.$proc$/Users/toprakgundogdu/qwen-ffn-rom/rtl/ffn_tile_16x16_b2_reg.v:104$2455'.
Creating decoders for process `\ffn_tile.$proc$/Users/toprakgundogdu/qwen-ffn-rom/rtl/ffn_tile_16x16_b2_reg.v:104$2454'.
Creating decoders for process `\ffn_tile.$proc$/Users/toprakgundogdu/qwen-ffn-rom/rtl/ffn_tile_16x16_b2_reg.v:104$2453'.
Creating decoders for process `\ffn_tile.$proc$/Users/toprakgundogdu/qwen-ffn-rom/rtl/ffn_tile_16x16_b2_reg.v:104$2452'.
Creating decoders for process `\ffn_tile.$proc$/Users/toprakgundogdu/qwen-ffn-rom/rtl/ffn_tile_16x16_b2_reg.v:104$2451'.
Creating decoders for process `\ffn_tile.$proc$/Users/toprakgundogdu/qwen-ffn-rom/rtl/ffn_tile_16x16_b2_reg.v:104$2450'.
Creating decoders for process `\ffn_tile.$proc$/Users/toprakgundogdu/qwen-ffn-rom/rtl/ffn_tile_16x16_b2_reg.v:104$2449'.
Creating decoders for process `\ffn_tile.$proc$/Users/toprakgundogdu/qwen-ffn-rom/rtl/ffn_tile_16x16_b2_reg.v:104$2448'.
Creating decoders for process `\ffn_tile.$proc$/Users/toprakgundogdu/qwen-ffn-rom/rtl/ffn_tile_16x16_b2_reg.v:104$2447'.
Creating decoders for process `\ffn_tile.$proc$/Users/toprakgundogdu/qwen-ffn-rom/rtl/ffn_tile_16x16_b2_reg.v:104$2446'.
Creating decoders for process `\ffn_tile.$proc$/Users/toprakgundogdu/qwen-ffn-rom/rtl/ffn_tile_16x16_b2_reg.v:104$2445'.
Creating decoders for process `\ffn_tile.$proc$/Users/toprakgundogdu/qwen-ffn-rom/rtl/ffn_tile_16x16_b2_reg.v:104$2444'.
Creating decoders for process `\ffn_tile.$proc$/Users/toprakgundogdu/qwen-ffn-rom/rtl/ffn_tile_16x16_b2_reg.v:104$2443'.
Creating decoders for process `\ffn_tile.$proc$/Users/toprakgundogdu/qwen-ffn-rom/rtl/ffn_tile_16x16_b2_reg.v:104$2442'.
Creating decoders for process `\ffn_tile.$proc$/Users/toprakgundogdu/qwen-ffn-rom/rtl/ffn_tile_16x16_b2_reg.v:104$2441'.
Creating decoders for process `\ffn_tile.$proc$/Users/toprakgundogdu/qwen-ffn-rom/rtl/ffn_tile_16x16_b2_reg.v:104$2440'.
Creating decoders for process `\ffn_tile.$proc$/Users/toprakgundogdu/qwen-ffn-rom/rtl/ffn_tile_16x16_b2_reg.v:104$2439'.
Creating decoders for process `\ffn_tile.$proc$/Users/toprakgundogdu/qwen-ffn-rom/rtl/ffn_tile_16x16_b2_reg.v:104$2438'.
Creating decoders for process `\ffn_tile.$proc$/Users/toprakgundogdu/qwen-ffn-rom/rtl/ffn_tile_16x16_b2_reg.v:104$2437'.
Creating decoders for process `\ffn_tile.$proc$/Users/toprakgundogdu/qwen-ffn-rom/rtl/ffn_tile_16x16_b2_reg.v:104$2436'.
Creating decoders for process `\ffn_tile.$proc$/Users/toprakgundogdu/qwen-ffn-rom/rtl/ffn_tile_16x16_b2_reg.v:104$2435'.
Creating decoders for process `\ffn_tile.$proc$/Users/toprakgundogdu/qwen-ffn-rom/rtl/ffn_tile_16x16_b2_reg.v:104$2434'.
Creating decoders for process `\ffn_tile.$proc$/Users/toprakgundogdu/qwen-ffn-rom/rtl/ffn_tile_16x16_b2_reg.v:104$2433'.
Creating decoders for process `\ffn_tile.$proc$/Users/toprakgundogdu/qwen-ffn-rom/rtl/ffn_tile_16x16_b2_reg.v:104$2432'.
Creating decoders for process `\ffn_tile.$proc$/Users/toprakgundogdu/qwen-ffn-rom/rtl/ffn_tile_16x16_b2_reg.v:104$2431'.
Creating decoders for process `\ffn_tile.$proc$/Users/toprakgundogdu/qwen-ffn-rom/rtl/ffn_tile_16x16_b2_reg.v:104$2430'.
Creating decoders for process `\ffn_tile.$proc$/Users/toprakgundogdu/qwen-ffn-rom/rtl/ffn_tile_16x16_b2_reg.v:104$2429'.
Creating decoders for process `\ffn_tile.$proc$/Users/toprakgundogdu/qwen-ffn-rom/rtl/ffn_tile_16x16_b2_reg.v:104$2428'.
Creating decoders for process `\ffn_tile.$proc$/Users/toprakgundogdu/qwen-ffn-rom/rtl/ffn_tile_16x16_b2_reg.v:104$2427'.
Creating decoders for process `\ffn_tile.$proc$/Users/toprakgundogdu/qwen-ffn-rom/rtl/ffn_tile_16x16_b2_reg.v:104$2426'.
Creating decoders for process `\ffn_tile.$proc$/Users/toprakgundogdu/qwen-ffn-rom/rtl/ffn_tile_16x16_b2_reg.v:104$2425'.
Creating decoders for process `\ffn_tile.$proc$/Users/toprakgundogdu/qwen-ffn-rom/rtl/ffn_tile_16x16_b2_reg.v:104$2424'.
Creating decoders for process `\ffn_tile.$proc$/Users/toprakgundogdu/qwen-ffn-rom/rtl/ffn_tile_16x16_b2_reg.v:104$2423'.
Creating decoders for process `\ffn_tile.$proc$/Users/toprakgundogdu/qwen-ffn-rom/rtl/ffn_tile_16x16_b2_reg.v:104$2422'.
Creating decoders for process `\ffn_tile.$proc$/Users/toprakgundogdu/qwen-ffn-rom/rtl/ffn_tile_16x16_b2_reg.v:104$2421'.
Creating decoders for process `\ffn_tile.$proc$/Users/toprakgundogdu/qwen-ffn-rom/rtl/ffn_tile_16x16_b2_reg.v:104$2420'.
Creating decoders for process `\ffn_tile.$proc$/Users/toprakgundogdu/qwen-ffn-rom/rtl/ffn_tile_16x16_b2_reg.v:104$2419'.
Creating decoders for process `\ffn_tile.$proc$/Users/toprakgundogdu/qwen-ffn-rom/rtl/ffn_tile_16x16_b2_reg.v:104$2418'.
Creating decoders for process `\ffn_tile.$proc$/Users/toprakgundogdu/qwen-ffn-rom/rtl/ffn_tile_16x16_b2_reg.v:104$2417'.
Creating decoders for process `\ffn_tile.$proc$/Users/toprakgundogdu/qwen-ffn-rom/rtl/ffn_tile_16x16_b2_reg.v:104$2416'.
Creating decoders for process `\ffn_tile.$proc$/Users/toprakgundogdu/qwen-ffn-rom/rtl/ffn_tile_16x16_b2_reg.v:104$2415'.
Creating decoders for process `\ffn_tile.$proc$/Users/toprakgundogdu/qwen-ffn-rom/rtl/ffn_tile_16x16_b2_reg.v:104$2414'.
Creating decoders for process `\ffn_tile.$proc$/Users/toprakgundogdu/qwen-ffn-rom/rtl/ffn_tile_16x16_b2_reg.v:104$2413'.
Creating decoders for process `\ffn_tile.$proc$/Users/toprakgundogdu/qwen-ffn-rom/rtl/ffn_tile_16x16_b2_reg.v:104$2412'.
Creating decoders for process `\ffn_tile.$proc$/Users/toprakgundogdu/qwen-ffn-rom/rtl/ffn_tile_16x16_b2_reg.v:104$2411'.
Creating decoders for process `\ffn_tile.$proc$/Users/toprakgundogdu/qwen-ffn-rom/rtl/ffn_tile_16x16_b2_reg.v:104$2410'.
Creating decoders for process `\ffn_tile.$proc$/Users/toprakgundogdu/qwen-ffn-rom/rtl/ffn_tile_16x16_b2_reg.v:104$2409'.
Creating decoders for process `\ffn_tile.$proc$/Users/toprakgundogdu/qwen-ffn-rom/rtl/ffn_tile_16x16_b2_reg.v:104$2408'.
Creating decoders for process `\ffn_tile.$proc$/Users/toprakgundogdu/qwen-ffn-rom/rtl/ffn_tile_16x16_b2_reg.v:104$2407'.
Creating decoders for process `\ffn_tile.$proc$/Users/toprakgundogdu/qwen-ffn-rom/rtl/ffn_tile_16x16_b2_reg.v:104$2406'.
Creating decoders for process `\ffn_tile.$proc$/Users/toprakgundogdu/qwen-ffn-rom/rtl/ffn_tile_16x16_b2_reg.v:104$2405'.
Creating decoders for process `\ffn_tile.$proc$/Users/toprakgundogdu/qwen-ffn-rom/rtl/ffn_tile_16x16_b2_reg.v:104$2404'.
Creating decoders for process `\ffn_tile.$proc$/Users/toprakgundogdu/qwen-ffn-rom/rtl/ffn_tile_16x16_b2_reg.v:104$2403'.
Creating decoders for process `\ffn_tile.$proc$/Users/toprakgundogdu/qwen-ffn-rom/rtl/ffn_tile_16x16_b2_reg.v:104$2402'.
Creating decoders for process `\ffn_tile.$proc$/Users/toprakgundogdu/qwen-ffn-rom/rtl/ffn_tile_16x16_b2_reg.v:104$2401'.
Creating decoders for process `\ffn_tile.$proc$/Users/toprakgundogdu/qwen-ffn-rom/rtl/ffn_tile_16x16_b2_reg.v:104$2400'.
Creating decoders for process `\ffn_tile.$proc$/Users/toprakgundogdu/qwen-ffn-rom/rtl/ffn_tile_16x16_b2_reg.v:104$2399'.
Creating decoders for process `\ffn_tile.$proc$/Users/toprakgundogdu/qwen-ffn-rom/rtl/ffn_tile_16x16_b2_reg.v:104$2398'.
Creating decoders for process `\ffn_tile.$proc$/Users/toprakgundogdu/qwen-ffn-rom/rtl/ffn_tile_16x16_b2_reg.v:104$2397'.
Creating decoders for process `\ffn_tile.$proc$/Users/toprakgundogdu/qwen-ffn-rom/rtl/ffn_tile_16x16_b2_reg.v:104$2396'.
Creating decoders for process `\ffn_tile.$proc$/Users/toprakgundogdu/qwen-ffn-rom/rtl/ffn_tile_16x16_b2_reg.v:104$2395'.
Creating decoders for process `\ffn_tile.$proc$/Users/toprakgundogdu/qwen-ffn-rom/rtl/ffn_tile_16x16_b2_reg.v:104$2394'.
Creating decoders for process `\ffn_tile.$proc$/Users/toprakgundogdu/qwen-ffn-rom/rtl/ffn_tile_16x16_b2_reg.v:104$2393'.
Creating decoders for process `\ffn_tile.$proc$/Users/toprakgundogdu/qwen-ffn-rom/rtl/ffn_tile_16x16_b2_reg.v:104$2392'.
Creating decoders for process `\ffn_tile.$proc$/Users/toprakgundogdu/qwen-ffn-rom/rtl/ffn_tile_16x16_b2_reg.v:104$2391'.
Creating decoders for process `\ffn_tile.$proc$/Users/toprakgundogdu/qwen-ffn-rom/rtl/ffn_tile_16x16_b2_reg.v:104$2390'.
Creating decoders for process `\ffn_tile.$proc$/Users/toprakgundogdu/qwen-ffn-rom/rtl/ffn_tile_16x16_b2_reg.v:104$2389'.
Creating decoders for process `\ffn_tile.$proc$/Users/toprakgundogdu/qwen-ffn-rom/rtl/ffn_tile_16x16_b2_reg.v:104$2388'.
Creating decoders for process `\ffn_tile.$proc$/Users/toprakgundogdu/qwen-ffn-rom/rtl/ffn_tile_16x16_b2_reg.v:104$2387'.
Creating decoders for process `\ffn_tile.$proc$/Users/toprakgundogdu/qwen-ffn-rom/rtl/ffn_tile_16x16_b2_reg.v:104$2386'.
Creating decoders for process `\ffn_tile.$proc$/Users/toprakgundogdu/qwen-ffn-rom/rtl/ffn_tile_16x16_b2_reg.v:104$2385'.
Creating decoders for process `\ffn_tile.$proc$/Users/toprakgundogdu/qwen-ffn-rom/rtl/ffn_tile_16x16_b2_reg.v:104$2384'.
Creating decoders for process `\ffn_tile.$proc$/Users/toprakgundogdu/qwen-ffn-rom/rtl/ffn_tile_16x16_b2_reg.v:104$2383'.
Creating decoders for process `\ffn_tile.$proc$/Users/toprakgundogdu/qwen-ffn-rom/rtl/ffn_tile_16x16_b2_reg.v:104$2382'.
Creating decoders for process `\ffn_tile.$proc$/Users/toprakgundogdu/qwen-ffn-rom/rtl/ffn_tile_16x16_b2_reg.v:104$2381'.
Creating decoders for process `\ffn_tile.$proc$/Users/toprakgundogdu/qwen-ffn-rom/rtl/ffn_tile_16x16_b2_reg.v:104$2380'.
Creating decoders for process `\ffn_tile.$proc$/Users/toprakgundogdu/qwen-ffn-rom/rtl/ffn_tile_16x16_b2_reg.v:104$2379'.
Creating decoders for process `\ffn_tile.$proc$/Users/toprakgundogdu/qwen-ffn-rom/rtl/ffn_tile_16x16_b2_reg.v:104$2378'.
Creating decoders for process `\ffn_tile.$proc$/Users/toprakgundogdu/qwen-ffn-rom/rtl/ffn_tile_16x16_b2_reg.v:104$2377'.
Creating decoders for process `\ffn_tile.$proc$/Users/toprakgundogdu/qwen-ffn-rom/rtl/ffn_tile_16x16_b2_reg.v:104$2376'.
Creating decoders for process `\ffn_tile.$proc$/Users/toprakgundogdu/qwen-ffn-rom/rtl/ffn_tile_16x16_b2_reg.v:104$2375'.
Creating decoders for process `\ffn_tile.$proc$/Users/toprakgundogdu/qwen-ffn-rom/rtl/ffn_tile_16x16_b2_reg.v:104$2374'.
Creating decoders for process `\ffn_tile.$proc$/Users/toprakgundogdu/qwen-ffn-rom/rtl/ffn_tile_16x16_b2_reg.v:104$2373'.
Creating decoders for process `\ffn_tile.$proc$/Users/toprakgundogdu/qwen-ffn-rom/rtl/ffn_tile_16x16_b2_reg.v:104$2372'.
Creating decoders for process `\ffn_tile.$proc$/Users/toprakgundogdu/qwen-ffn-rom/rtl/ffn_tile_16x16_b2_reg.v:104$2371'.
Creating decoders for process `\ffn_tile.$proc$/Users/toprakgundogdu/qwen-ffn-rom/rtl/ffn_tile_16x16_b2_reg.v:104$2370'.
Creating decoders for process `\ffn_tile.$proc$/Users/toprakgundogdu/qwen-ffn-rom/rtl/ffn_tile_16x16_b2_reg.v:104$2369'.
Creating decoders for process `\ffn_tile.$proc$/Users/toprakgundogdu/qwen-ffn-rom/rtl/ffn_tile_16x16_b2_reg.v:104$2368'.
Creating decoders for process `\ffn_tile.$proc$/Users/toprakgundogdu/qwen-ffn-rom/rtl/ffn_tile_16x16_b2_reg.v:104$2367'.
Creating decoders for process `\ffn_tile.$proc$/Users/toprakgundogdu/qwen-ffn-rom/rtl/ffn_tile_16x16_b2_reg.v:104$2366'.
Creating decoders for process `\ffn_tile.$proc$/Users/toprakgundogdu/qwen-ffn-rom/rtl/ffn_tile_16x16_b2_reg.v:104$2365'.
Creating decoders for process `\ffn_tile.$proc$/Users/toprakgundogdu/qwen-ffn-rom/rtl/ffn_tile_16x16_b2_reg.v:104$2364'.
Creating decoders for process `\ffn_tile.$proc$/Users/toprakgundogdu/qwen-ffn-rom/rtl/ffn_tile_16x16_b2_reg.v:104$2363'.
Creating decoders for process `\ffn_tile.$proc$/Users/toprakgundogdu/qwen-ffn-rom/rtl/ffn_tile_16x16_b2_reg.v:104$2362'.
Creating decoders for process `\ffn_tile.$proc$/Users/toprakgundogdu/qwen-ffn-rom/rtl/ffn_tile_16x16_b2_reg.v:104$2361'.
Creating decoders for process `\ffn_tile.$proc$/Users/toprakgundogdu/qwen-ffn-rom/rtl/ffn_tile_16x16_b2_reg.v:104$2360'.
Creating decoders for process `\ffn_tile.$proc$/Users/toprakgundogdu/qwen-ffn-rom/rtl/ffn_tile_16x16_b2_reg.v:104$2359'.
Creating decoders for process `\ffn_tile.$proc$/Users/toprakgundogdu/qwen-ffn-rom/rtl/ffn_tile_16x16_b2_reg.v:104$2358'.
Creating decoders for process `\ffn_tile.$proc$/Users/toprakgundogdu/qwen-ffn-rom/rtl/ffn_tile_16x16_b2_reg.v:104$2357'.
Creating decoders for process `\ffn_tile.$proc$/Users/toprakgundogdu/qwen-ffn-rom/rtl/ffn_tile_16x16_b2_reg.v:104$2356'.
Creating decoders for process `\ffn_tile.$proc$/Users/toprakgundogdu/qwen-ffn-rom/rtl/ffn_tile_16x16_b2_reg.v:104$2355'.
Creating decoders for process `\ffn_tile.$proc$/Users/toprakgundogdu/qwen-ffn-rom/rtl/ffn_tile_16x16_b2_reg.v:104$2354'.
Creating decoders for process `\ffn_tile.$proc$/Users/toprakgundogdu/qwen-ffn-rom/rtl/ffn_tile_16x16_b2_reg.v:104$2353'.
Creating decoders for process `\ffn_tile.$proc$/Users/toprakgundogdu/qwen-ffn-rom/rtl/ffn_tile_16x16_b2_reg.v:104$2352'.
Creating decoders for process `\ffn_tile.$proc$/Users/toprakgundogdu/qwen-ffn-rom/rtl/ffn_tile_16x16_b2_reg.v:104$2351'.
Creating decoders for process `\ffn_tile.$proc$/Users/toprakgundogdu/qwen-ffn-rom/rtl/ffn_tile_16x16_b2_reg.v:104$2350'.
Creating decoders for process `\ffn_tile.$proc$/Users/toprakgundogdu/qwen-ffn-rom/rtl/ffn_tile_16x16_b2_reg.v:104$2349'.
Creating decoders for process `\ffn_tile.$proc$/Users/toprakgundogdu/qwen-ffn-rom/rtl/ffn_tile_16x16_b2_reg.v:104$2348'.
Creating decoders for process `\ffn_tile.$proc$/Users/toprakgundogdu/qwen-ffn-rom/rtl/ffn_tile_16x16_b2_reg.v:104$2347'.
Creating decoders for process `\ffn_tile.$proc$/Users/toprakgundogdu/qwen-ffn-rom/rtl/ffn_tile_16x16_b2_reg.v:104$2346'.
Creating decoders for process `\ffn_tile.$proc$/Users/toprakgundogdu/qwen-ffn-rom/rtl/ffn_tile_16x16_b2_reg.v:104$2345'.
Creating decoders for process `\ffn_tile.$proc$/Users/toprakgundogdu/qwen-ffn-rom/rtl/ffn_tile_16x16_b2_reg.v:104$2344'.
Creating decoders for process `\ffn_tile.$proc$/Users/toprakgundogdu/qwen-ffn-rom/rtl/ffn_tile_16x16_b2_reg.v:104$2343'.
Creating decoders for process `\ffn_tile.$proc$/Users/toprakgundogdu/qwen-ffn-rom/rtl/ffn_tile_16x16_b2_reg.v:104$2342'.
Creating decoders for process `\ffn_tile.$proc$/Users/toprakgundogdu/qwen-ffn-rom/rtl/ffn_tile_16x16_b2_reg.v:104$2341'.
Creating decoders for process `\ffn_tile.$proc$/Users/toprakgundogdu/qwen-ffn-rom/rtl/ffn_tile_16x16_b2_reg.v:104$2340'.
Creating decoders for process `\ffn_tile.$proc$/Users/toprakgundogdu/qwen-ffn-rom/rtl/ffn_tile_16x16_b2_reg.v:104$2339'.
Creating decoders for process `\ffn_tile.$proc$/Users/toprakgundogdu/qwen-ffn-rom/rtl/ffn_tile_16x16_b2_reg.v:104$2338'.
Creating decoders for process `\ffn_tile.$proc$/Users/toprakgundogdu/qwen-ffn-rom/rtl/ffn_tile_16x16_b2_reg.v:104$2337'.
Creating decoders for process `\ffn_tile.$proc$/Users/toprakgundogdu/qwen-ffn-rom/rtl/ffn_tile_16x16_b2_reg.v:104$2336'.
Creating decoders for process `\ffn_tile.$proc$/Users/toprakgundogdu/qwen-ffn-rom/rtl/ffn_tile_16x16_b2_reg.v:104$2335'.
Creating decoders for process `\ffn_tile.$proc$/Users/toprakgundogdu/qwen-ffn-rom/rtl/ffn_tile_16x16_b2_reg.v:104$2334'.
Creating decoders for process `\ffn_tile.$proc$/Users/toprakgundogdu/qwen-ffn-rom/rtl/ffn_tile_16x16_b2_reg.v:104$2333'.
Creating decoders for process `\ffn_tile.$proc$/Users/toprakgundogdu/qwen-ffn-rom/rtl/ffn_tile_16x16_b2_reg.v:104$2332'.
Creating decoders for process `\ffn_tile.$proc$/Users/toprakgundogdu/qwen-ffn-rom/rtl/ffn_tile_16x16_b2_reg.v:104$2331'.
Creating decoders for process `\ffn_tile.$proc$/Users/toprakgundogdu/qwen-ffn-rom/rtl/ffn_tile_16x16_b2_reg.v:104$2330'.
Creating decoders for process `\ffn_tile.$proc$/Users/toprakgundogdu/qwen-ffn-rom/rtl/ffn_tile_16x16_b2_reg.v:104$2329'.
Creating decoders for process `\ffn_tile.$proc$/Users/toprakgundogdu/qwen-ffn-rom/rtl/ffn_tile_16x16_b2_reg.v:104$2328'.
Creating decoders for process `\ffn_tile.$proc$/Users/toprakgundogdu/qwen-ffn-rom/rtl/ffn_tile_16x16_b2_reg.v:104$2327'.
Creating decoders for process `\ffn_tile.$proc$/Users/toprakgundogdu/qwen-ffn-rom/rtl/ffn_tile_16x16_b2_reg.v:104$2326'.
Creating decoders for process `\ffn_tile.$proc$/Users/toprakgundogdu/qwen-ffn-rom/rtl/ffn_tile_16x16_b2_reg.v:104$2325'.
Creating decoders for process `\ffn_tile.$proc$/Users/toprakgundogdu/qwen-ffn-rom/rtl/ffn_tile_16x16_b2_reg.v:104$2324'.
Creating decoders for process `\ffn_tile.$proc$/Users/toprakgundogdu/qwen-ffn-rom/rtl/ffn_tile_16x16_b2_reg.v:104$2323'.
Creating decoders for process `\ffn_tile.$proc$/Users/toprakgundogdu/qwen-ffn-rom/rtl/ffn_tile_16x16_b2_reg.v:104$2322'.
Creating decoders for process `\ffn_tile.$proc$/Users/toprakgundogdu/qwen-ffn-rom/rtl/ffn_tile_16x16_b2_reg.v:104$2321'.
Creating decoders for process `\ffn_tile.$proc$/Users/toprakgundogdu/qwen-ffn-rom/rtl/ffn_tile_16x16_b2_reg.v:104$2320'.
Creating decoders for process `\ffn_tile.$proc$/Users/toprakgundogdu/qwen-ffn-rom/rtl/ffn_tile_16x16_b2_reg.v:104$2319'.
Creating decoders for process `\ffn_tile.$proc$/Users/toprakgundogdu/qwen-ffn-rom/rtl/ffn_tile_16x16_b2_reg.v:104$2318'.
Creating decoders for process `\ffn_tile.$proc$/Users/toprakgundogdu/qwen-ffn-rom/rtl/ffn_tile_16x16_b2_reg.v:104$2317'.
Creating decoders for process `\ffn_tile.$proc$/Users/toprakgundogdu/qwen-ffn-rom/rtl/ffn_tile_16x16_b2_reg.v:104$2316'.
Creating decoders for process `\ffn_tile.$proc$/Users/toprakgundogdu/qwen-ffn-rom/rtl/ffn_tile_16x16_b2_reg.v:104$2315'.
Creating decoders for process `\ffn_tile.$proc$/Users/toprakgundogdu/qwen-ffn-rom/rtl/ffn_tile_16x16_b2_reg.v:104$2314'.
Creating decoders for process `\ffn_tile.$proc$/Users/toprakgundogdu/qwen-ffn-rom/rtl/ffn_tile_16x16_b2_reg.v:104$2313'.
Creating decoders for process `\ffn_tile.$proc$/Users/toprakgundogdu/qwen-ffn-rom/rtl/ffn_tile_16x16_b2_reg.v:104$2312'.
Creating decoders for process `\ffn_tile.$proc$/Users/toprakgundogdu/qwen-ffn-rom/rtl/ffn_tile_16x16_b2_reg.v:104$2311'.
Creating decoders for process `\ffn_tile.$proc$/Users/toprakgundogdu/qwen-ffn-rom/rtl/ffn_tile_16x16_b2_reg.v:104$2310'.
Creating decoders for process `\ffn_tile.$proc$/Users/toprakgundogdu/qwen-ffn-rom/rtl/ffn_tile_16x16_b2_reg.v:104$2309'.
Creating decoders for process `\ffn_tile.$proc$/Users/toprakgundogdu/qwen-ffn-rom/rtl/ffn_tile_16x16_b2_reg.v:104$2308'.
Creating decoders for process `\ffn_tile.$proc$/Users/toprakgundogdu/qwen-ffn-rom/rtl/ffn_tile_16x16_b2_reg.v:104$2307'.
Creating decoders for process `\ffn_tile.$proc$/Users/toprakgundogdu/qwen-ffn-rom/rtl/ffn_tile_16x16_b2_reg.v:104$2306'.
Creating decoders for process `\ffn_tile.$proc$/Users/toprakgundogdu/qwen-ffn-rom/rtl/ffn_tile_16x16_b2_reg.v:104$2305'.
Creating decoders for process `\ffn_tile.$proc$/Users/toprakgundogdu/qwen-ffn-rom/rtl/ffn_tile_16x16_b2_reg.v:104$2304'.
Creating decoders for process `\ffn_tile.$proc$/Users/toprakgundogdu/qwen-ffn-rom/rtl/ffn_tile_16x16_b2_reg.v:104$2303'.
Creating decoders for process `\ffn_tile.$proc$/Users/toprakgundogdu/qwen-ffn-rom/rtl/ffn_tile_16x16_b2_reg.v:104$2302'.
Creating decoders for process `\ffn_tile.$proc$/Users/toprakgundogdu/qwen-ffn-rom/rtl/ffn_tile_16x16_b2_reg.v:104$2301'.
Creating decoders for process `\ffn_tile.$proc$/Users/toprakgundogdu/qwen-ffn-rom/rtl/ffn_tile_16x16_b2_reg.v:104$2300'.
Creating decoders for process `\ffn_tile.$proc$/Users/toprakgundogdu/qwen-ffn-rom/rtl/ffn_tile_16x16_b2_reg.v:104$2299'.
Creating decoders for process `\ffn_tile.$proc$/Users/toprakgundogdu/qwen-ffn-rom/rtl/ffn_tile_16x16_b2_reg.v:104$2298'.
Creating decoders for process `\ffn_tile.$proc$/Users/toprakgundogdu/qwen-ffn-rom/rtl/ffn_tile_16x16_b2_reg.v:104$2297'.
Creating decoders for process `\ffn_tile.$proc$/Users/toprakgundogdu/qwen-ffn-rom/rtl/ffn_tile_16x16_b2_reg.v:104$2296'.
Creating decoders for process `\ffn_tile.$proc$/Users/toprakgundogdu/qwen-ffn-rom/rtl/ffn_tile_16x16_b2_reg.v:104$2295'.
Creating decoders for process `\ffn_tile.$proc$/Users/toprakgundogdu/qwen-ffn-rom/rtl/ffn_tile_16x16_b2_reg.v:104$2294'.
Creating decoders for process `\ffn_tile.$proc$/Users/toprakgundogdu/qwen-ffn-rom/rtl/ffn_tile_16x16_b2_reg.v:104$2293'.
Creating decoders for process `\ffn_tile.$proc$/Users/toprakgundogdu/qwen-ffn-rom/rtl/ffn_tile_16x16_b2_reg.v:104$2292'.
Creating decoders for process `\ffn_tile.$proc$/Users/toprakgundogdu/qwen-ffn-rom/rtl/ffn_tile_16x16_b2_reg.v:104$2291'.
Creating decoders for process `\ffn_tile.$proc$/Users/toprakgundogdu/qwen-ffn-rom/rtl/ffn_tile_16x16_b2_reg.v:104$2290'.
Creating decoders for process `\ffn_tile.$proc$/Users/toprakgundogdu/qwen-ffn-rom/rtl/ffn_tile_16x16_b2_reg.v:104$2289'.
Creating decoders for process `\ffn_tile.$proc$/Users/toprakgundogdu/qwen-ffn-rom/rtl/ffn_tile_16x16_b2_reg.v:104$2288'.
Creating decoders for process `\ffn_tile.$proc$/Users/toprakgundogdu/qwen-ffn-rom/rtl/ffn_tile_16x16_b2_reg.v:104$2287'.
Creating decoders for process `\ffn_tile.$proc$/Users/toprakgundogdu/qwen-ffn-rom/rtl/ffn_tile_16x16_b2_reg.v:104$2286'.
Creating decoders for process `\ffn_tile.$proc$/Users/toprakgundogdu/qwen-ffn-rom/rtl/ffn_tile_16x16_b2_reg.v:104$2285'.
Creating decoders for process `\ffn_tile.$proc$/Users/toprakgundogdu/qwen-ffn-rom/rtl/ffn_tile_16x16_b2_reg.v:104$2284'.
Creating decoders for process `\ffn_tile.$proc$/Users/toprakgundogdu/qwen-ffn-rom/rtl/ffn_tile_16x16_b2_reg.v:104$2283'.
Creating decoders for process `\ffn_tile.$proc$/Users/toprakgundogdu/qwen-ffn-rom/rtl/ffn_tile_16x16_b2_reg.v:104$2282'.
Creating decoders for process `\ffn_tile.$proc$/Users/toprakgundogdu/qwen-ffn-rom/rtl/ffn_tile_16x16_b2_reg.v:104$2281'.
Creating decoders for process `\ffn_tile.$proc$/Users/toprakgundogdu/qwen-ffn-rom/rtl/ffn_tile_16x16_b2_reg.v:104$2280'.
Creating decoders for process `\ffn_tile.$proc$/Users/toprakgundogdu/qwen-ffn-rom/rtl/ffn_tile_16x16_b2_reg.v:104$2279'.
Creating decoders for process `\ffn_tile.$proc$/Users/toprakgundogdu/qwen-ffn-rom/rtl/ffn_tile_16x16_b2_reg.v:104$2278'.
Creating decoders for process `\ffn_tile.$proc$/Users/toprakgundogdu/qwen-ffn-rom/rtl/ffn_tile_16x16_b2_reg.v:104$2277'.
Creating decoders for process `\ffn_tile.$proc$/Users/toprakgundogdu/qwen-ffn-rom/rtl/ffn_tile_16x16_b2_reg.v:104$2276'.
Creating decoders for process `\ffn_tile.$proc$/Users/toprakgundogdu/qwen-ffn-rom/rtl/ffn_tile_16x16_b2_reg.v:104$2275'.
Creating decoders for process `\ffn_tile.$proc$/Users/toprakgundogdu/qwen-ffn-rom/rtl/ffn_tile_16x16_b2_reg.v:104$2274'.
Creating decoders for process `\ffn_tile.$proc$/Users/toprakgundogdu/qwen-ffn-rom/rtl/ffn_tile_16x16_b2_reg.v:104$2273'.
Creating decoders for process `\ffn_tile.$proc$/Users/toprakgundogdu/qwen-ffn-rom/rtl/ffn_tile_16x16_b2_reg.v:104$2272'.
Creating decoders for process `\ffn_tile.$proc$/Users/toprakgundogdu/qwen-ffn-rom/rtl/ffn_tile_16x16_b2_reg.v:104$2271'.
Creating decoders for process `\ffn_tile.$proc$/Users/toprakgundogdu/qwen-ffn-rom/rtl/ffn_tile_16x16_b2_reg.v:104$2270'.
Creating decoders for process `\ffn_tile.$proc$/Users/toprakgundogdu/qwen-ffn-rom/rtl/ffn_tile_16x16_b2_reg.v:104$2269'.
Creating decoders for process `\ffn_tile.$proc$/Users/toprakgundogdu/qwen-ffn-rom/rtl/ffn_tile_16x16_b2_reg.v:104$2268'.
Creating decoders for process `\ffn_tile.$proc$/Users/toprakgundogdu/qwen-ffn-rom/rtl/ffn_tile_16x16_b2_reg.v:104$2267'.
Creating decoders for process `\ffn_tile.$proc$/Users/toprakgundogdu/qwen-ffn-rom/rtl/ffn_tile_16x16_b2_reg.v:104$2266'.
Creating decoders for process `\ffn_tile.$proc$/Users/toprakgundogdu/qwen-ffn-rom/rtl/ffn_tile_16x16_b2_reg.v:104$2265'.
Creating decoders for process `\ffn_tile.$proc$/Users/toprakgundogdu/qwen-ffn-rom/rtl/ffn_tile_16x16_b2_reg.v:104$2264'.
Creating decoders for process `\ffn_tile.$proc$/Users/toprakgundogdu/qwen-ffn-rom/rtl/ffn_tile_16x16_b2_reg.v:104$2263'.
Creating decoders for process `\ffn_tile.$proc$/Users/toprakgundogdu/qwen-ffn-rom/rtl/ffn_tile_16x16_b2_reg.v:104$2262'.
Creating decoders for process `\ffn_tile.$proc$/Users/toprakgundogdu/qwen-ffn-rom/rtl/ffn_tile_16x16_b2_reg.v:104$2261'.
Creating decoders for process `\ffn_tile.$proc$/Users/toprakgundogdu/qwen-ffn-rom/rtl/ffn_tile_16x16_b2_reg.v:104$2260'.
Creating decoders for process `\ffn_tile.$proc$/Users/toprakgundogdu/qwen-ffn-rom/rtl/ffn_tile_16x16_b2_reg.v:104$2259'.
Creating decoders for process `\ffn_tile.$proc$/Users/toprakgundogdu/qwen-ffn-rom/rtl/ffn_tile_16x16_b2_reg.v:104$2258'.
Creating decoders for process `\ffn_tile.$proc$/Users/toprakgundogdu/qwen-ffn-rom/rtl/ffn_tile_16x16_b2_reg.v:104$2257'.
Creating decoders for process `\ffn_tile.$proc$/Users/toprakgundogdu/qwen-ffn-rom/rtl/ffn_tile_16x16_b2_reg.v:104$2256'.
Creating decoders for process `\ffn_tile.$proc$/Users/toprakgundogdu/qwen-ffn-rom/rtl/ffn_tile_16x16_b2_reg.v:104$2255'.
Creating decoders for process `\ffn_tile.$proc$/Users/toprakgundogdu/qwen-ffn-rom/rtl/ffn_tile_16x16_b2_reg.v:104$2254'.
Creating decoders for process `\ffn_tile.$proc$/Users/toprakgundogdu/qwen-ffn-rom/rtl/ffn_tile_16x16_b2_reg.v:104$2253'.
Creating decoders for process `\ffn_tile.$proc$/Users/toprakgundogdu/qwen-ffn-rom/rtl/ffn_tile_16x16_b2_reg.v:104$2252'.
Creating decoders for process `\ffn_tile.$proc$/Users/toprakgundogdu/qwen-ffn-rom/rtl/ffn_tile_16x16_b2_reg.v:104$2251'.
Creating decoders for process `\ffn_tile.$proc$/Users/toprakgundogdu/qwen-ffn-rom/rtl/ffn_tile_16x16_b2_reg.v:104$2250'.
Creating decoders for process `\ffn_tile.$proc$/Users/toprakgundogdu/qwen-ffn-rom/rtl/ffn_tile_16x16_b2_reg.v:104$2249'.
Creating decoders for process `\ffn_tile.$proc$/Users/toprakgundogdu/qwen-ffn-rom/rtl/ffn_tile_16x16_b2_reg.v:104$2248'.
Creating decoders for process `\ffn_tile.$proc$/Users/toprakgundogdu/qwen-ffn-rom/rtl/ffn_tile_16x16_b2_reg.v:104$2247'.
Creating decoders for process `\ffn_tile.$proc$/Users/toprakgundogdu/qwen-ffn-rom/rtl/ffn_tile_16x16_b2_reg.v:104$2246'.
Creating decoders for process `\ffn_tile.$proc$/Users/toprakgundogdu/qwen-ffn-rom/rtl/ffn_tile_16x16_b2_reg.v:104$2245'.
Creating decoders for process `\ffn_tile.$proc$/Users/toprakgundogdu/qwen-ffn-rom/rtl/ffn_tile_16x16_b2_reg.v:104$2244'.
Creating decoders for process `\ffn_tile.$proc$/Users/toprakgundogdu/qwen-ffn-rom/rtl/ffn_tile_16x16_b2_reg.v:104$2243'.
Creating decoders for process `\ffn_tile.$proc$/Users/toprakgundogdu/qwen-ffn-rom/rtl/ffn_tile_16x16_b2_reg.v:104$2242'.
Creating decoders for process `\ffn_tile.$proc$/Users/toprakgundogdu/qwen-ffn-rom/rtl/ffn_tile_16x16_b2_reg.v:104$2241'.
Creating decoders for process `\ffn_tile.$proc$/Users/toprakgundogdu/qwen-ffn-rom/rtl/ffn_tile_16x16_b2_reg.v:104$2240'.
Creating decoders for process `\ffn_tile.$proc$/Users/toprakgundogdu/qwen-ffn-rom/rtl/ffn_tile_16x16_b2_reg.v:104$2239'.
Creating decoders for process `\ffn_tile.$proc$/Users/toprakgundogdu/qwen-ffn-rom/rtl/ffn_tile_16x16_b2_reg.v:104$2238'.
Creating decoders for process `\ffn_tile.$proc$/Users/toprakgundogdu/qwen-ffn-rom/rtl/ffn_tile_16x16_b2_reg.v:104$2237'.
Creating decoders for process `\ffn_tile.$proc$/Users/toprakgundogdu/qwen-ffn-rom/rtl/ffn_tile_16x16_b2_reg.v:104$2236'.
Creating decoders for process `\ffn_tile.$proc$/Users/toprakgundogdu/qwen-ffn-rom/rtl/ffn_tile_16x16_b2_reg.v:104$2235'.
Creating decoders for process `\ffn_tile.$proc$/Users/toprakgundogdu/qwen-ffn-rom/rtl/ffn_tile_16x16_b2_reg.v:104$2234'.
Creating decoders for process `\ffn_tile.$proc$/Users/toprakgundogdu/qwen-ffn-rom/rtl/ffn_tile_16x16_b2_reg.v:104$2233'.
Creating decoders for process `\ffn_tile.$proc$/Users/toprakgundogdu/qwen-ffn-rom/rtl/ffn_tile_16x16_b2_reg.v:104$2232'.
Creating decoders for process `\ffn_tile.$proc$/Users/toprakgundogdu/qwen-ffn-rom/rtl/ffn_tile_16x16_b2_reg.v:104$2231'.
Creating decoders for process `\ffn_tile.$proc$/Users/toprakgundogdu/qwen-ffn-rom/rtl/ffn_tile_16x16_b2_reg.v:92$2230'.
Creating decoders for process `\ffn_tile.$proc$/Users/toprakgundogdu/qwen-ffn-rom/rtl/ffn_tile_16x16_b2_reg.v:92$2229'.
Creating decoders for process `\ffn_tile.$proc$/Users/toprakgundogdu/qwen-ffn-rom/rtl/ffn_tile_16x16_b2_reg.v:92$2228'.
Creating decoders for process `\ffn_tile.$proc$/Users/toprakgundogdu/qwen-ffn-rom/rtl/ffn_tile_16x16_b2_reg.v:92$2227'.
Creating decoders for process `\ffn_tile.$proc$/Users/toprakgundogdu/qwen-ffn-rom/rtl/ffn_tile_16x16_b2_reg.v:92$2226'.
Creating decoders for process `\ffn_tile.$proc$/Users/toprakgundogdu/qwen-ffn-rom/rtl/ffn_tile_16x16_b2_reg.v:92$2225'.
Creating decoders for process `\ffn_tile.$proc$/Users/toprakgundogdu/qwen-ffn-rom/rtl/ffn_tile_16x16_b2_reg.v:92$2224'.
Creating decoders for process `\ffn_tile.$proc$/Users/toprakgundogdu/qwen-ffn-rom/rtl/ffn_tile_16x16_b2_reg.v:92$2223'.
Creating decoders for process `\ffn_tile.$proc$/Users/toprakgundogdu/qwen-ffn-rom/rtl/ffn_tile_16x16_b2_reg.v:92$2222'.
Creating decoders for process `\ffn_tile.$proc$/Users/toprakgundogdu/qwen-ffn-rom/rtl/ffn_tile_16x16_b2_reg.v:92$2221'.
Creating decoders for process `\ffn_tile.$proc$/Users/toprakgundogdu/qwen-ffn-rom/rtl/ffn_tile_16x16_b2_reg.v:92$2220'.
Creating decoders for process `\ffn_tile.$proc$/Users/toprakgundogdu/qwen-ffn-rom/rtl/ffn_tile_16x16_b2_reg.v:92$2219'.
Creating decoders for process `\ffn_tile.$proc$/Users/toprakgundogdu/qwen-ffn-rom/rtl/ffn_tile_16x16_b2_reg.v:92$2218'.
Creating decoders for process `\ffn_tile.$proc$/Users/toprakgundogdu/qwen-ffn-rom/rtl/ffn_tile_16x16_b2_reg.v:92$2217'.
Creating decoders for process `\ffn_tile.$proc$/Users/toprakgundogdu/qwen-ffn-rom/rtl/ffn_tile_16x16_b2_reg.v:92$2216'.
Creating decoders for process `\ffn_tile.$proc$/Users/toprakgundogdu/qwen-ffn-rom/rtl/ffn_tile_16x16_b2_reg.v:92$2215'.
Creating decoders for process `\ffn_tile.$proc$/Users/toprakgundogdu/qwen-ffn-rom/rtl/ffn_tile_16x16_b2_reg.v:103$2208'.
Creating decoders for process `\ffn_tile.$proc$/Users/toprakgundogdu/qwen-ffn-rom/rtl/ffn_tile_16x16_b2_reg.v:103$2202'.
Creating decoders for process `\ffn_tile.$proc$/Users/toprakgundogdu/qwen-ffn-rom/rtl/ffn_tile_16x16_b2_reg.v:103$2196'.
Creating decoders for process `\ffn_tile.$proc$/Users/toprakgundogdu/qwen-ffn-rom/rtl/ffn_tile_16x16_b2_reg.v:103$2190'.
Creating decoders for process `\ffn_tile.$proc$/Users/toprakgundogdu/qwen-ffn-rom/rtl/ffn_tile_16x16_b2_reg.v:103$2183'.
Creating decoders for process `\ffn_tile.$proc$/Users/toprakgundogdu/qwen-ffn-rom/rtl/ffn_tile_16x16_b2_reg.v:103$2177'.
Creating decoders for process `\ffn_tile.$proc$/Users/toprakgundogdu/qwen-ffn-rom/rtl/ffn_tile_16x16_b2_reg.v:103$2171'.
Creating decoders for process `\ffn_tile.$proc$/Users/toprakgundogdu/qwen-ffn-rom/rtl/ffn_tile_16x16_b2_reg.v:103$2165'.
Creating decoders for process `\ffn_tile.$proc$/Users/toprakgundogdu/qwen-ffn-rom/rtl/ffn_tile_16x16_b2_reg.v:103$2159'.
Creating decoders for process `\ffn_tile.$proc$/Users/toprakgundogdu/qwen-ffn-rom/rtl/ffn_tile_16x16_b2_reg.v:103$2152'.
Creating decoders for process `\ffn_tile.$proc$/Users/toprakgundogdu/qwen-ffn-rom/rtl/ffn_tile_16x16_b2_reg.v:103$2146'.
Creating decoders for process `\ffn_tile.$proc$/Users/toprakgundogdu/qwen-ffn-rom/rtl/ffn_tile_16x16_b2_reg.v:103$2140'.
Creating decoders for process `\ffn_tile.$proc$/Users/toprakgundogdu/qwen-ffn-rom/rtl/ffn_tile_16x16_b2_reg.v:103$2134'.
Creating decoders for process `\ffn_tile.$proc$/Users/toprakgundogdu/qwen-ffn-rom/rtl/ffn_tile_16x16_b2_reg.v:103$2127'.
Creating decoders for process `\ffn_tile.$proc$/Users/toprakgundogdu/qwen-ffn-rom/rtl/ffn_tile_16x16_b2_reg.v:103$2121'.
Creating decoders for process `\ffn_tile.$proc$/Users/toprakgundogdu/qwen-ffn-rom/rtl/ffn_tile_16x16_b2_reg.v:103$2115'.
Creating decoders for process `\ffn_tile.$proc$/Users/toprakgundogdu/qwen-ffn-rom/rtl/ffn_tile_16x16_b2_reg.v:103$2109'.
Creating decoders for process `\ffn_tile.$proc$/Users/toprakgundogdu/qwen-ffn-rom/rtl/ffn_tile_16x16_b2_reg.v:103$2103'.
Creating decoders for process `\ffn_tile.$proc$/Users/toprakgundogdu/qwen-ffn-rom/rtl/ffn_tile_16x16_b2_reg.v:103$2097'.
Creating decoders for process `\ffn_tile.$proc$/Users/toprakgundogdu/qwen-ffn-rom/rtl/ffn_tile_16x16_b2_reg.v:103$2091'.
Creating decoders for process `\ffn_tile.$proc$/Users/toprakgundogdu/qwen-ffn-rom/rtl/ffn_tile_16x16_b2_reg.v:103$2085'.
Creating decoders for process `\ffn_tile.$proc$/Users/toprakgundogdu/qwen-ffn-rom/rtl/ffn_tile_16x16_b2_reg.v:103$2079'.
Creating decoders for process `\ffn_tile.$proc$/Users/toprakgundogdu/qwen-ffn-rom/rtl/ffn_tile_16x16_b2_reg.v:103$2073'.
Creating decoders for process `\ffn_tile.$proc$/Users/toprakgundogdu/qwen-ffn-rom/rtl/ffn_tile_16x16_b2_reg.v:103$2067'.
Creating decoders for process `\ffn_tile.$proc$/Users/toprakgundogdu/qwen-ffn-rom/rtl/ffn_tile_16x16_b2_reg.v:103$2061'.
Creating decoders for process `\ffn_tile.$proc$/Users/toprakgundogdu/qwen-ffn-rom/rtl/ffn_tile_16x16_b2_reg.v:103$2055'.
Creating decoders for process `\ffn_tile.$proc$/Users/toprakgundogdu/qwen-ffn-rom/rtl/ffn_tile_16x16_b2_reg.v:103$2049'.
Creating decoders for process `\ffn_tile.$proc$/Users/toprakgundogdu/qwen-ffn-rom/rtl/ffn_tile_16x16_b2_reg.v:103$2043'.
Creating decoders for process `\ffn_tile.$proc$/Users/toprakgundogdu/qwen-ffn-rom/rtl/ffn_tile_16x16_b2_reg.v:103$2036'.
Creating decoders for process `\ffn_tile.$proc$/Users/toprakgundogdu/qwen-ffn-rom/rtl/ffn_tile_16x16_b2_reg.v:103$2030'.
Creating decoders for process `\ffn_tile.$proc$/Users/toprakgundogdu/qwen-ffn-rom/rtl/ffn_tile_16x16_b2_reg.v:103$2024'.
Creating decoders for process `\ffn_tile.$proc$/Users/toprakgundogdu/qwen-ffn-rom/rtl/ffn_tile_16x16_b2_reg.v:103$2018'.
Creating decoders for process `\ffn_tile.$proc$/Users/toprakgundogdu/qwen-ffn-rom/rtl/ffn_tile_16x16_b2_reg.v:103$2012'.
Creating decoders for process `\ffn_tile.$proc$/Users/toprakgundogdu/qwen-ffn-rom/rtl/ffn_tile_16x16_b2_reg.v:103$2006'.
Creating decoders for process `\ffn_tile.$proc$/Users/toprakgundogdu/qwen-ffn-rom/rtl/ffn_tile_16x16_b2_reg.v:103$2000'.
Creating decoders for process `\ffn_tile.$proc$/Users/toprakgundogdu/qwen-ffn-rom/rtl/ffn_tile_16x16_b2_reg.v:103$1994'.
Creating decoders for process `\ffn_tile.$proc$/Users/toprakgundogdu/qwen-ffn-rom/rtl/ffn_tile_16x16_b2_reg.v:103$1988'.
Creating decoders for process `\ffn_tile.$proc$/Users/toprakgundogdu/qwen-ffn-rom/rtl/ffn_tile_16x16_b2_reg.v:103$1982'.
Creating decoders for process `\ffn_tile.$proc$/Users/toprakgundogdu/qwen-ffn-rom/rtl/ffn_tile_16x16_b2_reg.v:103$1976'.
Creating decoders for process `\ffn_tile.$proc$/Users/toprakgundogdu/qwen-ffn-rom/rtl/ffn_tile_16x16_b2_reg.v:103$1969'.
Creating decoders for process `\ffn_tile.$proc$/Users/toprakgundogdu/qwen-ffn-rom/rtl/ffn_tile_16x16_b2_reg.v:103$1963'.
Creating decoders for process `\ffn_tile.$proc$/Users/toprakgundogdu/qwen-ffn-rom/rtl/ffn_tile_16x16_b2_reg.v:103$1957'.
Creating decoders for process `\ffn_tile.$proc$/Users/toprakgundogdu/qwen-ffn-rom/rtl/ffn_tile_16x16_b2_reg.v:103$1951'.
Creating decoders for process `\ffn_tile.$proc$/Users/toprakgundogdu/qwen-ffn-rom/rtl/ffn_tile_16x16_b2_reg.v:103$1945'.
Creating decoders for process `\ffn_tile.$proc$/Users/toprakgundogdu/qwen-ffn-rom/rtl/ffn_tile_16x16_b2_reg.v:103$1939'.
Creating decoders for process `\ffn_tile.$proc$/Users/toprakgundogdu/qwen-ffn-rom/rtl/ffn_tile_16x16_b2_reg.v:103$1932'.
Creating decoders for process `\ffn_tile.$proc$/Users/toprakgundogdu/qwen-ffn-rom/rtl/ffn_tile_16x16_b2_reg.v:103$1925'.
Creating decoders for process `\ffn_tile.$proc$/Users/toprakgundogdu/qwen-ffn-rom/rtl/ffn_tile_16x16_b2_reg.v:103$1918'.
Creating decoders for process `\ffn_tile.$proc$/Users/toprakgundogdu/qwen-ffn-rom/rtl/ffn_tile_16x16_b2_reg.v:103$1912'.
Creating decoders for process `\ffn_tile.$proc$/Users/toprakgundogdu/qwen-ffn-rom/rtl/ffn_tile_16x16_b2_reg.v:103$1905'.
Creating decoders for process `\ffn_tile.$proc$/Users/toprakgundogdu/qwen-ffn-rom/rtl/ffn_tile_16x16_b2_reg.v:103$1899'.
Creating decoders for process `\ffn_tile.$proc$/Users/toprakgundogdu/qwen-ffn-rom/rtl/ffn_tile_16x16_b2_reg.v:103$1893'.
Creating decoders for process `\ffn_tile.$proc$/Users/toprakgundogdu/qwen-ffn-rom/rtl/ffn_tile_16x16_b2_reg.v:103$1887'.
Creating decoders for process `\ffn_tile.$proc$/Users/toprakgundogdu/qwen-ffn-rom/rtl/ffn_tile_16x16_b2_reg.v:103$1881'.
Creating decoders for process `\ffn_tile.$proc$/Users/toprakgundogdu/qwen-ffn-rom/rtl/ffn_tile_16x16_b2_reg.v:103$1875'.
Creating decoders for process `\ffn_tile.$proc$/Users/toprakgundogdu/qwen-ffn-rom/rtl/ffn_tile_16x16_b2_reg.v:103$1869'.
Creating decoders for process `\ffn_tile.$proc$/Users/toprakgundogdu/qwen-ffn-rom/rtl/ffn_tile_16x16_b2_reg.v:103$1863'.
Creating decoders for process `\ffn_tile.$proc$/Users/toprakgundogdu/qwen-ffn-rom/rtl/ffn_tile_16x16_b2_reg.v:103$1856'.
Creating decoders for process `\ffn_tile.$proc$/Users/toprakgundogdu/qwen-ffn-rom/rtl/ffn_tile_16x16_b2_reg.v:103$1850'.
Creating decoders for process `\ffn_tile.$proc$/Users/toprakgundogdu/qwen-ffn-rom/rtl/ffn_tile_16x16_b2_reg.v:103$1844'.
Creating decoders for process `\ffn_tile.$proc$/Users/toprakgundogdu/qwen-ffn-rom/rtl/ffn_tile_16x16_b2_reg.v:103$1837'.
Creating decoders for process `\ffn_tile.$proc$/Users/toprakgundogdu/qwen-ffn-rom/rtl/ffn_tile_16x16_b2_reg.v:103$1831'.
Creating decoders for process `\ffn_tile.$proc$/Users/toprakgundogdu/qwen-ffn-rom/rtl/ffn_tile_16x16_b2_reg.v:103$1825'.
Creating decoders for process `\ffn_tile.$proc$/Users/toprakgundogdu/qwen-ffn-rom/rtl/ffn_tile_16x16_b2_reg.v:103$1819'.
Creating decoders for process `\ffn_tile.$proc$/Users/toprakgundogdu/qwen-ffn-rom/rtl/ffn_tile_16x16_b2_reg.v:103$1813'.
Creating decoders for process `\ffn_tile.$proc$/Users/toprakgundogdu/qwen-ffn-rom/rtl/ffn_tile_16x16_b2_reg.v:103$1807'.
Creating decoders for process `\ffn_tile.$proc$/Users/toprakgundogdu/qwen-ffn-rom/rtl/ffn_tile_16x16_b2_reg.v:103$1801'.
Creating decoders for process `\ffn_tile.$proc$/Users/toprakgundogdu/qwen-ffn-rom/rtl/ffn_tile_16x16_b2_reg.v:103$1795'.
Creating decoders for process `\ffn_tile.$proc$/Users/toprakgundogdu/qwen-ffn-rom/rtl/ffn_tile_16x16_b2_reg.v:103$1789'.
Creating decoders for process `\ffn_tile.$proc$/Users/toprakgundogdu/qwen-ffn-rom/rtl/ffn_tile_16x16_b2_reg.v:103$1783'.
Creating decoders for process `\ffn_tile.$proc$/Users/toprakgundogdu/qwen-ffn-rom/rtl/ffn_tile_16x16_b2_reg.v:103$1777'.
Creating decoders for process `\ffn_tile.$proc$/Users/toprakgundogdu/qwen-ffn-rom/rtl/ffn_tile_16x16_b2_reg.v:103$1771'.
Creating decoders for process `\ffn_tile.$proc$/Users/toprakgundogdu/qwen-ffn-rom/rtl/ffn_tile_16x16_b2_reg.v:103$1765'.
Creating decoders for process `\ffn_tile.$proc$/Users/toprakgundogdu/qwen-ffn-rom/rtl/ffn_tile_16x16_b2_reg.v:103$1759'.
Creating decoders for process `\ffn_tile.$proc$/Users/toprakgundogdu/qwen-ffn-rom/rtl/ffn_tile_16x16_b2_reg.v:103$1753'.
Creating decoders for process `\ffn_tile.$proc$/Users/toprakgundogdu/qwen-ffn-rom/rtl/ffn_tile_16x16_b2_reg.v:103$1747'.
Creating decoders for process `\ffn_tile.$proc$/Users/toprakgundogdu/qwen-ffn-rom/rtl/ffn_tile_16x16_b2_reg.v:103$1741'.
Creating decoders for process `\ffn_tile.$proc$/Users/toprakgundogdu/qwen-ffn-rom/rtl/ffn_tile_16x16_b2_reg.v:103$1735'.
Creating decoders for process `\ffn_tile.$proc$/Users/toprakgundogdu/qwen-ffn-rom/rtl/ffn_tile_16x16_b2_reg.v:103$1729'.
Creating decoders for process `\ffn_tile.$proc$/Users/toprakgundogdu/qwen-ffn-rom/rtl/ffn_tile_16x16_b2_reg.v:103$1723'.
Creating decoders for process `\ffn_tile.$proc$/Users/toprakgundogdu/qwen-ffn-rom/rtl/ffn_tile_16x16_b2_reg.v:103$1717'.
Creating decoders for process `\ffn_tile.$proc$/Users/toprakgundogdu/qwen-ffn-rom/rtl/ffn_tile_16x16_b2_reg.v:103$1711'.
Creating decoders for process `\ffn_tile.$proc$/Users/toprakgundogdu/qwen-ffn-rom/rtl/ffn_tile_16x16_b2_reg.v:103$1705'.
Creating decoders for process `\ffn_tile.$proc$/Users/toprakgundogdu/qwen-ffn-rom/rtl/ffn_tile_16x16_b2_reg.v:103$1699'.
Creating decoders for process `\ffn_tile.$proc$/Users/toprakgundogdu/qwen-ffn-rom/rtl/ffn_tile_16x16_b2_reg.v:103$1693'.
Creating decoders for process `\ffn_tile.$proc$/Users/toprakgundogdu/qwen-ffn-rom/rtl/ffn_tile_16x16_b2_reg.v:103$1687'.
Creating decoders for process `\ffn_tile.$proc$/Users/toprakgundogdu/qwen-ffn-rom/rtl/ffn_tile_16x16_b2_reg.v:103$1681'.
Creating decoders for process `\ffn_tile.$proc$/Users/toprakgundogdu/qwen-ffn-rom/rtl/ffn_tile_16x16_b2_reg.v:103$1675'.
Creating decoders for process `\ffn_tile.$proc$/Users/toprakgundogdu/qwen-ffn-rom/rtl/ffn_tile_16x16_b2_reg.v:103$1668'.
Creating decoders for process `\ffn_tile.$proc$/Users/toprakgundogdu/qwen-ffn-rom/rtl/ffn_tile_16x16_b2_reg.v:103$1662'.
Creating decoders for process `\ffn_tile.$proc$/Users/toprakgundogdu/qwen-ffn-rom/rtl/ffn_tile_16x16_b2_reg.v:103$1656'.
Creating decoders for process `\ffn_tile.$proc$/Users/toprakgundogdu/qwen-ffn-rom/rtl/ffn_tile_16x16_b2_reg.v:103$1650'.
Creating decoders for process `\ffn_tile.$proc$/Users/toprakgundogdu/qwen-ffn-rom/rtl/ffn_tile_16x16_b2_reg.v:103$1644'.
Creating decoders for process `\ffn_tile.$proc$/Users/toprakgundogdu/qwen-ffn-rom/rtl/ffn_tile_16x16_b2_reg.v:103$1638'.
Creating decoders for process `\ffn_tile.$proc$/Users/toprakgundogdu/qwen-ffn-rom/rtl/ffn_tile_16x16_b2_reg.v:103$1632'.
Creating decoders for process `\ffn_tile.$proc$/Users/toprakgundogdu/qwen-ffn-rom/rtl/ffn_tile_16x16_b2_reg.v:103$1625'.
Creating decoders for process `\ffn_tile.$proc$/Users/toprakgundogdu/qwen-ffn-rom/rtl/ffn_tile_16x16_b2_reg.v:103$1619'.
Creating decoders for process `\ffn_tile.$proc$/Users/toprakgundogdu/qwen-ffn-rom/rtl/ffn_tile_16x16_b2_reg.v:103$1613'.
Creating decoders for process `\ffn_tile.$proc$/Users/toprakgundogdu/qwen-ffn-rom/rtl/ffn_tile_16x16_b2_reg.v:103$1607'.
Creating decoders for process `\ffn_tile.$proc$/Users/toprakgundogdu/qwen-ffn-rom/rtl/ffn_tile_16x16_b2_reg.v:103$1601'.
Creating decoders for process `\ffn_tile.$proc$/Users/toprakgundogdu/qwen-ffn-rom/rtl/ffn_tile_16x16_b2_reg.v:103$1595'.
Creating decoders for process `\ffn_tile.$proc$/Users/toprakgundogdu/qwen-ffn-rom/rtl/ffn_tile_16x16_b2_reg.v:103$1588'.
Creating decoders for process `\ffn_tile.$proc$/Users/toprakgundogdu/qwen-ffn-rom/rtl/ffn_tile_16x16_b2_reg.v:103$1582'.
Creating decoders for process `\ffn_tile.$proc$/Users/toprakgundogdu/qwen-ffn-rom/rtl/ffn_tile_16x16_b2_reg.v:103$1576'.
Creating decoders for process `\ffn_tile.$proc$/Users/toprakgundogdu/qwen-ffn-rom/rtl/ffn_tile_16x16_b2_reg.v:103$1570'.
Creating decoders for process `\ffn_tile.$proc$/Users/toprakgundogdu/qwen-ffn-rom/rtl/ffn_tile_16x16_b2_reg.v:103$1564'.
Creating decoders for process `\ffn_tile.$proc$/Users/toprakgundogdu/qwen-ffn-rom/rtl/ffn_tile_16x16_b2_reg.v:103$1558'.
Creating decoders for process `\ffn_tile.$proc$/Users/toprakgundogdu/qwen-ffn-rom/rtl/ffn_tile_16x16_b2_reg.v:103$1552'.
Creating decoders for process `\ffn_tile.$proc$/Users/toprakgundogdu/qwen-ffn-rom/rtl/ffn_tile_16x16_b2_reg.v:103$1546'.
Creating decoders for process `\ffn_tile.$proc$/Users/toprakgundogdu/qwen-ffn-rom/rtl/ffn_tile_16x16_b2_reg.v:103$1540'.
Creating decoders for process `\ffn_tile.$proc$/Users/toprakgundogdu/qwen-ffn-rom/rtl/ffn_tile_16x16_b2_reg.v:103$1534'.
Creating decoders for process `\ffn_tile.$proc$/Users/toprakgundogdu/qwen-ffn-rom/rtl/ffn_tile_16x16_b2_reg.v:103$1528'.
Creating decoders for process `\ffn_tile.$proc$/Users/toprakgundogdu/qwen-ffn-rom/rtl/ffn_tile_16x16_b2_reg.v:103$1522'.
Creating decoders for process `\ffn_tile.$proc$/Users/toprakgundogdu/qwen-ffn-rom/rtl/ffn_tile_16x16_b2_reg.v:103$1516'.
Creating decoders for process `\ffn_tile.$proc$/Users/toprakgundogdu/qwen-ffn-rom/rtl/ffn_tile_16x16_b2_reg.v:103$1510'.
Creating decoders for process `\ffn_tile.$proc$/Users/toprakgundogdu/qwen-ffn-rom/rtl/ffn_tile_16x16_b2_reg.v:103$1504'.
Creating decoders for process `\ffn_tile.$proc$/Users/toprakgundogdu/qwen-ffn-rom/rtl/ffn_tile_16x16_b2_reg.v:103$1498'.
Creating decoders for process `\ffn_tile.$proc$/Users/toprakgundogdu/qwen-ffn-rom/rtl/ffn_tile_16x16_b2_reg.v:103$1492'.
Creating decoders for process `\ffn_tile.$proc$/Users/toprakgundogdu/qwen-ffn-rom/rtl/ffn_tile_16x16_b2_reg.v:103$1486'.
Creating decoders for process `\ffn_tile.$proc$/Users/toprakgundogdu/qwen-ffn-rom/rtl/ffn_tile_16x16_b2_reg.v:103$1480'.
Creating decoders for process `\ffn_tile.$proc$/Users/toprakgundogdu/qwen-ffn-rom/rtl/ffn_tile_16x16_b2_reg.v:103$1474'.
Creating decoders for process `\ffn_tile.$proc$/Users/toprakgundogdu/qwen-ffn-rom/rtl/ffn_tile_16x16_b2_reg.v:103$1468'.
Creating decoders for process `\ffn_tile.$proc$/Users/toprakgundogdu/qwen-ffn-rom/rtl/ffn_tile_16x16_b2_reg.v:103$1462'.
Creating decoders for process `\ffn_tile.$proc$/Users/toprakgundogdu/qwen-ffn-rom/rtl/ffn_tile_16x16_b2_reg.v:103$1456'.
Creating decoders for process `\ffn_tile.$proc$/Users/toprakgundogdu/qwen-ffn-rom/rtl/ffn_tile_16x16_b2_reg.v:103$1450'.
Creating decoders for process `\ffn_tile.$proc$/Users/toprakgundogdu/qwen-ffn-rom/rtl/ffn_tile_16x16_b2_reg.v:103$1444'.
Creating decoders for process `\ffn_tile.$proc$/Users/toprakgundogdu/qwen-ffn-rom/rtl/ffn_tile_16x16_b2_reg.v:103$1438'.
Creating decoders for process `\ffn_tile.$proc$/Users/toprakgundogdu/qwen-ffn-rom/rtl/ffn_tile_16x16_b2_reg.v:103$1431'.
Creating decoders for process `\ffn_tile.$proc$/Users/toprakgundogdu/qwen-ffn-rom/rtl/ffn_tile_16x16_b2_reg.v:103$1425'.
Creating decoders for process `\ffn_tile.$proc$/Users/toprakgundogdu/qwen-ffn-rom/rtl/ffn_tile_16x16_b2_reg.v:103$1419'.
Creating decoders for process `\ffn_tile.$proc$/Users/toprakgundogdu/qwen-ffn-rom/rtl/ffn_tile_16x16_b2_reg.v:103$1413'.
Creating decoders for process `\ffn_tile.$proc$/Users/toprakgundogdu/qwen-ffn-rom/rtl/ffn_tile_16x16_b2_reg.v:103$1407'.
Creating decoders for process `\ffn_tile.$proc$/Users/toprakgundogdu/qwen-ffn-rom/rtl/ffn_tile_16x16_b2_reg.v:103$1401'.
Creating decoders for process `\ffn_tile.$proc$/Users/toprakgundogdu/qwen-ffn-rom/rtl/ffn_tile_16x16_b2_reg.v:103$1395'.
Creating decoders for process `\ffn_tile.$proc$/Users/toprakgundogdu/qwen-ffn-rom/rtl/ffn_tile_16x16_b2_reg.v:103$1388'.
Creating decoders for process `\ffn_tile.$proc$/Users/toprakgundogdu/qwen-ffn-rom/rtl/ffn_tile_16x16_b2_reg.v:103$1382'.
Creating decoders for process `\ffn_tile.$proc$/Users/toprakgundogdu/qwen-ffn-rom/rtl/ffn_tile_16x16_b2_reg.v:103$1376'.
Creating decoders for process `\ffn_tile.$proc$/Users/toprakgundogdu/qwen-ffn-rom/rtl/ffn_tile_16x16_b2_reg.v:103$1370'.
Creating decoders for process `\ffn_tile.$proc$/Users/toprakgundogdu/qwen-ffn-rom/rtl/ffn_tile_16x16_b2_reg.v:103$1364'.
Creating decoders for process `\ffn_tile.$proc$/Users/toprakgundogdu/qwen-ffn-rom/rtl/ffn_tile_16x16_b2_reg.v:103$1358'.
Creating decoders for process `\ffn_tile.$proc$/Users/toprakgundogdu/qwen-ffn-rom/rtl/ffn_tile_16x16_b2_reg.v:103$1351'.
Creating decoders for process `\ffn_tile.$proc$/Users/toprakgundogdu/qwen-ffn-rom/rtl/ffn_tile_16x16_b2_reg.v:103$1345'.
Creating decoders for process `\ffn_tile.$proc$/Users/toprakgundogdu/qwen-ffn-rom/rtl/ffn_tile_16x16_b2_reg.v:103$1338'.
Creating decoders for process `\ffn_tile.$proc$/Users/toprakgundogdu/qwen-ffn-rom/rtl/ffn_tile_16x16_b2_reg.v:103$1332'.
Creating decoders for process `\ffn_tile.$proc$/Users/toprakgundogdu/qwen-ffn-rom/rtl/ffn_tile_16x16_b2_reg.v:103$1326'.
Creating decoders for process `\ffn_tile.$proc$/Users/toprakgundogdu/qwen-ffn-rom/rtl/ffn_tile_16x16_b2_reg.v:103$1320'.
Creating decoders for process `\ffn_tile.$proc$/Users/toprakgundogdu/qwen-ffn-rom/rtl/ffn_tile_16x16_b2_reg.v:103$1314'.
Creating decoders for process `\ffn_tile.$proc$/Users/toprakgundogdu/qwen-ffn-rom/rtl/ffn_tile_16x16_b2_reg.v:103$1308'.
Creating decoders for process `\ffn_tile.$proc$/Users/toprakgundogdu/qwen-ffn-rom/rtl/ffn_tile_16x16_b2_reg.v:103$1302'.
Creating decoders for process `\ffn_tile.$proc$/Users/toprakgundogdu/qwen-ffn-rom/rtl/ffn_tile_16x16_b2_reg.v:103$1295'.
Creating decoders for process `\ffn_tile.$proc$/Users/toprakgundogdu/qwen-ffn-rom/rtl/ffn_tile_16x16_b2_reg.v:103$1289'.
Creating decoders for process `\ffn_tile.$proc$/Users/toprakgundogdu/qwen-ffn-rom/rtl/ffn_tile_16x16_b2_reg.v:103$1283'.
Creating decoders for process `\ffn_tile.$proc$/Users/toprakgundogdu/qwen-ffn-rom/rtl/ffn_tile_16x16_b2_reg.v:103$1277'.
Creating decoders for process `\ffn_tile.$proc$/Users/toprakgundogdu/qwen-ffn-rom/rtl/ffn_tile_16x16_b2_reg.v:103$1271'.
Creating decoders for process `\ffn_tile.$proc$/Users/toprakgundogdu/qwen-ffn-rom/rtl/ffn_tile_16x16_b2_reg.v:103$1265'.
Creating decoders for process `\ffn_tile.$proc$/Users/toprakgundogdu/qwen-ffn-rom/rtl/ffn_tile_16x16_b2_reg.v:103$1258'.
Creating decoders for process `\ffn_tile.$proc$/Users/toprakgundogdu/qwen-ffn-rom/rtl/ffn_tile_16x16_b2_reg.v:103$1252'.
Creating decoders for process `\ffn_tile.$proc$/Users/toprakgundogdu/qwen-ffn-rom/rtl/ffn_tile_16x16_b2_reg.v:103$1246'.
Creating decoders for process `\ffn_tile.$proc$/Users/toprakgundogdu/qwen-ffn-rom/rtl/ffn_tile_16x16_b2_reg.v:103$1240'.
Creating decoders for process `\ffn_tile.$proc$/Users/toprakgundogdu/qwen-ffn-rom/rtl/ffn_tile_16x16_b2_reg.v:103$1234'.
Creating decoders for process `\ffn_tile.$proc$/Users/toprakgundogdu/qwen-ffn-rom/rtl/ffn_tile_16x16_b2_reg.v:103$1228'.
Creating decoders for process `\ffn_tile.$proc$/Users/toprakgundogdu/qwen-ffn-rom/rtl/ffn_tile_16x16_b2_reg.v:103$1222'.
Creating decoders for process `\ffn_tile.$proc$/Users/toprakgundogdu/qwen-ffn-rom/rtl/ffn_tile_16x16_b2_reg.v:103$1216'.
Creating decoders for process `\ffn_tile.$proc$/Users/toprakgundogdu/qwen-ffn-rom/rtl/ffn_tile_16x16_b2_reg.v:103$1210'.
Creating decoders for process `\ffn_tile.$proc$/Users/toprakgundogdu/qwen-ffn-rom/rtl/ffn_tile_16x16_b2_reg.v:103$1203'.
Creating decoders for process `\ffn_tile.$proc$/Users/toprakgundogdu/qwen-ffn-rom/rtl/ffn_tile_16x16_b2_reg.v:103$1197'.
Creating decoders for process `\ffn_tile.$proc$/Users/toprakgundogdu/qwen-ffn-rom/rtl/ffn_tile_16x16_b2_reg.v:103$1191'.
Creating decoders for process `\ffn_tile.$proc$/Users/toprakgundogdu/qwen-ffn-rom/rtl/ffn_tile_16x16_b2_reg.v:103$1185'.
Creating decoders for process `\ffn_tile.$proc$/Users/toprakgundogdu/qwen-ffn-rom/rtl/ffn_tile_16x16_b2_reg.v:103$1179'.
Creating decoders for process `\ffn_tile.$proc$/Users/toprakgundogdu/qwen-ffn-rom/rtl/ffn_tile_16x16_b2_reg.v:103$1173'.
Creating decoders for process `\ffn_tile.$proc$/Users/toprakgundogdu/qwen-ffn-rom/rtl/ffn_tile_16x16_b2_reg.v:103$1167'.
Creating decoders for process `\ffn_tile.$proc$/Users/toprakgundogdu/qwen-ffn-rom/rtl/ffn_tile_16x16_b2_reg.v:103$1161'.
Creating decoders for process `\ffn_tile.$proc$/Users/toprakgundogdu/qwen-ffn-rom/rtl/ffn_tile_16x16_b2_reg.v:103$1155'.
Creating decoders for process `\ffn_tile.$proc$/Users/toprakgundogdu/qwen-ffn-rom/rtl/ffn_tile_16x16_b2_reg.v:103$1149'.
Creating decoders for process `\ffn_tile.$proc$/Users/toprakgundogdu/qwen-ffn-rom/rtl/ffn_tile_16x16_b2_reg.v:103$1143'.
Creating decoders for process `\ffn_tile.$proc$/Users/toprakgundogdu/qwen-ffn-rom/rtl/ffn_tile_16x16_b2_reg.v:103$1137'.
Creating decoders for process `\ffn_tile.$proc$/Users/toprakgundogdu/qwen-ffn-rom/rtl/ffn_tile_16x16_b2_reg.v:103$1130'.
Creating decoders for process `\ffn_tile.$proc$/Users/toprakgundogdu/qwen-ffn-rom/rtl/ffn_tile_16x16_b2_reg.v:103$1124'.
Creating decoders for process `\ffn_tile.$proc$/Users/toprakgundogdu/qwen-ffn-rom/rtl/ffn_tile_16x16_b2_reg.v:103$1117'.
Creating decoders for process `\ffn_tile.$proc$/Users/toprakgundogdu/qwen-ffn-rom/rtl/ffn_tile_16x16_b2_reg.v:103$1111'.
Creating decoders for process `\ffn_tile.$proc$/Users/toprakgundogdu/qwen-ffn-rom/rtl/ffn_tile_16x16_b2_reg.v:103$1105'.
Creating decoders for process `\ffn_tile.$proc$/Users/toprakgundogdu/qwen-ffn-rom/rtl/ffn_tile_16x16_b2_reg.v:103$1099'.
Creating decoders for process `\ffn_tile.$proc$/Users/toprakgundogdu/qwen-ffn-rom/rtl/ffn_tile_16x16_b2_reg.v:103$1092'.
Creating decoders for process `\ffn_tile.$proc$/Users/toprakgundogdu/qwen-ffn-rom/rtl/ffn_tile_16x16_b2_reg.v:103$1086'.
Creating decoders for process `\ffn_tile.$proc$/Users/toprakgundogdu/qwen-ffn-rom/rtl/ffn_tile_16x16_b2_reg.v:103$1079'.
Creating decoders for process `\ffn_tile.$proc$/Users/toprakgundogdu/qwen-ffn-rom/rtl/ffn_tile_16x16_b2_reg.v:103$1073'.
Creating decoders for process `\ffn_tile.$proc$/Users/toprakgundogdu/qwen-ffn-rom/rtl/ffn_tile_16x16_b2_reg.v:103$1066'.
Creating decoders for process `\ffn_tile.$proc$/Users/toprakgundogdu/qwen-ffn-rom/rtl/ffn_tile_16x16_b2_reg.v:103$1060'.
Creating decoders for process `\ffn_tile.$proc$/Users/toprakgundogdu/qwen-ffn-rom/rtl/ffn_tile_16x16_b2_reg.v:103$1054'.
Creating decoders for process `\ffn_tile.$proc$/Users/toprakgundogdu/qwen-ffn-rom/rtl/ffn_tile_16x16_b2_reg.v:103$1048'.
Creating decoders for process `\ffn_tile.$proc$/Users/toprakgundogdu/qwen-ffn-rom/rtl/ffn_tile_16x16_b2_reg.v:103$1042'.
Creating decoders for process `\ffn_tile.$proc$/Users/toprakgundogdu/qwen-ffn-rom/rtl/ffn_tile_16x16_b2_reg.v:103$1036'.
Creating decoders for process `\ffn_tile.$proc$/Users/toprakgundogdu/qwen-ffn-rom/rtl/ffn_tile_16x16_b2_reg.v:103$1030'.
Creating decoders for process `\ffn_tile.$proc$/Users/toprakgundogdu/qwen-ffn-rom/rtl/ffn_tile_16x16_b2_reg.v:103$1024'.
Creating decoders for process `\ffn_tile.$proc$/Users/toprakgundogdu/qwen-ffn-rom/rtl/ffn_tile_16x16_b2_reg.v:103$1018'.
Creating decoders for process `\ffn_tile.$proc$/Users/toprakgundogdu/qwen-ffn-rom/rtl/ffn_tile_16x16_b2_reg.v:103$1012'.
Creating decoders for process `\ffn_tile.$proc$/Users/toprakgundogdu/qwen-ffn-rom/rtl/ffn_tile_16x16_b2_reg.v:103$1006'.
Creating decoders for process `\ffn_tile.$proc$/Users/toprakgundogdu/qwen-ffn-rom/rtl/ffn_tile_16x16_b2_reg.v:103$1000'.
Creating decoders for process `\ffn_tile.$proc$/Users/toprakgundogdu/qwen-ffn-rom/rtl/ffn_tile_16x16_b2_reg.v:103$994'.
Creating decoders for process `\ffn_tile.$proc$/Users/toprakgundogdu/qwen-ffn-rom/rtl/ffn_tile_16x16_b2_reg.v:103$988'.
Creating decoders for process `\ffn_tile.$proc$/Users/toprakgundogdu/qwen-ffn-rom/rtl/ffn_tile_16x16_b2_reg.v:103$982'.
Creating decoders for process `\ffn_tile.$proc$/Users/toprakgundogdu/qwen-ffn-rom/rtl/ffn_tile_16x16_b2_reg.v:103$975'.
Creating decoders for process `\ffn_tile.$proc$/Users/toprakgundogdu/qwen-ffn-rom/rtl/ffn_tile_16x16_b2_reg.v:103$968'.
Creating decoders for process `\ffn_tile.$proc$/Users/toprakgundogdu/qwen-ffn-rom/rtl/ffn_tile_16x16_b2_reg.v:103$962'.
Creating decoders for process `\ffn_tile.$proc$/Users/toprakgundogdu/qwen-ffn-rom/rtl/ffn_tile_16x16_b2_reg.v:103$955'.
Creating decoders for process `\ffn_tile.$proc$/Users/toprakgundogdu/qwen-ffn-rom/rtl/ffn_tile_16x16_b2_reg.v:103$949'.
Creating decoders for process `\ffn_tile.$proc$/Users/toprakgundogdu/qwen-ffn-rom/rtl/ffn_tile_16x16_b2_reg.v:103$943'.
Creating decoders for process `\ffn_tile.$proc$/Users/toprakgundogdu/qwen-ffn-rom/rtl/ffn_tile_16x16_b2_reg.v:103$937'.
Creating decoders for process `\ffn_tile.$proc$/Users/toprakgundogdu/qwen-ffn-rom/rtl/ffn_tile_16x16_b2_reg.v:103$931'.
Creating decoders for process `\ffn_tile.$proc$/Users/toprakgundogdu/qwen-ffn-rom/rtl/ffn_tile_16x16_b2_reg.v:103$925'.
Creating decoders for process `\ffn_tile.$proc$/Users/toprakgundogdu/qwen-ffn-rom/rtl/ffn_tile_16x16_b2_reg.v:103$919'.
Creating decoders for process `\ffn_tile.$proc$/Users/toprakgundogdu/qwen-ffn-rom/rtl/ffn_tile_16x16_b2_reg.v:103$913'.
Creating decoders for process `\ffn_tile.$proc$/Users/toprakgundogdu/qwen-ffn-rom/rtl/ffn_tile_16x16_b2_reg.v:103$907'.
Creating decoders for process `\ffn_tile.$proc$/Users/toprakgundogdu/qwen-ffn-rom/rtl/ffn_tile_16x16_b2_reg.v:103$901'.
Creating decoders for process `\ffn_tile.$proc$/Users/toprakgundogdu/qwen-ffn-rom/rtl/ffn_tile_16x16_b2_reg.v:103$895'.
Creating decoders for process `\ffn_tile.$proc$/Users/toprakgundogdu/qwen-ffn-rom/rtl/ffn_tile_16x16_b2_reg.v:103$888'.
Creating decoders for process `\ffn_tile.$proc$/Users/toprakgundogdu/qwen-ffn-rom/rtl/ffn_tile_16x16_b2_reg.v:103$881'.
Creating decoders for process `\ffn_tile.$proc$/Users/toprakgundogdu/qwen-ffn-rom/rtl/ffn_tile_16x16_b2_reg.v:103$875'.
Creating decoders for process `\ffn_tile.$proc$/Users/toprakgundogdu/qwen-ffn-rom/rtl/ffn_tile_16x16_b2_reg.v:103$868'.
Creating decoders for process `\ffn_tile.$proc$/Users/toprakgundogdu/qwen-ffn-rom/rtl/ffn_tile_16x16_b2_reg.v:103$862'.
Creating decoders for process `\ffn_tile.$proc$/Users/toprakgundogdu/qwen-ffn-rom/rtl/ffn_tile_16x16_b2_reg.v:103$855'.
Creating decoders for process `\ffn_tile.$proc$/Users/toprakgundogdu/qwen-ffn-rom/rtl/ffn_tile_16x16_b2_reg.v:103$849'.
Creating decoders for process `\ffn_tile.$proc$/Users/toprakgundogdu/qwen-ffn-rom/rtl/ffn_tile_16x16_b2_reg.v:103$843'.
Creating decoders for process `\ffn_tile.$proc$/Users/toprakgundogdu/qwen-ffn-rom/rtl/ffn_tile_16x16_b2_reg.v:103$837'.
Creating decoders for process `\ffn_tile.$proc$/Users/toprakgundogdu/qwen-ffn-rom/rtl/ffn_tile_16x16_b2_reg.v:103$831'.
Creating decoders for process `\ffn_tile.$proc$/Users/toprakgundogdu/qwen-ffn-rom/rtl/ffn_tile_16x16_b2_reg.v:103$825'.
Creating decoders for process `\ffn_tile.$proc$/Users/toprakgundogdu/qwen-ffn-rom/rtl/ffn_tile_16x16_b2_reg.v:103$819'.
Creating decoders for process `\ffn_tile.$proc$/Users/toprakgundogdu/qwen-ffn-rom/rtl/ffn_tile_16x16_b2_reg.v:103$813'.
Creating decoders for process `\ffn_tile.$proc$/Users/toprakgundogdu/qwen-ffn-rom/rtl/ffn_tile_16x16_b2_reg.v:103$807'.
Creating decoders for process `\ffn_tile.$proc$/Users/toprakgundogdu/qwen-ffn-rom/rtl/ffn_tile_16x16_b2_reg.v:103$801'.
Creating decoders for process `\ffn_tile.$proc$/Users/toprakgundogdu/qwen-ffn-rom/rtl/ffn_tile_16x16_b2_reg.v:103$795'.
Creating decoders for process `\ffn_tile.$proc$/Users/toprakgundogdu/qwen-ffn-rom/rtl/ffn_tile_16x16_b2_reg.v:103$789'.
Creating decoders for process `\ffn_tile.$proc$/Users/toprakgundogdu/qwen-ffn-rom/rtl/ffn_tile_16x16_b2_reg.v:103$783'.
Creating decoders for process `\ffn_tile.$proc$/Users/toprakgundogdu/qwen-ffn-rom/rtl/ffn_tile_16x16_b2_reg.v:103$777'.
Creating decoders for process `\ffn_tile.$proc$/Users/toprakgundogdu/qwen-ffn-rom/rtl/ffn_tile_16x16_b2_reg.v:103$770'.
Creating decoders for process `\ffn_tile.$proc$/Users/toprakgundogdu/qwen-ffn-rom/rtl/ffn_tile_16x16_b2_reg.v:103$764'.
Creating decoders for process `\ffn_tile.$proc$/Users/toprakgundogdu/qwen-ffn-rom/rtl/ffn_tile_16x16_b2_reg.v:103$758'.
Creating decoders for process `\ffn_tile.$proc$/Users/toprakgundogdu/qwen-ffn-rom/rtl/ffn_tile_16x16_b2_reg.v:103$752'.
Creating decoders for process `\ffn_tile.$proc$/Users/toprakgundogdu/qwen-ffn-rom/rtl/ffn_tile_16x16_b2_reg.v:103$746'.
Creating decoders for process `\ffn_tile.$proc$/Users/toprakgundogdu/qwen-ffn-rom/rtl/ffn_tile_16x16_b2_reg.v:103$740'.
Creating decoders for process `\ffn_tile.$proc$/Users/toprakgundogdu/qwen-ffn-rom/rtl/ffn_tile_16x16_b2_reg.v:103$734'.
Creating decoders for process `\ffn_tile.$proc$/Users/toprakgundogdu/qwen-ffn-rom/rtl/ffn_tile_16x16_b2_reg.v:103$728'.
Creating decoders for process `\ffn_tile.$proc$/Users/toprakgundogdu/qwen-ffn-rom/rtl/ffn_tile_16x16_b2_reg.v:103$722'.
Creating decoders for process `\ffn_tile.$proc$/Users/toprakgundogdu/qwen-ffn-rom/rtl/ffn_tile_16x16_b2_reg.v:103$716'.
Creating decoders for process `\ffn_tile.$proc$/Users/toprakgundogdu/qwen-ffn-rom/rtl/ffn_tile_16x16_b2_reg.v:103$710'.
Creating decoders for process `\ffn_tile.$proc$/Users/toprakgundogdu/qwen-ffn-rom/rtl/ffn_tile_16x16_b2_reg.v:103$704'.
Creating decoders for process `\ffn_tile.$proc$/Users/toprakgundogdu/qwen-ffn-rom/rtl/ffn_tile_16x16_b2_reg.v:103$698'.
Creating decoders for process `\ffn_tile.$proc$/Users/toprakgundogdu/qwen-ffn-rom/rtl/ffn_tile_16x16_b2_reg.v:103$692'.
Creating decoders for process `\ffn_tile.$proc$/Users/toprakgundogdu/qwen-ffn-rom/rtl/ffn_tile_16x16_b2_reg.v:103$686'.
Creating decoders for process `\ffn_tile.$proc$/Users/toprakgundogdu/qwen-ffn-rom/rtl/ffn_tile_16x16_b2_reg.v:103$680'.
Creating decoders for process `\ffn_tile.$proc$/Users/toprakgundogdu/qwen-ffn-rom/rtl/ffn_tile_16x16_b2_reg.v:103$674'.
Creating decoders for process `\ffn_tile.$proc$/Users/toprakgundogdu/qwen-ffn-rom/rtl/ffn_tile_16x16_b2_reg.v:103$667'.
Creating decoders for process `\ffn_tile.$proc$/Users/toprakgundogdu/qwen-ffn-rom/rtl/ffn_tile_16x16_b2_reg.v:103$661'.
Creating decoders for process `\ffn_tile.$proc$/Users/toprakgundogdu/qwen-ffn-rom/rtl/ffn_tile_16x16_b2_reg.v:103$655'.
Creating decoders for process `\ffn_tile.$proc$/Users/toprakgundogdu/qwen-ffn-rom/rtl/ffn_tile_16x16_b2_reg.v:103$649'.
Creating decoders for process `\ffn_tile.$proc$/Users/toprakgundogdu/qwen-ffn-rom/rtl/ffn_tile_16x16_b2_reg.v:103$643'.
Creating decoders for process `$paramod$1c57f82a7905430256b56fd72f6f459066a99338\add_tree.$proc$/Users/toprakgundogdu/qwen-ffn-rom/rtl/ffn_tile_16x16_b2_reg.v:17$2488'.

3.8. Executing PROC_DLATCH pass (convert process syncs to latches).
No latch inferred for signal `\ffn_tile.\g_row[15].prods[15]' from process `\ffn_tile.$proc$/Users/toprakgundogdu/qwen-ffn-rom/rtl/ffn_tile_16x16_b2_reg.v:104$2486'.
No latch inferred for signal `\ffn_tile.\g_row[15].prods[14]' from process `\ffn_tile.$proc$/Users/toprakgundogdu/qwen-ffn-rom/rtl/ffn_tile_16x16_b2_reg.v:104$2485'.
No latch inferred for signal `\ffn_tile.\g_row[15].prods[13]' from process `\ffn_tile.$proc$/Users/toprakgundogdu/qwen-ffn-rom/rtl/ffn_tile_16x16_b2_reg.v:104$2484'.
No latch inferred for signal `\ffn_tile.\g_row[15].prods[12]' from process `\ffn_tile.$proc$/Users/toprakgundogdu/qwen-ffn-rom/rtl/ffn_tile_16x16_b2_reg.v:104$2483'.
No latch inferred for signal `\ffn_tile.\g_row[15].prods[11]' from process `\ffn_tile.$proc$/Users/toprakgundogdu/qwen-ffn-rom/rtl/ffn_tile_16x16_b2_reg.v:104$2482'.
No latch inferred for signal `\ffn_tile.\g_row[15].prods[10]' from process `\ffn_tile.$proc$/Users/toprakgundogdu/qwen-ffn-rom/rtl/ffn_tile_16x16_b2_reg.v:104$2481'.
No latch inferred for signal `\ffn_tile.\g_row[15].prods[9]' from process `\ffn_tile.$proc$/Users/toprakgundogdu/qwen-ffn-rom/rtl/ffn_tile_16x16_b2_reg.v:104$2480'.
No latch inferred for signal `\ffn_tile.\g_row[15].prods[8]' from process `\ffn_tile.$proc$/Users/toprakgundogdu/qwen-ffn-rom/rtl/ffn_tile_16x16_b2_reg.v:104$2479'.
No latch inferred for signal `\ffn_tile.\g_row[15].prods[7]' from process `\ffn_tile.$proc$/Users/toprakgundogdu/qwen-ffn-rom/rtl/ffn_tile_16x16_b2_reg.v:104$2478'.
No latch inferred for signal `\ffn_tile.\g_row[15].prods[6]' from process `\ffn_tile.$proc$/Users/toprakgundogdu/qwen-ffn-rom/rtl/ffn_tile_16x16_b2_reg.v:104$2477'.
No latch inferred for signal `\ffn_tile.\g_row[15].prods[5]' from process `\ffn_tile.$proc$/Users/toprakgundogdu/qwen-ffn-rom/rtl/ffn_tile_16x16_b2_reg.v:104$2476'.
No latch inferred for signal `\ffn_tile.\g_row[15].prods[4]' from process `\ffn_tile.$proc$/Users/toprakgundogdu/qwen-ffn-rom/rtl/ffn_tile_16x16_b2_reg.v:104$2475'.
No latch inferred for signal `\ffn_tile.\g_row[15].prods[3]' from process `\ffn_tile.$proc$/Users/toprakgundogdu/qwen-ffn-rom/rtl/ffn_tile_16x16_b2_reg.v:104$2474'.
No latch inferred for signal `\ffn_tile.\g_row[15].prods[2]' from process `\ffn_tile.$proc$/Users/toprakgundogdu/qwen-ffn-rom/rtl/ffn_tile_16x16_b2_reg.v:104$2473'.
No latch inferred for signal `\ffn_tile.\g_row[15].prods[1]' from process `\ffn_tile.$proc$/Users/toprakgundogdu/qwen-ffn-rom/rtl/ffn_tile_16x16_b2_reg.v:104$2472'.
No latch inferred for signal `\ffn_tile.\g_row[15].prods[0]' from process `\ffn_tile.$proc$/Users/toprakgundogdu/qwen-ffn-rom/rtl/ffn_tile_16x16_b2_reg.v:104$2471'.
No latch inferred for signal `\ffn_tile.\g_row[14].prods[15]' from process `\ffn_tile.$proc$/Users/toprakgundogdu/qwen-ffn-rom/rtl/ffn_tile_16x16_b2_reg.v:104$2470'.
No latch inferred for signal `\ffn_tile.\g_row[14].prods[14]' from process `\ffn_tile.$proc$/Users/toprakgundogdu/qwen-ffn-rom/rtl/ffn_tile_16x16_b2_reg.v:104$2469'.
No latch inferred for signal `\ffn_tile.\g_row[14].prods[13]' from process `\ffn_tile.$proc$/Users/toprakgundogdu/qwen-ffn-rom/rtl/ffn_tile_16x16_b2_reg.v:104$2468'.
No latch inferred for signal `\ffn_tile.\g_row[14].prods[12]' from process `\ffn_tile.$proc$/Users/toprakgundogdu/qwen-ffn-rom/rtl/ffn_tile_16x16_b2_reg.v:104$2467'.
No latch inferred for signal `\ffn_tile.\g_row[14].prods[11]' from process `\ffn_tile.$proc$/Users/toprakgundogdu/qwen-ffn-rom/rtl/ffn_tile_16x16_b2_reg.v:104$2466'.
No latch inferred for signal `\ffn_tile.\g_row[14].prods[10]' from process `\ffn_tile.$proc$/Users/toprakgundogdu/qwen-ffn-rom/rtl/ffn_tile_16x16_b2_reg.v:104$2465'.
No latch inferred for signal `\ffn_tile.\g_row[14].prods[9]' from process `\ffn_tile.$proc$/Users/toprakgundogdu/qwen-ffn-rom/rtl/ffn_tile_16x16_b2_reg.v:104$2464'.
No latch inferred for signal `\ffn_tile.\g_row[14].prods[8]' from process `\ffn_tile.$proc$/Users/toprakgundogdu/qwen-ffn-rom/rtl/ffn_tile_16x16_b2_reg.v:104$2463'.
No latch inferred for signal `\ffn_tile.\g_row[14].prods[7]' from process `\ffn_tile.$proc$/Users/toprakgundogdu/qwen-ffn-rom/rtl/ffn_tile_16x16_b2_reg.v:104$2462'.
No latch inferred for signal `\ffn_tile.\g_row[14].prods[6]' from process `\ffn_tile.$proc$/Users/toprakgundogdu/qwen-ffn-rom/rtl/ffn_tile_16x16_b2_reg.v:104$2461'.
No latch inferred for signal `\ffn_tile.\g_row[14].prods[5]' from process `\ffn_tile.$proc$/Users/toprakgundogdu/qwen-ffn-rom/rtl/ffn_tile_16x16_b2_reg.v:104$2460'.
No latch inferred for signal `\ffn_tile.\g_row[14].prods[4]' from process `\ffn_tile.$proc$/Users/toprakgundogdu/qwen-ffn-rom/rtl/ffn_tile_16x16_b2_reg.v:104$2459'.
No latch inferred for signal `\ffn_tile.\g_row[14].prods[3]' from process `\ffn_tile.$proc$/Users/toprakgundogdu/qwen-ffn-rom/rtl/ffn_tile_16x16_b2_reg.v:104$2458'.
No latch inferred for signal `\ffn_tile.\g_row[14].prods[2]' from process `\ffn_tile.$proc$/Users/toprakgundogdu/qwen-ffn-rom/rtl/ffn_tile_16x16_b2_reg.v:104$2457'.
No latch inferred for signal `\ffn_tile.\g_row[14].prods[1]' from process `\ffn_tile.$proc$/Users/toprakgundogdu/qwen-ffn-rom/rtl/ffn_tile_16x16_b2_reg.v:104$2456'.
No latch inferred for signal `\ffn_tile.\g_row[14].prods[0]' from process `\ffn_tile.$proc$/Users/toprakgundogdu/qwen-ffn-rom/rtl/ffn_tile_16x16_b2_reg.v:104$2455'.
No latch inferred for signal `\ffn_tile.\g_row[13].prods[15]' from process `\ffn_tile.$proc$/Users/toprakgundogdu/qwen-ffn-rom/rtl/ffn_tile_16x16_b2_reg.v:104$2454'.
No latch inferred for signal `\ffn_tile.\g_row[13].prods[14]' from process `\ffn_tile.$proc$/Users/toprakgundogdu/qwen-ffn-rom/rtl/ffn_tile_16x16_b2_reg.v:104$2453'.
No latch inferred for signal `\ffn_tile.\g_row[13].prods[13]' from process `\ffn_tile.$proc$/Users/toprakgundogdu/qwen-ffn-rom/rtl/ffn_tile_16x16_b2_reg.v:104$2452'.
No latch inferred for signal `\ffn_tile.\g_row[13].prods[12]' from process `\ffn_tile.$proc$/Users/toprakgundogdu/qwen-ffn-rom/rtl/ffn_tile_16x16_b2_reg.v:104$2451'.
No latch inferred for signal `\ffn_tile.\g_row[13].prods[11]' from process `\ffn_tile.$proc$/Users/toprakgundogdu/qwen-ffn-rom/rtl/ffn_tile_16x16_b2_reg.v:104$2450'.
No latch inferred for signal `\ffn_tile.\g_row[13].prods[10]' from process `\ffn_tile.$proc$/Users/toprakgundogdu/qwen-ffn-rom/rtl/ffn_tile_16x16_b2_reg.v:104$2449'.
No latch inferred for signal `\ffn_tile.\g_row[13].prods[9]' from process `\ffn_tile.$proc$/Users/toprakgundogdu/qwen-ffn-rom/rtl/ffn_tile_16x16_b2_reg.v:104$2448'.
No latch inferred for signal `\ffn_tile.\g_row[13].prods[8]' from process `\ffn_tile.$proc$/Users/toprakgundogdu/qwen-ffn-rom/rtl/ffn_tile_16x16_b2_reg.v:104$2447'.
No latch inferred for signal `\ffn_tile.\g_row[13].prods[7]' from process `\ffn_tile.$proc$/Users/toprakgundogdu/qwen-ffn-rom/rtl/ffn_tile_16x16_b2_reg.v:104$2446'.
No latch inferred for signal `\ffn_tile.\g_row[13].prods[6]' from process `\ffn_tile.$proc$/Users/toprakgundogdu/qwen-ffn-rom/rtl/ffn_tile_16x16_b2_reg.v:104$2445'.
No latch inferred for signal `\ffn_tile.\g_row[13].prods[5]' from process `\ffn_tile.$proc$/Users/toprakgundogdu/qwen-ffn-rom/rtl/ffn_tile_16x16_b2_reg.v:104$2444'.
No latch inferred for signal `\ffn_tile.\g_row[13].prods[4]' from process `\ffn_tile.$proc$/Users/toprakgundogdu/qwen-ffn-rom/rtl/ffn_tile_16x16_b2_reg.v:104$2443'.
No latch inferred for signal `\ffn_tile.\g_row[13].prods[3]' from process `\ffn_tile.$proc$/Users/toprakgundogdu/qwen-ffn-rom/rtl/ffn_tile_16x16_b2_reg.v:104$2442'.
No latch inferred for signal `\ffn_tile.\g_row[13].prods[2]' from process `\ffn_tile.$proc$/Users/toprakgundogdu/qwen-ffn-rom/rtl/ffn_tile_16x16_b2_reg.v:104$2441'.
No latch inferred for signal `\ffn_tile.\g_row[13].prods[1]' from process `\ffn_tile.$proc$/Users/toprakgundogdu/qwen-ffn-rom/rtl/ffn_tile_16x16_b2_reg.v:104$2440'.
No latch inferred for signal `\ffn_tile.\g_row[13].prods[0]' from process `\ffn_tile.$proc$/Users/toprakgundogdu/qwen-ffn-rom/rtl/ffn_tile_16x16_b2_reg.v:104$2439'.
No latch inferred for signal `\ffn_tile.\g_row[12].prods[15]' from process `\ffn_tile.$proc$/Users/toprakgundogdu/qwen-ffn-rom/rtl/ffn_tile_16x16_b2_reg.v:104$2438'.
No latch inferred for signal `\ffn_tile.\g_row[12].prods[14]' from process `\ffn_tile.$proc$/Users/toprakgundogdu/qwen-ffn-rom/rtl/ffn_tile_16x16_b2_reg.v:104$2437'.
No latch inferred for signal `\ffn_tile.\g_row[12].prods[13]' from process `\ffn_tile.$proc$/Users/toprakgundogdu/qwen-ffn-rom/rtl/ffn_tile_16x16_b2_reg.v:104$2436'.
No latch inferred for signal `\ffn_tile.\g_row[12].prods[12]' from process `\ffn_tile.$proc$/Users/toprakgundogdu/qwen-ffn-rom/rtl/ffn_tile_16x16_b2_reg.v:104$2435'.
No latch inferred for signal `\ffn_tile.\g_row[12].prods[11]' from process `\ffn_tile.$proc$/Users/toprakgundogdu/qwen-ffn-rom/rtl/ffn_tile_16x16_b2_reg.v:104$2434'.
No latch inferred for signal `\ffn_tile.\g_row[12].prods[10]' from process `\ffn_tile.$proc$/Users/toprakgundogdu/qwen-ffn-rom/rtl/ffn_tile_16x16_b2_reg.v:104$2433'.
No latch inferred for signal `\ffn_tile.\g_row[12].prods[9]' from process `\ffn_tile.$proc$/Users/toprakgundogdu/qwen-ffn-rom/rtl/ffn_tile_16x16_b2_reg.v:104$2432'.
No latch inferred for signal `\ffn_tile.\g_row[12].prods[8]' from process `\ffn_tile.$proc$/Users/toprakgundogdu/qwen-ffn-rom/rtl/ffn_tile_16x16_b2_reg.v:104$2431'.
No latch inferred for signal `\ffn_tile.\g_row[12].prods[7]' from process `\ffn_tile.$proc$/Users/toprakgundogdu/qwen-ffn-rom/rtl/ffn_tile_16x16_b2_reg.v:104$2430'.
No latch inferred for signal `\ffn_tile.\g_row[12].prods[6]' from process `\ffn_tile.$proc$/Users/toprakgundogdu/qwen-ffn-rom/rtl/ffn_tile_16x16_b2_reg.v:104$2429'.
No latch inferred for signal `\ffn_tile.\g_row[12].prods[5]' from process `\ffn_tile.$proc$/Users/toprakgundogdu/qwen-ffn-rom/rtl/ffn_tile_16x16_b2_reg.v:104$2428'.
No latch inferred for signal `\ffn_tile.\g_row[12].prods[4]' from process `\ffn_tile.$proc$/Users/toprakgundogdu/qwen-ffn-rom/rtl/ffn_tile_16x16_b2_reg.v:104$2427'.
No latch inferred for signal `\ffn_tile.\g_row[12].prods[3]' from process `\ffn_tile.$proc$/Users/toprakgundogdu/qwen-ffn-rom/rtl/ffn_tile_16x16_b2_reg.v:104$2426'.
No latch inferred for signal `\ffn_tile.\g_row[12].prods[2]' from process `\ffn_tile.$proc$/Users/toprakgundogdu/qwen-ffn-rom/rtl/ffn_tile_16x16_b2_reg.v:104$2425'.
No latch inferred for signal `\ffn_tile.\g_row[12].prods[1]' from process `\ffn_tile.$proc$/Users/toprakgundogdu/qwen-ffn-rom/rtl/ffn_tile_16x16_b2_reg.v:104$2424'.
No latch inferred for signal `\ffn_tile.\g_row[12].prods[0]' from process `\ffn_tile.$proc$/Users/toprakgundogdu/qwen-ffn-rom/rtl/ffn_tile_16x16_b2_reg.v:104$2423'.
No latch inferred for signal `\ffn_tile.\g_row[11].prods[15]' from process `\ffn_tile.$proc$/Users/toprakgundogdu/qwen-ffn-rom/rtl/ffn_tile_16x16_b2_reg.v:104$2422'.
No latch inferred for signal `\ffn_tile.\g_row[11].prods[14]' from process `\ffn_tile.$proc$/Users/toprakgundogdu/qwen-ffn-rom/rtl/ffn_tile_16x16_b2_reg.v:104$2421'.
No latch inferred for signal `\ffn_tile.\g_row[11].prods[13]' from process `\ffn_tile.$proc$/Users/toprakgundogdu/qwen-ffn-rom/rtl/ffn_tile_16x16_b2_reg.v:104$2420'.
No latch inferred for signal `\ffn_tile.\g_row[11].prods[12]' from process `\ffn_tile.$proc$/Users/toprakgundogdu/qwen-ffn-rom/rtl/ffn_tile_16x16_b2_reg.v:104$2419'.
No latch inferred for signal `\ffn_tile.\g_row[11].prods[11]' from process `\ffn_tile.$proc$/Users/toprakgundogdu/qwen-ffn-rom/rtl/ffn_tile_16x16_b2_reg.v:104$2418'.
No latch inferred for signal `\ffn_tile.\g_row[11].prods[10]' from process `\ffn_tile.$proc$/Users/toprakgundogdu/qwen-ffn-rom/rtl/ffn_tile_16x16_b2_reg.v:104$2417'.
No latch inferred for signal `\ffn_tile.\g_row[11].prods[9]' from process `\ffn_tile.$proc$/Users/toprakgundogdu/qwen-ffn-rom/rtl/ffn_tile_16x16_b2_reg.v:104$2416'.
No latch inferred for signal `\ffn_tile.\g_row[11].prods[8]' from process `\ffn_tile.$proc$/Users/toprakgundogdu/qwen-ffn-rom/rtl/ffn_tile_16x16_b2_reg.v:104$2415'.
No latch inferred for signal `\ffn_tile.\g_row[11].prods[7]' from process `\ffn_tile.$proc$/Users/toprakgundogdu/qwen-ffn-rom/rtl/ffn_tile_16x16_b2_reg.v:104$2414'.
No latch inferred for signal `\ffn_tile.\g_row[11].prods[6]' from process `\ffn_tile.$proc$/Users/toprakgundogdu/qwen-ffn-rom/rtl/ffn_tile_16x16_b2_reg.v:104$2413'.
No latch inferred for signal `\ffn_tile.\g_row[11].prods[5]' from process `\ffn_tile.$proc$/Users/toprakgundogdu/qwen-ffn-rom/rtl/ffn_tile_16x16_b2_reg.v:104$2412'.
No latch inferred for signal `\ffn_tile.\g_row[11].prods[4]' from process `\ffn_tile.$proc$/Users/toprakgundogdu/qwen-ffn-rom/rtl/ffn_tile_16x16_b2_reg.v:104$2411'.
No latch inferred for signal `\ffn_tile.\g_row[11].prods[3]' from process `\ffn_tile.$proc$/Users/toprakgundogdu/qwen-ffn-rom/rtl/ffn_tile_16x16_b2_reg.v:104$2410'.
No latch inferred for signal `\ffn_tile.\g_row[11].prods[2]' from process `\ffn_tile.$proc$/Users/toprakgundogdu/qwen-ffn-rom/rtl/ffn_tile_16x16_b2_reg.v:104$2409'.
No latch inferred for signal `\ffn_tile.\g_row[11].prods[1]' from process `\ffn_tile.$proc$/Users/toprakgundogdu/qwen-ffn-rom/rtl/ffn_tile_16x16_b2_reg.v:104$2408'.
No latch inferred for signal `\ffn_tile.\g_row[11].prods[0]' from process `\ffn_tile.$proc$/Users/toprakgundogdu/qwen-ffn-rom/rtl/ffn_tile_16x16_b2_reg.v:104$2407'.
No latch inferred for signal `\ffn_tile.\g_row[10].prods[15]' from process `\ffn_tile.$proc$/Users/toprakgundogdu/qwen-ffn-rom/rtl/ffn_tile_16x16_b2_reg.v:104$2406'.
No latch inferred for signal `\ffn_tile.\g_row[10].prods[14]' from process `\ffn_tile.$proc$/Users/toprakgundogdu/qwen-ffn-rom/rtl/ffn_tile_16x16_b2_reg.v:104$2405'.
No latch inferred for signal `\ffn_tile.\g_row[10].prods[13]' from process `\ffn_tile.$proc$/Users/toprakgundogdu/qwen-ffn-rom/rtl/ffn_tile_16x16_b2_reg.v:104$2404'.
No latch inferred for signal `\ffn_tile.\g_row[10].prods[12]' from process `\ffn_tile.$proc$/Users/toprakgundogdu/qwen-ffn-rom/rtl/ffn_tile_16x16_b2_reg.v:104$2403'.
No latch inferred for signal `\ffn_tile.\g_row[10].prods[11]' from process `\ffn_tile.$proc$/Users/toprakgundogdu/qwen-ffn-rom/rtl/ffn_tile_16x16_b2_reg.v:104$2402'.
No latch inferred for signal `\ffn_tile.\g_row[10].prods[10]' from process `\ffn_tile.$proc$/Users/toprakgundogdu/qwen-ffn-rom/rtl/ffn_tile_16x16_b2_reg.v:104$2401'.
No latch inferred for signal `\ffn_tile.\g_row[10].prods[9]' from process `\ffn_tile.$proc$/Users/toprakgundogdu/qwen-ffn-rom/rtl/ffn_tile_16x16_b2_reg.v:104$2400'.
No latch inferred for signal `\ffn_tile.\g_row[10].prods[8]' from process `\ffn_tile.$proc$/Users/toprakgundogdu/qwen-ffn-rom/rtl/ffn_tile_16x16_b2_reg.v:104$2399'.
No latch inferred for signal `\ffn_tile.\g_row[10].prods[7]' from process `\ffn_tile.$proc$/Users/toprakgundogdu/qwen-ffn-rom/rtl/ffn_tile_16x16_b2_reg.v:104$2398'.
No latch inferred for signal `\ffn_tile.\g_row[10].prods[6]' from process `\ffn_tile.$proc$/Users/toprakgundogdu/qwen-ffn-rom/rtl/ffn_tile_16x16_b2_reg.v:104$2397'.
No latch inferred for signal `\ffn_tile.\g_row[10].prods[5]' from process `\ffn_tile.$proc$/Users/toprakgundogdu/qwen-ffn-rom/rtl/ffn_tile_16x16_b2_reg.v:104$2396'.
No latch inferred for signal `\ffn_tile.\g_row[10].prods[4]' from process `\ffn_tile.$proc$/Users/toprakgundogdu/qwen-ffn-rom/rtl/ffn_tile_16x16_b2_reg.v:104$2395'.
No latch inferred for signal `\ffn_tile.\g_row[10].prods[3]' from process `\ffn_tile.$proc$/Users/toprakgundogdu/qwen-ffn-rom/rtl/ffn_tile_16x16_b2_reg.v:104$2394'.
No latch inferred for signal `\ffn_tile.\g_row[10].prods[2]' from process `\ffn_tile.$proc$/Users/toprakgundogdu/qwen-ffn-rom/rtl/ffn_tile_16x16_b2_reg.v:104$2393'.
No latch inferred for signal `\ffn_tile.\g_row[10].prods[1]' from process `\ffn_tile.$proc$/Users/toprakgundogdu/qwen-ffn-rom/rtl/ffn_tile_16x16_b2_reg.v:104$2392'.
No latch inferred for signal `\ffn_tile.\g_row[10].prods[0]' from process `\ffn_tile.$proc$/Users/toprakgundogdu/qwen-ffn-rom/rtl/ffn_tile_16x16_b2_reg.v:104$2391'.
No latch inferred for signal `\ffn_tile.\g_row[9].prods[15]' from process `\ffn_tile.$proc$/Users/toprakgundogdu/qwen-ffn-rom/rtl/ffn_tile_16x16_b2_reg.v:104$2390'.
No latch inferred for signal `\ffn_tile.\g_row[9].prods[14]' from process `\ffn_tile.$proc$/Users/toprakgundogdu/qwen-ffn-rom/rtl/ffn_tile_16x16_b2_reg.v:104$2389'.
No latch inferred for signal `\ffn_tile.\g_row[9].prods[13]' from process `\ffn_tile.$proc$/Users/toprakgundogdu/qwen-ffn-rom/rtl/ffn_tile_16x16_b2_reg.v:104$2388'.
No latch inferred for signal `\ffn_tile.\g_row[9].prods[12]' from process `\ffn_tile.$proc$/Users/toprakgundogdu/qwen-ffn-rom/rtl/ffn_tile_16x16_b2_reg.v:104$2387'.
No latch inferred for signal `\ffn_tile.\g_row[9].prods[11]' from process `\ffn_tile.$proc$/Users/toprakgundogdu/qwen-ffn-rom/rtl/ffn_tile_16x16_b2_reg.v:104$2386'.
No latch inferred for signal `\ffn_tile.\g_row[9].prods[10]' from process `\ffn_tile.$proc$/Users/toprakgundogdu/qwen-ffn-rom/rtl/ffn_tile_16x16_b2_reg.v:104$2385'.
No latch inferred for signal `\ffn_tile.\g_row[9].prods[9]' from process `\ffn_tile.$proc$/Users/toprakgundogdu/qwen-ffn-rom/rtl/ffn_tile_16x16_b2_reg.v:104$2384'.
No latch inferred for signal `\ffn_tile.\g_row[9].prods[8]' from process `\ffn_tile.$proc$/Users/toprakgundogdu/qwen-ffn-rom/rtl/ffn_tile_16x16_b2_reg.v:104$2383'.
No latch inferred for signal `\ffn_tile.\g_row[9].prods[7]' from process `\ffn_tile.$proc$/Users/toprakgundogdu/qwen-ffn-rom/rtl/ffn_tile_16x16_b2_reg.v:104$2382'.
No latch inferred for signal `\ffn_tile.\g_row[9].prods[6]' from process `\ffn_tile.$proc$/Users/toprakgundogdu/qwen-ffn-rom/rtl/ffn_tile_16x16_b2_reg.v:104$2381'.
No latch inferred for signal `\ffn_tile.\g_row[9].prods[5]' from process `\ffn_tile.$proc$/Users/toprakgundogdu/qwen-ffn-rom/rtl/ffn_tile_16x16_b2_reg.v:104$2380'.
No latch inferred for signal `\ffn_tile.\g_row[9].prods[4]' from process `\ffn_tile.$proc$/Users/toprakgundogdu/qwen-ffn-rom/rtl/ffn_tile_16x16_b2_reg.v:104$2379'.
No latch inferred for signal `\ffn_tile.\g_row[9].prods[3]' from process `\ffn_tile.$proc$/Users/toprakgundogdu/qwen-ffn-rom/rtl/ffn_tile_16x16_b2_reg.v:104$2378'.
No latch inferred for signal `\ffn_tile.\g_row[9].prods[2]' from process `\ffn_tile.$proc$/Users/toprakgundogdu/qwen-ffn-rom/rtl/ffn_tile_16x16_b2_reg.v:104$2377'.
No latch inferred for signal `\ffn_tile.\g_row[9].prods[1]' from process `\ffn_tile.$proc$/Users/toprakgundogdu/qwen-ffn-rom/rtl/ffn_tile_16x16_b2_reg.v:104$2376'.
No latch inferred for signal `\ffn_tile.\g_row[9].prods[0]' from process `\ffn_tile.$proc$/Users/toprakgundogdu/qwen-ffn-rom/rtl/ffn_tile_16x16_b2_reg.v:104$2375'.
No latch inferred for signal `\ffn_tile.\g_row[8].prods[15]' from process `\ffn_tile.$proc$/Users/toprakgundogdu/qwen-ffn-rom/rtl/ffn_tile_16x16_b2_reg.v:104$2374'.
No latch inferred for signal `\ffn_tile.\g_row[8].prods[14]' from process `\ffn_tile.$proc$/Users/toprakgundogdu/qwen-ffn-rom/rtl/ffn_tile_16x16_b2_reg.v:104$2373'.
No latch inferred for signal `\ffn_tile.\g_row[8].prods[13]' from process `\ffn_tile.$proc$/Users/toprakgundogdu/qwen-ffn-rom/rtl/ffn_tile_16x16_b2_reg.v:104$2372'.
No latch inferred for signal `\ffn_tile.\g_row[8].prods[12]' from process `\ffn_tile.$proc$/Users/toprakgundogdu/qwen-ffn-rom/rtl/ffn_tile_16x16_b2_reg.v:104$2371'.
No latch inferred for signal `\ffn_tile.\g_row[8].prods[11]' from process `\ffn_tile.$proc$/Users/toprakgundogdu/qwen-ffn-rom/rtl/ffn_tile_16x16_b2_reg.v:104$2370'.
No latch inferred for signal `\ffn_tile.\g_row[8].prods[10]' from process `\ffn_tile.$proc$/Users/toprakgundogdu/qwen-ffn-rom/rtl/ffn_tile_16x16_b2_reg.v:104$2369'.
No latch inferred for signal `\ffn_tile.\g_row[8].prods[9]' from process `\ffn_tile.$proc$/Users/toprakgundogdu/qwen-ffn-rom/rtl/ffn_tile_16x16_b2_reg.v:104$2368'.
No latch inferred for signal `\ffn_tile.\g_row[8].prods[8]' from process `\ffn_tile.$proc$/Users/toprakgundogdu/qwen-ffn-rom/rtl/ffn_tile_16x16_b2_reg.v:104$2367'.
No latch inferred for signal `\ffn_tile.\g_row[8].prods[7]' from process `\ffn_tile.$proc$/Users/toprakgundogdu/qwen-ffn-rom/rtl/ffn_tile_16x16_b2_reg.v:104$2366'.
No latch inferred for signal `\ffn_tile.\g_row[8].prods[6]' from process `\ffn_tile.$proc$/Users/toprakgundogdu/qwen-ffn-rom/rtl/ffn_tile_16x16_b2_reg.v:104$2365'.
No latch inferred for signal `\ffn_tile.\g_row[8].prods[5]' from process `\ffn_tile.$proc$/Users/toprakgundogdu/qwen-ffn-rom/rtl/ffn_tile_16x16_b2_reg.v:104$2364'.
No latch inferred for signal `\ffn_tile.\g_row[8].prods[4]' from process `\ffn_tile.$proc$/Users/toprakgundogdu/qwen-ffn-rom/rtl/ffn_tile_16x16_b2_reg.v:104$2363'.
No latch inferred for signal `\ffn_tile.\g_row[8].prods[3]' from process `\ffn_tile.$proc$/Users/toprakgundogdu/qwen-ffn-rom/rtl/ffn_tile_16x16_b2_reg.v:104$2362'.
No latch inferred for signal `\ffn_tile.\g_row[8].prods[2]' from process `\ffn_tile.$proc$/Users/toprakgundogdu/qwen-ffn-rom/rtl/ffn_tile_16x16_b2_reg.v:104$2361'.
No latch inferred for signal `\ffn_tile.\g_row[8].prods[1]' from process `\ffn_tile.$proc$/Users/toprakgundogdu/qwen-ffn-rom/rtl/ffn_tile_16x16_b2_reg.v:104$2360'.
No latch inferred for signal `\ffn_tile.\g_row[8].prods[0]' from process `\ffn_tile.$proc$/Users/toprakgundogdu/qwen-ffn-rom/rtl/ffn_tile_16x16_b2_reg.v:104$2359'.
No latch inferred for signal `\ffn_tile.\g_row[7].prods[15]' from process `\ffn_tile.$proc$/Users/toprakgundogdu/qwen-ffn-rom/rtl/ffn_tile_16x16_b2_reg.v:104$2358'.
No latch inferred for signal `\ffn_tile.\g_row[7].prods[14]' from process `\ffn_tile.$proc$/Users/toprakgundogdu/qwen-ffn-rom/rtl/ffn_tile_16x16_b2_reg.v:104$2357'.
No latch inferred for signal `\ffn_tile.\g_row[7].prods[13]' from process `\ffn_tile.$proc$/Users/toprakgundogdu/qwen-ffn-rom/rtl/ffn_tile_16x16_b2_reg.v:104$2356'.
No latch inferred for signal `\ffn_tile.\g_row[7].prods[12]' from process `\ffn_tile.$proc$/Users/toprakgundogdu/qwen-ffn-rom/rtl/ffn_tile_16x16_b2_reg.v:104$2355'.
No latch inferred for signal `\ffn_tile.\g_row[7].prods[11]' from process `\ffn_tile.$proc$/Users/toprakgundogdu/qwen-ffn-rom/rtl/ffn_tile_16x16_b2_reg.v:104$2354'.
No latch inferred for signal `\ffn_tile.\g_row[7].prods[10]' from process `\ffn_tile.$proc$/Users/toprakgundogdu/qwen-ffn-rom/rtl/ffn_tile_16x16_b2_reg.v:104$2353'.
No latch inferred for signal `\ffn_tile.\g_row[7].prods[9]' from process `\ffn_tile.$proc$/Users/toprakgundogdu/qwen-ffn-rom/rtl/ffn_tile_16x16_b2_reg.v:104$2352'.
No latch inferred for signal `\ffn_tile.\g_row[7].prods[8]' from process `\ffn_tile.$proc$/Users/toprakgundogdu/qwen-ffn-rom/rtl/ffn_tile_16x16_b2_reg.v:104$2351'.
No latch inferred for signal `\ffn_tile.\g_row[7].prods[7]' from process `\ffn_tile.$proc$/Users/toprakgundogdu/qwen-ffn-rom/rtl/ffn_tile_16x16_b2_reg.v:104$2350'.
No latch inferred for signal `\ffn_tile.\g_row[7].prods[6]' from process `\ffn_tile.$proc$/Users/toprakgundogdu/qwen-ffn-rom/rtl/ffn_tile_16x16_b2_reg.v:104$2349'.
No latch inferred for signal `\ffn_tile.\g_row[7].prods[5]' from process `\ffn_tile.$proc$/Users/toprakgundogdu/qwen-ffn-rom/rtl/ffn_tile_16x16_b2_reg.v:104$2348'.
No latch inferred for signal `\ffn_tile.\g_row[7].prods[4]' from process `\ffn_tile.$proc$/Users/toprakgundogdu/qwen-ffn-rom/rtl/ffn_tile_16x16_b2_reg.v:104$2347'.
No latch inferred for signal `\ffn_tile.\g_row[7].prods[3]' from process `\ffn_tile.$proc$/Users/toprakgundogdu/qwen-ffn-rom/rtl/ffn_tile_16x16_b2_reg.v:104$2346'.
No latch inferred for signal `\ffn_tile.\g_row[7].prods[2]' from process `\ffn_tile.$proc$/Users/toprakgundogdu/qwen-ffn-rom/rtl/ffn_tile_16x16_b2_reg.v:104$2345'.
No latch inferred for signal `\ffn_tile.\g_row[7].prods[1]' from process `\ffn_tile.$proc$/Users/toprakgundogdu/qwen-ffn-rom/rtl/ffn_tile_16x16_b2_reg.v:104$2344'.
No latch inferred for signal `\ffn_tile.\g_row[7].prods[0]' from process `\ffn_tile.$proc$/Users/toprakgundogdu/qwen-ffn-rom/rtl/ffn_tile_16x16_b2_reg.v:104$2343'.
No latch inferred for signal `\ffn_tile.\g_row[6].prods[15]' from process `\ffn_tile.$proc$/Users/toprakgundogdu/qwen-ffn-rom/rtl/ffn_tile_16x16_b2_reg.v:104$2342'.
No latch inferred for signal `\ffn_tile.\g_row[6].prods[14]' from process `\ffn_tile.$proc$/Users/toprakgundogdu/qwen-ffn-rom/rtl/ffn_tile_16x16_b2_reg.v:104$2341'.
No latch inferred for signal `\ffn_tile.\g_row[6].prods[13]' from process `\ffn_tile.$proc$/Users/toprakgundogdu/qwen-ffn-rom/rtl/ffn_tile_16x16_b2_reg.v:104$2340'.
No latch inferred for signal `\ffn_tile.\g_row[6].prods[12]' from process `\ffn_tile.$proc$/Users/toprakgundogdu/qwen-ffn-rom/rtl/ffn_tile_16x16_b2_reg.v:104$2339'.
No latch inferred for signal `\ffn_tile.\g_row[6].prods[11]' from process `\ffn_tile.$proc$/Users/toprakgundogdu/qwen-ffn-rom/rtl/ffn_tile_16x16_b2_reg.v:104$2338'.
No latch inferred for signal `\ffn_tile.\g_row[6].prods[10]' from process `\ffn_tile.$proc$/Users/toprakgundogdu/qwen-ffn-rom/rtl/ffn_tile_16x16_b2_reg.v:104$2337'.
No latch inferred for signal `\ffn_tile.\g_row[6].prods[9]' from process `\ffn_tile.$proc$/Users/toprakgundogdu/qwen-ffn-rom/rtl/ffn_tile_16x16_b2_reg.v:104$2336'.
No latch inferred for signal `\ffn_tile.\g_row[6].prods[8]' from process `\ffn_tile.$proc$/Users/toprakgundogdu/qwen-ffn-rom/rtl/ffn_tile_16x16_b2_reg.v:104$2335'.
No latch inferred for signal `\ffn_tile.\g_row[6].prods[7]' from process `\ffn_tile.$proc$/Users/toprakgundogdu/qwen-ffn-rom/rtl/ffn_tile_16x16_b2_reg.v:104$2334'.
No latch inferred for signal `\ffn_tile.\g_row[6].prods[6]' from process `\ffn_tile.$proc$/Users/toprakgundogdu/qwen-ffn-rom/rtl/ffn_tile_16x16_b2_reg.v:104$2333'.
No latch inferred for signal `\ffn_tile.\g_row[6].prods[5]' from process `\ffn_tile.$proc$/Users/toprakgundogdu/qwen-ffn-rom/rtl/ffn_tile_16x16_b2_reg.v:104$2332'.
No latch inferred for signal `\ffn_tile.\g_row[6].prods[4]' from process `\ffn_tile.$proc$/Users/toprakgundogdu/qwen-ffn-rom/rtl/ffn_tile_16x16_b2_reg.v:104$2331'.
No latch inferred for signal `\ffn_tile.\g_row[6].prods[3]' from process `\ffn_tile.$proc$/Users/toprakgundogdu/qwen-ffn-rom/rtl/ffn_tile_16x16_b2_reg.v:104$2330'.
No latch inferred for signal `\ffn_tile.\g_row[6].prods[2]' from process `\ffn_tile.$proc$/Users/toprakgundogdu/qwen-ffn-rom/rtl/ffn_tile_16x16_b2_reg.v:104$2329'.
No latch inferred for signal `\ffn_tile.\g_row[6].prods[1]' from process `\ffn_tile.$proc$/Users/toprakgundogdu/qwen-ffn-rom/rtl/ffn_tile_16x16_b2_reg.v:104$2328'.
No latch inferred for signal `\ffn_tile.\g_row[6].prods[0]' from process `\ffn_tile.$proc$/Users/toprakgundogdu/qwen-ffn-rom/rtl/ffn_tile_16x16_b2_reg.v:104$2327'.
No latch inferred for signal `\ffn_tile.\g_row[5].prods[15]' from process `\ffn_tile.$proc$/Users/toprakgundogdu/qwen-ffn-rom/rtl/ffn_tile_16x16_b2_reg.v:104$2326'.
No latch inferred for signal `\ffn_tile.\g_row[5].prods[14]' from process `\ffn_tile.$proc$/Users/toprakgundogdu/qwen-ffn-rom/rtl/ffn_tile_16x16_b2_reg.v:104$2325'.
No latch inferred for signal `\ffn_tile.\g_row[5].prods[13]' from process `\ffn_tile.$proc$/Users/toprakgundogdu/qwen-ffn-rom/rtl/ffn_tile_16x16_b2_reg.v:104$2324'.
No latch inferred for signal `\ffn_tile.\g_row[5].prods[12]' from process `\ffn_tile.$proc$/Users/toprakgundogdu/qwen-ffn-rom/rtl/ffn_tile_16x16_b2_reg.v:104$2323'.
No latch inferred for signal `\ffn_tile.\g_row[5].prods[11]' from process `\ffn_tile.$proc$/Users/toprakgundogdu/qwen-ffn-rom/rtl/ffn_tile_16x16_b2_reg.v:104$2322'.
No latch inferred for signal `\ffn_tile.\g_row[5].prods[10]' from process `\ffn_tile.$proc$/Users/toprakgundogdu/qwen-ffn-rom/rtl/ffn_tile_16x16_b2_reg.v:104$2321'.
No latch inferred for signal `\ffn_tile.\g_row[5].prods[9]' from process `\ffn_tile.$proc$/Users/toprakgundogdu/qwen-ffn-rom/rtl/ffn_tile_16x16_b2_reg.v:104$2320'.
No latch inferred for signal `\ffn_tile.\g_row[5].prods[8]' from process `\ffn_tile.$proc$/Users/toprakgundogdu/qwen-ffn-rom/rtl/ffn_tile_16x16_b2_reg.v:104$2319'.
No latch inferred for signal `\ffn_tile.\g_row[5].prods[7]' from process `\ffn_tile.$proc$/Users/toprakgundogdu/qwen-ffn-rom/rtl/ffn_tile_16x16_b2_reg.v:104$2318'.
No latch inferred for signal `\ffn_tile.\g_row[5].prods[6]' from process `\ffn_tile.$proc$/Users/toprakgundogdu/qwen-ffn-rom/rtl/ffn_tile_16x16_b2_reg.v:104$2317'.
No latch inferred for signal `\ffn_tile.\g_row[5].prods[5]' from process `\ffn_tile.$proc$/Users/toprakgundogdu/qwen-ffn-rom/rtl/ffn_tile_16x16_b2_reg.v:104$2316'.
No latch inferred for signal `\ffn_tile.\g_row[5].prods[4]' from process `\ffn_tile.$proc$/Users/toprakgundogdu/qwen-ffn-rom/rtl/ffn_tile_16x16_b2_reg.v:104$2315'.
No latch inferred for signal `\ffn_tile.\g_row[5].prods[3]' from process `\ffn_tile.$proc$/Users/toprakgundogdu/qwen-ffn-rom/rtl/ffn_tile_16x16_b2_reg.v:104$2314'.
No latch inferred for signal `\ffn_tile.\g_row[5].prods[2]' from process `\ffn_tile.$proc$/Users/toprakgundogdu/qwen-ffn-rom/rtl/ffn_tile_16x16_b2_reg.v:104$2313'.
No latch inferred for signal `\ffn_tile.\g_row[5].prods[1]' from process `\ffn_tile.$proc$/Users/toprakgundogdu/qwen-ffn-rom/rtl/ffn_tile_16x16_b2_reg.v:104$2312'.
No latch inferred for signal `\ffn_tile.\g_row[5].prods[0]' from process `\ffn_tile.$proc$/Users/toprakgundogdu/qwen-ffn-rom/rtl/ffn_tile_16x16_b2_reg.v:104$2311'.
No latch inferred for signal `\ffn_tile.\g_row[4].prods[15]' from process `\ffn_tile.$proc$/Users/toprakgundogdu/qwen-ffn-rom/rtl/ffn_tile_16x16_b2_reg.v:104$2310'.
No latch inferred for signal `\ffn_tile.\g_row[4].prods[14]' from process `\ffn_tile.$proc$/Users/toprakgundogdu/qwen-ffn-rom/rtl/ffn_tile_16x16_b2_reg.v:104$2309'.
No latch inferred for signal `\ffn_tile.\g_row[4].prods[13]' from process `\ffn_tile.$proc$/Users/toprakgundogdu/qwen-ffn-rom/rtl/ffn_tile_16x16_b2_reg.v:104$2308'.
No latch inferred for signal `\ffn_tile.\g_row[4].prods[12]' from process `\ffn_tile.$proc$/Users/toprakgundogdu/qwen-ffn-rom/rtl/ffn_tile_16x16_b2_reg.v:104$2307'.
No latch inferred for signal `\ffn_tile.\g_row[4].prods[11]' from process `\ffn_tile.$proc$/Users/toprakgundogdu/qwen-ffn-rom/rtl/ffn_tile_16x16_b2_reg.v:104$2306'.
No latch inferred for signal `\ffn_tile.\g_row[4].prods[10]' from process `\ffn_tile.$proc$/Users/toprakgundogdu/qwen-ffn-rom/rtl/ffn_tile_16x16_b2_reg.v:104$2305'.
No latch inferred for signal `\ffn_tile.\g_row[4].prods[9]' from process `\ffn_tile.$proc$/Users/toprakgundogdu/qwen-ffn-rom/rtl/ffn_tile_16x16_b2_reg.v:104$2304'.
No latch inferred for signal `\ffn_tile.\g_row[4].prods[8]' from process `\ffn_tile.$proc$/Users/toprakgundogdu/qwen-ffn-rom/rtl/ffn_tile_16x16_b2_reg.v:104$2303'.
No latch inferred for signal `\ffn_tile.\g_row[4].prods[7]' from process `\ffn_tile.$proc$/Users/toprakgundogdu/qwen-ffn-rom/rtl/ffn_tile_16x16_b2_reg.v:104$2302'.
No latch inferred for signal `\ffn_tile.\g_row[4].prods[6]' from process `\ffn_tile.$proc$/Users/toprakgundogdu/qwen-ffn-rom/rtl/ffn_tile_16x16_b2_reg.v:104$2301'.
No latch inferred for signal `\ffn_tile.\g_row[4].prods[5]' from process `\ffn_tile.$proc$/Users/toprakgundogdu/qwen-ffn-rom/rtl/ffn_tile_16x16_b2_reg.v:104$2300'.
No latch inferred for signal `\ffn_tile.\g_row[4].prods[4]' from process `\ffn_tile.$proc$/Users/toprakgundogdu/qwen-ffn-rom/rtl/ffn_tile_16x16_b2_reg.v:104$2299'.
No latch inferred for signal `\ffn_tile.\g_row[4].prods[3]' from process `\ffn_tile.$proc$/Users/toprakgundogdu/qwen-ffn-rom/rtl/ffn_tile_16x16_b2_reg.v:104$2298'.
No latch inferred for signal `\ffn_tile.\g_row[4].prods[2]' from process `\ffn_tile.$proc$/Users/toprakgundogdu/qwen-ffn-rom/rtl/ffn_tile_16x16_b2_reg.v:104$2297'.
No latch inferred for signal `\ffn_tile.\g_row[4].prods[1]' from process `\ffn_tile.$proc$/Users/toprakgundogdu/qwen-ffn-rom/rtl/ffn_tile_16x16_b2_reg.v:104$2296'.
No latch inferred for signal `\ffn_tile.\g_row[4].prods[0]' from process `\ffn_tile.$proc$/Users/toprakgundogdu/qwen-ffn-rom/rtl/ffn_tile_16x16_b2_reg.v:104$2295'.
No latch inferred for signal `\ffn_tile.\g_row[3].prods[15]' from process `\ffn_tile.$proc$/Users/toprakgundogdu/qwen-ffn-rom/rtl/ffn_tile_16x16_b2_reg.v:104$2294'.
No latch inferred for signal `\ffn_tile.\g_row[3].prods[14]' from process `\ffn_tile.$proc$/Users/toprakgundogdu/qwen-ffn-rom/rtl/ffn_tile_16x16_b2_reg.v:104$2293'.
No latch inferred for signal `\ffn_tile.\g_row[3].prods[13]' from process `\ffn_tile.$proc$/Users/toprakgundogdu/qwen-ffn-rom/rtl/ffn_tile_16x16_b2_reg.v:104$2292'.
No latch inferred for signal `\ffn_tile.\g_row[3].prods[12]' from process `\ffn_tile.$proc$/Users/toprakgundogdu/qwen-ffn-rom/rtl/ffn_tile_16x16_b2_reg.v:104$2291'.
No latch inferred for signal `\ffn_tile.\g_row[3].prods[11]' from process `\ffn_tile.$proc$/Users/toprakgundogdu/qwen-ffn-rom/rtl/ffn_tile_16x16_b2_reg.v:104$2290'.
No latch inferred for signal `\ffn_tile.\g_row[3].prods[10]' from process `\ffn_tile.$proc$/Users/toprakgundogdu/qwen-ffn-rom/rtl/ffn_tile_16x16_b2_reg.v:104$2289'.
No latch inferred for signal `\ffn_tile.\g_row[3].prods[9]' from process `\ffn_tile.$proc$/Users/toprakgundogdu/qwen-ffn-rom/rtl/ffn_tile_16x16_b2_reg.v:104$2288'.
No latch inferred for signal `\ffn_tile.\g_row[3].prods[8]' from process `\ffn_tile.$proc$/Users/toprakgundogdu/qwen-ffn-rom/rtl/ffn_tile_16x16_b2_reg.v:104$2287'.
No latch inferred for signal `\ffn_tile.\g_row[3].prods[7]' from process `\ffn_tile.$proc$/Users/toprakgundogdu/qwen-ffn-rom/rtl/ffn_tile_16x16_b2_reg.v:104$2286'.
No latch inferred for signal `\ffn_tile.\g_row[3].prods[6]' from process `\ffn_tile.$proc$/Users/toprakgundogdu/qwen-ffn-rom/rtl/ffn_tile_16x16_b2_reg.v:104$2285'.
No latch inferred for signal `\ffn_tile.\g_row[3].prods[5]' from process `\ffn_tile.$proc$/Users/toprakgundogdu/qwen-ffn-rom/rtl/ffn_tile_16x16_b2_reg.v:104$2284'.
No latch inferred for signal `\ffn_tile.\g_row[3].prods[4]' from process `\ffn_tile.$proc$/Users/toprakgundogdu/qwen-ffn-rom/rtl/ffn_tile_16x16_b2_reg.v:104$2283'.
No latch inferred for signal `\ffn_tile.\g_row[3].prods[3]' from process `\ffn_tile.$proc$/Users/toprakgundogdu/qwen-ffn-rom/rtl/ffn_tile_16x16_b2_reg.v:104$2282'.
No latch inferred for signal `\ffn_tile.\g_row[3].prods[2]' from process `\ffn_tile.$proc$/Users/toprakgundogdu/qwen-ffn-rom/rtl/ffn_tile_16x16_b2_reg.v:104$2281'.
No latch inferred for signal `\ffn_tile.\g_row[3].prods[1]' from process `\ffn_tile.$proc$/Users/toprakgundogdu/qwen-ffn-rom/rtl/ffn_tile_16x16_b2_reg.v:104$2280'.
No latch inferred for signal `\ffn_tile.\g_row[3].prods[0]' from process `\ffn_tile.$proc$/Users/toprakgundogdu/qwen-ffn-rom/rtl/ffn_tile_16x16_b2_reg.v:104$2279'.
No latch inferred for signal `\ffn_tile.\g_row[2].prods[15]' from process `\ffn_tile.$proc$/Users/toprakgundogdu/qwen-ffn-rom/rtl/ffn_tile_16x16_b2_reg.v:104$2278'.
No latch inferred for signal `\ffn_tile.\g_row[2].prods[14]' from process `\ffn_tile.$proc$/Users/toprakgundogdu/qwen-ffn-rom/rtl/ffn_tile_16x16_b2_reg.v:104$2277'.
No latch inferred for signal `\ffn_tile.\g_row[2].prods[13]' from process `\ffn_tile.$proc$/Users/toprakgundogdu/qwen-ffn-rom/rtl/ffn_tile_16x16_b2_reg.v:104$2276'.
No latch inferred for signal `\ffn_tile.\g_row[2].prods[12]' from process `\ffn_tile.$proc$/Users/toprakgundogdu/qwen-ffn-rom/rtl/ffn_tile_16x16_b2_reg.v:104$2275'.
No latch inferred for signal `\ffn_tile.\g_row[2].prods[11]' from process `\ffn_tile.$proc$/Users/toprakgundogdu/qwen-ffn-rom/rtl/ffn_tile_16x16_b2_reg.v:104$2274'.
No latch inferred for signal `\ffn_tile.\g_row[2].prods[10]' from process `\ffn_tile.$proc$/Users/toprakgundogdu/qwen-ffn-rom/rtl/ffn_tile_16x16_b2_reg.v:104$2273'.
No latch inferred for signal `\ffn_tile.\g_row[2].prods[9]' from process `\ffn_tile.$proc$/Users/toprakgundogdu/qwen-ffn-rom/rtl/ffn_tile_16x16_b2_reg.v:104$2272'.
No latch inferred for signal `\ffn_tile.\g_row[2].prods[8]' from process `\ffn_tile.$proc$/Users/toprakgundogdu/qwen-ffn-rom/rtl/ffn_tile_16x16_b2_reg.v:104$2271'.
No latch inferred for signal `\ffn_tile.\g_row[2].prods[7]' from process `\ffn_tile.$proc$/Users/toprakgundogdu/qwen-ffn-rom/rtl/ffn_tile_16x16_b2_reg.v:104$2270'.
No latch inferred for signal `\ffn_tile.\g_row[2].prods[6]' from process `\ffn_tile.$proc$/Users/toprakgundogdu/qwen-ffn-rom/rtl/ffn_tile_16x16_b2_reg.v:104$2269'.
No latch inferred for signal `\ffn_tile.\g_row[2].prods[5]' from process `\ffn_tile.$proc$/Users/toprakgundogdu/qwen-ffn-rom/rtl/ffn_tile_16x16_b2_reg.v:104$2268'.
No latch inferred for signal `\ffn_tile.\g_row[2].prods[4]' from process `\ffn_tile.$proc$/Users/toprakgundogdu/qwen-ffn-rom/rtl/ffn_tile_16x16_b2_reg.v:104$2267'.
No latch inferred for signal `\ffn_tile.\g_row[2].prods[3]' from process `\ffn_tile.$proc$/Users/toprakgundogdu/qwen-ffn-rom/rtl/ffn_tile_16x16_b2_reg.v:104$2266'.
No latch inferred for signal `\ffn_tile.\g_row[2].prods[2]' from process `\ffn_tile.$proc$/Users/toprakgundogdu/qwen-ffn-rom/rtl/ffn_tile_16x16_b2_reg.v:104$2265'.
No latch inferred for signal `\ffn_tile.\g_row[2].prods[1]' from process `\ffn_tile.$proc$/Users/toprakgundogdu/qwen-ffn-rom/rtl/ffn_tile_16x16_b2_reg.v:104$2264'.
No latch inferred for signal `\ffn_tile.\g_row[2].prods[0]' from process `\ffn_tile.$proc$/Users/toprakgundogdu/qwen-ffn-rom/rtl/ffn_tile_16x16_b2_reg.v:104$2263'.
No latch inferred for signal `\ffn_tile.\g_row[1].prods[15]' from process `\ffn_tile.$proc$/Users/toprakgundogdu/qwen-ffn-rom/rtl/ffn_tile_16x16_b2_reg.v:104$2262'.
No latch inferred for signal `\ffn_tile.\g_row[1].prods[14]' from process `\ffn_tile.$proc$/Users/toprakgundogdu/qwen-ffn-rom/rtl/ffn_tile_16x16_b2_reg.v:104$2261'.
No latch inferred for signal `\ffn_tile.\g_row[1].prods[13]' from process `\ffn_tile.$proc$/Users/toprakgundogdu/qwen-ffn-rom/rtl/ffn_tile_16x16_b2_reg.v:104$2260'.
No latch inferred for signal `\ffn_tile.\g_row[1].prods[12]' from process `\ffn_tile.$proc$/Users/toprakgundogdu/qwen-ffn-rom/rtl/ffn_tile_16x16_b2_reg.v:104$2259'.
No latch inferred for signal `\ffn_tile.\g_row[1].prods[11]' from process `\ffn_tile.$proc$/Users/toprakgundogdu/qwen-ffn-rom/rtl/ffn_tile_16x16_b2_reg.v:104$2258'.
No latch inferred for signal `\ffn_tile.\g_row[1].prods[10]' from process `\ffn_tile.$proc$/Users/toprakgundogdu/qwen-ffn-rom/rtl/ffn_tile_16x16_b2_reg.v:104$2257'.
No latch inferred for signal `\ffn_tile.\g_row[1].prods[9]' from process `\ffn_tile.$proc$/Users/toprakgundogdu/qwen-ffn-rom/rtl/ffn_tile_16x16_b2_reg.v:104$2256'.
No latch inferred for signal `\ffn_tile.\g_row[1].prods[8]' from process `\ffn_tile.$proc$/Users/toprakgundogdu/qwen-ffn-rom/rtl/ffn_tile_16x16_b2_reg.v:104$2255'.
No latch inferred for signal `\ffn_tile.\g_row[1].prods[7]' from process `\ffn_tile.$proc$/Users/toprakgundogdu/qwen-ffn-rom/rtl/ffn_tile_16x16_b2_reg.v:104$2254'.
No latch inferred for signal `\ffn_tile.\g_row[1].prods[6]' from process `\ffn_tile.$proc$/Users/toprakgundogdu/qwen-ffn-rom/rtl/ffn_tile_16x16_b2_reg.v:104$2253'.
No latch inferred for signal `\ffn_tile.\g_row[1].prods[5]' from process `\ffn_tile.$proc$/Users/toprakgundogdu/qwen-ffn-rom/rtl/ffn_tile_16x16_b2_reg.v:104$2252'.
No latch inferred for signal `\ffn_tile.\g_row[1].prods[4]' from process `\ffn_tile.$proc$/Users/toprakgundogdu/qwen-ffn-rom/rtl/ffn_tile_16x16_b2_reg.v:104$2251'.
No latch inferred for signal `\ffn_tile.\g_row[1].prods[3]' from process `\ffn_tile.$proc$/Users/toprakgundogdu/qwen-ffn-rom/rtl/ffn_tile_16x16_b2_reg.v:104$2250'.
No latch inferred for signal `\ffn_tile.\g_row[1].prods[2]' from process `\ffn_tile.$proc$/Users/toprakgundogdu/qwen-ffn-rom/rtl/ffn_tile_16x16_b2_reg.v:104$2249'.
No latch inferred for signal `\ffn_tile.\g_row[1].prods[1]' from process `\ffn_tile.$proc$/Users/toprakgundogdu/qwen-ffn-rom/rtl/ffn_tile_16x16_b2_reg.v:104$2248'.
No latch inferred for signal `\ffn_tile.\g_row[1].prods[0]' from process `\ffn_tile.$proc$/Users/toprakgundogdu/qwen-ffn-rom/rtl/ffn_tile_16x16_b2_reg.v:104$2247'.
No latch inferred for signal `\ffn_tile.\g_row[0].prods[15]' from process `\ffn_tile.$proc$/Users/toprakgundogdu/qwen-ffn-rom/rtl/ffn_tile_16x16_b2_reg.v:104$2246'.
No latch inferred for signal `\ffn_tile.\g_row[0].prods[14]' from process `\ffn_tile.$proc$/Users/toprakgundogdu/qwen-ffn-rom/rtl/ffn_tile_16x16_b2_reg.v:104$2245'.
No latch inferred for signal `\ffn_tile.\g_row[0].prods[13]' from process `\ffn_tile.$proc$/Users/toprakgundogdu/qwen-ffn-rom/rtl/ffn_tile_16x16_b2_reg.v:104$2244'.
No latch inferred for signal `\ffn_tile.\g_row[0].prods[12]' from process `\ffn_tile.$proc$/Users/toprakgundogdu/qwen-ffn-rom/rtl/ffn_tile_16x16_b2_reg.v:104$2243'.
No latch inferred for signal `\ffn_tile.\g_row[0].prods[11]' from process `\ffn_tile.$proc$/Users/toprakgundogdu/qwen-ffn-rom/rtl/ffn_tile_16x16_b2_reg.v:104$2242'.
No latch inferred for signal `\ffn_tile.\g_row[0].prods[10]' from process `\ffn_tile.$proc$/Users/toprakgundogdu/qwen-ffn-rom/rtl/ffn_tile_16x16_b2_reg.v:104$2241'.
No latch inferred for signal `\ffn_tile.\g_row[0].prods[9]' from process `\ffn_tile.$proc$/Users/toprakgundogdu/qwen-ffn-rom/rtl/ffn_tile_16x16_b2_reg.v:104$2240'.
No latch inferred for signal `\ffn_tile.\g_row[0].prods[8]' from process `\ffn_tile.$proc$/Users/toprakgundogdu/qwen-ffn-rom/rtl/ffn_tile_16x16_b2_reg.v:104$2239'.
No latch inferred for signal `\ffn_tile.\g_row[0].prods[7]' from process `\ffn_tile.$proc$/Users/toprakgundogdu/qwen-ffn-rom/rtl/ffn_tile_16x16_b2_reg.v:104$2238'.
No latch inferred for signal `\ffn_tile.\g_row[0].prods[6]' from process `\ffn_tile.$proc$/Users/toprakgundogdu/qwen-ffn-rom/rtl/ffn_tile_16x16_b2_reg.v:104$2237'.
No latch inferred for signal `\ffn_tile.\g_row[0].prods[5]' from process `\ffn_tile.$proc$/Users/toprakgundogdu/qwen-ffn-rom/rtl/ffn_tile_16x16_b2_reg.v:104$2236'.
No latch inferred for signal `\ffn_tile.\g_row[0].prods[4]' from process `\ffn_tile.$proc$/Users/toprakgundogdu/qwen-ffn-rom/rtl/ffn_tile_16x16_b2_reg.v:104$2235'.
No latch inferred for signal `\ffn_tile.\g_row[0].prods[3]' from process `\ffn_tile.$proc$/Users/toprakgundogdu/qwen-ffn-rom/rtl/ffn_tile_16x16_b2_reg.v:104$2234'.
No latch inferred for signal `\ffn_tile.\g_row[0].prods[2]' from process `\ffn_tile.$proc$/Users/toprakgundogdu/qwen-ffn-rom/rtl/ffn_tile_16x16_b2_reg.v:104$2233'.
No latch inferred for signal `\ffn_tile.\g_row[0].prods[1]' from process `\ffn_tile.$proc$/Users/toprakgundogdu/qwen-ffn-rom/rtl/ffn_tile_16x16_b2_reg.v:104$2232'.
No latch inferred for signal `\ffn_tile.\g_row[0].prods[0]' from process `\ffn_tile.$proc$/Users/toprakgundogdu/qwen-ffn-rom/rtl/ffn_tile_16x16_b2_reg.v:104$2231'.
No latch inferred for signal `\ffn_tile.\x[15]' from process `\ffn_tile.$proc$/Users/toprakgundogdu/qwen-ffn-rom/rtl/ffn_tile_16x16_b2_reg.v:92$2230'.
No latch inferred for signal `\ffn_tile.\x[14]' from process `\ffn_tile.$proc$/Users/toprakgundogdu/qwen-ffn-rom/rtl/ffn_tile_16x16_b2_reg.v:92$2229'.
No latch inferred for signal `\ffn_tile.\x[13]' from process `\ffn_tile.$proc$/Users/toprakgundogdu/qwen-ffn-rom/rtl/ffn_tile_16x16_b2_reg.v:92$2228'.
No latch inferred for signal `\ffn_tile.\x[12]' from process `\ffn_tile.$proc$/Users/toprakgundogdu/qwen-ffn-rom/rtl/ffn_tile_16x16_b2_reg.v:92$2227'.
No latch inferred for signal `\ffn_tile.\x[11]' from process `\ffn_tile.$proc$/Users/toprakgundogdu/qwen-ffn-rom/rtl/ffn_tile_16x16_b2_reg.v:92$2226'.
No latch inferred for signal `\ffn_tile.\x[10]' from process `\ffn_tile.$proc$/Users/toprakgundogdu/qwen-ffn-rom/rtl/ffn_tile_16x16_b2_reg.v:92$2225'.
No latch inferred for signal `\ffn_tile.\x[9]' from process `\ffn_tile.$proc$/Users/toprakgundogdu/qwen-ffn-rom/rtl/ffn_tile_16x16_b2_reg.v:92$2224'.
No latch inferred for signal `\ffn_tile.\x[8]' from process `\ffn_tile.$proc$/Users/toprakgundogdu/qwen-ffn-rom/rtl/ffn_tile_16x16_b2_reg.v:92$2223'.
No latch inferred for signal `\ffn_tile.\x[7]' from process `\ffn_tile.$proc$/Users/toprakgundogdu/qwen-ffn-rom/rtl/ffn_tile_16x16_b2_reg.v:92$2222'.
No latch inferred for signal `\ffn_tile.\x[6]' from process `\ffn_tile.$proc$/Users/toprakgundogdu/qwen-ffn-rom/rtl/ffn_tile_16x16_b2_reg.v:92$2221'.
No latch inferred for signal `\ffn_tile.\x[5]' from process `\ffn_tile.$proc$/Users/toprakgundogdu/qwen-ffn-rom/rtl/ffn_tile_16x16_b2_reg.v:92$2220'.
No latch inferred for signal `\ffn_tile.\x[4]' from process `\ffn_tile.$proc$/Users/toprakgundogdu/qwen-ffn-rom/rtl/ffn_tile_16x16_b2_reg.v:92$2219'.
No latch inferred for signal `\ffn_tile.\x[3]' from process `\ffn_tile.$proc$/Users/toprakgundogdu/qwen-ffn-rom/rtl/ffn_tile_16x16_b2_reg.v:92$2218'.
No latch inferred for signal `\ffn_tile.\x[2]' from process `\ffn_tile.$proc$/Users/toprakgundogdu/qwen-ffn-rom/rtl/ffn_tile_16x16_b2_reg.v:92$2217'.
No latch inferred for signal `\ffn_tile.\x[1]' from process `\ffn_tile.$proc$/Users/toprakgundogdu/qwen-ffn-rom/rtl/ffn_tile_16x16_b2_reg.v:92$2216'.
No latch inferred for signal `\ffn_tile.\x[0]' from process `\ffn_tile.$proc$/Users/toprakgundogdu/qwen-ffn-rom/rtl/ffn_tile_16x16_b2_reg.v:92$2215'.
No latch inferred for signal `\ffn_tile.\csd_mul2$func$/Users/toprakgundogdu/qwen-ffn-rom/rtl/ffn_tile_16x16_b2_reg.v:103$386.$result' from process `\ffn_tile.$proc$/Users/toprakgundogdu/qwen-ffn-rom/rtl/ffn_tile_16x16_b2_reg.v:103$2208'.
No latch inferred for signal `\ffn_tile.\csd_mul2$func$/Users/toprakgundogdu/qwen-ffn-rom/rtl/ffn_tile_16x16_b2_reg.v:103$385.$result' from process `\ffn_tile.$proc$/Users/toprakgundogdu/qwen-ffn-rom/rtl/ffn_tile_16x16_b2_reg.v:103$2202'.
No latch inferred for signal `\ffn_tile.\csd_mul2$func$/Users/toprakgundogdu/qwen-ffn-rom/rtl/ffn_tile_16x16_b2_reg.v:103$384.$result' from process `\ffn_tile.$proc$/Users/toprakgundogdu/qwen-ffn-rom/rtl/ffn_tile_16x16_b2_reg.v:103$2196'.
No latch inferred for signal `\ffn_tile.\csd_mul2$func$/Users/toprakgundogdu/qwen-ffn-rom/rtl/ffn_tile_16x16_b2_reg.v:103$383.$result' from process `\ffn_tile.$proc$/Users/toprakgundogdu/qwen-ffn-rom/rtl/ffn_tile_16x16_b2_reg.v:103$2190'.
No latch inferred for signal `\ffn_tile.\csd_mul2$func$/Users/toprakgundogdu/qwen-ffn-rom/rtl/ffn_tile_16x16_b2_reg.v:103$382.$result' from process `\ffn_tile.$proc$/Users/toprakgundogdu/qwen-ffn-rom/rtl/ffn_tile_16x16_b2_reg.v:103$2183'.
No latch inferred for signal `\ffn_tile.\csd_mul2$func$/Users/toprakgundogdu/qwen-ffn-rom/rtl/ffn_tile_16x16_b2_reg.v:103$381.$result' from process `\ffn_tile.$proc$/Users/toprakgundogdu/qwen-ffn-rom/rtl/ffn_tile_16x16_b2_reg.v:103$2177'.
No latch inferred for signal `\ffn_tile.\csd_mul2$func$/Users/toprakgundogdu/qwen-ffn-rom/rtl/ffn_tile_16x16_b2_reg.v:103$380.$result' from process `\ffn_tile.$proc$/Users/toprakgundogdu/qwen-ffn-rom/rtl/ffn_tile_16x16_b2_reg.v:103$2171'.
No latch inferred for signal `\ffn_tile.\csd_mul2$func$/Users/toprakgundogdu/qwen-ffn-rom/rtl/ffn_tile_16x16_b2_reg.v:103$379.$result' from process `\ffn_tile.$proc$/Users/toprakgundogdu/qwen-ffn-rom/rtl/ffn_tile_16x16_b2_reg.v:103$2165'.
No latch inferred for signal `\ffn_tile.\csd_mul2$func$/Users/toprakgundogdu/qwen-ffn-rom/rtl/ffn_tile_16x16_b2_reg.v:103$378.$result' from process `\ffn_tile.$proc$/Users/toprakgundogdu/qwen-ffn-rom/rtl/ffn_tile_16x16_b2_reg.v:103$2159'.
No latch inferred for signal `\ffn_tile.\csd_mul2$func$/Users/toprakgundogdu/qwen-ffn-rom/rtl/ffn_tile_16x16_b2_reg.v:103$377.$result' from process `\ffn_tile.$proc$/Users/toprakgundogdu/qwen-ffn-rom/rtl/ffn_tile_16x16_b2_reg.v:103$2152'.
No latch inferred for signal `\ffn_tile.\csd_mul2$func$/Users/toprakgundogdu/qwen-ffn-rom/rtl/ffn_tile_16x16_b2_reg.v:103$376.$result' from process `\ffn_tile.$proc$/Users/toprakgundogdu/qwen-ffn-rom/rtl/ffn_tile_16x16_b2_reg.v:103$2146'.
No latch inferred for signal `\ffn_tile.\csd_mul2$func$/Users/toprakgundogdu/qwen-ffn-rom/rtl/ffn_tile_16x16_b2_reg.v:103$375.$result' from process `\ffn_tile.$proc$/Users/toprakgundogdu/qwen-ffn-rom/rtl/ffn_tile_16x16_b2_reg.v:103$2140'.
No latch inferred for signal `\ffn_tile.\csd_mul2$func$/Users/toprakgundogdu/qwen-ffn-rom/rtl/ffn_tile_16x16_b2_reg.v:103$374.$result' from process `\ffn_tile.$proc$/Users/toprakgundogdu/qwen-ffn-rom/rtl/ffn_tile_16x16_b2_reg.v:103$2134'.
No latch inferred for signal `\ffn_tile.\csd_mul2$func$/Users/toprakgundogdu/qwen-ffn-rom/rtl/ffn_tile_16x16_b2_reg.v:103$373.$result' from process `\ffn_tile.$proc$/Users/toprakgundogdu/qwen-ffn-rom/rtl/ffn_tile_16x16_b2_reg.v:103$2127'.
No latch inferred for signal `\ffn_tile.\csd_mul2$func$/Users/toprakgundogdu/qwen-ffn-rom/rtl/ffn_tile_16x16_b2_reg.v:103$372.$result' from process `\ffn_tile.$proc$/Users/toprakgundogdu/qwen-ffn-rom/rtl/ffn_tile_16x16_b2_reg.v:103$2121'.
No latch inferred for signal `\ffn_tile.\csd_mul2$func$/Users/toprakgundogdu/qwen-ffn-rom/rtl/ffn_tile_16x16_b2_reg.v:103$371.$result' from process `\ffn_tile.$proc$/Users/toprakgundogdu/qwen-ffn-rom/rtl/ffn_tile_16x16_b2_reg.v:103$2115'.
No latch inferred for signal `\ffn_tile.\csd_mul2$func$/Users/toprakgundogdu/qwen-ffn-rom/rtl/ffn_tile_16x16_b2_reg.v:103$370.$result' from process `\ffn_tile.$proc$/Users/toprakgundogdu/qwen-ffn-rom/rtl/ffn_tile_16x16_b2_reg.v:103$2109'.
No latch inferred for signal `\ffn_tile.\csd_mul2$func$/Users/toprakgundogdu/qwen-ffn-rom/rtl/ffn_tile_16x16_b2_reg.v:103$369.$result' from process `\ffn_tile.$proc$/Users/toprakgundogdu/qwen-ffn-rom/rtl/ffn_tile_16x16_b2_reg.v:103$2103'.
No latch inferred for signal `\ffn_tile.\csd_mul2$func$/Users/toprakgundogdu/qwen-ffn-rom/rtl/ffn_tile_16x16_b2_reg.v:103$368.$result' from process `\ffn_tile.$proc$/Users/toprakgundogdu/qwen-ffn-rom/rtl/ffn_tile_16x16_b2_reg.v:103$2097'.
No latch inferred for signal `\ffn_tile.\csd_mul2$func$/Users/toprakgundogdu/qwen-ffn-rom/rtl/ffn_tile_16x16_b2_reg.v:103$367.$result' from process `\ffn_tile.$proc$/Users/toprakgundogdu/qwen-ffn-rom/rtl/ffn_tile_16x16_b2_reg.v:103$2091'.
No latch inferred for signal `\ffn_tile.\csd_mul2$func$/Users/toprakgundogdu/qwen-ffn-rom/rtl/ffn_tile_16x16_b2_reg.v:103$366.$result' from process `\ffn_tile.$proc$/Users/toprakgundogdu/qwen-ffn-rom/rtl/ffn_tile_16x16_b2_reg.v:103$2085'.
No latch inferred for signal `\ffn_tile.\csd_mul2$func$/Users/toprakgundogdu/qwen-ffn-rom/rtl/ffn_tile_16x16_b2_reg.v:103$365.$result' from process `\ffn_tile.$proc$/Users/toprakgundogdu/qwen-ffn-rom/rtl/ffn_tile_16x16_b2_reg.v:103$2079'.
No latch inferred for signal `\ffn_tile.\csd_mul2$func$/Users/toprakgundogdu/qwen-ffn-rom/rtl/ffn_tile_16x16_b2_reg.v:103$364.$result' from process `\ffn_tile.$proc$/Users/toprakgundogdu/qwen-ffn-rom/rtl/ffn_tile_16x16_b2_reg.v:103$2073'.
No latch inferred for signal `\ffn_tile.\csd_mul2$func$/Users/toprakgundogdu/qwen-ffn-rom/rtl/ffn_tile_16x16_b2_reg.v:103$363.$result' from process `\ffn_tile.$proc$/Users/toprakgundogdu/qwen-ffn-rom/rtl/ffn_tile_16x16_b2_reg.v:103$2067'.
No latch inferred for signal `\ffn_tile.\csd_mul2$func$/Users/toprakgundogdu/qwen-ffn-rom/rtl/ffn_tile_16x16_b2_reg.v:103$362.$result' from process `\ffn_tile.$proc$/Users/toprakgundogdu/qwen-ffn-rom/rtl/ffn_tile_16x16_b2_reg.v:103$2061'.
No latch inferred for signal `\ffn_tile.\csd_mul2$func$/Users/toprakgundogdu/qwen-ffn-rom/rtl/ffn_tile_16x16_b2_reg.v:103$361.$result' from process `\ffn_tile.$proc$/Users/toprakgundogdu/qwen-ffn-rom/rtl/ffn_tile_16x16_b2_reg.v:103$2055'.
No latch inferred for signal `\ffn_tile.\csd_mul2$func$/Users/toprakgundogdu/qwen-ffn-rom/rtl/ffn_tile_16x16_b2_reg.v:103$360.$result' from process `\ffn_tile.$proc$/Users/toprakgundogdu/qwen-ffn-rom/rtl/ffn_tile_16x16_b2_reg.v:103$2049'.
No latch inferred for signal `\ffn_tile.\csd_mul2$func$/Users/toprakgundogdu/qwen-ffn-rom/rtl/ffn_tile_16x16_b2_reg.v:103$359.$result' from process `\ffn_tile.$proc$/Users/toprakgundogdu/qwen-ffn-rom/rtl/ffn_tile_16x16_b2_reg.v:103$2043'.
No latch inferred for signal `\ffn_tile.\csd_mul2$func$/Users/toprakgundogdu/qwen-ffn-rom/rtl/ffn_tile_16x16_b2_reg.v:103$358.$result' from process `\ffn_tile.$proc$/Users/toprakgundogdu/qwen-ffn-rom/rtl/ffn_tile_16x16_b2_reg.v:103$2036'.
No latch inferred for signal `\ffn_tile.\csd_mul2$func$/Users/toprakgundogdu/qwen-ffn-rom/rtl/ffn_tile_16x16_b2_reg.v:103$357.$result' from process `\ffn_tile.$proc$/Users/toprakgundogdu/qwen-ffn-rom/rtl/ffn_tile_16x16_b2_reg.v:103$2030'.
No latch inferred for signal `\ffn_tile.\csd_mul2$func$/Users/toprakgundogdu/qwen-ffn-rom/rtl/ffn_tile_16x16_b2_reg.v:103$356.$result' from process `\ffn_tile.$proc$/Users/toprakgundogdu/qwen-ffn-rom/rtl/ffn_tile_16x16_b2_reg.v:103$2024'.
No latch inferred for signal `\ffn_tile.\csd_mul2$func$/Users/toprakgundogdu/qwen-ffn-rom/rtl/ffn_tile_16x16_b2_reg.v:103$355.$result' from process `\ffn_tile.$proc$/Users/toprakgundogdu/qwen-ffn-rom/rtl/ffn_tile_16x16_b2_reg.v:103$2018'.
No latch inferred for signal `\ffn_tile.\csd_mul2$func$/Users/toprakgundogdu/qwen-ffn-rom/rtl/ffn_tile_16x16_b2_reg.v:103$354.$result' from process `\ffn_tile.$proc$/Users/toprakgundogdu/qwen-ffn-rom/rtl/ffn_tile_16x16_b2_reg.v:103$2012'.
No latch inferred for signal `\ffn_tile.\csd_mul2$func$/Users/toprakgundogdu/qwen-ffn-rom/rtl/ffn_tile_16x16_b2_reg.v:103$353.$result' from process `\ffn_tile.$proc$/Users/toprakgundogdu/qwen-ffn-rom/rtl/ffn_tile_16x16_b2_reg.v:103$2006'.
No latch inferred for signal `\ffn_tile.\csd_mul2$func$/Users/toprakgundogdu/qwen-ffn-rom/rtl/ffn_tile_16x16_b2_reg.v:103$352.$result' from process `\ffn_tile.$proc$/Users/toprakgundogdu/qwen-ffn-rom/rtl/ffn_tile_16x16_b2_reg.v:103$2000'.
No latch inferred for signal `\ffn_tile.\csd_mul2$func$/Users/toprakgundogdu/qwen-ffn-rom/rtl/ffn_tile_16x16_b2_reg.v:103$351.$result' from process `\ffn_tile.$proc$/Users/toprakgundogdu/qwen-ffn-rom/rtl/ffn_tile_16x16_b2_reg.v:103$1994'.
No latch inferred for signal `\ffn_tile.\csd_mul2$func$/Users/toprakgundogdu/qwen-ffn-rom/rtl/ffn_tile_16x16_b2_reg.v:103$350.$result' from process `\ffn_tile.$proc$/Users/toprakgundogdu/qwen-ffn-rom/rtl/ffn_tile_16x16_b2_reg.v:103$1988'.
No latch inferred for signal `\ffn_tile.\csd_mul2$func$/Users/toprakgundogdu/qwen-ffn-rom/rtl/ffn_tile_16x16_b2_reg.v:103$349.$result' from process `\ffn_tile.$proc$/Users/toprakgundogdu/qwen-ffn-rom/rtl/ffn_tile_16x16_b2_reg.v:103$1982'.
No latch inferred for signal `\ffn_tile.\csd_mul2$func$/Users/toprakgundogdu/qwen-ffn-rom/rtl/ffn_tile_16x16_b2_reg.v:103$348.$result' from process `\ffn_tile.$proc$/Users/toprakgundogdu/qwen-ffn-rom/rtl/ffn_tile_16x16_b2_reg.v:103$1976'.
No latch inferred for signal `\ffn_tile.\csd_mul2$func$/Users/toprakgundogdu/qwen-ffn-rom/rtl/ffn_tile_16x16_b2_reg.v:103$347.$result' from process `\ffn_tile.$proc$/Users/toprakgundogdu/qwen-ffn-rom/rtl/ffn_tile_16x16_b2_reg.v:103$1969'.
No latch inferred for signal `\ffn_tile.\csd_mul2$func$/Users/toprakgundogdu/qwen-ffn-rom/rtl/ffn_tile_16x16_b2_reg.v:103$346.$result' from process `\ffn_tile.$proc$/Users/toprakgundogdu/qwen-ffn-rom/rtl/ffn_tile_16x16_b2_reg.v:103$1963'.
No latch inferred for signal `\ffn_tile.\csd_mul2$func$/Users/toprakgundogdu/qwen-ffn-rom/rtl/ffn_tile_16x16_b2_reg.v:103$345.$result' from process `\ffn_tile.$proc$/Users/toprakgundogdu/qwen-ffn-rom/rtl/ffn_tile_16x16_b2_reg.v:103$1957'.
No latch inferred for signal `\ffn_tile.\csd_mul2$func$/Users/toprakgundogdu/qwen-ffn-rom/rtl/ffn_tile_16x16_b2_reg.v:103$344.$result' from process `\ffn_tile.$proc$/Users/toprakgundogdu/qwen-ffn-rom/rtl/ffn_tile_16x16_b2_reg.v:103$1951'.
No latch inferred for signal `\ffn_tile.\csd_mul2$func$/Users/toprakgundogdu/qwen-ffn-rom/rtl/ffn_tile_16x16_b2_reg.v:103$343.$result' from process `\ffn_tile.$proc$/Users/toprakgundogdu/qwen-ffn-rom/rtl/ffn_tile_16x16_b2_reg.v:103$1945'.
No latch inferred for signal `\ffn_tile.\csd_mul2$func$/Users/toprakgundogdu/qwen-ffn-rom/rtl/ffn_tile_16x16_b2_reg.v:103$342.$result' from process `\ffn_tile.$proc$/Users/toprakgundogdu/qwen-ffn-rom/rtl/ffn_tile_16x16_b2_reg.v:103$1939'.
No latch inferred for signal `\ffn_tile.\csd_mul2$func$/Users/toprakgundogdu/qwen-ffn-rom/rtl/ffn_tile_16x16_b2_reg.v:103$341.$result' from process `\ffn_tile.$proc$/Users/toprakgundogdu/qwen-ffn-rom/rtl/ffn_tile_16x16_b2_reg.v:103$1932'.
No latch inferred for signal `\ffn_tile.\csd_mul2$func$/Users/toprakgundogdu/qwen-ffn-rom/rtl/ffn_tile_16x16_b2_reg.v:103$340.$result' from process `\ffn_tile.$proc$/Users/toprakgundogdu/qwen-ffn-rom/rtl/ffn_tile_16x16_b2_reg.v:103$1925'.
No latch inferred for signal `\ffn_tile.\csd_mul2$func$/Users/toprakgundogdu/qwen-ffn-rom/rtl/ffn_tile_16x16_b2_reg.v:103$339.$result' from process `\ffn_tile.$proc$/Users/toprakgundogdu/qwen-ffn-rom/rtl/ffn_tile_16x16_b2_reg.v:103$1918'.
No latch inferred for signal `\ffn_tile.\csd_mul2$func$/Users/toprakgundogdu/qwen-ffn-rom/rtl/ffn_tile_16x16_b2_reg.v:103$338.$result' from process `\ffn_tile.$proc$/Users/toprakgundogdu/qwen-ffn-rom/rtl/ffn_tile_16x16_b2_reg.v:103$1912'.
No latch inferred for signal `\ffn_tile.\csd_mul2$func$/Users/toprakgundogdu/qwen-ffn-rom/rtl/ffn_tile_16x16_b2_reg.v:103$337.$result' from process `\ffn_tile.$proc$/Users/toprakgundogdu/qwen-ffn-rom/rtl/ffn_tile_16x16_b2_reg.v:103$1905'.
No latch inferred for signal `\ffn_tile.\csd_mul2$func$/Users/toprakgundogdu/qwen-ffn-rom/rtl/ffn_tile_16x16_b2_reg.v:103$336.$result' from process `\ffn_tile.$proc$/Users/toprakgundogdu/qwen-ffn-rom/rtl/ffn_tile_16x16_b2_reg.v:103$1899'.
No latch inferred for signal `\ffn_tile.\csd_mul2$func$/Users/toprakgundogdu/qwen-ffn-rom/rtl/ffn_tile_16x16_b2_reg.v:103$335.$result' from process `\ffn_tile.$proc$/Users/toprakgundogdu/qwen-ffn-rom/rtl/ffn_tile_16x16_b2_reg.v:103$1893'.
No latch inferred for signal `\ffn_tile.\csd_mul2$func$/Users/toprakgundogdu/qwen-ffn-rom/rtl/ffn_tile_16x16_b2_reg.v:103$334.$result' from process `\ffn_tile.$proc$/Users/toprakgundogdu/qwen-ffn-rom/rtl/ffn_tile_16x16_b2_reg.v:103$1887'.
No latch inferred for signal `\ffn_tile.\csd_mul2$func$/Users/toprakgundogdu/qwen-ffn-rom/rtl/ffn_tile_16x16_b2_reg.v:103$333.$result' from process `\ffn_tile.$proc$/Users/toprakgundogdu/qwen-ffn-rom/rtl/ffn_tile_16x16_b2_reg.v:103$1881'.
No latch inferred for signal `\ffn_tile.\csd_mul2$func$/Users/toprakgundogdu/qwen-ffn-rom/rtl/ffn_tile_16x16_b2_reg.v:103$332.$result' from process `\ffn_tile.$proc$/Users/toprakgundogdu/qwen-ffn-rom/rtl/ffn_tile_16x16_b2_reg.v:103$1875'.
No latch inferred for signal `\ffn_tile.\csd_mul2$func$/Users/toprakgundogdu/qwen-ffn-rom/rtl/ffn_tile_16x16_b2_reg.v:103$331.$result' from process `\ffn_tile.$proc$/Users/toprakgundogdu/qwen-ffn-rom/rtl/ffn_tile_16x16_b2_reg.v:103$1869'.
No latch inferred for signal `\ffn_tile.\csd_mul2$func$/Users/toprakgundogdu/qwen-ffn-rom/rtl/ffn_tile_16x16_b2_reg.v:103$330.$result' from process `\ffn_tile.$proc$/Users/toprakgundogdu/qwen-ffn-rom/rtl/ffn_tile_16x16_b2_reg.v:103$1863'.
No latch inferred for signal `\ffn_tile.\csd_mul2$func$/Users/toprakgundogdu/qwen-ffn-rom/rtl/ffn_tile_16x16_b2_reg.v:103$329.$result' from process `\ffn_tile.$proc$/Users/toprakgundogdu/qwen-ffn-rom/rtl/ffn_tile_16x16_b2_reg.v:103$1856'.
No latch inferred for signal `\ffn_tile.\csd_mul2$func$/Users/toprakgundogdu/qwen-ffn-rom/rtl/ffn_tile_16x16_b2_reg.v:103$328.$result' from process `\ffn_tile.$proc$/Users/toprakgundogdu/qwen-ffn-rom/rtl/ffn_tile_16x16_b2_reg.v:103$1850'.
No latch inferred for signal `\ffn_tile.\csd_mul2$func$/Users/toprakgundogdu/qwen-ffn-rom/rtl/ffn_tile_16x16_b2_reg.v:103$327.$result' from process `\ffn_tile.$proc$/Users/toprakgundogdu/qwen-ffn-rom/rtl/ffn_tile_16x16_b2_reg.v:103$1844'.
No latch inferred for signal `\ffn_tile.\csd_mul2$func$/Users/toprakgundogdu/qwen-ffn-rom/rtl/ffn_tile_16x16_b2_reg.v:103$326.$result' from process `\ffn_tile.$proc$/Users/toprakgundogdu/qwen-ffn-rom/rtl/ffn_tile_16x16_b2_reg.v:103$1837'.
No latch inferred for signal `\ffn_tile.\csd_mul2$func$/Users/toprakgundogdu/qwen-ffn-rom/rtl/ffn_tile_16x16_b2_reg.v:103$325.$result' from process `\ffn_tile.$proc$/Users/toprakgundogdu/qwen-ffn-rom/rtl/ffn_tile_16x16_b2_reg.v:103$1831'.
No latch inferred for signal `\ffn_tile.\csd_mul2$func$/Users/toprakgundogdu/qwen-ffn-rom/rtl/ffn_tile_16x16_b2_reg.v:103$324.$result' from process `\ffn_tile.$proc$/Users/toprakgundogdu/qwen-ffn-rom/rtl/ffn_tile_16x16_b2_reg.v:103$1825'.
No latch inferred for signal `\ffn_tile.\csd_mul2$func$/Users/toprakgundogdu/qwen-ffn-rom/rtl/ffn_tile_16x16_b2_reg.v:103$323.$result' from process `\ffn_tile.$proc$/Users/toprakgundogdu/qwen-ffn-rom/rtl/ffn_tile_16x16_b2_reg.v:103$1819'.
No latch inferred for signal `\ffn_tile.\csd_mul2$func$/Users/toprakgundogdu/qwen-ffn-rom/rtl/ffn_tile_16x16_b2_reg.v:103$322.$result' from process `\ffn_tile.$proc$/Users/toprakgundogdu/qwen-ffn-rom/rtl/ffn_tile_16x16_b2_reg.v:103$1813'.
No latch inferred for signal `\ffn_tile.\csd_mul2$func$/Users/toprakgundogdu/qwen-ffn-rom/rtl/ffn_tile_16x16_b2_reg.v:103$321.$result' from process `\ffn_tile.$proc$/Users/toprakgundogdu/qwen-ffn-rom/rtl/ffn_tile_16x16_b2_reg.v:103$1807'.
No latch inferred for signal `\ffn_tile.\csd_mul2$func$/Users/toprakgundogdu/qwen-ffn-rom/rtl/ffn_tile_16x16_b2_reg.v:103$320.$result' from process `\ffn_tile.$proc$/Users/toprakgundogdu/qwen-ffn-rom/rtl/ffn_tile_16x16_b2_reg.v:103$1801'.
No latch inferred for signal `\ffn_tile.\csd_mul2$func$/Users/toprakgundogdu/qwen-ffn-rom/rtl/ffn_tile_16x16_b2_reg.v:103$319.$result' from process `\ffn_tile.$proc$/Users/toprakgundogdu/qwen-ffn-rom/rtl/ffn_tile_16x16_b2_reg.v:103$1795'.
No latch inferred for signal `\ffn_tile.\csd_mul2$func$/Users/toprakgundogdu/qwen-ffn-rom/rtl/ffn_tile_16x16_b2_reg.v:103$318.$result' from process `\ffn_tile.$proc$/Users/toprakgundogdu/qwen-ffn-rom/rtl/ffn_tile_16x16_b2_reg.v:103$1789'.
No latch inferred for signal `\ffn_tile.\csd_mul2$func$/Users/toprakgundogdu/qwen-ffn-rom/rtl/ffn_tile_16x16_b2_reg.v:103$317.$result' from process `\ffn_tile.$proc$/Users/toprakgundogdu/qwen-ffn-rom/rtl/ffn_tile_16x16_b2_reg.v:103$1783'.
No latch inferred for signal `\ffn_tile.\csd_mul2$func$/Users/toprakgundogdu/qwen-ffn-rom/rtl/ffn_tile_16x16_b2_reg.v:103$316.$result' from process `\ffn_tile.$proc$/Users/toprakgundogdu/qwen-ffn-rom/rtl/ffn_tile_16x16_b2_reg.v:103$1777'.
No latch inferred for signal `\ffn_tile.\csd_mul2$func$/Users/toprakgundogdu/qwen-ffn-rom/rtl/ffn_tile_16x16_b2_reg.v:103$315.$result' from process `\ffn_tile.$proc$/Users/toprakgundogdu/qwen-ffn-rom/rtl/ffn_tile_16x16_b2_reg.v:103$1771'.
No latch inferred for signal `\ffn_tile.\csd_mul2$func$/Users/toprakgundogdu/qwen-ffn-rom/rtl/ffn_tile_16x16_b2_reg.v:103$314.$result' from process `\ffn_tile.$proc$/Users/toprakgundogdu/qwen-ffn-rom/rtl/ffn_tile_16x16_b2_reg.v:103$1765'.
No latch inferred for signal `\ffn_tile.\csd_mul2$func$/Users/toprakgundogdu/qwen-ffn-rom/rtl/ffn_tile_16x16_b2_reg.v:103$313.$result' from process `\ffn_tile.$proc$/Users/toprakgundogdu/qwen-ffn-rom/rtl/ffn_tile_16x16_b2_reg.v:103$1759'.
No latch inferred for signal `\ffn_tile.\csd_mul2$func$/Users/toprakgundogdu/qwen-ffn-rom/rtl/ffn_tile_16x16_b2_reg.v:103$312.$result' from process `\ffn_tile.$proc$/Users/toprakgundogdu/qwen-ffn-rom/rtl/ffn_tile_16x16_b2_reg.v:103$1753'.
No latch inferred for signal `\ffn_tile.\csd_mul2$func$/Users/toprakgundogdu/qwen-ffn-rom/rtl/ffn_tile_16x16_b2_reg.v:103$311.$result' from process `\ffn_tile.$proc$/Users/toprakgundogdu/qwen-ffn-rom/rtl/ffn_tile_16x16_b2_reg.v:103$1747'.
No latch inferred for signal `\ffn_tile.\csd_mul2$func$/Users/toprakgundogdu/qwen-ffn-rom/rtl/ffn_tile_16x16_b2_reg.v:103$310.$result' from process `\ffn_tile.$proc$/Users/toprakgundogdu/qwen-ffn-rom/rtl/ffn_tile_16x16_b2_reg.v:103$1741'.
No latch inferred for signal `\ffn_tile.\csd_mul2$func$/Users/toprakgundogdu/qwen-ffn-rom/rtl/ffn_tile_16x16_b2_reg.v:103$309.$result' from process `\ffn_tile.$proc$/Users/toprakgundogdu/qwen-ffn-rom/rtl/ffn_tile_16x16_b2_reg.v:103$1735'.
No latch inferred for signal `\ffn_tile.\csd_mul2$func$/Users/toprakgundogdu/qwen-ffn-rom/rtl/ffn_tile_16x16_b2_reg.v:103$308.$result' from process `\ffn_tile.$proc$/Users/toprakgundogdu/qwen-ffn-rom/rtl/ffn_tile_16x16_b2_reg.v:103$1729'.
No latch inferred for signal `\ffn_tile.\csd_mul2$func$/Users/toprakgundogdu/qwen-ffn-rom/rtl/ffn_tile_16x16_b2_reg.v:103$307.$result' from process `\ffn_tile.$proc$/Users/toprakgundogdu/qwen-ffn-rom/rtl/ffn_tile_16x16_b2_reg.v:103$1723'.
No latch inferred for signal `\ffn_tile.\csd_mul2$func$/Users/toprakgundogdu/qwen-ffn-rom/rtl/ffn_tile_16x16_b2_reg.v:103$306.$result' from process `\ffn_tile.$proc$/Users/toprakgundogdu/qwen-ffn-rom/rtl/ffn_tile_16x16_b2_reg.v:103$1717'.
No latch inferred for signal `\ffn_tile.\csd_mul2$func$/Users/toprakgundogdu/qwen-ffn-rom/rtl/ffn_tile_16x16_b2_reg.v:103$305.$result' from process `\ffn_tile.$proc$/Users/toprakgundogdu/qwen-ffn-rom/rtl/ffn_tile_16x16_b2_reg.v:103$1711'.
No latch inferred for signal `\ffn_tile.\csd_mul2$func$/Users/toprakgundogdu/qwen-ffn-rom/rtl/ffn_tile_16x16_b2_reg.v:103$304.$result' from process `\ffn_tile.$proc$/Users/toprakgundogdu/qwen-ffn-rom/rtl/ffn_tile_16x16_b2_reg.v:103$1705'.
No latch inferred for signal `\ffn_tile.\csd_mul2$func$/Users/toprakgundogdu/qwen-ffn-rom/rtl/ffn_tile_16x16_b2_reg.v:103$303.$result' from process `\ffn_tile.$proc$/Users/toprakgundogdu/qwen-ffn-rom/rtl/ffn_tile_16x16_b2_reg.v:103$1699'.
No latch inferred for signal `\ffn_tile.\csd_mul2$func$/Users/toprakgundogdu/qwen-ffn-rom/rtl/ffn_tile_16x16_b2_reg.v:103$302.$result' from process `\ffn_tile.$proc$/Users/toprakgundogdu/qwen-ffn-rom/rtl/ffn_tile_16x16_b2_reg.v:103$1693'.
No latch inferred for signal `\ffn_tile.\csd_mul2$func$/Users/toprakgundogdu/qwen-ffn-rom/rtl/ffn_tile_16x16_b2_reg.v:103$301.$result' from process `\ffn_tile.$proc$/Users/toprakgundogdu/qwen-ffn-rom/rtl/ffn_tile_16x16_b2_reg.v:103$1687'.
No latch inferred for signal `\ffn_tile.\csd_mul2$func$/Users/toprakgundogdu/qwen-ffn-rom/rtl/ffn_tile_16x16_b2_reg.v:103$300.$result' from process `\ffn_tile.$proc$/Users/toprakgundogdu/qwen-ffn-rom/rtl/ffn_tile_16x16_b2_reg.v:103$1681'.
No latch inferred for signal `\ffn_tile.\csd_mul2$func$/Users/toprakgundogdu/qwen-ffn-rom/rtl/ffn_tile_16x16_b2_reg.v:103$299.$result' from process `\ffn_tile.$proc$/Users/toprakgundogdu/qwen-ffn-rom/rtl/ffn_tile_16x16_b2_reg.v:103$1675'.
No latch inferred for signal `\ffn_tile.\csd_mul2$func$/Users/toprakgundogdu/qwen-ffn-rom/rtl/ffn_tile_16x16_b2_reg.v:103$298.$result' from process `\ffn_tile.$proc$/Users/toprakgundogdu/qwen-ffn-rom/rtl/ffn_tile_16x16_b2_reg.v:103$1668'.
No latch inferred for signal `\ffn_tile.\csd_mul2$func$/Users/toprakgundogdu/qwen-ffn-rom/rtl/ffn_tile_16x16_b2_reg.v:103$297.$result' from process `\ffn_tile.$proc$/Users/toprakgundogdu/qwen-ffn-rom/rtl/ffn_tile_16x16_b2_reg.v:103$1662'.
No latch inferred for signal `\ffn_tile.\csd_mul2$func$/Users/toprakgundogdu/qwen-ffn-rom/rtl/ffn_tile_16x16_b2_reg.v:103$296.$result' from process `\ffn_tile.$proc$/Users/toprakgundogdu/qwen-ffn-rom/rtl/ffn_tile_16x16_b2_reg.v:103$1656'.
No latch inferred for signal `\ffn_tile.\csd_mul2$func$/Users/toprakgundogdu/qwen-ffn-rom/rtl/ffn_tile_16x16_b2_reg.v:103$295.$result' from process `\ffn_tile.$proc$/Users/toprakgundogdu/qwen-ffn-rom/rtl/ffn_tile_16x16_b2_reg.v:103$1650'.
No latch inferred for signal `\ffn_tile.\csd_mul2$func$/Users/toprakgundogdu/qwen-ffn-rom/rtl/ffn_tile_16x16_b2_reg.v:103$294.$result' from process `\ffn_tile.$proc$/Users/toprakgundogdu/qwen-ffn-rom/rtl/ffn_tile_16x16_b2_reg.v:103$1644'.
No latch inferred for signal `\ffn_tile.\csd_mul2$func$/Users/toprakgundogdu/qwen-ffn-rom/rtl/ffn_tile_16x16_b2_reg.v:103$293.$result' from process `\ffn_tile.$proc$/Users/toprakgundogdu/qwen-ffn-rom/rtl/ffn_tile_16x16_b2_reg.v:103$1638'.
No latch inferred for signal `\ffn_tile.\csd_mul2$func$/Users/toprakgundogdu/qwen-ffn-rom/rtl/ffn_tile_16x16_b2_reg.v:103$292.$result' from process `\ffn_tile.$proc$/Users/toprakgundogdu/qwen-ffn-rom/rtl/ffn_tile_16x16_b2_reg.v:103$1632'.
No latch inferred for signal `\ffn_tile.\csd_mul2$func$/Users/toprakgundogdu/qwen-ffn-rom/rtl/ffn_tile_16x16_b2_reg.v:103$291.$result' from process `\ffn_tile.$proc$/Users/toprakgundogdu/qwen-ffn-rom/rtl/ffn_tile_16x16_b2_reg.v:103$1625'.
No latch inferred for signal `\ffn_tile.\csd_mul2$func$/Users/toprakgundogdu/qwen-ffn-rom/rtl/ffn_tile_16x16_b2_reg.v:103$290.$result' from process `\ffn_tile.$proc$/Users/toprakgundogdu/qwen-ffn-rom/rtl/ffn_tile_16x16_b2_reg.v:103$1619'.
No latch inferred for signal `\ffn_tile.\csd_mul2$func$/Users/toprakgundogdu/qwen-ffn-rom/rtl/ffn_tile_16x16_b2_reg.v:103$289.$result' from process `\ffn_tile.$proc$/Users/toprakgundogdu/qwen-ffn-rom/rtl/ffn_tile_16x16_b2_reg.v:103$1613'.
No latch inferred for signal `\ffn_tile.\csd_mul2$func$/Users/toprakgundogdu/qwen-ffn-rom/rtl/ffn_tile_16x16_b2_reg.v:103$288.$result' from process `\ffn_tile.$proc$/Users/toprakgundogdu/qwen-ffn-rom/rtl/ffn_tile_16x16_b2_reg.v:103$1607'.
No latch inferred for signal `\ffn_tile.\csd_mul2$func$/Users/toprakgundogdu/qwen-ffn-rom/rtl/ffn_tile_16x16_b2_reg.v:103$287.$result' from process `\ffn_tile.$proc$/Users/toprakgundogdu/qwen-ffn-rom/rtl/ffn_tile_16x16_b2_reg.v:103$1601'.
No latch inferred for signal `\ffn_tile.\csd_mul2$func$/Users/toprakgundogdu/qwen-ffn-rom/rtl/ffn_tile_16x16_b2_reg.v:103$286.$result' from process `\ffn_tile.$proc$/Users/toprakgundogdu/qwen-ffn-rom/rtl/ffn_tile_16x16_b2_reg.v:103$1595'.
No latch inferred for signal `\ffn_tile.\csd_mul2$func$/Users/toprakgundogdu/qwen-ffn-rom/rtl/ffn_tile_16x16_b2_reg.v:103$285.$result' from process `\ffn_tile.$proc$/Users/toprakgundogdu/qwen-ffn-rom/rtl/ffn_tile_16x16_b2_reg.v:103$1588'.
No latch inferred for signal `\ffn_tile.\csd_mul2$func$/Users/toprakgundogdu/qwen-ffn-rom/rtl/ffn_tile_16x16_b2_reg.v:103$284.$result' from process `\ffn_tile.$proc$/Users/toprakgundogdu/qwen-ffn-rom/rtl/ffn_tile_16x16_b2_reg.v:103$1582'.
No latch inferred for signal `\ffn_tile.\csd_mul2$func$/Users/toprakgundogdu/qwen-ffn-rom/rtl/ffn_tile_16x16_b2_reg.v:103$283.$result' from process `\ffn_tile.$proc$/Users/toprakgundogdu/qwen-ffn-rom/rtl/ffn_tile_16x16_b2_reg.v:103$1576'.
No latch inferred for signal `\ffn_tile.\csd_mul2$func$/Users/toprakgundogdu/qwen-ffn-rom/rtl/ffn_tile_16x16_b2_reg.v:103$282.$result' from process `\ffn_tile.$proc$/Users/toprakgundogdu/qwen-ffn-rom/rtl/ffn_tile_16x16_b2_reg.v:103$1570'.
No latch inferred for signal `\ffn_tile.\csd_mul2$func$/Users/toprakgundogdu/qwen-ffn-rom/rtl/ffn_tile_16x16_b2_reg.v:103$281.$result' from process `\ffn_tile.$proc$/Users/toprakgundogdu/qwen-ffn-rom/rtl/ffn_tile_16x16_b2_reg.v:103$1564'.
No latch inferred for signal `\ffn_tile.\csd_mul2$func$/Users/toprakgundogdu/qwen-ffn-rom/rtl/ffn_tile_16x16_b2_reg.v:103$280.$result' from process `\ffn_tile.$proc$/Users/toprakgundogdu/qwen-ffn-rom/rtl/ffn_tile_16x16_b2_reg.v:103$1558'.
No latch inferred for signal `\ffn_tile.\csd_mul2$func$/Users/toprakgundogdu/qwen-ffn-rom/rtl/ffn_tile_16x16_b2_reg.v:103$279.$result' from process `\ffn_tile.$proc$/Users/toprakgundogdu/qwen-ffn-rom/rtl/ffn_tile_16x16_b2_reg.v:103$1552'.
No latch inferred for signal `\ffn_tile.\csd_mul2$func$/Users/toprakgundogdu/qwen-ffn-rom/rtl/ffn_tile_16x16_b2_reg.v:103$278.$result' from process `\ffn_tile.$proc$/Users/toprakgundogdu/qwen-ffn-rom/rtl/ffn_tile_16x16_b2_reg.v:103$1546'.
No latch inferred for signal `\ffn_tile.\csd_mul2$func$/Users/toprakgundogdu/qwen-ffn-rom/rtl/ffn_tile_16x16_b2_reg.v:103$277.$result' from process `\ffn_tile.$proc$/Users/toprakgundogdu/qwen-ffn-rom/rtl/ffn_tile_16x16_b2_reg.v:103$1540'.
No latch inferred for signal `\ffn_tile.\csd_mul2$func$/Users/toprakgundogdu/qwen-ffn-rom/rtl/ffn_tile_16x16_b2_reg.v:103$276.$result' from process `\ffn_tile.$proc$/Users/toprakgundogdu/qwen-ffn-rom/rtl/ffn_tile_16x16_b2_reg.v:103$1534'.
No latch inferred for signal `\ffn_tile.\csd_mul2$func$/Users/toprakgundogdu/qwen-ffn-rom/rtl/ffn_tile_16x16_b2_reg.v:103$275.$result' from process `\ffn_tile.$proc$/Users/toprakgundogdu/qwen-ffn-rom/rtl/ffn_tile_16x16_b2_reg.v:103$1528'.
No latch inferred for signal `\ffn_tile.\csd_mul2$func$/Users/toprakgundogdu/qwen-ffn-rom/rtl/ffn_tile_16x16_b2_reg.v:103$274.$result' from process `\ffn_tile.$proc$/Users/toprakgundogdu/qwen-ffn-rom/rtl/ffn_tile_16x16_b2_reg.v:103$1522'.
No latch inferred for signal `\ffn_tile.\csd_mul2$func$/Users/toprakgundogdu/qwen-ffn-rom/rtl/ffn_tile_16x16_b2_reg.v:103$273.$result' from process `\ffn_tile.$proc$/Users/toprakgundogdu/qwen-ffn-rom/rtl/ffn_tile_16x16_b2_reg.v:103$1516'.
No latch inferred for signal `\ffn_tile.\csd_mul2$func$/Users/toprakgundogdu/qwen-ffn-rom/rtl/ffn_tile_16x16_b2_reg.v:103$272.$result' from process `\ffn_tile.$proc$/Users/toprakgundogdu/qwen-ffn-rom/rtl/ffn_tile_16x16_b2_reg.v:103$1510'.
No latch inferred for signal `\ffn_tile.\csd_mul2$func$/Users/toprakgundogdu/qwen-ffn-rom/rtl/ffn_tile_16x16_b2_reg.v:103$271.$result' from process `\ffn_tile.$proc$/Users/toprakgundogdu/qwen-ffn-rom/rtl/ffn_tile_16x16_b2_reg.v:103$1504'.
No latch inferred for signal `\ffn_tile.\csd_mul2$func$/Users/toprakgundogdu/qwen-ffn-rom/rtl/ffn_tile_16x16_b2_reg.v:103$270.$result' from process `\ffn_tile.$proc$/Users/toprakgundogdu/qwen-ffn-rom/rtl/ffn_tile_16x16_b2_reg.v:103$1498'.
No latch inferred for signal `\ffn_tile.\csd_mul2$func$/Users/toprakgundogdu/qwen-ffn-rom/rtl/ffn_tile_16x16_b2_reg.v:103$269.$result' from process `\ffn_tile.$proc$/Users/toprakgundogdu/qwen-ffn-rom/rtl/ffn_tile_16x16_b2_reg.v:103$1492'.
No latch inferred for signal `\ffn_tile.\csd_mul2$func$/Users/toprakgundogdu/qwen-ffn-rom/rtl/ffn_tile_16x16_b2_reg.v:103$268.$result' from process `\ffn_tile.$proc$/Users/toprakgundogdu/qwen-ffn-rom/rtl/ffn_tile_16x16_b2_reg.v:103$1486'.
No latch inferred for signal `\ffn_tile.\csd_mul2$func$/Users/toprakgundogdu/qwen-ffn-rom/rtl/ffn_tile_16x16_b2_reg.v:103$267.$result' from process `\ffn_tile.$proc$/Users/toprakgundogdu/qwen-ffn-rom/rtl/ffn_tile_16x16_b2_reg.v:103$1480'.
No latch inferred for signal `\ffn_tile.\csd_mul2$func$/Users/toprakgundogdu/qwen-ffn-rom/rtl/ffn_tile_16x16_b2_reg.v:103$266.$result' from process `\ffn_tile.$proc$/Users/toprakgundogdu/qwen-ffn-rom/rtl/ffn_tile_16x16_b2_reg.v:103$1474'.
No latch inferred for signal `\ffn_tile.\csd_mul2$func$/Users/toprakgundogdu/qwen-ffn-rom/rtl/ffn_tile_16x16_b2_reg.v:103$265.$result' from process `\ffn_tile.$proc$/Users/toprakgundogdu/qwen-ffn-rom/rtl/ffn_tile_16x16_b2_reg.v:103$1468'.
No latch inferred for signal `\ffn_tile.\csd_mul2$func$/Users/toprakgundogdu/qwen-ffn-rom/rtl/ffn_tile_16x16_b2_reg.v:103$264.$result' from process `\ffn_tile.$proc$/Users/toprakgundogdu/qwen-ffn-rom/rtl/ffn_tile_16x16_b2_reg.v:103$1462'.
No latch inferred for signal `\ffn_tile.\csd_mul2$func$/Users/toprakgundogdu/qwen-ffn-rom/rtl/ffn_tile_16x16_b2_reg.v:103$263.$result' from process `\ffn_tile.$proc$/Users/toprakgundogdu/qwen-ffn-rom/rtl/ffn_tile_16x16_b2_reg.v:103$1456'.
No latch inferred for signal `\ffn_tile.\csd_mul2$func$/Users/toprakgundogdu/qwen-ffn-rom/rtl/ffn_tile_16x16_b2_reg.v:103$262.$result' from process `\ffn_tile.$proc$/Users/toprakgundogdu/qwen-ffn-rom/rtl/ffn_tile_16x16_b2_reg.v:103$1450'.
No latch inferred for signal `\ffn_tile.\csd_mul2$func$/Users/toprakgundogdu/qwen-ffn-rom/rtl/ffn_tile_16x16_b2_reg.v:103$261.$result' from process `\ffn_tile.$proc$/Users/toprakgundogdu/qwen-ffn-rom/rtl/ffn_tile_16x16_b2_reg.v:103$1444'.
No latch inferred for signal `\ffn_tile.\csd_mul2$func$/Users/toprakgundogdu/qwen-ffn-rom/rtl/ffn_tile_16x16_b2_reg.v:103$260.$result' from process `\ffn_tile.$proc$/Users/toprakgundogdu/qwen-ffn-rom/rtl/ffn_tile_16x16_b2_reg.v:103$1438'.
No latch inferred for signal `\ffn_tile.\csd_mul2$func$/Users/toprakgundogdu/qwen-ffn-rom/rtl/ffn_tile_16x16_b2_reg.v:103$259.$result' from process `\ffn_tile.$proc$/Users/toprakgundogdu/qwen-ffn-rom/rtl/ffn_tile_16x16_b2_reg.v:103$1431'.
No latch inferred for signal `\ffn_tile.\csd_mul2$func$/Users/toprakgundogdu/qwen-ffn-rom/rtl/ffn_tile_16x16_b2_reg.v:103$258.$result' from process `\ffn_tile.$proc$/Users/toprakgundogdu/qwen-ffn-rom/rtl/ffn_tile_16x16_b2_reg.v:103$1425'.
No latch inferred for signal `\ffn_tile.\csd_mul2$func$/Users/toprakgundogdu/qwen-ffn-rom/rtl/ffn_tile_16x16_b2_reg.v:103$257.$result' from process `\ffn_tile.$proc$/Users/toprakgundogdu/qwen-ffn-rom/rtl/ffn_tile_16x16_b2_reg.v:103$1419'.
No latch inferred for signal `\ffn_tile.\csd_mul2$func$/Users/toprakgundogdu/qwen-ffn-rom/rtl/ffn_tile_16x16_b2_reg.v:103$256.$result' from process `\ffn_tile.$proc$/Users/toprakgundogdu/qwen-ffn-rom/rtl/ffn_tile_16x16_b2_reg.v:103$1413'.
No latch inferred for signal `\ffn_tile.\csd_mul2$func$/Users/toprakgundogdu/qwen-ffn-rom/rtl/ffn_tile_16x16_b2_reg.v:103$255.$result' from process `\ffn_tile.$proc$/Users/toprakgundogdu/qwen-ffn-rom/rtl/ffn_tile_16x16_b2_reg.v:103$1407'.
No latch inferred for signal `\ffn_tile.\csd_mul2$func$/Users/toprakgundogdu/qwen-ffn-rom/rtl/ffn_tile_16x16_b2_reg.v:103$254.$result' from process `\ffn_tile.$proc$/Users/toprakgundogdu/qwen-ffn-rom/rtl/ffn_tile_16x16_b2_reg.v:103$1401'.
No latch inferred for signal `\ffn_tile.\csd_mul2$func$/Users/toprakgundogdu/qwen-ffn-rom/rtl/ffn_tile_16x16_b2_reg.v:103$253.$result' from process `\ffn_tile.$proc$/Users/toprakgundogdu/qwen-ffn-rom/rtl/ffn_tile_16x16_b2_reg.v:103$1395'.
No latch inferred for signal `\ffn_tile.\csd_mul2$func$/Users/toprakgundogdu/qwen-ffn-rom/rtl/ffn_tile_16x16_b2_reg.v:103$252.$result' from process `\ffn_tile.$proc$/Users/toprakgundogdu/qwen-ffn-rom/rtl/ffn_tile_16x16_b2_reg.v:103$1388'.
No latch inferred for signal `\ffn_tile.\csd_mul2$func$/Users/toprakgundogdu/qwen-ffn-rom/rtl/ffn_tile_16x16_b2_reg.v:103$251.$result' from process `\ffn_tile.$proc$/Users/toprakgundogdu/qwen-ffn-rom/rtl/ffn_tile_16x16_b2_reg.v:103$1382'.
No latch inferred for signal `\ffn_tile.\csd_mul2$func$/Users/toprakgundogdu/qwen-ffn-rom/rtl/ffn_tile_16x16_b2_reg.v:103$250.$result' from process `\ffn_tile.$proc$/Users/toprakgundogdu/qwen-ffn-rom/rtl/ffn_tile_16x16_b2_reg.v:103$1376'.
No latch inferred for signal `\ffn_tile.\csd_mul2$func$/Users/toprakgundogdu/qwen-ffn-rom/rtl/ffn_tile_16x16_b2_reg.v:103$249.$result' from process `\ffn_tile.$proc$/Users/toprakgundogdu/qwen-ffn-rom/rtl/ffn_tile_16x16_b2_reg.v:103$1370'.
No latch inferred for signal `\ffn_tile.\csd_mul2$func$/Users/toprakgundogdu/qwen-ffn-rom/rtl/ffn_tile_16x16_b2_reg.v:103$248.$result' from process `\ffn_tile.$proc$/Users/toprakgundogdu/qwen-ffn-rom/rtl/ffn_tile_16x16_b2_reg.v:103$1364'.
No latch inferred for signal `\ffn_tile.\csd_mul2$func$/Users/toprakgundogdu/qwen-ffn-rom/rtl/ffn_tile_16x16_b2_reg.v:103$247.$result' from process `\ffn_tile.$proc$/Users/toprakgundogdu/qwen-ffn-rom/rtl/ffn_tile_16x16_b2_reg.v:103$1358'.
No latch inferred for signal `\ffn_tile.\csd_mul2$func$/Users/toprakgundogdu/qwen-ffn-rom/rtl/ffn_tile_16x16_b2_reg.v:103$246.$result' from process `\ffn_tile.$proc$/Users/toprakgundogdu/qwen-ffn-rom/rtl/ffn_tile_16x16_b2_reg.v:103$1351'.
No latch inferred for signal `\ffn_tile.\csd_mul2$func$/Users/toprakgundogdu/qwen-ffn-rom/rtl/ffn_tile_16x16_b2_reg.v:103$245.$result' from process `\ffn_tile.$proc$/Users/toprakgundogdu/qwen-ffn-rom/rtl/ffn_tile_16x16_b2_reg.v:103$1345'.
No latch inferred for signal `\ffn_tile.\csd_mul2$func$/Users/toprakgundogdu/qwen-ffn-rom/rtl/ffn_tile_16x16_b2_reg.v:103$244.$result' from process `\ffn_tile.$proc$/Users/toprakgundogdu/qwen-ffn-rom/rtl/ffn_tile_16x16_b2_reg.v:103$1338'.
No latch inferred for signal `\ffn_tile.\csd_mul2$func$/Users/toprakgundogdu/qwen-ffn-rom/rtl/ffn_tile_16x16_b2_reg.v:103$243.$result' from process `\ffn_tile.$proc$/Users/toprakgundogdu/qwen-ffn-rom/rtl/ffn_tile_16x16_b2_reg.v:103$1332'.
No latch inferred for signal `\ffn_tile.\csd_mul2$func$/Users/toprakgundogdu/qwen-ffn-rom/rtl/ffn_tile_16x16_b2_reg.v:103$242.$result' from process `\ffn_tile.$proc$/Users/toprakgundogdu/qwen-ffn-rom/rtl/ffn_tile_16x16_b2_reg.v:103$1326'.
No latch inferred for signal `\ffn_tile.\csd_mul2$func$/Users/toprakgundogdu/qwen-ffn-rom/rtl/ffn_tile_16x16_b2_reg.v:103$241.$result' from process `\ffn_tile.$proc$/Users/toprakgundogdu/qwen-ffn-rom/rtl/ffn_tile_16x16_b2_reg.v:103$1320'.
No latch inferred for signal `\ffn_tile.\csd_mul2$func$/Users/toprakgundogdu/qwen-ffn-rom/rtl/ffn_tile_16x16_b2_reg.v:103$240.$result' from process `\ffn_tile.$proc$/Users/toprakgundogdu/qwen-ffn-rom/rtl/ffn_tile_16x16_b2_reg.v:103$1314'.
No latch inferred for signal `\ffn_tile.\csd_mul2$func$/Users/toprakgundogdu/qwen-ffn-rom/rtl/ffn_tile_16x16_b2_reg.v:103$239.$result' from process `\ffn_tile.$proc$/Users/toprakgundogdu/qwen-ffn-rom/rtl/ffn_tile_16x16_b2_reg.v:103$1308'.
No latch inferred for signal `\ffn_tile.\csd_mul2$func$/Users/toprakgundogdu/qwen-ffn-rom/rtl/ffn_tile_16x16_b2_reg.v:103$238.$result' from process `\ffn_tile.$proc$/Users/toprakgundogdu/qwen-ffn-rom/rtl/ffn_tile_16x16_b2_reg.v:103$1302'.
No latch inferred for signal `\ffn_tile.\csd_mul2$func$/Users/toprakgundogdu/qwen-ffn-rom/rtl/ffn_tile_16x16_b2_reg.v:103$237.$result' from process `\ffn_tile.$proc$/Users/toprakgundogdu/qwen-ffn-rom/rtl/ffn_tile_16x16_b2_reg.v:103$1295'.
No latch inferred for signal `\ffn_tile.\csd_mul2$func$/Users/toprakgundogdu/qwen-ffn-rom/rtl/ffn_tile_16x16_b2_reg.v:103$236.$result' from process `\ffn_tile.$proc$/Users/toprakgundogdu/qwen-ffn-rom/rtl/ffn_tile_16x16_b2_reg.v:103$1289'.
No latch inferred for signal `\ffn_tile.\csd_mul2$func$/Users/toprakgundogdu/qwen-ffn-rom/rtl/ffn_tile_16x16_b2_reg.v:103$235.$result' from process `\ffn_tile.$proc$/Users/toprakgundogdu/qwen-ffn-rom/rtl/ffn_tile_16x16_b2_reg.v:103$1283'.
No latch inferred for signal `\ffn_tile.\csd_mul2$func$/Users/toprakgundogdu/qwen-ffn-rom/rtl/ffn_tile_16x16_b2_reg.v:103$234.$result' from process `\ffn_tile.$proc$/Users/toprakgundogdu/qwen-ffn-rom/rtl/ffn_tile_16x16_b2_reg.v:103$1277'.
No latch inferred for signal `\ffn_tile.\csd_mul2$func$/Users/toprakgundogdu/qwen-ffn-rom/rtl/ffn_tile_16x16_b2_reg.v:103$233.$result' from process `\ffn_tile.$proc$/Users/toprakgundogdu/qwen-ffn-rom/rtl/ffn_tile_16x16_b2_reg.v:103$1271'.
No latch inferred for signal `\ffn_tile.\csd_mul2$func$/Users/toprakgundogdu/qwen-ffn-rom/rtl/ffn_tile_16x16_b2_reg.v:103$232.$result' from process `\ffn_tile.$proc$/Users/toprakgundogdu/qwen-ffn-rom/rtl/ffn_tile_16x16_b2_reg.v:103$1265'.
No latch inferred for signal `\ffn_tile.\csd_mul2$func$/Users/toprakgundogdu/qwen-ffn-rom/rtl/ffn_tile_16x16_b2_reg.v:103$231.$result' from process `\ffn_tile.$proc$/Users/toprakgundogdu/qwen-ffn-rom/rtl/ffn_tile_16x16_b2_reg.v:103$1258'.
No latch inferred for signal `\ffn_tile.\csd_mul2$func$/Users/toprakgundogdu/qwen-ffn-rom/rtl/ffn_tile_16x16_b2_reg.v:103$230.$result' from process `\ffn_tile.$proc$/Users/toprakgundogdu/qwen-ffn-rom/rtl/ffn_tile_16x16_b2_reg.v:103$1252'.
No latch inferred for signal `\ffn_tile.\csd_mul2$func$/Users/toprakgundogdu/qwen-ffn-rom/rtl/ffn_tile_16x16_b2_reg.v:103$229.$result' from process `\ffn_tile.$proc$/Users/toprakgundogdu/qwen-ffn-rom/rtl/ffn_tile_16x16_b2_reg.v:103$1246'.
No latch inferred for signal `\ffn_tile.\csd_mul2$func$/Users/toprakgundogdu/qwen-ffn-rom/rtl/ffn_tile_16x16_b2_reg.v:103$228.$result' from process `\ffn_tile.$proc$/Users/toprakgundogdu/qwen-ffn-rom/rtl/ffn_tile_16x16_b2_reg.v:103$1240'.
No latch inferred for signal `\ffn_tile.\csd_mul2$func$/Users/toprakgundogdu/qwen-ffn-rom/rtl/ffn_tile_16x16_b2_reg.v:103$227.$result' from process `\ffn_tile.$proc$/Users/toprakgundogdu/qwen-ffn-rom/rtl/ffn_tile_16x16_b2_reg.v:103$1234'.
No latch inferred for signal `\ffn_tile.\csd_mul2$func$/Users/toprakgundogdu/qwen-ffn-rom/rtl/ffn_tile_16x16_b2_reg.v:103$226.$result' from process `\ffn_tile.$proc$/Users/toprakgundogdu/qwen-ffn-rom/rtl/ffn_tile_16x16_b2_reg.v:103$1228'.
No latch inferred for signal `\ffn_tile.\csd_mul2$func$/Users/toprakgundogdu/qwen-ffn-rom/rtl/ffn_tile_16x16_b2_reg.v:103$225.$result' from process `\ffn_tile.$proc$/Users/toprakgundogdu/qwen-ffn-rom/rtl/ffn_tile_16x16_b2_reg.v:103$1222'.
No latch inferred for signal `\ffn_tile.\csd_mul2$func$/Users/toprakgundogdu/qwen-ffn-rom/rtl/ffn_tile_16x16_b2_reg.v:103$224.$result' from process `\ffn_tile.$proc$/Users/toprakgundogdu/qwen-ffn-rom/rtl/ffn_tile_16x16_b2_reg.v:103$1216'.
No latch inferred for signal `\ffn_tile.\csd_mul2$func$/Users/toprakgundogdu/qwen-ffn-rom/rtl/ffn_tile_16x16_b2_reg.v:103$223.$result' from process `\ffn_tile.$proc$/Users/toprakgundogdu/qwen-ffn-rom/rtl/ffn_tile_16x16_b2_reg.v:103$1210'.
No latch inferred for signal `\ffn_tile.\csd_mul2$func$/Users/toprakgundogdu/qwen-ffn-rom/rtl/ffn_tile_16x16_b2_reg.v:103$222.$result' from process `\ffn_tile.$proc$/Users/toprakgundogdu/qwen-ffn-rom/rtl/ffn_tile_16x16_b2_reg.v:103$1203'.
No latch inferred for signal `\ffn_tile.\csd_mul2$func$/Users/toprakgundogdu/qwen-ffn-rom/rtl/ffn_tile_16x16_b2_reg.v:103$221.$result' from process `\ffn_tile.$proc$/Users/toprakgundogdu/qwen-ffn-rom/rtl/ffn_tile_16x16_b2_reg.v:103$1197'.
No latch inferred for signal `\ffn_tile.\csd_mul2$func$/Users/toprakgundogdu/qwen-ffn-rom/rtl/ffn_tile_16x16_b2_reg.v:103$220.$result' from process `\ffn_tile.$proc$/Users/toprakgundogdu/qwen-ffn-rom/rtl/ffn_tile_16x16_b2_reg.v:103$1191'.
No latch inferred for signal `\ffn_tile.\csd_mul2$func$/Users/toprakgundogdu/qwen-ffn-rom/rtl/ffn_tile_16x16_b2_reg.v:103$219.$result' from process `\ffn_tile.$proc$/Users/toprakgundogdu/qwen-ffn-rom/rtl/ffn_tile_16x16_b2_reg.v:103$1185'.
No latch inferred for signal `\ffn_tile.\csd_mul2$func$/Users/toprakgundogdu/qwen-ffn-rom/rtl/ffn_tile_16x16_b2_reg.v:103$218.$result' from process `\ffn_tile.$proc$/Users/toprakgundogdu/qwen-ffn-rom/rtl/ffn_tile_16x16_b2_reg.v:103$1179'.
No latch inferred for signal `\ffn_tile.\csd_mul2$func$/Users/toprakgundogdu/qwen-ffn-rom/rtl/ffn_tile_16x16_b2_reg.v:103$217.$result' from process `\ffn_tile.$proc$/Users/toprakgundogdu/qwen-ffn-rom/rtl/ffn_tile_16x16_b2_reg.v:103$1173'.
No latch inferred for signal `\ffn_tile.\csd_mul2$func$/Users/toprakgundogdu/qwen-ffn-rom/rtl/ffn_tile_16x16_b2_reg.v:103$216.$result' from process `\ffn_tile.$proc$/Users/toprakgundogdu/qwen-ffn-rom/rtl/ffn_tile_16x16_b2_reg.v:103$1167'.
No latch inferred for signal `\ffn_tile.\csd_mul2$func$/Users/toprakgundogdu/qwen-ffn-rom/rtl/ffn_tile_16x16_b2_reg.v:103$215.$result' from process `\ffn_tile.$proc$/Users/toprakgundogdu/qwen-ffn-rom/rtl/ffn_tile_16x16_b2_reg.v:103$1161'.
No latch inferred for signal `\ffn_tile.\csd_mul2$func$/Users/toprakgundogdu/qwen-ffn-rom/rtl/ffn_tile_16x16_b2_reg.v:103$214.$result' from process `\ffn_tile.$proc$/Users/toprakgundogdu/qwen-ffn-rom/rtl/ffn_tile_16x16_b2_reg.v:103$1155'.
No latch inferred for signal `\ffn_tile.\csd_mul2$func$/Users/toprakgundogdu/qwen-ffn-rom/rtl/ffn_tile_16x16_b2_reg.v:103$213.$result' from process `\ffn_tile.$proc$/Users/toprakgundogdu/qwen-ffn-rom/rtl/ffn_tile_16x16_b2_reg.v:103$1149'.
No latch inferred for signal `\ffn_tile.\csd_mul2$func$/Users/toprakgundogdu/qwen-ffn-rom/rtl/ffn_tile_16x16_b2_reg.v:103$212.$result' from process `\ffn_tile.$proc$/Users/toprakgundogdu/qwen-ffn-rom/rtl/ffn_tile_16x16_b2_reg.v:103$1143'.
No latch inferred for signal `\ffn_tile.\csd_mul2$func$/Users/toprakgundogdu/qwen-ffn-rom/rtl/ffn_tile_16x16_b2_reg.v:103$211.$result' from process `\ffn_tile.$proc$/Users/toprakgundogdu/qwen-ffn-rom/rtl/ffn_tile_16x16_b2_reg.v:103$1137'.
No latch inferred for signal `\ffn_tile.\csd_mul2$func$/Users/toprakgundogdu/qwen-ffn-rom/rtl/ffn_tile_16x16_b2_reg.v:103$210.$result' from process `\ffn_tile.$proc$/Users/toprakgundogdu/qwen-ffn-rom/rtl/ffn_tile_16x16_b2_reg.v:103$1130'.
No latch inferred for signal `\ffn_tile.\csd_mul2$func$/Users/toprakgundogdu/qwen-ffn-rom/rtl/ffn_tile_16x16_b2_reg.v:103$209.$result' from process `\ffn_tile.$proc$/Users/toprakgundogdu/qwen-ffn-rom/rtl/ffn_tile_16x16_b2_reg.v:103$1124'.
No latch inferred for signal `\ffn_tile.\csd_mul2$func$/Users/toprakgundogdu/qwen-ffn-rom/rtl/ffn_tile_16x16_b2_reg.v:103$208.$result' from process `\ffn_tile.$proc$/Users/toprakgundogdu/qwen-ffn-rom/rtl/ffn_tile_16x16_b2_reg.v:103$1117'.
No latch inferred for signal `\ffn_tile.\csd_mul2$func$/Users/toprakgundogdu/qwen-ffn-rom/rtl/ffn_tile_16x16_b2_reg.v:103$207.$result' from process `\ffn_tile.$proc$/Users/toprakgundogdu/qwen-ffn-rom/rtl/ffn_tile_16x16_b2_reg.v:103$1111'.
No latch inferred for signal `\ffn_tile.\csd_mul2$func$/Users/toprakgundogdu/qwen-ffn-rom/rtl/ffn_tile_16x16_b2_reg.v:103$206.$result' from process `\ffn_tile.$proc$/Users/toprakgundogdu/qwen-ffn-rom/rtl/ffn_tile_16x16_b2_reg.v:103$1105'.
No latch inferred for signal `\ffn_tile.\csd_mul2$func$/Users/toprakgundogdu/qwen-ffn-rom/rtl/ffn_tile_16x16_b2_reg.v:103$205.$result' from process `\ffn_tile.$proc$/Users/toprakgundogdu/qwen-ffn-rom/rtl/ffn_tile_16x16_b2_reg.v:103$1099'.
No latch inferred for signal `\ffn_tile.\csd_mul2$func$/Users/toprakgundogdu/qwen-ffn-rom/rtl/ffn_tile_16x16_b2_reg.v:103$204.$result' from process `\ffn_tile.$proc$/Users/toprakgundogdu/qwen-ffn-rom/rtl/ffn_tile_16x16_b2_reg.v:103$1092'.
No latch inferred for signal `\ffn_tile.\csd_mul2$func$/Users/toprakgundogdu/qwen-ffn-rom/rtl/ffn_tile_16x16_b2_reg.v:103$203.$result' from process `\ffn_tile.$proc$/Users/toprakgundogdu/qwen-ffn-rom/rtl/ffn_tile_16x16_b2_reg.v:103$1086'.
No latch inferred for signal `\ffn_tile.\csd_mul2$func$/Users/toprakgundogdu/qwen-ffn-rom/rtl/ffn_tile_16x16_b2_reg.v:103$202.$result' from process `\ffn_tile.$proc$/Users/toprakgundogdu/qwen-ffn-rom/rtl/ffn_tile_16x16_b2_reg.v:103$1079'.
No latch inferred for signal `\ffn_tile.\csd_mul2$func$/Users/toprakgundogdu/qwen-ffn-rom/rtl/ffn_tile_16x16_b2_reg.v:103$201.$result' from process `\ffn_tile.$proc$/Users/toprakgundogdu/qwen-ffn-rom/rtl/ffn_tile_16x16_b2_reg.v:103$1073'.
No latch inferred for signal `\ffn_tile.\csd_mul2$func$/Users/toprakgundogdu/qwen-ffn-rom/rtl/ffn_tile_16x16_b2_reg.v:103$200.$result' from process `\ffn_tile.$proc$/Users/toprakgundogdu/qwen-ffn-rom/rtl/ffn_tile_16x16_b2_reg.v:103$1066'.
No latch inferred for signal `\ffn_tile.\csd_mul2$func$/Users/toprakgundogdu/qwen-ffn-rom/rtl/ffn_tile_16x16_b2_reg.v:103$199.$result' from process `\ffn_tile.$proc$/Users/toprakgundogdu/qwen-ffn-rom/rtl/ffn_tile_16x16_b2_reg.v:103$1060'.
No latch inferred for signal `\ffn_tile.\csd_mul2$func$/Users/toprakgundogdu/qwen-ffn-rom/rtl/ffn_tile_16x16_b2_reg.v:103$198.$result' from process `\ffn_tile.$proc$/Users/toprakgundogdu/qwen-ffn-rom/rtl/ffn_tile_16x16_b2_reg.v:103$1054'.
No latch inferred for signal `\ffn_tile.\csd_mul2$func$/Users/toprakgundogdu/qwen-ffn-rom/rtl/ffn_tile_16x16_b2_reg.v:103$197.$result' from process `\ffn_tile.$proc$/Users/toprakgundogdu/qwen-ffn-rom/rtl/ffn_tile_16x16_b2_reg.v:103$1048'.
No latch inferred for signal `\ffn_tile.\csd_mul2$func$/Users/toprakgundogdu/qwen-ffn-rom/rtl/ffn_tile_16x16_b2_reg.v:103$196.$result' from process `\ffn_tile.$proc$/Users/toprakgundogdu/qwen-ffn-rom/rtl/ffn_tile_16x16_b2_reg.v:103$1042'.
No latch inferred for signal `\ffn_tile.\csd_mul2$func$/Users/toprakgundogdu/qwen-ffn-rom/rtl/ffn_tile_16x16_b2_reg.v:103$195.$result' from process `\ffn_tile.$proc$/Users/toprakgundogdu/qwen-ffn-rom/rtl/ffn_tile_16x16_b2_reg.v:103$1036'.
No latch inferred for signal `\ffn_tile.\csd_mul2$func$/Users/toprakgundogdu/qwen-ffn-rom/rtl/ffn_tile_16x16_b2_reg.v:103$194.$result' from process `\ffn_tile.$proc$/Users/toprakgundogdu/qwen-ffn-rom/rtl/ffn_tile_16x16_b2_reg.v:103$1030'.
No latch inferred for signal `\ffn_tile.\csd_mul2$func$/Users/toprakgundogdu/qwen-ffn-rom/rtl/ffn_tile_16x16_b2_reg.v:103$193.$result' from process `\ffn_tile.$proc$/Users/toprakgundogdu/qwen-ffn-rom/rtl/ffn_tile_16x16_b2_reg.v:103$1024'.
No latch inferred for signal `\ffn_tile.\csd_mul2$func$/Users/toprakgundogdu/qwen-ffn-rom/rtl/ffn_tile_16x16_b2_reg.v:103$192.$result' from process `\ffn_tile.$proc$/Users/toprakgundogdu/qwen-ffn-rom/rtl/ffn_tile_16x16_b2_reg.v:103$1018'.
No latch inferred for signal `\ffn_tile.\csd_mul2$func$/Users/toprakgundogdu/qwen-ffn-rom/rtl/ffn_tile_16x16_b2_reg.v:103$191.$result' from process `\ffn_tile.$proc$/Users/toprakgundogdu/qwen-ffn-rom/rtl/ffn_tile_16x16_b2_reg.v:103$1012'.
No latch inferred for signal `\ffn_tile.\csd_mul2$func$/Users/toprakgundogdu/qwen-ffn-rom/rtl/ffn_tile_16x16_b2_reg.v:103$190.$result' from process `\ffn_tile.$proc$/Users/toprakgundogdu/qwen-ffn-rom/rtl/ffn_tile_16x16_b2_reg.v:103$1006'.
No latch inferred for signal `\ffn_tile.\csd_mul2$func$/Users/toprakgundogdu/qwen-ffn-rom/rtl/ffn_tile_16x16_b2_reg.v:103$189.$result' from process `\ffn_tile.$proc$/Users/toprakgundogdu/qwen-ffn-rom/rtl/ffn_tile_16x16_b2_reg.v:103$1000'.
No latch inferred for signal `\ffn_tile.\csd_mul2$func$/Users/toprakgundogdu/qwen-ffn-rom/rtl/ffn_tile_16x16_b2_reg.v:103$188.$result' from process `\ffn_tile.$proc$/Users/toprakgundogdu/qwen-ffn-rom/rtl/ffn_tile_16x16_b2_reg.v:103$994'.
No latch inferred for signal `\ffn_tile.\csd_mul2$func$/Users/toprakgundogdu/qwen-ffn-rom/rtl/ffn_tile_16x16_b2_reg.v:103$187.$result' from process `\ffn_tile.$proc$/Users/toprakgundogdu/qwen-ffn-rom/rtl/ffn_tile_16x16_b2_reg.v:103$988'.
No latch inferred for signal `\ffn_tile.\csd_mul2$func$/Users/toprakgundogdu/qwen-ffn-rom/rtl/ffn_tile_16x16_b2_reg.v:103$186.$result' from process `\ffn_tile.$proc$/Users/toprakgundogdu/qwen-ffn-rom/rtl/ffn_tile_16x16_b2_reg.v:103$982'.
No latch inferred for signal `\ffn_tile.\csd_mul2$func$/Users/toprakgundogdu/qwen-ffn-rom/rtl/ffn_tile_16x16_b2_reg.v:103$185.$result' from process `\ffn_tile.$proc$/Users/toprakgundogdu/qwen-ffn-rom/rtl/ffn_tile_16x16_b2_reg.v:103$975'.
No latch inferred for signal `\ffn_tile.\csd_mul2$func$/Users/toprakgundogdu/qwen-ffn-rom/rtl/ffn_tile_16x16_b2_reg.v:103$184.$result' from process `\ffn_tile.$proc$/Users/toprakgundogdu/qwen-ffn-rom/rtl/ffn_tile_16x16_b2_reg.v:103$968'.
No latch inferred for signal `\ffn_tile.\csd_mul2$func$/Users/toprakgundogdu/qwen-ffn-rom/rtl/ffn_tile_16x16_b2_reg.v:103$183.$result' from process `\ffn_tile.$proc$/Users/toprakgundogdu/qwen-ffn-rom/rtl/ffn_tile_16x16_b2_reg.v:103$962'.
No latch inferred for signal `\ffn_tile.\csd_mul2$func$/Users/toprakgundogdu/qwen-ffn-rom/rtl/ffn_tile_16x16_b2_reg.v:103$182.$result' from process `\ffn_tile.$proc$/Users/toprakgundogdu/qwen-ffn-rom/rtl/ffn_tile_16x16_b2_reg.v:103$955'.
No latch inferred for signal `\ffn_tile.\csd_mul2$func$/Users/toprakgundogdu/qwen-ffn-rom/rtl/ffn_tile_16x16_b2_reg.v:103$181.$result' from process `\ffn_tile.$proc$/Users/toprakgundogdu/qwen-ffn-rom/rtl/ffn_tile_16x16_b2_reg.v:103$949'.
No latch inferred for signal `\ffn_tile.\csd_mul2$func$/Users/toprakgundogdu/qwen-ffn-rom/rtl/ffn_tile_16x16_b2_reg.v:103$180.$result' from process `\ffn_tile.$proc$/Users/toprakgundogdu/qwen-ffn-rom/rtl/ffn_tile_16x16_b2_reg.v:103$943'.
No latch inferred for signal `\ffn_tile.\csd_mul2$func$/Users/toprakgundogdu/qwen-ffn-rom/rtl/ffn_tile_16x16_b2_reg.v:103$179.$result' from process `\ffn_tile.$proc$/Users/toprakgundogdu/qwen-ffn-rom/rtl/ffn_tile_16x16_b2_reg.v:103$937'.
No latch inferred for signal `\ffn_tile.\csd_mul2$func$/Users/toprakgundogdu/qwen-ffn-rom/rtl/ffn_tile_16x16_b2_reg.v:103$178.$result' from process `\ffn_tile.$proc$/Users/toprakgundogdu/qwen-ffn-rom/rtl/ffn_tile_16x16_b2_reg.v:103$931'.
No latch inferred for signal `\ffn_tile.\csd_mul2$func$/Users/toprakgundogdu/qwen-ffn-rom/rtl/ffn_tile_16x16_b2_reg.v:103$177.$result' from process `\ffn_tile.$proc$/Users/toprakgundogdu/qwen-ffn-rom/rtl/ffn_tile_16x16_b2_reg.v:103$925'.
No latch inferred for signal `\ffn_tile.\csd_mul2$func$/Users/toprakgundogdu/qwen-ffn-rom/rtl/ffn_tile_16x16_b2_reg.v:103$176.$result' from process `\ffn_tile.$proc$/Users/toprakgundogdu/qwen-ffn-rom/rtl/ffn_tile_16x16_b2_reg.v:103$919'.
No latch inferred for signal `\ffn_tile.\csd_mul2$func$/Users/toprakgundogdu/qwen-ffn-rom/rtl/ffn_tile_16x16_b2_reg.v:103$175.$result' from process `\ffn_tile.$proc$/Users/toprakgundogdu/qwen-ffn-rom/rtl/ffn_tile_16x16_b2_reg.v:103$913'.
No latch inferred for signal `\ffn_tile.\csd_mul2$func$/Users/toprakgundogdu/qwen-ffn-rom/rtl/ffn_tile_16x16_b2_reg.v:103$174.$result' from process `\ffn_tile.$proc$/Users/toprakgundogdu/qwen-ffn-rom/rtl/ffn_tile_16x16_b2_reg.v:103$907'.
No latch inferred for signal `\ffn_tile.\csd_mul2$func$/Users/toprakgundogdu/qwen-ffn-rom/rtl/ffn_tile_16x16_b2_reg.v:103$173.$result' from process `\ffn_tile.$proc$/Users/toprakgundogdu/qwen-ffn-rom/rtl/ffn_tile_16x16_b2_reg.v:103$901'.
No latch inferred for signal `\ffn_tile.\csd_mul2$func$/Users/toprakgundogdu/qwen-ffn-rom/rtl/ffn_tile_16x16_b2_reg.v:103$172.$result' from process `\ffn_tile.$proc$/Users/toprakgundogdu/qwen-ffn-rom/rtl/ffn_tile_16x16_b2_reg.v:103$895'.
No latch inferred for signal `\ffn_tile.\csd_mul2$func$/Users/toprakgundogdu/qwen-ffn-rom/rtl/ffn_tile_16x16_b2_reg.v:103$171.$result' from process `\ffn_tile.$proc$/Users/toprakgundogdu/qwen-ffn-rom/rtl/ffn_tile_16x16_b2_reg.v:103$888'.
No latch inferred for signal `\ffn_tile.\csd_mul2$func$/Users/toprakgundogdu/qwen-ffn-rom/rtl/ffn_tile_16x16_b2_reg.v:103$170.$result' from process `\ffn_tile.$proc$/Users/toprakgundogdu/qwen-ffn-rom/rtl/ffn_tile_16x16_b2_reg.v:103$881'.
No latch inferred for signal `\ffn_tile.\csd_mul2$func$/Users/toprakgundogdu/qwen-ffn-rom/rtl/ffn_tile_16x16_b2_reg.v:103$169.$result' from process `\ffn_tile.$proc$/Users/toprakgundogdu/qwen-ffn-rom/rtl/ffn_tile_16x16_b2_reg.v:103$875'.
No latch inferred for signal `\ffn_tile.\csd_mul2$func$/Users/toprakgundogdu/qwen-ffn-rom/rtl/ffn_tile_16x16_b2_reg.v:103$168.$result' from process `\ffn_tile.$proc$/Users/toprakgundogdu/qwen-ffn-rom/rtl/ffn_tile_16x16_b2_reg.v:103$868'.
No latch inferred for signal `\ffn_tile.\csd_mul2$func$/Users/toprakgundogdu/qwen-ffn-rom/rtl/ffn_tile_16x16_b2_reg.v:103$167.$result' from process `\ffn_tile.$proc$/Users/toprakgundogdu/qwen-ffn-rom/rtl/ffn_tile_16x16_b2_reg.v:103$862'.
No latch inferred for signal `\ffn_tile.\csd_mul2$func$/Users/toprakgundogdu/qwen-ffn-rom/rtl/ffn_tile_16x16_b2_reg.v:103$166.$result' from process `\ffn_tile.$proc$/Users/toprakgundogdu/qwen-ffn-rom/rtl/ffn_tile_16x16_b2_reg.v:103$855'.
No latch inferred for signal `\ffn_tile.\csd_mul2$func$/Users/toprakgundogdu/qwen-ffn-rom/rtl/ffn_tile_16x16_b2_reg.v:103$165.$result' from process `\ffn_tile.$proc$/Users/toprakgundogdu/qwen-ffn-rom/rtl/ffn_tile_16x16_b2_reg.v:103$849'.
No latch inferred for signal `\ffn_tile.\csd_mul2$func$/Users/toprakgundogdu/qwen-ffn-rom/rtl/ffn_tile_16x16_b2_reg.v:103$164.$result' from process `\ffn_tile.$proc$/Users/toprakgundogdu/qwen-ffn-rom/rtl/ffn_tile_16x16_b2_reg.v:103$843'.
No latch inferred for signal `\ffn_tile.\csd_mul2$func$/Users/toprakgundogdu/qwen-ffn-rom/rtl/ffn_tile_16x16_b2_reg.v:103$163.$result' from process `\ffn_tile.$proc$/Users/toprakgundogdu/qwen-ffn-rom/rtl/ffn_tile_16x16_b2_reg.v:103$837'.
No latch inferred for signal `\ffn_tile.\csd_mul2$func$/Users/toprakgundogdu/qwen-ffn-rom/rtl/ffn_tile_16x16_b2_reg.v:103$162.$result' from process `\ffn_tile.$proc$/Users/toprakgundogdu/qwen-ffn-rom/rtl/ffn_tile_16x16_b2_reg.v:103$831'.
No latch inferred for signal `\ffn_tile.\csd_mul2$func$/Users/toprakgundogdu/qwen-ffn-rom/rtl/ffn_tile_16x16_b2_reg.v:103$161.$result' from process `\ffn_tile.$proc$/Users/toprakgundogdu/qwen-ffn-rom/rtl/ffn_tile_16x16_b2_reg.v:103$825'.
No latch inferred for signal `\ffn_tile.\csd_mul2$func$/Users/toprakgundogdu/qwen-ffn-rom/rtl/ffn_tile_16x16_b2_reg.v:103$160.$result' from process `\ffn_tile.$proc$/Users/toprakgundogdu/qwen-ffn-rom/rtl/ffn_tile_16x16_b2_reg.v:103$819'.
No latch inferred for signal `\ffn_tile.\csd_mul2$func$/Users/toprakgundogdu/qwen-ffn-rom/rtl/ffn_tile_16x16_b2_reg.v:103$159.$result' from process `\ffn_tile.$proc$/Users/toprakgundogdu/qwen-ffn-rom/rtl/ffn_tile_16x16_b2_reg.v:103$813'.
No latch inferred for signal `\ffn_tile.\csd_mul2$func$/Users/toprakgundogdu/qwen-ffn-rom/rtl/ffn_tile_16x16_b2_reg.v:103$158.$result' from process `\ffn_tile.$proc$/Users/toprakgundogdu/qwen-ffn-rom/rtl/ffn_tile_16x16_b2_reg.v:103$807'.
No latch inferred for signal `\ffn_tile.\csd_mul2$func$/Users/toprakgundogdu/qwen-ffn-rom/rtl/ffn_tile_16x16_b2_reg.v:103$157.$result' from process `\ffn_tile.$proc$/Users/toprakgundogdu/qwen-ffn-rom/rtl/ffn_tile_16x16_b2_reg.v:103$801'.
No latch inferred for signal `\ffn_tile.\csd_mul2$func$/Users/toprakgundogdu/qwen-ffn-rom/rtl/ffn_tile_16x16_b2_reg.v:103$156.$result' from process `\ffn_tile.$proc$/Users/toprakgundogdu/qwen-ffn-rom/rtl/ffn_tile_16x16_b2_reg.v:103$795'.
No latch inferred for signal `\ffn_tile.\csd_mul2$func$/Users/toprakgundogdu/qwen-ffn-rom/rtl/ffn_tile_16x16_b2_reg.v:103$155.$result' from process `\ffn_tile.$proc$/Users/toprakgundogdu/qwen-ffn-rom/rtl/ffn_tile_16x16_b2_reg.v:103$789'.
No latch inferred for signal `\ffn_tile.\csd_mul2$func$/Users/toprakgundogdu/qwen-ffn-rom/rtl/ffn_tile_16x16_b2_reg.v:103$154.$result' from process `\ffn_tile.$proc$/Users/toprakgundogdu/qwen-ffn-rom/rtl/ffn_tile_16x16_b2_reg.v:103$783'.
No latch inferred for signal `\ffn_tile.\csd_mul2$func$/Users/toprakgundogdu/qwen-ffn-rom/rtl/ffn_tile_16x16_b2_reg.v:103$153.$result' from process `\ffn_tile.$proc$/Users/toprakgundogdu/qwen-ffn-rom/rtl/ffn_tile_16x16_b2_reg.v:103$777'.
No latch inferred for signal `\ffn_tile.\csd_mul2$func$/Users/toprakgundogdu/qwen-ffn-rom/rtl/ffn_tile_16x16_b2_reg.v:103$152.$result' from process `\ffn_tile.$proc$/Users/toprakgundogdu/qwen-ffn-rom/rtl/ffn_tile_16x16_b2_reg.v:103$770'.
No latch inferred for signal `\ffn_tile.\csd_mul2$func$/Users/toprakgundogdu/qwen-ffn-rom/rtl/ffn_tile_16x16_b2_reg.v:103$151.$result' from process `\ffn_tile.$proc$/Users/toprakgundogdu/qwen-ffn-rom/rtl/ffn_tile_16x16_b2_reg.v:103$764'.
No latch inferred for signal `\ffn_tile.\csd_mul2$func$/Users/toprakgundogdu/qwen-ffn-rom/rtl/ffn_tile_16x16_b2_reg.v:103$150.$result' from process `\ffn_tile.$proc$/Users/toprakgundogdu/qwen-ffn-rom/rtl/ffn_tile_16x16_b2_reg.v:103$758'.
No latch inferred for signal `\ffn_tile.\csd_mul2$func$/Users/toprakgundogdu/qwen-ffn-rom/rtl/ffn_tile_16x16_b2_reg.v:103$149.$result' from process `\ffn_tile.$proc$/Users/toprakgundogdu/qwen-ffn-rom/rtl/ffn_tile_16x16_b2_reg.v:103$752'.
No latch inferred for signal `\ffn_tile.\csd_mul2$func$/Users/toprakgundogdu/qwen-ffn-rom/rtl/ffn_tile_16x16_b2_reg.v:103$148.$result' from process `\ffn_tile.$proc$/Users/toprakgundogdu/qwen-ffn-rom/rtl/ffn_tile_16x16_b2_reg.v:103$746'.
No latch inferred for signal `\ffn_tile.\csd_mul2$func$/Users/toprakgundogdu/qwen-ffn-rom/rtl/ffn_tile_16x16_b2_reg.v:103$147.$result' from process `\ffn_tile.$proc$/Users/toprakgundogdu/qwen-ffn-rom/rtl/ffn_tile_16x16_b2_reg.v:103$740'.
No latch inferred for signal `\ffn_tile.\csd_mul2$func$/Users/toprakgundogdu/qwen-ffn-rom/rtl/ffn_tile_16x16_b2_reg.v:103$146.$result' from process `\ffn_tile.$proc$/Users/toprakgundogdu/qwen-ffn-rom/rtl/ffn_tile_16x16_b2_reg.v:103$734'.
No latch inferred for signal `\ffn_tile.\csd_mul2$func$/Users/toprakgundogdu/qwen-ffn-rom/rtl/ffn_tile_16x16_b2_reg.v:103$145.$result' from process `\ffn_tile.$proc$/Users/toprakgundogdu/qwen-ffn-rom/rtl/ffn_tile_16x16_b2_reg.v:103$728'.
No latch inferred for signal `\ffn_tile.\csd_mul2$func$/Users/toprakgundogdu/qwen-ffn-rom/rtl/ffn_tile_16x16_b2_reg.v:103$144.$result' from process `\ffn_tile.$proc$/Users/toprakgundogdu/qwen-ffn-rom/rtl/ffn_tile_16x16_b2_reg.v:103$722'.
No latch inferred for signal `\ffn_tile.\csd_mul2$func$/Users/toprakgundogdu/qwen-ffn-rom/rtl/ffn_tile_16x16_b2_reg.v:103$143.$result' from process `\ffn_tile.$proc$/Users/toprakgundogdu/qwen-ffn-rom/rtl/ffn_tile_16x16_b2_reg.v:103$716'.
No latch inferred for signal `\ffn_tile.\csd_mul2$func$/Users/toprakgundogdu/qwen-ffn-rom/rtl/ffn_tile_16x16_b2_reg.v:103$142.$result' from process `\ffn_tile.$proc$/Users/toprakgundogdu/qwen-ffn-rom/rtl/ffn_tile_16x16_b2_reg.v:103$710'.
No latch inferred for signal `\ffn_tile.\csd_mul2$func$/Users/toprakgundogdu/qwen-ffn-rom/rtl/ffn_tile_16x16_b2_reg.v:103$141.$result' from process `\ffn_tile.$proc$/Users/toprakgundogdu/qwen-ffn-rom/rtl/ffn_tile_16x16_b2_reg.v:103$704'.
No latch inferred for signal `\ffn_tile.\csd_mul2$func$/Users/toprakgundogdu/qwen-ffn-rom/rtl/ffn_tile_16x16_b2_reg.v:103$140.$result' from process `\ffn_tile.$proc$/Users/toprakgundogdu/qwen-ffn-rom/rtl/ffn_tile_16x16_b2_reg.v:103$698'.
No latch inferred for signal `\ffn_tile.\csd_mul2$func$/Users/toprakgundogdu/qwen-ffn-rom/rtl/ffn_tile_16x16_b2_reg.v:103$139.$result' from process `\ffn_tile.$proc$/Users/toprakgundogdu/qwen-ffn-rom/rtl/ffn_tile_16x16_b2_reg.v:103$692'.
No latch inferred for signal `\ffn_tile.\csd_mul2$func$/Users/toprakgundogdu/qwen-ffn-rom/rtl/ffn_tile_16x16_b2_reg.v:103$138.$result' from process `\ffn_tile.$proc$/Users/toprakgundogdu/qwen-ffn-rom/rtl/ffn_tile_16x16_b2_reg.v:103$686'.
No latch inferred for signal `\ffn_tile.\csd_mul2$func$/Users/toprakgundogdu/qwen-ffn-rom/rtl/ffn_tile_16x16_b2_reg.v:103$137.$result' from process `\ffn_tile.$proc$/Users/toprakgundogdu/qwen-ffn-rom/rtl/ffn_tile_16x16_b2_reg.v:103$680'.
No latch inferred for signal `\ffn_tile.\csd_mul2$func$/Users/toprakgundogdu/qwen-ffn-rom/rtl/ffn_tile_16x16_b2_reg.v:103$136.$result' from process `\ffn_tile.$proc$/Users/toprakgundogdu/qwen-ffn-rom/rtl/ffn_tile_16x16_b2_reg.v:103$674'.
No latch inferred for signal `\ffn_tile.\csd_mul2$func$/Users/toprakgundogdu/qwen-ffn-rom/rtl/ffn_tile_16x16_b2_reg.v:103$135.$result' from process `\ffn_tile.$proc$/Users/toprakgundogdu/qwen-ffn-rom/rtl/ffn_tile_16x16_b2_reg.v:103$667'.
No latch inferred for signal `\ffn_tile.\csd_mul2$func$/Users/toprakgundogdu/qwen-ffn-rom/rtl/ffn_tile_16x16_b2_reg.v:103$134.$result' from process `\ffn_tile.$proc$/Users/toprakgundogdu/qwen-ffn-rom/rtl/ffn_tile_16x16_b2_reg.v:103$661'.
No latch inferred for signal `\ffn_tile.\csd_mul2$func$/Users/toprakgundogdu/qwen-ffn-rom/rtl/ffn_tile_16x16_b2_reg.v:103$133.$result' from process `\ffn_tile.$proc$/Users/toprakgundogdu/qwen-ffn-rom/rtl/ffn_tile_16x16_b2_reg.v:103$655'.
No latch inferred for signal `\ffn_tile.\csd_mul2$func$/Users/toprakgundogdu/qwen-ffn-rom/rtl/ffn_tile_16x16_b2_reg.v:103$132.$result' from process `\ffn_tile.$proc$/Users/toprakgundogdu/qwen-ffn-rom/rtl/ffn_tile_16x16_b2_reg.v:103$649'.
No latch inferred for signal `\ffn_tile.\csd_mul2$func$/Users/toprakgundogdu/qwen-ffn-rom/rtl/ffn_tile_16x16_b2_reg.v:103$131.$result' from process `\ffn_tile.$proc$/Users/toprakgundogdu/qwen-ffn-rom/rtl/ffn_tile_16x16_b2_reg.v:103$643'.
No latch inferred for signal `$paramod$1c57f82a7905430256b56fd72f6f459066a99338\add_tree.\y' from process `$paramod$1c57f82a7905430256b56fd72f6f459066a99338\add_tree.$proc$/Users/toprakgundogdu/qwen-ffn-rom/rtl/ffn_tile_16x16_b2_reg.v:17$2488'.
No latch inferred for signal `$paramod$1c57f82a7905430256b56fd72f6f459066a99338\add_tree.\k' from process `$paramod$1c57f82a7905430256b56fd72f6f459066a99338\add_tree.$proc$/Users/toprakgundogdu/qwen-ffn-rom/rtl/ffn_tile_16x16_b2_reg.v:17$2488'.
No latch inferred for signal `$paramod$1c57f82a7905430256b56fd72f6f459066a99338\add_tree.\acc' from process `$paramod$1c57f82a7905430256b56fd72f6f459066a99338\add_tree.$proc$/Users/toprakgundogdu/qwen-ffn-rom/rtl/ffn_tile_16x16_b2_reg.v:17$2488'.

3.9. Executing PROC_DFF pass (convert process syncs to FFs).
Creating register for signal `\ffn_tile_reg.\y_flat' using process `\ffn_tile_reg.$proc$/Users/toprakgundogdu/qwen-ffn-rom/rtl/ffn_tile_16x16_b2_reg.v:127$2487'.
  created $dff cell `$procdff$2505' with positive edge clock.
Creating register for signal `\ffn_tile_reg.\x_q' using process `\ffn_tile_reg.$proc$/Users/toprakgundogdu/qwen-ffn-rom/rtl/ffn_tile_16x16_b2_reg.v:127$2487'.
  created $dff cell `$procdff$2506' with positive edge clock.

3.10. Executing PROC_MEMWR pass (convert process memory writes to cells).

3.11. Executing PROC_CLEAN pass (remove empty switches from decision trees).
Removing empty process `ffn_tile_reg.$proc$/Users/toprakgundogdu/qwen-ffn-rom/rtl/ffn_tile_16x16_b2_reg.v:127$2487'.
Removing empty process `ffn_tile.$proc$/Users/toprakgundogdu/qwen-ffn-rom/rtl/ffn_tile_16x16_b2_reg.v:104$2486'.
Removing empty process `ffn_tile.$proc$/Users/toprakgundogdu/qwen-ffn-rom/rtl/ffn_tile_16x16_b2_reg.v:104$2485'.
Removing empty process `ffn_tile.$proc$/Users/toprakgundogdu/qwen-ffn-rom/rtl/ffn_tile_16x16_b2_reg.v:104$2484'.
Removing empty process `ffn_tile.$proc$/Users/toprakgundogdu/qwen-ffn-rom/rtl/ffn_tile_16x16_b2_reg.v:104$2483'.
Removing empty process `ffn_tile.$proc$/Users/toprakgundogdu/qwen-ffn-rom/rtl/ffn_tile_16x16_b2_reg.v:104$2482'.
Removing empty process `ffn_tile.$proc$/Users/toprakgundogdu/qwen-ffn-rom/rtl/ffn_tile_16x16_b2_reg.v:104$2481'.
Removing empty process `ffn_tile.$proc$/Users/toprakgundogdu/qwen-ffn-rom/rtl/ffn_tile_16x16_b2_reg.v:104$2480'.
Removing empty process `ffn_tile.$proc$/Users/toprakgundogdu/qwen-ffn-rom/rtl/ffn_tile_16x16_b2_reg.v:104$2479'.
Removing empty process `ffn_tile.$proc$/Users/toprakgundogdu/qwen-ffn-rom/rtl/ffn_tile_16x16_b2_reg.v:104$2478'.
Removing empty process `ffn_tile.$proc$/Users/toprakgundogdu/qwen-ffn-rom/rtl/ffn_tile_16x16_b2_reg.v:104$2477'.
Removing empty process `ffn_tile.$proc$/Users/toprakgundogdu/qwen-ffn-rom/rtl/ffn_tile_16x16_b2_reg.v:104$2476'.
Removing empty process `ffn_tile.$proc$/Users/toprakgundogdu/qwen-ffn-rom/rtl/ffn_tile_16x16_b2_reg.v:104$2475'.
Removing empty process `ffn_tile.$proc$/Users/toprakgundogdu/qwen-ffn-rom/rtl/ffn_tile_16x16_b2_reg.v:104$2474'.
Removing empty process `ffn_tile.$proc$/Users/toprakgundogdu/qwen-ffn-rom/rtl/ffn_tile_16x16_b2_reg.v:104$2473'.
Removing empty process `ffn_tile.$proc$/Users/toprakgundogdu/qwen-ffn-rom/rtl/ffn_tile_16x16_b2_reg.v:104$2472'.
Removing empty process `ffn_tile.$proc$/Users/toprakgundogdu/qwen-ffn-rom/rtl/ffn_tile_16x16_b2_reg.v:104$2471'.
Removing empty process `ffn_tile.$proc$/Users/toprakgundogdu/qwen-ffn-rom/rtl/ffn_tile_16x16_b2_reg.v:104$2470'.
Removing empty process `ffn_tile.$proc$/Users/toprakgundogdu/qwen-ffn-rom/rtl/ffn_tile_16x16_b2_reg.v:104$2469'.
Removing empty process `ffn_tile.$proc$/Users/toprakgundogdu/qwen-ffn-rom/rtl/ffn_tile_16x16_b2_reg.v:104$2468'.
Removing empty process `ffn_tile.$proc$/Users/toprakgundogdu/qwen-ffn-rom/rtl/ffn_tile_16x16_b2_reg.v:104$2467'.
Removing empty process `ffn_tile.$proc$/Users/toprakgundogdu/qwen-ffn-rom/rtl/ffn_tile_16x16_b2_reg.v:104$2466'.
Removing empty process `ffn_tile.$proc$/Users/toprakgundogdu/qwen-ffn-rom/rtl/ffn_tile_16x16_b2_reg.v:104$2465'.
Removing empty process `ffn_tile.$proc$/Users/toprakgundogdu/qwen-ffn-rom/rtl/ffn_tile_16x16_b2_reg.v:104$2464'.
Removing empty process `ffn_tile.$proc$/Users/toprakgundogdu/qwen-ffn-rom/rtl/ffn_tile_16x16_b2_reg.v:104$2463'.
Removing empty process `ffn_tile.$proc$/Users/toprakgundogdu/qwen-ffn-rom/rtl/ffn_tile_16x16_b2_reg.v:104$2462'.
Removing empty process `ffn_tile.$proc$/Users/toprakgundogdu/qwen-ffn-rom/rtl/ffn_tile_16x16_b2_reg.v:104$2461'.
Removing empty process `ffn_tile.$proc$/Users/toprakgundogdu/qwen-ffn-rom/rtl/ffn_tile_16x16_b2_reg.v:104$2460'.
Removing empty process `ffn_tile.$proc$/Users/toprakgundogdu/qwen-ffn-rom/rtl/ffn_tile_16x16_b2_reg.v:104$2459'.
Removing empty process `ffn_tile.$proc$/Users/toprakgundogdu/qwen-ffn-rom/rtl/ffn_tile_16x16_b2_reg.v:104$2458'.
Removing empty process `ffn_tile.$proc$/Users/toprakgundogdu/qwen-ffn-rom/rtl/ffn_tile_16x16_b2_reg.v:104$2457'.
Removing empty process `ffn_tile.$proc$/Users/toprakgundogdu/qwen-ffn-rom/rtl/ffn_tile_16x16_b2_reg.v:104$2456'.
Removing empty process `ffn_tile.$proc$/Users/toprakgundogdu/qwen-ffn-rom/rtl/ffn_tile_16x16_b2_reg.v:104$2455'.
Removing empty process `ffn_tile.$proc$/Users/toprakgundogdu/qwen-ffn-rom/rtl/ffn_tile_16x16_b2_reg.v:104$2454'.
Removing empty process `ffn_tile.$proc$/Users/toprakgundogdu/qwen-ffn-rom/rtl/ffn_tile_16x16_b2_reg.v:104$2453'.
Removing empty process `ffn_tile.$proc$/Users/toprakgundogdu/qwen-ffn-rom/rtl/ffn_tile_16x16_b2_reg.v:104$2452'.
Removing empty process `ffn_tile.$proc$/Users/toprakgundogdu/qwen-ffn-rom/rtl/ffn_tile_16x16_b2_reg.v:104$2451'.
Removing empty process `ffn_tile.$proc$/Users/toprakgundogdu/qwen-ffn-rom/rtl/ffn_tile_16x16_b2_reg.v:104$2450'.
Removing empty process `ffn_tile.$proc$/Users/toprakgundogdu/qwen-ffn-rom/rtl/ffn_tile_16x16_b2_reg.v:104$2449'.
Removing empty process `ffn_tile.$proc$/Users/toprakgundogdu/qwen-ffn-rom/rtl/ffn_tile_16x16_b2_reg.v:104$2448'.
Removing empty process `ffn_tile.$proc$/Users/toprakgundogdu/qwen-ffn-rom/rtl/ffn_tile_16x16_b2_reg.v:104$2447'.
Removing empty process `ffn_tile.$proc$/Users/toprakgundogdu/qwen-ffn-rom/rtl/ffn_tile_16x16_b2_reg.v:104$2446'.
Removing empty process `ffn_tile.$proc$/Users/toprakgundogdu/qwen-ffn-rom/rtl/ffn_tile_16x16_b2_reg.v:104$2445'.
Removing empty process `ffn_tile.$proc$/Users/toprakgundogdu/qwen-ffn-rom/rtl/ffn_tile_16x16_b2_reg.v:104$2444'.
Removing empty process `ffn_tile.$proc$/Users/toprakgundogdu/qwen-ffn-rom/rtl/ffn_tile_16x16_b2_reg.v:104$2443'.
Removing empty process `ffn_tile.$proc$/Users/toprakgundogdu/qwen-ffn-rom/rtl/ffn_tile_16x16_b2_reg.v:104$2442'.
Removing empty process `ffn_tile.$proc$/Users/toprakgundogdu/qwen-ffn-rom/rtl/ffn_tile_16x16_b2_reg.v:104$2441'.
Removing empty process `ffn_tile.$proc$/Users/toprakgundogdu/qwen-ffn-rom/rtl/ffn_tile_16x16_b2_reg.v:104$2440'.
Removing empty process `ffn_tile.$proc$/Users/toprakgundogdu/qwen-ffn-rom/rtl/ffn_tile_16x16_b2_reg.v:104$2439'.
Removing empty process `ffn_tile.$proc$/Users/toprakgundogdu/qwen-ffn-rom/rtl/ffn_tile_16x16_b2_reg.v:104$2438'.
Removing empty process `ffn_tile.$proc$/Users/toprakgundogdu/qwen-ffn-rom/rtl/ffn_tile_16x16_b2_reg.v:104$2437'.
Removing empty process `ffn_tile.$proc$/Users/toprakgundogdu/qwen-ffn-rom/rtl/ffn_tile_16x16_b2_reg.v:104$2436'.
Removing empty process `ffn_tile.$proc$/Users/toprakgundogdu/qwen-ffn-rom/rtl/ffn_tile_16x16_b2_reg.v:104$2435'.
Removing empty process `ffn_tile.$proc$/Users/toprakgundogdu/qwen-ffn-rom/rtl/ffn_tile_16x16_b2_reg.v:104$2434'.
Removing empty process `ffn_tile.$proc$/Users/toprakgundogdu/qwen-ffn-rom/rtl/ffn_tile_16x16_b2_reg.v:104$2433'.
Removing empty process `ffn_tile.$proc$/Users/toprakgundogdu/qwen-ffn-rom/rtl/ffn_tile_16x16_b2_reg.v:104$2432'.
Removing empty process `ffn_tile.$proc$/Users/toprakgundogdu/qwen-ffn-rom/rtl/ffn_tile_16x16_b2_reg.v:104$2431'.
Removing empty process `ffn_tile.$proc$/Users/toprakgundogdu/qwen-ffn-rom/rtl/ffn_tile_16x16_b2_reg.v:104$2430'.
Removing empty process `ffn_tile.$proc$/Users/toprakgundogdu/qwen-ffn-rom/rtl/ffn_tile_16x16_b2_reg.v:104$2429'.
Removing empty process `ffn_tile.$proc$/Users/toprakgundogdu/qwen-ffn-rom/rtl/ffn_tile_16x16_b2_reg.v:104$2428'.
Removing empty process `ffn_tile.$proc$/Users/toprakgundogdu/qwen-ffn-rom/rtl/ffn_tile_16x16_b2_reg.v:104$2427'.
Removing empty process `ffn_tile.$proc$/Users/toprakgundogdu/qwen-ffn-rom/rtl/ffn_tile_16x16_b2_reg.v:104$2426'.
Removing empty process `ffn_tile.$proc$/Users/toprakgundogdu/qwen-ffn-rom/rtl/ffn_tile_16x16_b2_reg.v:104$2425'.
Removing empty process `ffn_tile.$proc$/Users/toprakgundogdu/qwen-ffn-rom/rtl/ffn_tile_16x16_b2_reg.v:104$2424'.
Removing empty process `ffn_tile.$proc$/Users/toprakgundogdu/qwen-ffn-rom/rtl/ffn_tile_16x16_b2_reg.v:104$2423'.
Removing empty process `ffn_tile.$proc$/Users/toprakgundogdu/qwen-ffn-rom/rtl/ffn_tile_16x16_b2_reg.v:104$2422'.
Removing empty process `ffn_tile.$proc$/Users/toprakgundogdu/qwen-ffn-rom/rtl/ffn_tile_16x16_b2_reg.v:104$2421'.
Removing empty process `ffn_tile.$proc$/Users/toprakgundogdu/qwen-ffn-rom/rtl/ffn_tile_16x16_b2_reg.v:104$2420'.
Removing empty process `ffn_tile.$proc$/Users/toprakgundogdu/qwen-ffn-rom/rtl/ffn_tile_16x16_b2_reg.v:104$2419'.
Removing empty process `ffn_tile.$proc$/Users/toprakgundogdu/qwen-ffn-rom/rtl/ffn_tile_16x16_b2_reg.v:104$2418'.
Removing empty process `ffn_tile.$proc$/Users/toprakgundogdu/qwen-ffn-rom/rtl/ffn_tile_16x16_b2_reg.v:104$2417'.
Removing empty process `ffn_tile.$proc$/Users/toprakgundogdu/qwen-ffn-rom/rtl/ffn_tile_16x16_b2_reg.v:104$2416'.
Removing empty process `ffn_tile.$proc$/Users/toprakgundogdu/qwen-ffn-rom/rtl/ffn_tile_16x16_b2_reg.v:104$2415'.
Removing empty process `ffn_tile.$proc$/Users/toprakgundogdu/qwen-ffn-rom/rtl/ffn_tile_16x16_b2_reg.v:104$2414'.
Removing empty process `ffn_tile.$proc$/Users/toprakgundogdu/qwen-ffn-rom/rtl/ffn_tile_16x16_b2_reg.v:104$2413'.
Removing empty process `ffn_tile.$proc$/Users/toprakgundogdu/qwen-ffn-rom/rtl/ffn_tile_16x16_b2_reg.v:104$2412'.
Removing empty process `ffn_tile.$proc$/Users/toprakgundogdu/qwen-ffn-rom/rtl/ffn_tile_16x16_b2_reg.v:104$2411'.
Removing empty process `ffn_tile.$proc$/Users/toprakgundogdu/qwen-ffn-rom/rtl/ffn_tile_16x16_b2_reg.v:104$2410'.
Removing empty process `ffn_tile.$proc$/Users/toprakgundogdu/qwen-ffn-rom/rtl/ffn_tile_16x16_b2_reg.v:104$2409'.
Removing empty process `ffn_tile.$proc$/Users/toprakgundogdu/qwen-ffn-rom/rtl/ffn_tile_16x16_b2_reg.v:104$2408'.
Removing empty process `ffn_tile.$proc$/Users/toprakgundogdu/qwen-ffn-rom/rtl/ffn_tile_16x16_b2_reg.v:104$2407'.
Removing empty process `ffn_tile.$proc$/Users/toprakgundogdu/qwen-ffn-rom/rtl/ffn_tile_16x16_b2_reg.v:104$2406'.
Removing empty process `ffn_tile.$proc$/Users/toprakgundogdu/qwen-ffn-rom/rtl/ffn_tile_16x16_b2_reg.v:104$2405'.
Removing empty process `ffn_tile.$proc$/Users/toprakgundogdu/qwen-ffn-rom/rtl/ffn_tile_16x16_b2_reg.v:104$2404'.
Removing empty process `ffn_tile.$proc$/Users/toprakgundogdu/qwen-ffn-rom/rtl/ffn_tile_16x16_b2_reg.v:104$2403'.
Removing empty process `ffn_tile.$proc$/Users/toprakgundogdu/qwen-ffn-rom/rtl/ffn_tile_16x16_b2_reg.v:104$2402'.
Removing empty process `ffn_tile.$proc$/Users/toprakgundogdu/qwen-ffn-rom/rtl/ffn_tile_16x16_b2_reg.v:104$2401'.
Removing empty process `ffn_tile.$proc$/Users/toprakgundogdu/qwen-ffn-rom/rtl/ffn_tile_16x16_b2_reg.v:104$2400'.
Removing empty process `ffn_tile.$proc$/Users/toprakgundogdu/qwen-ffn-rom/rtl/ffn_tile_16x16_b2_reg.v:104$2399'.
Removing empty process `ffn_tile.$proc$/Users/toprakgundogdu/qwen-ffn-rom/rtl/ffn_tile_16x16_b2_reg.v:104$2398'.
Removing empty process `ffn_tile.$proc$/Users/toprakgundogdu/qwen-ffn-rom/rtl/ffn_tile_16x16_b2_reg.v:104$2397'.
Removing empty process `ffn_tile.$proc$/Users/toprakgundogdu/qwen-ffn-rom/rtl/ffn_tile_16x16_b2_reg.v:104$2396'.
Removing empty process `ffn_tile.$proc$/Users/toprakgundogdu/qwen-ffn-rom/rtl/ffn_tile_16x16_b2_reg.v:104$2395'.
Removing empty process `ffn_tile.$proc$/Users/toprakgundogdu/qwen-ffn-rom/rtl/ffn_tile_16x16_b2_reg.v:104$2394'.
Removing empty process `ffn_tile.$proc$/Users/toprakgundogdu/qwen-ffn-rom/rtl/ffn_tile_16x16_b2_reg.v:104$2393'.
Removing empty process `ffn_tile.$proc$/Users/toprakgundogdu/qwen-ffn-rom/rtl/ffn_tile_16x16_b2_reg.v:104$2392'.
Removing empty process `ffn_tile.$proc$/Users/toprakgundogdu/qwen-ffn-rom/rtl/ffn_tile_16x16_b2_reg.v:104$2391'.
Removing empty process `ffn_tile.$proc$/Users/toprakgundogdu/qwen-ffn-rom/rtl/ffn_tile_16x16_b2_reg.v:104$2390'.
Removing empty process `ffn_tile.$proc$/Users/toprakgundogdu/qwen-ffn-rom/rtl/ffn_tile_16x16_b2_reg.v:104$2389'.
Removing empty process `ffn_tile.$proc$/Users/toprakgundogdu/qwen-ffn-rom/rtl/ffn_tile_16x16_b2_reg.v:104$2388'.
Removing empty process `ffn_tile.$proc$/Users/toprakgundogdu/qwen-ffn-rom/rtl/ffn_tile_16x16_b2_reg.v:104$2387'.
Removing empty process `ffn_tile.$proc$/Users/toprakgundogdu/qwen-ffn-rom/rtl/ffn_tile_16x16_b2_reg.v:104$2386'.
Removing empty process `ffn_tile.$proc$/Users/toprakgundogdu/qwen-ffn-rom/rtl/ffn_tile_16x16_b2_reg.v:104$2385'.
Removing empty process `ffn_tile.$proc$/Users/toprakgundogdu/qwen-ffn-rom/rtl/ffn_tile_16x16_b2_reg.v:104$2384'.
Removing empty process `ffn_tile.$proc$/Users/toprakgundogdu/qwen-ffn-rom/rtl/ffn_tile_16x16_b2_reg.v:104$2383'.
Removing empty process `ffn_tile.$proc$/Users/toprakgundogdu/qwen-ffn-rom/rtl/ffn_tile_16x16_b2_reg.v:104$2382'.
Removing empty process `ffn_tile.$proc$/Users/toprakgundogdu/qwen-ffn-rom/rtl/ffn_tile_16x16_b2_reg.v:104$2381'.
Removing empty process `ffn_tile.$proc$/Users/toprakgundogdu/qwen-ffn-rom/rtl/ffn_tile_16x16_b2_reg.v:104$2380'.
Removing empty process `ffn_tile.$proc$/Users/toprakgundogdu/qwen-ffn-rom/rtl/ffn_tile_16x16_b2_reg.v:104$2379'.
Removing empty process `ffn_tile.$proc$/Users/toprakgundogdu/qwen-ffn-rom/rtl/ffn_tile_16x16_b2_reg.v:104$2378'.
Removing empty process `ffn_tile.$proc$/Users/toprakgundogdu/qwen-ffn-rom/rtl/ffn_tile_16x16_b2_reg.v:104$2377'.
Removing empty process `ffn_tile.$proc$/Users/toprakgundogdu/qwen-ffn-rom/rtl/ffn_tile_16x16_b2_reg.v:104$2376'.
Removing empty process `ffn_tile.$proc$/Users/toprakgundogdu/qwen-ffn-rom/rtl/ffn_tile_16x16_b2_reg.v:104$2375'.
Removing empty process `ffn_tile.$proc$/Users/toprakgundogdu/qwen-ffn-rom/rtl/ffn_tile_16x16_b2_reg.v:104$2374'.
Removing empty process `ffn_tile.$proc$/Users/toprakgundogdu/qwen-ffn-rom/rtl/ffn_tile_16x16_b2_reg.v:104$2373'.
Removing empty process `ffn_tile.$proc$/Users/toprakgundogdu/qwen-ffn-rom/rtl/ffn_tile_16x16_b2_reg.v:104$2372'.
Removing empty process `ffn_tile.$proc$/Users/toprakgundogdu/qwen-ffn-rom/rtl/ffn_tile_16x16_b2_reg.v:104$2371'.
Removing empty process `ffn_tile.$proc$/Users/toprakgundogdu/qwen-ffn-rom/rtl/ffn_tile_16x16_b2_reg.v:104$2370'.
Removing empty process `ffn_tile.$proc$/Users/toprakgundogdu/qwen-ffn-rom/rtl/ffn_tile_16x16_b2_reg.v:104$2369'.
Removing empty process `ffn_tile.$proc$/Users/toprakgundogdu/qwen-ffn-rom/rtl/ffn_tile_16x16_b2_reg.v:104$2368'.
Removing empty process `ffn_tile.$proc$/Users/toprakgundogdu/qwen-ffn-rom/rtl/ffn_tile_16x16_b2_reg.v:104$2367'.
Removing empty process `ffn_tile.$proc$/Users/toprakgundogdu/qwen-ffn-rom/rtl/ffn_tile_16x16_b2_reg.v:104$2366'.
Removing empty process `ffn_tile.$proc$/Users/toprakgundogdu/qwen-ffn-rom/rtl/ffn_tile_16x16_b2_reg.v:104$2365'.
Removing empty process `ffn_tile.$proc$/Users/toprakgundogdu/qwen-ffn-rom/rtl/ffn_tile_16x16_b2_reg.v:104$2364'.
Removing empty process `ffn_tile.$proc$/Users/toprakgundogdu/qwen-ffn-rom/rtl/ffn_tile_16x16_b2_reg.v:104$2363'.
Removing empty process `ffn_tile.$proc$/Users/toprakgundogdu/qwen-ffn-rom/rtl/ffn_tile_16x16_b2_reg.v:104$2362'.
Removing empty process `ffn_tile.$proc$/Users/toprakgundogdu/qwen-ffn-rom/rtl/ffn_tile_16x16_b2_reg.v:104$2361'.
Removing empty process `ffn_tile.$proc$/Users/toprakgundogdu/qwen-ffn-rom/rtl/ffn_tile_16x16_b2_reg.v:104$2360'.
Removing empty process `ffn_tile.$proc$/Users/toprakgundogdu/qwen-ffn-rom/rtl/ffn_tile_16x16_b2_reg.v:104$2359'.
Removing empty process `ffn_tile.$proc$/Users/toprakgundogdu/qwen-ffn-rom/rtl/ffn_tile_16x16_b2_reg.v:104$2358'.
Removing empty process `ffn_tile.$proc$/Users/toprakgundogdu/qwen-ffn-rom/rtl/ffn_tile_16x16_b2_reg.v:104$2357'.
Removing empty process `ffn_tile.$proc$/Users/toprakgundogdu/qwen-ffn-rom/rtl/ffn_tile_16x16_b2_reg.v:104$2356'.
Removing empty process `ffn_tile.$proc$/Users/toprakgundogdu/qwen-ffn-rom/rtl/ffn_tile_16x16_b2_reg.v:104$2355'.
Removing empty process `ffn_tile.$proc$/Users/toprakgundogdu/qwen-ffn-rom/rtl/ffn_tile_16x16_b2_reg.v:104$2354'.
Removing empty process `ffn_tile.$proc$/Users/toprakgundogdu/qwen-ffn-rom/rtl/ffn_tile_16x16_b2_reg.v:104$2353'.
Removing empty process `ffn_tile.$proc$/Users/toprakgundogdu/qwen-ffn-rom/rtl/ffn_tile_16x16_b2_reg.v:104$2352'.
Removing empty process `ffn_tile.$proc$/Users/toprakgundogdu/qwen-ffn-rom/rtl/ffn_tile_16x16_b2_reg.v:104$2351'.
Removing empty process `ffn_tile.$proc$/Users/toprakgundogdu/qwen-ffn-rom/rtl/ffn_tile_16x16_b2_reg.v:104$2350'.
Removing empty process `ffn_tile.$proc$/Users/toprakgundogdu/qwen-ffn-rom/rtl/ffn_tile_16x16_b2_reg.v:104$2349'.
Removing empty process `ffn_tile.$proc$/Users/toprakgundogdu/qwen-ffn-rom/rtl/ffn_tile_16x16_b2_reg.v:104$2348'.
Removing empty process `ffn_tile.$proc$/Users/toprakgundogdu/qwen-ffn-rom/rtl/ffn_tile_16x16_b2_reg.v:104$2347'.
Removing empty process `ffn_tile.$proc$/Users/toprakgundogdu/qwen-ffn-rom/rtl/ffn_tile_16x16_b2_reg.v:104$2346'.
Removing empty process `ffn_tile.$proc$/Users/toprakgundogdu/qwen-ffn-rom/rtl/ffn_tile_16x16_b2_reg.v:104$2345'.
Removing empty process `ffn_tile.$proc$/Users/toprakgundogdu/qwen-ffn-rom/rtl/ffn_tile_16x16_b2_reg.v:104$2344'.
Removing empty process `ffn_tile.$proc$/Users/toprakgundogdu/qwen-ffn-rom/rtl/ffn_tile_16x16_b2_reg.v:104$2343'.
Removing empty process `ffn_tile.$proc$/Users/toprakgundogdu/qwen-ffn-rom/rtl/ffn_tile_16x16_b2_reg.v:104$2342'.
Removing empty process `ffn_tile.$proc$/Users/toprakgundogdu/qwen-ffn-rom/rtl/ffn_tile_16x16_b2_reg.v:104$2341'.
Removing empty process `ffn_tile.$proc$/Users/toprakgundogdu/qwen-ffn-rom/rtl/ffn_tile_16x16_b2_reg.v:104$2340'.
Removing empty process `ffn_tile.$proc$/Users/toprakgundogdu/qwen-ffn-rom/rtl/ffn_tile_16x16_b2_reg.v:104$2339'.
Removing empty process `ffn_tile.$proc$/Users/toprakgundogdu/qwen-ffn-rom/rtl/ffn_tile_16x16_b2_reg.v:104$2338'.
Removing empty process `ffn_tile.$proc$/Users/toprakgundogdu/qwen-ffn-rom/rtl/ffn_tile_16x16_b2_reg.v:104$2337'.
Removing empty process `ffn_tile.$proc$/Users/toprakgundogdu/qwen-ffn-rom/rtl/ffn_tile_16x16_b2_reg.v:104$2336'.
Removing empty process `ffn_tile.$proc$/Users/toprakgundogdu/qwen-ffn-rom/rtl/ffn_tile_16x16_b2_reg.v:104$2335'.
Removing empty process `ffn_tile.$proc$/Users/toprakgundogdu/qwen-ffn-rom/rtl/ffn_tile_16x16_b2_reg.v:104$2334'.
Removing empty process `ffn_tile.$proc$/Users/toprakgundogdu/qwen-ffn-rom/rtl/ffn_tile_16x16_b2_reg.v:104$2333'.
Removing empty process `ffn_tile.$proc$/Users/toprakgundogdu/qwen-ffn-rom/rtl/ffn_tile_16x16_b2_reg.v:104$2332'.
Removing empty process `ffn_tile.$proc$/Users/toprakgundogdu/qwen-ffn-rom/rtl/ffn_tile_16x16_b2_reg.v:104$2331'.
Removing empty process `ffn_tile.$proc$/Users/toprakgundogdu/qwen-ffn-rom/rtl/ffn_tile_16x16_b2_reg.v:104$2330'.
Removing empty process `ffn_tile.$proc$/Users/toprakgundogdu/qwen-ffn-rom/rtl/ffn_tile_16x16_b2_reg.v:104$2329'.
Removing empty process `ffn_tile.$proc$/Users/toprakgundogdu/qwen-ffn-rom/rtl/ffn_tile_16x16_b2_reg.v:104$2328'.
Removing empty process `ffn_tile.$proc$/Users/toprakgundogdu/qwen-ffn-rom/rtl/ffn_tile_16x16_b2_reg.v:104$2327'.
Removing empty process `ffn_tile.$proc$/Users/toprakgundogdu/qwen-ffn-rom/rtl/ffn_tile_16x16_b2_reg.v:104$2326'.
Removing empty process `ffn_tile.$proc$/Users/toprakgundogdu/qwen-ffn-rom/rtl/ffn_tile_16x16_b2_reg.v:104$2325'.
Removing empty process `ffn_tile.$proc$/Users/toprakgundogdu/qwen-ffn-rom/rtl/ffn_tile_16x16_b2_reg.v:104$2324'.
Removing empty process `ffn_tile.$proc$/Users/toprakgundogdu/qwen-ffn-rom/rtl/ffn_tile_16x16_b2_reg.v:104$2323'.
Removing empty process `ffn_tile.$proc$/Users/toprakgundogdu/qwen-ffn-rom/rtl/ffn_tile_16x16_b2_reg.v:104$2322'.
Removing empty process `ffn_tile.$proc$/Users/toprakgundogdu/qwen-ffn-rom/rtl/ffn_tile_16x16_b2_reg.v:104$2321'.
Removing empty process `ffn_tile.$proc$/Users/toprakgundogdu/qwen-ffn-rom/rtl/ffn_tile_16x16_b2_reg.v:104$2320'.
Removing empty process `ffn_tile.$proc$/Users/toprakgundogdu/qwen-ffn-rom/rtl/ffn_tile_16x16_b2_reg.v:104$2319'.
Removing empty process `ffn_tile.$proc$/Users/toprakgundogdu/qwen-ffn-rom/rtl/ffn_tile_16x16_b2_reg.v:104$2318'.
Removing empty process `ffn_tile.$proc$/Users/toprakgundogdu/qwen-ffn-rom/rtl/ffn_tile_16x16_b2_reg.v:104$2317'.
Removing empty process `ffn_tile.$proc$/Users/toprakgundogdu/qwen-ffn-rom/rtl/ffn_tile_16x16_b2_reg.v:104$2316'.
Removing empty process `ffn_tile.$proc$/Users/toprakgundogdu/qwen-ffn-rom/rtl/ffn_tile_16x16_b2_reg.v:104$2315'.
Removing empty process `ffn_tile.$proc$/Users/toprakgundogdu/qwen-ffn-rom/rtl/ffn_tile_16x16_b2_reg.v:104$2314'.
Removing empty process `ffn_tile.$proc$/Users/toprakgundogdu/qwen-ffn-rom/rtl/ffn_tile_16x16_b2_reg.v:104$2313'.
Removing empty process `ffn_tile.$proc$/Users/toprakgundogdu/qwen-ffn-rom/rtl/ffn_tile_16x16_b2_reg.v:104$2312'.
Removing empty process `ffn_tile.$proc$/Users/toprakgundogdu/qwen-ffn-rom/rtl/ffn_tile_16x16_b2_reg.v:104$2311'.
Removing empty process `ffn_tile.$proc$/Users/toprakgundogdu/qwen-ffn-rom/rtl/ffn_tile_16x16_b2_reg.v:104$2310'.
Removing empty process `ffn_tile.$proc$/Users/toprakgundogdu/qwen-ffn-rom/rtl/ffn_tile_16x16_b2_reg.v:104$2309'.
Removing empty process `ffn_tile.$proc$/Users/toprakgundogdu/qwen-ffn-rom/rtl/ffn_tile_16x16_b2_reg.v:104$2308'.
Removing empty process `ffn_tile.$proc$/Users/toprakgundogdu/qwen-ffn-rom/rtl/ffn_tile_16x16_b2_reg.v:104$2307'.
Removing empty process `ffn_tile.$proc$/Users/toprakgundogdu/qwen-ffn-rom/rtl/ffn_tile_16x16_b2_reg.v:104$2306'.
Removing empty process `ffn_tile.$proc$/Users/toprakgundogdu/qwen-ffn-rom/rtl/ffn_tile_16x16_b2_reg.v:104$2305'.
Removing empty process `ffn_tile.$proc$/Users/toprakgundogdu/qwen-ffn-rom/rtl/ffn_tile_16x16_b2_reg.v:104$2304'.
Removing empty process `ffn_tile.$proc$/Users/toprakgundogdu/qwen-ffn-rom/rtl/ffn_tile_16x16_b2_reg.v:104$2303'.
Removing empty process `ffn_tile.$proc$/Users/toprakgundogdu/qwen-ffn-rom/rtl/ffn_tile_16x16_b2_reg.v:104$2302'.
Removing empty process `ffn_tile.$proc$/Users/toprakgundogdu/qwen-ffn-rom/rtl/ffn_tile_16x16_b2_reg.v:104$2301'.
Removing empty process `ffn_tile.$proc$/Users/toprakgundogdu/qwen-ffn-rom/rtl/ffn_tile_16x16_b2_reg.v:104$2300'.
Removing empty process `ffn_tile.$proc$/Users/toprakgundogdu/qwen-ffn-rom/rtl/ffn_tile_16x16_b2_reg.v:104$2299'.
Removing empty process `ffn_tile.$proc$/Users/toprakgundogdu/qwen-ffn-rom/rtl/ffn_tile_16x16_b2_reg.v:104$2298'.
Removing empty process `ffn_tile.$proc$/Users/toprakgundogdu/qwen-ffn-rom/rtl/ffn_tile_16x16_b2_reg.v:104$2297'.
Removing empty process `ffn_tile.$proc$/Users/toprakgundogdu/qwen-ffn-rom/rtl/ffn_tile_16x16_b2_reg.v:104$2296'.
Removing empty process `ffn_tile.$proc$/Users/toprakgundogdu/qwen-ffn-rom/rtl/ffn_tile_16x16_b2_reg.v:104$2295'.
Removing empty process `ffn_tile.$proc$/Users/toprakgundogdu/qwen-ffn-rom/rtl/ffn_tile_16x16_b2_reg.v:104$2294'.
Removing empty process `ffn_tile.$proc$/Users/toprakgundogdu/qwen-ffn-rom/rtl/ffn_tile_16x16_b2_reg.v:104$2293'.
Removing empty process `ffn_tile.$proc$/Users/toprakgundogdu/qwen-ffn-rom/rtl/ffn_tile_16x16_b2_reg.v:104$2292'.
Removing empty process `ffn_tile.$proc$/Users/toprakgundogdu/qwen-ffn-rom/rtl/ffn_tile_16x16_b2_reg.v:104$2291'.
Removing empty process `ffn_tile.$proc$/Users/toprakgundogdu/qwen-ffn-rom/rtl/ffn_tile_16x16_b2_reg.v:104$2290'.
Removing empty process `ffn_tile.$proc$/Users/toprakgundogdu/qwen-ffn-rom/rtl/ffn_tile_16x16_b2_reg.v:104$2289'.
Removing empty process `ffn_tile.$proc$/Users/toprakgundogdu/qwen-ffn-rom/rtl/ffn_tile_16x16_b2_reg.v:104$2288'.
Removing empty process `ffn_tile.$proc$/Users/toprakgundogdu/qwen-ffn-rom/rtl/ffn_tile_16x16_b2_reg.v:104$2287'.
Removing empty process `ffn_tile.$proc$/Users/toprakgundogdu/qwen-ffn-rom/rtl/ffn_tile_16x16_b2_reg.v:104$2286'.
Removing empty process `ffn_tile.$proc$/Users/toprakgundogdu/qwen-ffn-rom/rtl/ffn_tile_16x16_b2_reg.v:104$2285'.
Removing empty process `ffn_tile.$proc$/Users/toprakgundogdu/qwen-ffn-rom/rtl/ffn_tile_16x16_b2_reg.v:104$2284'.
Removing empty process `ffn_tile.$proc$/Users/toprakgundogdu/qwen-ffn-rom/rtl/ffn_tile_16x16_b2_reg.v:104$2283'.
Removing empty process `ffn_tile.$proc$/Users/toprakgundogdu/qwen-ffn-rom/rtl/ffn_tile_16x16_b2_reg.v:104$2282'.
Removing empty process `ffn_tile.$proc$/Users/toprakgundogdu/qwen-ffn-rom/rtl/ffn_tile_16x16_b2_reg.v:104$2281'.
Removing empty process `ffn_tile.$proc$/Users/toprakgundogdu/qwen-ffn-rom/rtl/ffn_tile_16x16_b2_reg.v:104$2280'.
Removing empty process `ffn_tile.$proc$/Users/toprakgundogdu/qwen-ffn-rom/rtl/ffn_tile_16x16_b2_reg.v:104$2279'.
Removing empty process `ffn_tile.$proc$/Users/toprakgundogdu/qwen-ffn-rom/rtl/ffn_tile_16x16_b2_reg.v:104$2278'.
Removing empty process `ffn_tile.$proc$/Users/toprakgundogdu/qwen-ffn-rom/rtl/ffn_tile_16x16_b2_reg.v:104$2277'.
Removing empty process `ffn_tile.$proc$/Users/toprakgundogdu/qwen-ffn-rom/rtl/ffn_tile_16x16_b2_reg.v:104$2276'.
Removing empty process `ffn_tile.$proc$/Users/toprakgundogdu/qwen-ffn-rom/rtl/ffn_tile_16x16_b2_reg.v:104$2275'.
Removing empty process `ffn_tile.$proc$/Users/toprakgundogdu/qwen-ffn-rom/rtl/ffn_tile_16x16_b2_reg.v:104$2274'.
Removing empty process `ffn_tile.$proc$/Users/toprakgundogdu/qwen-ffn-rom/rtl/ffn_tile_16x16_b2_reg.v:104$2273'.
Removing empty process `ffn_tile.$proc$/Users/toprakgundogdu/qwen-ffn-rom/rtl/ffn_tile_16x16_b2_reg.v:104$2272'.
Removing empty process `ffn_tile.$proc$/Users/toprakgundogdu/qwen-ffn-rom/rtl/ffn_tile_16x16_b2_reg.v:104$2271'.
Removing empty process `ffn_tile.$proc$/Users/toprakgundogdu/qwen-ffn-rom/rtl/ffn_tile_16x16_b2_reg.v:104$2270'.
Removing empty process `ffn_tile.$proc$/Users/toprakgundogdu/qwen-ffn-rom/rtl/ffn_tile_16x16_b2_reg.v:104$2269'.
Removing empty process `ffn_tile.$proc$/Users/toprakgundogdu/qwen-ffn-rom/rtl/ffn_tile_16x16_b2_reg.v:104$2268'.
Removing empty process `ffn_tile.$proc$/Users/toprakgundogdu/qwen-ffn-rom/rtl/ffn_tile_16x16_b2_reg.v:104$2267'.
Removing empty process `ffn_tile.$proc$/Users/toprakgundogdu/qwen-ffn-rom/rtl/ffn_tile_16x16_b2_reg.v:104$2266'.
Removing empty process `ffn_tile.$proc$/Users/toprakgundogdu/qwen-ffn-rom/rtl/ffn_tile_16x16_b2_reg.v:104$2265'.
Removing empty process `ffn_tile.$proc$/Users/toprakgundogdu/qwen-ffn-rom/rtl/ffn_tile_16x16_b2_reg.v:104$2264'.
Removing empty process `ffn_tile.$proc$/Users/toprakgundogdu/qwen-ffn-rom/rtl/ffn_tile_16x16_b2_reg.v:104$2263'.
Removing empty process `ffn_tile.$proc$/Users/toprakgundogdu/qwen-ffn-rom/rtl/ffn_tile_16x16_b2_reg.v:104$2262'.
Removing empty process `ffn_tile.$proc$/Users/toprakgundogdu/qwen-ffn-rom/rtl/ffn_tile_16x16_b2_reg.v:104$2261'.
Removing empty process `ffn_tile.$proc$/Users/toprakgundogdu/qwen-ffn-rom/rtl/ffn_tile_16x16_b2_reg.v:104$2260'.
Removing empty process `ffn_tile.$proc$/Users/toprakgundogdu/qwen-ffn-rom/rtl/ffn_tile_16x16_b2_reg.v:104$2259'.
Removing empty process `ffn_tile.$proc$/Users/toprakgundogdu/qwen-ffn-rom/rtl/ffn_tile_16x16_b2_reg.v:104$2258'.
Removing empty process `ffn_tile.$proc$/Users/toprakgundogdu/qwen-ffn-rom/rtl/ffn_tile_16x16_b2_reg.v:104$2257'.
Removing empty process `ffn_tile.$proc$/Users/toprakgundogdu/qwen-ffn-rom/rtl/ffn_tile_16x16_b2_reg.v:104$2256'.
Removing empty process `ffn_tile.$proc$/Users/toprakgundogdu/qwen-ffn-rom/rtl/ffn_tile_16x16_b2_reg.v:104$2255'.
Removing empty process `ffn_tile.$proc$/Users/toprakgundogdu/qwen-ffn-rom/rtl/ffn_tile_16x16_b2_reg.v:104$2254'.
Removing empty process `ffn_tile.$proc$/Users/toprakgundogdu/qwen-ffn-rom/rtl/ffn_tile_16x16_b2_reg.v:104$2253'.
Removing empty process `ffn_tile.$proc$/Users/toprakgundogdu/qwen-ffn-rom/rtl/ffn_tile_16x16_b2_reg.v:104$2252'.
Removing empty process `ffn_tile.$proc$/Users/toprakgundogdu/qwen-ffn-rom/rtl/ffn_tile_16x16_b2_reg.v:104$2251'.
Removing empty process `ffn_tile.$proc$/Users/toprakgundogdu/qwen-ffn-rom/rtl/ffn_tile_16x16_b2_reg.v:104$2250'.
Removing empty process `ffn_tile.$proc$/Users/toprakgundogdu/qwen-ffn-rom/rtl/ffn_tile_16x16_b2_reg.v:104$2249'.
Removing empty process `ffn_tile.$proc$/Users/toprakgundogdu/qwen-ffn-rom/rtl/ffn_tile_16x16_b2_reg.v:104$2248'.
Removing empty process `ffn_tile.$proc$/Users/toprakgundogdu/qwen-ffn-rom/rtl/ffn_tile_16x16_b2_reg.v:104$2247'.
Removing empty process `ffn_tile.$proc$/Users/toprakgundogdu/qwen-ffn-rom/rtl/ffn_tile_16x16_b2_reg.v:104$2246'.
Removing empty process `ffn_tile.$proc$/Users/toprakgundogdu/qwen-ffn-rom/rtl/ffn_tile_16x16_b2_reg.v:104$2245'.
Removing empty process `ffn_tile.$proc$/Users/toprakgundogdu/qwen-ffn-rom/rtl/ffn_tile_16x16_b2_reg.v:104$2244'.
Removing empty process `ffn_tile.$proc$/Users/toprakgundogdu/qwen-ffn-rom/rtl/ffn_tile_16x16_b2_reg.v:104$2243'.
Removing empty process `ffn_tile.$proc$/Users/toprakgundogdu/qwen-ffn-rom/rtl/ffn_tile_16x16_b2_reg.v:104$2242'.
Removing empty process `ffn_tile.$proc$/Users/toprakgundogdu/qwen-ffn-rom/rtl/ffn_tile_16x16_b2_reg.v:104$2241'.
Removing empty process `ffn_tile.$proc$/Users/toprakgundogdu/qwen-ffn-rom/rtl/ffn_tile_16x16_b2_reg.v:104$2240'.
Removing empty process `ffn_tile.$proc$/Users/toprakgundogdu/qwen-ffn-rom/rtl/ffn_tile_16x16_b2_reg.v:104$2239'.
Removing empty process `ffn_tile.$proc$/Users/toprakgundogdu/qwen-ffn-rom/rtl/ffn_tile_16x16_b2_reg.v:104$2238'.
Removing empty process `ffn_tile.$proc$/Users/toprakgundogdu/qwen-ffn-rom/rtl/ffn_tile_16x16_b2_reg.v:104$2237'.
Removing empty process `ffn_tile.$proc$/Users/toprakgundogdu/qwen-ffn-rom/rtl/ffn_tile_16x16_b2_reg.v:104$2236'.
Removing empty process `ffn_tile.$proc$/Users/toprakgundogdu/qwen-ffn-rom/rtl/ffn_tile_16x16_b2_reg.v:104$2235'.
Removing empty process `ffn_tile.$proc$/Users/toprakgundogdu/qwen-ffn-rom/rtl/ffn_tile_16x16_b2_reg.v:104$2234'.
Removing empty process `ffn_tile.$proc$/Users/toprakgundogdu/qwen-ffn-rom/rtl/ffn_tile_16x16_b2_reg.v:104$2233'.
Removing empty process `ffn_tile.$proc$/Users/toprakgundogdu/qwen-ffn-rom/rtl/ffn_tile_16x16_b2_reg.v:104$2232'.
Removing empty process `ffn_tile.$proc$/Users/toprakgundogdu/qwen-ffn-rom/rtl/ffn_tile_16x16_b2_reg.v:104$2231'.
Removing empty process `ffn_tile.$proc$/Users/toprakgundogdu/qwen-ffn-rom/rtl/ffn_tile_16x16_b2_reg.v:92$2230'.
Removing empty process `ffn_tile.$proc$/Users/toprakgundogdu/qwen-ffn-rom/rtl/ffn_tile_16x16_b2_reg.v:92$2229'.
Removing empty process `ffn_tile.$proc$/Users/toprakgundogdu/qwen-ffn-rom/rtl/ffn_tile_16x16_b2_reg.v:92$2228'.
Removing empty process `ffn_tile.$proc$/Users/toprakgundogdu/qwen-ffn-rom/rtl/ffn_tile_16x16_b2_reg.v:92$2227'.
Removing empty process `ffn_tile.$proc$/Users/toprakgundogdu/qwen-ffn-rom/rtl/ffn_tile_16x16_b2_reg.v:92$2226'.
Removing empty process `ffn_tile.$proc$/Users/toprakgundogdu/qwen-ffn-rom/rtl/ffn_tile_16x16_b2_reg.v:92$2225'.
Removing empty process `ffn_tile.$proc$/Users/toprakgundogdu/qwen-ffn-rom/rtl/ffn_tile_16x16_b2_reg.v:92$2224'.
Removing empty process `ffn_tile.$proc$/Users/toprakgundogdu/qwen-ffn-rom/rtl/ffn_tile_16x16_b2_reg.v:92$2223'.
Removing empty process `ffn_tile.$proc$/Users/toprakgundogdu/qwen-ffn-rom/rtl/ffn_tile_16x16_b2_reg.v:92$2222'.
Removing empty process `ffn_tile.$proc$/Users/toprakgundogdu/qwen-ffn-rom/rtl/ffn_tile_16x16_b2_reg.v:92$2221'.
Removing empty process `ffn_tile.$proc$/Users/toprakgundogdu/qwen-ffn-rom/rtl/ffn_tile_16x16_b2_reg.v:92$2220'.
Removing empty process `ffn_tile.$proc$/Users/toprakgundogdu/qwen-ffn-rom/rtl/ffn_tile_16x16_b2_reg.v:92$2219'.
Removing empty process `ffn_tile.$proc$/Users/toprakgundogdu/qwen-ffn-rom/rtl/ffn_tile_16x16_b2_reg.v:92$2218'.
Removing empty process `ffn_tile.$proc$/Users/toprakgundogdu/qwen-ffn-rom/rtl/ffn_tile_16x16_b2_reg.v:92$2217'.
Removing empty process `ffn_tile.$proc$/Users/toprakgundogdu/qwen-ffn-rom/rtl/ffn_tile_16x16_b2_reg.v:92$2216'.
Removing empty process `ffn_tile.$proc$/Users/toprakgundogdu/qwen-ffn-rom/rtl/ffn_tile_16x16_b2_reg.v:92$2215'.
Removing empty process `ffn_tile.$proc$/Users/toprakgundogdu/qwen-ffn-rom/rtl/ffn_tile_16x16_b2_reg.v:103$2208'.
Removing empty process `ffn_tile.$proc$/Users/toprakgundogdu/qwen-ffn-rom/rtl/ffn_tile_16x16_b2_reg.v:103$2202'.
Removing empty process `ffn_tile.$proc$/Users/toprakgundogdu/qwen-ffn-rom/rtl/ffn_tile_16x16_b2_reg.v:103$2196'.
Removing empty process `ffn_tile.$proc$/Users/toprakgundogdu/qwen-ffn-rom/rtl/ffn_tile_16x16_b2_reg.v:103$2190'.
Removing empty process `ffn_tile.$proc$/Users/toprakgundogdu/qwen-ffn-rom/rtl/ffn_tile_16x16_b2_reg.v:103$2183'.
Removing empty process `ffn_tile.$proc$/Users/toprakgundogdu/qwen-ffn-rom/rtl/ffn_tile_16x16_b2_reg.v:103$2177'.
Removing empty process `ffn_tile.$proc$/Users/toprakgundogdu/qwen-ffn-rom/rtl/ffn_tile_16x16_b2_reg.v:103$2171'.
Removing empty process `ffn_tile.$proc$/Users/toprakgundogdu/qwen-ffn-rom/rtl/ffn_tile_16x16_b2_reg.v:103$2165'.
Removing empty process `ffn_tile.$proc$/Users/toprakgundogdu/qwen-ffn-rom/rtl/ffn_tile_16x16_b2_reg.v:103$2159'.
Removing empty process `ffn_tile.$proc$/Users/toprakgundogdu/qwen-ffn-rom/rtl/ffn_tile_16x16_b2_reg.v:103$2152'.
Removing empty process `ffn_tile.$proc$/Users/toprakgundogdu/qwen-ffn-rom/rtl/ffn_tile_16x16_b2_reg.v:103$2146'.
Removing empty process `ffn_tile.$proc$/Users/toprakgundogdu/qwen-ffn-rom/rtl/ffn_tile_16x16_b2_reg.v:103$2140'.
Removing empty process `ffn_tile.$proc$/Users/toprakgundogdu/qwen-ffn-rom/rtl/ffn_tile_16x16_b2_reg.v:103$2134'.
Removing empty process `ffn_tile.$proc$/Users/toprakgundogdu/qwen-ffn-rom/rtl/ffn_tile_16x16_b2_reg.v:103$2127'.
Removing empty process `ffn_tile.$proc$/Users/toprakgundogdu/qwen-ffn-rom/rtl/ffn_tile_16x16_b2_reg.v:103$2121'.
Removing empty process `ffn_tile.$proc$/Users/toprakgundogdu/qwen-ffn-rom/rtl/ffn_tile_16x16_b2_reg.v:103$2115'.
Removing empty process `ffn_tile.$proc$/Users/toprakgundogdu/qwen-ffn-rom/rtl/ffn_tile_16x16_b2_reg.v:103$2109'.
Removing empty process `ffn_tile.$proc$/Users/toprakgundogdu/qwen-ffn-rom/rtl/ffn_tile_16x16_b2_reg.v:103$2103'.
Removing empty process `ffn_tile.$proc$/Users/toprakgundogdu/qwen-ffn-rom/rtl/ffn_tile_16x16_b2_reg.v:103$2097'.
Removing empty process `ffn_tile.$proc$/Users/toprakgundogdu/qwen-ffn-rom/rtl/ffn_tile_16x16_b2_reg.v:103$2091'.
Removing empty process `ffn_tile.$proc$/Users/toprakgundogdu/qwen-ffn-rom/rtl/ffn_tile_16x16_b2_reg.v:103$2085'.
Removing empty process `ffn_tile.$proc$/Users/toprakgundogdu/qwen-ffn-rom/rtl/ffn_tile_16x16_b2_reg.v:103$2079'.
Removing empty process `ffn_tile.$proc$/Users/toprakgundogdu/qwen-ffn-rom/rtl/ffn_tile_16x16_b2_reg.v:103$2073'.
Removing empty process `ffn_tile.$proc$/Users/toprakgundogdu/qwen-ffn-rom/rtl/ffn_tile_16x16_b2_reg.v:103$2067'.
Removing empty process `ffn_tile.$proc$/Users/toprakgundogdu/qwen-ffn-rom/rtl/ffn_tile_16x16_b2_reg.v:103$2061'.
Removing empty process `ffn_tile.$proc$/Users/toprakgundogdu/qwen-ffn-rom/rtl/ffn_tile_16x16_b2_reg.v:103$2055'.
Removing empty process `ffn_tile.$proc$/Users/toprakgundogdu/qwen-ffn-rom/rtl/ffn_tile_16x16_b2_reg.v:103$2049'.
Removing empty process `ffn_tile.$proc$/Users/toprakgundogdu/qwen-ffn-rom/rtl/ffn_tile_16x16_b2_reg.v:103$2043'.
Removing empty process `ffn_tile.$proc$/Users/toprakgundogdu/qwen-ffn-rom/rtl/ffn_tile_16x16_b2_reg.v:103$2036'.
Removing empty process `ffn_tile.$proc$/Users/toprakgundogdu/qwen-ffn-rom/rtl/ffn_tile_16x16_b2_reg.v:103$2030'.
Removing empty process `ffn_tile.$proc$/Users/toprakgundogdu/qwen-ffn-rom/rtl/ffn_tile_16x16_b2_reg.v:103$2024'.
Removing empty process `ffn_tile.$proc$/Users/toprakgundogdu/qwen-ffn-rom/rtl/ffn_tile_16x16_b2_reg.v:103$2018'.
Removing empty process `ffn_tile.$proc$/Users/toprakgundogdu/qwen-ffn-rom/rtl/ffn_tile_16x16_b2_reg.v:103$2012'.
Removing empty process `ffn_tile.$proc$/Users/toprakgundogdu/qwen-ffn-rom/rtl/ffn_tile_16x16_b2_reg.v:103$2006'.
Removing empty process `ffn_tile.$proc$/Users/toprakgundogdu/qwen-ffn-rom/rtl/ffn_tile_16x16_b2_reg.v:103$2000'.
Removing empty process `ffn_tile.$proc$/Users/toprakgundogdu/qwen-ffn-rom/rtl/ffn_tile_16x16_b2_reg.v:103$1994'.
Removing empty process `ffn_tile.$proc$/Users/toprakgundogdu/qwen-ffn-rom/rtl/ffn_tile_16x16_b2_reg.v:103$1988'.
Removing empty process `ffn_tile.$proc$/Users/toprakgundogdu/qwen-ffn-rom/rtl/ffn_tile_16x16_b2_reg.v:103$1982'.
Removing empty process `ffn_tile.$proc$/Users/toprakgundogdu/qwen-ffn-rom/rtl/ffn_tile_16x16_b2_reg.v:103$1976'.
Removing empty process `ffn_tile.$proc$/Users/toprakgundogdu/qwen-ffn-rom/rtl/ffn_tile_16x16_b2_reg.v:103$1969'.
Removing empty process `ffn_tile.$proc$/Users/toprakgundogdu/qwen-ffn-rom/rtl/ffn_tile_16x16_b2_reg.v:103$1963'.
Removing empty process `ffn_tile.$proc$/Users/toprakgundogdu/qwen-ffn-rom/rtl/ffn_tile_16x16_b2_reg.v:103$1957'.
Removing empty process `ffn_tile.$proc$/Users/toprakgundogdu/qwen-ffn-rom/rtl/ffn_tile_16x16_b2_reg.v:103$1951'.
Removing empty process `ffn_tile.$proc$/Users/toprakgundogdu/qwen-ffn-rom/rtl/ffn_tile_16x16_b2_reg.v:103$1945'.
Removing empty process `ffn_tile.$proc$/Users/toprakgundogdu/qwen-ffn-rom/rtl/ffn_tile_16x16_b2_reg.v:103$1939'.
Removing empty process `ffn_tile.$proc$/Users/toprakgundogdu/qwen-ffn-rom/rtl/ffn_tile_16x16_b2_reg.v:103$1932'.
Removing empty process `ffn_tile.$proc$/Users/toprakgundogdu/qwen-ffn-rom/rtl/ffn_tile_16x16_b2_reg.v:103$1925'.
Removing empty process `ffn_tile.$proc$/Users/toprakgundogdu/qwen-ffn-rom/rtl/ffn_tile_16x16_b2_reg.v:103$1918'.
Removing empty process `ffn_tile.$proc$/Users/toprakgundogdu/qwen-ffn-rom/rtl/ffn_tile_16x16_b2_reg.v:103$1912'.
Removing empty process `ffn_tile.$proc$/Users/toprakgundogdu/qwen-ffn-rom/rtl/ffn_tile_16x16_b2_reg.v:103$1905'.
Removing empty process `ffn_tile.$proc$/Users/toprakgundogdu/qwen-ffn-rom/rtl/ffn_tile_16x16_b2_reg.v:103$1899'.
Removing empty process `ffn_tile.$proc$/Users/toprakgundogdu/qwen-ffn-rom/rtl/ffn_tile_16x16_b2_reg.v:103$1893'.
Removing empty process `ffn_tile.$proc$/Users/toprakgundogdu/qwen-ffn-rom/rtl/ffn_tile_16x16_b2_reg.v:103$1887'.
Removing empty process `ffn_tile.$proc$/Users/toprakgundogdu/qwen-ffn-rom/rtl/ffn_tile_16x16_b2_reg.v:103$1881'.
Removing empty process `ffn_tile.$proc$/Users/toprakgundogdu/qwen-ffn-rom/rtl/ffn_tile_16x16_b2_reg.v:103$1875'.
Removing empty process `ffn_tile.$proc$/Users/toprakgundogdu/qwen-ffn-rom/rtl/ffn_tile_16x16_b2_reg.v:103$1869'.
Removing empty process `ffn_tile.$proc$/Users/toprakgundogdu/qwen-ffn-rom/rtl/ffn_tile_16x16_b2_reg.v:103$1863'.
Removing empty process `ffn_tile.$proc$/Users/toprakgundogdu/qwen-ffn-rom/rtl/ffn_tile_16x16_b2_reg.v:103$1856'.
Removing empty process `ffn_tile.$proc$/Users/toprakgundogdu/qwen-ffn-rom/rtl/ffn_tile_16x16_b2_reg.v:103$1850'.
Removing empty process `ffn_tile.$proc$/Users/toprakgundogdu/qwen-ffn-rom/rtl/ffn_tile_16x16_b2_reg.v:103$1844'.
Removing empty process `ffn_tile.$proc$/Users/toprakgundogdu/qwen-ffn-rom/rtl/ffn_tile_16x16_b2_reg.v:103$1837'.
Removing empty process `ffn_tile.$proc$/Users/toprakgundogdu/qwen-ffn-rom/rtl/ffn_tile_16x16_b2_reg.v:103$1831'.
Removing empty process `ffn_tile.$proc$/Users/toprakgundogdu/qwen-ffn-rom/rtl/ffn_tile_16x16_b2_reg.v:103$1825'.
Removing empty process `ffn_tile.$proc$/Users/toprakgundogdu/qwen-ffn-rom/rtl/ffn_tile_16x16_b2_reg.v:103$1819'.
Removing empty process `ffn_tile.$proc$/Users/toprakgundogdu/qwen-ffn-rom/rtl/ffn_tile_16x16_b2_reg.v:103$1813'.
Removing empty process `ffn_tile.$proc$/Users/toprakgundogdu/qwen-ffn-rom/rtl/ffn_tile_16x16_b2_reg.v:103$1807'.
Removing empty process `ffn_tile.$proc$/Users/toprakgundogdu/qwen-ffn-rom/rtl/ffn_tile_16x16_b2_reg.v:103$1801'.
Removing empty process `ffn_tile.$proc$/Users/toprakgundogdu/qwen-ffn-rom/rtl/ffn_tile_16x16_b2_reg.v:103$1795'.
Removing empty process `ffn_tile.$proc$/Users/toprakgundogdu/qwen-ffn-rom/rtl/ffn_tile_16x16_b2_reg.v:103$1789'.
Removing empty process `ffn_tile.$proc$/Users/toprakgundogdu/qwen-ffn-rom/rtl/ffn_tile_16x16_b2_reg.v:103$1783'.
Removing empty process `ffn_tile.$proc$/Users/toprakgundogdu/qwen-ffn-rom/rtl/ffn_tile_16x16_b2_reg.v:103$1777'.
Removing empty process `ffn_tile.$proc$/Users/toprakgundogdu/qwen-ffn-rom/rtl/ffn_tile_16x16_b2_reg.v:103$1771'.
Removing empty process `ffn_tile.$proc$/Users/toprakgundogdu/qwen-ffn-rom/rtl/ffn_tile_16x16_b2_reg.v:103$1765'.
Removing empty process `ffn_tile.$proc$/Users/toprakgundogdu/qwen-ffn-rom/rtl/ffn_tile_16x16_b2_reg.v:103$1759'.
Removing empty process `ffn_tile.$proc$/Users/toprakgundogdu/qwen-ffn-rom/rtl/ffn_tile_16x16_b2_reg.v:103$1753'.
Removing empty process `ffn_tile.$proc$/Users/toprakgundogdu/qwen-ffn-rom/rtl/ffn_tile_16x16_b2_reg.v:103$1747'.
Removing empty process `ffn_tile.$proc$/Users/toprakgundogdu/qwen-ffn-rom/rtl/ffn_tile_16x16_b2_reg.v:103$1741'.
Removing empty process `ffn_tile.$proc$/Users/toprakgundogdu/qwen-ffn-rom/rtl/ffn_tile_16x16_b2_reg.v:103$1735'.
Removing empty process `ffn_tile.$proc$/Users/toprakgundogdu/qwen-ffn-rom/rtl/ffn_tile_16x16_b2_reg.v:103$1729'.
Removing empty process `ffn_tile.$proc$/Users/toprakgundogdu/qwen-ffn-rom/rtl/ffn_tile_16x16_b2_reg.v:103$1723'.
Removing empty process `ffn_tile.$proc$/Users/toprakgundogdu/qwen-ffn-rom/rtl/ffn_tile_16x16_b2_reg.v:103$1717'.
Removing empty process `ffn_tile.$proc$/Users/toprakgundogdu/qwen-ffn-rom/rtl/ffn_tile_16x16_b2_reg.v:103$1711'.
Removing empty process `ffn_tile.$proc$/Users/toprakgundogdu/qwen-ffn-rom/rtl/ffn_tile_16x16_b2_reg.v:103$1705'.
Removing empty process `ffn_tile.$proc$/Users/toprakgundogdu/qwen-ffn-rom/rtl/ffn_tile_16x16_b2_reg.v:103$1699'.
Removing empty process `ffn_tile.$proc$/Users/toprakgundogdu/qwen-ffn-rom/rtl/ffn_tile_16x16_b2_reg.v:103$1693'.
Removing empty process `ffn_tile.$proc$/Users/toprakgundogdu/qwen-ffn-rom/rtl/ffn_tile_16x16_b2_reg.v:103$1687'.
Removing empty process `ffn_tile.$proc$/Users/toprakgundogdu/qwen-ffn-rom/rtl/ffn_tile_16x16_b2_reg.v:103$1681'.
Removing empty process `ffn_tile.$proc$/Users/toprakgundogdu/qwen-ffn-rom/rtl/ffn_tile_16x16_b2_reg.v:103$1675'.
Removing empty process `ffn_tile.$proc$/Users/toprakgundogdu/qwen-ffn-rom/rtl/ffn_tile_16x16_b2_reg.v:103$1668'.
Removing empty process `ffn_tile.$proc$/Users/toprakgundogdu/qwen-ffn-rom/rtl/ffn_tile_16x16_b2_reg.v:103$1662'.
Removing empty process `ffn_tile.$proc$/Users/toprakgundogdu/qwen-ffn-rom/rtl/ffn_tile_16x16_b2_reg.v:103$1656'.
Removing empty process `ffn_tile.$proc$/Users/toprakgundogdu/qwen-ffn-rom/rtl/ffn_tile_16x16_b2_reg.v:103$1650'.
Removing empty process `ffn_tile.$proc$/Users/toprakgundogdu/qwen-ffn-rom/rtl/ffn_tile_16x16_b2_reg.v:103$1644'.
Removing empty process `ffn_tile.$proc$/Users/toprakgundogdu/qwen-ffn-rom/rtl/ffn_tile_16x16_b2_reg.v:103$1638'.
Removing empty process `ffn_tile.$proc$/Users/toprakgundogdu/qwen-ffn-rom/rtl/ffn_tile_16x16_b2_reg.v:103$1632'.
Removing empty process `ffn_tile.$proc$/Users/toprakgundogdu/qwen-ffn-rom/rtl/ffn_tile_16x16_b2_reg.v:103$1625'.
Removing empty process `ffn_tile.$proc$/Users/toprakgundogdu/qwen-ffn-rom/rtl/ffn_tile_16x16_b2_reg.v:103$1619'.
Removing empty process `ffn_tile.$proc$/Users/toprakgundogdu/qwen-ffn-rom/rtl/ffn_tile_16x16_b2_reg.v:103$1613'.
Removing empty process `ffn_tile.$proc$/Users/toprakgundogdu/qwen-ffn-rom/rtl/ffn_tile_16x16_b2_reg.v:103$1607'.
Removing empty process `ffn_tile.$proc$/Users/toprakgundogdu/qwen-ffn-rom/rtl/ffn_tile_16x16_b2_reg.v:103$1601'.
Removing empty process `ffn_tile.$proc$/Users/toprakgundogdu/qwen-ffn-rom/rtl/ffn_tile_16x16_b2_reg.v:103$1595'.
Removing empty process `ffn_tile.$proc$/Users/toprakgundogdu/qwen-ffn-rom/rtl/ffn_tile_16x16_b2_reg.v:103$1588'.
Removing empty process `ffn_tile.$proc$/Users/toprakgundogdu/qwen-ffn-rom/rtl/ffn_tile_16x16_b2_reg.v:103$1582'.
Removing empty process `ffn_tile.$proc$/Users/toprakgundogdu/qwen-ffn-rom/rtl/ffn_tile_16x16_b2_reg.v:103$1576'.
Removing empty process `ffn_tile.$proc$/Users/toprakgundogdu/qwen-ffn-rom/rtl/ffn_tile_16x16_b2_reg.v:103$1570'.
Removing empty process `ffn_tile.$proc$/Users/toprakgundogdu/qwen-ffn-rom/rtl/ffn_tile_16x16_b2_reg.v:103$1564'.
Removing empty process `ffn_tile.$proc$/Users/toprakgundogdu/qwen-ffn-rom/rtl/ffn_tile_16x16_b2_reg.v:103$1558'.
Removing empty process `ffn_tile.$proc$/Users/toprakgundogdu/qwen-ffn-rom/rtl/ffn_tile_16x16_b2_reg.v:103$1552'.
Removing empty process `ffn_tile.$proc$/Users/toprakgundogdu/qwen-ffn-rom/rtl/ffn_tile_16x16_b2_reg.v:103$1546'.
Removing empty process `ffn_tile.$proc$/Users/toprakgundogdu/qwen-ffn-rom/rtl/ffn_tile_16x16_b2_reg.v:103$1540'.
Removing empty process `ffn_tile.$proc$/Users/toprakgundogdu/qwen-ffn-rom/rtl/ffn_tile_16x16_b2_reg.v:103$1534'.
Removing empty process `ffn_tile.$proc$/Users/toprakgundogdu/qwen-ffn-rom/rtl/ffn_tile_16x16_b2_reg.v:103$1528'.
Removing empty process `ffn_tile.$proc$/Users/toprakgundogdu/qwen-ffn-rom/rtl/ffn_tile_16x16_b2_reg.v:103$1522'.
Removing empty process `ffn_tile.$proc$/Users/toprakgundogdu/qwen-ffn-rom/rtl/ffn_tile_16x16_b2_reg.v:103$1516'.
Removing empty process `ffn_tile.$proc$/Users/toprakgundogdu/qwen-ffn-rom/rtl/ffn_tile_16x16_b2_reg.v:103$1510'.
Removing empty process `ffn_tile.$proc$/Users/toprakgundogdu/qwen-ffn-rom/rtl/ffn_tile_16x16_b2_reg.v:103$1504'.
Removing empty process `ffn_tile.$proc$/Users/toprakgundogdu/qwen-ffn-rom/rtl/ffn_tile_16x16_b2_reg.v:103$1498'.
Removing empty process `ffn_tile.$proc$/Users/toprakgundogdu/qwen-ffn-rom/rtl/ffn_tile_16x16_b2_reg.v:103$1492'.
Removing empty process `ffn_tile.$proc$/Users/toprakgundogdu/qwen-ffn-rom/rtl/ffn_tile_16x16_b2_reg.v:103$1486'.
Removing empty process `ffn_tile.$proc$/Users/toprakgundogdu/qwen-ffn-rom/rtl/ffn_tile_16x16_b2_reg.v:103$1480'.
Removing empty process `ffn_tile.$proc$/Users/toprakgundogdu/qwen-ffn-rom/rtl/ffn_tile_16x16_b2_reg.v:103$1474'.
Removing empty process `ffn_tile.$proc$/Users/toprakgundogdu/qwen-ffn-rom/rtl/ffn_tile_16x16_b2_reg.v:103$1468'.
Removing empty process `ffn_tile.$proc$/Users/toprakgundogdu/qwen-ffn-rom/rtl/ffn_tile_16x16_b2_reg.v:103$1462'.
Removing empty process `ffn_tile.$proc$/Users/toprakgundogdu/qwen-ffn-rom/rtl/ffn_tile_16x16_b2_reg.v:103$1456'.
Removing empty process `ffn_tile.$proc$/Users/toprakgundogdu/qwen-ffn-rom/rtl/ffn_tile_16x16_b2_reg.v:103$1450'.
Removing empty process `ffn_tile.$proc$/Users/toprakgundogdu/qwen-ffn-rom/rtl/ffn_tile_16x16_b2_reg.v:103$1444'.
Removing empty process `ffn_tile.$proc$/Users/toprakgundogdu/qwen-ffn-rom/rtl/ffn_tile_16x16_b2_reg.v:103$1438'.
Removing empty process `ffn_tile.$proc$/Users/toprakgundogdu/qwen-ffn-rom/rtl/ffn_tile_16x16_b2_reg.v:103$1431'.
Removing empty process `ffn_tile.$proc$/Users/toprakgundogdu/qwen-ffn-rom/rtl/ffn_tile_16x16_b2_reg.v:103$1425'.
Removing empty process `ffn_tile.$proc$/Users/toprakgundogdu/qwen-ffn-rom/rtl/ffn_tile_16x16_b2_reg.v:103$1419'.
Removing empty process `ffn_tile.$proc$/Users/toprakgundogdu/qwen-ffn-rom/rtl/ffn_tile_16x16_b2_reg.v:103$1413'.
Removing empty process `ffn_tile.$proc$/Users/toprakgundogdu/qwen-ffn-rom/rtl/ffn_tile_16x16_b2_reg.v:103$1407'.
Removing empty process `ffn_tile.$proc$/Users/toprakgundogdu/qwen-ffn-rom/rtl/ffn_tile_16x16_b2_reg.v:103$1401'.
Removing empty process `ffn_tile.$proc$/Users/toprakgundogdu/qwen-ffn-rom/rtl/ffn_tile_16x16_b2_reg.v:103$1395'.
Removing empty process `ffn_tile.$proc$/Users/toprakgundogdu/qwen-ffn-rom/rtl/ffn_tile_16x16_b2_reg.v:103$1388'.
Removing empty process `ffn_tile.$proc$/Users/toprakgundogdu/qwen-ffn-rom/rtl/ffn_tile_16x16_b2_reg.v:103$1382'.
Removing empty process `ffn_tile.$proc$/Users/toprakgundogdu/qwen-ffn-rom/rtl/ffn_tile_16x16_b2_reg.v:103$1376'.
Removing empty process `ffn_tile.$proc$/Users/toprakgundogdu/qwen-ffn-rom/rtl/ffn_tile_16x16_b2_reg.v:103$1370'.
Removing empty process `ffn_tile.$proc$/Users/toprakgundogdu/qwen-ffn-rom/rtl/ffn_tile_16x16_b2_reg.v:103$1364'.
Removing empty process `ffn_tile.$proc$/Users/toprakgundogdu/qwen-ffn-rom/rtl/ffn_tile_16x16_b2_reg.v:103$1358'.
Removing empty process `ffn_tile.$proc$/Users/toprakgundogdu/qwen-ffn-rom/rtl/ffn_tile_16x16_b2_reg.v:103$1351'.
Removing empty process `ffn_tile.$proc$/Users/toprakgundogdu/qwen-ffn-rom/rtl/ffn_tile_16x16_b2_reg.v:103$1345'.
Removing empty process `ffn_tile.$proc$/Users/toprakgundogdu/qwen-ffn-rom/rtl/ffn_tile_16x16_b2_reg.v:103$1338'.
Removing empty process `ffn_tile.$proc$/Users/toprakgundogdu/qwen-ffn-rom/rtl/ffn_tile_16x16_b2_reg.v:103$1332'.
Removing empty process `ffn_tile.$proc$/Users/toprakgundogdu/qwen-ffn-rom/rtl/ffn_tile_16x16_b2_reg.v:103$1326'.
Removing empty process `ffn_tile.$proc$/Users/toprakgundogdu/qwen-ffn-rom/rtl/ffn_tile_16x16_b2_reg.v:103$1320'.
Removing empty process `ffn_tile.$proc$/Users/toprakgundogdu/qwen-ffn-rom/rtl/ffn_tile_16x16_b2_reg.v:103$1314'.
Removing empty process `ffn_tile.$proc$/Users/toprakgundogdu/qwen-ffn-rom/rtl/ffn_tile_16x16_b2_reg.v:103$1308'.
Removing empty process `ffn_tile.$proc$/Users/toprakgundogdu/qwen-ffn-rom/rtl/ffn_tile_16x16_b2_reg.v:103$1302'.
Removing empty process `ffn_tile.$proc$/Users/toprakgundogdu/qwen-ffn-rom/rtl/ffn_tile_16x16_b2_reg.v:103$1295'.
Removing empty process `ffn_tile.$proc$/Users/toprakgundogdu/qwen-ffn-rom/rtl/ffn_tile_16x16_b2_reg.v:103$1289'.
Removing empty process `ffn_tile.$proc$/Users/toprakgundogdu/qwen-ffn-rom/rtl/ffn_tile_16x16_b2_reg.v:103$1283'.
Removing empty process `ffn_tile.$proc$/Users/toprakgundogdu/qwen-ffn-rom/rtl/ffn_tile_16x16_b2_reg.v:103$1277'.
Removing empty process `ffn_tile.$proc$/Users/toprakgundogdu/qwen-ffn-rom/rtl/ffn_tile_16x16_b2_reg.v:103$1271'.
Removing empty process `ffn_tile.$proc$/Users/toprakgundogdu/qwen-ffn-rom/rtl/ffn_tile_16x16_b2_reg.v:103$1265'.
Removing empty process `ffn_tile.$proc$/Users/toprakgundogdu/qwen-ffn-rom/rtl/ffn_tile_16x16_b2_reg.v:103$1258'.
Removing empty process `ffn_tile.$proc$/Users/toprakgundogdu/qwen-ffn-rom/rtl/ffn_tile_16x16_b2_reg.v:103$1252'.
Removing empty process `ffn_tile.$proc$/Users/toprakgundogdu/qwen-ffn-rom/rtl/ffn_tile_16x16_b2_reg.v:103$1246'.
Removing empty process `ffn_tile.$proc$/Users/toprakgundogdu/qwen-ffn-rom/rtl/ffn_tile_16x16_b2_reg.v:103$1240'.
Removing empty process `ffn_tile.$proc$/Users/toprakgundogdu/qwen-ffn-rom/rtl/ffn_tile_16x16_b2_reg.v:103$1234'.
Removing empty process `ffn_tile.$proc$/Users/toprakgundogdu/qwen-ffn-rom/rtl/ffn_tile_16x16_b2_reg.v:103$1228'.
Removing empty process `ffn_tile.$proc$/Users/toprakgundogdu/qwen-ffn-rom/rtl/ffn_tile_16x16_b2_reg.v:103$1222'.
Removing empty process `ffn_tile.$proc$/Users/toprakgundogdu/qwen-ffn-rom/rtl/ffn_tile_16x16_b2_reg.v:103$1216'.
Removing empty process `ffn_tile.$proc$/Users/toprakgundogdu/qwen-ffn-rom/rtl/ffn_tile_16x16_b2_reg.v:103$1210'.
Removing empty process `ffn_tile.$proc$/Users/toprakgundogdu/qwen-ffn-rom/rtl/ffn_tile_16x16_b2_reg.v:103$1203'.
Removing empty process `ffn_tile.$proc$/Users/toprakgundogdu/qwen-ffn-rom/rtl/ffn_tile_16x16_b2_reg.v:103$1197'.
Removing empty process `ffn_tile.$proc$/Users/toprakgundogdu/qwen-ffn-rom/rtl/ffn_tile_16x16_b2_reg.v:103$1191'.
Removing empty process `ffn_tile.$proc$/Users/toprakgundogdu/qwen-ffn-rom/rtl/ffn_tile_16x16_b2_reg.v:103$1185'.
Removing empty process `ffn_tile.$proc$/Users/toprakgundogdu/qwen-ffn-rom/rtl/ffn_tile_16x16_b2_reg.v:103$1179'.
Removing empty process `ffn_tile.$proc$/Users/toprakgundogdu/qwen-ffn-rom/rtl/ffn_tile_16x16_b2_reg.v:103$1173'.
Removing empty process `ffn_tile.$proc$/Users/toprakgundogdu/qwen-ffn-rom/rtl/ffn_tile_16x16_b2_reg.v:103$1167'.
Removing empty process `ffn_tile.$proc$/Users/toprakgundogdu/qwen-ffn-rom/rtl/ffn_tile_16x16_b2_reg.v:103$1161'.
Removing empty process `ffn_tile.$proc$/Users/toprakgundogdu/qwen-ffn-rom/rtl/ffn_tile_16x16_b2_reg.v:103$1155'.
Removing empty process `ffn_tile.$proc$/Users/toprakgundogdu/qwen-ffn-rom/rtl/ffn_tile_16x16_b2_reg.v:103$1149'.
Removing empty process `ffn_tile.$proc$/Users/toprakgundogdu/qwen-ffn-rom/rtl/ffn_tile_16x16_b2_reg.v:103$1143'.
Removing empty process `ffn_tile.$proc$/Users/toprakgundogdu/qwen-ffn-rom/rtl/ffn_tile_16x16_b2_reg.v:103$1137'.
Removing empty process `ffn_tile.$proc$/Users/toprakgundogdu/qwen-ffn-rom/rtl/ffn_tile_16x16_b2_reg.v:103$1130'.
Removing empty process `ffn_tile.$proc$/Users/toprakgundogdu/qwen-ffn-rom/rtl/ffn_tile_16x16_b2_reg.v:103$1124'.
Removing empty process `ffn_tile.$proc$/Users/toprakgundogdu/qwen-ffn-rom/rtl/ffn_tile_16x16_b2_reg.v:103$1117'.
Removing empty process `ffn_tile.$proc$/Users/toprakgundogdu/qwen-ffn-rom/rtl/ffn_tile_16x16_b2_reg.v:103$1111'.
Removing empty process `ffn_tile.$proc$/Users/toprakgundogdu/qwen-ffn-rom/rtl/ffn_tile_16x16_b2_reg.v:103$1105'.
Removing empty process `ffn_tile.$proc$/Users/toprakgundogdu/qwen-ffn-rom/rtl/ffn_tile_16x16_b2_reg.v:103$1099'.
Removing empty process `ffn_tile.$proc$/Users/toprakgundogdu/qwen-ffn-rom/rtl/ffn_tile_16x16_b2_reg.v:103$1092'.
Removing empty process `ffn_tile.$proc$/Users/toprakgundogdu/qwen-ffn-rom/rtl/ffn_tile_16x16_b2_reg.v:103$1086'.
Removing empty process `ffn_tile.$proc$/Users/toprakgundogdu/qwen-ffn-rom/rtl/ffn_tile_16x16_b2_reg.v:103$1079'.
Removing empty process `ffn_tile.$proc$/Users/toprakgundogdu/qwen-ffn-rom/rtl/ffn_tile_16x16_b2_reg.v:103$1073'.
Removing empty process `ffn_tile.$proc$/Users/toprakgundogdu/qwen-ffn-rom/rtl/ffn_tile_16x16_b2_reg.v:103$1066'.
Removing empty process `ffn_tile.$proc$/Users/toprakgundogdu/qwen-ffn-rom/rtl/ffn_tile_16x16_b2_reg.v:103$1060'.
Removing empty process `ffn_tile.$proc$/Users/toprakgundogdu/qwen-ffn-rom/rtl/ffn_tile_16x16_b2_reg.v:103$1054'.
Removing empty process `ffn_tile.$proc$/Users/toprakgundogdu/qwen-ffn-rom/rtl/ffn_tile_16x16_b2_reg.v:103$1048'.
Removing empty process `ffn_tile.$proc$/Users/toprakgundogdu/qwen-ffn-rom/rtl/ffn_tile_16x16_b2_reg.v:103$1042'.
Removing empty process `ffn_tile.$proc$/Users/toprakgundogdu/qwen-ffn-rom/rtl/ffn_tile_16x16_b2_reg.v:103$1036'.
Removing empty process `ffn_tile.$proc$/Users/toprakgundogdu/qwen-ffn-rom/rtl/ffn_tile_16x16_b2_reg.v:103$1030'.
Removing empty process `ffn_tile.$proc$/Users/toprakgundogdu/qwen-ffn-rom/rtl/ffn_tile_16x16_b2_reg.v:103$1024'.
Removing empty process `ffn_tile.$proc$/Users/toprakgundogdu/qwen-ffn-rom/rtl/ffn_tile_16x16_b2_reg.v:103$1018'.
Removing empty process `ffn_tile.$proc$/Users/toprakgundogdu/qwen-ffn-rom/rtl/ffn_tile_16x16_b2_reg.v:103$1012'.
Removing empty process `ffn_tile.$proc$/Users/toprakgundogdu/qwen-ffn-rom/rtl/ffn_tile_16x16_b2_reg.v:103$1006'.
Removing empty process `ffn_tile.$proc$/Users/toprakgundogdu/qwen-ffn-rom/rtl/ffn_tile_16x16_b2_reg.v:103$1000'.
Removing empty process `ffn_tile.$proc$/Users/toprakgundogdu/qwen-ffn-rom/rtl/ffn_tile_16x16_b2_reg.v:103$994'.
Removing empty process `ffn_tile.$proc$/Users/toprakgundogdu/qwen-ffn-rom/rtl/ffn_tile_16x16_b2_reg.v:103$988'.
Removing empty process `ffn_tile.$proc$/Users/toprakgundogdu/qwen-ffn-rom/rtl/ffn_tile_16x16_b2_reg.v:103$982'.
Removing empty process `ffn_tile.$proc$/Users/toprakgundogdu/qwen-ffn-rom/rtl/ffn_tile_16x16_b2_reg.v:103$975'.
Removing empty process `ffn_tile.$proc$/Users/toprakgundogdu/qwen-ffn-rom/rtl/ffn_tile_16x16_b2_reg.v:103$968'.
Removing empty process `ffn_tile.$proc$/Users/toprakgundogdu/qwen-ffn-rom/rtl/ffn_tile_16x16_b2_reg.v:103$962'.
Removing empty process `ffn_tile.$proc$/Users/toprakgundogdu/qwen-ffn-rom/rtl/ffn_tile_16x16_b2_reg.v:103$955'.
Removing empty process `ffn_tile.$proc$/Users/toprakgundogdu/qwen-ffn-rom/rtl/ffn_tile_16x16_b2_reg.v:103$949'.
Removing empty process `ffn_tile.$proc$/Users/toprakgundogdu/qwen-ffn-rom/rtl/ffn_tile_16x16_b2_reg.v:103$943'.
Removing empty process `ffn_tile.$proc$/Users/toprakgundogdu/qwen-ffn-rom/rtl/ffn_tile_16x16_b2_reg.v:103$937'.
Removing empty process `ffn_tile.$proc$/Users/toprakgundogdu/qwen-ffn-rom/rtl/ffn_tile_16x16_b2_reg.v:103$931'.
Removing empty process `ffn_tile.$proc$/Users/toprakgundogdu/qwen-ffn-rom/rtl/ffn_tile_16x16_b2_reg.v:103$925'.
Removing empty process `ffn_tile.$proc$/Users/toprakgundogdu/qwen-ffn-rom/rtl/ffn_tile_16x16_b2_reg.v:103$919'.
Removing empty process `ffn_tile.$proc$/Users/toprakgundogdu/qwen-ffn-rom/rtl/ffn_tile_16x16_b2_reg.v:103$913'.
Removing empty process `ffn_tile.$proc$/Users/toprakgundogdu/qwen-ffn-rom/rtl/ffn_tile_16x16_b2_reg.v:103$907'.
Removing empty process `ffn_tile.$proc$/Users/toprakgundogdu/qwen-ffn-rom/rtl/ffn_tile_16x16_b2_reg.v:103$901'.
Removing empty process `ffn_tile.$proc$/Users/toprakgundogdu/qwen-ffn-rom/rtl/ffn_tile_16x16_b2_reg.v:103$895'.
Removing empty process `ffn_tile.$proc$/Users/toprakgundogdu/qwen-ffn-rom/rtl/ffn_tile_16x16_b2_reg.v:103$888'.
Removing empty process `ffn_tile.$proc$/Users/toprakgundogdu/qwen-ffn-rom/rtl/ffn_tile_16x16_b2_reg.v:103$881'.
Removing empty process `ffn_tile.$proc$/Users/toprakgundogdu/qwen-ffn-rom/rtl/ffn_tile_16x16_b2_reg.v:103$875'.
Removing empty process `ffn_tile.$proc$/Users/toprakgundogdu/qwen-ffn-rom/rtl/ffn_tile_16x16_b2_reg.v:103$868'.
Removing empty process `ffn_tile.$proc$/Users/toprakgundogdu/qwen-ffn-rom/rtl/ffn_tile_16x16_b2_reg.v:103$862'.
Removing empty process `ffn_tile.$proc$/Users/toprakgundogdu/qwen-ffn-rom/rtl/ffn_tile_16x16_b2_reg.v:103$855'.
Removing empty process `ffn_tile.$proc$/Users/toprakgundogdu/qwen-ffn-rom/rtl/ffn_tile_16x16_b2_reg.v:103$849'.
Removing empty process `ffn_tile.$proc$/Users/toprakgundogdu/qwen-ffn-rom/rtl/ffn_tile_16x16_b2_reg.v:103$843'.
Removing empty process `ffn_tile.$proc$/Users/toprakgundogdu/qwen-ffn-rom/rtl/ffn_tile_16x16_b2_reg.v:103$837'.
Removing empty process `ffn_tile.$proc$/Users/toprakgundogdu/qwen-ffn-rom/rtl/ffn_tile_16x16_b2_reg.v:103$831'.
Removing empty process `ffn_tile.$proc$/Users/toprakgundogdu/qwen-ffn-rom/rtl/ffn_tile_16x16_b2_reg.v:103$825'.
Removing empty process `ffn_tile.$proc$/Users/toprakgundogdu/qwen-ffn-rom/rtl/ffn_tile_16x16_b2_reg.v:103$819'.
Removing empty process `ffn_tile.$proc$/Users/toprakgundogdu/qwen-ffn-rom/rtl/ffn_tile_16x16_b2_reg.v:103$813'.
Removing empty process `ffn_tile.$proc$/Users/toprakgundogdu/qwen-ffn-rom/rtl/ffn_tile_16x16_b2_reg.v:103$807'.
Removing empty process `ffn_tile.$proc$/Users/toprakgundogdu/qwen-ffn-rom/rtl/ffn_tile_16x16_b2_reg.v:103$801'.
Removing empty process `ffn_tile.$proc$/Users/toprakgundogdu/qwen-ffn-rom/rtl/ffn_tile_16x16_b2_reg.v:103$795'.
Removing empty process `ffn_tile.$proc$/Users/toprakgundogdu/qwen-ffn-rom/rtl/ffn_tile_16x16_b2_reg.v:103$789'.
Removing empty process `ffn_tile.$proc$/Users/toprakgundogdu/qwen-ffn-rom/rtl/ffn_tile_16x16_b2_reg.v:103$783'.
Removing empty process `ffn_tile.$proc$/Users/toprakgundogdu/qwen-ffn-rom/rtl/ffn_tile_16x16_b2_reg.v:103$777'.
Removing empty process `ffn_tile.$proc$/Users/toprakgundogdu/qwen-ffn-rom/rtl/ffn_tile_16x16_b2_reg.v:103$770'.
Removing empty process `ffn_tile.$proc$/Users/toprakgundogdu/qwen-ffn-rom/rtl/ffn_tile_16x16_b2_reg.v:103$764'.
Removing empty process `ffn_tile.$proc$/Users/toprakgundogdu/qwen-ffn-rom/rtl/ffn_tile_16x16_b2_reg.v:103$758'.
Removing empty process `ffn_tile.$proc$/Users/toprakgundogdu/qwen-ffn-rom/rtl/ffn_tile_16x16_b2_reg.v:103$752'.
Removing empty process `ffn_tile.$proc$/Users/toprakgundogdu/qwen-ffn-rom/rtl/ffn_tile_16x16_b2_reg.v:103$746'.
Removing empty process `ffn_tile.$proc$/Users/toprakgundogdu/qwen-ffn-rom/rtl/ffn_tile_16x16_b2_reg.v:103$740'.
Removing empty process `ffn_tile.$proc$/Users/toprakgundogdu/qwen-ffn-rom/rtl/ffn_tile_16x16_b2_reg.v:103$734'.
Removing empty process `ffn_tile.$proc$/Users/toprakgundogdu/qwen-ffn-rom/rtl/ffn_tile_16x16_b2_reg.v:103$728'.
Removing empty process `ffn_tile.$proc$/Users/toprakgundogdu/qwen-ffn-rom/rtl/ffn_tile_16x16_b2_reg.v:103$722'.
Removing empty process `ffn_tile.$proc$/Users/toprakgundogdu/qwen-ffn-rom/rtl/ffn_tile_16x16_b2_reg.v:103$716'.
Removing empty process `ffn_tile.$proc$/Users/toprakgundogdu/qwen-ffn-rom/rtl/ffn_tile_16x16_b2_reg.v:103$710'.
Removing empty process `ffn_tile.$proc$/Users/toprakgundogdu/qwen-ffn-rom/rtl/ffn_tile_16x16_b2_reg.v:103$704'.
Removing empty process `ffn_tile.$proc$/Users/toprakgundogdu/qwen-ffn-rom/rtl/ffn_tile_16x16_b2_reg.v:103$698'.
Removing empty process `ffn_tile.$proc$/Users/toprakgundogdu/qwen-ffn-rom/rtl/ffn_tile_16x16_b2_reg.v:103$692'.
Removing empty process `ffn_tile.$proc$/Users/toprakgundogdu/qwen-ffn-rom/rtl/ffn_tile_16x16_b2_reg.v:103$686'.
Removing empty process `ffn_tile.$proc$/Users/toprakgundogdu/qwen-ffn-rom/rtl/ffn_tile_16x16_b2_reg.v:103$680'.
Removing empty process `ffn_tile.$proc$/Users/toprakgundogdu/qwen-ffn-rom/rtl/ffn_tile_16x16_b2_reg.v:103$674'.
Removing empty process `ffn_tile.$proc$/Users/toprakgundogdu/qwen-ffn-rom/rtl/ffn_tile_16x16_b2_reg.v:103$667'.
Removing empty process `ffn_tile.$proc$/Users/toprakgundogdu/qwen-ffn-rom/rtl/ffn_tile_16x16_b2_reg.v:103$661'.
Removing empty process `ffn_tile.$proc$/Users/toprakgundogdu/qwen-ffn-rom/rtl/ffn_tile_16x16_b2_reg.v:103$655'.
Removing empty process `ffn_tile.$proc$/Users/toprakgundogdu/qwen-ffn-rom/rtl/ffn_tile_16x16_b2_reg.v:103$649'.
Removing empty process `ffn_tile.$proc$/Users/toprakgundogdu/qwen-ffn-rom/rtl/ffn_tile_16x16_b2_reg.v:103$643'.
Removing empty process `$paramod$1c57f82a7905430256b56fd72f6f459066a99338\add_tree.$proc$/Users/toprakgundogdu/qwen-ffn-rom/rtl/ffn_tile_16x16_b2_reg.v:17$2488'.
Cleaned up 0 empty switches.

3.12. Executing OPT_EXPR pass (perform const folding).
Optimizing module ffn_tile_reg.
Optimizing module ffn_tile.
Optimizing module $paramod$1c57f82a7905430256b56fd72f6f459066a99338\add_tree.

4. Executing FLATTEN pass (flatten design).
Deleting now unused module ffn_tile.
Deleting now unused module $paramod$1c57f82a7905430256b56fd72f6f459066a99338\add_tree.
<suppressed ~17 debug messages>

5. Executing OPT_EXPR pass (perform const folding).
Optimizing module ffn_tile_reg.
<suppressed ~204 debug messages>

6. Executing OPT_CLEAN pass (remove unused cells and wires).
Finding unused cells or wires in module \ffn_tile_reg..
Removed 0 unused cells and 2332 unused wires.
<suppressed ~165 debug messages>

7. Executing SYNTH pass.

7.1. Executing HIERARCHY pass (managing design hierarchy).

7.1.1. Analyzing design hierarchy..
Top module:  \ffn_tile_reg

7.1.2. Analyzing design hierarchy..
Top module:  \ffn_tile_reg
Removed 0 unused modules.

7.2. Executing PROC pass (convert processes to netlists).

7.2.1. Executing PROC_CLEAN pass (remove empty switches from decision trees).
Cleaned up 0 empty switches.

7.2.2. Executing PROC_RMDEAD pass (remove dead branches from decision trees).
Removed a total of 0 dead cases.

7.2.3. Executing PROC_PRUNE pass (remove redundant assignments in processes).
Removed 0 redundant assignments.
Promoted 0 assignments to connections.

7.2.4. Executing PROC_INIT pass (extract init attributes).

7.2.5. Executing PROC_ARST pass (detect async resets in processes).

7.2.6. Executing PROC_ROM pass (convert switches to ROMs).
Converted 0 switches.

7.2.7. Executing PROC_MUX pass (convert decision trees to multiplexers).

7.2.8. Executing PROC_DLATCH pass (convert process syncs to latches).

7.2.9. Executing PROC_DFF pass (convert process syncs to FFs).

7.2.10. Executing PROC_MEMWR pass (convert process memory writes to cells).

7.2.11. Executing PROC_CLEAN pass (remove empty switches from decision trees).
Cleaned up 0 empty switches.

7.2.12. Executing OPT_EXPR pass (perform const folding).
Optimizing module ffn_tile_reg.

7.3. Executing OPT_EXPR pass (perform const folding).
Optimizing module ffn_tile_reg.

7.4. Executing OPT_CLEAN pass (remove unused cells and wires).
Finding unused cells or wires in module \ffn_tile_reg..

7.5. Executing CHECK pass (checking for obvious problems).
Checking module ffn_tile_reg...
Found and reported 0 problems.

7.6. Executing OPT pass (performing simple optimizations).

7.6.1. Executing OPT_EXPR pass (perform const folding).
Optimizing module ffn_tile_reg.

7.6.2. Executing OPT_MERGE pass (detect identical cells).
Finding identical cells in module `\ffn_tile_reg'.
Computing hashes of 107 cells of `\ffn_tile_reg'.
Finding duplicate cells in `\ffn_tile_reg'.
Computing hashes of 86 cells of `\ffn_tile_reg'.
Finding duplicate cells in `\ffn_tile_reg'.
Computing hashes of 85 cells of `\ffn_tile_reg'.
Finding duplicate cells in `\ffn_tile_reg'.
<suppressed ~66 debug messages>
Removed a total of 22 cells.

7.6.3. Executing OPT_MUXTREE pass (detect dead branches in mux trees).
Running muxtree optimizer on module \ffn_tile_reg..
  Creating internal representation of mux trees.
  No muxes found in this module.
Removed 0 multiplexer ports.

7.6.4. Executing OPT_REDUCE pass (consolidate $*mux and $reduce_* inputs).
  Optimizing cells in module \ffn_tile_reg.
Performed a total of 0 changes.

7.6.5. Executing OPT_MERGE pass (detect identical cells).
Finding identical cells in module `\ffn_tile_reg'.
Computing hashes of 85 cells of `\ffn_tile_reg'.
Finding duplicate cells in `\ffn_tile_reg'.
Removed a total of 0 cells.

7.6.6. Executing OPT_DFF pass (perform DFF optimizations).

7.6.7. Executing OPT_CLEAN pass (remove unused cells and wires).
Finding unused cells or wires in module \ffn_tile_reg..
Removed 0 unused cells and 22 unused wires.
<suppressed ~1 debug messages>

7.6.8. Executing OPT_EXPR pass (perform const folding).
Optimizing module ffn_tile_reg.

7.6.9. Rerunning OPT passes. (Maybe there is more to do..)

7.6.10. Executing OPT_MUXTREE pass (detect dead branches in mux trees).
Running muxtree optimizer on module \ffn_tile_reg..
  Creating internal representation of mux trees.
  No muxes found in this module.
Removed 0 multiplexer ports.

7.6.11. Executing OPT_REDUCE pass (consolidate $*mux and $reduce_* inputs).
  Optimizing cells in module \ffn_tile_reg.
Performed a total of 0 changes.

7.6.12. Executing OPT_MERGE pass (detect identical cells).
Finding identical cells in module `\ffn_tile_reg'.
Computing hashes of 85 cells of `\ffn_tile_reg'.
Finding duplicate cells in `\ffn_tile_reg'.
Removed a total of 0 cells.

7.6.13. Executing OPT_DFF pass (perform DFF optimizations).

7.6.14. Executing OPT_CLEAN pass (remove unused cells and wires).
Finding unused cells or wires in module \ffn_tile_reg..

7.6.15. Executing OPT_EXPR pass (perform const folding).
Optimizing module ffn_tile_reg.

7.6.16. Finished fast OPT passes. (There is nothing left to do.)

7.7. Executing FSM pass (extract and optimize FSM).

7.7.1. Executing FSM_DETECT pass (finding FSMs in design).

7.7.2. Executing FSM_EXTRACT pass (extracting FSM from design).

7.7.3. Executing FSM_OPT pass (simple optimizations of FSMs).

7.7.4. Executing OPT_CLEAN pass (remove unused cells and wires).
Finding unused cells or wires in module \ffn_tile_reg..

7.7.5. Executing FSM_OPT pass (simple optimizations of FSMs).

7.7.6. Executing FSM_RECODE pass (re-assigning FSM state encoding).

7.7.7. Executing FSM_INFO pass (dumping all available information on FSM cells).

7.7.8. Executing FSM_MAP pass (mapping FSMs to basic logic).

7.8. Executing OPT pass (performing simple optimizations).

7.8.1. Executing OPT_EXPR pass (perform const folding).
Optimizing module ffn_tile_reg.

7.8.2. Executing OPT_MERGE pass (detect identical cells).
Finding identical cells in module `\ffn_tile_reg'.
Computing hashes of 85 cells of `\ffn_tile_reg'.
Finding duplicate cells in `\ffn_tile_reg'.
Removed a total of 0 cells.

7.8.3. Executing OPT_MUXTREE pass (detect dead branches in mux trees).
Running muxtree optimizer on module \ffn_tile_reg..
  Creating internal representation of mux trees.
  No muxes found in this module.
Removed 0 multiplexer ports.

7.8.4. Executing OPT_REDUCE pass (consolidate $*mux and $reduce_* inputs).
  Optimizing cells in module \ffn_tile_reg.
Performed a total of 0 changes.

7.8.5. Executing OPT_MERGE pass (detect identical cells).
Finding identical cells in module `\ffn_tile_reg'.
Computing hashes of 85 cells of `\ffn_tile_reg'.
Finding duplicate cells in `\ffn_tile_reg'.
Removed a total of 0 cells.

7.8.6. Executing OPT_DFF pass (perform DFF optimizations).

7.8.7. Executing OPT_CLEAN pass (remove unused cells and wires).
Finding unused cells or wires in module \ffn_tile_reg..

7.8.8. Executing OPT_EXPR pass (perform const folding).
Optimizing module ffn_tile_reg.

7.8.9. Finished fast OPT passes. (There is nothing left to do.)

7.9. Executing WREDUCE pass (reducing word size of cells).
Converting cell ffn_tile_reg.$flatten\u_comb.\g_row[15].u_tree.$add$/Users/toprakgundogdu/qwen-ffn-rom/rtl/ffn_tile_16x16_b2_reg.v:20$2492 ($add) from unsigned to signed.
Removed top 4 bits (of 14) from port A of cell ffn_tile_reg.$flatten\u_comb.\g_row[15].u_tree.$add$/Users/toprakgundogdu/qwen-ffn-rom/rtl/ffn_tile_16x16_b2_reg.v:20$2492 ($add).
Removed top 6 bits (of 14) from port B of cell ffn_tile_reg.$flatten\u_comb.\g_row[15].u_tree.$add$/Users/toprakgundogdu/qwen-ffn-rom/rtl/ffn_tile_16x16_b2_reg.v:20$2492 ($add).
Removed top 3 bits (of 14) from port Y of cell ffn_tile_reg.$flatten\u_comb.\g_row[15].u_tree.$add$/Users/toprakgundogdu/qwen-ffn-rom/rtl/ffn_tile_16x16_b2_reg.v:20$2492 ($add).
Converting cell ffn_tile_reg.$flatten\u_comb.\g_row[15].u_tree.$add$/Users/toprakgundogdu/qwen-ffn-rom/rtl/ffn_tile_16x16_b2_reg.v:20$2495 ($add) from unsigned to signed.
Removed top 3 bits (of 14) from port A of cell ffn_tile_reg.$flatten\u_comb.\g_row[15].u_tree.$add$/Users/toprakgundogdu/qwen-ffn-rom/rtl/ffn_tile_16x16_b2_reg.v:20$2495 ($add).
Removed top 4 bits (of 14) from port B of cell ffn_tile_reg.$flatten\u_comb.\g_row[15].u_tree.$add$/Users/toprakgundogdu/qwen-ffn-rom/rtl/ffn_tile_16x16_b2_reg.v:20$2495 ($add).
Removed top 2 bits (of 14) from port Y of cell ffn_tile_reg.$flatten\u_comb.\g_row[15].u_tree.$add$/Users/toprakgundogdu/qwen-ffn-rom/rtl/ffn_tile_16x16_b2_reg.v:20$2495 ($add).
Converting cell ffn_tile_reg.$flatten\u_comb.\g_row[15].u_tree.$add$/Users/toprakgundogdu/qwen-ffn-rom/rtl/ffn_tile_16x16_b2_reg.v:20$2500 ($add) from unsigned to signed.
Removed top 2 bits (of 14) from port A of cell ffn_tile_reg.$flatten\u_comb.\g_row[15].u_tree.$add$/Users/toprakgundogdu/qwen-ffn-rom/rtl/ffn_tile_16x16_b2_reg.v:20$2500 ($add).
Removed top 4 bits (of 14) from port B of cell ffn_tile_reg.$flatten\u_comb.\g_row[15].u_tree.$add$/Users/toprakgundogdu/qwen-ffn-rom/rtl/ffn_tile_16x16_b2_reg.v:20$2500 ($add).
Removed top 1 bits (of 14) from port Y of cell ffn_tile_reg.$flatten\u_comb.\g_row[15].u_tree.$add$/Users/toprakgundogdu/qwen-ffn-rom/rtl/ffn_tile_16x16_b2_reg.v:20$2500 ($add).
Converting cell ffn_tile_reg.$flatten\u_comb.\g_row[15].u_tree.$add$/Users/toprakgundogdu/qwen-ffn-rom/rtl/ffn_tile_16x16_b2_reg.v:20$2501 ($add) from unsigned to signed.
Removed top 1 bits (of 14) from port A of cell ffn_tile_reg.$flatten\u_comb.\g_row[15].u_tree.$add$/Users/toprakgundogdu/qwen-ffn-rom/rtl/ffn_tile_16x16_b2_reg.v:20$2501 ($add).
Removed top 6 bits (of 14) from port B of cell ffn_tile_reg.$flatten\u_comb.\g_row[15].u_tree.$add$/Users/toprakgundogdu/qwen-ffn-rom/rtl/ffn_tile_16x16_b2_reg.v:20$2501 ($add).
Removed top 4 bits (of 14) from port B of cell ffn_tile_reg.$flatten\u_comb.\g_row[15].u_tree.$add$/Users/toprakgundogdu/qwen-ffn-rom/rtl/ffn_tile_16x16_b2_reg.v:20$2504 ($add).
Converting cell ffn_tile_reg.$flatten\u_comb.\g_row[13].u_tree.$add$/Users/toprakgundogdu/qwen-ffn-rom/rtl/ffn_tile_16x16_b2_reg.v:20$2490 ($add) from unsigned to signed.
Removed top 4 bits (of 14) from port A of cell ffn_tile_reg.$flatten\u_comb.\g_row[13].u_tree.$add$/Users/toprakgundogdu/qwen-ffn-rom/rtl/ffn_tile_16x16_b2_reg.v:20$2490 ($add).
Removed top 4 bits (of 14) from port B of cell ffn_tile_reg.$flatten\u_comb.\g_row[13].u_tree.$add$/Users/toprakgundogdu/qwen-ffn-rom/rtl/ffn_tile_16x16_b2_reg.v:20$2490 ($add).
Removed top 3 bits (of 14) from port Y of cell ffn_tile_reg.$flatten\u_comb.\g_row[13].u_tree.$add$/Users/toprakgundogdu/qwen-ffn-rom/rtl/ffn_tile_16x16_b2_reg.v:20$2490 ($add).
Converting cell ffn_tile_reg.$flatten\u_comb.\g_row[13].u_tree.$add$/Users/toprakgundogdu/qwen-ffn-rom/rtl/ffn_tile_16x16_b2_reg.v:20$2491 ($add) from unsigned to signed.
Removed top 3 bits (of 14) from port A of cell ffn_tile_reg.$flatten\u_comb.\g_row[13].u_tree.$add$/Users/toprakgundogdu/qwen-ffn-rom/rtl/ffn_tile_16x16_b2_reg.v:20$2491 ($add).
Removed top 4 bits (of 14) from port B of cell ffn_tile_reg.$flatten\u_comb.\g_row[13].u_tree.$add$/Users/toprakgundogdu/qwen-ffn-rom/rtl/ffn_tile_16x16_b2_reg.v:20$2491 ($add).
Removed top 2 bits (of 14) from port Y of cell ffn_tile_reg.$flatten\u_comb.\g_row[13].u_tree.$add$/Users/toprakgundogdu/qwen-ffn-rom/rtl/ffn_tile_16x16_b2_reg.v:20$2491 ($add).
Converting cell ffn_tile_reg.$flatten\u_comb.\g_row[13].u_tree.$add$/Users/toprakgundogdu/qwen-ffn-rom/rtl/ffn_tile_16x16_b2_reg.v:20$2497 ($add) from unsigned to signed.
Removed top 2 bits (of 14) from port A of cell ffn_tile_reg.$flatten\u_comb.\g_row[13].u_tree.$add$/Users/toprakgundogdu/qwen-ffn-rom/rtl/ffn_tile_16x16_b2_reg.v:20$2497 ($add).
Removed top 4 bits (of 14) from port B of cell ffn_tile_reg.$flatten\u_comb.\g_row[13].u_tree.$add$/Users/toprakgundogdu/qwen-ffn-rom/rtl/ffn_tile_16x16_b2_reg.v:20$2497 ($add).
Removed top 1 bits (of 14) from port Y of cell ffn_tile_reg.$flatten\u_comb.\g_row[13].u_tree.$add$/Users/toprakgundogdu/qwen-ffn-rom/rtl/ffn_tile_16x16_b2_reg.v:20$2497 ($add).
Converting cell ffn_tile_reg.$flatten\u_comb.\g_row[13].u_tree.$add$/Users/toprakgundogdu/qwen-ffn-rom/rtl/ffn_tile_16x16_b2_reg.v:20$2501 ($add) from unsigned to signed.
Removed top 1 bits (of 14) from port A of cell ffn_tile_reg.$flatten\u_comb.\g_row[13].u_tree.$add$/Users/toprakgundogdu/qwen-ffn-rom/rtl/ffn_tile_16x16_b2_reg.v:20$2501 ($add).
Removed top 6 bits (of 14) from port B of cell ffn_tile_reg.$flatten\u_comb.\g_row[13].u_tree.$add$/Users/toprakgundogdu/qwen-ffn-rom/rtl/ffn_tile_16x16_b2_reg.v:20$2501 ($add).
Converting cell ffn_tile_reg.$flatten\u_comb.\g_row[12].u_tree.$add$/Users/toprakgundogdu/qwen-ffn-rom/rtl/ffn_tile_16x16_b2_reg.v:20$2492 ($add) from unsigned to signed.
Removed top 6 bits (of 14) from port A of cell ffn_tile_reg.$flatten\u_comb.\g_row[12].u_tree.$add$/Users/toprakgundogdu/qwen-ffn-rom/rtl/ffn_tile_16x16_b2_reg.v:20$2492 ($add).
Removed top 4 bits (of 14) from port B of cell ffn_tile_reg.$flatten\u_comb.\g_row[12].u_tree.$add$/Users/toprakgundogdu/qwen-ffn-rom/rtl/ffn_tile_16x16_b2_reg.v:20$2492 ($add).
Removed top 3 bits (of 14) from port Y of cell ffn_tile_reg.$flatten\u_comb.\g_row[12].u_tree.$add$/Users/toprakgundogdu/qwen-ffn-rom/rtl/ffn_tile_16x16_b2_reg.v:20$2492 ($add).
Converting cell ffn_tile_reg.$flatten\u_comb.\g_row[12].u_tree.$add$/Users/toprakgundogdu/qwen-ffn-rom/rtl/ffn_tile_16x16_b2_reg.v:20$2495 ($add) from unsigned to signed.
Removed top 3 bits (of 14) from port A of cell ffn_tile_reg.$flatten\u_comb.\g_row[12].u_tree.$add$/Users/toprakgundogdu/qwen-ffn-rom/rtl/ffn_tile_16x16_b2_reg.v:20$2495 ($add).
Removed top 4 bits (of 14) from port B of cell ffn_tile_reg.$flatten\u_comb.\g_row[12].u_tree.$add$/Users/toprakgundogdu/qwen-ffn-rom/rtl/ffn_tile_16x16_b2_reg.v:20$2495 ($add).
Removed top 2 bits (of 14) from port Y of cell ffn_tile_reg.$flatten\u_comb.\g_row[12].u_tree.$add$/Users/toprakgundogdu/qwen-ffn-rom/rtl/ffn_tile_16x16_b2_reg.v:20$2495 ($add).
Converting cell ffn_tile_reg.$flatten\u_comb.\g_row[12].u_tree.$add$/Users/toprakgundogdu/qwen-ffn-rom/rtl/ffn_tile_16x16_b2_reg.v:20$2500 ($add) from unsigned to signed.
Removed top 2 bits (of 14) from port A of cell ffn_tile_reg.$flatten\u_comb.\g_row[12].u_tree.$add$/Users/toprakgundogdu/qwen-ffn-rom/rtl/ffn_tile_16x16_b2_reg.v:20$2500 ($add).
Removed top 6 bits (of 14) from port B of cell ffn_tile_reg.$flatten\u_comb.\g_row[12].u_tree.$add$/Users/toprakgundogdu/qwen-ffn-rom/rtl/ffn_tile_16x16_b2_reg.v:20$2500 ($add).
Removed top 1 bits (of 14) from port Y of cell ffn_tile_reg.$flatten\u_comb.\g_row[12].u_tree.$add$/Users/toprakgundogdu/qwen-ffn-rom/rtl/ffn_tile_16x16_b2_reg.v:20$2500 ($add).
Converting cell ffn_tile_reg.$flatten\u_comb.\g_row[12].u_tree.$add$/Users/toprakgundogdu/qwen-ffn-rom/rtl/ffn_tile_16x16_b2_reg.v:20$2503 ($add) from unsigned to signed.
Removed top 1 bits (of 14) from port A of cell ffn_tile_reg.$flatten\u_comb.\g_row[12].u_tree.$add$/Users/toprakgundogdu/qwen-ffn-rom/rtl/ffn_tile_16x16_b2_reg.v:20$2503 ($add).
Removed top 4 bits (of 14) from port B of cell ffn_tile_reg.$flatten\u_comb.\g_row[12].u_tree.$add$/Users/toprakgundogdu/qwen-ffn-rom/rtl/ffn_tile_16x16_b2_reg.v:20$2503 ($add).
Converting cell ffn_tile_reg.$flatten\u_comb.\g_row[11].u_tree.$add$/Users/toprakgundogdu/qwen-ffn-rom/rtl/ffn_tile_16x16_b2_reg.v:20$2498 ($add) from unsigned to signed.
Removed top 6 bits (of 14) from port A of cell ffn_tile_reg.$flatten\u_comb.\g_row[11].u_tree.$add$/Users/toprakgundogdu/qwen-ffn-rom/rtl/ffn_tile_16x16_b2_reg.v:20$2498 ($add).
Removed top 6 bits (of 14) from port B of cell ffn_tile_reg.$flatten\u_comb.\g_row[11].u_tree.$add$/Users/toprakgundogdu/qwen-ffn-rom/rtl/ffn_tile_16x16_b2_reg.v:20$2498 ($add).
Removed top 5 bits (of 14) from port Y of cell ffn_tile_reg.$flatten\u_comb.\g_row[11].u_tree.$add$/Users/toprakgundogdu/qwen-ffn-rom/rtl/ffn_tile_16x16_b2_reg.v:20$2498 ($add).
Converting cell ffn_tile_reg.$flatten\u_comb.\g_row[11].u_tree.$add$/Users/toprakgundogdu/qwen-ffn-rom/rtl/ffn_tile_16x16_b2_reg.v:20$2500 ($add) from unsigned to signed.
Removed top 5 bits (of 14) from port A of cell ffn_tile_reg.$flatten\u_comb.\g_row[11].u_tree.$add$/Users/toprakgundogdu/qwen-ffn-rom/rtl/ffn_tile_16x16_b2_reg.v:20$2500 ($add).
Removed top 6 bits (of 14) from port B of cell ffn_tile_reg.$flatten\u_comb.\g_row[11].u_tree.$add$/Users/toprakgundogdu/qwen-ffn-rom/rtl/ffn_tile_16x16_b2_reg.v:20$2500 ($add).
Removed top 4 bits (of 14) from port Y of cell ffn_tile_reg.$flatten\u_comb.\g_row[11].u_tree.$add$/Users/toprakgundogdu/qwen-ffn-rom/rtl/ffn_tile_16x16_b2_reg.v:20$2500 ($add).
Converting cell ffn_tile_reg.$flatten\u_comb.\g_row[11].u_tree.$add$/Users/toprakgundogdu/qwen-ffn-rom/rtl/ffn_tile_16x16_b2_reg.v:20$2501 ($add) from unsigned to signed.
Removed top 4 bits (of 14) from port A of cell ffn_tile_reg.$flatten\u_comb.\g_row[11].u_tree.$add$/Users/toprakgundogdu/qwen-ffn-rom/rtl/ffn_tile_16x16_b2_reg.v:20$2501 ($add).
Removed top 6 bits (of 14) from port B of cell ffn_tile_reg.$flatten\u_comb.\g_row[11].u_tree.$add$/Users/toprakgundogdu/qwen-ffn-rom/rtl/ffn_tile_16x16_b2_reg.v:20$2501 ($add).
Removed top 3 bits (of 14) from port Y of cell ffn_tile_reg.$flatten\u_comb.\g_row[11].u_tree.$add$/Users/toprakgundogdu/qwen-ffn-rom/rtl/ffn_tile_16x16_b2_reg.v:20$2501 ($add).
Converting cell ffn_tile_reg.$flatten\u_comb.\g_row[11].u_tree.$add$/Users/toprakgundogdu/qwen-ffn-rom/rtl/ffn_tile_16x16_b2_reg.v:20$2504 ($add) from unsigned to signed.
Removed top 3 bits (of 14) from port A of cell ffn_tile_reg.$flatten\u_comb.\g_row[11].u_tree.$add$/Users/toprakgundogdu/qwen-ffn-rom/rtl/ffn_tile_16x16_b2_reg.v:20$2504 ($add).
Removed top 6 bits (of 14) from port B of cell ffn_tile_reg.$flatten\u_comb.\g_row[11].u_tree.$add$/Users/toprakgundogdu/qwen-ffn-rom/rtl/ffn_tile_16x16_b2_reg.v:20$2504 ($add).
Removed top 2 bits (of 14) from port Y of cell ffn_tile_reg.$flatten\u_comb.\g_row[11].u_tree.$add$/Users/toprakgundogdu/qwen-ffn-rom/rtl/ffn_tile_16x16_b2_reg.v:20$2504 ($add).
Converting cell ffn_tile_reg.$flatten\u_comb.\g_row[10].u_tree.$add$/Users/toprakgundogdu/qwen-ffn-rom/rtl/ffn_tile_16x16_b2_reg.v:20$2496 ($add) from unsigned to signed.
Removed top 4 bits (of 14) from port A of cell ffn_tile_reg.$flatten\u_comb.\g_row[10].u_tree.$add$/Users/toprakgundogdu/qwen-ffn-rom/rtl/ffn_tile_16x16_b2_reg.v:20$2496 ($add).
Removed top 4 bits (of 14) from port B of cell ffn_tile_reg.$flatten\u_comb.\g_row[10].u_tree.$add$/Users/toprakgundogdu/qwen-ffn-rom/rtl/ffn_tile_16x16_b2_reg.v:20$2496 ($add).
Removed top 3 bits (of 14) from port Y of cell ffn_tile_reg.$flatten\u_comb.\g_row[10].u_tree.$add$/Users/toprakgundogdu/qwen-ffn-rom/rtl/ffn_tile_16x16_b2_reg.v:20$2496 ($add).
Converting cell ffn_tile_reg.$flatten\u_comb.\g_row[9].u_tree.$add$/Users/toprakgundogdu/qwen-ffn-rom/rtl/ffn_tile_16x16_b2_reg.v:20$2500 ($add) from unsigned to signed.
Removed top 4 bits (of 14) from port A of cell ffn_tile_reg.$flatten\u_comb.\g_row[9].u_tree.$add$/Users/toprakgundogdu/qwen-ffn-rom/rtl/ffn_tile_16x16_b2_reg.v:20$2500 ($add).
Removed top 6 bits (of 14) from port B of cell ffn_tile_reg.$flatten\u_comb.\g_row[9].u_tree.$add$/Users/toprakgundogdu/qwen-ffn-rom/rtl/ffn_tile_16x16_b2_reg.v:20$2500 ($add).
Removed top 3 bits (of 14) from port Y of cell ffn_tile_reg.$flatten\u_comb.\g_row[9].u_tree.$add$/Users/toprakgundogdu/qwen-ffn-rom/rtl/ffn_tile_16x16_b2_reg.v:20$2500 ($add).
Converting cell ffn_tile_reg.$flatten\u_comb.\g_row[9].u_tree.$add$/Users/toprakgundogdu/qwen-ffn-rom/rtl/ffn_tile_16x16_b2_reg.v:20$2501 ($add) from unsigned to signed.
Removed top 3 bits (of 14) from port A of cell ffn_tile_reg.$flatten\u_comb.\g_row[9].u_tree.$add$/Users/toprakgundogdu/qwen-ffn-rom/rtl/ffn_tile_16x16_b2_reg.v:20$2501 ($add).
Removed top 6 bits (of 14) from port B of cell ffn_tile_reg.$flatten\u_comb.\g_row[9].u_tree.$add$/Users/toprakgundogdu/qwen-ffn-rom/rtl/ffn_tile_16x16_b2_reg.v:20$2501 ($add).
Removed top 2 bits (of 14) from port Y of cell ffn_tile_reg.$flatten\u_comb.\g_row[9].u_tree.$add$/Users/toprakgundogdu/qwen-ffn-rom/rtl/ffn_tile_16x16_b2_reg.v:20$2501 ($add).
Converting cell ffn_tile_reg.$flatten\u_comb.\g_row[8].u_tree.$add$/Users/toprakgundogdu/qwen-ffn-rom/rtl/ffn_tile_16x16_b2_reg.v:20$2495 ($add) from unsigned to signed.
Removed top 4 bits (of 14) from port A of cell ffn_tile_reg.$flatten\u_comb.\g_row[8].u_tree.$add$/Users/toprakgundogdu/qwen-ffn-rom/rtl/ffn_tile_16x16_b2_reg.v:20$2495 ($add).
Removed top 6 bits (of 14) from port B of cell ffn_tile_reg.$flatten\u_comb.\g_row[8].u_tree.$add$/Users/toprakgundogdu/qwen-ffn-rom/rtl/ffn_tile_16x16_b2_reg.v:20$2495 ($add).
Removed top 3 bits (of 14) from port Y of cell ffn_tile_reg.$flatten\u_comb.\g_row[8].u_tree.$add$/Users/toprakgundogdu/qwen-ffn-rom/rtl/ffn_tile_16x16_b2_reg.v:20$2495 ($add).
Converting cell ffn_tile_reg.$flatten\u_comb.\g_row[8].u_tree.$add$/Users/toprakgundogdu/qwen-ffn-rom/rtl/ffn_tile_16x16_b2_reg.v:20$2499 ($add) from unsigned to signed.
Removed top 3 bits (of 14) from port A of cell ffn_tile_reg.$flatten\u_comb.\g_row[8].u_tree.$add$/Users/toprakgundogdu/qwen-ffn-rom/rtl/ffn_tile_16x16_b2_reg.v:20$2499 ($add).
Removed top 6 bits (of 14) from port B of cell ffn_tile_reg.$flatten\u_comb.\g_row[8].u_tree.$add$/Users/toprakgundogdu/qwen-ffn-rom/rtl/ffn_tile_16x16_b2_reg.v:20$2499 ($add).
Removed top 2 bits (of 14) from port Y of cell ffn_tile_reg.$flatten\u_comb.\g_row[8].u_tree.$add$/Users/toprakgundogdu/qwen-ffn-rom/rtl/ffn_tile_16x16_b2_reg.v:20$2499 ($add).
Converting cell ffn_tile_reg.$flatten\u_comb.\g_row[7].u_tree.$add$/Users/toprakgundogdu/qwen-ffn-rom/rtl/ffn_tile_16x16_b2_reg.v:20$2492 ($add) from unsigned to signed.
Removed top 4 bits (of 14) from port A of cell ffn_tile_reg.$flatten\u_comb.\g_row[7].u_tree.$add$/Users/toprakgundogdu/qwen-ffn-rom/rtl/ffn_tile_16x16_b2_reg.v:20$2492 ($add).
Removed top 4 bits (of 14) from port B of cell ffn_tile_reg.$flatten\u_comb.\g_row[7].u_tree.$add$/Users/toprakgundogdu/qwen-ffn-rom/rtl/ffn_tile_16x16_b2_reg.v:20$2492 ($add).
Removed top 3 bits (of 14) from port Y of cell ffn_tile_reg.$flatten\u_comb.\g_row[7].u_tree.$add$/Users/toprakgundogdu/qwen-ffn-rom/rtl/ffn_tile_16x16_b2_reg.v:20$2492 ($add).
Converting cell ffn_tile_reg.$flatten\u_comb.\g_row[7].u_tree.$add$/Users/toprakgundogdu/qwen-ffn-rom/rtl/ffn_tile_16x16_b2_reg.v:20$2496 ($add) from unsigned to signed.
Removed top 3 bits (of 14) from port A of cell ffn_tile_reg.$flatten\u_comb.\g_row[7].u_tree.$add$/Users/toprakgundogdu/qwen-ffn-rom/rtl/ffn_tile_16x16_b2_reg.v:20$2496 ($add).
Removed top 6 bits (of 14) from port B of cell ffn_tile_reg.$flatten\u_comb.\g_row[7].u_tree.$add$/Users/toprakgundogdu/qwen-ffn-rom/rtl/ffn_tile_16x16_b2_reg.v:20$2496 ($add).
Removed top 2 bits (of 14) from port Y of cell ffn_tile_reg.$flatten\u_comb.\g_row[7].u_tree.$add$/Users/toprakgundogdu/qwen-ffn-rom/rtl/ffn_tile_16x16_b2_reg.v:20$2496 ($add).
Converting cell ffn_tile_reg.$flatten\u_comb.\g_row[7].u_tree.$add$/Users/toprakgundogdu/qwen-ffn-rom/rtl/ffn_tile_16x16_b2_reg.v:20$2498 ($add) from unsigned to signed.
Removed top 2 bits (of 14) from port A of cell ffn_tile_reg.$flatten\u_comb.\g_row[7].u_tree.$add$/Users/toprakgundogdu/qwen-ffn-rom/rtl/ffn_tile_16x16_b2_reg.v:20$2498 ($add).
Removed top 4 bits (of 14) from port B of cell ffn_tile_reg.$flatten\u_comb.\g_row[7].u_tree.$add$/Users/toprakgundogdu/qwen-ffn-rom/rtl/ffn_tile_16x16_b2_reg.v:20$2498 ($add).
Removed top 1 bits (of 14) from port Y of cell ffn_tile_reg.$flatten\u_comb.\g_row[7].u_tree.$add$/Users/toprakgundogdu/qwen-ffn-rom/rtl/ffn_tile_16x16_b2_reg.v:20$2498 ($add).
Converting cell ffn_tile_reg.$flatten\u_comb.\g_row[6].u_tree.$add$/Users/toprakgundogdu/qwen-ffn-rom/rtl/ffn_tile_16x16_b2_reg.v:20$2493 ($add) from unsigned to signed.
Removed top 6 bits (of 14) from port A of cell ffn_tile_reg.$flatten\u_comb.\g_row[6].u_tree.$add$/Users/toprakgundogdu/qwen-ffn-rom/rtl/ffn_tile_16x16_b2_reg.v:20$2493 ($add).
Removed top 4 bits (of 14) from port B of cell ffn_tile_reg.$flatten\u_comb.\g_row[6].u_tree.$add$/Users/toprakgundogdu/qwen-ffn-rom/rtl/ffn_tile_16x16_b2_reg.v:20$2493 ($add).
Removed top 3 bits (of 14) from port Y of cell ffn_tile_reg.$flatten\u_comb.\g_row[6].u_tree.$add$/Users/toprakgundogdu/qwen-ffn-rom/rtl/ffn_tile_16x16_b2_reg.v:20$2493 ($add).
Converting cell ffn_tile_reg.$flatten\u_comb.\g_row[6].u_tree.$add$/Users/toprakgundogdu/qwen-ffn-rom/rtl/ffn_tile_16x16_b2_reg.v:20$2499 ($add) from unsigned to signed.
Removed top 3 bits (of 14) from port A of cell ffn_tile_reg.$flatten\u_comb.\g_row[6].u_tree.$add$/Users/toprakgundogdu/qwen-ffn-rom/rtl/ffn_tile_16x16_b2_reg.v:20$2499 ($add).
Removed top 4 bits (of 14) from port B of cell ffn_tile_reg.$flatten\u_comb.\g_row[6].u_tree.$add$/Users/toprakgundogdu/qwen-ffn-rom/rtl/ffn_tile_16x16_b2_reg.v:20$2499 ($add).
Removed top 2 bits (of 14) from port Y of cell ffn_tile_reg.$flatten\u_comb.\g_row[6].u_tree.$add$/Users/toprakgundogdu/qwen-ffn-rom/rtl/ffn_tile_16x16_b2_reg.v:20$2499 ($add).
Converting cell ffn_tile_reg.$flatten\u_comb.\g_row[6].u_tree.$add$/Users/toprakgundogdu/qwen-ffn-rom/rtl/ffn_tile_16x16_b2_reg.v:20$2503 ($add) from unsigned to signed.
Removed top 2 bits (of 14) from port A of cell ffn_tile_reg.$flatten\u_comb.\g_row[6].u_tree.$add$/Users/toprakgundogdu/qwen-ffn-rom/rtl/ffn_tile_16x16_b2_reg.v:20$2503 ($add).
Removed top 6 bits (of 14) from port B of cell ffn_tile_reg.$flatten\u_comb.\g_row[6].u_tree.$add$/Users/toprakgundogdu/qwen-ffn-rom/rtl/ffn_tile_16x16_b2_reg.v:20$2503 ($add).
Removed top 1 bits (of 14) from port Y of cell ffn_tile_reg.$flatten\u_comb.\g_row[6].u_tree.$add$/Users/toprakgundogdu/qwen-ffn-rom/rtl/ffn_tile_16x16_b2_reg.v:20$2503 ($add).
Converting cell ffn_tile_reg.$flatten\u_comb.\g_row[5].u_tree.$add$/Users/toprakgundogdu/qwen-ffn-rom/rtl/ffn_tile_16x16_b2_reg.v:20$2499 ($add) from unsigned to signed.
Removed top 6 bits (of 14) from port A of cell ffn_tile_reg.$flatten\u_comb.\g_row[5].u_tree.$add$/Users/toprakgundogdu/qwen-ffn-rom/rtl/ffn_tile_16x16_b2_reg.v:20$2499 ($add).
Removed top 6 bits (of 14) from port B of cell ffn_tile_reg.$flatten\u_comb.\g_row[5].u_tree.$add$/Users/toprakgundogdu/qwen-ffn-rom/rtl/ffn_tile_16x16_b2_reg.v:20$2499 ($add).
Removed top 5 bits (of 14) from port Y of cell ffn_tile_reg.$flatten\u_comb.\g_row[5].u_tree.$add$/Users/toprakgundogdu/qwen-ffn-rom/rtl/ffn_tile_16x16_b2_reg.v:20$2499 ($add).
Converting cell ffn_tile_reg.$flatten\u_comb.\g_row[5].u_tree.$add$/Users/toprakgundogdu/qwen-ffn-rom/rtl/ffn_tile_16x16_b2_reg.v:20$2500 ($add) from unsigned to signed.
Removed top 5 bits (of 14) from port A of cell ffn_tile_reg.$flatten\u_comb.\g_row[5].u_tree.$add$/Users/toprakgundogdu/qwen-ffn-rom/rtl/ffn_tile_16x16_b2_reg.v:20$2500 ($add).
Removed top 4 bits (of 14) from port B of cell ffn_tile_reg.$flatten\u_comb.\g_row[5].u_tree.$add$/Users/toprakgundogdu/qwen-ffn-rom/rtl/ffn_tile_16x16_b2_reg.v:20$2500 ($add).
Removed top 3 bits (of 14) from port Y of cell ffn_tile_reg.$flatten\u_comb.\g_row[5].u_tree.$add$/Users/toprakgundogdu/qwen-ffn-rom/rtl/ffn_tile_16x16_b2_reg.v:20$2500 ($add).
Converting cell ffn_tile_reg.$flatten\u_comb.\g_row[5].u_tree.$add$/Users/toprakgundogdu/qwen-ffn-rom/rtl/ffn_tile_16x16_b2_reg.v:20$2504 ($add) from unsigned to signed.
Removed top 3 bits (of 14) from port A of cell ffn_tile_reg.$flatten\u_comb.\g_row[5].u_tree.$add$/Users/toprakgundogdu/qwen-ffn-rom/rtl/ffn_tile_16x16_b2_reg.v:20$2504 ($add).
Removed top 6 bits (of 14) from port B of cell ffn_tile_reg.$flatten\u_comb.\g_row[5].u_tree.$add$/Users/toprakgundogdu/qwen-ffn-rom/rtl/ffn_tile_16x16_b2_reg.v:20$2504 ($add).
Removed top 2 bits (of 14) from port Y of cell ffn_tile_reg.$flatten\u_comb.\g_row[5].u_tree.$add$/Users/toprakgundogdu/qwen-ffn-rom/rtl/ffn_tile_16x16_b2_reg.v:20$2504 ($add).
Converting cell ffn_tile_reg.$flatten\u_comb.\g_row[4].u_tree.$add$/Users/toprakgundogdu/qwen-ffn-rom/rtl/ffn_tile_16x16_b2_reg.v:20$2494 ($add) from unsigned to signed.
Removed top 6 bits (of 14) from port A of cell ffn_tile_reg.$flatten\u_comb.\g_row[4].u_tree.$add$/Users/toprakgundogdu/qwen-ffn-rom/rtl/ffn_tile_16x16_b2_reg.v:20$2494 ($add).
Removed top 4 bits (of 14) from port B of cell ffn_tile_reg.$flatten\u_comb.\g_row[4].u_tree.$add$/Users/toprakgundogdu/qwen-ffn-rom/rtl/ffn_tile_16x16_b2_reg.v:20$2494 ($add).
Removed top 3 bits (of 14) from port Y of cell ffn_tile_reg.$flatten\u_comb.\g_row[4].u_tree.$add$/Users/toprakgundogdu/qwen-ffn-rom/rtl/ffn_tile_16x16_b2_reg.v:20$2494 ($add).
Converting cell ffn_tile_reg.$flatten\u_comb.\g_row[4].u_tree.$add$/Users/toprakgundogdu/qwen-ffn-rom/rtl/ffn_tile_16x16_b2_reg.v:20$2496 ($add) from unsigned to signed.
Removed top 3 bits (of 14) from port A of cell ffn_tile_reg.$flatten\u_comb.\g_row[4].u_tree.$add$/Users/toprakgundogdu/qwen-ffn-rom/rtl/ffn_tile_16x16_b2_reg.v:20$2496 ($add).
Removed top 4 bits (of 14) from port B of cell ffn_tile_reg.$flatten\u_comb.\g_row[4].u_tree.$add$/Users/toprakgundogdu/qwen-ffn-rom/rtl/ffn_tile_16x16_b2_reg.v:20$2496 ($add).
Removed top 2 bits (of 14) from port Y of cell ffn_tile_reg.$flatten\u_comb.\g_row[4].u_tree.$add$/Users/toprakgundogdu/qwen-ffn-rom/rtl/ffn_tile_16x16_b2_reg.v:20$2496 ($add).
Converting cell ffn_tile_reg.$flatten\u_comb.\g_row[4].u_tree.$add$/Users/toprakgundogdu/qwen-ffn-rom/rtl/ffn_tile_16x16_b2_reg.v:20$2498 ($add) from unsigned to signed.
Removed top 2 bits (of 14) from port A of cell ffn_tile_reg.$flatten\u_comb.\g_row[4].u_tree.$add$/Users/toprakgundogdu/qwen-ffn-rom/rtl/ffn_tile_16x16_b2_reg.v:20$2498 ($add).
Removed top 4 bits (of 14) from port B of cell ffn_tile_reg.$flatten\u_comb.\g_row[4].u_tree.$add$/Users/toprakgundogdu/qwen-ffn-rom/rtl/ffn_tile_16x16_b2_reg.v:20$2498 ($add).
Removed top 1 bits (of 14) from port Y of cell ffn_tile_reg.$flatten\u_comb.\g_row[4].u_tree.$add$/Users/toprakgundogdu/qwen-ffn-rom/rtl/ffn_tile_16x16_b2_reg.v:20$2498 ($add).
Converting cell ffn_tile_reg.$flatten\u_comb.\g_row[4].u_tree.$add$/Users/toprakgundogdu/qwen-ffn-rom/rtl/ffn_tile_16x16_b2_reg.v:20$2502 ($add) from unsigned to signed.
Removed top 1 bits (of 14) from port A of cell ffn_tile_reg.$flatten\u_comb.\g_row[4].u_tree.$add$/Users/toprakgundogdu/qwen-ffn-rom/rtl/ffn_tile_16x16_b2_reg.v:20$2502 ($add).
Removed top 4 bits (of 14) from port B of cell ffn_tile_reg.$flatten\u_comb.\g_row[4].u_tree.$add$/Users/toprakgundogdu/qwen-ffn-rom/rtl/ffn_tile_16x16_b2_reg.v:20$2502 ($add).
Removed top 4 bits (of 14) from port B of cell ffn_tile_reg.$flatten\u_comb.\g_row[4].u_tree.$add$/Users/toprakgundogdu/qwen-ffn-rom/rtl/ffn_tile_16x16_b2_reg.v:20$2504 ($add).
Removed top 4 bits (of 14) from port B of cell ffn_tile_reg.$flatten\u_comb.\g_row[3].u_tree.$add$/Users/toprakgundogdu/qwen-ffn-rom/rtl/ffn_tile_16x16_b2_reg.v:20$2494 ($add).
Removed top 4 bits (of 14) from port B of cell ffn_tile_reg.$flatten\u_comb.\g_row[3].u_tree.$add$/Users/toprakgundogdu/qwen-ffn-rom/rtl/ffn_tile_16x16_b2_reg.v:20$2495 ($add).
Removed top 6 bits (of 14) from port B of cell ffn_tile_reg.$flatten\u_comb.\g_row[3].u_tree.$add$/Users/toprakgundogdu/qwen-ffn-rom/rtl/ffn_tile_16x16_b2_reg.v:20$2497 ($add).
Removed top 6 bits (of 14) from port B of cell ffn_tile_reg.$flatten\u_comb.\g_row[3].u_tree.$add$/Users/toprakgundogdu/qwen-ffn-rom/rtl/ffn_tile_16x16_b2_reg.v:20$2501 ($add).
Removed top 6 bits (of 14) from port B of cell ffn_tile_reg.$flatten\u_comb.\g_row[3].u_tree.$add$/Users/toprakgundogdu/qwen-ffn-rom/rtl/ffn_tile_16x16_b2_reg.v:20$2502 ($add).
Removed top 6 bits (of 14) from port B of cell ffn_tile_reg.$flatten\u_comb.\g_row[3].u_tree.$add$/Users/toprakgundogdu/qwen-ffn-rom/rtl/ffn_tile_16x16_b2_reg.v:20$2503 ($add).
Converting cell ffn_tile_reg.$flatten\u_comb.\g_row[2].u_tree.$add$/Users/toprakgundogdu/qwen-ffn-rom/rtl/ffn_tile_16x16_b2_reg.v:20$2492 ($add) from unsigned to signed.
Removed top 6 bits (of 14) from port A of cell ffn_tile_reg.$flatten\u_comb.\g_row[2].u_tree.$add$/Users/toprakgundogdu/qwen-ffn-rom/rtl/ffn_tile_16x16_b2_reg.v:20$2492 ($add).
Removed top 4 bits (of 14) from port B of cell ffn_tile_reg.$flatten\u_comb.\g_row[2].u_tree.$add$/Users/toprakgundogdu/qwen-ffn-rom/rtl/ffn_tile_16x16_b2_reg.v:20$2492 ($add).
Removed top 3 bits (of 14) from port Y of cell ffn_tile_reg.$flatten\u_comb.\g_row[2].u_tree.$add$/Users/toprakgundogdu/qwen-ffn-rom/rtl/ffn_tile_16x16_b2_reg.v:20$2492 ($add).
Converting cell ffn_tile_reg.$flatten\u_comb.\g_row[2].u_tree.$add$/Users/toprakgundogdu/qwen-ffn-rom/rtl/ffn_tile_16x16_b2_reg.v:20$2493 ($add) from unsigned to signed.
Removed top 3 bits (of 14) from port A of cell ffn_tile_reg.$flatten\u_comb.\g_row[2].u_tree.$add$/Users/toprakgundogdu/qwen-ffn-rom/rtl/ffn_tile_16x16_b2_reg.v:20$2493 ($add).
Removed top 6 bits (of 14) from port B of cell ffn_tile_reg.$flatten\u_comb.\g_row[2].u_tree.$add$/Users/toprakgundogdu/qwen-ffn-rom/rtl/ffn_tile_16x16_b2_reg.v:20$2493 ($add).
Removed top 2 bits (of 14) from port Y of cell ffn_tile_reg.$flatten\u_comb.\g_row[2].u_tree.$add$/Users/toprakgundogdu/qwen-ffn-rom/rtl/ffn_tile_16x16_b2_reg.v:20$2493 ($add).
Converting cell ffn_tile_reg.$flatten\u_comb.\g_row[2].u_tree.$add$/Users/toprakgundogdu/qwen-ffn-rom/rtl/ffn_tile_16x16_b2_reg.v:20$2494 ($add) from unsigned to signed.
Removed top 2 bits (of 14) from port A of cell ffn_tile_reg.$flatten\u_comb.\g_row[2].u_tree.$add$/Users/toprakgundogdu/qwen-ffn-rom/rtl/ffn_tile_16x16_b2_reg.v:20$2494 ($add).
Removed top 4 bits (of 14) from port B of cell ffn_tile_reg.$flatten\u_comb.\g_row[2].u_tree.$add$/Users/toprakgundogdu/qwen-ffn-rom/rtl/ffn_tile_16x16_b2_reg.v:20$2494 ($add).
Removed top 1 bits (of 14) from port Y of cell ffn_tile_reg.$flatten\u_comb.\g_row[2].u_tree.$add$/Users/toprakgundogdu/qwen-ffn-rom/rtl/ffn_tile_16x16_b2_reg.v:20$2494 ($add).
Converting cell ffn_tile_reg.$flatten\u_comb.\g_row[2].u_tree.$add$/Users/toprakgundogdu/qwen-ffn-rom/rtl/ffn_tile_16x16_b2_reg.v:20$2496 ($add) from unsigned to signed.
Removed top 1 bits (of 14) from port A of cell ffn_tile_reg.$flatten\u_comb.\g_row[2].u_tree.$add$/Users/toprakgundogdu/qwen-ffn-rom/rtl/ffn_tile_16x16_b2_reg.v:20$2496 ($add).
Removed top 4 bits (of 14) from port B of cell ffn_tile_reg.$flatten\u_comb.\g_row[2].u_tree.$add$/Users/toprakgundogdu/qwen-ffn-rom/rtl/ffn_tile_16x16_b2_reg.v:20$2496 ($add).
Removed top 4 bits (of 14) from port B of cell ffn_tile_reg.$flatten\u_comb.\g_row[2].u_tree.$add$/Users/toprakgundogdu/qwen-ffn-rom/rtl/ffn_tile_16x16_b2_reg.v:20$2497 ($add).
Removed top 6 bits (of 14) from port B of cell ffn_tile_reg.$flatten\u_comb.\g_row[2].u_tree.$add$/Users/toprakgundogdu/qwen-ffn-rom/rtl/ffn_tile_16x16_b2_reg.v:20$2498 ($add).
Removed top 6 bits (of 14) from port B of cell ffn_tile_reg.$flatten\u_comb.\g_row[2].u_tree.$add$/Users/toprakgundogdu/qwen-ffn-rom/rtl/ffn_tile_16x16_b2_reg.v:20$2500 ($add).
Removed top 6 bits (of 14) from port B of cell ffn_tile_reg.$flatten\u_comb.\g_row[2].u_tree.$add$/Users/toprakgundogdu/qwen-ffn-rom/rtl/ffn_tile_16x16_b2_reg.v:20$2501 ($add).
Converting cell ffn_tile_reg.$flatten\u_comb.\g_row[1].u_tree.$add$/Users/toprakgundogdu/qwen-ffn-rom/rtl/ffn_tile_16x16_b2_reg.v:20$2494 ($add) from unsigned to signed.
Removed top 6 bits (of 14) from port A of cell ffn_tile_reg.$flatten\u_comb.\g_row[1].u_tree.$add$/Users/toprakgundogdu/qwen-ffn-rom/rtl/ffn_tile_16x16_b2_reg.v:20$2494 ($add).
Removed top 4 bits (of 14) from port B of cell ffn_tile_reg.$flatten\u_comb.\g_row[1].u_tree.$add$/Users/toprakgundogdu/qwen-ffn-rom/rtl/ffn_tile_16x16_b2_reg.v:20$2494 ($add).
Removed top 3 bits (of 14) from port Y of cell ffn_tile_reg.$flatten\u_comb.\g_row[1].u_tree.$add$/Users/toprakgundogdu/qwen-ffn-rom/rtl/ffn_tile_16x16_b2_reg.v:20$2494 ($add).
Removed top 2 bits (of 10) from port A of cell ffn_tile_reg.$flatten\u_comb.$neg$/Users/toprakgundogdu/qwen-ffn-rom/rtl/ffn_tile_16x16_b2_reg.v:80$2158 ($neg).
Removed top 2 bits (of 10) from port A of cell ffn_tile_reg.$flatten\u_comb.$neg$/Users/toprakgundogdu/qwen-ffn-rom/rtl/ffn_tile_16x16_b2_reg.v:80$2133 ($neg).
Removed top 2 bits (of 10) from port A of cell ffn_tile_reg.$flatten\u_comb.$neg$/Users/toprakgundogdu/qwen-ffn-rom/rtl/ffn_tile_16x16_b2_reg.v:80$1911 ($neg).
Removed top 2 bits (of 10) from port A of cell ffn_tile_reg.$flatten\u_comb.$neg$/Users/toprakgundogdu/qwen-ffn-rom/rtl/ffn_tile_16x16_b2_reg.v:80$1631 ($neg).
Removed top 2 bits (of 10) from port A of cell ffn_tile_reg.$flatten\u_comb.$neg$/Users/toprakgundogdu/qwen-ffn-rom/rtl/ffn_tile_16x16_b2_reg.v:80$1594 ($neg).
Removed top 2 bits (of 10) from port A of cell ffn_tile_reg.$flatten\u_comb.$neg$/Users/toprakgundogdu/qwen-ffn-rom/rtl/ffn_tile_16x16_b2_reg.v:80$1357 ($neg).
Removed top 2 bits (of 10) from port A of cell ffn_tile_reg.$flatten\u_comb.$neg$/Users/toprakgundogdu/qwen-ffn-rom/rtl/ffn_tile_16x16_b2_reg.v:80$1344 ($neg).
Removed top 2 bits (of 10) from port A of cell ffn_tile_reg.$flatten\u_comb.$neg$/Users/toprakgundogdu/qwen-ffn-rom/rtl/ffn_tile_16x16_b2_reg.v:80$1264 ($neg).
Removed top 2 bits (of 10) from port A of cell ffn_tile_reg.$flatten\u_comb.$neg$/Users/toprakgundogdu/qwen-ffn-rom/rtl/ffn_tile_16x16_b2_reg.v:80$1209 ($neg).
Removed top 2 bits (of 10) from port A of cell ffn_tile_reg.$flatten\u_comb.$neg$/Users/toprakgundogdu/qwen-ffn-rom/rtl/ffn_tile_16x16_b2_reg.v:80$1136 ($neg).
Removed top 2 bits (of 10) from port A of cell ffn_tile_reg.$flatten\u_comb.$neg$/Users/toprakgundogdu/qwen-ffn-rom/rtl/ffn_tile_16x16_b2_reg.v:80$1123 ($neg).
Removed top 2 bits (of 10) from port A of cell ffn_tile_reg.$flatten\u_comb.$neg$/Users/toprakgundogdu/qwen-ffn-rom/rtl/ffn_tile_16x16_b2_reg.v:80$1098 ($neg).
Removed top 2 bits (of 10) from port A of cell ffn_tile_reg.$flatten\u_comb.$neg$/Users/toprakgundogdu/qwen-ffn-rom/rtl/ffn_tile_16x16_b2_reg.v:80$1085 ($neg).
Removed top 2 bits (of 10) from port A of cell ffn_tile_reg.$flatten\u_comb.$neg$/Users/toprakgundogdu/qwen-ffn-rom/rtl/ffn_tile_16x16_b2_reg.v:80$1072 ($neg).
Removed top 2 bits (of 10) from port A of cell ffn_tile_reg.$flatten\u_comb.$neg$/Users/toprakgundogdu/qwen-ffn-rom/rtl/ffn_tile_16x16_b2_reg.v:80$894 ($neg).
Removed top 3 bits (of 14) from port A of cell ffn_tile_reg.$flatten\u_comb.\g_row[3].u_tree.$add$/Users/toprakgundogdu/qwen-ffn-rom/rtl/ffn_tile_16x16_b2_reg.v:20$2494 ($add).
Removed top 2 bits (of 14) from port Y of cell ffn_tile_reg.$flatten\u_comb.\g_row[3].u_tree.$add$/Users/toprakgundogdu/qwen-ffn-rom/rtl/ffn_tile_16x16_b2_reg.v:20$2494 ($add).
Removed top 2 bits (of 14) from port A of cell ffn_tile_reg.$flatten\u_comb.\g_row[3].u_tree.$add$/Users/toprakgundogdu/qwen-ffn-rom/rtl/ffn_tile_16x16_b2_reg.v:20$2495 ($add).
Removed top 1 bits (of 14) from port Y of cell ffn_tile_reg.$flatten\u_comb.\g_row[3].u_tree.$add$/Users/toprakgundogdu/qwen-ffn-rom/rtl/ffn_tile_16x16_b2_reg.v:20$2495 ($add).
Removed top 1 bits (of 14) from port A of cell ffn_tile_reg.$flatten\u_comb.\g_row[3].u_tree.$add$/Users/toprakgundogdu/qwen-ffn-rom/rtl/ffn_tile_16x16_b2_reg.v:20$2497 ($add).

7.10. Executing PEEPOPT pass (run peephole optimizers).

7.11. Executing OPT_CLEAN pass (remove unused cells and wires).
Finding unused cells or wires in module \ffn_tile_reg..

7.12. Executing ALUMACC pass (create $alu and $macc cells).
Extracting $alu and $macc cells in module ffn_tile_reg:
  creating $macc model for $flatten\u_comb.\g_row[11].u_tree.$add$/Users/toprakgundogdu/qwen-ffn-rom/rtl/ffn_tile_16x16_b2_reg.v:20$2504 ($add).
  creating $macc model for $flatten\u_comb.$neg$/Users/toprakgundogdu/qwen-ffn-rom/rtl/ffn_tile_16x16_b2_reg.v:80$1136 ($neg).
  creating $macc model for $flatten\u_comb.\g_row[3].u_tree.$add$/Users/toprakgundogdu/qwen-ffn-rom/rtl/ffn_tile_16x16_b2_reg.v:20$2497 ($add).
  creating $macc model for $flatten\u_comb.\g_row[11].u_tree.$add$/Users/toprakgundogdu/qwen-ffn-rom/rtl/ffn_tile_16x16_b2_reg.v:20$2501 ($add).
  creating $macc model for $flatten\u_comb.\g_row[11].u_tree.$add$/Users/toprakgundogdu/qwen-ffn-rom/rtl/ffn_tile_16x16_b2_reg.v:20$2500 ($add).
  creating $macc model for $flatten\u_comb.\g_row[1].u_tree.$add$/Users/toprakgundogdu/qwen-ffn-rom/rtl/ffn_tile_16x16_b2_reg.v:20$2494 ($add).
  creating $macc model for $flatten\u_comb.\g_row[11].u_tree.$add$/Users/toprakgundogdu/qwen-ffn-rom/rtl/ffn_tile_16x16_b2_reg.v:20$2498 ($add).
  creating $macc model for $flatten\u_comb.\g_row[6].u_tree.$add$/Users/toprakgundogdu/qwen-ffn-rom/rtl/ffn_tile_16x16_b2_reg.v:20$2493 ($add).
  creating $macc model for $flatten\u_comb.$neg$/Users/toprakgundogdu/qwen-ffn-rom/rtl/ffn_tile_16x16_b2_reg.v:80$1072 ($neg).
  creating $macc model for $flatten\u_comb.$neg$/Users/toprakgundogdu/qwen-ffn-rom/rtl/ffn_tile_16x16_b2_reg.v:80$1123 ($neg).
  creating $macc model for $flatten\u_comb.$neg$/Users/toprakgundogdu/qwen-ffn-rom/rtl/ffn_tile_16x16_b2_reg.v:80$1098 ($neg).
  creating $macc model for $flatten\u_comb.$neg$/Users/toprakgundogdu/qwen-ffn-rom/rtl/ffn_tile_16x16_b2_reg.v:80$1085 ($neg).
  creating $macc model for $flatten\u_comb.$neg$/Users/toprakgundogdu/qwen-ffn-rom/rtl/ffn_tile_16x16_b2_reg.v:80$1631 ($neg).
  creating $macc model for $flatten\u_comb.$neg$/Users/toprakgundogdu/qwen-ffn-rom/rtl/ffn_tile_16x16_b2_reg.v:80$894 ($neg).
  creating $macc model for $flatten\u_comb.\g_row[3].u_tree.$add$/Users/toprakgundogdu/qwen-ffn-rom/rtl/ffn_tile_16x16_b2_reg.v:20$2495 ($add).
  creating $macc model for $flatten\u_comb.\g_row[12].u_tree.$add$/Users/toprakgundogdu/qwen-ffn-rom/rtl/ffn_tile_16x16_b2_reg.v:20$2503 ($add).
  creating $macc model for $flatten\u_comb.\g_row[3].u_tree.$add$/Users/toprakgundogdu/qwen-ffn-rom/rtl/ffn_tile_16x16_b2_reg.v:20$2494 ($add).
  creating $macc model for $flatten\u_comb.$neg$/Users/toprakgundogdu/qwen-ffn-rom/rtl/ffn_tile_16x16_b2_reg.v:80$2133 ($neg).
  creating $macc model for $flatten\u_comb.\g_row[12].u_tree.$add$/Users/toprakgundogdu/qwen-ffn-rom/rtl/ffn_tile_16x16_b2_reg.v:20$2500 ($add).
  creating $macc model for $flatten\u_comb.\g_row[2].u_tree.$add$/Users/toprakgundogdu/qwen-ffn-rom/rtl/ffn_tile_16x16_b2_reg.v:20$2492 ($add).
  creating $macc model for $flatten\u_comb.$neg$/Users/toprakgundogdu/qwen-ffn-rom/rtl/ffn_tile_16x16_b2_reg.v:80$1911 ($neg).
  creating $macc model for $flatten\u_comb.$neg$/Users/toprakgundogdu/qwen-ffn-rom/rtl/ffn_tile_16x16_b2_reg.v:80$2158 ($neg).
  creating $macc model for $flatten\u_comb.\g_row[12].u_tree.$add$/Users/toprakgundogdu/qwen-ffn-rom/rtl/ffn_tile_16x16_b2_reg.v:20$2495 ($add).
  creating $macc model for $flatten\u_comb.\g_row[4].u_tree.$add$/Users/toprakgundogdu/qwen-ffn-rom/rtl/ffn_tile_16x16_b2_reg.v:20$2504 ($add).
  creating $macc model for $flatten\u_comb.\g_row[12].u_tree.$add$/Users/toprakgundogdu/qwen-ffn-rom/rtl/ffn_tile_16x16_b2_reg.v:20$2492 ($add).
  creating $macc model for $flatten\u_comb.\g_row[7].u_tree.$add$/Users/toprakgundogdu/qwen-ffn-rom/rtl/ffn_tile_16x16_b2_reg.v:20$2498 ($add).
  creating $macc model for $flatten\u_comb.\g_row[4].u_tree.$add$/Users/toprakgundogdu/qwen-ffn-rom/rtl/ffn_tile_16x16_b2_reg.v:20$2502 ($add).
  creating $macc model for $flatten\u_comb.\g_row[7].u_tree.$add$/Users/toprakgundogdu/qwen-ffn-rom/rtl/ffn_tile_16x16_b2_reg.v:20$2496 ($add).
  creating $macc model for $flatten\u_comb.\g_row[13].u_tree.$add$/Users/toprakgundogdu/qwen-ffn-rom/rtl/ffn_tile_16x16_b2_reg.v:20$2501 ($add).
  creating $macc model for $flatten\u_comb.$neg$/Users/toprakgundogdu/qwen-ffn-rom/rtl/ffn_tile_16x16_b2_reg.v:80$1344 ($neg).
  creating $macc model for $flatten\u_comb.\g_row[7].u_tree.$add$/Users/toprakgundogdu/qwen-ffn-rom/rtl/ffn_tile_16x16_b2_reg.v:20$2492 ($add).
  creating $macc model for $flatten\u_comb.\g_row[13].u_tree.$add$/Users/toprakgundogdu/qwen-ffn-rom/rtl/ffn_tile_16x16_b2_reg.v:20$2497 ($add).
  creating $macc model for $flatten\u_comb.\g_row[4].u_tree.$add$/Users/toprakgundogdu/qwen-ffn-rom/rtl/ffn_tile_16x16_b2_reg.v:20$2498 ($add).
  creating $macc model for $flatten\u_comb.$neg$/Users/toprakgundogdu/qwen-ffn-rom/rtl/ffn_tile_16x16_b2_reg.v:80$1357 ($neg).
  creating $macc model for $flatten\u_comb.\g_row[4].u_tree.$add$/Users/toprakgundogdu/qwen-ffn-rom/rtl/ffn_tile_16x16_b2_reg.v:20$2496 ($add).
  creating $macc model for $flatten\u_comb.\g_row[2].u_tree.$add$/Users/toprakgundogdu/qwen-ffn-rom/rtl/ffn_tile_16x16_b2_reg.v:20$2501 ($add).
  creating $macc model for $flatten\u_comb.\g_row[13].u_tree.$add$/Users/toprakgundogdu/qwen-ffn-rom/rtl/ffn_tile_16x16_b2_reg.v:20$2491 ($add).
  creating $macc model for $flatten\u_comb.\g_row[13].u_tree.$add$/Users/toprakgundogdu/qwen-ffn-rom/rtl/ffn_tile_16x16_b2_reg.v:20$2490 ($add).
  creating $macc model for $flatten\u_comb.\g_row[4].u_tree.$add$/Users/toprakgundogdu/qwen-ffn-rom/rtl/ffn_tile_16x16_b2_reg.v:20$2494 ($add).
  creating $macc model for $flatten\u_comb.\g_row[2].u_tree.$add$/Users/toprakgundogdu/qwen-ffn-rom/rtl/ffn_tile_16x16_b2_reg.v:20$2500 ($add).
  creating $macc model for $flatten\u_comb.$neg$/Users/toprakgundogdu/qwen-ffn-rom/rtl/ffn_tile_16x16_b2_reg.v:80$1594 ($neg).
  creating $macc model for $flatten\u_comb.\g_row[8].u_tree.$add$/Users/toprakgundogdu/qwen-ffn-rom/rtl/ffn_tile_16x16_b2_reg.v:20$2499 ($add).
  creating $macc model for $flatten\u_comb.$neg$/Users/toprakgundogdu/qwen-ffn-rom/rtl/ffn_tile_16x16_b2_reg.v:80$1209 ($neg).
  creating $macc model for $flatten\u_comb.\g_row[8].u_tree.$add$/Users/toprakgundogdu/qwen-ffn-rom/rtl/ffn_tile_16x16_b2_reg.v:20$2495 ($add).
  creating $macc model for $flatten\u_comb.\g_row[5].u_tree.$add$/Users/toprakgundogdu/qwen-ffn-rom/rtl/ffn_tile_16x16_b2_reg.v:20$2504 ($add).
  creating $macc model for $flatten\u_comb.\g_row[2].u_tree.$add$/Users/toprakgundogdu/qwen-ffn-rom/rtl/ffn_tile_16x16_b2_reg.v:20$2498 ($add).
  creating $macc model for $flatten\u_comb.\g_row[2].u_tree.$add$/Users/toprakgundogdu/qwen-ffn-rom/rtl/ffn_tile_16x16_b2_reg.v:20$2497 ($add).
  creating $macc model for $flatten\u_comb.\g_row[2].u_tree.$add$/Users/toprakgundogdu/qwen-ffn-rom/rtl/ffn_tile_16x16_b2_reg.v:20$2496 ($add).
  creating $macc model for $flatten\u_comb.\g_row[5].u_tree.$add$/Users/toprakgundogdu/qwen-ffn-rom/rtl/ffn_tile_16x16_b2_reg.v:20$2500 ($add).
  creating $macc model for $flatten\u_comb.\g_row[6].u_tree.$add$/Users/toprakgundogdu/qwen-ffn-rom/rtl/ffn_tile_16x16_b2_reg.v:20$2503 ($add).
  creating $macc model for $flatten\u_comb.\g_row[10].u_tree.$add$/Users/toprakgundogdu/qwen-ffn-rom/rtl/ffn_tile_16x16_b2_reg.v:20$2496 ($add).
  creating $macc model for $flatten\u_comb.\g_row[15].u_tree.$add$/Users/toprakgundogdu/qwen-ffn-rom/rtl/ffn_tile_16x16_b2_reg.v:20$2504 ($add).
  creating $macc model for $flatten\u_comb.\g_row[5].u_tree.$add$/Users/toprakgundogdu/qwen-ffn-rom/rtl/ffn_tile_16x16_b2_reg.v:20$2499 ($add).
  creating $macc model for $flatten\u_comb.\g_row[15].u_tree.$add$/Users/toprakgundogdu/qwen-ffn-rom/rtl/ffn_tile_16x16_b2_reg.v:20$2501 ($add).
  creating $macc model for $flatten\u_comb.\g_row[15].u_tree.$add$/Users/toprakgundogdu/qwen-ffn-rom/rtl/ffn_tile_16x16_b2_reg.v:20$2500 ($add).
  creating $macc model for $flatten\u_comb.\g_row[3].u_tree.$add$/Users/toprakgundogdu/qwen-ffn-rom/rtl/ffn_tile_16x16_b2_reg.v:20$2503 ($add).
  creating $macc model for $flatten\u_comb.\g_row[2].u_tree.$add$/Users/toprakgundogdu/qwen-ffn-rom/rtl/ffn_tile_16x16_b2_reg.v:20$2494 ($add).
  creating $macc model for $flatten\u_comb.\g_row[9].u_tree.$add$/Users/toprakgundogdu/qwen-ffn-rom/rtl/ffn_tile_16x16_b2_reg.v:20$2501 ($add).
  creating $macc model for $flatten\u_comb.\g_row[9].u_tree.$add$/Users/toprakgundogdu/qwen-ffn-rom/rtl/ffn_tile_16x16_b2_reg.v:20$2500 ($add).
  creating $macc model for $flatten\u_comb.\g_row[15].u_tree.$add$/Users/toprakgundogdu/qwen-ffn-rom/rtl/ffn_tile_16x16_b2_reg.v:20$2495 ($add).
  creating $macc model for $flatten\u_comb.\g_row[2].u_tree.$add$/Users/toprakgundogdu/qwen-ffn-rom/rtl/ffn_tile_16x16_b2_reg.v:20$2493 ($add).
  creating $macc model for $flatten\u_comb.\g_row[3].u_tree.$add$/Users/toprakgundogdu/qwen-ffn-rom/rtl/ffn_tile_16x16_b2_reg.v:20$2502 ($add).
  creating $macc model for $flatten\u_comb.\g_row[15].u_tree.$add$/Users/toprakgundogdu/qwen-ffn-rom/rtl/ffn_tile_16x16_b2_reg.v:20$2492 ($add).
  creating $macc model for $flatten\u_comb.$neg$/Users/toprakgundogdu/qwen-ffn-rom/rtl/ffn_tile_16x16_b2_reg.v:80$1264 ($neg).
  creating $macc model for $flatten\u_comb.\g_row[3].u_tree.$add$/Users/toprakgundogdu/qwen-ffn-rom/rtl/ffn_tile_16x16_b2_reg.v:20$2501 ($add).
  creating $macc model for $flatten\u_comb.\g_row[6].u_tree.$add$/Users/toprakgundogdu/qwen-ffn-rom/rtl/ffn_tile_16x16_b2_reg.v:20$2499 ($add).
  merging $macc model for $flatten\u_comb.\g_row[6].u_tree.$add$/Users/toprakgundogdu/qwen-ffn-rom/rtl/ffn_tile_16x16_b2_reg.v:20$2493 into $flatten\u_comb.\g_row[6].u_tree.$add$/Users/toprakgundogdu/qwen-ffn-rom/rtl/ffn_tile_16x16_b2_reg.v:20$2499.
  merging $macc model for $flatten\u_comb.\g_row[3].u_tree.$add$/Users/toprakgundogdu/qwen-ffn-rom/rtl/ffn_tile_16x16_b2_reg.v:20$2497 into $flatten\u_comb.\g_row[3].u_tree.$add$/Users/toprakgundogdu/qwen-ffn-rom/rtl/ffn_tile_16x16_b2_reg.v:20$2501.
  merging $macc model for $flatten\u_comb.\g_row[3].u_tree.$add$/Users/toprakgundogdu/qwen-ffn-rom/rtl/ffn_tile_16x16_b2_reg.v:20$2495 into $flatten\u_comb.\g_row[3].u_tree.$add$/Users/toprakgundogdu/qwen-ffn-rom/rtl/ffn_tile_16x16_b2_reg.v:20$2501.
  merging $macc model for $flatten\u_comb.\g_row[3].u_tree.$add$/Users/toprakgundogdu/qwen-ffn-rom/rtl/ffn_tile_16x16_b2_reg.v:20$2494 into $flatten\u_comb.\g_row[3].u_tree.$add$/Users/toprakgundogdu/qwen-ffn-rom/rtl/ffn_tile_16x16_b2_reg.v:20$2501.
  merging $macc model for $flatten\u_comb.\g_row[3].u_tree.$add$/Users/toprakgundogdu/qwen-ffn-rom/rtl/ffn_tile_16x16_b2_reg.v:20$2501 into $flatten\u_comb.\g_row[3].u_tree.$add$/Users/toprakgundogdu/qwen-ffn-rom/rtl/ffn_tile_16x16_b2_reg.v:20$2502.
  merging $macc model for $flatten\u_comb.\g_row[15].u_tree.$add$/Users/toprakgundogdu/qwen-ffn-rom/rtl/ffn_tile_16x16_b2_reg.v:20$2492 into $flatten\u_comb.\g_row[15].u_tree.$add$/Users/toprakgundogdu/qwen-ffn-rom/rtl/ffn_tile_16x16_b2_reg.v:20$2495.
  merging $macc model for $flatten\u_comb.\g_row[9].u_tree.$add$/Users/toprakgundogdu/qwen-ffn-rom/rtl/ffn_tile_16x16_b2_reg.v:20$2500 into $flatten\u_comb.\g_row[9].u_tree.$add$/Users/toprakgundogdu/qwen-ffn-rom/rtl/ffn_tile_16x16_b2_reg.v:20$2501.
  merging $macc model for $flatten\u_comb.\g_row[2].u_tree.$add$/Users/toprakgundogdu/qwen-ffn-rom/rtl/ffn_tile_16x16_b2_reg.v:20$2493 into $flatten\u_comb.\g_row[2].u_tree.$add$/Users/toprakgundogdu/qwen-ffn-rom/rtl/ffn_tile_16x16_b2_reg.v:20$2494.
  merging $macc model for $flatten\u_comb.\g_row[3].u_tree.$add$/Users/toprakgundogdu/qwen-ffn-rom/rtl/ffn_tile_16x16_b2_reg.v:20$2502 into $flatten\u_comb.\g_row[3].u_tree.$add$/Users/toprakgundogdu/qwen-ffn-rom/rtl/ffn_tile_16x16_b2_reg.v:20$2503.
  merging $macc model for $flatten\u_comb.\g_row[15].u_tree.$add$/Users/toprakgundogdu/qwen-ffn-rom/rtl/ffn_tile_16x16_b2_reg.v:20$2495 into $flatten\u_comb.\g_row[15].u_tree.$add$/Users/toprakgundogdu/qwen-ffn-rom/rtl/ffn_tile_16x16_b2_reg.v:20$2500.
  merging $macc model for $flatten\u_comb.\g_row[15].u_tree.$add$/Users/toprakgundogdu/qwen-ffn-rom/rtl/ffn_tile_16x16_b2_reg.v:20$2500 into $flatten\u_comb.\g_row[15].u_tree.$add$/Users/toprakgundogdu/qwen-ffn-rom/rtl/ffn_tile_16x16_b2_reg.v:20$2501.
  merging $macc model for $flatten\u_comb.\g_row[15].u_tree.$add$/Users/toprakgundogdu/qwen-ffn-rom/rtl/ffn_tile_16x16_b2_reg.v:20$2501 into $flatten\u_comb.\g_row[15].u_tree.$add$/Users/toprakgundogdu/qwen-ffn-rom/rtl/ffn_tile_16x16_b2_reg.v:20$2504.
  merging $macc model for $flatten\u_comb.\g_row[6].u_tree.$add$/Users/toprakgundogdu/qwen-ffn-rom/rtl/ffn_tile_16x16_b2_reg.v:20$2499 into $flatten\u_comb.\g_row[6].u_tree.$add$/Users/toprakgundogdu/qwen-ffn-rom/rtl/ffn_tile_16x16_b2_reg.v:20$2503.
  merging $macc model for $flatten\u_comb.\g_row[5].u_tree.$add$/Users/toprakgundogdu/qwen-ffn-rom/rtl/ffn_tile_16x16_b2_reg.v:20$2499 into $flatten\u_comb.\g_row[5].u_tree.$add$/Users/toprakgundogdu/qwen-ffn-rom/rtl/ffn_tile_16x16_b2_reg.v:20$2500.
  merging $macc model for $flatten\u_comb.\g_row[2].u_tree.$add$/Users/toprakgundogdu/qwen-ffn-rom/rtl/ffn_tile_16x16_b2_reg.v:20$2494 into $flatten\u_comb.\g_row[2].u_tree.$add$/Users/toprakgundogdu/qwen-ffn-rom/rtl/ffn_tile_16x16_b2_reg.v:20$2496.
  merging $macc model for $flatten\u_comb.\g_row[2].u_tree.$add$/Users/toprakgundogdu/qwen-ffn-rom/rtl/ffn_tile_16x16_b2_reg.v:20$2496 into $flatten\u_comb.\g_row[2].u_tree.$add$/Users/toprakgundogdu/qwen-ffn-rom/rtl/ffn_tile_16x16_b2_reg.v:20$2497.
  merging $macc model for $flatten\u_comb.\g_row[2].u_tree.$add$/Users/toprakgundogdu/qwen-ffn-rom/rtl/ffn_tile_16x16_b2_reg.v:20$2497 into $flatten\u_comb.\g_row[2].u_tree.$add$/Users/toprakgundogdu/qwen-ffn-rom/rtl/ffn_tile_16x16_b2_reg.v:20$2498.
  merging $macc model for $flatten\u_comb.\g_row[5].u_tree.$add$/Users/toprakgundogdu/qwen-ffn-rom/rtl/ffn_tile_16x16_b2_reg.v:20$2500 into $flatten\u_comb.\g_row[5].u_tree.$add$/Users/toprakgundogdu/qwen-ffn-rom/rtl/ffn_tile_16x16_b2_reg.v:20$2504.
  merging $macc model for $flatten\u_comb.\g_row[8].u_tree.$add$/Users/toprakgundogdu/qwen-ffn-rom/rtl/ffn_tile_16x16_b2_reg.v:20$2495 into $flatten\u_comb.\g_row[8].u_tree.$add$/Users/toprakgundogdu/qwen-ffn-rom/rtl/ffn_tile_16x16_b2_reg.v:20$2499.
  merging $macc model for $flatten\u_comb.\g_row[2].u_tree.$add$/Users/toprakgundogdu/qwen-ffn-rom/rtl/ffn_tile_16x16_b2_reg.v:20$2498 into $flatten\u_comb.\g_row[2].u_tree.$add$/Users/toprakgundogdu/qwen-ffn-rom/rtl/ffn_tile_16x16_b2_reg.v:20$2500.
  merging $macc model for $flatten\u_comb.\g_row[13].u_tree.$add$/Users/toprakgundogdu/qwen-ffn-rom/rtl/ffn_tile_16x16_b2_reg.v:20$2490 into $flatten\u_comb.\g_row[13].u_tree.$add$/Users/toprakgundogdu/qwen-ffn-rom/rtl/ffn_tile_16x16_b2_reg.v:20$2491.
  merging $macc model for $flatten\u_comb.\g_row[2].u_tree.$add$/Users/toprakgundogdu/qwen-ffn-rom/rtl/ffn_tile_16x16_b2_reg.v:20$2500 into $flatten\u_comb.\g_row[2].u_tree.$add$/Users/toprakgundogdu/qwen-ffn-rom/rtl/ffn_tile_16x16_b2_reg.v:20$2501.
  merging $macc model for $flatten\u_comb.\g_row[4].u_tree.$add$/Users/toprakgundogdu/qwen-ffn-rom/rtl/ffn_tile_16x16_b2_reg.v:20$2494 into $flatten\u_comb.\g_row[4].u_tree.$add$/Users/toprakgundogdu/qwen-ffn-rom/rtl/ffn_tile_16x16_b2_reg.v:20$2496.
  merging $macc model for $flatten\u_comb.\g_row[4].u_tree.$add$/Users/toprakgundogdu/qwen-ffn-rom/rtl/ffn_tile_16x16_b2_reg.v:20$2496 into $flatten\u_comb.\g_row[4].u_tree.$add$/Users/toprakgundogdu/qwen-ffn-rom/rtl/ffn_tile_16x16_b2_reg.v:20$2498.
  merging $macc model for $flatten\u_comb.\g_row[13].u_tree.$add$/Users/toprakgundogdu/qwen-ffn-rom/rtl/ffn_tile_16x16_b2_reg.v:20$2491 into $flatten\u_comb.\g_row[13].u_tree.$add$/Users/toprakgundogdu/qwen-ffn-rom/rtl/ffn_tile_16x16_b2_reg.v:20$2497.
  merging $macc model for $flatten\u_comb.\g_row[13].u_tree.$add$/Users/toprakgundogdu/qwen-ffn-rom/rtl/ffn_tile_16x16_b2_reg.v:20$2497 into $flatten\u_comb.\g_row[13].u_tree.$add$/Users/toprakgundogdu/qwen-ffn-rom/rtl/ffn_tile_16x16_b2_reg.v:20$2501.
  merging $macc model for $flatten\u_comb.\g_row[7].u_tree.$add$/Users/toprakgundogdu/qwen-ffn-rom/rtl/ffn_tile_16x16_b2_reg.v:20$2492 into $flatten\u_comb.\g_row[7].u_tree.$add$/Users/toprakgundogdu/qwen-ffn-rom/rtl/ffn_tile_16x16_b2_reg.v:20$2496.
  merging $macc model for $flatten\u_comb.\g_row[4].u_tree.$add$/Users/toprakgundogdu/qwen-ffn-rom/rtl/ffn_tile_16x16_b2_reg.v:20$2498 into $flatten\u_comb.\g_row[4].u_tree.$add$/Users/toprakgundogdu/qwen-ffn-rom/rtl/ffn_tile_16x16_b2_reg.v:20$2502.
  merging $macc model for $flatten\u_comb.$neg$/Users/toprakgundogdu/qwen-ffn-rom/rtl/ffn_tile_16x16_b2_reg.v:80$1123 into $flatten\u_comb.\g_row[4].u_tree.$add$/Users/toprakgundogdu/qwen-ffn-rom/rtl/ffn_tile_16x16_b2_reg.v:20$2502.
  merging $macc model for $flatten\u_comb.\g_row[7].u_tree.$add$/Users/toprakgundogdu/qwen-ffn-rom/rtl/ffn_tile_16x16_b2_reg.v:20$2496 into $flatten\u_comb.\g_row[7].u_tree.$add$/Users/toprakgundogdu/qwen-ffn-rom/rtl/ffn_tile_16x16_b2_reg.v:20$2498.
  merging $macc model for $flatten\u_comb.\g_row[4].u_tree.$add$/Users/toprakgundogdu/qwen-ffn-rom/rtl/ffn_tile_16x16_b2_reg.v:20$2502 into $flatten\u_comb.\g_row[4].u_tree.$add$/Users/toprakgundogdu/qwen-ffn-rom/rtl/ffn_tile_16x16_b2_reg.v:20$2504.
  merging $macc model for $flatten\u_comb.\g_row[12].u_tree.$add$/Users/toprakgundogdu/qwen-ffn-rom/rtl/ffn_tile_16x16_b2_reg.v:20$2492 into $flatten\u_comb.\g_row[12].u_tree.$add$/Users/toprakgundogdu/qwen-ffn-rom/rtl/ffn_tile_16x16_b2_reg.v:20$2495.
  merging $macc model for $flatten\u_comb.\g_row[12].u_tree.$add$/Users/toprakgundogdu/qwen-ffn-rom/rtl/ffn_tile_16x16_b2_reg.v:20$2495 into $flatten\u_comb.\g_row[12].u_tree.$add$/Users/toprakgundogdu/qwen-ffn-rom/rtl/ffn_tile_16x16_b2_reg.v:20$2500.
  merging $macc model for $flatten\u_comb.\g_row[12].u_tree.$add$/Users/toprakgundogdu/qwen-ffn-rom/rtl/ffn_tile_16x16_b2_reg.v:20$2500 into $flatten\u_comb.\g_row[12].u_tree.$add$/Users/toprakgundogdu/qwen-ffn-rom/rtl/ffn_tile_16x16_b2_reg.v:20$2503.
  merging $macc model for $flatten\u_comb.$neg$/Users/toprakgundogdu/qwen-ffn-rom/rtl/ffn_tile_16x16_b2_reg.v:80$1911 into $flatten\u_comb.\g_row[12].u_tree.$add$/Users/toprakgundogdu/qwen-ffn-rom/rtl/ffn_tile_16x16_b2_reg.v:20$2503.
  merging $macc model for $flatten\u_comb.\g_row[11].u_tree.$add$/Users/toprakgundogdu/qwen-ffn-rom/rtl/ffn_tile_16x16_b2_reg.v:20$2498 into $flatten\u_comb.\g_row[11].u_tree.$add$/Users/toprakgundogdu/qwen-ffn-rom/rtl/ffn_tile_16x16_b2_reg.v:20$2500.
  merging $macc model for $flatten\u_comb.\g_row[11].u_tree.$add$/Users/toprakgundogdu/qwen-ffn-rom/rtl/ffn_tile_16x16_b2_reg.v:20$2500 into $flatten\u_comb.\g_row[11].u_tree.$add$/Users/toprakgundogdu/qwen-ffn-rom/rtl/ffn_tile_16x16_b2_reg.v:20$2501.
  merging $macc model for $flatten\u_comb.\g_row[11].u_tree.$add$/Users/toprakgundogdu/qwen-ffn-rom/rtl/ffn_tile_16x16_b2_reg.v:20$2501 into $flatten\u_comb.\g_row[11].u_tree.$add$/Users/toprakgundogdu/qwen-ffn-rom/rtl/ffn_tile_16x16_b2_reg.v:20$2504.
  creating $alu model for $macc $flatten\u_comb.\g_row[2].u_tree.$add$/Users/toprakgundogdu/qwen-ffn-rom/rtl/ffn_tile_16x16_b2_reg.v:20$2492.
  creating $alu model for $macc $flatten\u_comb.\g_row[10].u_tree.$add$/Users/toprakgundogdu/qwen-ffn-rom/rtl/ffn_tile_16x16_b2_reg.v:20$2496.
  creating $alu model for $macc $flatten\u_comb.\g_row[1].u_tree.$add$/Users/toprakgundogdu/qwen-ffn-rom/rtl/ffn_tile_16x16_b2_reg.v:20$2494.
  creating $macc cell for $flatten\u_comb.\g_row[5].u_tree.$add$/Users/toprakgundogdu/qwen-ffn-rom/rtl/ffn_tile_16x16_b2_reg.v:20$2504: $auto$alumacc.cc:399:replace_macc$2524
  creating $macc cell for $flatten\u_comb.\g_row[4].u_tree.$add$/Users/toprakgundogdu/qwen-ffn-rom/rtl/ffn_tile_16x16_b2_reg.v:20$2504: $auto$alumacc.cc:399:replace_macc$2525
  creating $macc cell for $flatten\u_comb.\g_row[2].u_tree.$add$/Users/toprakgundogdu/qwen-ffn-rom/rtl/ffn_tile_16x16_b2_reg.v:20$2501: $auto$alumacc.cc:399:replace_macc$2526
  creating $macc cell for $flatten\u_comb.$neg$/Users/toprakgundogdu/qwen-ffn-rom/rtl/ffn_tile_16x16_b2_reg.v:80$2158: $auto$alumacc.cc:399:replace_macc$2527
  creating $macc cell for $flatten\u_comb.$neg$/Users/toprakgundogdu/qwen-ffn-rom/rtl/ffn_tile_16x16_b2_reg.v:80$1357: $auto$alumacc.cc:399:replace_macc$2528
  creating $macc cell for $flatten\u_comb.\g_row[7].u_tree.$add$/Users/toprakgundogdu/qwen-ffn-rom/rtl/ffn_tile_16x16_b2_reg.v:20$2498: $auto$alumacc.cc:399:replace_macc$2529
  creating $macc cell for $flatten\u_comb.\g_row[8].u_tree.$add$/Users/toprakgundogdu/qwen-ffn-rom/rtl/ffn_tile_16x16_b2_reg.v:20$2499: $auto$alumacc.cc:399:replace_macc$2530
  creating $macc cell for $flatten\u_comb.$neg$/Users/toprakgundogdu/qwen-ffn-rom/rtl/ffn_tile_16x16_b2_reg.v:80$2133: $auto$alumacc.cc:399:replace_macc$2531
  creating $macc cell for $flatten\u_comb.\g_row[6].u_tree.$add$/Users/toprakgundogdu/qwen-ffn-rom/rtl/ffn_tile_16x16_b2_reg.v:20$2503: $auto$alumacc.cc:399:replace_macc$2532
  creating $macc cell for $flatten\u_comb.\g_row[12].u_tree.$add$/Users/toprakgundogdu/qwen-ffn-rom/rtl/ffn_tile_16x16_b2_reg.v:20$2503: $auto$alumacc.cc:399:replace_macc$2533
  creating $macc cell for $flatten\u_comb.\g_row[15].u_tree.$add$/Users/toprakgundogdu/qwen-ffn-rom/rtl/ffn_tile_16x16_b2_reg.v:20$2504: $auto$alumacc.cc:399:replace_macc$2534
  creating $macc cell for $flatten\u_comb.$neg$/Users/toprakgundogdu/qwen-ffn-rom/rtl/ffn_tile_16x16_b2_reg.v:80$894: $auto$alumacc.cc:399:replace_macc$2535
  creating $macc cell for $flatten\u_comb.$neg$/Users/toprakgundogdu/qwen-ffn-rom/rtl/ffn_tile_16x16_b2_reg.v:80$1631: $auto$alumacc.cc:399:replace_macc$2536
  creating $macc cell for $flatten\u_comb.$neg$/Users/toprakgundogdu/qwen-ffn-rom/rtl/ffn_tile_16x16_b2_reg.v:80$1085: $auto$alumacc.cc:399:replace_macc$2537
  creating $macc cell for $flatten\u_comb.$neg$/Users/toprakgundogdu/qwen-ffn-rom/rtl/ffn_tile_16x16_b2_reg.v:80$1098: $auto$alumacc.cc:399:replace_macc$2538
  creating $macc cell for $flatten\u_comb.$neg$/Users/toprakgundogdu/qwen-ffn-rom/rtl/ffn_tile_16x16_b2_reg.v:80$1209: $auto$alumacc.cc:399:replace_macc$2539
  creating $macc cell for $flatten\u_comb.$neg$/Users/toprakgundogdu/qwen-ffn-rom/rtl/ffn_tile_16x16_b2_reg.v:80$1072: $auto$alumacc.cc:399:replace_macc$2540
  creating $macc cell for $flatten\u_comb.\g_row[13].u_tree.$add$/Users/toprakgundogdu/qwen-ffn-rom/rtl/ffn_tile_16x16_b2_reg.v:20$2501: $auto$alumacc.cc:399:replace_macc$2541
  creating $macc cell for $flatten\u_comb.$neg$/Users/toprakgundogdu/qwen-ffn-rom/rtl/ffn_tile_16x16_b2_reg.v:80$1264: $auto$alumacc.cc:399:replace_macc$2542
  creating $macc cell for $flatten\u_comb.\g_row[9].u_tree.$add$/Users/toprakgundogdu/qwen-ffn-rom/rtl/ffn_tile_16x16_b2_reg.v:20$2501: $auto$alumacc.cc:399:replace_macc$2543
  creating $macc cell for $flatten\u_comb.\g_row[3].u_tree.$add$/Users/toprakgundogdu/qwen-ffn-rom/rtl/ffn_tile_16x16_b2_reg.v:20$2503: $auto$alumacc.cc:399:replace_macc$2544
  creating $macc cell for $flatten\u_comb.$neg$/Users/toprakgundogdu/qwen-ffn-rom/rtl/ffn_tile_16x16_b2_reg.v:80$1594: $auto$alumacc.cc:399:replace_macc$2545
  creating $macc cell for $flatten\u_comb.$neg$/Users/toprakgundogdu/qwen-ffn-rom/rtl/ffn_tile_16x16_b2_reg.v:80$1344: $auto$alumacc.cc:399:replace_macc$2546
  creating $macc cell for $flatten\u_comb.$neg$/Users/toprakgundogdu/qwen-ffn-rom/rtl/ffn_tile_16x16_b2_reg.v:80$1136: $auto$alumacc.cc:399:replace_macc$2547
  creating $macc cell for $flatten\u_comb.\g_row[11].u_tree.$add$/Users/toprakgundogdu/qwen-ffn-rom/rtl/ffn_tile_16x16_b2_reg.v:20$2504: $auto$alumacc.cc:399:replace_macc$2548
  creating $alu cell for $flatten\u_comb.\g_row[1].u_tree.$add$/Users/toprakgundogdu/qwen-ffn-rom/rtl/ffn_tile_16x16_b2_reg.v:20$2494: $auto$alumacc.cc:548:replace_alu$2549
  creating $alu cell for $flatten\u_comb.\g_row[10].u_tree.$add$/Users/toprakgundogdu/qwen-ffn-rom/rtl/ffn_tile_16x16_b2_reg.v:20$2496: $auto$alumacc.cc:548:replace_alu$2552
  creating $alu cell for $flatten\u_comb.\g_row[2].u_tree.$add$/Users/toprakgundogdu/qwen-ffn-rom/rtl/ffn_tile_16x16_b2_reg.v:20$2492: $auto$alumacc.cc:548:replace_alu$2555
  created 3 $alu and 25 $macc cells.

7.13. Executing SHARE pass (SAT-based resource sharing).

7.14. Executing OPT pass (performing simple optimizations).

7.14.1. Executing OPT_EXPR pass (perform const folding).
Optimizing module ffn_tile_reg.

7.14.2. Executing OPT_MERGE pass (detect identical cells).
Finding identical cells in module `\ffn_tile_reg'.
Computing hashes of 85 cells of `\ffn_tile_reg'.
Finding duplicate cells in `\ffn_tile_reg'.
Removed a total of 0 cells.

7.14.3. Executing OPT_MUXTREE pass (detect dead branches in mux trees).
Running muxtree optimizer on module \ffn_tile_reg..
  Creating internal representation of mux trees.
  No muxes found in this module.
Removed 0 multiplexer ports.

7.14.4. Executing OPT_REDUCE pass (consolidate $*mux and $reduce_* inputs).
  Optimizing cells in module \ffn_tile_reg.
Performed a total of 0 changes.

7.14.5. Executing OPT_MERGE pass (detect identical cells).
Finding identical cells in module `\ffn_tile_reg'.
Computing hashes of 85 cells of `\ffn_tile_reg'.
Finding duplicate cells in `\ffn_tile_reg'.
Removed a total of 0 cells.

7.14.6. Executing OPT_DFF pass (perform DFF optimizations).

7.14.7. Executing OPT_CLEAN pass (remove unused cells and wires).
Finding unused cells or wires in module \ffn_tile_reg..
Removed 38 unused cells and 42 unused wires.
<suppressed ~43 debug messages>

7.14.8. Executing OPT_EXPR pass (perform const folding).
Optimizing module ffn_tile_reg.

7.14.9. Rerunning OPT passes. (Maybe there is more to do..)

7.14.10. Executing OPT_MUXTREE pass (detect dead branches in mux trees).
Running muxtree optimizer on module \ffn_tile_reg..
  Creating internal representation of mux trees.
  No muxes found in this module.
Removed 0 multiplexer ports.

7.14.11. Executing OPT_REDUCE pass (consolidate $*mux and $reduce_* inputs).
  Optimizing cells in module \ffn_tile_reg.
Performed a total of 0 changes.

7.14.12. Executing OPT_MERGE pass (detect identical cells).
Finding identical cells in module `\ffn_tile_reg'.
Computing hashes of 47 cells of `\ffn_tile_reg'.
Finding duplicate cells in `\ffn_tile_reg'.
Removed a total of 0 cells.

7.14.13. Executing OPT_DFF pass (perform DFF optimizations).

7.14.14. Executing OPT_CLEAN pass (remove unused cells and wires).
Finding unused cells or wires in module \ffn_tile_reg..

7.14.15. Executing OPT_EXPR pass (perform const folding).
Optimizing module ffn_tile_reg.

7.14.16. Finished fast OPT passes. (There is nothing left to do.)

7.15. Executing MEMORY pass.

7.15.1. Executing OPT_MEM pass (optimize memories).
Performed a total of 0 transformations.

7.15.2. Executing OPT_MEM_PRIORITY pass (removing unnecessary memory write priority relations).
Performed a total of 0 transformations.

7.15.3. Executing OPT_MEM_FEEDBACK pass (finding memory read-to-write feedback paths).

7.15.4. Executing MEMORY_BMUX2ROM pass (converting muxes to ROMs).

7.15.5. Executing MEMORY_DFF pass (merging $dff cells to $memrd).

7.15.6. Executing OPT_CLEAN pass (remove unused cells and wires).
Finding unused cells or wires in module \ffn_tile_reg..

7.15.7. Executing MEMORY_SHARE pass (consolidating $memrd/$memwr cells).

7.15.8. Executing OPT_MEM_WIDEN pass (optimize memories where all ports are wide).
Performed a total of 0 transformations.

7.15.9. Executing OPT_CLEAN pass (remove unused cells and wires).
Finding unused cells or wires in module \ffn_tile_reg..

7.15.10. Executing MEMORY_COLLECT pass (generating $mem cells).

7.16. Executing OPT_CLEAN pass (remove unused cells and wires).
Finding unused cells or wires in module \ffn_tile_reg..

7.17. Executing OPT pass (performing simple optimizations).

7.17.1. Executing OPT_EXPR pass (perform const folding).
Optimizing module ffn_tile_reg.
<suppressed ~29 debug messages>

7.17.2. Executing OPT_MERGE pass (detect identical cells).
Finding identical cells in module `\ffn_tile_reg'.
Computing hashes of 47 cells of `\ffn_tile_reg'.
Finding duplicate cells in `\ffn_tile_reg'.
Removed a total of 0 cells.

7.17.3. Executing OPT_DFF pass (perform DFF optimizations).

7.17.4. Executing OPT_CLEAN pass (remove unused cells and wires).
Finding unused cells or wires in module \ffn_tile_reg..

7.17.5. Finished fast OPT passes.

7.18. Executing MEMORY_MAP pass (converting memories to logic and flip-flops).

7.19. Executing OPT pass (performing simple optimizations).

7.19.1. Executing OPT_EXPR pass (perform const folding).
Optimizing module ffn_tile_reg.

7.19.2. Executing OPT_MERGE pass (detect identical cells).
Finding identical cells in module `\ffn_tile_reg'.
Computing hashes of 47 cells of `\ffn_tile_reg'.
Finding duplicate cells in `\ffn_tile_reg'.
Removed a total of 0 cells.

7.19.3. Executing OPT_MUXTREE pass (detect dead branches in mux trees).
Running muxtree optimizer on module \ffn_tile_reg..
  Creating internal representation of mux trees.
  No muxes found in this module.
Removed 0 multiplexer ports.

7.19.4. Executing OPT_REDUCE pass (consolidate $*mux and $reduce_* inputs).
  Optimizing cells in module \ffn_tile_reg.
Performed a total of 0 changes.

7.19.5. Executing OPT_MERGE pass (detect identical cells).
Finding identical cells in module `\ffn_tile_reg'.
Computing hashes of 47 cells of `\ffn_tile_reg'.
Finding duplicate cells in `\ffn_tile_reg'.
Removed a total of 0 cells.

7.19.6. Executing OPT_SHARE pass.

7.19.7. Executing OPT_DFF pass (perform DFF optimizations).

7.19.8. Executing OPT_CLEAN pass (remove unused cells and wires).
Finding unused cells or wires in module \ffn_tile_reg..

7.19.9. Executing OPT_EXPR pass (perform const folding).
Optimizing module ffn_tile_reg.

7.19.10. Finished fast OPT passes. (There is nothing left to do.)

7.20. Executing TECHMAP pass (map to technology primitives).

7.20.1. Executing Verilog-2005 frontend: /opt/homebrew/bin/../share/yosys/techmap.v
Parsing Verilog input from `/opt/homebrew/bin/../share/yosys/techmap.v' to AST representation.
Generating RTLIL representation for module `\_90_simplemap_bool_ops'.
Generating RTLIL representation for module `\_90_simplemap_reduce_ops'.
Generating RTLIL representation for module `\_90_simplemap_logic_ops'.
Generating RTLIL representation for module `\_90_simplemap_compare_ops'.
Generating RTLIL representation for module `\_90_simplemap_various'.
Generating RTLIL representation for module `\_90_simplemap_registers'.
Generating RTLIL representation for module `\_90_shift_ops_shr_shl_sshl_sshr'.
Generating RTLIL representation for module `\_90_shift_shiftx'.
Generating RTLIL representation for module `\_90_fa'.
Generating RTLIL representation for module `\_90_lcu_brent_kung'.
Generating RTLIL representation for module `\_90_alu'.
Generating RTLIL representation for module `\_90_macc'.
Generating RTLIL representation for module `\_90_alumacc'.
Generating RTLIL representation for module `$__div_mod_u'.
Generating RTLIL representation for module `$__div_mod_trunc'.
Generating RTLIL representation for module `\_90_div'.
Generating RTLIL representation for module `\_90_mod'.
Generating RTLIL representation for module `$__div_mod_floor'.
Generating RTLIL representation for module `\_90_divfloor'.
Generating RTLIL representation for module `\_90_modfloor'.
Generating RTLIL representation for module `\_90_pow'.
Generating RTLIL representation for module `\_90_demux'.
Generating RTLIL representation for module `\_90_lut'.
Generating RTLIL representation for module `$connect'.
Generating RTLIL representation for module `$input_port'.
Successfully finished Verilog frontend.

7.20.2. Continuing TECHMAP pass.
Using template $paramod$8105d46316cb99041c6dc3f486b2ad084df41ba8\_90_alu for cells of type $alu.
Using template $paramod$d7bce073994a2e72d43625386f50f475e47fb258\_90_alu for cells of type $alu.
Using extmapper maccmap for cells of type $macc_v2.
  add \x_q [71:64] (8 bits, signed)
  add \x_q [127:120] (8 bits, signed)
  add \x_q [103:96] (8 bits, signed)
  add \x_q [95:88] (8 bits, signed)
  add \x_q [79:72] (8 bits, signed)
  sub \x_q [127:120] (8 bits, signed)
  sub \x_q [15:8] (8 bits, signed)
  sub \x_q [87:80] (8 bits, signed)
  add $flatten\u_comb.\g_row[2].u_tree.$add$/Users/toprakgundogdu/qwen-ffn-rom/rtl/ffn_tile_16x16_b2_reg.v:20$2492_Y [10:0] (11 bits, signed)
  add \x_q [119:112] (8 bits, signed)
  add \x_q [111:104] (8 bits, signed)
  add \x_q [103:96] (8 bits, signed)
  add \x_q [71:64] (8 bits, signed)
  add \u_comb.csd_mul2$func$/Users/toprakgundogdu/qwen-ffn-rom/rtl/ffn_tile_16x16_b2_reg.v:103$185.$result (10 bits, signed)
  add \u_comb.csd_mul2$func$/Users/toprakgundogdu/qwen-ffn-rom/rtl/ffn_tile_16x16_b2_reg.v:103$152.$result (10 bits, signed)
  add \u_comb.csd_mul2$func$/Users/toprakgundogdu/qwen-ffn-rom/rtl/ffn_tile_16x16_b2_reg.v:103$237.$result (10 bits, signed)
  add \x_q [103:96] (8 bits, signed)
  add \x_q [95:88] (8 bits, signed)
  sub \x_q [39:32] (8 bits, signed)
  add \u_comb.csd_mul2$func$/Users/toprakgundogdu/qwen-ffn-rom/rtl/ffn_tile_16x16_b2_reg.v:103$259.$result (10 bits, signed)
  add \x_q [103:96] (8 bits, signed)
  add \u_comb.csd_mul2$func$/Users/toprakgundogdu/qwen-ffn-rom/rtl/ffn_tile_16x16_b2_reg.v:103$171.$result (10 bits, signed)
  add \u_comb.csd_mul2$func$/Users/toprakgundogdu/qwen-ffn-rom/rtl/ffn_tile_16x16_b2_reg.v:103$341.$result (10 bits, signed)
  add \u_comb.csd_mul2$func$/Users/toprakgundogdu/qwen-ffn-rom/rtl/ffn_tile_16x16_b2_reg.v:103$244.$result (10 bits, signed)
  sub \x_q [47:40] (8 bits, signed)
  sub \x_q [95:88] (8 bits, signed)
  sub \x_q [79:72] (8 bits, signed)
  sub \x_q [63:56] (8 bits, signed)
  sub \x_q [7:0] (8 bits, signed)
  sub \x_q [71:64] (8 bits, signed)
  add \u_comb.csd_mul2$func$/Users/toprakgundogdu/qwen-ffn-rom/rtl/ffn_tile_16x16_b2_reg.v:103$341.$result (10 bits, signed)
  add \u_comb.csd_mul2$func$/Users/toprakgundogdu/qwen-ffn-rom/rtl/ffn_tile_16x16_b2_reg.v:103$210.$result (10 bits, signed)
  add \x_q [103:96] (8 bits, signed)
  add \u_comb.csd_mul2$func$/Users/toprakgundogdu/qwen-ffn-rom/rtl/ffn_tile_16x16_b2_reg.v:103$222.$result (10 bits, signed)
  add \u_comb.csd_mul2$func$/Users/toprakgundogdu/qwen-ffn-rom/rtl/ffn_tile_16x16_b2_reg.v:103$185.$result (10 bits, signed)
  add \x_q [31:24] (8 bits, signed)
  add \x_q [7:0] (8 bits, signed)
  sub \x_q [119:112] (8 bits, signed)
  add \x_q [95:88] (8 bits, signed)
  add \u_comb.csd_mul2$func$/Users/toprakgundogdu/qwen-ffn-rom/rtl/ffn_tile_16x16_b2_reg.v:103$185.$result (10 bits, signed)
  add \u_comb.csd_mul2$func$/Users/toprakgundogdu/qwen-ffn-rom/rtl/ffn_tile_16x16_b2_reg.v:103$166.$result (10 bits, signed)
  packed 1 (1) bits / 1 words into adder tree
  add \x_q [7:0] (8 bits, signed)
  add \x_q [119:112] (8 bits, signed)
  add \u_comb.csd_mul2$func$/Users/toprakgundogdu/qwen-ffn-rom/rtl/ffn_tile_16x16_b2_reg.v:103$237.$result (10 bits, signed)
  add \u_comb.csd_mul2$func$/Users/toprakgundogdu/qwen-ffn-rom/rtl/ffn_tile_16x16_b2_reg.v:103$135.$result (10 bits, signed)
  sub \x_q [23:16] (8 bits, signed)
  add \u_comb.csd_mul2$func$/Users/toprakgundogdu/qwen-ffn-rom/rtl/ffn_tile_16x16_b2_reg.v:103$259.$result (10 bits, signed)
  add \x_q [87:80] (8 bits, signed)
  add \x_q [55:48] (8 bits, signed)
  add \u_comb.csd_mul2$func$/Users/toprakgundogdu/qwen-ffn-rom/rtl/ffn_tile_16x16_b2_reg.v:103$244.$result (10 bits, signed)
  add \u_comb.csd_mul2$func$/Users/toprakgundogdu/qwen-ffn-rom/rtl/ffn_tile_16x16_b2_reg.v:103$204.$result (10 bits, signed)
  add \x_q [63:56] (8 bits, signed)
  add \u_comb.csd_mul2$func$/Users/toprakgundogdu/qwen-ffn-rom/rtl/ffn_tile_16x16_b2_reg.v:103$166.$result (10 bits, signed)
  sub \x_q [31:24] (8 bits, signed)
  sub \x_q [55:48] (8 bits, signed)
  add $flatten\u_comb.\g_row[2].u_tree.$add$/Users/toprakgundogdu/qwen-ffn-rom/rtl/ffn_tile_16x16_b2_reg.v:20$2492_Y [10:0] (11 bits, signed)
  add \x_q [103:96] (8 bits, signed)
  add \x_q [95:88] (8 bits, signed)
  add \x_q [79:72] (8 bits, signed)
  add \u_comb.csd_mul2$func$/Users/toprakgundogdu/qwen-ffn-rom/rtl/ffn_tile_16x16_b2_reg.v:103$171.$result (10 bits, signed)
  add \u_comb.csd_mul2$func$/Users/toprakgundogdu/qwen-ffn-rom/rtl/ffn_tile_16x16_b2_reg.v:103$170.$result (10 bits, signed)
  add \u_comb.csd_mul2$func$/Users/toprakgundogdu/qwen-ffn-rom/rtl/ffn_tile_16x16_b2_reg.v:103$152.$result (10 bits, signed)
  add \x_q [39:32] (8 bits, signed)
  add \x_q [39:32] (8 bits, signed)
  add \u_comb.csd_mul2$func$/Users/toprakgundogdu/qwen-ffn-rom/rtl/ffn_tile_16x16_b2_reg.v:103$210.$result (10 bits, signed)
  sub \x_q [111:104] (8 bits, signed)
  add \u_comb.csd_mul2$func$/Users/toprakgundogdu/qwen-ffn-rom/rtl/ffn_tile_16x16_b2_reg.v:103$204.$result (10 bits, signed)
  add \u_comb.csd_mul2$func$/Users/toprakgundogdu/qwen-ffn-rom/rtl/ffn_tile_16x16_b2_reg.v:103$170.$result (10 bits, signed)
  add \u_comb.csd_mul2$func$/Users/toprakgundogdu/qwen-ffn-rom/rtl/ffn_tile_16x16_b2_reg.v:103$152.$result (10 bits, signed)
  packed 1 (1) bits / 1 words into adder tree
  add \x_q [31:24] (8 bits, signed)
  add \x_q [127:120] (8 bits, signed)
  add \u_comb.csd_mul2$func$/Users/toprakgundogdu/qwen-ffn-rom/rtl/ffn_tile_16x16_b2_reg.v:103$222.$result (10 bits, signed)
  add \x_q [87:80] (8 bits, signed)
Using extmapper simplemap for cells of type $dff.
Using template $paramod\_90_fa\WIDTH=32'00000000000000000000000000001100 for cells of type $fa.
Using template $paramod$484d51534650924b7ed4c69e46eed3a56904771f\_90_alu for cells of type $alu.
Using template $paramod$ee3d784672cdb1cb32d9a801a3af776716f16b74\_90_alu for cells of type $alu.
Using template $paramod\_90_fa\WIDTH=32'00000000000000000000000000001110 for cells of type $fa.
Using template $paramod$091610cd349a68bd5539cffd7126f0d76e9bca00\_90_alu for cells of type $alu.
Using extmapper simplemap for cells of type $not.
Using template $paramod\_90_fa\WIDTH=32'00000000000000000000000000001101 for cells of type $fa.
Using template $paramod$2780480d52179e2db572a6e5133edf36e733d32e\_90_alu for cells of type $alu.
Using extmapper simplemap for cells of type $mux.
Using extmapper simplemap for cells of type $pos.
Using template $paramod\_90_fa\WIDTH=32'00000000000000000000000000001011 for cells of type $fa.
Using template $paramod\_90_lcu_brent_kung\WIDTH=32'00000000000000000000000000001011 for cells of type $lcu.
Using extmapper simplemap for cells of type $xor.
Using extmapper simplemap for cells of type $and.
Using extmapper simplemap for cells of type $or.
Using template $paramod\_90_lcu_brent_kung\WIDTH=32'00000000000000000000000000001100 for cells of type $lcu.
Using template $paramod\_90_lcu_brent_kung\WIDTH=32'00000000000000000000000000001110 for cells of type $lcu.
Using template $paramod\_90_lcu_brent_kung\WIDTH=32'00000000000000000000000000001101 for cells of type $lcu.
Using template $paramod\_90_fa\WIDTH=32'00000000000000000000000000001010 for cells of type $fa.
Using template $paramod\_90_lcu_brent_kung\WIDTH=32'00000000000000000000000000001010 for cells of type $lcu.
No more expansions possible.
<suppressed ~2615 debug messages>

7.21. Executing OPT pass (performing simple optimizations).

7.21.1. Executing OPT_EXPR pass (perform const folding).
Optimizing module ffn_tile_reg.
<suppressed ~2213 debug messages>

7.21.2. Executing OPT_MERGE pass (detect identical cells).
Finding identical cells in module `\ffn_tile_reg'.
Computing hashes of 4507 cells of `\ffn_tile_reg'.
Finding duplicate cells in `\ffn_tile_reg'.
Computing hashes of 4313 cells of `\ffn_tile_reg'.
Finding duplicate cells in `\ffn_tile_reg'.
Computing hashes of 4185 cells of `\ffn_tile_reg'.
Finding duplicate cells in `\ffn_tile_reg'.
Computing hashes of 4113 cells of `\ffn_tile_reg'.
Finding duplicate cells in `\ffn_tile_reg'.
Computing hashes of 4041 cells of `\ffn_tile_reg'.
Finding duplicate cells in `\ffn_tile_reg'.
Computing hashes of 3979 cells of `\ffn_tile_reg'.
Finding duplicate cells in `\ffn_tile_reg'.
Computing hashes of 3942 cells of `\ffn_tile_reg'.
Finding duplicate cells in `\ffn_tile_reg'.
Computing hashes of 3906 cells of `\ffn_tile_reg'.
Finding duplicate cells in `\ffn_tile_reg'.
Computing hashes of 3876 cells of `\ffn_tile_reg'.
Finding duplicate cells in `\ffn_tile_reg'.
Computing hashes of 3856 cells of `\ffn_tile_reg'.
Finding duplicate cells in `\ffn_tile_reg'.
Computing hashes of 3838 cells of `\ffn_tile_reg'.
Finding duplicate cells in `\ffn_tile_reg'.
Computing hashes of 3825 cells of `\ffn_tile_reg'.
Finding duplicate cells in `\ffn_tile_reg'.
Computing hashes of 3823 cells of `\ffn_tile_reg'.
Finding duplicate cells in `\ffn_tile_reg'.
<suppressed ~2052 debug messages>
Removed a total of 684 cells.

7.21.3. Executing OPT_DFF pass (perform DFF optimizations).

7.21.4. Executing OPT_CLEAN pass (remove unused cells and wires).
Finding unused cells or wires in module \ffn_tile_reg..
Removed 262 unused cells and 1844 unused wires.
<suppressed ~263 debug messages>

7.21.5. Finished fast OPT passes.

7.22. Executing ABC pass (technology mapping using ABC).

7.22.1. Extracting gate netlist of module `\ffn_tile_reg' to `<abc-temp-dir>/input.blif'..

7.22.1.1. Executed ABC.
Extracted 3216 gates and 3344 wires to a netlist network with 128 inputs and 198 outputs.
Running ABC script: <abc-temp-dir>/abc.script
ABC: ======== ABC command line "source <abc-temp-dir>/abc.script"
ABC: + read_blif <abc-temp-dir>/input.blif 
ABC: + read_library <abc-temp-dir>/stdcells.genlib 
ABC: + strash 
ABC: + &get -n 
ABC: + &fraig -x 
ABC: + &put 
ABC: + scorr 
ABC: Warning: The network is combinational (run "fraig" or "fraig_sweep").
ABC: + dc2 
ABC: + dretime 
ABC: + strash 
ABC: + &get -n 
ABC: + &dch -f 
ABC: + &nf 
ABC: + &put 
ABC: + write_blif <abc-temp-dir>/output.blif 

7.22.1.2. Re-integrating ABC results.
ABC RESULTS:               AND cells:      206
ABC RESULTS:            ANDNOT cells:      176
ABC RESULTS:               MUX cells:       20
ABC RESULTS:              NAND cells:      783
ABC RESULTS:               NOR cells:       44
ABC RESULTS:               NOT cells:        5
ABC RESULTS:                OR cells:      227
ABC RESULTS:             ORNOT cells:       32
ABC RESULTS:              XNOR cells:      446
ABC RESULTS:               XOR cells:      489
ABC RESULTS:        internal signals:     3018
ABC RESULTS:           input signals:      128
ABC RESULTS:          output signals:      198
Removing temp directory.
Removing global temp directory.

7.23. Executing OPT pass (performing simple optimizations).

7.23.1. Executing OPT_EXPR pass (perform const folding).
Optimizing module ffn_tile_reg.
<suppressed ~2 debug messages>

7.23.2. Executing OPT_MERGE pass (detect identical cells).
Finding identical cells in module `\ffn_tile_reg'.
Computing hashes of 2773 cells of `\ffn_tile_reg'.
Finding duplicate cells in `\ffn_tile_reg'.
Computing hashes of 2738 cells of `\ffn_tile_reg'.
Finding duplicate cells in `\ffn_tile_reg'.
Computing hashes of 2703 cells of `\ffn_tile_reg'.
Finding duplicate cells in `\ffn_tile_reg'.
<suppressed ~210 debug messages>
Removed a total of 70 cells.

7.23.3. Executing OPT_DFF pass (perform DFF optimizations).

7.23.4. Executing OPT_CLEAN pass (remove unused cells and wires).
Finding unused cells or wires in module \ffn_tile_reg..
Removed 0 unused cells and 1068 unused wires.
<suppressed ~1 debug messages>

7.23.5. Finished fast OPT passes.

7.24. Executing HIERARCHY pass (managing design hierarchy).
Attribute `top' found on module `ffn_tile_reg'. Setting top module to ffn_tile_reg.

7.24.1. Analyzing design hierarchy..
Top module:  \ffn_tile_reg

7.24.2. Analyzing design hierarchy..
Top module:  \ffn_tile_reg
Removed 0 unused modules.

7.25. Printing statistics.

=== ffn_tile_reg ===

        +----------Local Count, excluding submodules.
        | 
     3371 wires
    22491 wire bits
     1141 public wires
    20261 public wire bits
        3 ports
      353 port bits
     2703 cells
      176   $_ANDNOT_
      202   $_AND_
      293   $_DFF_P_
       20   $_MUX_
      759   $_NAND_
       42   $_NOR_
        5   $_NOT_
       32   $_ORNOT_
      227   $_OR_
      441   $_XNOR_
      489   $_XOR_
       17   $scopeinfo

7.26. Executing CHECK pass (checking for obvious problems).
Checking module ffn_tile_reg...
Found and reported 0 problems.

8. Executing DFFLIBMAP pass (mapping DFF cells to sequential cells from liberty file).
  cell sky130_fd_sc_hd__dfxtp_1 (noninv, pins=3, area=20.02) is a direct match for cell type $_DFF_P_.
  cell sky130_fd_sc_hd__dfrtn_1 (noninv, pins=4, area=25.02) is a direct match for cell type $_DFF_NN0_.
  cell sky130_fd_sc_hd__dfrtp_1 (noninv, pins=4, area=25.02) is a direct match for cell type $_DFF_PN0_.
  cell sky130_fd_sc_hd__dfstp_2 (noninv, pins=4, area=26.28) is a direct match for cell type $_DFF_PN1_.
  cell sky130_fd_sc_hd__edfxtp_1 (noninv, pins=4, area=30.03) is a direct match for cell type $_DFFE_PP_.
  cell sky130_fd_sc_hd__dfbbn_1 (noninv, pins=6, area=32.53) is a direct match for cell type $_DFFSR_NNN_.
  cell sky130_fd_sc_hd__dfbbp_1 (noninv, pins=6, area=32.53) is a direct match for cell type $_DFFSR_PNN_.
  final dff cell mappings:
    unmapped dff cell: $_DFF_N_
    \sky130_fd_sc_hd__dfxtp_1 _DFF_P_ (.CLK( C), .D( D), .Q( Q));
    \sky130_fd_sc_hd__dfrtn_1 _DFF_NN0_ (.CLK_N( C), .D( D), .Q( Q), .RESET_B( R));
    unmapped dff cell: $_DFF_NN1_
    unmapped dff cell: $_DFF_NP0_
    unmapped dff cell: $_DFF_NP1_
    \sky130_fd_sc_hd__dfrtp_1 _DFF_PN0_ (.CLK( C), .D( D), .Q( Q), .RESET_B( R));
    \sky130_fd_sc_hd__dfstp_2 _DFF_PN1_ (.CLK( C), .D( D), .Q( Q), .SET_B( R));
    unmapped dff cell: $_DFF_PP0_
    unmapped dff cell: $_DFF_PP1_
    unmapped dff cell: $_DFFE_NN_
    unmapped dff cell: $_DFFE_NP_
    unmapped dff cell: $_DFFE_PN_
    \sky130_fd_sc_hd__edfxtp_1 _DFFE_PP_ (.CLK( C), .D( D), .DE( E), .Q( Q));
    \sky130_fd_sc_hd__dfbbn_1 _DFFSR_NNN_ (.CLK_N( C), .D( D), .Q( Q), .Q_N(~Q), .RESET_B( R), .SET_B( S));
    unmapped dff cell: $_DFFSR_NNP_
    unmapped dff cell: $_DFFSR_NPN_
    unmapped dff cell: $_DFFSR_NPP_
    \sky130_fd_sc_hd__dfbbp_1 _DFFSR_PNN_ (.CLK( C), .D( D), .Q( Q), .Q_N(~Q), .RESET_B( R), .SET_B( S));
    unmapped dff cell: $_DFFSR_PNP_
    unmapped dff cell: $_DFFSR_PPN_
    unmapped dff cell: $_DFFSR_PPP_

8.1. Executing DFFLEGALIZE pass (convert FFs to types supported by the target).
<suppressed ~24 debug messages>
Mapping DFF cells in module `\ffn_tile_reg':
  mapped 293 $_DFF_P_ cells to \sky130_fd_sc_hd__dfxtp_1 cells.

9. Executing ABC pass (technology mapping using ABC).

9.1. Extracting gate netlist of module `\ffn_tile_reg' to `<abc-temp-dir>/input.blif'..
ABC: using cached merged SCL: /var/folders/8g/t_1gk85s4m70jtjyvhs3xc5h0000gn/T/yosys-liberty-scl-cache/yosys_merged_5e93c8fc.scl (1 files)

9.1.1. Executed ABC.
Extracted 2393 gates and 2521 wires to a netlist network with 128 inputs and 163 outputs.
Running ABC script: <abc-temp-dir>/abc.script
ABC: ======== ABC command line "source <abc-temp-dir>/abc.script"
ABC: + read_blif <abc-temp-dir>/input.blif 
ABC: + read_scl /var/folders/8g/t_1gk85s4m70jtjyvhs3xc5h0000gn/T/yosys-liberty-scl-cache/yosys_merged_5e93c8fc.scl 
ABC: Warning: Detected 9 multi-output cells (for example, "sky130_fd_sc_hd__fa_1").
ABC: + strash 
ABC: + &get -n 
ABC: + &fraig -x 
ABC: + &put 
ABC: + scorr 
ABC: Warning: The network is combinational (run "fraig" or "fraig_sweep").
ABC: + dc2 
ABC: + dretime 
ABC: + strash 
ABC: + &get -n 
ABC: + &dch -f 
ABC: + &nf 
ABC: + &put 
ABC: + write_blif <abc-temp-dir>/output.blif 

9.1.2. Re-integrating ABC results.
ABC RESULTS:   sky130_fd_sc_hd__a211oi_1 cells:        1
ABC RESULTS:   sky130_fd_sc_hd__a21bo_1 cells:        1
ABC RESULTS:   sky130_fd_sc_hd__a21boi_0 cells:        5
ABC RESULTS:   sky130_fd_sc_hd__a21o_1 cells:       19
ABC RESULTS:   sky130_fd_sc_hd__a21oi_1 cells:       40
ABC RESULTS:   sky130_fd_sc_hd__a221oi_1 cells:        1
ABC RESULTS:   sky130_fd_sc_hd__a22o_1 cells:        1
ABC RESULTS:   sky130_fd_sc_hd__a22oi_1 cells:        1
ABC RESULTS:   sky130_fd_sc_hd__a31oi_1 cells:        5
ABC RESULTS:   sky130_fd_sc_hd__a32oi_1 cells:        1
ABC RESULTS:   sky130_fd_sc_hd__a41oi_1 cells:        1
ABC RESULTS:   sky130_fd_sc_hd__and2_0 cells:       31
ABC RESULTS:   sky130_fd_sc_hd__and3_1 cells:       14
ABC RESULTS:   sky130_fd_sc_hd__and3b_1 cells:        1
ABC RESULTS:   sky130_fd_sc_hd__and4_1 cells:        1
ABC RESULTS:   sky130_fd_sc_hd__clkinv_1 cells:       61
ABC RESULTS:   sky130_fd_sc_hd__lpflow_inputiso1p_1 cells:       19
ABC RESULTS:   sky130_fd_sc_hd__lpflow_isobufsrc_1 cells:       44
ABC RESULTS:   sky130_fd_sc_hd__maj3_1 cells:      256
ABC RESULTS:   sky130_fd_sc_hd__mux2i_1 cells:        3
ABC RESULTS:   sky130_fd_sc_hd__nand2_1 cells:      133
ABC RESULTS:   sky130_fd_sc_hd__nand2b_1 cells:       44
ABC RESULTS:   sky130_fd_sc_hd__nand3_1 cells:       31
ABC RESULTS:   sky130_fd_sc_hd__nand3b_1 cells:        2
ABC RESULTS:   sky130_fd_sc_hd__nor2_1 cells:      129
ABC RESULTS:   sky130_fd_sc_hd__nor2b_1 cells:        7
ABC RESULTS:   sky130_fd_sc_hd__nor3_1 cells:       52
ABC RESULTS:   sky130_fd_sc_hd__nor3b_1 cells:        4
ABC RESULTS:   sky130_fd_sc_hd__nor4_1 cells:       13
ABC RESULTS:   sky130_fd_sc_hd__o211ai_1 cells:        1
ABC RESULTS:   sky130_fd_sc_hd__o21a_1 cells:       28
ABC RESULTS:   sky130_fd_sc_hd__o21ai_0 cells:       71
ABC RESULTS:   sky130_fd_sc_hd__o21ba_1 cells:        1
ABC RESULTS:   sky130_fd_sc_hd__o21bai_1 cells:        2
ABC RESULTS:   sky130_fd_sc_hd__o22a_1 cells:        1
ABC RESULTS:   sky130_fd_sc_hd__o22ai_1 cells:        5
ABC RESULTS:   sky130_fd_sc_hd__o311ai_0 cells:        1
ABC RESULTS:   sky130_fd_sc_hd__o31a_1 cells:        3
ABC RESULTS:   sky130_fd_sc_hd__o31ai_1 cells:        1
ABC RESULTS:   sky130_fd_sc_hd__o32ai_1 cells:        1
ABC RESULTS:   sky130_fd_sc_hd__o41ai_1 cells:        1
ABC RESULTS:   sky130_fd_sc_hd__or3_1 cells:        5
ABC RESULTS:   sky130_fd_sc_hd__or4_1 cells:        2
ABC RESULTS:   sky130_fd_sc_hd__xnor2_1 cells:      521
ABC RESULTS:   sky130_fd_sc_hd__xnor3_1 cells:       32
ABC RESULTS:   sky130_fd_sc_hd__xor2_1 cells:      213
ABC RESULTS:   sky130_fd_sc_hd__xor3_1 cells:       18
ABC RESULTS:        internal signals:     2230
ABC RESULTS:           input signals:      128
ABC RESULTS:          output signals:      163
Removing temp directory.
Removing global temp directory.

10. Executing OPT_CLEAN pass (remove unused cells and wires).
Finding unused cells or wires in module \ffn_tile_reg..
Removed 0 unused cells and 2521 unused wires.
<suppressed ~1 debug messages>

11. Printing statistics.

=== ffn_tile_reg ===

        +----------Local Count, excluding submodules.
        |        +-Local Area, excluding submodules.
        |        | 
     2806        - wires
    21926        - wire bits
     1141        - public wires
    20261        - public wire bits
        3        - ports
      353        - port bits
     2138    2E+04 cells
       17        -   $scopeinfo
        1    7.507   sky130_fd_sc_hd__a211oi_1
        1    10.01   sky130_fd_sc_hd__a21bo_1
        5   37.536   sky130_fd_sc_hd__a21boi_0
       19  142.637   sky130_fd_sc_hd__a21o_1
       40  200.192   sky130_fd_sc_hd__a21oi_1
        1    8.758   sky130_fd_sc_hd__a221oi_1
        1    8.758   sky130_fd_sc_hd__a22o_1
        1    7.507   sky130_fd_sc_hd__a22oi_1
        5    31.28   sky130_fd_sc_hd__a31oi_1
        1    8.758   sky130_fd_sc_hd__a32oi_1
        1    8.758   sky130_fd_sc_hd__a41oi_1
       31  193.936   sky130_fd_sc_hd__and2_0
       14   87.584   sky130_fd_sc_hd__and3_1
        1    8.758   sky130_fd_sc_hd__and3b_1
        1    8.758   sky130_fd_sc_hd__and4_1
       61   228.97   sky130_fd_sc_hd__clkinv_1
      293 5.87E+03   sky130_fd_sc_hd__dfxtp_1
       19  118.864   sky130_fd_sc_hd__lpflow_inputiso1p_1
       44  275.264   sky130_fd_sc_hd__lpflow_isobufsrc_1
      256 2.56E+03   sky130_fd_sc_hd__maj3_1
        3   30.029   sky130_fd_sc_hd__mux2i_1
      133  499.229   sky130_fd_sc_hd__nand2_1
       44  275.264   sky130_fd_sc_hd__nand2b_1
       31  155.149   sky130_fd_sc_hd__nand3_1
        2   15.014   sky130_fd_sc_hd__nand3b_1
      129  484.214   sky130_fd_sc_hd__nor2_1
        7   43.792   sky130_fd_sc_hd__nor2b_1
       52   260.25   sky130_fd_sc_hd__nor3_1
        4   30.029   sky130_fd_sc_hd__nor3b_1
       13   81.328   sky130_fd_sc_hd__nor4_1
        1    7.507   sky130_fd_sc_hd__o211ai_1
       28  210.202   sky130_fd_sc_hd__o21a_1
       71  355.341   sky130_fd_sc_hd__o21ai_0
        1    10.01   sky130_fd_sc_hd__o21ba_1
        2   15.014   sky130_fd_sc_hd__o21bai_1
        1    8.758   sky130_fd_sc_hd__o22a_1
        5    31.28   sky130_fd_sc_hd__o22ai_1
        1    8.758   sky130_fd_sc_hd__o311ai_0
        3   26.275   sky130_fd_sc_hd__o31a_1
        1    7.507   sky130_fd_sc_hd__o31ai_1
        1    8.758   sky130_fd_sc_hd__o32ai_1
        1    8.758   sky130_fd_sc_hd__o41ai_1
        5    31.28   sky130_fd_sc_hd__or3_1
        2   15.014   sky130_fd_sc_hd__or4_1
      521 4.56E+03   sky130_fd_sc_hd__xnor2_1
       32  720.691   sky130_fd_sc_hd__xnor3_1
      213 1.87E+03   sky130_fd_sc_hd__xor2_1
       18   427.91   sky130_fd_sc_hd__xor3_1

   Area for cell type $scopeinfo is unknown!

   Chip area for module '\ffn_tile_reg': 20017.948800
     of which used for sequential elements: 5865.625600 (29.30%)

End of script. Logfile hash: 4f6d12ec0f, time: 2.47s, user: 1.33s, system: 0.06s, MEM: 74.41 MB peak
Yosys 0.68+post (git sha1 c12172fbae8af5e20f6fb52e3d4e92d56ed587b6, Release, AppleClang clang++ 16.0.0.16000026)
Time spent: 44% 2x abc (1 sec), 17% 3x read_verilog (0 sec), ...


