
 /----------------------------------------------------------------------------\
 |  yosys -- Yosys Open SYnthesis Suite                                       |
 |  Copyright (C) 2012 - 2026  Claire Xenia Wolf <claire@yosyshq.com>         |
 |  Distributed under an ISC-like license, type "license" to see terms        |
 \----------------------------------------------------------------------------/
 Yosys 0.68+post (git sha1 c12172fbae8af5e20f6fb52e3d4e92d56ed587b6, Release, AppleClang clang++ 16.0.0.16000026)

-- Running command `
read_verilog -sv /Users/toprakgundogdu/qwen-ffn-rom/rtl/gated_delta_step.v
hierarchy -check -top gated_delta_step
proc; flatten
opt_expr; opt_clean
synth -top gated_delta_step
dfflibmap -liberty /Users/toprakgundogdu/.volare/sky130A/libs.ref/sky130_fd_sc_hd/lib/sky130_fd_sc_hd__tt_025C_1v80.lib
abc -liberty /Users/toprakgundogdu/.volare/sky130A/libs.ref/sky130_fd_sc_hd/lib/sky130_fd_sc_hd__tt_025C_1v80.lib
opt_clean
stat -liberty /Users/toprakgundogdu/.volare/sky130A/libs.ref/sky130_fd_sc_hd/lib/sky130_fd_sc_hd__tt_025C_1v80.lib
' --

1. Executing Verilog-2005 frontend: /Users/toprakgundogdu/qwen-ffn-rom/rtl/gated_delta_step.v
Parsing SystemVerilog input from `/Users/toprakgundogdu/qwen-ffn-rom/rtl/gated_delta_step.v' to AST representation.
Generating RTLIL representation for module `\gated_delta_step'.
Warning: Replacing memory \v_r with list of registers. See /Users/toprakgundogdu/qwen-ffn-rom/rtl/gated_delta_step.v:91
Warning: Replacing memory \k_r with list of registers. See /Users/toprakgundogdu/qwen-ffn-rom/rtl/gated_delta_step.v:90
Warning: Replacing memory \q_r with list of registers. See /Users/toprakgundogdu/qwen-ffn-rom/rtl/gated_delta_step.v:89
Successfully finished Verilog frontend.

2. Executing HIERARCHY pass (managing design hierarchy).

2.1. Analyzing design hierarchy..
Top module:  \gated_delta_step

2.2. Analyzing design hierarchy..
Top module:  \gated_delta_step
Removed 0 unused modules.

3. Executing PROC pass (convert processes to netlists).

3.1. Executing PROC_CLEAN pass (remove empty switches from decision trees).
Cleaned up 0 empty switches.

3.2. Executing PROC_RMDEAD pass (remove dead branches from decision trees).
Removed 1 dead cases from process $proc$/Users/toprakgundogdu/qwen-ffn-rom/rtl/gated_delta_step.v:74$232 in module gated_delta_step.
Marked 1 switch rules as full_case in process $proc$/Users/toprakgundogdu/qwen-ffn-rom/rtl/gated_delta_step.v:74$232 in module gated_delta_step.
Removed 1 dead cases from process $proc$/Users/toprakgundogdu/qwen-ffn-rom/rtl/gated_delta_step.v:69$229 in module gated_delta_step.
Marked 1 switch rules as full_case in process $proc$/Users/toprakgundogdu/qwen-ffn-rom/rtl/gated_delta_step.v:69$229 in module gated_delta_step.
Removed 1 dead cases from process $proc$/Users/toprakgundogdu/qwen-ffn-rom/rtl/gated_delta_step.v:67$226 in module gated_delta_step.
Marked 1 switch rules as full_case in process $proc$/Users/toprakgundogdu/qwen-ffn-rom/rtl/gated_delta_step.v:67$226 in module gated_delta_step.
Removed 1 dead cases from process $proc$/Users/toprakgundogdu/qwen-ffn-rom/rtl/gated_delta_step.v:67$223 in module gated_delta_step.
Marked 1 switch rules as full_case in process $proc$/Users/toprakgundogdu/qwen-ffn-rom/rtl/gated_delta_step.v:67$223 in module gated_delta_step.
Removed 1 dead cases from process $proc$/Users/toprakgundogdu/qwen-ffn-rom/rtl/gated_delta_step.v:66$220 in module gated_delta_step.
Marked 1 switch rules as full_case in process $proc$/Users/toprakgundogdu/qwen-ffn-rom/rtl/gated_delta_step.v:66$220 in module gated_delta_step.
Marked 14 switch rules as full_case in process $proc$/Users/toprakgundogdu/qwen-ffn-rom/rtl/gated_delta_step.v:77$69 in module gated_delta_step.
Removed a total of 5 dead cases.

3.3. Executing PROC_PRUNE pass (remove redundant assignments in processes).
Removed 0 redundant assignments.
Promoted 63 assignments to connections.

3.4. Executing PROC_INIT pass (extract init attributes).

3.5. Executing PROC_ARST pass (detect async resets in processes).

3.6. Executing PROC_ROM pass (convert switches to ROMs).
Converted 0 switches.
<suppressed ~19 debug messages>

3.7. Executing PROC_MUX pass (convert decision trees to multiplexers).
Creating decoders for process `\gated_delta_step.$proc$/Users/toprakgundogdu/qwen-ffn-rom/rtl/gated_delta_step.v:64$247'.
Creating decoders for process `\gated_delta_step.$proc$/Users/toprakgundogdu/qwen-ffn-rom/rtl/gated_delta_step.v:44$246'.
Creating decoders for process `\gated_delta_step.$proc$/Users/toprakgundogdu/qwen-ffn-rom/rtl/gated_delta_step.v:43$245'.
Creating decoders for process `\gated_delta_step.$proc$/Users/toprakgundogdu/qwen-ffn-rom/rtl/gated_delta_step.v:42$244'.
Creating decoders for process `\gated_delta_step.$proc$/Users/toprakgundogdu/qwen-ffn-rom/rtl/gated_delta_step.v:44$243'.
Creating decoders for process `\gated_delta_step.$proc$/Users/toprakgundogdu/qwen-ffn-rom/rtl/gated_delta_step.v:43$242'.
Creating decoders for process `\gated_delta_step.$proc$/Users/toprakgundogdu/qwen-ffn-rom/rtl/gated_delta_step.v:42$241'.
Creating decoders for process `\gated_delta_step.$proc$/Users/toprakgundogdu/qwen-ffn-rom/rtl/gated_delta_step.v:44$240'.
Creating decoders for process `\gated_delta_step.$proc$/Users/toprakgundogdu/qwen-ffn-rom/rtl/gated_delta_step.v:43$239'.
Creating decoders for process `\gated_delta_step.$proc$/Users/toprakgundogdu/qwen-ffn-rom/rtl/gated_delta_step.v:42$238'.
Creating decoders for process `\gated_delta_step.$proc$/Users/toprakgundogdu/qwen-ffn-rom/rtl/gated_delta_step.v:44$237'.
Creating decoders for process `\gated_delta_step.$proc$/Users/toprakgundogdu/qwen-ffn-rom/rtl/gated_delta_step.v:43$236'.
Creating decoders for process `\gated_delta_step.$proc$/Users/toprakgundogdu/qwen-ffn-rom/rtl/gated_delta_step.v:42$235'.
Creating decoders for process `\gated_delta_step.$proc$/Users/toprakgundogdu/qwen-ffn-rom/rtl/gated_delta_step.v:74$232'.
     1/1: $1$mem2reg_rd$\q_r$/Users/toprakgundogdu/qwen-ffn-rom/rtl/gated_delta_step.v:74$8_DATA[7:0]$234
Creating decoders for process `\gated_delta_step.$proc$/Users/toprakgundogdu/qwen-ffn-rom/rtl/gated_delta_step.v:69$229'.
     1/1: $1$mem2reg_rd$\k_r$/Users/toprakgundogdu/qwen-ffn-rom/rtl/gated_delta_step.v:69$7_DATA[7:0]$231
Creating decoders for process `\gated_delta_step.$proc$/Users/toprakgundogdu/qwen-ffn-rom/rtl/gated_delta_step.v:67$226'.
     1/1: $1$mem2reg_rd$\v_r$/Users/toprakgundogdu/qwen-ffn-rom/rtl/gated_delta_step.v:67$6_DATA[7:0]$228
Creating decoders for process `\gated_delta_step.$proc$/Users/toprakgundogdu/qwen-ffn-rom/rtl/gated_delta_step.v:67$223'.
     1/1: $1$mem2reg_rd$\v_r$/Users/toprakgundogdu/qwen-ffn-rom/rtl/gated_delta_step.v:67$5_DATA[7:0]$225
Creating decoders for process `\gated_delta_step.$proc$/Users/toprakgundogdu/qwen-ffn-rom/rtl/gated_delta_step.v:66$220'.
     1/1: $1$mem2reg_rd$\k_r$/Users/toprakgundogdu/qwen-ffn-rom/rtl/gated_delta_step.v:66$4_DATA[7:0]$222
Creating decoders for process `\gated_delta_step.$proc$/Users/toprakgundogdu/qwen-ffn-rom/rtl/gated_delta_step.v:77$69'.
     1/94: $4$memwr$\o_r$/Users/toprakgundogdu/qwen-ffn-rom/rtl/gated_delta_step.v:175$42_EN[23:0]$209
     2/94: $4$memwr$\o_r$/Users/toprakgundogdu/qwen-ffn-rom/rtl/gated_delta_step.v:175$42_DATA[23:0]$208
     3/94: $4$memwr$\o_r$/Users/toprakgundogdu/qwen-ffn-rom/rtl/gated_delta_step.v:175$42_ADDR[1:0]$207
     4/94: $3$memwr$\o_r$/Users/toprakgundogdu/qwen-ffn-rom/rtl/gated_delta_step.v:175$42_EN[23:0]$205
     5/94: $3$memwr$\o_r$/Users/toprakgundogdu/qwen-ffn-rom/rtl/gated_delta_step.v:175$42_DATA[23:0]$204
     6/94: $3$memwr$\o_r$/Users/toprakgundogdu/qwen-ffn-rom/rtl/gated_delta_step.v:175$42_ADDR[1:0]$203
     7/94: $4$memwr$\kv$/Users/toprakgundogdu/qwen-ffn-rom/rtl/gated_delta_step.v:133$39_EN[31:0]$186
     8/94: $4$memwr$\kv$/Users/toprakgundogdu/qwen-ffn-rom/rtl/gated_delta_step.v:133$39_DATA[31:0]$185
     9/94: $4$memwr$\kv$/Users/toprakgundogdu/qwen-ffn-rom/rtl/gated_delta_step.v:133$39_ADDR[1:0]$184
    10/94: $3$memwr$\kv$/Users/toprakgundogdu/qwen-ffn-rom/rtl/gated_delta_step.v:133$39_EN[31:0]$182
    11/94: $3$memwr$\kv$/Users/toprakgundogdu/qwen-ffn-rom/rtl/gated_delta_step.v:133$39_DATA[31:0]$181
    12/94: $3$memwr$\kv$/Users/toprakgundogdu/qwen-ffn-rom/rtl/gated_delta_step.v:133$39_ADDR[1:0]$180
    13/94: $3\ii[31:0]
    14/94: $2\ii[31:0]
    15/94: $2$memwr$\o_r$/Users/toprakgundogdu/qwen-ffn-rom/rtl/gated_delta_step.v:175$42_EN[23:0]$171
    16/94: $2$memwr$\o_r$/Users/toprakgundogdu/qwen-ffn-rom/rtl/gated_delta_step.v:175$42_DATA[23:0]$170
    17/94: $2$memwr$\o_r$/Users/toprakgundogdu/qwen-ffn-rom/rtl/gated_delta_step.v:175$42_ADDR[1:0]$169
    18/94: $2$memwr$\S$/Users/toprakgundogdu/qwen-ffn-rom/rtl/gated_delta_step.v:157$41_EN[15:0]$168
    19/94: $2$memwr$\S$/Users/toprakgundogdu/qwen-ffn-rom/rtl/gated_delta_step.v:157$41_DATA[15:0]$167
    20/94: $2$memwr$\S$/Users/toprakgundogdu/qwen-ffn-rom/rtl/gated_delta_step.v:157$41_ADDR[31:0]$166
    21/94: $2$memwr$\delta$/Users/toprakgundogdu/qwen-ffn-rom/rtl/gated_delta_step.v:147$40_EN[31:0]$165
    22/94: $2$memwr$\delta$/Users/toprakgundogdu/qwen-ffn-rom/rtl/gated_delta_step.v:147$40_DATA[31:0]$164
    23/94: $2$memwr$\delta$/Users/toprakgundogdu/qwen-ffn-rom/rtl/gated_delta_step.v:147$40_ADDR[1:0]$163
    24/94: $2$memwr$\kv$/Users/toprakgundogdu/qwen-ffn-rom/rtl/gated_delta_step.v:133$39_EN[31:0]$162
    25/94: $2$memwr$\kv$/Users/toprakgundogdu/qwen-ffn-rom/rtl/gated_delta_step.v:133$39_DATA[31:0]$161
    26/94: $2$memwr$\kv$/Users/toprakgundogdu/qwen-ffn-rom/rtl/gated_delta_step.v:133$39_ADDR[1:0]$160
    27/94: $2$memwr$\S$/Users/toprakgundogdu/qwen-ffn-rom/rtl/gated_delta_step.v:115$38_EN[15:0]$159
    28/94: $2$memwr$\S$/Users/toprakgundogdu/qwen-ffn-rom/rtl/gated_delta_step.v:115$38_DATA[15:0]$158
    29/94: $2$memwr$\S$/Users/toprakgundogdu/qwen-ffn-rom/rtl/gated_delta_step.v:115$38_ADDR[31:0]$157
    30/94: $1\ii[31:0]
    31/94: $1\jj[31:0]
    32/94: $1$memwr$\S$/Users/toprakgundogdu/qwen-ffn-rom/rtl/gated_delta_step.v:93$37_EN[15:0]$141
    33/94: $1$memwr$\S$/Users/toprakgundogdu/qwen-ffn-rom/rtl/gated_delta_step.v:93$36_EN[15:0]$140
    34/94: $1$memwr$\S$/Users/toprakgundogdu/qwen-ffn-rom/rtl/gated_delta_step.v:93$35_EN[15:0]$139
    35/94: $1$memwr$\S$/Users/toprakgundogdu/qwen-ffn-rom/rtl/gated_delta_step.v:93$34_EN[15:0]$138
    36/94: $1$memwr$\o_r$/Users/toprakgundogdu/qwen-ffn-rom/rtl/gated_delta_step.v:88$33_EN[23:0]$137
    37/94: $1$memwr$\delta$/Users/toprakgundogdu/qwen-ffn-rom/rtl/gated_delta_step.v:87$32_EN[31:0]$136
    38/94: $1$memwr$\kv$/Users/toprakgundogdu/qwen-ffn-rom/rtl/gated_delta_step.v:86$31_EN[31:0]$135
    39/94: $1$memwr$\S$/Users/toprakgundogdu/qwen-ffn-rom/rtl/gated_delta_step.v:93$30_EN[15:0]$134
    40/94: $1$memwr$\S$/Users/toprakgundogdu/qwen-ffn-rom/rtl/gated_delta_step.v:93$29_EN[15:0]$133
    41/94: $1$memwr$\S$/Users/toprakgundogdu/qwen-ffn-rom/rtl/gated_delta_step.v:93$28_EN[15:0]$132
    42/94: $1$memwr$\S$/Users/toprakgundogdu/qwen-ffn-rom/rtl/gated_delta_step.v:93$27_EN[15:0]$131
    43/94: $1$memwr$\o_r$/Users/toprakgundogdu/qwen-ffn-rom/rtl/gated_delta_step.v:88$26_EN[23:0]$130
    44/94: $1$memwr$\delta$/Users/toprakgundogdu/qwen-ffn-rom/rtl/gated_delta_step.v:87$25_EN[31:0]$129
    45/94: $1$memwr$\kv$/Users/toprakgundogdu/qwen-ffn-rom/rtl/gated_delta_step.v:86$24_EN[31:0]$128
    46/94: $1$memwr$\S$/Users/toprakgundogdu/qwen-ffn-rom/rtl/gated_delta_step.v:93$23_EN[15:0]$127
    47/94: $1$memwr$\S$/Users/toprakgundogdu/qwen-ffn-rom/rtl/gated_delta_step.v:93$22_EN[15:0]$126
    48/94: $1$memwr$\S$/Users/toprakgundogdu/qwen-ffn-rom/rtl/gated_delta_step.v:93$21_EN[15:0]$125
    49/94: $1$memwr$\S$/Users/toprakgundogdu/qwen-ffn-rom/rtl/gated_delta_step.v:93$20_EN[15:0]$124
    50/94: $1$memwr$\o_r$/Users/toprakgundogdu/qwen-ffn-rom/rtl/gated_delta_step.v:88$19_EN[23:0]$123
    51/94: $1$memwr$\delta$/Users/toprakgundogdu/qwen-ffn-rom/rtl/gated_delta_step.v:87$18_EN[31:0]$122
    52/94: $1$memwr$\kv$/Users/toprakgundogdu/qwen-ffn-rom/rtl/gated_delta_step.v:86$17_EN[31:0]$121
    53/94: $1$memwr$\S$/Users/toprakgundogdu/qwen-ffn-rom/rtl/gated_delta_step.v:93$16_EN[15:0]$120
    54/94: $1$memwr$\S$/Users/toprakgundogdu/qwen-ffn-rom/rtl/gated_delta_step.v:93$15_EN[15:0]$119
    55/94: $1$memwr$\S$/Users/toprakgundogdu/qwen-ffn-rom/rtl/gated_delta_step.v:93$14_EN[15:0]$118
    56/94: $1$memwr$\S$/Users/toprakgundogdu/qwen-ffn-rom/rtl/gated_delta_step.v:93$13_EN[15:0]$117
    57/94: $1$memwr$\o_r$/Users/toprakgundogdu/qwen-ffn-rom/rtl/gated_delta_step.v:88$12_EN[23:0]$116
    58/94: $1$memwr$\delta$/Users/toprakgundogdu/qwen-ffn-rom/rtl/gated_delta_step.v:87$11_EN[31:0]$115
    59/94: $1$memwr$\kv$/Users/toprakgundogdu/qwen-ffn-rom/rtl/gated_delta_step.v:86$10_EN[31:0]$114
    60/94: $1$memwr$\o_r$/Users/toprakgundogdu/qwen-ffn-rom/rtl/gated_delta_step.v:175$42_EN[23:0]$156
    61/94: $1$memwr$\o_r$/Users/toprakgundogdu/qwen-ffn-rom/rtl/gated_delta_step.v:175$42_DATA[23:0]$155
    62/94: $1$memwr$\o_r$/Users/toprakgundogdu/qwen-ffn-rom/rtl/gated_delta_step.v:175$42_ADDR[1:0]$154
    63/94: $1$memwr$\S$/Users/toprakgundogdu/qwen-ffn-rom/rtl/gated_delta_step.v:157$41_EN[15:0]$153
    64/94: $1$memwr$\S$/Users/toprakgundogdu/qwen-ffn-rom/rtl/gated_delta_step.v:157$41_DATA[15:0]$152
    65/94: $1$memwr$\S$/Users/toprakgundogdu/qwen-ffn-rom/rtl/gated_delta_step.v:157$41_ADDR[31:0]$151
    66/94: $1$memwr$\delta$/Users/toprakgundogdu/qwen-ffn-rom/rtl/gated_delta_step.v:147$40_EN[31:0]$150
    67/94: $1$memwr$\delta$/Users/toprakgundogdu/qwen-ffn-rom/rtl/gated_delta_step.v:147$40_DATA[31:0]$149
    68/94: $1$memwr$\delta$/Users/toprakgundogdu/qwen-ffn-rom/rtl/gated_delta_step.v:147$40_ADDR[1:0]$148
    69/94: $1$memwr$\kv$/Users/toprakgundogdu/qwen-ffn-rom/rtl/gated_delta_step.v:133$39_EN[31:0]$147
    70/94: $1$memwr$\kv$/Users/toprakgundogdu/qwen-ffn-rom/rtl/gated_delta_step.v:133$39_DATA[31:0]$146
    71/94: $1$memwr$\kv$/Users/toprakgundogdu/qwen-ffn-rom/rtl/gated_delta_step.v:133$39_ADDR[1:0]$145
    72/94: $1$memwr$\S$/Users/toprakgundogdu/qwen-ffn-rom/rtl/gated_delta_step.v:115$38_EN[15:0]$144
    73/94: $1$memwr$\S$/Users/toprakgundogdu/qwen-ffn-rom/rtl/gated_delta_step.v:115$38_DATA[15:0]$143
    74/94: $1$memwr$\S$/Users/toprakgundogdu/qwen-ffn-rom/rtl/gated_delta_step.v:115$38_ADDR[31:0]$142
    75/94: $0\done[0:0]
    76/94: $0\v_r[3][7:0]
    77/94: $0\v_r[2][7:0]
    78/94: $0\v_r[1][7:0]
    79/94: $0\v_r[0][7:0]
    80/94: $0\k_r[3][7:0]
    81/94: $0\k_r[2][7:0]
    82/94: $0\k_r[1][7:0]
    83/94: $0\k_r[0][7:0]
    84/94: $0\q_r[3][7:0]
    85/94: $0\q_r[2][7:0]
    86/94: $0\q_r[1][7:0]
    87/94: $0\q_r[0][7:0]
    88/94: $0\acc[31:0]
    89/94: $0\j[1:0]
    90/94: $0\st[2:0]
    91/94: $0\beta_r[8:0]
    92/94: $0\g_r[8:0]
    93/94: $0\o_flat[95:0]
    94/94: $0\i[1:0]

3.8. Executing PROC_DLATCH pass (convert process syncs to latches).
No latch inferred for signal `\gated_delta_step.$mem2bits$\S$/Users/toprakgundogdu/qwen-ffn-rom/rtl/gated_delta_step.v:64$9' from process `\gated_delta_step.$proc$/Users/toprakgundogdu/qwen-ffn-rom/rtl/gated_delta_step.v:64$247'.
No latch inferred for signal `\gated_delta_step.\v_i[3]' from process `\gated_delta_step.$proc$/Users/toprakgundogdu/qwen-ffn-rom/rtl/gated_delta_step.v:44$246'.
No latch inferred for signal `\gated_delta_step.\k_i[3]' from process `\gated_delta_step.$proc$/Users/toprakgundogdu/qwen-ffn-rom/rtl/gated_delta_step.v:43$245'.
No latch inferred for signal `\gated_delta_step.\q_i[3]' from process `\gated_delta_step.$proc$/Users/toprakgundogdu/qwen-ffn-rom/rtl/gated_delta_step.v:42$244'.
No latch inferred for signal `\gated_delta_step.\v_i[2]' from process `\gated_delta_step.$proc$/Users/toprakgundogdu/qwen-ffn-rom/rtl/gated_delta_step.v:44$243'.
No latch inferred for signal `\gated_delta_step.\k_i[2]' from process `\gated_delta_step.$proc$/Users/toprakgundogdu/qwen-ffn-rom/rtl/gated_delta_step.v:43$242'.
No latch inferred for signal `\gated_delta_step.\q_i[2]' from process `\gated_delta_step.$proc$/Users/toprakgundogdu/qwen-ffn-rom/rtl/gated_delta_step.v:42$241'.
No latch inferred for signal `\gated_delta_step.\v_i[1]' from process `\gated_delta_step.$proc$/Users/toprakgundogdu/qwen-ffn-rom/rtl/gated_delta_step.v:44$240'.
No latch inferred for signal `\gated_delta_step.\k_i[1]' from process `\gated_delta_step.$proc$/Users/toprakgundogdu/qwen-ffn-rom/rtl/gated_delta_step.v:43$239'.
No latch inferred for signal `\gated_delta_step.\q_i[1]' from process `\gated_delta_step.$proc$/Users/toprakgundogdu/qwen-ffn-rom/rtl/gated_delta_step.v:42$238'.
No latch inferred for signal `\gated_delta_step.\v_i[0]' from process `\gated_delta_step.$proc$/Users/toprakgundogdu/qwen-ffn-rom/rtl/gated_delta_step.v:44$237'.
No latch inferred for signal `\gated_delta_step.\k_i[0]' from process `\gated_delta_step.$proc$/Users/toprakgundogdu/qwen-ffn-rom/rtl/gated_delta_step.v:43$236'.
No latch inferred for signal `\gated_delta_step.\q_i[0]' from process `\gated_delta_step.$proc$/Users/toprakgundogdu/qwen-ffn-rom/rtl/gated_delta_step.v:42$235'.
No latch inferred for signal `\gated_delta_step.$mem2reg_rd$\q_r$/Users/toprakgundogdu/qwen-ffn-rom/rtl/gated_delta_step.v:74$8_DATA' from process `\gated_delta_step.$proc$/Users/toprakgundogdu/qwen-ffn-rom/rtl/gated_delta_step.v:74$232'.
No latch inferred for signal `\gated_delta_step.$mem2reg_rd$\k_r$/Users/toprakgundogdu/qwen-ffn-rom/rtl/gated_delta_step.v:69$7_DATA' from process `\gated_delta_step.$proc$/Users/toprakgundogdu/qwen-ffn-rom/rtl/gated_delta_step.v:69$229'.
No latch inferred for signal `\gated_delta_step.$mem2reg_rd$\v_r$/Users/toprakgundogdu/qwen-ffn-rom/rtl/gated_delta_step.v:67$6_DATA' from process `\gated_delta_step.$proc$/Users/toprakgundogdu/qwen-ffn-rom/rtl/gated_delta_step.v:67$226'.
No latch inferred for signal `\gated_delta_step.$mem2reg_rd$\v_r$/Users/toprakgundogdu/qwen-ffn-rom/rtl/gated_delta_step.v:67$5_DATA' from process `\gated_delta_step.$proc$/Users/toprakgundogdu/qwen-ffn-rom/rtl/gated_delta_step.v:67$223'.
No latch inferred for signal `\gated_delta_step.$mem2reg_rd$\k_r$/Users/toprakgundogdu/qwen-ffn-rom/rtl/gated_delta_step.v:66$4_DATA' from process `\gated_delta_step.$proc$/Users/toprakgundogdu/qwen-ffn-rom/rtl/gated_delta_step.v:66$220'.

3.9. Executing PROC_DFF pass (convert process syncs to FFs).
Creating register for signal `\gated_delta_step.\i' using process `\gated_delta_step.$proc$/Users/toprakgundogdu/qwen-ffn-rom/rtl/gated_delta_step.v:77$69'.
  created $dff cell `$procdff$1118' with positive edge clock.
Creating register for signal `\gated_delta_step.\o_flat' using process `\gated_delta_step.$proc$/Users/toprakgundogdu/qwen-ffn-rom/rtl/gated_delta_step.v:77$69'.
  created $dff cell `$procdff$1119' with positive edge clock.
Creating register for signal `\gated_delta_step.\done' using process `\gated_delta_step.$proc$/Users/toprakgundogdu/qwen-ffn-rom/rtl/gated_delta_step.v:77$69'.
  created $dff cell `$procdff$1120' with positive edge clock.
Creating register for signal `\gated_delta_step.\g_r' using process `\gated_delta_step.$proc$/Users/toprakgundogdu/qwen-ffn-rom/rtl/gated_delta_step.v:77$69'.
  created $dff cell `$procdff$1121' with positive edge clock.
Creating register for signal `\gated_delta_step.\beta_r' using process `\gated_delta_step.$proc$/Users/toprakgundogdu/qwen-ffn-rom/rtl/gated_delta_step.v:77$69'.
  created $dff cell `$procdff$1122' with positive edge clock.
Creating register for signal `\gated_delta_step.\st' using process `\gated_delta_step.$proc$/Users/toprakgundogdu/qwen-ffn-rom/rtl/gated_delta_step.v:77$69'.
  created $dff cell `$procdff$1123' with positive edge clock.
Creating register for signal `\gated_delta_step.\j' using process `\gated_delta_step.$proc$/Users/toprakgundogdu/qwen-ffn-rom/rtl/gated_delta_step.v:77$69'.
  created $dff cell `$procdff$1124' with positive edge clock.
Creating register for signal `\gated_delta_step.\acc' using process `\gated_delta_step.$proc$/Users/toprakgundogdu/qwen-ffn-rom/rtl/gated_delta_step.v:77$69'.
  created $dff cell `$procdff$1125' with positive edge clock.
Creating register for signal `\gated_delta_step.\ii' using process `\gated_delta_step.$proc$/Users/toprakgundogdu/qwen-ffn-rom/rtl/gated_delta_step.v:77$69'.
  created $dff cell `$procdff$1126' with positive edge clock.
Creating register for signal `\gated_delta_step.\jj' using process `\gated_delta_step.$proc$/Users/toprakgundogdu/qwen-ffn-rom/rtl/gated_delta_step.v:77$69'.
  created $dff cell `$procdff$1127' with positive edge clock.
Creating register for signal `\gated_delta_step.\q_r[0]' using process `\gated_delta_step.$proc$/Users/toprakgundogdu/qwen-ffn-rom/rtl/gated_delta_step.v:77$69'.
  created $dff cell `$procdff$1128' with positive edge clock.
Creating register for signal `\gated_delta_step.\q_r[1]' using process `\gated_delta_step.$proc$/Users/toprakgundogdu/qwen-ffn-rom/rtl/gated_delta_step.v:77$69'.
  created $dff cell `$procdff$1129' with positive edge clock.
Creating register for signal `\gated_delta_step.\q_r[2]' using process `\gated_delta_step.$proc$/Users/toprakgundogdu/qwen-ffn-rom/rtl/gated_delta_step.v:77$69'.
  created $dff cell `$procdff$1130' with positive edge clock.
Creating register for signal `\gated_delta_step.\q_r[3]' using process `\gated_delta_step.$proc$/Users/toprakgundogdu/qwen-ffn-rom/rtl/gated_delta_step.v:77$69'.
  created $dff cell `$procdff$1131' with positive edge clock.
Creating register for signal `\gated_delta_step.\k_r[0]' using process `\gated_delta_step.$proc$/Users/toprakgundogdu/qwen-ffn-rom/rtl/gated_delta_step.v:77$69'.
  created $dff cell `$procdff$1132' with positive edge clock.
Creating register for signal `\gated_delta_step.\k_r[1]' using process `\gated_delta_step.$proc$/Users/toprakgundogdu/qwen-ffn-rom/rtl/gated_delta_step.v:77$69'.
  created $dff cell `$procdff$1133' with positive edge clock.
Creating register for signal `\gated_delta_step.\k_r[2]' using process `\gated_delta_step.$proc$/Users/toprakgundogdu/qwen-ffn-rom/rtl/gated_delta_step.v:77$69'.
  created $dff cell `$procdff$1134' with positive edge clock.
Creating register for signal `\gated_delta_step.\k_r[3]' using process `\gated_delta_step.$proc$/Users/toprakgundogdu/qwen-ffn-rom/rtl/gated_delta_step.v:77$69'.
  created $dff cell `$procdff$1135' with positive edge clock.
Creating register for signal `\gated_delta_step.\v_r[0]' using process `\gated_delta_step.$proc$/Users/toprakgundogdu/qwen-ffn-rom/rtl/gated_delta_step.v:77$69'.
  created $dff cell `$procdff$1136' with positive edge clock.
Creating register for signal `\gated_delta_step.\v_r[1]' using process `\gated_delta_step.$proc$/Users/toprakgundogdu/qwen-ffn-rom/rtl/gated_delta_step.v:77$69'.
  created $dff cell `$procdff$1137' with positive edge clock.
Creating register for signal `\gated_delta_step.\v_r[2]' using process `\gated_delta_step.$proc$/Users/toprakgundogdu/qwen-ffn-rom/rtl/gated_delta_step.v:77$69'.
  created $dff cell `$procdff$1138' with positive edge clock.
Creating register for signal `\gated_delta_step.\v_r[3]' using process `\gated_delta_step.$proc$/Users/toprakgundogdu/qwen-ffn-rom/rtl/gated_delta_step.v:77$69'.
  created $dff cell `$procdff$1139' with positive edge clock.
Creating register for signal `\gated_delta_step.$memwr$\kv$/Users/toprakgundogdu/qwen-ffn-rom/rtl/gated_delta_step.v:86$10_EN' using process `\gated_delta_step.$proc$/Users/toprakgundogdu/qwen-ffn-rom/rtl/gated_delta_step.v:77$69'.
  created $dff cell `$procdff$1140' with positive edge clock.
Creating register for signal `\gated_delta_step.$memwr$\delta$/Users/toprakgundogdu/qwen-ffn-rom/rtl/gated_delta_step.v:87$11_EN' using process `\gated_delta_step.$proc$/Users/toprakgundogdu/qwen-ffn-rom/rtl/gated_delta_step.v:77$69'.
  created $dff cell `$procdff$1141' with positive edge clock.
Creating register for signal `\gated_delta_step.$memwr$\o_r$/Users/toprakgundogdu/qwen-ffn-rom/rtl/gated_delta_step.v:88$12_EN' using process `\gated_delta_step.$proc$/Users/toprakgundogdu/qwen-ffn-rom/rtl/gated_delta_step.v:77$69'.
  created $dff cell `$procdff$1142' with positive edge clock.
Creating register for signal `\gated_delta_step.$memwr$\S$/Users/toprakgundogdu/qwen-ffn-rom/rtl/gated_delta_step.v:93$13_EN' using process `\gated_delta_step.$proc$/Users/toprakgundogdu/qwen-ffn-rom/rtl/gated_delta_step.v:77$69'.
  created $dff cell `$procdff$1143' with positive edge clock.
Creating register for signal `\gated_delta_step.$memwr$\S$/Users/toprakgundogdu/qwen-ffn-rom/rtl/gated_delta_step.v:93$14_EN' using process `\gated_delta_step.$proc$/Users/toprakgundogdu/qwen-ffn-rom/rtl/gated_delta_step.v:77$69'.
  created $dff cell `$procdff$1144' with positive edge clock.
Creating register for signal `\gated_delta_step.$memwr$\S$/Users/toprakgundogdu/qwen-ffn-rom/rtl/gated_delta_step.v:93$15_EN' using process `\gated_delta_step.$proc$/Users/toprakgundogdu/qwen-ffn-rom/rtl/gated_delta_step.v:77$69'.
  created $dff cell `$procdff$1145' with positive edge clock.
Creating register for signal `\gated_delta_step.$memwr$\S$/Users/toprakgundogdu/qwen-ffn-rom/rtl/gated_delta_step.v:93$16_EN' using process `\gated_delta_step.$proc$/Users/toprakgundogdu/qwen-ffn-rom/rtl/gated_delta_step.v:77$69'.
  created $dff cell `$procdff$1146' with positive edge clock.
Creating register for signal `\gated_delta_step.$memwr$\kv$/Users/toprakgundogdu/qwen-ffn-rom/rtl/gated_delta_step.v:86$17_EN' using process `\gated_delta_step.$proc$/Users/toprakgundogdu/qwen-ffn-rom/rtl/gated_delta_step.v:77$69'.
  created $dff cell `$procdff$1147' with positive edge clock.
Creating register for signal `\gated_delta_step.$memwr$\delta$/Users/toprakgundogdu/qwen-ffn-rom/rtl/gated_delta_step.v:87$18_EN' using process `\gated_delta_step.$proc$/Users/toprakgundogdu/qwen-ffn-rom/rtl/gated_delta_step.v:77$69'.
  created $dff cell `$procdff$1148' with positive edge clock.
Creating register for signal `\gated_delta_step.$memwr$\o_r$/Users/toprakgundogdu/qwen-ffn-rom/rtl/gated_delta_step.v:88$19_EN' using process `\gated_delta_step.$proc$/Users/toprakgundogdu/qwen-ffn-rom/rtl/gated_delta_step.v:77$69'.
  created $dff cell `$procdff$1149' with positive edge clock.
Creating register for signal `\gated_delta_step.$memwr$\S$/Users/toprakgundogdu/qwen-ffn-rom/rtl/gated_delta_step.v:93$20_EN' using process `\gated_delta_step.$proc$/Users/toprakgundogdu/qwen-ffn-rom/rtl/gated_delta_step.v:77$69'.
  created $dff cell `$procdff$1150' with positive edge clock.
Creating register for signal `\gated_delta_step.$memwr$\S$/Users/toprakgundogdu/qwen-ffn-rom/rtl/gated_delta_step.v:93$21_EN' using process `\gated_delta_step.$proc$/Users/toprakgundogdu/qwen-ffn-rom/rtl/gated_delta_step.v:77$69'.
  created $dff cell `$procdff$1151' with positive edge clock.
Creating register for signal `\gated_delta_step.$memwr$\S$/Users/toprakgundogdu/qwen-ffn-rom/rtl/gated_delta_step.v:93$22_EN' using process `\gated_delta_step.$proc$/Users/toprakgundogdu/qwen-ffn-rom/rtl/gated_delta_step.v:77$69'.
  created $dff cell `$procdff$1152' with positive edge clock.
Creating register for signal `\gated_delta_step.$memwr$\S$/Users/toprakgundogdu/qwen-ffn-rom/rtl/gated_delta_step.v:93$23_EN' using process `\gated_delta_step.$proc$/Users/toprakgundogdu/qwen-ffn-rom/rtl/gated_delta_step.v:77$69'.
  created $dff cell `$procdff$1153' with positive edge clock.
Creating register for signal `\gated_delta_step.$memwr$\kv$/Users/toprakgundogdu/qwen-ffn-rom/rtl/gated_delta_step.v:86$24_EN' using process `\gated_delta_step.$proc$/Users/toprakgundogdu/qwen-ffn-rom/rtl/gated_delta_step.v:77$69'.
  created $dff cell `$procdff$1154' with positive edge clock.
Creating register for signal `\gated_delta_step.$memwr$\delta$/Users/toprakgundogdu/qwen-ffn-rom/rtl/gated_delta_step.v:87$25_EN' using process `\gated_delta_step.$proc$/Users/toprakgundogdu/qwen-ffn-rom/rtl/gated_delta_step.v:77$69'.
  created $dff cell `$procdff$1155' with positive edge clock.
Creating register for signal `\gated_delta_step.$memwr$\o_r$/Users/toprakgundogdu/qwen-ffn-rom/rtl/gated_delta_step.v:88$26_EN' using process `\gated_delta_step.$proc$/Users/toprakgundogdu/qwen-ffn-rom/rtl/gated_delta_step.v:77$69'.
  created $dff cell `$procdff$1156' with positive edge clock.
Creating register for signal `\gated_delta_step.$memwr$\S$/Users/toprakgundogdu/qwen-ffn-rom/rtl/gated_delta_step.v:93$27_EN' using process `\gated_delta_step.$proc$/Users/toprakgundogdu/qwen-ffn-rom/rtl/gated_delta_step.v:77$69'.
  created $dff cell `$procdff$1157' with positive edge clock.
Creating register for signal `\gated_delta_step.$memwr$\S$/Users/toprakgundogdu/qwen-ffn-rom/rtl/gated_delta_step.v:93$28_EN' using process `\gated_delta_step.$proc$/Users/toprakgundogdu/qwen-ffn-rom/rtl/gated_delta_step.v:77$69'.
  created $dff cell `$procdff$1158' with positive edge clock.
Creating register for signal `\gated_delta_step.$memwr$\S$/Users/toprakgundogdu/qwen-ffn-rom/rtl/gated_delta_step.v:93$29_EN' using process `\gated_delta_step.$proc$/Users/toprakgundogdu/qwen-ffn-rom/rtl/gated_delta_step.v:77$69'.
  created $dff cell `$procdff$1159' with positive edge clock.
Creating register for signal `\gated_delta_step.$memwr$\S$/Users/toprakgundogdu/qwen-ffn-rom/rtl/gated_delta_step.v:93$30_EN' using process `\gated_delta_step.$proc$/Users/toprakgundogdu/qwen-ffn-rom/rtl/gated_delta_step.v:77$69'.
  created $dff cell `$procdff$1160' with positive edge clock.
Creating register for signal `\gated_delta_step.$memwr$\kv$/Users/toprakgundogdu/qwen-ffn-rom/rtl/gated_delta_step.v:86$31_EN' using process `\gated_delta_step.$proc$/Users/toprakgundogdu/qwen-ffn-rom/rtl/gated_delta_step.v:77$69'.
  created $dff cell `$procdff$1161' with positive edge clock.
Creating register for signal `\gated_delta_step.$memwr$\delta$/Users/toprakgundogdu/qwen-ffn-rom/rtl/gated_delta_step.v:87$32_EN' using process `\gated_delta_step.$proc$/Users/toprakgundogdu/qwen-ffn-rom/rtl/gated_delta_step.v:77$69'.
  created $dff cell `$procdff$1162' with positive edge clock.
Creating register for signal `\gated_delta_step.$memwr$\o_r$/Users/toprakgundogdu/qwen-ffn-rom/rtl/gated_delta_step.v:88$33_EN' using process `\gated_delta_step.$proc$/Users/toprakgundogdu/qwen-ffn-rom/rtl/gated_delta_step.v:77$69'.
  created $dff cell `$procdff$1163' with positive edge clock.
Creating register for signal `\gated_delta_step.$memwr$\S$/Users/toprakgundogdu/qwen-ffn-rom/rtl/gated_delta_step.v:93$34_EN' using process `\gated_delta_step.$proc$/Users/toprakgundogdu/qwen-ffn-rom/rtl/gated_delta_step.v:77$69'.
  created $dff cell `$procdff$1164' with positive edge clock.
Creating register for signal `\gated_delta_step.$memwr$\S$/Users/toprakgundogdu/qwen-ffn-rom/rtl/gated_delta_step.v:93$35_EN' using process `\gated_delta_step.$proc$/Users/toprakgundogdu/qwen-ffn-rom/rtl/gated_delta_step.v:77$69'.
  created $dff cell `$procdff$1165' with positive edge clock.
Creating register for signal `\gated_delta_step.$memwr$\S$/Users/toprakgundogdu/qwen-ffn-rom/rtl/gated_delta_step.v:93$36_EN' using process `\gated_delta_step.$proc$/Users/toprakgundogdu/qwen-ffn-rom/rtl/gated_delta_step.v:77$69'.
  created $dff cell `$procdff$1166' with positive edge clock.
Creating register for signal `\gated_delta_step.$memwr$\S$/Users/toprakgundogdu/qwen-ffn-rom/rtl/gated_delta_step.v:93$37_EN' using process `\gated_delta_step.$proc$/Users/toprakgundogdu/qwen-ffn-rom/rtl/gated_delta_step.v:77$69'.
  created $dff cell `$procdff$1167' with positive edge clock.
Creating register for signal `\gated_delta_step.$memwr$\S$/Users/toprakgundogdu/qwen-ffn-rom/rtl/gated_delta_step.v:115$38_ADDR' using process `\gated_delta_step.$proc$/Users/toprakgundogdu/qwen-ffn-rom/rtl/gated_delta_step.v:77$69'.
  created $dff cell `$procdff$1168' with positive edge clock.
Creating register for signal `\gated_delta_step.$memwr$\S$/Users/toprakgundogdu/qwen-ffn-rom/rtl/gated_delta_step.v:115$38_DATA' using process `\gated_delta_step.$proc$/Users/toprakgundogdu/qwen-ffn-rom/rtl/gated_delta_step.v:77$69'.
  created $dff cell `$procdff$1169' with positive edge clock.
Creating register for signal `\gated_delta_step.$memwr$\S$/Users/toprakgundogdu/qwen-ffn-rom/rtl/gated_delta_step.v:115$38_EN' using process `\gated_delta_step.$proc$/Users/toprakgundogdu/qwen-ffn-rom/rtl/gated_delta_step.v:77$69'.
  created $dff cell `$procdff$1170' with positive edge clock.
Creating register for signal `\gated_delta_step.$memwr$\kv$/Users/toprakgundogdu/qwen-ffn-rom/rtl/gated_delta_step.v:133$39_ADDR' using process `\gated_delta_step.$proc$/Users/toprakgundogdu/qwen-ffn-rom/rtl/gated_delta_step.v:77$69'.
  created $dff cell `$procdff$1171' with positive edge clock.
Creating register for signal `\gated_delta_step.$memwr$\kv$/Users/toprakgundogdu/qwen-ffn-rom/rtl/gated_delta_step.v:133$39_DATA' using process `\gated_delta_step.$proc$/Users/toprakgundogdu/qwen-ffn-rom/rtl/gated_delta_step.v:77$69'.
  created $dff cell `$procdff$1172' with positive edge clock.
Creating register for signal `\gated_delta_step.$memwr$\kv$/Users/toprakgundogdu/qwen-ffn-rom/rtl/gated_delta_step.v:133$39_EN' using process `\gated_delta_step.$proc$/Users/toprakgundogdu/qwen-ffn-rom/rtl/gated_delta_step.v:77$69'.
  created $dff cell `$procdff$1173' with positive edge clock.
Creating register for signal `\gated_delta_step.$memwr$\delta$/Users/toprakgundogdu/qwen-ffn-rom/rtl/gated_delta_step.v:147$40_ADDR' using process `\gated_delta_step.$proc$/Users/toprakgundogdu/qwen-ffn-rom/rtl/gated_delta_step.v:77$69'.
  created $dff cell `$procdff$1174' with positive edge clock.
Creating register for signal `\gated_delta_step.$memwr$\delta$/Users/toprakgundogdu/qwen-ffn-rom/rtl/gated_delta_step.v:147$40_DATA' using process `\gated_delta_step.$proc$/Users/toprakgundogdu/qwen-ffn-rom/rtl/gated_delta_step.v:77$69'.
  created $dff cell `$procdff$1175' with positive edge clock.
Creating register for signal `\gated_delta_step.$memwr$\delta$/Users/toprakgundogdu/qwen-ffn-rom/rtl/gated_delta_step.v:147$40_EN' using process `\gated_delta_step.$proc$/Users/toprakgundogdu/qwen-ffn-rom/rtl/gated_delta_step.v:77$69'.
  created $dff cell `$procdff$1176' with positive edge clock.
Creating register for signal `\gated_delta_step.$memwr$\S$/Users/toprakgundogdu/qwen-ffn-rom/rtl/gated_delta_step.v:157$41_ADDR' using process `\gated_delta_step.$proc$/Users/toprakgundogdu/qwen-ffn-rom/rtl/gated_delta_step.v:77$69'.
  created $dff cell `$procdff$1177' with positive edge clock.
Creating register for signal `\gated_delta_step.$memwr$\S$/Users/toprakgundogdu/qwen-ffn-rom/rtl/gated_delta_step.v:157$41_DATA' using process `\gated_delta_step.$proc$/Users/toprakgundogdu/qwen-ffn-rom/rtl/gated_delta_step.v:77$69'.
  created $dff cell `$procdff$1178' with positive edge clock.
Creating register for signal `\gated_delta_step.$memwr$\S$/Users/toprakgundogdu/qwen-ffn-rom/rtl/gated_delta_step.v:157$41_EN' using process `\gated_delta_step.$proc$/Users/toprakgundogdu/qwen-ffn-rom/rtl/gated_delta_step.v:77$69'.
  created $dff cell `$procdff$1179' with positive edge clock.
Creating register for signal `\gated_delta_step.$memwr$\o_r$/Users/toprakgundogdu/qwen-ffn-rom/rtl/gated_delta_step.v:175$42_ADDR' using process `\gated_delta_step.$proc$/Users/toprakgundogdu/qwen-ffn-rom/rtl/gated_delta_step.v:77$69'.
  created $dff cell `$procdff$1180' with positive edge clock.
Creating register for signal `\gated_delta_step.$memwr$\o_r$/Users/toprakgundogdu/qwen-ffn-rom/rtl/gated_delta_step.v:175$42_DATA' using process `\gated_delta_step.$proc$/Users/toprakgundogdu/qwen-ffn-rom/rtl/gated_delta_step.v:77$69'.
  created $dff cell `$procdff$1181' with positive edge clock.
Creating register for signal `\gated_delta_step.$memwr$\o_r$/Users/toprakgundogdu/qwen-ffn-rom/rtl/gated_delta_step.v:175$42_EN' using process `\gated_delta_step.$proc$/Users/toprakgundogdu/qwen-ffn-rom/rtl/gated_delta_step.v:77$69'.
  created $dff cell `$procdff$1182' with positive edge clock.

3.10. Executing PROC_MEMWR pass (convert process memory writes to cells).

3.11. Executing PROC_CLEAN pass (remove empty switches from decision trees).
Removing empty process `gated_delta_step.$proc$/Users/toprakgundogdu/qwen-ffn-rom/rtl/gated_delta_step.v:64$247'.
Removing empty process `gated_delta_step.$proc$/Users/toprakgundogdu/qwen-ffn-rom/rtl/gated_delta_step.v:44$246'.
Removing empty process `gated_delta_step.$proc$/Users/toprakgundogdu/qwen-ffn-rom/rtl/gated_delta_step.v:43$245'.
Removing empty process `gated_delta_step.$proc$/Users/toprakgundogdu/qwen-ffn-rom/rtl/gated_delta_step.v:42$244'.
Removing empty process `gated_delta_step.$proc$/Users/toprakgundogdu/qwen-ffn-rom/rtl/gated_delta_step.v:44$243'.
Removing empty process `gated_delta_step.$proc$/Users/toprakgundogdu/qwen-ffn-rom/rtl/gated_delta_step.v:43$242'.
Removing empty process `gated_delta_step.$proc$/Users/toprakgundogdu/qwen-ffn-rom/rtl/gated_delta_step.v:42$241'.
Removing empty process `gated_delta_step.$proc$/Users/toprakgundogdu/qwen-ffn-rom/rtl/gated_delta_step.v:44$240'.
Removing empty process `gated_delta_step.$proc$/Users/toprakgundogdu/qwen-ffn-rom/rtl/gated_delta_step.v:43$239'.
Removing empty process `gated_delta_step.$proc$/Users/toprakgundogdu/qwen-ffn-rom/rtl/gated_delta_step.v:42$238'.
Removing empty process `gated_delta_step.$proc$/Users/toprakgundogdu/qwen-ffn-rom/rtl/gated_delta_step.v:44$237'.
Removing empty process `gated_delta_step.$proc$/Users/toprakgundogdu/qwen-ffn-rom/rtl/gated_delta_step.v:43$236'.
Removing empty process `gated_delta_step.$proc$/Users/toprakgundogdu/qwen-ffn-rom/rtl/gated_delta_step.v:42$235'.
Found and cleaned up 1 empty switch in `\gated_delta_step.$proc$/Users/toprakgundogdu/qwen-ffn-rom/rtl/gated_delta_step.v:74$232'.
Removing empty process `gated_delta_step.$proc$/Users/toprakgundogdu/qwen-ffn-rom/rtl/gated_delta_step.v:74$232'.
Found and cleaned up 1 empty switch in `\gated_delta_step.$proc$/Users/toprakgundogdu/qwen-ffn-rom/rtl/gated_delta_step.v:69$229'.
Removing empty process `gated_delta_step.$proc$/Users/toprakgundogdu/qwen-ffn-rom/rtl/gated_delta_step.v:69$229'.
Found and cleaned up 1 empty switch in `\gated_delta_step.$proc$/Users/toprakgundogdu/qwen-ffn-rom/rtl/gated_delta_step.v:67$226'.
Removing empty process `gated_delta_step.$proc$/Users/toprakgundogdu/qwen-ffn-rom/rtl/gated_delta_step.v:67$226'.
Found and cleaned up 1 empty switch in `\gated_delta_step.$proc$/Users/toprakgundogdu/qwen-ffn-rom/rtl/gated_delta_step.v:67$223'.
Removing empty process `gated_delta_step.$proc$/Users/toprakgundogdu/qwen-ffn-rom/rtl/gated_delta_step.v:67$223'.
Found and cleaned up 1 empty switch in `\gated_delta_step.$proc$/Users/toprakgundogdu/qwen-ffn-rom/rtl/gated_delta_step.v:66$220'.
Removing empty process `gated_delta_step.$proc$/Users/toprakgundogdu/qwen-ffn-rom/rtl/gated_delta_step.v:66$220'.
Found and cleaned up 14 empty switches in `\gated_delta_step.$proc$/Users/toprakgundogdu/qwen-ffn-rom/rtl/gated_delta_step.v:77$69'.
Removing empty process `gated_delta_step.$proc$/Users/toprakgundogdu/qwen-ffn-rom/rtl/gated_delta_step.v:77$69'.
Cleaned up 19 empty switches.

3.12. Executing OPT_EXPR pass (perform const folding).
Optimizing module gated_delta_step.
<suppressed ~125 debug messages>

4. Executing FLATTEN pass (flatten design).

5. Executing OPT_EXPR pass (perform const folding).
Optimizing module gated_delta_step.
<suppressed ~14 debug messages>

6. Executing OPT_CLEAN pass (remove unused cells and wires).
Finding unused cells or wires in module \gated_delta_step..
Removed 55 unused cells and 416 unused wires.
<suppressed ~58 debug messages>

7. Executing SYNTH pass.

7.1. Executing HIERARCHY pass (managing design hierarchy).

7.1.1. Analyzing design hierarchy..
Top module:  \gated_delta_step

7.1.2. Analyzing design hierarchy..
Top module:  \gated_delta_step
Removed 0 unused modules.

7.2. Executing PROC pass (convert processes to netlists).

7.2.1. Executing PROC_CLEAN pass (remove empty switches from decision trees).
Cleaned up 0 empty switches.

7.2.2. Executing PROC_RMDEAD pass (remove dead branches from decision trees).
Removed a total of 0 dead cases.

7.2.3. Executing PROC_PRUNE pass (remove redundant assignments in processes).
Removed 0 redundant assignments.
Promoted 0 assignments to connections.

7.2.4. Executing PROC_INIT pass (extract init attributes).

7.2.5. Executing PROC_ARST pass (detect async resets in processes).

7.2.6. Executing PROC_ROM pass (convert switches to ROMs).
Converted 0 switches.

7.2.7. Executing PROC_MUX pass (convert decision trees to multiplexers).

7.2.8. Executing PROC_DLATCH pass (convert process syncs to latches).

7.2.9. Executing PROC_DFF pass (convert process syncs to FFs).

7.2.10. Executing PROC_MEMWR pass (convert process memory writes to cells).

7.2.11. Executing PROC_CLEAN pass (remove empty switches from decision trees).
Cleaned up 0 empty switches.

7.2.12. Executing OPT_EXPR pass (perform const folding).
Optimizing module gated_delta_step.

7.3. Executing OPT_EXPR pass (perform const folding).
Optimizing module gated_delta_step.

7.4. Executing OPT_CLEAN pass (remove unused cells and wires).
Finding unused cells or wires in module \gated_delta_step..

7.5. Executing CHECK pass (checking for obvious problems).
Checking module gated_delta_step...
Found and reported 0 problems.

7.6. Executing OPT pass (performing simple optimizations).

7.6.1. Executing OPT_EXPR pass (perform const folding).
Optimizing module gated_delta_step.

7.6.2. Executing OPT_MERGE pass (detect identical cells).
Finding identical cells in module `\gated_delta_step'.
Computing hashes of 405 cells of `\gated_delta_step'.
Finding duplicate cells in `\gated_delta_step'.
Computing hashes of 309 cells of `\gated_delta_step'.
Finding duplicate cells in `\gated_delta_step'.
Computing hashes of 305 cells of `\gated_delta_step'.
Finding duplicate cells in `\gated_delta_step'.
<suppressed ~300 debug messages>
Removed a total of 100 cells.

7.6.3. Executing OPT_MUXTREE pass (detect dead branches in mux trees).
Running muxtree optimizer on module \gated_delta_step..
  Creating internal representation of mux trees.
  Evaluating internal representation of mux trees.
  Analyzing evaluation results.
    dead port 2/2 on $mux $procmux$593.
    dead port 2/2 on $mux $procmux$582.
    dead port 2/2 on $mux $procmux$571.
    dead port 2/2 on $mux $procmux$560.
    dead port 2/2 on $mux $procmux$550.
    dead port 2/2 on $mux $procmux$540.
    dead port 2/2 on $mux $procmux$530.
    dead port 2/2 on $mux $procmux$521.
    dead port 2/2 on $mux $procmux$512.
    dead port 2/2 on $mux $procmux$503.
    dead port 2/2 on $mux $procmux$495.
    dead port 2/2 on $mux $procmux$487.
    dead port 2/2 on $mux $procmux$479.
    dead port 2/2 on $mux $procmux$472.
    dead port 2/2 on $mux $procmux$465.
    dead port 2/2 on $mux $procmux$431.
    dead port 2/2 on $mux $procmux$428.
    dead port 2/2 on $mux $procmux$418.
    dead port 2/2 on $mux $procmux$415.
    dead port 2/2 on $mux $procmux$405.
    dead port 2/2 on $mux $procmux$402.
    dead port 2/2 on $mux $procmux$392.
    dead port 2/2 on $mux $procmux$389.
    dead port 1/2 on $mux $procmux$387.
    dead port 2/2 on $mux $procmux$376.
    dead port 2/2 on $mux $procmux$373.
    dead port 1/2 on $mux $procmux$371.
    dead port 2/2 on $mux $procmux$360.
    dead port 2/2 on $mux $procmux$357.
    dead port 1/2 on $mux $procmux$355.
    dead port 2/2 on $mux $procmux$344.
    dead port 2/2 on $mux $procmux$341.
    dead port 2/2 on $mux $procmux$334.
    dead port 2/2 on $mux $procmux$331.
    dead port 2/2 on $mux $procmux$324.
    dead port 2/2 on $mux $procmux$321.
    dead port 2/2 on $mux $procmux$314.
    dead port 2/2 on $mux $procmux$311.
    dead port 1/2 on $mux $procmux$309.
    dead port 2/2 on $mux $procmux$301.
    dead port 2/2 on $mux $procmux$298.
    dead port 1/2 on $mux $procmux$296.
    dead port 2/2 on $mux $procmux$288.
    dead port 2/2 on $mux $procmux$285.
    dead port 1/2 on $mux $procmux$283.
Removed 45 multiplexer ports.
<suppressed ~284 debug messages>

7.6.4. Executing OPT_REDUCE pass (consolidate $*mux and $reduce_* inputs).
  Optimizing cells in module \gated_delta_step.
    Consolidated identical input bits for $mux cell $procmux$683:
      Old ports: A=32'11111111111111111111111111111111, B=0, Y=$0$memwr$\kv$/Users/toprakgundogdu/qwen-ffn-rom/rtl/gated_delta_step.v:86$10_EN[31:0]$70
      New ports: A=1'1, B=1'0, Y=$0$memwr$\kv$/Users/toprakgundogdu/qwen-ffn-rom/rtl/gated_delta_step.v:86$10_EN[31:0]$70 [0]
      New connections: $0$memwr$\kv$/Users/toprakgundogdu/qwen-ffn-rom/rtl/gated_delta_step.v:86$10_EN[31:0]$70 [31:1] = { $0$memwr$\kv$/Users/toprakgundogdu/qwen-ffn-rom/rtl/gated_delta_step.v:86$10_EN[31:0]$70 [0] $0$memwr$\kv$/Users/toprakgundogdu/qwen-ffn-rom/rtl/gated_delta_step.v:86$10_EN[31:0]$70 [0] $0$memwr$\kv$/Users/toprakgundogdu/qwen-ffn-rom/rtl/gated_delta_step.v:86$10_EN[31:0]$70 [0] $0$memwr$\kv$/Users/toprakgundogdu/qwen-ffn-rom/rtl/gated_delta_step.v:86$10_EN[31:0]$70 [0] $0$memwr$\kv$/Users/toprakgundogdu/qwen-ffn-rom/rtl/gated_delta_step.v:86$10_EN[31:0]$70 [0] $0$memwr$\kv$/Users/toprakgundogdu/qwen-ffn-rom/rtl/gated_delta_step.v:86$10_EN[31:0]$70 [0] $0$memwr$\kv$/Users/toprakgundogdu/qwen-ffn-rom/rtl/gated_delta_step.v:86$10_EN[31:0]$70 [0] $0$memwr$\kv$/Users/toprakgundogdu/qwen-ffn-rom/rtl/gated_delta_step.v:86$10_EN[31:0]$70 [0] $0$memwr$\kv$/Users/toprakgundogdu/qwen-ffn-rom/rtl/gated_delta_step.v:86$10_EN[31:0]$70 [0] $0$memwr$\kv$/Users/toprakgundogdu/qwen-ffn-rom/rtl/gated_delta_step.v:86$10_EN[31:0]$70 [0] $0$memwr$\kv$/Users/toprakgundogdu/qwen-ffn-rom/rtl/gated_delta_step.v:86$10_EN[31:0]$70 [0] $0$memwr$\kv$/Users/toprakgundogdu/qwen-ffn-rom/rtl/gated_delta_step.v:86$10_EN[31:0]$70 [0] $0$memwr$\kv$/Users/toprakgundogdu/qwen-ffn-rom/rtl/gated_delta_step.v:86$10_EN[31:0]$70 [0] $0$memwr$\kv$/Users/toprakgundogdu/qwen-ffn-rom/rtl/gated_delta_step.v:86$10_EN[31:0]$70 [0] $0$memwr$\kv$/Users/toprakgundogdu/qwen-ffn-rom/rtl/gated_delta_step.v:86$10_EN[31:0]$70 [0] $0$memwr$\kv$/Users/toprakgundogdu/qwen-ffn-rom/rtl/gated_delta_step.v:86$10_EN[31:0]$70 [0] $0$memwr$\kv$/Users/toprakgundogdu/qwen-ffn-rom/rtl/gated_delta_step.v:86$10_EN[31:0]$70 [0] $0$memwr$\kv$/Users/toprakgundogdu/qwen-ffn-rom/rtl/gated_delta_step.v:86$10_EN[31:0]$70 [0] $0$memwr$\kv$/Users/toprakgundogdu/qwen-ffn-rom/rtl/gated_delta_step.v:86$10_EN[31:0]$70 [0] $0$memwr$\kv$/Users/toprakgundogdu/qwen-ffn-rom/rtl/gated_delta_step.v:86$10_EN[31:0]$70 [0] $0$memwr$\kv$/Users/toprakgundogdu/qwen-ffn-rom/rtl/gated_delta_step.v:86$10_EN[31:0]$70 [0] $0$memwr$\kv$/Users/toprakgundogdu/qwen-ffn-rom/rtl/gated_delta_step.v:86$10_EN[31:0]$70 [0] $0$memwr$\kv$/Users/toprakgundogdu/qwen-ffn-rom/rtl/gated_delta_step.v:86$10_EN[31:0]$70 [0] $0$memwr$\kv$/Users/toprakgundogdu/qwen-ffn-rom/rtl/gated_delta_step.v:86$10_EN[31:0]$70 [0] $0$memwr$\kv$/Users/toprakgundogdu/qwen-ffn-rom/rtl/gated_delta_step.v:86$10_EN[31:0]$70 [0] $0$memwr$\kv$/Users/toprakgundogdu/qwen-ffn-rom/rtl/gated_delta_step.v:86$10_EN[31:0]$70 [0] $0$memwr$\kv$/Users/toprakgundogdu/qwen-ffn-rom/rtl/gated_delta_step.v:86$10_EN[31:0]$70 [0] $0$memwr$\kv$/Users/toprakgundogdu/qwen-ffn-rom/rtl/gated_delta_step.v:86$10_EN[31:0]$70 [0] $0$memwr$\kv$/Users/toprakgundogdu/qwen-ffn-rom/rtl/gated_delta_step.v:86$10_EN[31:0]$70 [0] $0$memwr$\kv$/Users/toprakgundogdu/qwen-ffn-rom/rtl/gated_delta_step.v:86$10_EN[31:0]$70 [0] $0$memwr$\kv$/Users/toprakgundogdu/qwen-ffn-rom/rtl/gated_delta_step.v:86$10_EN[31:0]$70 [0] }
    Consolidated identical input bits for $mux cell $procmux$680:
      Old ports: A=32'11111111111111111111111111111111, B=0, Y=$0$memwr$\delta$/Users/toprakgundogdu/qwen-ffn-rom/rtl/gated_delta_step.v:87$11_EN[31:0]$71
      New ports: A=1'1, B=1'0, Y=$0$memwr$\delta$/Users/toprakgundogdu/qwen-ffn-rom/rtl/gated_delta_step.v:87$11_EN[31:0]$71 [0]
      New connections: $0$memwr$\delta$/Users/toprakgundogdu/qwen-ffn-rom/rtl/gated_delta_step.v:87$11_EN[31:0]$71 [31:1] = { $0$memwr$\delta$/Users/toprakgundogdu/qwen-ffn-rom/rtl/gated_delta_step.v:87$11_EN[31:0]$71 [0] $0$memwr$\delta$/Users/toprakgundogdu/qwen-ffn-rom/rtl/gated_delta_step.v:87$11_EN[31:0]$71 [0] $0$memwr$\delta$/Users/toprakgundogdu/qwen-ffn-rom/rtl/gated_delta_step.v:87$11_EN[31:0]$71 [0] $0$memwr$\delta$/Users/toprakgundogdu/qwen-ffn-rom/rtl/gated_delta_step.v:87$11_EN[31:0]$71 [0] $0$memwr$\delta$/Users/toprakgundogdu/qwen-ffn-rom/rtl/gated_delta_step.v:87$11_EN[31:0]$71 [0] $0$memwr$\delta$/Users/toprakgundogdu/qwen-ffn-rom/rtl/gated_delta_step.v:87$11_EN[31:0]$71 [0] $0$memwr$\delta$/Users/toprakgundogdu/qwen-ffn-rom/rtl/gated_delta_step.v:87$11_EN[31:0]$71 [0] $0$memwr$\delta$/Users/toprakgundogdu/qwen-ffn-rom/rtl/gated_delta_step.v:87$11_EN[31:0]$71 [0] $0$memwr$\delta$/Users/toprakgundogdu/qwen-ffn-rom/rtl/gated_delta_step.v:87$11_EN[31:0]$71 [0] $0$memwr$\delta$/Users/toprakgundogdu/qwen-ffn-rom/rtl/gated_delta_step.v:87$11_EN[31:0]$71 [0] $0$memwr$\delta$/Users/toprakgundogdu/qwen-ffn-rom/rtl/gated_delta_step.v:87$11_EN[31:0]$71 [0] $0$memwr$\delta$/Users/toprakgundogdu/qwen-ffn-rom/rtl/gated_delta_step.v:87$11_EN[31:0]$71 [0] $0$memwr$\delta$/Users/toprakgundogdu/qwen-ffn-rom/rtl/gated_delta_step.v:87$11_EN[31:0]$71 [0] $0$memwr$\delta$/Users/toprakgundogdu/qwen-ffn-rom/rtl/gated_delta_step.v:87$11_EN[31:0]$71 [0] $0$memwr$\delta$/Users/toprakgundogdu/qwen-ffn-rom/rtl/gated_delta_step.v:87$11_EN[31:0]$71 [0] $0$memwr$\delta$/Users/toprakgundogdu/qwen-ffn-rom/rtl/gated_delta_step.v:87$11_EN[31:0]$71 [0] $0$memwr$\delta$/Users/toprakgundogdu/qwen-ffn-rom/rtl/gated_delta_step.v:87$11_EN[31:0]$71 [0] $0$memwr$\delta$/Users/toprakgundogdu/qwen-ffn-rom/rtl/gated_delta_step.v:87$11_EN[31:0]$71 [0] $0$memwr$\delta$/Users/toprakgundogdu/qwen-ffn-rom/rtl/gated_delta_step.v:87$11_EN[31:0]$71 [0] $0$memwr$\delta$/Users/toprakgundogdu/qwen-ffn-rom/rtl/gated_delta_step.v:87$11_EN[31:0]$71 [0] $0$memwr$\delta$/Users/toprakgundogdu/qwen-ffn-rom/rtl/gated_delta_step.v:87$11_EN[31:0]$71 [0] $0$memwr$\delta$/Users/toprakgundogdu/qwen-ffn-rom/rtl/gated_delta_step.v:87$11_EN[31:0]$71 [0] $0$memwr$\delta$/Users/toprakgundogdu/qwen-ffn-rom/rtl/gated_delta_step.v:87$11_EN[31:0]$71 [0] $0$memwr$\delta$/Users/toprakgundogdu/qwen-ffn-rom/rtl/gated_delta_step.v:87$11_EN[31:0]$71 [0] $0$memwr$\delta$/Users/toprakgundogdu/qwen-ffn-rom/rtl/gated_delta_step.v:87$11_EN[31:0]$71 [0] $0$memwr$\delta$/Users/toprakgundogdu/qwen-ffn-rom/rtl/gated_delta_step.v:87$11_EN[31:0]$71 [0] $0$memwr$\delta$/Users/toprakgundogdu/qwen-ffn-rom/rtl/gated_delta_step.v:87$11_EN[31:0]$71 [0] $0$memwr$\delta$/Users/toprakgundogdu/qwen-ffn-rom/rtl/gated_delta_step.v:87$11_EN[31:0]$71 [0] $0$memwr$\delta$/Users/toprakgundogdu/qwen-ffn-rom/rtl/gated_delta_step.v:87$11_EN[31:0]$71 [0] $0$memwr$\delta$/Users/toprakgundogdu/qwen-ffn-rom/rtl/gated_delta_step.v:87$11_EN[31:0]$71 [0] $0$memwr$\delta$/Users/toprakgundogdu/qwen-ffn-rom/rtl/gated_delta_step.v:87$11_EN[31:0]$71 [0] }
    Consolidated identical input bits for $mux cell $procmux$677:
      Old ports: A=24'111111111111111111111111, B=24'000000000000000000000000, Y=$0$memwr$\o_r$/Users/toprakgundogdu/qwen-ffn-rom/rtl/gated_delta_step.v:88$12_EN[23:0]$72
      New ports: A=1'1, B=1'0, Y=$0$memwr$\o_r$/Users/toprakgundogdu/qwen-ffn-rom/rtl/gated_delta_step.v:88$12_EN[23:0]$72 [0]
      New connections: $0$memwr$\o_r$/Users/toprakgundogdu/qwen-ffn-rom/rtl/gated_delta_step.v:88$12_EN[23:0]$72 [23:1] = { $0$memwr$\o_r$/Users/toprakgundogdu/qwen-ffn-rom/rtl/gated_delta_step.v:88$12_EN[23:0]$72 [0] $0$memwr$\o_r$/Users/toprakgundogdu/qwen-ffn-rom/rtl/gated_delta_step.v:88$12_EN[23:0]$72 [0] $0$memwr$\o_r$/Users/toprakgundogdu/qwen-ffn-rom/rtl/gated_delta_step.v:88$12_EN[23:0]$72 [0] $0$memwr$\o_r$/Users/toprakgundogdu/qwen-ffn-rom/rtl/gated_delta_step.v:88$12_EN[23:0]$72 [0] $0$memwr$\o_r$/Users/toprakgundogdu/qwen-ffn-rom/rtl/gated_delta_step.v:88$12_EN[23:0]$72 [0] $0$memwr$\o_r$/Users/toprakgundogdu/qwen-ffn-rom/rtl/gated_delta_step.v:88$12_EN[23:0]$72 [0] $0$memwr$\o_r$/Users/toprakgundogdu/qwen-ffn-rom/rtl/gated_delta_step.v:88$12_EN[23:0]$72 [0] $0$memwr$\o_r$/Users/toprakgundogdu/qwen-ffn-rom/rtl/gated_delta_step.v:88$12_EN[23:0]$72 [0] $0$memwr$\o_r$/Users/toprakgundogdu/qwen-ffn-rom/rtl/gated_delta_step.v:88$12_EN[23:0]$72 [0] $0$memwr$\o_r$/Users/toprakgundogdu/qwen-ffn-rom/rtl/gated_delta_step.v:88$12_EN[23:0]$72 [0] $0$memwr$\o_r$/Users/toprakgundogdu/qwen-ffn-rom/rtl/gated_delta_step.v:88$12_EN[23:0]$72 [0] $0$memwr$\o_r$/Users/toprakgundogdu/qwen-ffn-rom/rtl/gated_delta_step.v:88$12_EN[23:0]$72 [0] $0$memwr$\o_r$/Users/toprakgundogdu/qwen-ffn-rom/rtl/gated_delta_step.v:88$12_EN[23:0]$72 [0] $0$memwr$\o_r$/Users/toprakgundogdu/qwen-ffn-rom/rtl/gated_delta_step.v:88$12_EN[23:0]$72 [0] $0$memwr$\o_r$/Users/toprakgundogdu/qwen-ffn-rom/rtl/gated_delta_step.v:88$12_EN[23:0]$72 [0] $0$memwr$\o_r$/Users/toprakgundogdu/qwen-ffn-rom/rtl/gated_delta_step.v:88$12_EN[23:0]$72 [0] $0$memwr$\o_r$/Users/toprakgundogdu/qwen-ffn-rom/rtl/gated_delta_step.v:88$12_EN[23:0]$72 [0] $0$memwr$\o_r$/Users/toprakgundogdu/qwen-ffn-rom/rtl/gated_delta_step.v:88$12_EN[23:0]$72 [0] $0$memwr$\o_r$/Users/toprakgundogdu/qwen-ffn-rom/rtl/gated_delta_step.v:88$12_EN[23:0]$72 [0] $0$memwr$\o_r$/Users/toprakgundogdu/qwen-ffn-rom/rtl/gated_delta_step.v:88$12_EN[23:0]$72 [0] $0$memwr$\o_r$/Users/toprakgundogdu/qwen-ffn-rom/rtl/gated_delta_step.v:88$12_EN[23:0]$72 [0] $0$memwr$\o_r$/Users/toprakgundogdu/qwen-ffn-rom/rtl/gated_delta_step.v:88$12_EN[23:0]$72 [0] $0$memwr$\o_r$/Users/toprakgundogdu/qwen-ffn-rom/rtl/gated_delta_step.v:88$12_EN[23:0]$72 [0] }
    Consolidated identical input bits for $mux cell $procmux$674:
      Old ports: A=16'1111111111111111, B=16'0000000000000000, Y=$0$memwr$\S$/Users/toprakgundogdu/qwen-ffn-rom/rtl/gated_delta_step.v:93$13_EN[15:0]$73
      New ports: A=1'1, B=1'0, Y=$0$memwr$\S$/Users/toprakgundogdu/qwen-ffn-rom/rtl/gated_delta_step.v:93$13_EN[15:0]$73 [0]
      New connections: $0$memwr$\S$/Users/toprakgundogdu/qwen-ffn-rom/rtl/gated_delta_step.v:93$13_EN[15:0]$73 [15:1] = { $0$memwr$\S$/Users/toprakgundogdu/qwen-ffn-rom/rtl/gated_delta_step.v:93$13_EN[15:0]$73 [0] $0$memwr$\S$/Users/toprakgundogdu/qwen-ffn-rom/rtl/gated_delta_step.v:93$13_EN[15:0]$73 [0] $0$memwr$\S$/Users/toprakgundogdu/qwen-ffn-rom/rtl/gated_delta_step.v:93$13_EN[15:0]$73 [0] $0$memwr$\S$/Users/toprakgundogdu/qwen-ffn-rom/rtl/gated_delta_step.v:93$13_EN[15:0]$73 [0] $0$memwr$\S$/Users/toprakgundogdu/qwen-ffn-rom/rtl/gated_delta_step.v:93$13_EN[15:0]$73 [0] $0$memwr$\S$/Users/toprakgundogdu/qwen-ffn-rom/rtl/gated_delta_step.v:93$13_EN[15:0]$73 [0] $0$memwr$\S$/Users/toprakgundogdu/qwen-ffn-rom/rtl/gated_delta_step.v:93$13_EN[15:0]$73 [0] $0$memwr$\S$/Users/toprakgundogdu/qwen-ffn-rom/rtl/gated_delta_step.v:93$13_EN[15:0]$73 [0] $0$memwr$\S$/Users/toprakgundogdu/qwen-ffn-rom/rtl/gated_delta_step.v:93$13_EN[15:0]$73 [0] $0$memwr$\S$/Users/toprakgundogdu/qwen-ffn-rom/rtl/gated_delta_step.v:93$13_EN[15:0]$73 [0] $0$memwr$\S$/Users/toprakgundogdu/qwen-ffn-rom/rtl/gated_delta_step.v:93$13_EN[15:0]$73 [0] $0$memwr$\S$/Users/toprakgundogdu/qwen-ffn-rom/rtl/gated_delta_step.v:93$13_EN[15:0]$73 [0] $0$memwr$\S$/Users/toprakgundogdu/qwen-ffn-rom/rtl/gated_delta_step.v:93$13_EN[15:0]$73 [0] $0$memwr$\S$/Users/toprakgundogdu/qwen-ffn-rom/rtl/gated_delta_step.v:93$13_EN[15:0]$73 [0] $0$memwr$\S$/Users/toprakgundogdu/qwen-ffn-rom/rtl/gated_delta_step.v:93$13_EN[15:0]$73 [0] }
    Consolidated identical input bits for $mux cell $procmux$671:
      Old ports: A=16'1111111111111111, B=16'0000000000000000, Y=$0$memwr$\S$/Users/toprakgundogdu/qwen-ffn-rom/rtl/gated_delta_step.v:93$14_EN[15:0]$74
      New ports: A=1'1, B=1'0, Y=$0$memwr$\S$/Users/toprakgundogdu/qwen-ffn-rom/rtl/gated_delta_step.v:93$14_EN[15:0]$74 [0]
      New connections: $0$memwr$\S$/Users/toprakgundogdu/qwen-ffn-rom/rtl/gated_delta_step.v:93$14_EN[15:0]$74 [15:1] = { $0$memwr$\S$/Users/toprakgundogdu/qwen-ffn-rom/rtl/gated_delta_step.v:93$14_EN[15:0]$74 [0] $0$memwr$\S$/Users/toprakgundogdu/qwen-ffn-rom/rtl/gated_delta_step.v:93$14_EN[15:0]$74 [0] $0$memwr$\S$/Users/toprakgundogdu/qwen-ffn-rom/rtl/gated_delta_step.v:93$14_EN[15:0]$74 [0] $0$memwr$\S$/Users/toprakgundogdu/qwen-ffn-rom/rtl/gated_delta_step.v:93$14_EN[15:0]$74 [0] $0$memwr$\S$/Users/toprakgundogdu/qwen-ffn-rom/rtl/gated_delta_step.v:93$14_EN[15:0]$74 [0] $0$memwr$\S$/Users/toprakgundogdu/qwen-ffn-rom/rtl/gated_delta_step.v:93$14_EN[15:0]$74 [0] $0$memwr$\S$/Users/toprakgundogdu/qwen-ffn-rom/rtl/gated_delta_step.v:93$14_EN[15:0]$74 [0] $0$memwr$\S$/Users/toprakgundogdu/qwen-ffn-rom/rtl/gated_delta_step.v:93$14_EN[15:0]$74 [0] $0$memwr$\S$/Users/toprakgundogdu/qwen-ffn-rom/rtl/gated_delta_step.v:93$14_EN[15:0]$74 [0] $0$memwr$\S$/Users/toprakgundogdu/qwen-ffn-rom/rtl/gated_delta_step.v:93$14_EN[15:0]$74 [0] $0$memwr$\S$/Users/toprakgundogdu/qwen-ffn-rom/rtl/gated_delta_step.v:93$14_EN[15:0]$74 [0] $0$memwr$\S$/Users/toprakgundogdu/qwen-ffn-rom/rtl/gated_delta_step.v:93$14_EN[15:0]$74 [0] $0$memwr$\S$/Users/toprakgundogdu/qwen-ffn-rom/rtl/gated_delta_step.v:93$14_EN[15:0]$74 [0] $0$memwr$\S$/Users/toprakgundogdu/qwen-ffn-rom/rtl/gated_delta_step.v:93$14_EN[15:0]$74 [0] $0$memwr$\S$/Users/toprakgundogdu/qwen-ffn-rom/rtl/gated_delta_step.v:93$14_EN[15:0]$74 [0] }
    Consolidated identical input bits for $mux cell $procmux$668:
      Old ports: A=16'1111111111111111, B=16'0000000000000000, Y=$0$memwr$\S$/Users/toprakgundogdu/qwen-ffn-rom/rtl/gated_delta_step.v:93$15_EN[15:0]$75
      New ports: A=1'1, B=1'0, Y=$0$memwr$\S$/Users/toprakgundogdu/qwen-ffn-rom/rtl/gated_delta_step.v:93$15_EN[15:0]$75 [0]
      New connections: $0$memwr$\S$/Users/toprakgundogdu/qwen-ffn-rom/rtl/gated_delta_step.v:93$15_EN[15:0]$75 [15:1] = { $0$memwr$\S$/Users/toprakgundogdu/qwen-ffn-rom/rtl/gated_delta_step.v:93$15_EN[15:0]$75 [0] $0$memwr$\S$/Users/toprakgundogdu/qwen-ffn-rom/rtl/gated_delta_step.v:93$15_EN[15:0]$75 [0] $0$memwr$\S$/Users/toprakgundogdu/qwen-ffn-rom/rtl/gated_delta_step.v:93$15_EN[15:0]$75 [0] $0$memwr$\S$/Users/toprakgundogdu/qwen-ffn-rom/rtl/gated_delta_step.v:93$15_EN[15:0]$75 [0] $0$memwr$\S$/Users/toprakgundogdu/qwen-ffn-rom/rtl/gated_delta_step.v:93$15_EN[15:0]$75 [0] $0$memwr$\S$/Users/toprakgundogdu/qwen-ffn-rom/rtl/gated_delta_step.v:93$15_EN[15:0]$75 [0] $0$memwr$\S$/Users/toprakgundogdu/qwen-ffn-rom/rtl/gated_delta_step.v:93$15_EN[15:0]$75 [0] $0$memwr$\S$/Users/toprakgundogdu/qwen-ffn-rom/rtl/gated_delta_step.v:93$15_EN[15:0]$75 [0] $0$memwr$\S$/Users/toprakgundogdu/qwen-ffn-rom/rtl/gated_delta_step.v:93$15_EN[15:0]$75 [0] $0$memwr$\S$/Users/toprakgundogdu/qwen-ffn-rom/rtl/gated_delta_step.v:93$15_EN[15:0]$75 [0] $0$memwr$\S$/Users/toprakgundogdu/qwen-ffn-rom/rtl/gated_delta_step.v:93$15_EN[15:0]$75 [0] $0$memwr$\S$/Users/toprakgundogdu/qwen-ffn-rom/rtl/gated_delta_step.v:93$15_EN[15:0]$75 [0] $0$memwr$\S$/Users/toprakgundogdu/qwen-ffn-rom/rtl/gated_delta_step.v:93$15_EN[15:0]$75 [0] $0$memwr$\S$/Users/toprakgundogdu/qwen-ffn-rom/rtl/gated_delta_step.v:93$15_EN[15:0]$75 [0] $0$memwr$\S$/Users/toprakgundogdu/qwen-ffn-rom/rtl/gated_delta_step.v:93$15_EN[15:0]$75 [0] }
    Consolidated identical input bits for $mux cell $procmux$665:
      Old ports: A=16'1111111111111111, B=16'0000000000000000, Y=$0$memwr$\S$/Users/toprakgundogdu/qwen-ffn-rom/rtl/gated_delta_step.v:93$16_EN[15:0]$76
      New ports: A=1'1, B=1'0, Y=$0$memwr$\S$/Users/toprakgundogdu/qwen-ffn-rom/rtl/gated_delta_step.v:93$16_EN[15:0]$76 [0]
      New connections: $0$memwr$\S$/Users/toprakgundogdu/qwen-ffn-rom/rtl/gated_delta_step.v:93$16_EN[15:0]$76 [15:1] = { $0$memwr$\S$/Users/toprakgundogdu/qwen-ffn-rom/rtl/gated_delta_step.v:93$16_EN[15:0]$76 [0] $0$memwr$\S$/Users/toprakgundogdu/qwen-ffn-rom/rtl/gated_delta_step.v:93$16_EN[15:0]$76 [0] $0$memwr$\S$/Users/toprakgundogdu/qwen-ffn-rom/rtl/gated_delta_step.v:93$16_EN[15:0]$76 [0] $0$memwr$\S$/Users/toprakgundogdu/qwen-ffn-rom/rtl/gated_delta_step.v:93$16_EN[15:0]$76 [0] $0$memwr$\S$/Users/toprakgundogdu/qwen-ffn-rom/rtl/gated_delta_step.v:93$16_EN[15:0]$76 [0] $0$memwr$\S$/Users/toprakgundogdu/qwen-ffn-rom/rtl/gated_delta_step.v:93$16_EN[15:0]$76 [0] $0$memwr$\S$/Users/toprakgundogdu/qwen-ffn-rom/rtl/gated_delta_step.v:93$16_EN[15:0]$76 [0] $0$memwr$\S$/Users/toprakgundogdu/qwen-ffn-rom/rtl/gated_delta_step.v:93$16_EN[15:0]$76 [0] $0$memwr$\S$/Users/toprakgundogdu/qwen-ffn-rom/rtl/gated_delta_step.v:93$16_EN[15:0]$76 [0] $0$memwr$\S$/Users/toprakgundogdu/qwen-ffn-rom/rtl/gated_delta_step.v:93$16_EN[15:0]$76 [0] $0$memwr$\S$/Users/toprakgundogdu/qwen-ffn-rom/rtl/gated_delta_step.v:93$16_EN[15:0]$76 [0] $0$memwr$\S$/Users/toprakgundogdu/qwen-ffn-rom/rtl/gated_delta_step.v:93$16_EN[15:0]$76 [0] $0$memwr$\S$/Users/toprakgundogdu/qwen-ffn-rom/rtl/gated_delta_step.v:93$16_EN[15:0]$76 [0] $0$memwr$\S$/Users/toprakgundogdu/qwen-ffn-rom/rtl/gated_delta_step.v:93$16_EN[15:0]$76 [0] $0$memwr$\S$/Users/toprakgundogdu/qwen-ffn-rom/rtl/gated_delta_step.v:93$16_EN[15:0]$76 [0] }
    Consolidated identical input bits for $mux cell $procmux$662:
      Old ports: A=32'11111111111111111111111111111111, B=0, Y=$0$memwr$\kv$/Users/toprakgundogdu/qwen-ffn-rom/rtl/gated_delta_step.v:86$17_EN[31:0]$77
      New ports: A=1'1, B=1'0, Y=$0$memwr$\kv$/Users/toprakgundogdu/qwen-ffn-rom/rtl/gated_delta_step.v:86$17_EN[31:0]$77 [0]
      New connections: $0$memwr$\kv$/Users/toprakgundogdu/qwen-ffn-rom/rtl/gated_delta_step.v:86$17_EN[31:0]$77 [31:1] = { $0$memwr$\kv$/Users/toprakgundogdu/qwen-ffn-rom/rtl/gated_delta_step.v:86$17_EN[31:0]$77 [0] $0$memwr$\kv$/Users/toprakgundogdu/qwen-ffn-rom/rtl/gated_delta_step.v:86$17_EN[31:0]$77 [0] $0$memwr$\kv$/Users/toprakgundogdu/qwen-ffn-rom/rtl/gated_delta_step.v:86$17_EN[31:0]$77 [0] $0$memwr$\kv$/Users/toprakgundogdu/qwen-ffn-rom/rtl/gated_delta_step.v:86$17_EN[31:0]$77 [0] $0$memwr$\kv$/Users/toprakgundogdu/qwen-ffn-rom/rtl/gated_delta_step.v:86$17_EN[31:0]$77 [0] $0$memwr$\kv$/Users/toprakgundogdu/qwen-ffn-rom/rtl/gated_delta_step.v:86$17_EN[31:0]$77 [0] $0$memwr$\kv$/Users/toprakgundogdu/qwen-ffn-rom/rtl/gated_delta_step.v:86$17_EN[31:0]$77 [0] $0$memwr$\kv$/Users/toprakgundogdu/qwen-ffn-rom/rtl/gated_delta_step.v:86$17_EN[31:0]$77 [0] $0$memwr$\kv$/Users/toprakgundogdu/qwen-ffn-rom/rtl/gated_delta_step.v:86$17_EN[31:0]$77 [0] $0$memwr$\kv$/Users/toprakgundogdu/qwen-ffn-rom/rtl/gated_delta_step.v:86$17_EN[31:0]$77 [0] $0$memwr$\kv$/Users/toprakgundogdu/qwen-ffn-rom/rtl/gated_delta_step.v:86$17_EN[31:0]$77 [0] $0$memwr$\kv$/Users/toprakgundogdu/qwen-ffn-rom/rtl/gated_delta_step.v:86$17_EN[31:0]$77 [0] $0$memwr$\kv$/Users/toprakgundogdu/qwen-ffn-rom/rtl/gated_delta_step.v:86$17_EN[31:0]$77 [0] $0$memwr$\kv$/Users/toprakgundogdu/qwen-ffn-rom/rtl/gated_delta_step.v:86$17_EN[31:0]$77 [0] $0$memwr$\kv$/Users/toprakgundogdu/qwen-ffn-rom/rtl/gated_delta_step.v:86$17_EN[31:0]$77 [0] $0$memwr$\kv$/Users/toprakgundogdu/qwen-ffn-rom/rtl/gated_delta_step.v:86$17_EN[31:0]$77 [0] $0$memwr$\kv$/Users/toprakgundogdu/qwen-ffn-rom/rtl/gated_delta_step.v:86$17_EN[31:0]$77 [0] $0$memwr$\kv$/Users/toprakgundogdu/qwen-ffn-rom/rtl/gated_delta_step.v:86$17_EN[31:0]$77 [0] $0$memwr$\kv$/Users/toprakgundogdu/qwen-ffn-rom/rtl/gated_delta_step.v:86$17_EN[31:0]$77 [0] $0$memwr$\kv$/Users/toprakgundogdu/qwen-ffn-rom/rtl/gated_delta_step.v:86$17_EN[31:0]$77 [0] $0$memwr$\kv$/Users/toprakgundogdu/qwen-ffn-rom/rtl/gated_delta_step.v:86$17_EN[31:0]$77 [0] $0$memwr$\kv$/Users/toprakgundogdu/qwen-ffn-rom/rtl/gated_delta_step.v:86$17_EN[31:0]$77 [0] $0$memwr$\kv$/Users/toprakgundogdu/qwen-ffn-rom/rtl/gated_delta_step.v:86$17_EN[31:0]$77 [0] $0$memwr$\kv$/Users/toprakgundogdu/qwen-ffn-rom/rtl/gated_delta_step.v:86$17_EN[31:0]$77 [0] $0$memwr$\kv$/Users/toprakgundogdu/qwen-ffn-rom/rtl/gated_delta_step.v:86$17_EN[31:0]$77 [0] $0$memwr$\kv$/Users/toprakgundogdu/qwen-ffn-rom/rtl/gated_delta_step.v:86$17_EN[31:0]$77 [0] $0$memwr$\kv$/Users/toprakgundogdu/qwen-ffn-rom/rtl/gated_delta_step.v:86$17_EN[31:0]$77 [0] $0$memwr$\kv$/Users/toprakgundogdu/qwen-ffn-rom/rtl/gated_delta_step.v:86$17_EN[31:0]$77 [0] $0$memwr$\kv$/Users/toprakgundogdu/qwen-ffn-rom/rtl/gated_delta_step.v:86$17_EN[31:0]$77 [0] $0$memwr$\kv$/Users/toprakgundogdu/qwen-ffn-rom/rtl/gated_delta_step.v:86$17_EN[31:0]$77 [0] $0$memwr$\kv$/Users/toprakgundogdu/qwen-ffn-rom/rtl/gated_delta_step.v:86$17_EN[31:0]$77 [0] }
    Consolidated identical input bits for $mux cell $procmux$659:
      Old ports: A=32'11111111111111111111111111111111, B=0, Y=$0$memwr$\delta$/Users/toprakgundogdu/qwen-ffn-rom/rtl/gated_delta_step.v:87$18_EN[31:0]$78
      New ports: A=1'1, B=1'0, Y=$0$memwr$\delta$/Users/toprakgundogdu/qwen-ffn-rom/rtl/gated_delta_step.v:87$18_EN[31:0]$78 [0]
      New connections: $0$memwr$\delta$/Users/toprakgundogdu/qwen-ffn-rom/rtl/gated_delta_step.v:87$18_EN[31:0]$78 [31:1] = { $0$memwr$\delta$/Users/toprakgundogdu/qwen-ffn-rom/rtl/gated_delta_step.v:87$18_EN[31:0]$78 [0] $0$memwr$\delta$/Users/toprakgundogdu/qwen-ffn-rom/rtl/gated_delta_step.v:87$18_EN[31:0]$78 [0] $0$memwr$\delta$/Users/toprakgundogdu/qwen-ffn-rom/rtl/gated_delta_step.v:87$18_EN[31:0]$78 [0] $0$memwr$\delta$/Users/toprakgundogdu/qwen-ffn-rom/rtl/gated_delta_step.v:87$18_EN[31:0]$78 [0] $0$memwr$\delta$/Users/toprakgundogdu/qwen-ffn-rom/rtl/gated_delta_step.v:87$18_EN[31:0]$78 [0] $0$memwr$\delta$/Users/toprakgundogdu/qwen-ffn-rom/rtl/gated_delta_step.v:87$18_EN[31:0]$78 [0] $0$memwr$\delta$/Users/toprakgundogdu/qwen-ffn-rom/rtl/gated_delta_step.v:87$18_EN[31:0]$78 [0] $0$memwr$\delta$/Users/toprakgundogdu/qwen-ffn-rom/rtl/gated_delta_step.v:87$18_EN[31:0]$78 [0] $0$memwr$\delta$/Users/toprakgundogdu/qwen-ffn-rom/rtl/gated_delta_step.v:87$18_EN[31:0]$78 [0] $0$memwr$\delta$/Users/toprakgundogdu/qwen-ffn-rom/rtl/gated_delta_step.v:87$18_EN[31:0]$78 [0] $0$memwr$\delta$/Users/toprakgundogdu/qwen-ffn-rom/rtl/gated_delta_step.v:87$18_EN[31:0]$78 [0] $0$memwr$\delta$/Users/toprakgundogdu/qwen-ffn-rom/rtl/gated_delta_step.v:87$18_EN[31:0]$78 [0] $0$memwr$\delta$/Users/toprakgundogdu/qwen-ffn-rom/rtl/gated_delta_step.v:87$18_EN[31:0]$78 [0] $0$memwr$\delta$/Users/toprakgundogdu/qwen-ffn-rom/rtl/gated_delta_step.v:87$18_EN[31:0]$78 [0] $0$memwr$\delta$/Users/toprakgundogdu/qwen-ffn-rom/rtl/gated_delta_step.v:87$18_EN[31:0]$78 [0] $0$memwr$\delta$/Users/toprakgundogdu/qwen-ffn-rom/rtl/gated_delta_step.v:87$18_EN[31:0]$78 [0] $0$memwr$\delta$/Users/toprakgundogdu/qwen-ffn-rom/rtl/gated_delta_step.v:87$18_EN[31:0]$78 [0] $0$memwr$\delta$/Users/toprakgundogdu/qwen-ffn-rom/rtl/gated_delta_step.v:87$18_EN[31:0]$78 [0] $0$memwr$\delta$/Users/toprakgundogdu/qwen-ffn-rom/rtl/gated_delta_step.v:87$18_EN[31:0]$78 [0] $0$memwr$\delta$/Users/toprakgundogdu/qwen-ffn-rom/rtl/gated_delta_step.v:87$18_EN[31:0]$78 [0] $0$memwr$\delta$/Users/toprakgundogdu/qwen-ffn-rom/rtl/gated_delta_step.v:87$18_EN[31:0]$78 [0] $0$memwr$\delta$/Users/toprakgundogdu/qwen-ffn-rom/rtl/gated_delta_step.v:87$18_EN[31:0]$78 [0] $0$memwr$\delta$/Users/toprakgundogdu/qwen-ffn-rom/rtl/gated_delta_step.v:87$18_EN[31:0]$78 [0] $0$memwr$\delta$/Users/toprakgundogdu/qwen-ffn-rom/rtl/gated_delta_step.v:87$18_EN[31:0]$78 [0] $0$memwr$\delta$/Users/toprakgundogdu/qwen-ffn-rom/rtl/gated_delta_step.v:87$18_EN[31:0]$78 [0] $0$memwr$\delta$/Users/toprakgundogdu/qwen-ffn-rom/rtl/gated_delta_step.v:87$18_EN[31:0]$78 [0] $0$memwr$\delta$/Users/toprakgundogdu/qwen-ffn-rom/rtl/gated_delta_step.v:87$18_EN[31:0]$78 [0] $0$memwr$\delta$/Users/toprakgundogdu/qwen-ffn-rom/rtl/gated_delta_step.v:87$18_EN[31:0]$78 [0] $0$memwr$\delta$/Users/toprakgundogdu/qwen-ffn-rom/rtl/gated_delta_step.v:87$18_EN[31:0]$78 [0] $0$memwr$\delta$/Users/toprakgundogdu/qwen-ffn-rom/rtl/gated_delta_step.v:87$18_EN[31:0]$78 [0] $0$memwr$\delta$/Users/toprakgundogdu/qwen-ffn-rom/rtl/gated_delta_step.v:87$18_EN[31:0]$78 [0] }
    Consolidated identical input bits for $mux cell $procmux$656:
      Old ports: A=24'111111111111111111111111, B=24'000000000000000000000000, Y=$0$memwr$\o_r$/Users/toprakgundogdu/qwen-ffn-rom/rtl/gated_delta_step.v:88$19_EN[23:0]$79
      New ports: A=1'1, B=1'0, Y=$0$memwr$\o_r$/Users/toprakgundogdu/qwen-ffn-rom/rtl/gated_delta_step.v:88$19_EN[23:0]$79 [0]
      New connections: $0$memwr$\o_r$/Users/toprakgundogdu/qwen-ffn-rom/rtl/gated_delta_step.v:88$19_EN[23:0]$79 [23:1] = { $0$memwr$\o_r$/Users/toprakgundogdu/qwen-ffn-rom/rtl/gated_delta_step.v:88$19_EN[23:0]$79 [0] $0$memwr$\o_r$/Users/toprakgundogdu/qwen-ffn-rom/rtl/gated_delta_step.v:88$19_EN[23:0]$79 [0] $0$memwr$\o_r$/Users/toprakgundogdu/qwen-ffn-rom/rtl/gated_delta_step.v:88$19_EN[23:0]$79 [0] $0$memwr$\o_r$/Users/toprakgundogdu/qwen-ffn-rom/rtl/gated_delta_step.v:88$19_EN[23:0]$79 [0] $0$memwr$\o_r$/Users/toprakgundogdu/qwen-ffn-rom/rtl/gated_delta_step.v:88$19_EN[23:0]$79 [0] $0$memwr$\o_r$/Users/toprakgundogdu/qwen-ffn-rom/rtl/gated_delta_step.v:88$19_EN[23:0]$79 [0] $0$memwr$\o_r$/Users/toprakgundogdu/qwen-ffn-rom/rtl/gated_delta_step.v:88$19_EN[23:0]$79 [0] $0$memwr$\o_r$/Users/toprakgundogdu/qwen-ffn-rom/rtl/gated_delta_step.v:88$19_EN[23:0]$79 [0] $0$memwr$\o_r$/Users/toprakgundogdu/qwen-ffn-rom/rtl/gated_delta_step.v:88$19_EN[23:0]$79 [0] $0$memwr$\o_r$/Users/toprakgundogdu/qwen-ffn-rom/rtl/gated_delta_step.v:88$19_EN[23:0]$79 [0] $0$memwr$\o_r$/Users/toprakgundogdu/qwen-ffn-rom/rtl/gated_delta_step.v:88$19_EN[23:0]$79 [0] $0$memwr$\o_r$/Users/toprakgundogdu/qwen-ffn-rom/rtl/gated_delta_step.v:88$19_EN[23:0]$79 [0] $0$memwr$\o_r$/Users/toprakgundogdu/qwen-ffn-rom/rtl/gated_delta_step.v:88$19_EN[23:0]$79 [0] $0$memwr$\o_r$/Users/toprakgundogdu/qwen-ffn-rom/rtl/gated_delta_step.v:88$19_EN[23:0]$79 [0] $0$memwr$\o_r$/Users/toprakgundogdu/qwen-ffn-rom/rtl/gated_delta_step.v:88$19_EN[23:0]$79 [0] $0$memwr$\o_r$/Users/toprakgundogdu/qwen-ffn-rom/rtl/gated_delta_step.v:88$19_EN[23:0]$79 [0] $0$memwr$\o_r$/Users/toprakgundogdu/qwen-ffn-rom/rtl/gated_delta_step.v:88$19_EN[23:0]$79 [0] $0$memwr$\o_r$/Users/toprakgundogdu/qwen-ffn-rom/rtl/gated_delta_step.v:88$19_EN[23:0]$79 [0] $0$memwr$\o_r$/Users/toprakgundogdu/qwen-ffn-rom/rtl/gated_delta_step.v:88$19_EN[23:0]$79 [0] $0$memwr$\o_r$/Users/toprakgundogdu/qwen-ffn-rom/rtl/gated_delta_step.v:88$19_EN[23:0]$79 [0] $0$memwr$\o_r$/Users/toprakgundogdu/qwen-ffn-rom/rtl/gated_delta_step.v:88$19_EN[23:0]$79 [0] $0$memwr$\o_r$/Users/toprakgundogdu/qwen-ffn-rom/rtl/gated_delta_step.v:88$19_EN[23:0]$79 [0] $0$memwr$\o_r$/Users/toprakgundogdu/qwen-ffn-rom/rtl/gated_delta_step.v:88$19_EN[23:0]$79 [0] }
    Consolidated identical input bits for $mux cell $procmux$653:
      Old ports: A=16'1111111111111111, B=16'0000000000000000, Y=$0$memwr$\S$/Users/toprakgundogdu/qwen-ffn-rom/rtl/gated_delta_step.v:93$20_EN[15:0]$80
      New ports: A=1'1, B=1'0, Y=$0$memwr$\S$/Users/toprakgundogdu/qwen-ffn-rom/rtl/gated_delta_step.v:93$20_EN[15:0]$80 [0]
      New connections: $0$memwr$\S$/Users/toprakgundogdu/qwen-ffn-rom/rtl/gated_delta_step.v:93$20_EN[15:0]$80 [15:1] = { $0$memwr$\S$/Users/toprakgundogdu/qwen-ffn-rom/rtl/gated_delta_step.v:93$20_EN[15:0]$80 [0] $0$memwr$\S$/Users/toprakgundogdu/qwen-ffn-rom/rtl/gated_delta_step.v:93$20_EN[15:0]$80 [0] $0$memwr$\S$/Users/toprakgundogdu/qwen-ffn-rom/rtl/gated_delta_step.v:93$20_EN[15:0]$80 [0] $0$memwr$\S$/Users/toprakgundogdu/qwen-ffn-rom/rtl/gated_delta_step.v:93$20_EN[15:0]$80 [0] $0$memwr$\S$/Users/toprakgundogdu/qwen-ffn-rom/rtl/gated_delta_step.v:93$20_EN[15:0]$80 [0] $0$memwr$\S$/Users/toprakgundogdu/qwen-ffn-rom/rtl/gated_delta_step.v:93$20_EN[15:0]$80 [0] $0$memwr$\S$/Users/toprakgundogdu/qwen-ffn-rom/rtl/gated_delta_step.v:93$20_EN[15:0]$80 [0] $0$memwr$\S$/Users/toprakgundogdu/qwen-ffn-rom/rtl/gated_delta_step.v:93$20_EN[15:0]$80 [0] $0$memwr$\S$/Users/toprakgundogdu/qwen-ffn-rom/rtl/gated_delta_step.v:93$20_EN[15:0]$80 [0] $0$memwr$\S$/Users/toprakgundogdu/qwen-ffn-rom/rtl/gated_delta_step.v:93$20_EN[15:0]$80 [0] $0$memwr$\S$/Users/toprakgundogdu/qwen-ffn-rom/rtl/gated_delta_step.v:93$20_EN[15:0]$80 [0] $0$memwr$\S$/Users/toprakgundogdu/qwen-ffn-rom/rtl/gated_delta_step.v:93$20_EN[15:0]$80 [0] $0$memwr$\S$/Users/toprakgundogdu/qwen-ffn-rom/rtl/gated_delta_step.v:93$20_EN[15:0]$80 [0] $0$memwr$\S$/Users/toprakgundogdu/qwen-ffn-rom/rtl/gated_delta_step.v:93$20_EN[15:0]$80 [0] $0$memwr$\S$/Users/toprakgundogdu/qwen-ffn-rom/rtl/gated_delta_step.v:93$20_EN[15:0]$80 [0] }
    Consolidated identical input bits for $mux cell $procmux$650:
      Old ports: A=16'1111111111111111, B=16'0000000000000000, Y=$0$memwr$\S$/Users/toprakgundogdu/qwen-ffn-rom/rtl/gated_delta_step.v:93$21_EN[15:0]$81
      New ports: A=1'1, B=1'0, Y=$0$memwr$\S$/Users/toprakgundogdu/qwen-ffn-rom/rtl/gated_delta_step.v:93$21_EN[15:0]$81 [0]
      New connections: $0$memwr$\S$/Users/toprakgundogdu/qwen-ffn-rom/rtl/gated_delta_step.v:93$21_EN[15:0]$81 [15:1] = { $0$memwr$\S$/Users/toprakgundogdu/qwen-ffn-rom/rtl/gated_delta_step.v:93$21_EN[15:0]$81 [0] $0$memwr$\S$/Users/toprakgundogdu/qwen-ffn-rom/rtl/gated_delta_step.v:93$21_EN[15:0]$81 [0] $0$memwr$\S$/Users/toprakgundogdu/qwen-ffn-rom/rtl/gated_delta_step.v:93$21_EN[15:0]$81 [0] $0$memwr$\S$/Users/toprakgundogdu/qwen-ffn-rom/rtl/gated_delta_step.v:93$21_EN[15:0]$81 [0] $0$memwr$\S$/Users/toprakgundogdu/qwen-ffn-rom/rtl/gated_delta_step.v:93$21_EN[15:0]$81 [0] $0$memwr$\S$/Users/toprakgundogdu/qwen-ffn-rom/rtl/gated_delta_step.v:93$21_EN[15:0]$81 [0] $0$memwr$\S$/Users/toprakgundogdu/qwen-ffn-rom/rtl/gated_delta_step.v:93$21_EN[15:0]$81 [0] $0$memwr$\S$/Users/toprakgundogdu/qwen-ffn-rom/rtl/gated_delta_step.v:93$21_EN[15:0]$81 [0] $0$memwr$\S$/Users/toprakgundogdu/qwen-ffn-rom/rtl/gated_delta_step.v:93$21_EN[15:0]$81 [0] $0$memwr$\S$/Users/toprakgundogdu/qwen-ffn-rom/rtl/gated_delta_step.v:93$21_EN[15:0]$81 [0] $0$memwr$\S$/Users/toprakgundogdu/qwen-ffn-rom/rtl/gated_delta_step.v:93$21_EN[15:0]$81 [0] $0$memwr$\S$/Users/toprakgundogdu/qwen-ffn-rom/rtl/gated_delta_step.v:93$21_EN[15:0]$81 [0] $0$memwr$\S$/Users/toprakgundogdu/qwen-ffn-rom/rtl/gated_delta_step.v:93$21_EN[15:0]$81 [0] $0$memwr$\S$/Users/toprakgundogdu/qwen-ffn-rom/rtl/gated_delta_step.v:93$21_EN[15:0]$81 [0] $0$memwr$\S$/Users/toprakgundogdu/qwen-ffn-rom/rtl/gated_delta_step.v:93$21_EN[15:0]$81 [0] }
    Consolidated identical input bits for $mux cell $procmux$647:
      Old ports: A=16'1111111111111111, B=16'0000000000000000, Y=$0$memwr$\S$/Users/toprakgundogdu/qwen-ffn-rom/rtl/gated_delta_step.v:93$22_EN[15:0]$82
      New ports: A=1'1, B=1'0, Y=$0$memwr$\S$/Users/toprakgundogdu/qwen-ffn-rom/rtl/gated_delta_step.v:93$22_EN[15:0]$82 [0]
      New connections: $0$memwr$\S$/Users/toprakgundogdu/qwen-ffn-rom/rtl/gated_delta_step.v:93$22_EN[15:0]$82 [15:1] = { $0$memwr$\S$/Users/toprakgundogdu/qwen-ffn-rom/rtl/gated_delta_step.v:93$22_EN[15:0]$82 [0] $0$memwr$\S$/Users/toprakgundogdu/qwen-ffn-rom/rtl/gated_delta_step.v:93$22_EN[15:0]$82 [0] $0$memwr$\S$/Users/toprakgundogdu/qwen-ffn-rom/rtl/gated_delta_step.v:93$22_EN[15:0]$82 [0] $0$memwr$\S$/Users/toprakgundogdu/qwen-ffn-rom/rtl/gated_delta_step.v:93$22_EN[15:0]$82 [0] $0$memwr$\S$/Users/toprakgundogdu/qwen-ffn-rom/rtl/gated_delta_step.v:93$22_EN[15:0]$82 [0] $0$memwr$\S$/Users/toprakgundogdu/qwen-ffn-rom/rtl/gated_delta_step.v:93$22_EN[15:0]$82 [0] $0$memwr$\S$/Users/toprakgundogdu/qwen-ffn-rom/rtl/gated_delta_step.v:93$22_EN[15:0]$82 [0] $0$memwr$\S$/Users/toprakgundogdu/qwen-ffn-rom/rtl/gated_delta_step.v:93$22_EN[15:0]$82 [0] $0$memwr$\S$/Users/toprakgundogdu/qwen-ffn-rom/rtl/gated_delta_step.v:93$22_EN[15:0]$82 [0] $0$memwr$\S$/Users/toprakgundogdu/qwen-ffn-rom/rtl/gated_delta_step.v:93$22_EN[15:0]$82 [0] $0$memwr$\S$/Users/toprakgundogdu/qwen-ffn-rom/rtl/gated_delta_step.v:93$22_EN[15:0]$82 [0] $0$memwr$\S$/Users/toprakgundogdu/qwen-ffn-rom/rtl/gated_delta_step.v:93$22_EN[15:0]$82 [0] $0$memwr$\S$/Users/toprakgundogdu/qwen-ffn-rom/rtl/gated_delta_step.v:93$22_EN[15:0]$82 [0] $0$memwr$\S$/Users/toprakgundogdu/qwen-ffn-rom/rtl/gated_delta_step.v:93$22_EN[15:0]$82 [0] $0$memwr$\S$/Users/toprakgundogdu/qwen-ffn-rom/rtl/gated_delta_step.v:93$22_EN[15:0]$82 [0] }
    Consolidated identical input bits for $mux cell $procmux$644:
      Old ports: A=16'1111111111111111, B=16'0000000000000000, Y=$0$memwr$\S$/Users/toprakgundogdu/qwen-ffn-rom/rtl/gated_delta_step.v:93$23_EN[15:0]$83
      New ports: A=1'1, B=1'0, Y=$0$memwr$\S$/Users/toprakgundogdu/qwen-ffn-rom/rtl/gated_delta_step.v:93$23_EN[15:0]$83 [0]
      New connections: $0$memwr$\S$/Users/toprakgundogdu/qwen-ffn-rom/rtl/gated_delta_step.v:93$23_EN[15:0]$83 [15:1] = { $0$memwr$\S$/Users/toprakgundogdu/qwen-ffn-rom/rtl/gated_delta_step.v:93$23_EN[15:0]$83 [0] $0$memwr$\S$/Users/toprakgundogdu/qwen-ffn-rom/rtl/gated_delta_step.v:93$23_EN[15:0]$83 [0] $0$memwr$\S$/Users/toprakgundogdu/qwen-ffn-rom/rtl/gated_delta_step.v:93$23_EN[15:0]$83 [0] $0$memwr$\S$/Users/toprakgundogdu/qwen-ffn-rom/rtl/gated_delta_step.v:93$23_EN[15:0]$83 [0] $0$memwr$\S$/Users/toprakgundogdu/qwen-ffn-rom/rtl/gated_delta_step.v:93$23_EN[15:0]$83 [0] $0$memwr$\S$/Users/toprakgundogdu/qwen-ffn-rom/rtl/gated_delta_step.v:93$23_EN[15:0]$83 [0] $0$memwr$\S$/Users/toprakgundogdu/qwen-ffn-rom/rtl/gated_delta_step.v:93$23_EN[15:0]$83 [0] $0$memwr$\S$/Users/toprakgundogdu/qwen-ffn-rom/rtl/gated_delta_step.v:93$23_EN[15:0]$83 [0] $0$memwr$\S$/Users/toprakgundogdu/qwen-ffn-rom/rtl/gated_delta_step.v:93$23_EN[15:0]$83 [0] $0$memwr$\S$/Users/toprakgundogdu/qwen-ffn-rom/rtl/gated_delta_step.v:93$23_EN[15:0]$83 [0] $0$memwr$\S$/Users/toprakgundogdu/qwen-ffn-rom/rtl/gated_delta_step.v:93$23_EN[15:0]$83 [0] $0$memwr$\S$/Users/toprakgundogdu/qwen-ffn-rom/rtl/gated_delta_step.v:93$23_EN[15:0]$83 [0] $0$memwr$\S$/Users/toprakgundogdu/qwen-ffn-rom/rtl/gated_delta_step.v:93$23_EN[15:0]$83 [0] $0$memwr$\S$/Users/toprakgundogdu/qwen-ffn-rom/rtl/gated_delta_step.v:93$23_EN[15:0]$83 [0] $0$memwr$\S$/Users/toprakgundogdu/qwen-ffn-rom/rtl/gated_delta_step.v:93$23_EN[15:0]$83 [0] }
    Consolidated identical input bits for $mux cell $procmux$641:
      Old ports: A=32'11111111111111111111111111111111, B=0, Y=$0$memwr$\kv$/Users/toprakgundogdu/qwen-ffn-rom/rtl/gated_delta_step.v:86$24_EN[31:0]$84
      New ports: A=1'1, B=1'0, Y=$0$memwr$\kv$/Users/toprakgundogdu/qwen-ffn-rom/rtl/gated_delta_step.v:86$24_EN[31:0]$84 [0]
      New connections: $0$memwr$\kv$/Users/toprakgundogdu/qwen-ffn-rom/rtl/gated_delta_step.v:86$24_EN[31:0]$84 [31:1] = { $0$memwr$\kv$/Users/toprakgundogdu/qwen-ffn-rom/rtl/gated_delta_step.v:86$24_EN[31:0]$84 [0] $0$memwr$\kv$/Users/toprakgundogdu/qwen-ffn-rom/rtl/gated_delta_step.v:86$24_EN[31:0]$84 [0] $0$memwr$\kv$/Users/toprakgundogdu/qwen-ffn-rom/rtl/gated_delta_step.v:86$24_EN[31:0]$84 [0] $0$memwr$\kv$/Users/toprakgundogdu/qwen-ffn-rom/rtl/gated_delta_step.v:86$24_EN[31:0]$84 [0] $0$memwr$\kv$/Users/toprakgundogdu/qwen-ffn-rom/rtl/gated_delta_step.v:86$24_EN[31:0]$84 [0] $0$memwr$\kv$/Users/toprakgundogdu/qwen-ffn-rom/rtl/gated_delta_step.v:86$24_EN[31:0]$84 [0] $0$memwr$\kv$/Users/toprakgundogdu/qwen-ffn-rom/rtl/gated_delta_step.v:86$24_EN[31:0]$84 [0] $0$memwr$\kv$/Users/toprakgundogdu/qwen-ffn-rom/rtl/gated_delta_step.v:86$24_EN[31:0]$84 [0] $0$memwr$\kv$/Users/toprakgundogdu/qwen-ffn-rom/rtl/gated_delta_step.v:86$24_EN[31:0]$84 [0] $0$memwr$\kv$/Users/toprakgundogdu/qwen-ffn-rom/rtl/gated_delta_step.v:86$24_EN[31:0]$84 [0] $0$memwr$\kv$/Users/toprakgundogdu/qwen-ffn-rom/rtl/gated_delta_step.v:86$24_EN[31:0]$84 [0] $0$memwr$\kv$/Users/toprakgundogdu/qwen-ffn-rom/rtl/gated_delta_step.v:86$24_EN[31:0]$84 [0] $0$memwr$\kv$/Users/toprakgundogdu/qwen-ffn-rom/rtl/gated_delta_step.v:86$24_EN[31:0]$84 [0] $0$memwr$\kv$/Users/toprakgundogdu/qwen-ffn-rom/rtl/gated_delta_step.v:86$24_EN[31:0]$84 [0] $0$memwr$\kv$/Users/toprakgundogdu/qwen-ffn-rom/rtl/gated_delta_step.v:86$24_EN[31:0]$84 [0] $0$memwr$\kv$/Users/toprakgundogdu/qwen-ffn-rom/rtl/gated_delta_step.v:86$24_EN[31:0]$84 [0] $0$memwr$\kv$/Users/toprakgundogdu/qwen-ffn-rom/rtl/gated_delta_step.v:86$24_EN[31:0]$84 [0] $0$memwr$\kv$/Users/toprakgundogdu/qwen-ffn-rom/rtl/gated_delta_step.v:86$24_EN[31:0]$84 [0] $0$memwr$\kv$/Users/toprakgundogdu/qwen-ffn-rom/rtl/gated_delta_step.v:86$24_EN[31:0]$84 [0] $0$memwr$\kv$/Users/toprakgundogdu/qwen-ffn-rom/rtl/gated_delta_step.v:86$24_EN[31:0]$84 [0] $0$memwr$\kv$/Users/toprakgundogdu/qwen-ffn-rom/rtl/gated_delta_step.v:86$24_EN[31:0]$84 [0] $0$memwr$\kv$/Users/toprakgundogdu/qwen-ffn-rom/rtl/gated_delta_step.v:86$24_EN[31:0]$84 [0] $0$memwr$\kv$/Users/toprakgundogdu/qwen-ffn-rom/rtl/gated_delta_step.v:86$24_EN[31:0]$84 [0] $0$memwr$\kv$/Users/toprakgundogdu/qwen-ffn-rom/rtl/gated_delta_step.v:86$24_EN[31:0]$84 [0] $0$memwr$\kv$/Users/toprakgundogdu/qwen-ffn-rom/rtl/gated_delta_step.v:86$24_EN[31:0]$84 [0] $0$memwr$\kv$/Users/toprakgundogdu/qwen-ffn-rom/rtl/gated_delta_step.v:86$24_EN[31:0]$84 [0] $0$memwr$\kv$/Users/toprakgundogdu/qwen-ffn-rom/rtl/gated_delta_step.v:86$24_EN[31:0]$84 [0] $0$memwr$\kv$/Users/toprakgundogdu/qwen-ffn-rom/rtl/gated_delta_step.v:86$24_EN[31:0]$84 [0] $0$memwr$\kv$/Users/toprakgundogdu/qwen-ffn-rom/rtl/gated_delta_step.v:86$24_EN[31:0]$84 [0] $0$memwr$\kv$/Users/toprakgundogdu/qwen-ffn-rom/rtl/gated_delta_step.v:86$24_EN[31:0]$84 [0] $0$memwr$\kv$/Users/toprakgundogdu/qwen-ffn-rom/rtl/gated_delta_step.v:86$24_EN[31:0]$84 [0] }
    Consolidated identical input bits for $mux cell $procmux$638:
      Old ports: A=32'11111111111111111111111111111111, B=0, Y=$0$memwr$\delta$/Users/toprakgundogdu/qwen-ffn-rom/rtl/gated_delta_step.v:87$25_EN[31:0]$85
      New ports: A=1'1, B=1'0, Y=$0$memwr$\delta$/Users/toprakgundogdu/qwen-ffn-rom/rtl/gated_delta_step.v:87$25_EN[31:0]$85 [0]
      New connections: $0$memwr$\delta$/Users/toprakgundogdu/qwen-ffn-rom/rtl/gated_delta_step.v:87$25_EN[31:0]$85 [31:1] = { $0$memwr$\delta$/Users/toprakgundogdu/qwen-ffn-rom/rtl/gated_delta_step.v:87$25_EN[31:0]$85 [0] $0$memwr$\delta$/Users/toprakgundogdu/qwen-ffn-rom/rtl/gated_delta_step.v:87$25_EN[31:0]$85 [0] $0$memwr$\delta$/Users/toprakgundogdu/qwen-ffn-rom/rtl/gated_delta_step.v:87$25_EN[31:0]$85 [0] $0$memwr$\delta$/Users/toprakgundogdu/qwen-ffn-rom/rtl/gated_delta_step.v:87$25_EN[31:0]$85 [0] $0$memwr$\delta$/Users/toprakgundogdu/qwen-ffn-rom/rtl/gated_delta_step.v:87$25_EN[31:0]$85 [0] $0$memwr$\delta$/Users/toprakgundogdu/qwen-ffn-rom/rtl/gated_delta_step.v:87$25_EN[31:0]$85 [0] $0$memwr$\delta$/Users/toprakgundogdu/qwen-ffn-rom/rtl/gated_delta_step.v:87$25_EN[31:0]$85 [0] $0$memwr$\delta$/Users/toprakgundogdu/qwen-ffn-rom/rtl/gated_delta_step.v:87$25_EN[31:0]$85 [0] $0$memwr$\delta$/Users/toprakgundogdu/qwen-ffn-rom/rtl/gated_delta_step.v:87$25_EN[31:0]$85 [0] $0$memwr$\delta$/Users/toprakgundogdu/qwen-ffn-rom/rtl/gated_delta_step.v:87$25_EN[31:0]$85 [0] $0$memwr$\delta$/Users/toprakgundogdu/qwen-ffn-rom/rtl/gated_delta_step.v:87$25_EN[31:0]$85 [0] $0$memwr$\delta$/Users/toprakgundogdu/qwen-ffn-rom/rtl/gated_delta_step.v:87$25_EN[31:0]$85 [0] $0$memwr$\delta$/Users/toprakgundogdu/qwen-ffn-rom/rtl/gated_delta_step.v:87$25_EN[31:0]$85 [0] $0$memwr$\delta$/Users/toprakgundogdu/qwen-ffn-rom/rtl/gated_delta_step.v:87$25_EN[31:0]$85 [0] $0$memwr$\delta$/Users/toprakgundogdu/qwen-ffn-rom/rtl/gated_delta_step.v:87$25_EN[31:0]$85 [0] $0$memwr$\delta$/Users/toprakgundogdu/qwen-ffn-rom/rtl/gated_delta_step.v:87$25_EN[31:0]$85 [0] $0$memwr$\delta$/Users/toprakgundogdu/qwen-ffn-rom/rtl/gated_delta_step.v:87$25_EN[31:0]$85 [0] $0$memwr$\delta$/Users/toprakgundogdu/qwen-ffn-rom/rtl/gated_delta_step.v:87$25_EN[31:0]$85 [0] $0$memwr$\delta$/Users/toprakgundogdu/qwen-ffn-rom/rtl/gated_delta_step.v:87$25_EN[31:0]$85 [0] $0$memwr$\delta$/Users/toprakgundogdu/qwen-ffn-rom/rtl/gated_delta_step.v:87$25_EN[31:0]$85 [0] $0$memwr$\delta$/Users/toprakgundogdu/qwen-ffn-rom/rtl/gated_delta_step.v:87$25_EN[31:0]$85 [0] $0$memwr$\delta$/Users/toprakgundogdu/qwen-ffn-rom/rtl/gated_delta_step.v:87$25_EN[31:0]$85 [0] $0$memwr$\delta$/Users/toprakgundogdu/qwen-ffn-rom/rtl/gated_delta_step.v:87$25_EN[31:0]$85 [0] $0$memwr$\delta$/Users/toprakgundogdu/qwen-ffn-rom/rtl/gated_delta_step.v:87$25_EN[31:0]$85 [0] $0$memwr$\delta$/Users/toprakgundogdu/qwen-ffn-rom/rtl/gated_delta_step.v:87$25_EN[31:0]$85 [0] $0$memwr$\delta$/Users/toprakgundogdu/qwen-ffn-rom/rtl/gated_delta_step.v:87$25_EN[31:0]$85 [0] $0$memwr$\delta$/Users/toprakgundogdu/qwen-ffn-rom/rtl/gated_delta_step.v:87$25_EN[31:0]$85 [0] $0$memwr$\delta$/Users/toprakgundogdu/qwen-ffn-rom/rtl/gated_delta_step.v:87$25_EN[31:0]$85 [0] $0$memwr$\delta$/Users/toprakgundogdu/qwen-ffn-rom/rtl/gated_delta_step.v:87$25_EN[31:0]$85 [0] $0$memwr$\delta$/Users/toprakgundogdu/qwen-ffn-rom/rtl/gated_delta_step.v:87$25_EN[31:0]$85 [0] $0$memwr$\delta$/Users/toprakgundogdu/qwen-ffn-rom/rtl/gated_delta_step.v:87$25_EN[31:0]$85 [0] }
    Consolidated identical input bits for $mux cell $procmux$635:
      Old ports: A=24'111111111111111111111111, B=24'000000000000000000000000, Y=$0$memwr$\o_r$/Users/toprakgundogdu/qwen-ffn-rom/rtl/gated_delta_step.v:88$26_EN[23:0]$86
      New ports: A=1'1, B=1'0, Y=$0$memwr$\o_r$/Users/toprakgundogdu/qwen-ffn-rom/rtl/gated_delta_step.v:88$26_EN[23:0]$86 [0]
      New connections: $0$memwr$\o_r$/Users/toprakgundogdu/qwen-ffn-rom/rtl/gated_delta_step.v:88$26_EN[23:0]$86 [23:1] = { $0$memwr$\o_r$/Users/toprakgundogdu/qwen-ffn-rom/rtl/gated_delta_step.v:88$26_EN[23:0]$86 [0] $0$memwr$\o_r$/Users/toprakgundogdu/qwen-ffn-rom/rtl/gated_delta_step.v:88$26_EN[23:0]$86 [0] $0$memwr$\o_r$/Users/toprakgundogdu/qwen-ffn-rom/rtl/gated_delta_step.v:88$26_EN[23:0]$86 [0] $0$memwr$\o_r$/Users/toprakgundogdu/qwen-ffn-rom/rtl/gated_delta_step.v:88$26_EN[23:0]$86 [0] $0$memwr$\o_r$/Users/toprakgundogdu/qwen-ffn-rom/rtl/gated_delta_step.v:88$26_EN[23:0]$86 [0] $0$memwr$\o_r$/Users/toprakgundogdu/qwen-ffn-rom/rtl/gated_delta_step.v:88$26_EN[23:0]$86 [0] $0$memwr$\o_r$/Users/toprakgundogdu/qwen-ffn-rom/rtl/gated_delta_step.v:88$26_EN[23:0]$86 [0] $0$memwr$\o_r$/Users/toprakgundogdu/qwen-ffn-rom/rtl/gated_delta_step.v:88$26_EN[23:0]$86 [0] $0$memwr$\o_r$/Users/toprakgundogdu/qwen-ffn-rom/rtl/gated_delta_step.v:88$26_EN[23:0]$86 [0] $0$memwr$\o_r$/Users/toprakgundogdu/qwen-ffn-rom/rtl/gated_delta_step.v:88$26_EN[23:0]$86 [0] $0$memwr$\o_r$/Users/toprakgundogdu/qwen-ffn-rom/rtl/gated_delta_step.v:88$26_EN[23:0]$86 [0] $0$memwr$\o_r$/Users/toprakgundogdu/qwen-ffn-rom/rtl/gated_delta_step.v:88$26_EN[23:0]$86 [0] $0$memwr$\o_r$/Users/toprakgundogdu/qwen-ffn-rom/rtl/gated_delta_step.v:88$26_EN[23:0]$86 [0] $0$memwr$\o_r$/Users/toprakgundogdu/qwen-ffn-rom/rtl/gated_delta_step.v:88$26_EN[23:0]$86 [0] $0$memwr$\o_r$/Users/toprakgundogdu/qwen-ffn-rom/rtl/gated_delta_step.v:88$26_EN[23:0]$86 [0] $0$memwr$\o_r$/Users/toprakgundogdu/qwen-ffn-rom/rtl/gated_delta_step.v:88$26_EN[23:0]$86 [0] $0$memwr$\o_r$/Users/toprakgundogdu/qwen-ffn-rom/rtl/gated_delta_step.v:88$26_EN[23:0]$86 [0] $0$memwr$\o_r$/Users/toprakgundogdu/qwen-ffn-rom/rtl/gated_delta_step.v:88$26_EN[23:0]$86 [0] $0$memwr$\o_r$/Users/toprakgundogdu/qwen-ffn-rom/rtl/gated_delta_step.v:88$26_EN[23:0]$86 [0] $0$memwr$\o_r$/Users/toprakgundogdu/qwen-ffn-rom/rtl/gated_delta_step.v:88$26_EN[23:0]$86 [0] $0$memwr$\o_r$/Users/toprakgundogdu/qwen-ffn-rom/rtl/gated_delta_step.v:88$26_EN[23:0]$86 [0] $0$memwr$\o_r$/Users/toprakgundogdu/qwen-ffn-rom/rtl/gated_delta_step.v:88$26_EN[23:0]$86 [0] $0$memwr$\o_r$/Users/toprakgundogdu/qwen-ffn-rom/rtl/gated_delta_step.v:88$26_EN[23:0]$86 [0] }
    Consolidated identical input bits for $mux cell $procmux$632:
      Old ports: A=16'1111111111111111, B=16'0000000000000000, Y=$0$memwr$\S$/Users/toprakgundogdu/qwen-ffn-rom/rtl/gated_delta_step.v:93$27_EN[15:0]$87
      New ports: A=1'1, B=1'0, Y=$0$memwr$\S$/Users/toprakgundogdu/qwen-ffn-rom/rtl/gated_delta_step.v:93$27_EN[15:0]$87 [0]
      New connections: $0$memwr$\S$/Users/toprakgundogdu/qwen-ffn-rom/rtl/gated_delta_step.v:93$27_EN[15:0]$87 [15:1] = { $0$memwr$\S$/Users/toprakgundogdu/qwen-ffn-rom/rtl/gated_delta_step.v:93$27_EN[15:0]$87 [0] $0$memwr$\S$/Users/toprakgundogdu/qwen-ffn-rom/rtl/gated_delta_step.v:93$27_EN[15:0]$87 [0] $0$memwr$\S$/Users/toprakgundogdu/qwen-ffn-rom/rtl/gated_delta_step.v:93$27_EN[15:0]$87 [0] $0$memwr$\S$/Users/toprakgundogdu/qwen-ffn-rom/rtl/gated_delta_step.v:93$27_EN[15:0]$87 [0] $0$memwr$\S$/Users/toprakgundogdu/qwen-ffn-rom/rtl/gated_delta_step.v:93$27_EN[15:0]$87 [0] $0$memwr$\S$/Users/toprakgundogdu/qwen-ffn-rom/rtl/gated_delta_step.v:93$27_EN[15:0]$87 [0] $0$memwr$\S$/Users/toprakgundogdu/qwen-ffn-rom/rtl/gated_delta_step.v:93$27_EN[15:0]$87 [0] $0$memwr$\S$/Users/toprakgundogdu/qwen-ffn-rom/rtl/gated_delta_step.v:93$27_EN[15:0]$87 [0] $0$memwr$\S$/Users/toprakgundogdu/qwen-ffn-rom/rtl/gated_delta_step.v:93$27_EN[15:0]$87 [0] $0$memwr$\S$/Users/toprakgundogdu/qwen-ffn-rom/rtl/gated_delta_step.v:93$27_EN[15:0]$87 [0] $0$memwr$\S$/Users/toprakgundogdu/qwen-ffn-rom/rtl/gated_delta_step.v:93$27_EN[15:0]$87 [0] $0$memwr$\S$/Users/toprakgundogdu/qwen-ffn-rom/rtl/gated_delta_step.v:93$27_EN[15:0]$87 [0] $0$memwr$\S$/Users/toprakgundogdu/qwen-ffn-rom/rtl/gated_delta_step.v:93$27_EN[15:0]$87 [0] $0$memwr$\S$/Users/toprakgundogdu/qwen-ffn-rom/rtl/gated_delta_step.v:93$27_EN[15:0]$87 [0] $0$memwr$\S$/Users/toprakgundogdu/qwen-ffn-rom/rtl/gated_delta_step.v:93$27_EN[15:0]$87 [0] }
    Consolidated identical input bits for $mux cell $procmux$629:
      Old ports: A=16'1111111111111111, B=16'0000000000000000, Y=$0$memwr$\S$/Users/toprakgundogdu/qwen-ffn-rom/rtl/gated_delta_step.v:93$28_EN[15:0]$88
      New ports: A=1'1, B=1'0, Y=$0$memwr$\S$/Users/toprakgundogdu/qwen-ffn-rom/rtl/gated_delta_step.v:93$28_EN[15:0]$88 [0]
      New connections: $0$memwr$\S$/Users/toprakgundogdu/qwen-ffn-rom/rtl/gated_delta_step.v:93$28_EN[15:0]$88 [15:1] = { $0$memwr$\S$/Users/toprakgundogdu/qwen-ffn-rom/rtl/gated_delta_step.v:93$28_EN[15:0]$88 [0] $0$memwr$\S$/Users/toprakgundogdu/qwen-ffn-rom/rtl/gated_delta_step.v:93$28_EN[15:0]$88 [0] $0$memwr$\S$/Users/toprakgundogdu/qwen-ffn-rom/rtl/gated_delta_step.v:93$28_EN[15:0]$88 [0] $0$memwr$\S$/Users/toprakgundogdu/qwen-ffn-rom/rtl/gated_delta_step.v:93$28_EN[15:0]$88 [0] $0$memwr$\S$/Users/toprakgundogdu/qwen-ffn-rom/rtl/gated_delta_step.v:93$28_EN[15:0]$88 [0] $0$memwr$\S$/Users/toprakgundogdu/qwen-ffn-rom/rtl/gated_delta_step.v:93$28_EN[15:0]$88 [0] $0$memwr$\S$/Users/toprakgundogdu/qwen-ffn-rom/rtl/gated_delta_step.v:93$28_EN[15:0]$88 [0] $0$memwr$\S$/Users/toprakgundogdu/qwen-ffn-rom/rtl/gated_delta_step.v:93$28_EN[15:0]$88 [0] $0$memwr$\S$/Users/toprakgundogdu/qwen-ffn-rom/rtl/gated_delta_step.v:93$28_EN[15:0]$88 [0] $0$memwr$\S$/Users/toprakgundogdu/qwen-ffn-rom/rtl/gated_delta_step.v:93$28_EN[15:0]$88 [0] $0$memwr$\S$/Users/toprakgundogdu/qwen-ffn-rom/rtl/gated_delta_step.v:93$28_EN[15:0]$88 [0] $0$memwr$\S$/Users/toprakgundogdu/qwen-ffn-rom/rtl/gated_delta_step.v:93$28_EN[15:0]$88 [0] $0$memwr$\S$/Users/toprakgundogdu/qwen-ffn-rom/rtl/gated_delta_step.v:93$28_EN[15:0]$88 [0] $0$memwr$\S$/Users/toprakgundogdu/qwen-ffn-rom/rtl/gated_delta_step.v:93$28_EN[15:0]$88 [0] $0$memwr$\S$/Users/toprakgundogdu/qwen-ffn-rom/rtl/gated_delta_step.v:93$28_EN[15:0]$88 [0] }
    Consolidated identical input bits for $mux cell $procmux$626:
      Old ports: A=16'1111111111111111, B=16'0000000000000000, Y=$0$memwr$\S$/Users/toprakgundogdu/qwen-ffn-rom/rtl/gated_delta_step.v:93$29_EN[15:0]$89
      New ports: A=1'1, B=1'0, Y=$0$memwr$\S$/Users/toprakgundogdu/qwen-ffn-rom/rtl/gated_delta_step.v:93$29_EN[15:0]$89 [0]
      New connections: $0$memwr$\S$/Users/toprakgundogdu/qwen-ffn-rom/rtl/gated_delta_step.v:93$29_EN[15:0]$89 [15:1] = { $0$memwr$\S$/Users/toprakgundogdu/qwen-ffn-rom/rtl/gated_delta_step.v:93$29_EN[15:0]$89 [0] $0$memwr$\S$/Users/toprakgundogdu/qwen-ffn-rom/rtl/gated_delta_step.v:93$29_EN[15:0]$89 [0] $0$memwr$\S$/Users/toprakgundogdu/qwen-ffn-rom/rtl/gated_delta_step.v:93$29_EN[15:0]$89 [0] $0$memwr$\S$/Users/toprakgundogdu/qwen-ffn-rom/rtl/gated_delta_step.v:93$29_EN[15:0]$89 [0] $0$memwr$\S$/Users/toprakgundogdu/qwen-ffn-rom/rtl/gated_delta_step.v:93$29_EN[15:0]$89 [0] $0$memwr$\S$/Users/toprakgundogdu/qwen-ffn-rom/rtl/gated_delta_step.v:93$29_EN[15:0]$89 [0] $0$memwr$\S$/Users/toprakgundogdu/qwen-ffn-rom/rtl/gated_delta_step.v:93$29_EN[15:0]$89 [0] $0$memwr$\S$/Users/toprakgundogdu/qwen-ffn-rom/rtl/gated_delta_step.v:93$29_EN[15:0]$89 [0] $0$memwr$\S$/Users/toprakgundogdu/qwen-ffn-rom/rtl/gated_delta_step.v:93$29_EN[15:0]$89 [0] $0$memwr$\S$/Users/toprakgundogdu/qwen-ffn-rom/rtl/gated_delta_step.v:93$29_EN[15:0]$89 [0] $0$memwr$\S$/Users/toprakgundogdu/qwen-ffn-rom/rtl/gated_delta_step.v:93$29_EN[15:0]$89 [0] $0$memwr$\S$/Users/toprakgundogdu/qwen-ffn-rom/rtl/gated_delta_step.v:93$29_EN[15:0]$89 [0] $0$memwr$\S$/Users/toprakgundogdu/qwen-ffn-rom/rtl/gated_delta_step.v:93$29_EN[15:0]$89 [0] $0$memwr$\S$/Users/toprakgundogdu/qwen-ffn-rom/rtl/gated_delta_step.v:93$29_EN[15:0]$89 [0] $0$memwr$\S$/Users/toprakgundogdu/qwen-ffn-rom/rtl/gated_delta_step.v:93$29_EN[15:0]$89 [0] }
    Consolidated identical input bits for $mux cell $procmux$623:
      Old ports: A=16'1111111111111111, B=16'0000000000000000, Y=$0$memwr$\S$/Users/toprakgundogdu/qwen-ffn-rom/rtl/gated_delta_step.v:93$30_EN[15:0]$90
      New ports: A=1'1, B=1'0, Y=$0$memwr$\S$/Users/toprakgundogdu/qwen-ffn-rom/rtl/gated_delta_step.v:93$30_EN[15:0]$90 [0]
      New connections: $0$memwr$\S$/Users/toprakgundogdu/qwen-ffn-rom/rtl/gated_delta_step.v:93$30_EN[15:0]$90 [15:1] = { $0$memwr$\S$/Users/toprakgundogdu/qwen-ffn-rom/rtl/gated_delta_step.v:93$30_EN[15:0]$90 [0] $0$memwr$\S$/Users/toprakgundogdu/qwen-ffn-rom/rtl/gated_delta_step.v:93$30_EN[15:0]$90 [0] $0$memwr$\S$/Users/toprakgundogdu/qwen-ffn-rom/rtl/gated_delta_step.v:93$30_EN[15:0]$90 [0] $0$memwr$\S$/Users/toprakgundogdu/qwen-ffn-rom/rtl/gated_delta_step.v:93$30_EN[15:0]$90 [0] $0$memwr$\S$/Users/toprakgundogdu/qwen-ffn-rom/rtl/gated_delta_step.v:93$30_EN[15:0]$90 [0] $0$memwr$\S$/Users/toprakgundogdu/qwen-ffn-rom/rtl/gated_delta_step.v:93$30_EN[15:0]$90 [0] $0$memwr$\S$/Users/toprakgundogdu/qwen-ffn-rom/rtl/gated_delta_step.v:93$30_EN[15:0]$90 [0] $0$memwr$\S$/Users/toprakgundogdu/qwen-ffn-rom/rtl/gated_delta_step.v:93$30_EN[15:0]$90 [0] $0$memwr$\S$/Users/toprakgundogdu/qwen-ffn-rom/rtl/gated_delta_step.v:93$30_EN[15:0]$90 [0] $0$memwr$\S$/Users/toprakgundogdu/qwen-ffn-rom/rtl/gated_delta_step.v:93$30_EN[15:0]$90 [0] $0$memwr$\S$/Users/toprakgundogdu/qwen-ffn-rom/rtl/gated_delta_step.v:93$30_EN[15:0]$90 [0] $0$memwr$\S$/Users/toprakgundogdu/qwen-ffn-rom/rtl/gated_delta_step.v:93$30_EN[15:0]$90 [0] $0$memwr$\S$/Users/toprakgundogdu/qwen-ffn-rom/rtl/gated_delta_step.v:93$30_EN[15:0]$90 [0] $0$memwr$\S$/Users/toprakgundogdu/qwen-ffn-rom/rtl/gated_delta_step.v:93$30_EN[15:0]$90 [0] $0$memwr$\S$/Users/toprakgundogdu/qwen-ffn-rom/rtl/gated_delta_step.v:93$30_EN[15:0]$90 [0] }
    Consolidated identical input bits for $mux cell $procmux$620:
      Old ports: A=32'11111111111111111111111111111111, B=0, Y=$0$memwr$\kv$/Users/toprakgundogdu/qwen-ffn-rom/rtl/gated_delta_step.v:86$31_EN[31:0]$91
      New ports: A=1'1, B=1'0, Y=$0$memwr$\kv$/Users/toprakgundogdu/qwen-ffn-rom/rtl/gated_delta_step.v:86$31_EN[31:0]$91 [0]
      New connections: $0$memwr$\kv$/Users/toprakgundogdu/qwen-ffn-rom/rtl/gated_delta_step.v:86$31_EN[31:0]$91 [31:1] = { $0$memwr$\kv$/Users/toprakgundogdu/qwen-ffn-rom/rtl/gated_delta_step.v:86$31_EN[31:0]$91 [0] $0$memwr$\kv$/Users/toprakgundogdu/qwen-ffn-rom/rtl/gated_delta_step.v:86$31_EN[31:0]$91 [0] $0$memwr$\kv$/Users/toprakgundogdu/qwen-ffn-rom/rtl/gated_delta_step.v:86$31_EN[31:0]$91 [0] $0$memwr$\kv$/Users/toprakgundogdu/qwen-ffn-rom/rtl/gated_delta_step.v:86$31_EN[31:0]$91 [0] $0$memwr$\kv$/Users/toprakgundogdu/qwen-ffn-rom/rtl/gated_delta_step.v:86$31_EN[31:0]$91 [0] $0$memwr$\kv$/Users/toprakgundogdu/qwen-ffn-rom/rtl/gated_delta_step.v:86$31_EN[31:0]$91 [0] $0$memwr$\kv$/Users/toprakgundogdu/qwen-ffn-rom/rtl/gated_delta_step.v:86$31_EN[31:0]$91 [0] $0$memwr$\kv$/Users/toprakgundogdu/qwen-ffn-rom/rtl/gated_delta_step.v:86$31_EN[31:0]$91 [0] $0$memwr$\kv$/Users/toprakgundogdu/qwen-ffn-rom/rtl/gated_delta_step.v:86$31_EN[31:0]$91 [0] $0$memwr$\kv$/Users/toprakgundogdu/qwen-ffn-rom/rtl/gated_delta_step.v:86$31_EN[31:0]$91 [0] $0$memwr$\kv$/Users/toprakgundogdu/qwen-ffn-rom/rtl/gated_delta_step.v:86$31_EN[31:0]$91 [0] $0$memwr$\kv$/Users/toprakgundogdu/qwen-ffn-rom/rtl/gated_delta_step.v:86$31_EN[31:0]$91 [0] $0$memwr$\kv$/Users/toprakgundogdu/qwen-ffn-rom/rtl/gated_delta_step.v:86$31_EN[31:0]$91 [0] $0$memwr$\kv$/Users/toprakgundogdu/qwen-ffn-rom/rtl/gated_delta_step.v:86$31_EN[31:0]$91 [0] $0$memwr$\kv$/Users/toprakgundogdu/qwen-ffn-rom/rtl/gated_delta_step.v:86$31_EN[31:0]$91 [0] $0$memwr$\kv$/Users/toprakgundogdu/qwen-ffn-rom/rtl/gated_delta_step.v:86$31_EN[31:0]$91 [0] $0$memwr$\kv$/Users/toprakgundogdu/qwen-ffn-rom/rtl/gated_delta_step.v:86$31_EN[31:0]$91 [0] $0$memwr$\kv$/Users/toprakgundogdu/qwen-ffn-rom/rtl/gated_delta_step.v:86$31_EN[31:0]$91 [0] $0$memwr$\kv$/Users/toprakgundogdu/qwen-ffn-rom/rtl/gated_delta_step.v:86$31_EN[31:0]$91 [0] $0$memwr$\kv$/Users/toprakgundogdu/qwen-ffn-rom/rtl/gated_delta_step.v:86$31_EN[31:0]$91 [0] $0$memwr$\kv$/Users/toprakgundogdu/qwen-ffn-rom/rtl/gated_delta_step.v:86$31_EN[31:0]$91 [0] $0$memwr$\kv$/Users/toprakgundogdu/qwen-ffn-rom/rtl/gated_delta_step.v:86$31_EN[31:0]$91 [0] $0$memwr$\kv$/Users/toprakgundogdu/qwen-ffn-rom/rtl/gated_delta_step.v:86$31_EN[31:0]$91 [0] $0$memwr$\kv$/Users/toprakgundogdu/qwen-ffn-rom/rtl/gated_delta_step.v:86$31_EN[31:0]$91 [0] $0$memwr$\kv$/Users/toprakgundogdu/qwen-ffn-rom/rtl/gated_delta_step.v:86$31_EN[31:0]$91 [0] $0$memwr$\kv$/Users/toprakgundogdu/qwen-ffn-rom/rtl/gated_delta_step.v:86$31_EN[31:0]$91 [0] $0$memwr$\kv$/Users/toprakgundogdu/qwen-ffn-rom/rtl/gated_delta_step.v:86$31_EN[31:0]$91 [0] $0$memwr$\kv$/Users/toprakgundogdu/qwen-ffn-rom/rtl/gated_delta_step.v:86$31_EN[31:0]$91 [0] $0$memwr$\kv$/Users/toprakgundogdu/qwen-ffn-rom/rtl/gated_delta_step.v:86$31_EN[31:0]$91 [0] $0$memwr$\kv$/Users/toprakgundogdu/qwen-ffn-rom/rtl/gated_delta_step.v:86$31_EN[31:0]$91 [0] $0$memwr$\kv$/Users/toprakgundogdu/qwen-ffn-rom/rtl/gated_delta_step.v:86$31_EN[31:0]$91 [0] }
    Consolidated identical input bits for $mux cell $procmux$617:
      Old ports: A=32'11111111111111111111111111111111, B=0, Y=$0$memwr$\delta$/Users/toprakgundogdu/qwen-ffn-rom/rtl/gated_delta_step.v:87$32_EN[31:0]$92
      New ports: A=1'1, B=1'0, Y=$0$memwr$\delta$/Users/toprakgundogdu/qwen-ffn-rom/rtl/gated_delta_step.v:87$32_EN[31:0]$92 [0]
      New connections: $0$memwr$\delta$/Users/toprakgundogdu/qwen-ffn-rom/rtl/gated_delta_step.v:87$32_EN[31:0]$92 [31:1] = { $0$memwr$\delta$/Users/toprakgundogdu/qwen-ffn-rom/rtl/gated_delta_step.v:87$32_EN[31:0]$92 [0] $0$memwr$\delta$/Users/toprakgundogdu/qwen-ffn-rom/rtl/gated_delta_step.v:87$32_EN[31:0]$92 [0] $0$memwr$\delta$/Users/toprakgundogdu/qwen-ffn-rom/rtl/gated_delta_step.v:87$32_EN[31:0]$92 [0] $0$memwr$\delta$/Users/toprakgundogdu/qwen-ffn-rom/rtl/gated_delta_step.v:87$32_EN[31:0]$92 [0] $0$memwr$\delta$/Users/toprakgundogdu/qwen-ffn-rom/rtl/gated_delta_step.v:87$32_EN[31:0]$92 [0] $0$memwr$\delta$/Users/toprakgundogdu/qwen-ffn-rom/rtl/gated_delta_step.v:87$32_EN[31:0]$92 [0] $0$memwr$\delta$/Users/toprakgundogdu/qwen-ffn-rom/rtl/gated_delta_step.v:87$32_EN[31:0]$92 [0] $0$memwr$\delta$/Users/toprakgundogdu/qwen-ffn-rom/rtl/gated_delta_step.v:87$32_EN[31:0]$92 [0] $0$memwr$\delta$/Users/toprakgundogdu/qwen-ffn-rom/rtl/gated_delta_step.v:87$32_EN[31:0]$92 [0] $0$memwr$\delta$/Users/toprakgundogdu/qwen-ffn-rom/rtl/gated_delta_step.v:87$32_EN[31:0]$92 [0] $0$memwr$\delta$/Users/toprakgundogdu/qwen-ffn-rom/rtl/gated_delta_step.v:87$32_EN[31:0]$92 [0] $0$memwr$\delta$/Users/toprakgundogdu/qwen-ffn-rom/rtl/gated_delta_step.v:87$32_EN[31:0]$92 [0] $0$memwr$\delta$/Users/toprakgundogdu/qwen-ffn-rom/rtl/gated_delta_step.v:87$32_EN[31:0]$92 [0] $0$memwr$\delta$/Users/toprakgundogdu/qwen-ffn-rom/rtl/gated_delta_step.v:87$32_EN[31:0]$92 [0] $0$memwr$\delta$/Users/toprakgundogdu/qwen-ffn-rom/rtl/gated_delta_step.v:87$32_EN[31:0]$92 [0] $0$memwr$\delta$/Users/toprakgundogdu/qwen-ffn-rom/rtl/gated_delta_step.v:87$32_EN[31:0]$92 [0] $0$memwr$\delta$/Users/toprakgundogdu/qwen-ffn-rom/rtl/gated_delta_step.v:87$32_EN[31:0]$92 [0] $0$memwr$\delta$/Users/toprakgundogdu/qwen-ffn-rom/rtl/gated_delta_step.v:87$32_EN[31:0]$92 [0] $0$memwr$\delta$/Users/toprakgundogdu/qwen-ffn-rom/rtl/gated_delta_step.v:87$32_EN[31:0]$92 [0] $0$memwr$\delta$/Users/toprakgundogdu/qwen-ffn-rom/rtl/gated_delta_step.v:87$32_EN[31:0]$92 [0] $0$memwr$\delta$/Users/toprakgundogdu/qwen-ffn-rom/rtl/gated_delta_step.v:87$32_EN[31:0]$92 [0] $0$memwr$\delta$/Users/toprakgundogdu/qwen-ffn-rom/rtl/gated_delta_step.v:87$32_EN[31:0]$92 [0] $0$memwr$\delta$/Users/toprakgundogdu/qwen-ffn-rom/rtl/gated_delta_step.v:87$32_EN[31:0]$92 [0] $0$memwr$\delta$/Users/toprakgundogdu/qwen-ffn-rom/rtl/gated_delta_step.v:87$32_EN[31:0]$92 [0] $0$memwr$\delta$/Users/toprakgundogdu/qwen-ffn-rom/rtl/gated_delta_step.v:87$32_EN[31:0]$92 [0] $0$memwr$\delta$/Users/toprakgundogdu/qwen-ffn-rom/rtl/gated_delta_step.v:87$32_EN[31:0]$92 [0] $0$memwr$\delta$/Users/toprakgundogdu/qwen-ffn-rom/rtl/gated_delta_step.v:87$32_EN[31:0]$92 [0] $0$memwr$\delta$/Users/toprakgundogdu/qwen-ffn-rom/rtl/gated_delta_step.v:87$32_EN[31:0]$92 [0] $0$memwr$\delta$/Users/toprakgundogdu/qwen-ffn-rom/rtl/gated_delta_step.v:87$32_EN[31:0]$92 [0] $0$memwr$\delta$/Users/toprakgundogdu/qwen-ffn-rom/rtl/gated_delta_step.v:87$32_EN[31:0]$92 [0] $0$memwr$\delta$/Users/toprakgundogdu/qwen-ffn-rom/rtl/gated_delta_step.v:87$32_EN[31:0]$92 [0] }
    Consolidated identical input bits for $mux cell $procmux$614:
      Old ports: A=24'111111111111111111111111, B=24'000000000000000000000000, Y=$0$memwr$\o_r$/Users/toprakgundogdu/qwen-ffn-rom/rtl/gated_delta_step.v:88$33_EN[23:0]$93
      New ports: A=1'1, B=1'0, Y=$0$memwr$\o_r$/Users/toprakgundogdu/qwen-ffn-rom/rtl/gated_delta_step.v:88$33_EN[23:0]$93 [0]
      New connections: $0$memwr$\o_r$/Users/toprakgundogdu/qwen-ffn-rom/rtl/gated_delta_step.v:88$33_EN[23:0]$93 [23:1] = { $0$memwr$\o_r$/Users/toprakgundogdu/qwen-ffn-rom/rtl/gated_delta_step.v:88$33_EN[23:0]$93 [0] $0$memwr$\o_r$/Users/toprakgundogdu/qwen-ffn-rom/rtl/gated_delta_step.v:88$33_EN[23:0]$93 [0] $0$memwr$\o_r$/Users/toprakgundogdu/qwen-ffn-rom/rtl/gated_delta_step.v:88$33_EN[23:0]$93 [0] $0$memwr$\o_r$/Users/toprakgundogdu/qwen-ffn-rom/rtl/gated_delta_step.v:88$33_EN[23:0]$93 [0] $0$memwr$\o_r$/Users/toprakgundogdu/qwen-ffn-rom/rtl/gated_delta_step.v:88$33_EN[23:0]$93 [0] $0$memwr$\o_r$/Users/toprakgundogdu/qwen-ffn-rom/rtl/gated_delta_step.v:88$33_EN[23:0]$93 [0] $0$memwr$\o_r$/Users/toprakgundogdu/qwen-ffn-rom/rtl/gated_delta_step.v:88$33_EN[23:0]$93 [0] $0$memwr$\o_r$/Users/toprakgundogdu/qwen-ffn-rom/rtl/gated_delta_step.v:88$33_EN[23:0]$93 [0] $0$memwr$\o_r$/Users/toprakgundogdu/qwen-ffn-rom/rtl/gated_delta_step.v:88$33_EN[23:0]$93 [0] $0$memwr$\o_r$/Users/toprakgundogdu/qwen-ffn-rom/rtl/gated_delta_step.v:88$33_EN[23:0]$93 [0] $0$memwr$\o_r$/Users/toprakgundogdu/qwen-ffn-rom/rtl/gated_delta_step.v:88$33_EN[23:0]$93 [0] $0$memwr$\o_r$/Users/toprakgundogdu/qwen-ffn-rom/rtl/gated_delta_step.v:88$33_EN[23:0]$93 [0] $0$memwr$\o_r$/Users/toprakgundogdu/qwen-ffn-rom/rtl/gated_delta_step.v:88$33_EN[23:0]$93 [0] $0$memwr$\o_r$/Users/toprakgundogdu/qwen-ffn-rom/rtl/gated_delta_step.v:88$33_EN[23:0]$93 [0] $0$memwr$\o_r$/Users/toprakgundogdu/qwen-ffn-rom/rtl/gated_delta_step.v:88$33_EN[23:0]$93 [0] $0$memwr$\o_r$/Users/toprakgundogdu/qwen-ffn-rom/rtl/gated_delta_step.v:88$33_EN[23:0]$93 [0] $0$memwr$\o_r$/Users/toprakgundogdu/qwen-ffn-rom/rtl/gated_delta_step.v:88$33_EN[23:0]$93 [0] $0$memwr$\o_r$/Users/toprakgundogdu/qwen-ffn-rom/rtl/gated_delta_step.v:88$33_EN[23:0]$93 [0] $0$memwr$\o_r$/Users/toprakgundogdu/qwen-ffn-rom/rtl/gated_delta_step.v:88$33_EN[23:0]$93 [0] $0$memwr$\o_r$/Users/toprakgundogdu/qwen-ffn-rom/rtl/gated_delta_step.v:88$33_EN[23:0]$93 [0] $0$memwr$\o_r$/Users/toprakgundogdu/qwen-ffn-rom/rtl/gated_delta_step.v:88$33_EN[23:0]$93 [0] $0$memwr$\o_r$/Users/toprakgundogdu/qwen-ffn-rom/rtl/gated_delta_step.v:88$33_EN[23:0]$93 [0] $0$memwr$\o_r$/Users/toprakgundogdu/qwen-ffn-rom/rtl/gated_delta_step.v:88$33_EN[23:0]$93 [0] }
    Consolidated identical input bits for $mux cell $procmux$611:
      Old ports: A=16'1111111111111111, B=16'0000000000000000, Y=$0$memwr$\S$/Users/toprakgundogdu/qwen-ffn-rom/rtl/gated_delta_step.v:93$34_EN[15:0]$94
      New ports: A=1'1, B=1'0, Y=$0$memwr$\S$/Users/toprakgundogdu/qwen-ffn-rom/rtl/gated_delta_step.v:93$34_EN[15:0]$94 [0]
      New connections: $0$memwr$\S$/Users/toprakgundogdu/qwen-ffn-rom/rtl/gated_delta_step.v:93$34_EN[15:0]$94 [15:1] = { $0$memwr$\S$/Users/toprakgundogdu/qwen-ffn-rom/rtl/gated_delta_step.v:93$34_EN[15:0]$94 [0] $0$memwr$\S$/Users/toprakgundogdu/qwen-ffn-rom/rtl/gated_delta_step.v:93$34_EN[15:0]$94 [0] $0$memwr$\S$/Users/toprakgundogdu/qwen-ffn-rom/rtl/gated_delta_step.v:93$34_EN[15:0]$94 [0] $0$memwr$\S$/Users/toprakgundogdu/qwen-ffn-rom/rtl/gated_delta_step.v:93$34_EN[15:0]$94 [0] $0$memwr$\S$/Users/toprakgundogdu/qwen-ffn-rom/rtl/gated_delta_step.v:93$34_EN[15:0]$94 [0] $0$memwr$\S$/Users/toprakgundogdu/qwen-ffn-rom/rtl/gated_delta_step.v:93$34_EN[15:0]$94 [0] $0$memwr$\S$/Users/toprakgundogdu/qwen-ffn-rom/rtl/gated_delta_step.v:93$34_EN[15:0]$94 [0] $0$memwr$\S$/Users/toprakgundogdu/qwen-ffn-rom/rtl/gated_delta_step.v:93$34_EN[15:0]$94 [0] $0$memwr$\S$/Users/toprakgundogdu/qwen-ffn-rom/rtl/gated_delta_step.v:93$34_EN[15:0]$94 [0] $0$memwr$\S$/Users/toprakgundogdu/qwen-ffn-rom/rtl/gated_delta_step.v:93$34_EN[15:0]$94 [0] $0$memwr$\S$/Users/toprakgundogdu/qwen-ffn-rom/rtl/gated_delta_step.v:93$34_EN[15:0]$94 [0] $0$memwr$\S$/Users/toprakgundogdu/qwen-ffn-rom/rtl/gated_delta_step.v:93$34_EN[15:0]$94 [0] $0$memwr$\S$/Users/toprakgundogdu/qwen-ffn-rom/rtl/gated_delta_step.v:93$34_EN[15:0]$94 [0] $0$memwr$\S$/Users/toprakgundogdu/qwen-ffn-rom/rtl/gated_delta_step.v:93$34_EN[15:0]$94 [0] $0$memwr$\S$/Users/toprakgundogdu/qwen-ffn-rom/rtl/gated_delta_step.v:93$34_EN[15:0]$94 [0] }
    Consolidated identical input bits for $mux cell $procmux$608:
      Old ports: A=16'1111111111111111, B=16'0000000000000000, Y=$0$memwr$\S$/Users/toprakgundogdu/qwen-ffn-rom/rtl/gated_delta_step.v:93$35_EN[15:0]$95
      New ports: A=1'1, B=1'0, Y=$0$memwr$\S$/Users/toprakgundogdu/qwen-ffn-rom/rtl/gated_delta_step.v:93$35_EN[15:0]$95 [0]
      New connections: $0$memwr$\S$/Users/toprakgundogdu/qwen-ffn-rom/rtl/gated_delta_step.v:93$35_EN[15:0]$95 [15:1] = { $0$memwr$\S$/Users/toprakgundogdu/qwen-ffn-rom/rtl/gated_delta_step.v:93$35_EN[15:0]$95 [0] $0$memwr$\S$/Users/toprakgundogdu/qwen-ffn-rom/rtl/gated_delta_step.v:93$35_EN[15:0]$95 [0] $0$memwr$\S$/Users/toprakgundogdu/qwen-ffn-rom/rtl/gated_delta_step.v:93$35_EN[15:0]$95 [0] $0$memwr$\S$/Users/toprakgundogdu/qwen-ffn-rom/rtl/gated_delta_step.v:93$35_EN[15:0]$95 [0] $0$memwr$\S$/Users/toprakgundogdu/qwen-ffn-rom/rtl/gated_delta_step.v:93$35_EN[15:0]$95 [0] $0$memwr$\S$/Users/toprakgundogdu/qwen-ffn-rom/rtl/gated_delta_step.v:93$35_EN[15:0]$95 [0] $0$memwr$\S$/Users/toprakgundogdu/qwen-ffn-rom/rtl/gated_delta_step.v:93$35_EN[15:0]$95 [0] $0$memwr$\S$/Users/toprakgundogdu/qwen-ffn-rom/rtl/gated_delta_step.v:93$35_EN[15:0]$95 [0] $0$memwr$\S$/Users/toprakgundogdu/qwen-ffn-rom/rtl/gated_delta_step.v:93$35_EN[15:0]$95 [0] $0$memwr$\S$/Users/toprakgundogdu/qwen-ffn-rom/rtl/gated_delta_step.v:93$35_EN[15:0]$95 [0] $0$memwr$\S$/Users/toprakgundogdu/qwen-ffn-rom/rtl/gated_delta_step.v:93$35_EN[15:0]$95 [0] $0$memwr$\S$/Users/toprakgundogdu/qwen-ffn-rom/rtl/gated_delta_step.v:93$35_EN[15:0]$95 [0] $0$memwr$\S$/Users/toprakgundogdu/qwen-ffn-rom/rtl/gated_delta_step.v:93$35_EN[15:0]$95 [0] $0$memwr$\S$/Users/toprakgundogdu/qwen-ffn-rom/rtl/gated_delta_step.v:93$35_EN[15:0]$95 [0] $0$memwr$\S$/Users/toprakgundogdu/qwen-ffn-rom/rtl/gated_delta_step.v:93$35_EN[15:0]$95 [0] }
    Consolidated identical input bits for $mux cell $procmux$605:
      Old ports: A=16'1111111111111111, B=16'0000000000000000, Y=$0$memwr$\S$/Users/toprakgundogdu/qwen-ffn-rom/rtl/gated_delta_step.v:93$36_EN[15:0]$96
      New ports: A=1'1, B=1'0, Y=$0$memwr$\S$/Users/toprakgundogdu/qwen-ffn-rom/rtl/gated_delta_step.v:93$36_EN[15:0]$96 [0]
      New connections: $0$memwr$\S$/Users/toprakgundogdu/qwen-ffn-rom/rtl/gated_delta_step.v:93$36_EN[15:0]$96 [15:1] = { $0$memwr$\S$/Users/toprakgundogdu/qwen-ffn-rom/rtl/gated_delta_step.v:93$36_EN[15:0]$96 [0] $0$memwr$\S$/Users/toprakgundogdu/qwen-ffn-rom/rtl/gated_delta_step.v:93$36_EN[15:0]$96 [0] $0$memwr$\S$/Users/toprakgundogdu/qwen-ffn-rom/rtl/gated_delta_step.v:93$36_EN[15:0]$96 [0] $0$memwr$\S$/Users/toprakgundogdu/qwen-ffn-rom/rtl/gated_delta_step.v:93$36_EN[15:0]$96 [0] $0$memwr$\S$/Users/toprakgundogdu/qwen-ffn-rom/rtl/gated_delta_step.v:93$36_EN[15:0]$96 [0] $0$memwr$\S$/Users/toprakgundogdu/qwen-ffn-rom/rtl/gated_delta_step.v:93$36_EN[15:0]$96 [0] $0$memwr$\S$/Users/toprakgundogdu/qwen-ffn-rom/rtl/gated_delta_step.v:93$36_EN[15:0]$96 [0] $0$memwr$\S$/Users/toprakgundogdu/qwen-ffn-rom/rtl/gated_delta_step.v:93$36_EN[15:0]$96 [0] $0$memwr$\S$/Users/toprakgundogdu/qwen-ffn-rom/rtl/gated_delta_step.v:93$36_EN[15:0]$96 [0] $0$memwr$\S$/Users/toprakgundogdu/qwen-ffn-rom/rtl/gated_delta_step.v:93$36_EN[15:0]$96 [0] $0$memwr$\S$/Users/toprakgundogdu/qwen-ffn-rom/rtl/gated_delta_step.v:93$36_EN[15:0]$96 [0] $0$memwr$\S$/Users/toprakgundogdu/qwen-ffn-rom/rtl/gated_delta_step.v:93$36_EN[15:0]$96 [0] $0$memwr$\S$/Users/toprakgundogdu/qwen-ffn-rom/rtl/gated_delta_step.v:93$36_EN[15:0]$96 [0] $0$memwr$\S$/Users/toprakgundogdu/qwen-ffn-rom/rtl/gated_delta_step.v:93$36_EN[15:0]$96 [0] $0$memwr$\S$/Users/toprakgundogdu/qwen-ffn-rom/rtl/gated_delta_step.v:93$36_EN[15:0]$96 [0] }
    Consolidated identical input bits for $mux cell $procmux$602:
      Old ports: A=16'1111111111111111, B=16'0000000000000000, Y=$0$memwr$\S$/Users/toprakgundogdu/qwen-ffn-rom/rtl/gated_delta_step.v:93$37_EN[15:0]$97
      New ports: A=1'1, B=1'0, Y=$0$memwr$\S$/Users/toprakgundogdu/qwen-ffn-rom/rtl/gated_delta_step.v:93$37_EN[15:0]$97 [0]
      New connections: $0$memwr$\S$/Users/toprakgundogdu/qwen-ffn-rom/rtl/gated_delta_step.v:93$37_EN[15:0]$97 [15:1] = { $0$memwr$\S$/Users/toprakgundogdu/qwen-ffn-rom/rtl/gated_delta_step.v:93$37_EN[15:0]$97 [0] $0$memwr$\S$/Users/toprakgundogdu/qwen-ffn-rom/rtl/gated_delta_step.v:93$37_EN[15:0]$97 [0] $0$memwr$\S$/Users/toprakgundogdu/qwen-ffn-rom/rtl/gated_delta_step.v:93$37_EN[15:0]$97 [0] $0$memwr$\S$/Users/toprakgundogdu/qwen-ffn-rom/rtl/gated_delta_step.v:93$37_EN[15:0]$97 [0] $0$memwr$\S$/Users/toprakgundogdu/qwen-ffn-rom/rtl/gated_delta_step.v:93$37_EN[15:0]$97 [0] $0$memwr$\S$/Users/toprakgundogdu/qwen-ffn-rom/rtl/gated_delta_step.v:93$37_EN[15:0]$97 [0] $0$memwr$\S$/Users/toprakgundogdu/qwen-ffn-rom/rtl/gated_delta_step.v:93$37_EN[15:0]$97 [0] $0$memwr$\S$/Users/toprakgundogdu/qwen-ffn-rom/rtl/gated_delta_step.v:93$37_EN[15:0]$97 [0] $0$memwr$\S$/Users/toprakgundogdu/qwen-ffn-rom/rtl/gated_delta_step.v:93$37_EN[15:0]$97 [0] $0$memwr$\S$/Users/toprakgundogdu/qwen-ffn-rom/rtl/gated_delta_step.v:93$37_EN[15:0]$97 [0] $0$memwr$\S$/Users/toprakgundogdu/qwen-ffn-rom/rtl/gated_delta_step.v:93$37_EN[15:0]$97 [0] $0$memwr$\S$/Users/toprakgundogdu/qwen-ffn-rom/rtl/gated_delta_step.v:93$37_EN[15:0]$97 [0] $0$memwr$\S$/Users/toprakgundogdu/qwen-ffn-rom/rtl/gated_delta_step.v:93$37_EN[15:0]$97 [0] $0$memwr$\S$/Users/toprakgundogdu/qwen-ffn-rom/rtl/gated_delta_step.v:93$37_EN[15:0]$97 [0] $0$memwr$\S$/Users/toprakgundogdu/qwen-ffn-rom/rtl/gated_delta_step.v:93$37_EN[15:0]$97 [0] }
    Consolidated identical input bits for $mux cell $procmux$568:
      Old ports: A=16'0000000000000000, B=16'1111111111111111, Y=$procmux$568_Y
      New ports: A=1'0, B=1'1, Y=$procmux$568_Y [0]
      New connections: $procmux$568_Y [15:1] = { $procmux$568_Y [0] $procmux$568_Y [0] $procmux$568_Y [0] $procmux$568_Y [0] $procmux$568_Y [0] $procmux$568_Y [0] $procmux$568_Y [0] $procmux$568_Y [0] $procmux$568_Y [0] $procmux$568_Y [0] $procmux$568_Y [0] $procmux$568_Y [0] $procmux$568_Y [0] $procmux$568_Y [0] $procmux$568_Y [0] }
    Consolidated identical input bits for $mux cell $procmux$509:
      Old ports: A=0, B=32'11111111111111111111111111111111, Y=$procmux$509_Y
      New ports: A=1'0, B=1'1, Y=$procmux$509_Y [0]
      New connections: $procmux$509_Y [31:1] = { $procmux$509_Y [0] $procmux$509_Y [0] $procmux$509_Y [0] $procmux$509_Y [0] $procmux$509_Y [0] $procmux$509_Y [0] $procmux$509_Y [0] $procmux$509_Y [0] $procmux$509_Y [0] $procmux$509_Y [0] $procmux$509_Y [0] $procmux$509_Y [0] $procmux$509_Y [0] $procmux$509_Y [0] $procmux$509_Y [0] $procmux$509_Y [0] $procmux$509_Y [0] $procmux$509_Y [0] $procmux$509_Y [0] $procmux$509_Y [0] $procmux$509_Y [0] $procmux$509_Y [0] $procmux$509_Y [0] $procmux$509_Y [0] $procmux$509_Y [0] $procmux$509_Y [0] $procmux$509_Y [0] $procmux$509_Y [0] $procmux$509_Y [0] $procmux$509_Y [0] $procmux$509_Y [0] }
    Consolidated identical input bits for $mux cell $procmux$484:
      Old ports: A=16'0000000000000000, B=16'1111111111111111, Y=$procmux$484_Y
      New ports: A=1'0, B=1'1, Y=$procmux$484_Y [0]
      New connections: $procmux$484_Y [15:1] = { $procmux$484_Y [0] $procmux$484_Y [0] $procmux$484_Y [0] $procmux$484_Y [0] $procmux$484_Y [0] $procmux$484_Y [0] $procmux$484_Y [0] $procmux$484_Y [0] $procmux$484_Y [0] $procmux$484_Y [0] $procmux$484_Y [0] $procmux$484_Y [0] $procmux$484_Y [0] $procmux$484_Y [0] $procmux$484_Y [0] }
    Consolidated identical input bits for $mux cell $procmux$352:
      Old ports: A=0, B=32'11111111111111111111111111111111, Y=$procmux$352_Y
      New ports: A=1'0, B=1'1, Y=$procmux$352_Y [0]
      New connections: $procmux$352_Y [31:1] = { $procmux$352_Y [0] $procmux$352_Y [0] $procmux$352_Y [0] $procmux$352_Y [0] $procmux$352_Y [0] $procmux$352_Y [0] $procmux$352_Y [0] $procmux$352_Y [0] $procmux$352_Y [0] $procmux$352_Y [0] $procmux$352_Y [0] $procmux$352_Y [0] $procmux$352_Y [0] $procmux$352_Y [0] $procmux$352_Y [0] $procmux$352_Y [0] $procmux$352_Y [0] $procmux$352_Y [0] $procmux$352_Y [0] $procmux$352_Y [0] $procmux$352_Y [0] $procmux$352_Y [0] $procmux$352_Y [0] $procmux$352_Y [0] $procmux$352_Y [0] $procmux$352_Y [0] $procmux$352_Y [0] $procmux$352_Y [0] $procmux$352_Y [0] $procmux$352_Y [0] $procmux$352_Y [0] }
    Consolidated identical input bits for $mux cell $procmux$280:
      Old ports: A=24'000000000000000000000000, B=24'111111111111111111111111, Y=$procmux$280_Y
      New ports: A=1'0, B=1'1, Y=$procmux$280_Y [0]
      New connections: $procmux$280_Y [23:1] = { $procmux$280_Y [0] $procmux$280_Y [0] $procmux$280_Y [0] $procmux$280_Y [0] $procmux$280_Y [0] $procmux$280_Y [0] $procmux$280_Y [0] $procmux$280_Y [0] $procmux$280_Y [0] $procmux$280_Y [0] $procmux$280_Y [0] $procmux$280_Y [0] $procmux$280_Y [0] $procmux$280_Y [0] $procmux$280_Y [0] $procmux$280_Y [0] $procmux$280_Y [0] $procmux$280_Y [0] $procmux$280_Y [0] $procmux$280_Y [0] $procmux$280_Y [0] $procmux$280_Y [0] $procmux$280_Y [0] }
  Optimizing cells in module \gated_delta_step.
    Consolidated identical input bits for $mux cell $procmux$722:
      Old ports: A=16'0000000000000000, B=$2$memwr$\S$/Users/toprakgundogdu/qwen-ffn-rom/rtl/gated_delta_step.v:115$38_EN[15:0]$159, Y=$0$memwr$\S$/Users/toprakgundogdu/qwen-ffn-rom/rtl/gated_delta_step.v:115$38_EN[15:0]$100
      New ports: A=1'0, B=$procmux$568_Y [0], Y=$0$memwr$\S$/Users/toprakgundogdu/qwen-ffn-rom/rtl/gated_delta_step.v:115$38_EN[15:0]$100 [0]
      New connections: $0$memwr$\S$/Users/toprakgundogdu/qwen-ffn-rom/rtl/gated_delta_step.v:115$38_EN[15:0]$100 [15:1] = { $0$memwr$\S$/Users/toprakgundogdu/qwen-ffn-rom/rtl/gated_delta_step.v:115$38_EN[15:0]$100 [0] $0$memwr$\S$/Users/toprakgundogdu/qwen-ffn-rom/rtl/gated_delta_step.v:115$38_EN[15:0]$100 [0] $0$memwr$\S$/Users/toprakgundogdu/qwen-ffn-rom/rtl/gated_delta_step.v:115$38_EN[15:0]$100 [0] $0$memwr$\S$/Users/toprakgundogdu/qwen-ffn-rom/rtl/gated_delta_step.v:115$38_EN[15:0]$100 [0] $0$memwr$\S$/Users/toprakgundogdu/qwen-ffn-rom/rtl/gated_delta_step.v:115$38_EN[15:0]$100 [0] $0$memwr$\S$/Users/toprakgundogdu/qwen-ffn-rom/rtl/gated_delta_step.v:115$38_EN[15:0]$100 [0] $0$memwr$\S$/Users/toprakgundogdu/qwen-ffn-rom/rtl/gated_delta_step.v:115$38_EN[15:0]$100 [0] $0$memwr$\S$/Users/toprakgundogdu/qwen-ffn-rom/rtl/gated_delta_step.v:115$38_EN[15:0]$100 [0] $0$memwr$\S$/Users/toprakgundogdu/qwen-ffn-rom/rtl/gated_delta_step.v:115$38_EN[15:0]$100 [0] $0$memwr$\S$/Users/toprakgundogdu/qwen-ffn-rom/rtl/gated_delta_step.v:115$38_EN[15:0]$100 [0] $0$memwr$\S$/Users/toprakgundogdu/qwen-ffn-rom/rtl/gated_delta_step.v:115$38_EN[15:0]$100 [0] $0$memwr$\S$/Users/toprakgundogdu/qwen-ffn-rom/rtl/gated_delta_step.v:115$38_EN[15:0]$100 [0] $0$memwr$\S$/Users/toprakgundogdu/qwen-ffn-rom/rtl/gated_delta_step.v:115$38_EN[15:0]$100 [0] $0$memwr$\S$/Users/toprakgundogdu/qwen-ffn-rom/rtl/gated_delta_step.v:115$38_EN[15:0]$100 [0] $0$memwr$\S$/Users/toprakgundogdu/qwen-ffn-rom/rtl/gated_delta_step.v:115$38_EN[15:0]$100 [0] }
    Consolidated identical input bits for $mux cell $procmux$704:
      Old ports: A=0, B=$2$memwr$\delta$/Users/toprakgundogdu/qwen-ffn-rom/rtl/gated_delta_step.v:147$40_EN[31:0]$165, Y=$0$memwr$\delta$/Users/toprakgundogdu/qwen-ffn-rom/rtl/gated_delta_step.v:147$40_EN[31:0]$106
      New ports: A=1'0, B=$procmux$509_Y [0], Y=$0$memwr$\delta$/Users/toprakgundogdu/qwen-ffn-rom/rtl/gated_delta_step.v:147$40_EN[31:0]$106 [0]
      New connections: $0$memwr$\delta$/Users/toprakgundogdu/qwen-ffn-rom/rtl/gated_delta_step.v:147$40_EN[31:0]$106 [31:1] = { $0$memwr$\delta$/Users/toprakgundogdu/qwen-ffn-rom/rtl/gated_delta_step.v:147$40_EN[31:0]$106 [0] $0$memwr$\delta$/Users/toprakgundogdu/qwen-ffn-rom/rtl/gated_delta_step.v:147$40_EN[31:0]$106 [0] $0$memwr$\delta$/Users/toprakgundogdu/qwen-ffn-rom/rtl/gated_delta_step.v:147$40_EN[31:0]$106 [0] $0$memwr$\delta$/Users/toprakgundogdu/qwen-ffn-rom/rtl/gated_delta_step.v:147$40_EN[31:0]$106 [0] $0$memwr$\delta$/Users/toprakgundogdu/qwen-ffn-rom/rtl/gated_delta_step.v:147$40_EN[31:0]$106 [0] $0$memwr$\delta$/Users/toprakgundogdu/qwen-ffn-rom/rtl/gated_delta_step.v:147$40_EN[31:0]$106 [0] $0$memwr$\delta$/Users/toprakgundogdu/qwen-ffn-rom/rtl/gated_delta_step.v:147$40_EN[31:0]$106 [0] $0$memwr$\delta$/Users/toprakgundogdu/qwen-ffn-rom/rtl/gated_delta_step.v:147$40_EN[31:0]$106 [0] $0$memwr$\delta$/Users/toprakgundogdu/qwen-ffn-rom/rtl/gated_delta_step.v:147$40_EN[31:0]$106 [0] $0$memwr$\delta$/Users/toprakgundogdu/qwen-ffn-rom/rtl/gated_delta_step.v:147$40_EN[31:0]$106 [0] $0$memwr$\delta$/Users/toprakgundogdu/qwen-ffn-rom/rtl/gated_delta_step.v:147$40_EN[31:0]$106 [0] $0$memwr$\delta$/Users/toprakgundogdu/qwen-ffn-rom/rtl/gated_delta_step.v:147$40_EN[31:0]$106 [0] $0$memwr$\delta$/Users/toprakgundogdu/qwen-ffn-rom/rtl/gated_delta_step.v:147$40_EN[31:0]$106 [0] $0$memwr$\delta$/Users/toprakgundogdu/qwen-ffn-rom/rtl/gated_delta_step.v:147$40_EN[31:0]$106 [0] $0$memwr$\delta$/Users/toprakgundogdu/qwen-ffn-rom/rtl/gated_delta_step.v:147$40_EN[31:0]$106 [0] $0$memwr$\delta$/Users/toprakgundogdu/qwen-ffn-rom/rtl/gated_delta_step.v:147$40_EN[31:0]$106 [0] $0$memwr$\delta$/Users/toprakgundogdu/qwen-ffn-rom/rtl/gated_delta_step.v:147$40_EN[31:0]$106 [0] $0$memwr$\delta$/Users/toprakgundogdu/qwen-ffn-rom/rtl/gated_delta_step.v:147$40_EN[31:0]$106 [0] $0$memwr$\delta$/Users/toprakgundogdu/qwen-ffn-rom/rtl/gated_delta_step.v:147$40_EN[31:0]$106 [0] $0$memwr$\delta$/Users/toprakgundogdu/qwen-ffn-rom/rtl/gated_delta_step.v:147$40_EN[31:0]$106 [0] $0$memwr$\delta$/Users/toprakgundogdu/qwen-ffn-rom/rtl/gated_delta_step.v:147$40_EN[31:0]$106 [0] $0$memwr$\delta$/Users/toprakgundogdu/qwen-ffn-rom/rtl/gated_delta_step.v:147$40_EN[31:0]$106 [0] $0$memwr$\delta$/Users/toprakgundogdu/qwen-ffn-rom/rtl/gated_delta_step.v:147$40_EN[31:0]$106 [0] $0$memwr$\delta$/Users/toprakgundogdu/qwen-ffn-rom/rtl/gated_delta_step.v:147$40_EN[31:0]$106 [0] $0$memwr$\delta$/Users/toprakgundogdu/qwen-ffn-rom/rtl/gated_delta_step.v:147$40_EN[31:0]$106 [0] $0$memwr$\delta$/Users/toprakgundogdu/qwen-ffn-rom/rtl/gated_delta_step.v:147$40_EN[31:0]$106 [0] $0$memwr$\delta$/Users/toprakgundogdu/qwen-ffn-rom/rtl/gated_delta_step.v:147$40_EN[31:0]$106 [0] $0$memwr$\delta$/Users/toprakgundogdu/qwen-ffn-rom/rtl/gated_delta_step.v:147$40_EN[31:0]$106 [0] $0$memwr$\delta$/Users/toprakgundogdu/qwen-ffn-rom/rtl/gated_delta_step.v:147$40_EN[31:0]$106 [0] $0$memwr$\delta$/Users/toprakgundogdu/qwen-ffn-rom/rtl/gated_delta_step.v:147$40_EN[31:0]$106 [0] $0$memwr$\delta$/Users/toprakgundogdu/qwen-ffn-rom/rtl/gated_delta_step.v:147$40_EN[31:0]$106 [0] }
    Consolidated identical input bits for $mux cell $procmux$695:
      Old ports: A=16'0000000000000000, B=$2$memwr$\S$/Users/toprakgundogdu/qwen-ffn-rom/rtl/gated_delta_step.v:157$41_EN[15:0]$168, Y=$0$memwr$\S$/Users/toprakgundogdu/qwen-ffn-rom/rtl/gated_delta_step.v:157$41_EN[15:0]$109
      New ports: A=1'0, B=$procmux$484_Y [0], Y=$0$memwr$\S$/Users/toprakgundogdu/qwen-ffn-rom/rtl/gated_delta_step.v:157$41_EN[15:0]$109 [0]
      New connections: $0$memwr$\S$/Users/toprakgundogdu/qwen-ffn-rom/rtl/gated_delta_step.v:157$41_EN[15:0]$109 [15:1] = { $0$memwr$\S$/Users/toprakgundogdu/qwen-ffn-rom/rtl/gated_delta_step.v:157$41_EN[15:0]$109 [0] $0$memwr$\S$/Users/toprakgundogdu/qwen-ffn-rom/rtl/gated_delta_step.v:157$41_EN[15:0]$109 [0] $0$memwr$\S$/Users/toprakgundogdu/qwen-ffn-rom/rtl/gated_delta_step.v:157$41_EN[15:0]$109 [0] $0$memwr$\S$/Users/toprakgundogdu/qwen-ffn-rom/rtl/gated_delta_step.v:157$41_EN[15:0]$109 [0] $0$memwr$\S$/Users/toprakgundogdu/qwen-ffn-rom/rtl/gated_delta_step.v:157$41_EN[15:0]$109 [0] $0$memwr$\S$/Users/toprakgundogdu/qwen-ffn-rom/rtl/gated_delta_step.v:157$41_EN[15:0]$109 [0] $0$memwr$\S$/Users/toprakgundogdu/qwen-ffn-rom/rtl/gated_delta_step.v:157$41_EN[15:0]$109 [0] $0$memwr$\S$/Users/toprakgundogdu/qwen-ffn-rom/rtl/gated_delta_step.v:157$41_EN[15:0]$109 [0] $0$memwr$\S$/Users/toprakgundogdu/qwen-ffn-rom/rtl/gated_delta_step.v:157$41_EN[15:0]$109 [0] $0$memwr$\S$/Users/toprakgundogdu/qwen-ffn-rom/rtl/gated_delta_step.v:157$41_EN[15:0]$109 [0] $0$memwr$\S$/Users/toprakgundogdu/qwen-ffn-rom/rtl/gated_delta_step.v:157$41_EN[15:0]$109 [0] $0$memwr$\S$/Users/toprakgundogdu/qwen-ffn-rom/rtl/gated_delta_step.v:157$41_EN[15:0]$109 [0] $0$memwr$\S$/Users/toprakgundogdu/qwen-ffn-rom/rtl/gated_delta_step.v:157$41_EN[15:0]$109 [0] $0$memwr$\S$/Users/toprakgundogdu/qwen-ffn-rom/rtl/gated_delta_step.v:157$41_EN[15:0]$109 [0] $0$memwr$\S$/Users/toprakgundogdu/qwen-ffn-rom/rtl/gated_delta_step.v:157$41_EN[15:0]$109 [0] }
    Consolidated identical input bits for $mux cell $procmux$400:
      Old ports: A=$4$memwr$\kv$/Users/toprakgundogdu/qwen-ffn-rom/rtl/gated_delta_step.v:133$39_EN[31:0]$186, B=0, Y=$procmux$400_Y
      New ports: A=$procmux$352_Y [0], B=1'0, Y=$procmux$400_Y [0]
      New connections: $procmux$400_Y [31:1] = { $procmux$400_Y [0] $procmux$400_Y [0] $procmux$400_Y [0] $procmux$400_Y [0] $procmux$400_Y [0] $procmux$400_Y [0] $procmux$400_Y [0] $procmux$400_Y [0] $procmux$400_Y [0] $procmux$400_Y [0] $procmux$400_Y [0] $procmux$400_Y [0] $procmux$400_Y [0] $procmux$400_Y [0] $procmux$400_Y [0] $procmux$400_Y [0] $procmux$400_Y [0] $procmux$400_Y [0] $procmux$400_Y [0] $procmux$400_Y [0] $procmux$400_Y [0] $procmux$400_Y [0] $procmux$400_Y [0] $procmux$400_Y [0] $procmux$400_Y [0] $procmux$400_Y [0] $procmux$400_Y [0] $procmux$400_Y [0] $procmux$400_Y [0] $procmux$400_Y [0] $procmux$400_Y [0] }
    Consolidated identical input bits for $mux cell $procmux$319:
      Old ports: A=$4$memwr$\o_r$/Users/toprakgundogdu/qwen-ffn-rom/rtl/gated_delta_step.v:175$42_EN[23:0]$209, B=24'000000000000000000000000, Y=$procmux$319_Y
      New ports: A=$procmux$280_Y [0], B=1'0, Y=$procmux$319_Y [0]
      New connections: $procmux$319_Y [23:1] = { $procmux$319_Y [0] $procmux$319_Y [0] $procmux$319_Y [0] $procmux$319_Y [0] $procmux$319_Y [0] $procmux$319_Y [0] $procmux$319_Y [0] $procmux$319_Y [0] $procmux$319_Y [0] $procmux$319_Y [0] $procmux$319_Y [0] $procmux$319_Y [0] $procmux$319_Y [0] $procmux$319_Y [0] $procmux$319_Y [0] $procmux$319_Y [0] $procmux$319_Y [0] $procmux$319_Y [0] $procmux$319_Y [0] $procmux$319_Y [0] $procmux$319_Y [0] $procmux$319_Y [0] $procmux$319_Y [0] }
  Optimizing cells in module \gated_delta_step.
    Consolidated identical input bits for $mux cell $procmux$537:
      Old ports: A=0, B=$3$memwr$\kv$/Users/toprakgundogdu/qwen-ffn-rom/rtl/gated_delta_step.v:133$39_EN[31:0]$182, Y=$procmux$537_Y
      New ports: A=1'0, B=$procmux$400_Y [0], Y=$procmux$537_Y [0]
      New connections: $procmux$537_Y [31:1] = { $procmux$537_Y [0] $procmux$537_Y [0] $procmux$537_Y [0] $procmux$537_Y [0] $procmux$537_Y [0] $procmux$537_Y [0] $procmux$537_Y [0] $procmux$537_Y [0] $procmux$537_Y [0] $procmux$537_Y [0] $procmux$537_Y [0] $procmux$537_Y [0] $procmux$537_Y [0] $procmux$537_Y [0] $procmux$537_Y [0] $procmux$537_Y [0] $procmux$537_Y [0] $procmux$537_Y [0] $procmux$537_Y [0] $procmux$537_Y [0] $procmux$537_Y [0] $procmux$537_Y [0] $procmux$537_Y [0] $procmux$537_Y [0] $procmux$537_Y [0] $procmux$537_Y [0] $procmux$537_Y [0] $procmux$537_Y [0] $procmux$537_Y [0] $procmux$537_Y [0] $procmux$537_Y [0] }
    Consolidated identical input bits for $mux cell $procmux$462:
      Old ports: A=24'000000000000000000000000, B=$3$memwr$\o_r$/Users/toprakgundogdu/qwen-ffn-rom/rtl/gated_delta_step.v:175$42_EN[23:0]$205, Y=$procmux$462_Y
      New ports: A=1'0, B=$procmux$319_Y [0], Y=$procmux$462_Y [0]
      New connections: $procmux$462_Y [23:1] = { $procmux$462_Y [0] $procmux$462_Y [0] $procmux$462_Y [0] $procmux$462_Y [0] $procmux$462_Y [0] $procmux$462_Y [0] $procmux$462_Y [0] $procmux$462_Y [0] $procmux$462_Y [0] $procmux$462_Y [0] $procmux$462_Y [0] $procmux$462_Y [0] $procmux$462_Y [0] $procmux$462_Y [0] $procmux$462_Y [0] $procmux$462_Y [0] $procmux$462_Y [0] $procmux$462_Y [0] $procmux$462_Y [0] $procmux$462_Y [0] $procmux$462_Y [0] $procmux$462_Y [0] $procmux$462_Y [0] }
  Optimizing cells in module \gated_delta_step.
    Consolidated identical input bits for $mux cell $procmux$713:
      Old ports: A=0, B=$2$memwr$\kv$/Users/toprakgundogdu/qwen-ffn-rom/rtl/gated_delta_step.v:133$39_EN[31:0]$162, Y=$0$memwr$\kv$/Users/toprakgundogdu/qwen-ffn-rom/rtl/gated_delta_step.v:133$39_EN[31:0]$103
      New ports: A=1'0, B=$procmux$537_Y [0], Y=$0$memwr$\kv$/Users/toprakgundogdu/qwen-ffn-rom/rtl/gated_delta_step.v:133$39_EN[31:0]$103 [0]
      New connections: $0$memwr$\kv$/Users/toprakgundogdu/qwen-ffn-rom/rtl/gated_delta_step.v:133$39_EN[31:0]$103 [31:1] = { $0$memwr$\kv$/Users/toprakgundogdu/qwen-ffn-rom/rtl/gated_delta_step.v:133$39_EN[31:0]$103 [0] $0$memwr$\kv$/Users/toprakgundogdu/qwen-ffn-rom/rtl/gated_delta_step.v:133$39_EN[31:0]$103 [0] $0$memwr$\kv$/Users/toprakgundogdu/qwen-ffn-rom/rtl/gated_delta_step.v:133$39_EN[31:0]$103 [0] $0$memwr$\kv$/Users/toprakgundogdu/qwen-ffn-rom/rtl/gated_delta_step.v:133$39_EN[31:0]$103 [0] $0$memwr$\kv$/Users/toprakgundogdu/qwen-ffn-rom/rtl/gated_delta_step.v:133$39_EN[31:0]$103 [0] $0$memwr$\kv$/Users/toprakgundogdu/qwen-ffn-rom/rtl/gated_delta_step.v:133$39_EN[31:0]$103 [0] $0$memwr$\kv$/Users/toprakgundogdu/qwen-ffn-rom/rtl/gated_delta_step.v:133$39_EN[31:0]$103 [0] $0$memwr$\kv$/Users/toprakgundogdu/qwen-ffn-rom/rtl/gated_delta_step.v:133$39_EN[31:0]$103 [0] $0$memwr$\kv$/Users/toprakgundogdu/qwen-ffn-rom/rtl/gated_delta_step.v:133$39_EN[31:0]$103 [0] $0$memwr$\kv$/Users/toprakgundogdu/qwen-ffn-rom/rtl/gated_delta_step.v:133$39_EN[31:0]$103 [0] $0$memwr$\kv$/Users/toprakgundogdu/qwen-ffn-rom/rtl/gated_delta_step.v:133$39_EN[31:0]$103 [0] $0$memwr$\kv$/Users/toprakgundogdu/qwen-ffn-rom/rtl/gated_delta_step.v:133$39_EN[31:0]$103 [0] $0$memwr$\kv$/Users/toprakgundogdu/qwen-ffn-rom/rtl/gated_delta_step.v:133$39_EN[31:0]$103 [0] $0$memwr$\kv$/Users/toprakgundogdu/qwen-ffn-rom/rtl/gated_delta_step.v:133$39_EN[31:0]$103 [0] $0$memwr$\kv$/Users/toprakgundogdu/qwen-ffn-rom/rtl/gated_delta_step.v:133$39_EN[31:0]$103 [0] $0$memwr$\kv$/Users/toprakgundogdu/qwen-ffn-rom/rtl/gated_delta_step.v:133$39_EN[31:0]$103 [0] $0$memwr$\kv$/Users/toprakgundogdu/qwen-ffn-rom/rtl/gated_delta_step.v:133$39_EN[31:0]$103 [0] $0$memwr$\kv$/Users/toprakgundogdu/qwen-ffn-rom/rtl/gated_delta_step.v:133$39_EN[31:0]$103 [0] $0$memwr$\kv$/Users/toprakgundogdu/qwen-ffn-rom/rtl/gated_delta_step.v:133$39_EN[31:0]$103 [0] $0$memwr$\kv$/Users/toprakgundogdu/qwen-ffn-rom/rtl/gated_delta_step.v:133$39_EN[31:0]$103 [0] $0$memwr$\kv$/Users/toprakgundogdu/qwen-ffn-rom/rtl/gated_delta_step.v:133$39_EN[31:0]$103 [0] $0$memwr$\kv$/Users/toprakgundogdu/qwen-ffn-rom/rtl/gated_delta_step.v:133$39_EN[31:0]$103 [0] $0$memwr$\kv$/Users/toprakgundogdu/qwen-ffn-rom/rtl/gated_delta_step.v:133$39_EN[31:0]$103 [0] $0$memwr$\kv$/Users/toprakgundogdu/qwen-ffn-rom/rtl/gated_delta_step.v:133$39_EN[31:0]$103 [0] $0$memwr$\kv$/Users/toprakgundogdu/qwen-ffn-rom/rtl/gated_delta_step.v:133$39_EN[31:0]$103 [0] $0$memwr$\kv$/Users/toprakgundogdu/qwen-ffn-rom/rtl/gated_delta_step.v:133$39_EN[31:0]$103 [0] $0$memwr$\kv$/Users/toprakgundogdu/qwen-ffn-rom/rtl/gated_delta_step.v:133$39_EN[31:0]$103 [0] $0$memwr$\kv$/Users/toprakgundogdu/qwen-ffn-rom/rtl/gated_delta_step.v:133$39_EN[31:0]$103 [0] $0$memwr$\kv$/Users/toprakgundogdu/qwen-ffn-rom/rtl/gated_delta_step.v:133$39_EN[31:0]$103 [0] $0$memwr$\kv$/Users/toprakgundogdu/qwen-ffn-rom/rtl/gated_delta_step.v:133$39_EN[31:0]$103 [0] $0$memwr$\kv$/Users/toprakgundogdu/qwen-ffn-rom/rtl/gated_delta_step.v:133$39_EN[31:0]$103 [0] }
    Consolidated identical input bits for $mux cell $procmux$686:
      Old ports: A=24'000000000000000000000000, B=$2$memwr$\o_r$/Users/toprakgundogdu/qwen-ffn-rom/rtl/gated_delta_step.v:175$42_EN[23:0]$171, Y=$0$memwr$\o_r$/Users/toprakgundogdu/qwen-ffn-rom/rtl/gated_delta_step.v:175$42_EN[23:0]$112
      New ports: A=1'0, B=$procmux$462_Y [0], Y=$0$memwr$\o_r$/Users/toprakgundogdu/qwen-ffn-rom/rtl/gated_delta_step.v:175$42_EN[23:0]$112 [0]
      New connections: $0$memwr$\o_r$/Users/toprakgundogdu/qwen-ffn-rom/rtl/gated_delta_step.v:175$42_EN[23:0]$112 [23:1] = { $0$memwr$\o_r$/Users/toprakgundogdu/qwen-ffn-rom/rtl/gated_delta_step.v:175$42_EN[23:0]$112 [0] $0$memwr$\o_r$/Users/toprakgundogdu/qwen-ffn-rom/rtl/gated_delta_step.v:175$42_EN[23:0]$112 [0] $0$memwr$\o_r$/Users/toprakgundogdu/qwen-ffn-rom/rtl/gated_delta_step.v:175$42_EN[23:0]$112 [0] $0$memwr$\o_r$/Users/toprakgundogdu/qwen-ffn-rom/rtl/gated_delta_step.v:175$42_EN[23:0]$112 [0] $0$memwr$\o_r$/Users/toprakgundogdu/qwen-ffn-rom/rtl/gated_delta_step.v:175$42_EN[23:0]$112 [0] $0$memwr$\o_r$/Users/toprakgundogdu/qwen-ffn-rom/rtl/gated_delta_step.v:175$42_EN[23:0]$112 [0] $0$memwr$\o_r$/Users/toprakgundogdu/qwen-ffn-rom/rtl/gated_delta_step.v:175$42_EN[23:0]$112 [0] $0$memwr$\o_r$/Users/toprakgundogdu/qwen-ffn-rom/rtl/gated_delta_step.v:175$42_EN[23:0]$112 [0] $0$memwr$\o_r$/Users/toprakgundogdu/qwen-ffn-rom/rtl/gated_delta_step.v:175$42_EN[23:0]$112 [0] $0$memwr$\o_r$/Users/toprakgundogdu/qwen-ffn-rom/rtl/gated_delta_step.v:175$42_EN[23:0]$112 [0] $0$memwr$\o_r$/Users/toprakgundogdu/qwen-ffn-rom/rtl/gated_delta_step.v:175$42_EN[23:0]$112 [0] $0$memwr$\o_r$/Users/toprakgundogdu/qwen-ffn-rom/rtl/gated_delta_step.v:175$42_EN[23:0]$112 [0] $0$memwr$\o_r$/Users/toprakgundogdu/qwen-ffn-rom/rtl/gated_delta_step.v:175$42_EN[23:0]$112 [0] $0$memwr$\o_r$/Users/toprakgundogdu/qwen-ffn-rom/rtl/gated_delta_step.v:175$42_EN[23:0]$112 [0] $0$memwr$\o_r$/Users/toprakgundogdu/qwen-ffn-rom/rtl/gated_delta_step.v:175$42_EN[23:0]$112 [0] $0$memwr$\o_r$/Users/toprakgundogdu/qwen-ffn-rom/rtl/gated_delta_step.v:175$42_EN[23:0]$112 [0] $0$memwr$\o_r$/Users/toprakgundogdu/qwen-ffn-rom/rtl/gated_delta_step.v:175$42_EN[23:0]$112 [0] $0$memwr$\o_r$/Users/toprakgundogdu/qwen-ffn-rom/rtl/gated_delta_step.v:175$42_EN[23:0]$112 [0] $0$memwr$\o_r$/Users/toprakgundogdu/qwen-ffn-rom/rtl/gated_delta_step.v:175$42_EN[23:0]$112 [0] $0$memwr$\o_r$/Users/toprakgundogdu/qwen-ffn-rom/rtl/gated_delta_step.v:175$42_EN[23:0]$112 [0] $0$memwr$\o_r$/Users/toprakgundogdu/qwen-ffn-rom/rtl/gated_delta_step.v:175$42_EN[23:0]$112 [0] $0$memwr$\o_r$/Users/toprakgundogdu/qwen-ffn-rom/rtl/gated_delta_step.v:175$42_EN[23:0]$112 [0] $0$memwr$\o_r$/Users/toprakgundogdu/qwen-ffn-rom/rtl/gated_delta_step.v:175$42_EN[23:0]$112 [0] }
  Optimizing cells in module \gated_delta_step.
Performed a total of 42 changes.

7.6.5. Executing OPT_MERGE pass (detect identical cells).
Finding identical cells in module `\gated_delta_step'.
Computing hashes of 260 cells of `\gated_delta_step'.
Finding duplicate cells in `\gated_delta_step'.
Computing hashes of 221 cells of `\gated_delta_step'.
Finding duplicate cells in `\gated_delta_step'.
Computing hashes of 215 cells of `\gated_delta_step'.
Finding duplicate cells in `\gated_delta_step'.
Computing hashes of 214 cells of `\gated_delta_step'.
Finding duplicate cells in `\gated_delta_step'.
<suppressed ~138 debug messages>
Removed a total of 46 cells.

7.6.6. Executing OPT_DFF pass (perform DFF optimizations).

7.6.7. Executing OPT_CLEAN pass (remove unused cells and wires).
Finding unused cells or wires in module \gated_delta_step..
Removed 0 unused cells and 191 unused wires.
<suppressed ~1 debug messages>

7.6.8. Executing OPT_EXPR pass (perform const folding).
Optimizing module gated_delta_step.

7.6.9. Rerunning OPT passes. (Maybe there is more to do..)

7.6.10. Executing OPT_MUXTREE pass (detect dead branches in mux trees).
Running muxtree optimizer on module \gated_delta_step..
  Creating internal representation of mux trees.
  Evaluating internal representation of mux trees.
  Analyzing evaluation results.
Removed 0 multiplexer ports.
<suppressed ~204 debug messages>

7.6.11. Executing OPT_REDUCE pass (consolidate $*mux and $reduce_* inputs).
  Optimizing cells in module \gated_delta_step.
    New ctrl vector for $pmux cell $procmux$924: { $procmux$1004_CMP $auto$opt_reduce.cc:137:opt_pmux$1217 $procmux$1025_CMP }
    New ctrl vector for $pmux cell $procmux$1084: { $auto$opt_reduce.cc:137:opt_pmux$1221 $auto$opt_reduce.cc:137:opt_pmux$1219 $procmux$1015_CMP $procmux$1036_CMP }
    New ctrl vector for $pmux cell $procmux$961: { $auto$opt_reduce.cc:137:opt_pmux$1225 $auto$opt_reduce.cc:137:opt_pmux$1223 $procmux$1036_CMP }
  Optimizing cells in module \gated_delta_step.
Performed a total of 3 changes.

7.6.12. Executing OPT_MERGE pass (detect identical cells).
Finding identical cells in module `\gated_delta_step'.
Computing hashes of 219 cells of `\gated_delta_step'.
Finding duplicate cells in `\gated_delta_step'.
Computing hashes of 217 cells of `\gated_delta_step'.
Finding duplicate cells in `\gated_delta_step'.
<suppressed ~6 debug messages>
Removed a total of 2 cells.

7.6.13. Executing OPT_DFF pass (perform DFF optimizations).

7.6.14. Executing OPT_CLEAN pass (remove unused cells and wires).
Finding unused cells or wires in module \gated_delta_step..
Removed 0 unused cells and 2 unused wires.
<suppressed ~1 debug messages>

7.6.15. Executing OPT_EXPR pass (perform const folding).
Optimizing module gated_delta_step.

7.6.16. Rerunning OPT passes. (Maybe there is more to do..)

7.6.17. Executing OPT_MUXTREE pass (detect dead branches in mux trees).
Running muxtree optimizer on module \gated_delta_step..
  Creating internal representation of mux trees.
  Evaluating internal representation of mux trees.
  Analyzing evaluation results.
Removed 0 multiplexer ports.
<suppressed ~180 debug messages>

7.6.18. Executing OPT_REDUCE pass (consolidate $*mux and $reduce_* inputs).
  Optimizing cells in module \gated_delta_step.
Performed a total of 0 changes.

7.6.19. Executing OPT_MERGE pass (detect identical cells).
Finding identical cells in module `\gated_delta_step'.
Computing hashes of 217 cells of `\gated_delta_step'.
Finding duplicate cells in `\gated_delta_step'.
Removed a total of 0 cells.

7.6.20. Executing OPT_DFF pass (perform DFF optimizations).

7.6.21. Executing OPT_CLEAN pass (remove unused cells and wires).
Finding unused cells or wires in module \gated_delta_step..

7.6.22. Executing OPT_EXPR pass (perform const folding).
Optimizing module gated_delta_step.

7.6.23. Finished fast OPT passes. (There is nothing left to do.)

7.7. Executing FSM pass (extract and optimize FSM).

7.7.1. Executing FSM_DETECT pass (finding FSMs in design).
Found FSM state register gated_delta_step.st.

7.7.2. Executing FSM_EXTRACT pass (extracting FSM from design).
Extracting FSM `\st' from module `\gated_delta_step'.
  found $dff cell for state register: $procdff$1123
  root of input selection tree: $0\st[2:0]
  found reset state: 3'000 (guessed from mux tree)
  found ctrl input: \rst_n
  found state code: 3'000
  found ctrl input: $procmux$1004_CMP
  found ctrl input: $procmux$1011_CMP
  found ctrl input: $procmux$1015_CMP
  found ctrl input: $procmux$1025_CMP
  found ctrl input: $procmux$1032_CMP
  found ctrl input: $procmux$1036_CMP
  found ctrl input: $eq$/Users/toprakgundogdu/qwen-ffn-rom/rtl/gated_delta_step.v:129$179_Y
  found ctrl input: $eq$/Users/toprakgundogdu/qwen-ffn-rom/rtl/gated_delta_step.v:118$176_Y
  found ctrl input: $eq$/Users/toprakgundogdu/qwen-ffn-rom/rtl/gated_delta_step.v:116$175_Y
  found state code: 3'110
  found state code: 3'101
  found state code: 3'100
  found state code: 3'011
  found state code: 3'010
  found ctrl input: \en
  found state code: 3'001
  found ctrl output: $procmux$1072_CMP
  found ctrl output: $procmux$1004_CMP
  found ctrl output: $procmux$1011_CMP
  found ctrl output: $procmux$1015_CMP
  found ctrl output: $procmux$1025_CMP
  found ctrl output: $procmux$1032_CMP
  found ctrl output: $procmux$1036_CMP
  ctrl inputs: { $eq$/Users/toprakgundogdu/qwen-ffn-rom/rtl/gated_delta_step.v:129$179_Y $eq$/Users/toprakgundogdu/qwen-ffn-rom/rtl/gated_delta_step.v:118$176_Y $eq$/Users/toprakgundogdu/qwen-ffn-rom/rtl/gated_delta_step.v:116$175_Y \en \rst_n }
  ctrl outputs: { $procmux$1072_CMP $procmux$1036_CMP $procmux$1032_CMP $procmux$1025_CMP $procmux$1015_CMP $procmux$1011_CMP $procmux$1004_CMP $0\st[2:0] }
  transition:      3'000 5'----0 ->      3'000 10'0100000000
  transition:      3'000 5'---01 ->      3'000 10'0100000000
  transition:      3'000 5'---11 ->      3'001 10'0100000001
  transition:      3'100 5'----0 ->      3'000 10'0000010000
  transition:      3'100 5'--0-1 ->      3'100 10'0000010100
  transition:      3'100 5'-01-1 ->      3'100 10'0000010100
  transition:      3'100 5'-11-1 ->      3'101 10'0000010101
  transition:      3'010 5'----0 ->      3'000 10'0001000000
  transition:      3'010 5'00--1 ->      3'010 10'0001000010
  transition:      3'010 5'-10-1 ->      3'010 10'0001000010
  transition:      3'010 5'-11-1 ->      3'011 10'0001000011
  transition:      3'010 5'1---1 ->      3'010 10'0001000010
  transition:      3'110 5'----0 ->      3'000 10'1000000000
  transition:      3'110 5'----1 ->      3'000 10'1000000000
  transition:      3'001 5'----0 ->      3'000 10'0010000000
  transition:      3'001 5'--0-1 ->      3'001 10'0010000001
  transition:      3'001 5'-01-1 ->      3'001 10'0010000001
  transition:      3'001 5'-11-1 ->      3'010 10'0010000010
  transition:      3'101 5'----0 ->      3'000 10'0000001000
  transition:      3'101 5'00--1 ->      3'101 10'0000001101
  transition:      3'101 5'-10-1 ->      3'101 10'0000001101
  transition:      3'101 5'-11-1 ->      3'110 10'0000001110
  transition:      3'101 5'1---1 ->      3'101 10'0000001101
  transition:      3'011 5'----0 ->      3'000 10'0000100000
  transition:      3'011 5'--0-1 ->      3'011 10'0000100011
  transition:      3'011 5'--1-1 ->      3'100 10'0000100100

7.7.3. Executing FSM_OPT pass (simple optimizations of FSMs).
Optimizing FSM `$fsm$\st$1226' from module `\gated_delta_step'.
  Merging pattern 5'----0 and 5'----1 from group (3 0 10'1000000000).
  Merging pattern 5'----1 and 5'----0 from group (3 0 10'1000000000).

7.7.4. Executing OPT_CLEAN pass (remove unused cells and wires).
Finding unused cells or wires in module \gated_delta_step..
Removed 22 unused cells and 22 unused wires.
<suppressed ~23 debug messages>

7.7.5. Executing FSM_OPT pass (simple optimizations of FSMs).
Optimizing FSM `$fsm$\st$1226' from module `\gated_delta_step'.
  Removing unused output signal $0\st[2:0] [0].
  Removing unused output signal $0\st[2:0] [1].
  Removing unused output signal $0\st[2:0] [2].

7.7.6. Executing FSM_RECODE pass (re-assigning FSM state encoding).
Recoding FSM `$fsm$\st$1226' from module `\gated_delta_step' using `auto' encoding:
  mapping auto encoding to `one-hot` for this FSM.
  000 -> ------1
  100 -> -----1-
  010 -> ----1--
  110 -> ---1---
  001 -> --1----
  101 -> -1-----
  011 -> 1------

7.7.7. Executing FSM_INFO pass (dumping all available information on FSM cells).

FSM `$fsm$\st$1226' from module `gated_delta_step':
-------------------------------------

  Information on FSM $fsm$\st$1226 (\st):

  Number of input signals:    5
  Number of output signals:   7
  Number of state bits:       7

  Input signals:
    0: \rst_n
    1: \en
    2: $eq$/Users/toprakgundogdu/qwen-ffn-rom/rtl/gated_delta_step.v:116$175_Y
    3: $eq$/Users/toprakgundogdu/qwen-ffn-rom/rtl/gated_delta_step.v:118$176_Y
    4: $eq$/Users/toprakgundogdu/qwen-ffn-rom/rtl/gated_delta_step.v:129$179_Y

  Output signals:
    0: $procmux$1004_CMP
    1: $procmux$1011_CMP
    2: $procmux$1015_CMP
    3: $procmux$1025_CMP
    4: $procmux$1032_CMP
    5: $procmux$1036_CMP
    6: $procmux$1072_CMP

  State encoding:
    0:  7'------1  <RESET STATE>
    1:  7'-----1-
    2:  7'----1--
    3:  7'---1---
    4:  7'--1----
    5:  7'-1-----
    6:  7'1------

  Transition Table (state_in, ctrl_in, state_out, ctrl_out):
      0:     0 5'----0   ->     0 7'0100000
      1:     0 5'---01   ->     0 7'0100000
      2:     0 5'---11   ->     4 7'0100000
      3:     1 5'----0   ->     0 7'0000010
      4:     1 5'--0-1   ->     1 7'0000010
      5:     1 5'-01-1   ->     1 7'0000010
      6:     1 5'-11-1   ->     5 7'0000010
      7:     2 5'----0   ->     0 7'0001000
      8:     2 5'-10-1   ->     2 7'0001000
      9:     2 5'00--1   ->     2 7'0001000
     10:     2 5'1---1   ->     2 7'0001000
     11:     2 5'-11-1   ->     6 7'0001000
     12:     3 5'-----   ->     0 7'1000000
     13:     4 5'----0   ->     0 7'0010000
     14:     4 5'-11-1   ->     2 7'0010000
     15:     4 5'--0-1   ->     4 7'0010000
     16:     4 5'-01-1   ->     4 7'0010000
     17:     5 5'----0   ->     0 7'0000001
     18:     5 5'-11-1   ->     3 7'0000001
     19:     5 5'-10-1   ->     5 7'0000001
     20:     5 5'00--1   ->     5 7'0000001
     21:     5 5'1---1   ->     5 7'0000001
     22:     6 5'----0   ->     0 7'0000100
     23:     6 5'--1-1   ->     1 7'0000100
     24:     6 5'--0-1   ->     6 7'0000100

-------------------------------------

7.7.8. Executing FSM_MAP pass (mapping FSMs to basic logic).
Mapping FSM `$fsm$\st$1226' from module `\gated_delta_step'.

7.8. Executing OPT pass (performing simple optimizations).

7.8.1. Executing OPT_EXPR pass (perform const folding).
Optimizing module gated_delta_step.
<suppressed ~1 debug messages>

7.8.2. Executing OPT_MERGE pass (detect identical cells).
Finding identical cells in module `\gated_delta_step'.
Computing hashes of 239 cells of `\gated_delta_step'.
Finding duplicate cells in `\gated_delta_step'.
Computing hashes of 230 cells of `\gated_delta_step'.
Finding duplicate cells in `\gated_delta_step'.
<suppressed ~27 debug messages>
Removed a total of 9 cells.

7.8.3. Executing OPT_MUXTREE pass (detect dead branches in mux trees).
Running muxtree optimizer on module \gated_delta_step..
  Creating internal representation of mux trees.
  Evaluating internal representation of mux trees.
  Analyzing evaluation results.
Removed 0 multiplexer ports.
<suppressed ~165 debug messages>

7.8.4. Executing OPT_REDUCE pass (consolidate $*mux and $reduce_* inputs).
  Optimizing cells in module \gated_delta_step.
Performed a total of 0 changes.

7.8.5. Executing OPT_MERGE pass (detect identical cells).
Finding identical cells in module `\gated_delta_step'.
Computing hashes of 230 cells of `\gated_delta_step'.
Finding duplicate cells in `\gated_delta_step'.
Removed a total of 0 cells.

7.8.6. Executing OPT_DFF pass (perform DFF optimizations).
Adding SRST signal on $procdff$1134 ($dff) from module gated_delta_step (D = $procmux$821_Y, Q = \k_r[2], rval = 8'00000000).
Adding EN signal on $auto$ff.cc:337:slice$1319 ($sdff) from module gated_delta_step (D = \k_flat [23:16], Q = \k_r[2]).
Adding SRST signal on $procdff$1135 ($dff) from module gated_delta_step (D = $procmux$806_Y, Q = \k_r[3], rval = 8'00000000).
Adding EN signal on $auto$ff.cc:337:slice$1323 ($sdff) from module gated_delta_step (D = \k_flat [31:24], Q = \k_r[3]).
Adding SRST signal on $procdff$1136 ($dff) from module gated_delta_step (D = $procmux$791_Y, Q = \v_r[0], rval = 8'00000000).
Adding EN signal on $auto$ff.cc:337:slice$1327 ($sdff) from module gated_delta_step (D = \v_flat [7:0], Q = \v_r[0]).
Adding SRST signal on $procdff$1137 ($dff) from module gated_delta_step (D = $procmux$776_Y, Q = \v_r[1], rval = 8'00000000).
Adding EN signal on $auto$ff.cc:337:slice$1331 ($sdff) from module gated_delta_step (D = \v_flat [15:8], Q = \v_r[1]).
Adding SRST signal on $procdff$1122 ($dff) from module gated_delta_step (D = $procmux$1050_Y, Q = \beta_r, rval = 9'000000000).
Adding EN signal on $auto$ff.cc:337:slice$1335 ($sdff) from module gated_delta_step (D = { 1'0 \beta }, Q = \beta_r).
Adding SRST signal on $procdff$1138 ($dff) from module gated_delta_step (D = $procmux$761_Y, Q = \v_r[2], rval = 8'00000000).
Adding EN signal on $auto$ff.cc:337:slice$1339 ($sdff) from module gated_delta_step (D = \v_flat [23:16], Q = \v_r[2]).
Adding SRST signal on $procdff$1139 ($dff) from module gated_delta_step (D = $procmux$746_Y, Q = \v_r[3], rval = 8'00000000).
Adding EN signal on $auto$ff.cc:337:slice$1343 ($sdff) from module gated_delta_step (D = \v_flat [31:24], Q = \v_r[3]).
Adding SRST signal on $procdff$1119 ($dff) from module gated_delta_step (D = $procmux$1071_Y, Q = \o_flat, rval = 96'000000000000000000000000000000000000000000000000000000000000000000000000000000000000000000000000).
Adding EN signal on $auto$ff.cc:337:slice$1347 ($sdff) from module gated_delta_step (D = { $memrd$\o_r$/Users/toprakgundogdu/qwen-ffn-rom/rtl/gated_delta_step.v:189$219_DATA $memrd$\o_r$/Users/toprakgundogdu/qwen-ffn-rom/rtl/gated_delta_step.v:189$218_DATA $memrd$\o_r$/Users/toprakgundogdu/qwen-ffn-rom/rtl/gated_delta_step.v:189$217_DATA $memrd$\o_r$/Users/toprakgundogdu/qwen-ffn-rom/rtl/gated_delta_step.v:189$216_DATA }, Q = \o_flat).
Adding SRST signal on $procdff$1118 ($dff) from module gated_delta_step (D = $procmux$1084_Y, Q = \i, rval = 2'00).
Adding EN signal on $auto$ff.cc:337:slice$1349 ($sdff) from module gated_delta_step (D = $procmux$1084_Y, Q = \i).
Adding SRST signal on $procdff$1124 ($dff) from module gated_delta_step (D = $procmux$961_Y, Q = \j, rval = 2'00).
Adding EN signal on $auto$ff.cc:337:slice$1361 ($sdff) from module gated_delta_step (D = $procmux$961_Y, Q = \j).
Adding SRST signal on $procdff$1120 ($dff) from module gated_delta_step (D = $procmux$731_Y, Q = \done, rval = 1'0).
Adding SRST signal on $procdff$1125 ($dff) from module gated_delta_step (D = $procmux$924_Y, Q = \acc, rval = 0).
Adding EN signal on $auto$ff.cc:337:slice$1374 ($sdff) from module gated_delta_step (D = $procmux$924_Y, Q = \acc).
Adding SRST signal on $procdff$1128 ($dff) from module gated_delta_step (D = $procmux$911_Y, Q = \q_r[0], rval = 8'00000000).
Adding EN signal on $auto$ff.cc:337:slice$1388 ($sdff) from module gated_delta_step (D = \q_flat [7:0], Q = \q_r[0]).
Adding SRST signal on $procdff$1129 ($dff) from module gated_delta_step (D = $procmux$896_Y, Q = \q_r[1], rval = 8'00000000).
Adding EN signal on $auto$ff.cc:337:slice$1392 ($sdff) from module gated_delta_step (D = \q_flat [15:8], Q = \q_r[1]).
Adding SRST signal on $procdff$1130 ($dff) from module gated_delta_step (D = $procmux$881_Y, Q = \q_r[2], rval = 8'00000000).
Adding EN signal on $auto$ff.cc:337:slice$1396 ($sdff) from module gated_delta_step (D = \q_flat [23:16], Q = \q_r[2]).
Adding SRST signal on $procdff$1131 ($dff) from module gated_delta_step (D = $procmux$866_Y, Q = \q_r[3], rval = 8'00000000).
Adding EN signal on $auto$ff.cc:337:slice$1400 ($sdff) from module gated_delta_step (D = \q_flat [31:24], Q = \q_r[3]).
Adding SRST signal on $procdff$1121 ($dff) from module gated_delta_step (D = $procmux$1065_Y, Q = \g_r, rval = 9'000000000).
Adding EN signal on $auto$ff.cc:337:slice$1404 ($sdff) from module gated_delta_step (D = { 1'0 \g }, Q = \g_r).
Adding SRST signal on $procdff$1132 ($dff) from module gated_delta_step (D = $procmux$851_Y, Q = \k_r[0], rval = 8'00000000).
Adding EN signal on $auto$ff.cc:337:slice$1408 ($sdff) from module gated_delta_step (D = \k_flat [7:0], Q = \k_r[0]).
Adding SRST signal on $procdff$1133 ($dff) from module gated_delta_step (D = $procmux$836_Y, Q = \k_r[1], rval = 8'00000000).
Adding EN signal on $auto$ff.cc:337:slice$1412 ($sdff) from module gated_delta_step (D = \k_flat [15:8], Q = \k_r[1]).
Setting constant 0-bit at position 8 on $auto$ff.cc:337:slice$1405 ($sdffe) from module gated_delta_step.
Setting constant 0-bit at position 8 on $auto$ff.cc:337:slice$1336 ($sdffe) from module gated_delta_step.

7.8.7. Executing OPT_CLEAN pass (remove unused cells and wires).
Finding unused cells or wires in module \gated_delta_step..
Removed 48 unused cells and 67 unused wires.
<suppressed ~49 debug messages>

7.8.8. Executing OPT_EXPR pass (perform const folding).
Optimizing module gated_delta_step.
<suppressed ~3 debug messages>

7.8.9. Rerunning OPT passes. (Maybe there is more to do..)

7.8.10. Executing OPT_MUXTREE pass (detect dead branches in mux trees).
Running muxtree optimizer on module \gated_delta_step..
  Creating internal representation of mux trees.
  Evaluating internal representation of mux trees.
  Analyzing evaluation results.
Removed 0 multiplexer ports.
<suppressed ~102 debug messages>

7.8.11. Executing OPT_REDUCE pass (consolidate $*mux and $reduce_* inputs).
  Optimizing cells in module \gated_delta_step.
Performed a total of 0 changes.

7.8.12. Executing OPT_MERGE pass (detect identical cells).
Finding identical cells in module `\gated_delta_step'.
Computing hashes of 212 cells of `\gated_delta_step'.
Finding duplicate cells in `\gated_delta_step'.
Computing hashes of 196 cells of `\gated_delta_step'.
Finding duplicate cells in `\gated_delta_step'.
<suppressed ~48 debug messages>
Removed a total of 16 cells.

7.8.13. Executing OPT_DFF pass (perform DFF optimizations).

7.8.14. Executing OPT_CLEAN pass (remove unused cells and wires).
Finding unused cells or wires in module \gated_delta_step..
Removed 0 unused cells and 16 unused wires.
<suppressed ~1 debug messages>

7.8.15. Executing OPT_EXPR pass (perform const folding).
Optimizing module gated_delta_step.

7.8.16. Rerunning OPT passes. (Maybe there is more to do..)

7.8.17. Executing OPT_MUXTREE pass (detect dead branches in mux trees).
Running muxtree optimizer on module \gated_delta_step..
  Creating internal representation of mux trees.
  Evaluating internal representation of mux trees.
  Analyzing evaluation results.
Removed 0 multiplexer ports.
<suppressed ~104 debug messages>

7.8.18. Executing OPT_REDUCE pass (consolidate $*mux and $reduce_* inputs).
  Optimizing cells in module \gated_delta_step.
Performed a total of 0 changes.

7.8.19. Executing OPT_MERGE pass (detect identical cells).
Finding identical cells in module `\gated_delta_step'.
Computing hashes of 196 cells of `\gated_delta_step'.
Finding duplicate cells in `\gated_delta_step'.
Removed a total of 0 cells.

7.8.20. Executing OPT_DFF pass (perform DFF optimizations).

7.8.21. Executing OPT_CLEAN pass (remove unused cells and wires).
Finding unused cells or wires in module \gated_delta_step..

7.8.22. Executing OPT_EXPR pass (perform const folding).
Optimizing module gated_delta_step.

7.8.23. Finished fast OPT passes. (There is nothing left to do.)

7.9. Executing WREDUCE pass (reducing word size of cells).
Removed top 28 address bits (of 32) from memory init port gated_delta_step.$auto$proc_memwr.cc:45:proc_memwr$1195 (S).
Removed top 28 address bits (of 32) from memory init port gated_delta_step.$auto$proc_memwr.cc:45:proc_memwr$1194 (S).
Removed top 28 address bits (of 32) from memory init port gated_delta_step.$auto$proc_memwr.cc:45:proc_memwr$1196 (S).
Removed top 30 address bits (of 32) from memory init port gated_delta_step.$auto$proc_memwr.cc:45:proc_memwr$1197 (kv).
Removed top 30 address bits (of 32) from memory init port gated_delta_step.$auto$proc_memwr.cc:45:proc_memwr$1198 (delta).
Removed top 30 address bits (of 32) from memory init port gated_delta_step.$auto$proc_memwr.cc:45:proc_memwr$1199 (o_r).
Removed top 28 address bits (of 32) from memory init port gated_delta_step.$auto$proc_memwr.cc:45:proc_memwr$1200 (S).
Removed top 28 address bits (of 32) from memory init port gated_delta_step.$auto$proc_memwr.cc:45:proc_memwr$1201 (S).
Removed top 28 address bits (of 32) from memory init port gated_delta_step.$auto$proc_memwr.cc:45:proc_memwr$1202 (S).
Removed top 30 address bits (of 32) from memory init port gated_delta_step.$auto$proc_memwr.cc:45:proc_memwr$1192 (o_r).
Removed top 28 address bits (of 32) from memory init port gated_delta_step.$auto$proc_memwr.cc:45:proc_memwr$1193 (S).
Removed top 30 address bits (of 32) from memory init port gated_delta_step.$auto$proc_memwr.cc:45:proc_memwr$1183 (kv).
Removed top 30 address bits (of 32) from memory init port gated_delta_step.$auto$proc_memwr.cc:45:proc_memwr$1184 (delta).
Removed top 30 address bits (of 32) from memory init port gated_delta_step.$auto$proc_memwr.cc:45:proc_memwr$1185 (o_r).
Removed top 28 address bits (of 32) from memory init port gated_delta_step.$auto$proc_memwr.cc:45:proc_memwr$1186 (S).
Removed top 28 address bits (of 32) from memory init port gated_delta_step.$auto$proc_memwr.cc:45:proc_memwr$1187 (S).
Removed top 30 address bits (of 32) from memory init port gated_delta_step.$auto$proc_memwr.cc:45:proc_memwr$1204 (kv).
Removed top 28 address bits (of 32) from memory read port gated_delta_step.$memrd$\S$/Users/toprakgundogdu/qwen-ffn-rom/rtl/gated_delta_step.v:64$249 (S).
Removed top 30 address bits (of 32) from memory read port gated_delta_step.$memrd$\o_r$/Users/toprakgundogdu/qwen-ffn-rom/rtl/gated_delta_step.v:189$219 (o_r).
Removed top 30 address bits (of 32) from memory read port gated_delta_step.$memrd$\o_r$/Users/toprakgundogdu/qwen-ffn-rom/rtl/gated_delta_step.v:189$218 (o_r).
Removed top 30 address bits (of 32) from memory read port gated_delta_step.$memrd$\o_r$/Users/toprakgundogdu/qwen-ffn-rom/rtl/gated_delta_step.v:189$217 (o_r).
Removed top 30 address bits (of 32) from memory read port gated_delta_step.$memrd$\o_r$/Users/toprakgundogdu/qwen-ffn-rom/rtl/gated_delta_step.v:189$216 (o_r).
Removed top 28 address bits (of 32) from memory init port gated_delta_step.$auto$proc_memwr.cc:45:proc_memwr$1188 (S).
Removed top 28 address bits (of 32) from memory init port gated_delta_step.$auto$proc_memwr.cc:45:proc_memwr$1211 (S).
Removed top 28 address bits (of 32) from memory init port gated_delta_step.$auto$proc_memwr.cc:45:proc_memwr$1189 (S).
Removed top 30 address bits (of 32) from memory init port gated_delta_step.$auto$proc_memwr.cc:45:proc_memwr$1190 (kv).
Removed top 30 address bits (of 32) from memory init port gated_delta_step.$auto$proc_memwr.cc:45:proc_memwr$1205 (delta).
Removed top 30 address bits (of 32) from memory init port gated_delta_step.$auto$proc_memwr.cc:45:proc_memwr$1191 (delta).
Removed top 28 address bits (of 32) from memory init port gated_delta_step.$auto$proc_memwr.cc:45:proc_memwr$1214 (S).
Removed top 30 address bits (of 32) from memory init port gated_delta_step.$auto$proc_memwr.cc:45:proc_memwr$1206 (o_r).
Removed top 28 address bits (of 32) from memory init port gated_delta_step.$auto$proc_memwr.cc:45:proc_memwr$1203 (S).
Removed top 28 address bits (of 32) from memory init port gated_delta_step.$auto$proc_memwr.cc:45:proc_memwr$1207 (S).
Removed top 28 address bits (of 32) from memory init port gated_delta_step.$auto$proc_memwr.cc:45:proc_memwr$1208 (S).
Removed top 28 address bits (of 32) from memory init port gated_delta_step.$auto$proc_memwr.cc:45:proc_memwr$1209 (S).
Removed top 28 address bits (of 32) from memory init port gated_delta_step.$auto$proc_memwr.cc:45:proc_memwr$1210 (S).
Removed top 1 bits (of 3) from port B of cell gated_delta_step.$auto$opt_dff.cc:320:make_patterns_logic$1385 ($ne).
Removed top 1 bits (of 3) from port B of cell gated_delta_step.$auto$opt_dff.cc:320:make_patterns_logic$1383 ($ne).
Removed top 1 bits (of 2) from port B of cell gated_delta_step.$auto$opt_dff.cc:320:make_patterns_logic$1381 ($ne).
Removed top 1 bits (of 2) from port B of cell gated_delta_step.$auto$opt_dff.cc:320:make_patterns_logic$1366 ($ne).
Removed top 1 bits (of 2) from port B of cell gated_delta_step.$auto$opt_dff.cc:320:make_patterns_logic$1358 ($ne).
Removed top 1 bits (of 2) from port B of cell gated_delta_step.$auto$opt_dff.cc:320:make_patterns_logic$1354 ($ne).
Removed top 1 bits (of 2) from port B of cell gated_delta_step.$auto$fsm_map.cc:77:implement_pattern_cache$1311 ($eq).
Removed top 2 bits (of 3) from port B of cell gated_delta_step.$auto$fsm_map.cc:77:implement_pattern_cache$1302 ($eq).
Removed top 1 bits (of 3) from port B of cell gated_delta_step.$auto$fsm_map.cc:77:implement_pattern_cache$1289 ($eq).
Removed top 1 bits (of 2) from port B of cell gated_delta_step.$auto$fsm_map.cc:77:implement_pattern_cache$1242 ($eq).
Removed top 8 bits (of 32) from port Y of cell gated_delta_step.$mul$/Users/toprakgundogdu/qwen-ffn-rom/rtl/gated_delta_step.v:65$49 ($mul).
Removed top 8 bits (of 32) from port Y of cell gated_delta_step.$mul$/Users/toprakgundogdu/qwen-ffn-rom/rtl/gated_delta_step.v:66$53 ($mul).
Removed top 24 bits (of 32) from port A of cell gated_delta_step.$sub$/Users/toprakgundogdu/qwen-ffn-rom/rtl/gated_delta_step.v:68$55 ($sub).
Converting cell gated_delta_step.$add$/Users/toprakgundogdu/qwen-ffn-rom/rtl/gated_delta_step.v:70$60 ($add) from unsigned to signed.
Removed top 16 bits (of 32) from port A of cell gated_delta_step.$add$/Users/toprakgundogdu/qwen-ffn-rom/rtl/gated_delta_step.v:70$60 ($add).
Removed top 8 bits (of 32) from port B of cell gated_delta_step.$add$/Users/toprakgundogdu/qwen-ffn-rom/rtl/gated_delta_step.v:70$60 ($add).
Removed top 7 bits (of 32) from port Y of cell gated_delta_step.$add$/Users/toprakgundogdu/qwen-ffn-rom/rtl/gated_delta_step.v:70$60 ($add).
Removed top 7 bits (of 32) from port A of cell gated_delta_step.$gt$/Users/toprakgundogdu/qwen-ffn-rom/rtl/gated_delta_step.v:71$61 ($gt).
Removed top 16 bits (of 32) from port B of cell gated_delta_step.$gt$/Users/toprakgundogdu/qwen-ffn-rom/rtl/gated_delta_step.v:71$61 ($gt).
Removed top 7 bits (of 32) from port A of cell gated_delta_step.$lt$/Users/toprakgundogdu/qwen-ffn-rom/rtl/gated_delta_step.v:72$62 ($lt).
Removed top 16 bits (of 32) from port B of cell gated_delta_step.$lt$/Users/toprakgundogdu/qwen-ffn-rom/rtl/gated_delta_step.v:72$62 ($lt).
Removed top 8 bits (of 32) from port Y of cell gated_delta_step.$mul$/Users/toprakgundogdu/qwen-ffn-rom/rtl/gated_delta_step.v:74$68 ($mul).
Removed top 8 bits (of 32) from port B of cell gated_delta_step.$add$/Users/toprakgundogdu/qwen-ffn-rom/rtl/gated_delta_step.v:141$191 ($add).
Removed top 1 bits (of 2) from port B of cell gated_delta_step.$add$/Users/toprakgundogdu/qwen-ffn-rom/rtl/gated_delta_step.v:181$213 ($add).
Removed top 8 bits (of 32) from port B of cell gated_delta_step.$add$/Users/toprakgundogdu/qwen-ffn-rom/rtl/gated_delta_step.v:183$214 ($add).
Removed top 1 bits (of 2) from port B of cell gated_delta_step.$add$/Users/toprakgundogdu/qwen-ffn-rom/rtl/gated_delta_step.v:184$215 ($add).
Removed top 28 bits (of 32) from port A of cell gated_delta_step.$add$/Users/toprakgundogdu/qwen-ffn-rom/rtl/gated_delta_step.v:64$251 ($add).
Removed top 27 bits (of 32) from port Y of cell gated_delta_step.$add$/Users/toprakgundogdu/qwen-ffn-rom/rtl/gated_delta_step.v:64$251 ($add).
Removed top 1 bits (of 2) from port B of cell gated_delta_step.$procmux$270_CMP0 ($eq).
Removed top 1 bits (of 2) from port B of cell gated_delta_step.$procmux$275_CMP0 ($eq).
Removed top 28 bits (of 32) from mux cell gated_delta_step.$procmux$701 ($mux).
Removed top 28 bits (of 32) from mux cell gated_delta_step.$procmux$728 ($mux).
Removed top 28 bits (of 32) from mux cell gated_delta_step.$procmux$500 ($mux).
Removed top 28 bits (of 32) from mux cell gated_delta_step.$procmux$590 ($mux).
Removed top 1 bits (of 5) from port Y of cell gated_delta_step.$add$/Users/toprakgundogdu/qwen-ffn-rom/rtl/gated_delta_step.v:64$251 ($add).
Removed top 28 bits (of 32) from wire gated_delta_step.$2$memwr$\S$/Users/toprakgundogdu/qwen-ffn-rom/rtl/gated_delta_step.v:157$41_ADDR[31:0]$166.
Removed top 28 bits (of 32) from wire gated_delta_step.$2$memwr$\S$/Users/toprakgundogdu/qwen-ffn-rom/rtl/gated_delta_step.v:115$38_ADDR[31:0]$157.
Removed top 28 bits (of 32) from wire gated_delta_step.$0$memwr$\S$/Users/toprakgundogdu/qwen-ffn-rom/rtl/gated_delta_step.v:115$38_ADDR[31:0]$98.
Removed top 28 bits (of 32) from wire gated_delta_step.$add$/Users/toprakgundogdu/qwen-ffn-rom/rtl/gated_delta_step.v:115$173_Y.
Removed top 28 bits (of 32) from wire gated_delta_step.$0$memwr$\S$/Users/toprakgundogdu/qwen-ffn-rom/rtl/gated_delta_step.v:157$41_ADDR[31:0]$107.
Removed top 8 bits (of 32) from wire gated_delta_step.decay_p.
Removed top 1 bits (of 9) from wire gated_delta_step.beta_r.
Removed top 1 bits (of 9) from wire gated_delta_step.g_r.

7.10. Executing PEEPOPT pass (run peephole optimizers).

7.11. Executing OPT_CLEAN pass (remove unused cells and wires).
Finding unused cells or wires in module \gated_delta_step..
Removed 0 unused cells and 8 unused wires.
<suppressed ~1 debug messages>

7.12. Executing ALUMACC pass (create $alu and $macc cells).
Extracting $alu and $macc cells in module gated_delta_step:
  creating $macc model for $add$/Users/toprakgundogdu/qwen-ffn-rom/rtl/gated_delta_step.v:64$251 ($add).
  creating $macc model for $add$/Users/toprakgundogdu/qwen-ffn-rom/rtl/gated_delta_step.v:184$215 ($add).
  creating $macc model for $add$/Users/toprakgundogdu/qwen-ffn-rom/rtl/gated_delta_step.v:183$214 ($add).
  creating $macc model for $add$/Users/toprakgundogdu/qwen-ffn-rom/rtl/gated_delta_step.v:181$213 ($add).
  creating $macc model for $add$/Users/toprakgundogdu/qwen-ffn-rom/rtl/gated_delta_step.v:141$191 ($add).
  creating $macc model for $mul$/Users/toprakgundogdu/qwen-ffn-rom/rtl/gated_delta_step.v:74$68 ($mul).
  creating $macc model for $add$/Users/toprakgundogdu/qwen-ffn-rom/rtl/gated_delta_step.v:70$60 ($add).
  creating $macc model for $mul$/Users/toprakgundogdu/qwen-ffn-rom/rtl/gated_delta_step.v:69$58 ($mul).
  creating $macc model for $mul$/Users/toprakgundogdu/qwen-ffn-rom/rtl/gated_delta_step.v:68$56 ($mul).
  creating $macc model for $sub$/Users/toprakgundogdu/qwen-ffn-rom/rtl/gated_delta_step.v:68$55 ($sub).
  creating $macc model for $mul$/Users/toprakgundogdu/qwen-ffn-rom/rtl/gated_delta_step.v:66$53 ($mul).
  creating $macc model for $mul$/Users/toprakgundogdu/qwen-ffn-rom/rtl/gated_delta_step.v:65$49 ($mul).
  creating $alu model for $macc $sub$/Users/toprakgundogdu/qwen-ffn-rom/rtl/gated_delta_step.v:68$55.
  creating $alu model for $macc $add$/Users/toprakgundogdu/qwen-ffn-rom/rtl/gated_delta_step.v:70$60.
  creating $alu model for $macc $add$/Users/toprakgundogdu/qwen-ffn-rom/rtl/gated_delta_step.v:141$191.
  creating $alu model for $macc $add$/Users/toprakgundogdu/qwen-ffn-rom/rtl/gated_delta_step.v:181$213.
  creating $alu model for $macc $add$/Users/toprakgundogdu/qwen-ffn-rom/rtl/gated_delta_step.v:183$214.
  creating $alu model for $macc $add$/Users/toprakgundogdu/qwen-ffn-rom/rtl/gated_delta_step.v:184$215.
  creating $alu model for $macc $add$/Users/toprakgundogdu/qwen-ffn-rom/rtl/gated_delta_step.v:64$251.
  creating $macc cell for $mul$/Users/toprakgundogdu/qwen-ffn-rom/rtl/gated_delta_step.v:69$58: $auto$alumacc.cc:399:replace_macc$1426
  creating $macc cell for $mul$/Users/toprakgundogdu/qwen-ffn-rom/rtl/gated_delta_step.v:68$56: $auto$alumacc.cc:399:replace_macc$1427
  creating $macc cell for $mul$/Users/toprakgundogdu/qwen-ffn-rom/rtl/gated_delta_step.v:74$68: $auto$alumacc.cc:399:replace_macc$1428
  creating $macc cell for $mul$/Users/toprakgundogdu/qwen-ffn-rom/rtl/gated_delta_step.v:66$53: $auto$alumacc.cc:399:replace_macc$1429
  creating $macc cell for $mul$/Users/toprakgundogdu/qwen-ffn-rom/rtl/gated_delta_step.v:65$49: $auto$alumacc.cc:399:replace_macc$1430
  creating $alu model for $lt$/Users/toprakgundogdu/qwen-ffn-rom/rtl/gated_delta_step.v:72$62 ($lt): new $alu
  creating $alu model for $gt$/Users/toprakgundogdu/qwen-ffn-rom/rtl/gated_delta_step.v:71$61 ($gt): new $alu
  creating $alu cell for $gt$/Users/toprakgundogdu/qwen-ffn-rom/rtl/gated_delta_step.v:71$61: $auto$alumacc.cc:548:replace_alu$1433
  creating $alu cell for $lt$/Users/toprakgundogdu/qwen-ffn-rom/rtl/gated_delta_step.v:72$62: $auto$alumacc.cc:548:replace_alu$1446
  creating $alu cell for $add$/Users/toprakgundogdu/qwen-ffn-rom/rtl/gated_delta_step.v:64$251: $auto$alumacc.cc:548:replace_alu$1453
  creating $alu cell for $add$/Users/toprakgundogdu/qwen-ffn-rom/rtl/gated_delta_step.v:184$215: $auto$alumacc.cc:548:replace_alu$1456
  creating $alu cell for $add$/Users/toprakgundogdu/qwen-ffn-rom/rtl/gated_delta_step.v:183$214: $auto$alumacc.cc:548:replace_alu$1459
  creating $alu cell for $add$/Users/toprakgundogdu/qwen-ffn-rom/rtl/gated_delta_step.v:181$213: $auto$alumacc.cc:548:replace_alu$1462
  creating $alu cell for $add$/Users/toprakgundogdu/qwen-ffn-rom/rtl/gated_delta_step.v:141$191: $auto$alumacc.cc:548:replace_alu$1465
  creating $alu cell for $add$/Users/toprakgundogdu/qwen-ffn-rom/rtl/gated_delta_step.v:70$60: $auto$alumacc.cc:548:replace_alu$1468
  creating $alu cell for $sub$/Users/toprakgundogdu/qwen-ffn-rom/rtl/gated_delta_step.v:68$55: $auto$alumacc.cc:548:replace_alu$1471
  created 9 $alu and 5 $macc cells.

7.13. Executing SHARE pass (SAT-based resource sharing).
Found 3 cells in module gated_delta_step that may be considered for resource sharing.
  Analyzing resource sharing options for $memrd$\kv$/Users/toprakgundogdu/qwen-ffn-rom/rtl/gated_delta_step.v:68$54 ($memrd):
    Found 1 activation_patterns using ctrl signal { \st [6] \rst_n }.
    No candidates found.
  Analyzing resource sharing options for $memrd$\delta$/Users/toprakgundogdu/qwen-ffn-rom/rtl/gated_delta_step.v:69$57 ($memrd):
    Found 3 activation_patterns using ctrl signal { \st [1] \rst_n $auto$rtlil.cc:3267:Not$1445 $auto$rtlil.cc:3316:Xor$1452 }.
    No candidates found.
  Analyzing resource sharing options for $memrd$\S$/Users/toprakgundogdu/qwen-ffn-rom/rtl/gated_delta_step.v:64$249 ($memrd):
    Found 10 activation_patterns using ctrl signal { $eq$/Users/toprakgundogdu/qwen-ffn-rom/rtl/gated_delta_step.v:129$179_Y $eq$/Users/toprakgundogdu/qwen-ffn-rom/rtl/gated_delta_step.v:118$176_Y \st [5:4] \st [2:1] \rst_n $auto$rtlil.cc:3267:Not$1445 $auto$rtlil.cc:3316:Xor$1452 }.
    No candidates found.

7.14. Executing OPT pass (performing simple optimizations).

7.14.1. Executing OPT_EXPR pass (perform const folding).
Optimizing module gated_delta_step.
<suppressed ~1 debug messages>

7.14.2. Executing OPT_MERGE pass (detect identical cells).
Finding identical cells in module `\gated_delta_step'.
Computing hashes of 203 cells of `\gated_delta_step'.
Finding duplicate cells in `\gated_delta_step'.
Removed a total of 0 cells.

7.14.3. Executing OPT_MUXTREE pass (detect dead branches in mux trees).
Running muxtree optimizer on module \gated_delta_step..
  Creating internal representation of mux trees.
  Evaluating internal representation of mux trees.
  Analyzing evaluation results.
Removed 0 multiplexer ports.
<suppressed ~104 debug messages>

7.14.4. Executing OPT_REDUCE pass (consolidate $*mux and $reduce_* inputs).
  Optimizing cells in module \gated_delta_step.
Performed a total of 0 changes.

7.14.5. Executing OPT_MERGE pass (detect identical cells).
Finding identical cells in module `\gated_delta_step'.
Computing hashes of 203 cells of `\gated_delta_step'.
Finding duplicate cells in `\gated_delta_step'.
Removed a total of 0 cells.

7.14.6. Executing OPT_DFF pass (perform DFF optimizations).

7.14.7. Executing OPT_CLEAN pass (remove unused cells and wires).
Finding unused cells or wires in module \gated_delta_step..
Removed 1 unused cells and 3 unused wires.
<suppressed ~2 debug messages>

7.14.8. Executing OPT_EXPR pass (perform const folding).
Optimizing module gated_delta_step.

7.14.9. Rerunning OPT passes. (Maybe there is more to do..)

7.14.10. Executing OPT_MUXTREE pass (detect dead branches in mux trees).
Running muxtree optimizer on module \gated_delta_step..
  Creating internal representation of mux trees.
  Evaluating internal representation of mux trees.
  Analyzing evaluation results.
Removed 0 multiplexer ports.
<suppressed ~104 debug messages>

7.14.11. Executing OPT_REDUCE pass (consolidate $*mux and $reduce_* inputs).
  Optimizing cells in module \gated_delta_step.
Performed a total of 0 changes.

7.14.12. Executing OPT_MERGE pass (detect identical cells).
Finding identical cells in module `\gated_delta_step'.
Computing hashes of 202 cells of `\gated_delta_step'.
Finding duplicate cells in `\gated_delta_step'.
Removed a total of 0 cells.

7.14.13. Executing OPT_DFF pass (perform DFF optimizations).

7.14.14. Executing OPT_CLEAN pass (remove unused cells and wires).
Finding unused cells or wires in module \gated_delta_step..

7.14.15. Executing OPT_EXPR pass (perform const folding).
Optimizing module gated_delta_step.

7.14.16. Finished fast OPT passes. (There is nothing left to do.)

7.15. Executing MEMORY pass.

7.15.1. Executing OPT_MEM pass (optimize memories).
Performed a total of 0 transformations.

7.15.2. Executing OPT_MEM_PRIORITY pass (removing unnecessary memory write priority relations).
Performed a total of 138 transformations.

7.15.3. Executing OPT_MEM_FEEDBACK pass (finding memory read-to-write feedback paths).
  Analyzing gated_delta_step.o_r write port 0.
  Analyzing gated_delta_step.o_r write port 1.
  Analyzing gated_delta_step.o_r write port 2.
  Analyzing gated_delta_step.o_r write port 3.
  Analyzing gated_delta_step.o_r write port 4.
  Analyzing gated_delta_step.delta write port 0.
  Analyzing gated_delta_step.delta write port 1.
  Analyzing gated_delta_step.delta write port 2.
  Analyzing gated_delta_step.delta write port 3.
  Analyzing gated_delta_step.delta write port 4.
  Analyzing gated_delta_step.kv write port 0.
  Analyzing gated_delta_step.kv write port 1.
  Analyzing gated_delta_step.kv write port 2.
  Analyzing gated_delta_step.kv write port 3.
  Analyzing gated_delta_step.kv write port 4.
  Analyzing gated_delta_step.S write port 0.
  Analyzing gated_delta_step.S write port 1.
  Analyzing gated_delta_step.S write port 2.
  Analyzing gated_delta_step.S write port 3.
  Analyzing gated_delta_step.S write port 4.
  Analyzing gated_delta_step.S write port 5.
  Analyzing gated_delta_step.S write port 6.
  Analyzing gated_delta_step.S write port 7.
  Analyzing gated_delta_step.S write port 8.
  Analyzing gated_delta_step.S write port 9.
  Analyzing gated_delta_step.S write port 10.
  Analyzing gated_delta_step.S write port 11.
  Analyzing gated_delta_step.S write port 12.
  Analyzing gated_delta_step.S write port 13.
  Analyzing gated_delta_step.S write port 14.
  Analyzing gated_delta_step.S write port 15.
  Analyzing gated_delta_step.S write port 16.
  Analyzing gated_delta_step.S write port 17.

7.15.4. Executing MEMORY_BMUX2ROM pass (converting muxes to ROMs).

7.15.5. Executing MEMORY_DFF pass (merging $dff cells to $memrd).
Checking read port `\o_r'[0] in module `\gated_delta_step': merging output FF to cell.
    Write port 0: don't care on collision.
    Write port 1: don't care on collision.
    Write port 2: don't care on collision.
    Write port 3: don't care on collision.
    Write port 4: don't care on collision.
Checking read port `\o_r'[1] in module `\gated_delta_step': merging output FF to cell.
    Write port 0: don't care on collision.
    Write port 1: don't care on collision.
    Write port 2: don't care on collision.
    Write port 3: don't care on collision.
    Write port 4: don't care on collision.
Checking read port `\o_r'[2] in module `\gated_delta_step': merging output FF to cell.
    Write port 0: don't care on collision.
    Write port 1: don't care on collision.
    Write port 2: don't care on collision.
    Write port 3: don't care on collision.
    Write port 4: don't care on collision.
Checking read port `\o_r'[3] in module `\gated_delta_step': merging output FF to cell.
    Write port 0: don't care on collision.
    Write port 1: don't care on collision.
    Write port 2: don't care on collision.
    Write port 3: don't care on collision.
    Write port 4: don't care on collision.
Checking read port `\delta'[0] in module `\gated_delta_step': no output FF found.
Checking read port `\kv'[0] in module `\gated_delta_step': no output FF found.
Checking read port `\S'[0] in module `\gated_delta_step': no output FF found.
Checking read port address `\delta'[0] in module `\gated_delta_step': merged address FF to cell.
Checking read port address `\kv'[0] in module `\gated_delta_step': merged address FF to cell.
Checking read port address `\S'[0] in module `\gated_delta_step': no address FF found.

7.15.6. Executing OPT_CLEAN pass (remove unused cells and wires).
Finding unused cells or wires in module \gated_delta_step..
Removed 1 unused cells and 100 unused wires.
<suppressed ~2 debug messages>

7.15.7. Executing MEMORY_SHARE pass (consolidating $memrd/$memwr cells).
Consolidating read ports of memory gated_delta_step.o_r by address:
Consolidating write ports of memory gated_delta_step.o_r by address:
  Merging ports 0, 1 (address 2'00).
  Merging ports 0, 2 (address 2'00).
Consolidating write ports of memory gated_delta_step.o_r by address:
Consolidating write ports of memory gated_delta_step.delta by address:
  Merging ports 0, 1 (address 2'00).
  Merging ports 0, 2 (address 2'00).
Consolidating write ports of memory gated_delta_step.delta by address:
Consolidating write ports of memory gated_delta_step.kv by address:
  Merging ports 0, 1 (address 2'00).
  Merging ports 0, 2 (address 2'00).
Consolidating write ports of memory gated_delta_step.kv by address:
Consolidating write ports of memory gated_delta_step.S by address:
  Merging ports 0, 1 (address 4'0000).
  Merging ports 0, 2 (address 4'0000).
  Merging ports 0, 3 (address 4'0000).
  Merging ports 0, 4 (address 4'0000).
  Merging ports 0, 5 (address 4'0000).
  Merging ports 0, 6 (address 4'0000).
  Merging ports 0, 7 (address 4'0000).
  Merging ports 0, 8 (address 4'0000).
  Merging ports 10, 11 (address 4'1010).
  Merging ports 12, 13 (address 4'1100).
  Merging ports 12, 14 (address 4'1100).
  Merging ports 12, 15 (address 4'1100).
  Merging ports 16, 17 (address $add$/Users/toprakgundogdu/qwen-ffn-rom/rtl/gated_delta_step.v:115$173_Y).
Consolidating write ports of memory gated_delta_step.S by address:
  Merging ports 1, 2 (address 4'1001).
  Merging ports 1, 3 (address 4'1000).
Consolidating write ports of memory gated_delta_step.S by address:
Consolidating write ports of memory gated_delta_step.o_r using sat-based resource sharing:
  Checking group clocked with posedge \clk, width 24: ports 1, 2.
  Common input cone for all EN signals: 7 cells.
  Size of unconstrained SAT problem: 59 variables, 171 clauses
  Merging port 2 into port 1.
Consolidating write ports of memory gated_delta_step.delta using sat-based resource sharing:
  Checking group clocked with posedge \clk, width 32: ports 1, 2.
  Common input cone for all EN signals: 3 cells.
  Size of unconstrained SAT problem: 29 variables, 95 clauses
  Merging port 2 into port 1.
Consolidating write ports of memory gated_delta_step.kv using sat-based resource sharing:
  Checking group clocked with posedge \clk, width 32: ports 1, 2.
  Common input cone for all EN signals: 7 cells.
  Size of unconstrained SAT problem: 59 variables, 171 clauses
  Merging port 2 into port 1.
Consolidating write ports of memory gated_delta_step.S using sat-based resource sharing:

7.15.8. Executing OPT_MEM_WIDEN pass (optimize memories where all ports are wide).
Performed a total of 0 transformations.

7.15.9. Executing OPT_CLEAN pass (remove unused cells and wires).
Finding unused cells or wires in module \gated_delta_step..
Removed 4 unused cells and 4 unused wires.
<suppressed ~5 debug messages>

7.15.10. Executing MEMORY_COLLECT pass (generating $mem cells).

7.16. Executing OPT_CLEAN pass (remove unused cells and wires).
Finding unused cells or wires in module \gated_delta_step..

7.17. Executing OPT pass (performing simple optimizations).

7.17.1. Executing OPT_EXPR pass (perform const folding).
Optimizing module gated_delta_step.
<suppressed ~56 debug messages>

7.17.2. Executing OPT_MERGE pass (detect identical cells).
Finding identical cells in module `\gated_delta_step'.
Computing hashes of 159 cells of `\gated_delta_step'.
Finding duplicate cells in `\gated_delta_step'.
Computing hashes of 154 cells of `\gated_delta_step'.
Finding duplicate cells in `\gated_delta_step'.
Computing hashes of 153 cells of `\gated_delta_step'.
Finding duplicate cells in `\gated_delta_step'.
<suppressed ~18 debug messages>
Removed a total of 6 cells.

7.17.3. Executing OPT_DFF pass (perform DFF optimizations).

7.17.4. Executing OPT_CLEAN pass (remove unused cells and wires).
Finding unused cells or wires in module \gated_delta_step..
Removed 16 unused cells and 62 unused wires.
<suppressed ~18 debug messages>

7.17.5. Finished fast OPT passes.

7.18. Executing MEMORY_MAP pass (converting memories to logic and flip-flops).
Mapping memory \S in module \gated_delta_step:
  created 16 $dff cells and 0 static cells of width 16.
  read interface: 0 $dff and 15 $mux cells.
  write interface: 48 write mux blocks.
Mapping memory \o_r in module \gated_delta_step:
  created 4 $dff cells and 0 static cells of width 24.
Extracted data FF from read port 0 of gated_delta_step.o_r: $\o_r$rdreg[0]
Extracted data FF from read port 1 of gated_delta_step.o_r: $\o_r$rdreg[1]
Extracted data FF from read port 2 of gated_delta_step.o_r: $\o_r$rdreg[2]
Extracted data FF from read port 3 of gated_delta_step.o_r: $\o_r$rdreg[3]
  read interface: 4 $dff and 12 $mux cells.
  write interface: 8 write mux blocks.
Mapping memory \delta in module \gated_delta_step:
  created 4 $dff cells and 0 static cells of width 32.
Extracted addr FF from read port 0 of gated_delta_step.delta: $\delta$rdreg[0]
  read interface: 1 $dff and 3 $mux cells.
  write interface: 8 write mux blocks.
Mapping memory \kv in module \gated_delta_step:
  created 4 $dff cells and 0 static cells of width 32.
Extracted addr FF from read port 0 of gated_delta_step.kv: $\kv$rdreg[0]
  read interface: 1 $dff and 3 $mux cells.
  write interface: 8 write mux blocks.

7.19. Executing OPT pass (performing simple optimizations).

7.19.1. Executing OPT_EXPR pass (perform const folding).
Optimizing module gated_delta_step.
<suppressed ~175 debug messages>

7.19.2. Executing OPT_MERGE pass (detect identical cells).
Finding identical cells in module `\gated_delta_step'.
Computing hashes of 322 cells of `\gated_delta_step'.
Finding duplicate cells in `\gated_delta_step'.
Computing hashes of 321 cells of `\gated_delta_step'.
Finding duplicate cells in `\gated_delta_step'.
<suppressed ~3 debug messages>
Removed a total of 1 cells.

7.19.3. Executing OPT_MUXTREE pass (detect dead branches in mux trees).
Running muxtree optimizer on module \gated_delta_step..
  Creating internal representation of mux trees.
  Evaluating internal representation of mux trees.
      Replacing known input bits on port B of cell $auto$memory_share.cc:454:consolidate_wr_using_sat$1623: $0$memwr$\kv$/Users/toprakgundogdu/qwen-ffn-rom/rtl/gated_delta_step.v:133$39_EN[31:0]$103 [0] -> 1'1
      Replacing known input bits on port B of cell $auto$memory_share.cc:454:consolidate_wr_using_sat$1615: $0$memwr$\delta$/Users/toprakgundogdu/qwen-ffn-rom/rtl/gated_delta_step.v:147$40_EN[31:0]$106 [0] -> 1'1
      Replacing known input bits on port B of cell $auto$memory_share.cc:454:consolidate_wr_using_sat$1607: $0$memwr$\o_r$/Users/toprakgundogdu/qwen-ffn-rom/rtl/gated_delta_step.v:175$42_EN[23:0]$112 [0] -> 1'1
  Analyzing evaluation results.
Removed 0 multiplexer ports.
<suppressed ~215 debug messages>

7.19.4. Executing OPT_REDUCE pass (consolidate $*mux and $reduce_* inputs).
  Optimizing cells in module \gated_delta_step.
    Consolidated identical input bits for $mux cell $auto$memory_share.cc:437:consolidate_wr_using_sat$1620:
      Old ports: A=0, B={ $0$memwr$\kv$/Users/toprakgundogdu/qwen-ffn-rom/rtl/gated_delta_step.v:133$39_DATA[31:0]$102 [23] $0$memwr$\kv$/Users/toprakgundogdu/qwen-ffn-rom/rtl/gated_delta_step.v:133$39_DATA[31:0]$102 [23] $0$memwr$\kv$/Users/toprakgundogdu/qwen-ffn-rom/rtl/gated_delta_step.v:133$39_DATA[31:0]$102 [23] $0$memwr$\kv$/Users/toprakgundogdu/qwen-ffn-rom/rtl/gated_delta_step.v:133$39_DATA[31:0]$102 [23] $0$memwr$\kv$/Users/toprakgundogdu/qwen-ffn-rom/rtl/gated_delta_step.v:133$39_DATA[31:0]$102 [23] $0$memwr$\kv$/Users/toprakgundogdu/qwen-ffn-rom/rtl/gated_delta_step.v:133$39_DATA[31:0]$102 [23] $0$memwr$\kv$/Users/toprakgundogdu/qwen-ffn-rom/rtl/gated_delta_step.v:133$39_DATA[31:0]$102 [23] $0$memwr$\kv$/Users/toprakgundogdu/qwen-ffn-rom/rtl/gated_delta_step.v:133$39_DATA[31:0]$102 [23] $0$memwr$\kv$/Users/toprakgundogdu/qwen-ffn-rom/rtl/gated_delta_step.v:133$39_DATA[31:0]$102 [23:0] }, Y=$auto$rtlil.cc:3402:Mux$1621
      New ports: A=24'000000000000000000000000, B=$0$memwr$\kv$/Users/toprakgundogdu/qwen-ffn-rom/rtl/gated_delta_step.v:133$39_DATA[31:0]$102 [23:0], Y=$auto$rtlil.cc:3402:Mux$1621 [23:0]
      New connections: $auto$rtlil.cc:3402:Mux$1621 [31:24] = { $auto$rtlil.cc:3402:Mux$1621 [23] $auto$rtlil.cc:3402:Mux$1621 [23] $auto$rtlil.cc:3402:Mux$1621 [23] $auto$rtlil.cc:3402:Mux$1621 [23] $auto$rtlil.cc:3402:Mux$1621 [23] $auto$rtlil.cc:3402:Mux$1621 [23] $auto$rtlil.cc:3402:Mux$1621 [23] $auto$rtlil.cc:3402:Mux$1621 [23] }
    Consolidated identical input bits for $mux cell $auto$memory_share.cc:437:consolidate_wr_using_sat$1612:
      Old ports: A=0, B={ \delta_p [31] \delta_p [31] \delta_p [31] \delta_p [31] \delta_p [31] \delta_p [31] \delta_p [31] \delta_p [31] \delta_p [31:8] }, Y=$auto$rtlil.cc:3402:Mux$1613
      New ports: A=24'000000000000000000000000, B=\delta_p [31:8], Y=$auto$rtlil.cc:3402:Mux$1613 [23:0]
      New connections: $auto$rtlil.cc:3402:Mux$1613 [31:24] = { $auto$rtlil.cc:3402:Mux$1613 [23] $auto$rtlil.cc:3402:Mux$1613 [23] $auto$rtlil.cc:3402:Mux$1613 [23] $auto$rtlil.cc:3402:Mux$1613 [23] $auto$rtlil.cc:3402:Mux$1613 [23] $auto$rtlil.cc:3402:Mux$1613 [23] $auto$rtlil.cc:3402:Mux$1613 [23] $auto$rtlil.cc:3402:Mux$1613 [23] }
    New ctrl vector for $pmux cell $procmux$1084: { $auto$opt_reduce.cc:137:opt_pmux$2268 $auto$opt_reduce.cc:137:opt_pmux$1217 }
    New ctrl vector for $pmux cell $procmux$961: \st [0]
  Optimizing cells in module \gated_delta_step.
Performed a total of 4 changes.

7.19.5. Executing OPT_MERGE pass (detect identical cells).
Finding identical cells in module `\gated_delta_step'.
Computing hashes of 322 cells of `\gated_delta_step'.
Finding duplicate cells in `\gated_delta_step'.
Removed a total of 0 cells.

7.19.6. Executing OPT_SHARE pass.

7.19.7. Executing OPT_DFF pass (perform DFF optimizations).
Adding SRST signal on $\delta$rdreg[0] ($dff) from module gated_delta_step (D = $auto$rtlil.cc:3402:Mux$1587, Q = $\delta$rdreg[0]$q, rval = 2'00).

7.19.8. Executing OPT_CLEAN pass (remove unused cells and wires).
Finding unused cells or wires in module \gated_delta_step..
Removed 10 unused cells and 208 unused wires.
<suppressed ~11 debug messages>

7.19.9. Executing OPT_EXPR pass (perform const folding).
Optimizing module gated_delta_step.
<suppressed ~3 debug messages>

7.19.10. Rerunning OPT passes. (Maybe there is more to do..)

7.19.11. Executing OPT_MUXTREE pass (detect dead branches in mux trees).
Running muxtree optimizer on module \gated_delta_step..
  Creating internal representation of mux trees.
  Evaluating internal representation of mux trees.
  Analyzing evaluation results.
Removed 0 multiplexer ports.
<suppressed ~205 debug messages>

7.19.12. Executing OPT_REDUCE pass (consolidate $*mux and $reduce_* inputs).
  Optimizing cells in module \gated_delta_step.
Performed a total of 0 changes.

7.19.13. Executing OPT_MERGE pass (detect identical cells).
Finding identical cells in module `\gated_delta_step'.
Computing hashes of 312 cells of `\gated_delta_step'.
Finding duplicate cells in `\gated_delta_step'.
Removed a total of 0 cells.

7.19.14. Executing OPT_SHARE pass.

7.19.15. Executing OPT_DFF pass (perform DFF optimizations).
Adding EN signal on $memory\S[0]$1654 ($dff) from module gated_delta_step (D = $memory\S$wrmux[0][2][0]$y$1760, Q = \S[0]).
Adding EN signal on $memory\S[1]$1656 ($dff) from module gated_delta_step (D = $memory\S$wrmux[1][2][0]$y$1778, Q = \S[1]).
Adding EN signal on $memory\S[2]$1658 ($dff) from module gated_delta_step (D = $memory\S$wrmux[2][2][0]$y$1796, Q = \S[2]).
Adding EN signal on $memory\S[3]$1660 ($dff) from module gated_delta_step (D = $memory\S$wrmux[3][2][0]$y$1812, Q = \S[3]).
Adding EN signal on $memory\S[4]$1662 ($dff) from module gated_delta_step (D = $memory\S$wrmux[4][2][0]$y$1830, Q = \S[4]).
Adding EN signal on $memory\S[5]$1664 ($dff) from module gated_delta_step (D = $memory\S$wrmux[5][2][0]$y$1844, Q = \S[5]).
Adding EN signal on $memory\S[6]$1666 ($dff) from module gated_delta_step (D = $memory\S$wrmux[6][2][0]$y$1858, Q = \S[6]).
Adding EN signal on $memory\S[7]$1668 ($dff) from module gated_delta_step (D = $memory\S$wrmux[7][2][0]$y$1872, Q = \S[7]).
Adding EN signal on $memory\S[8]$1670 ($dff) from module gated_delta_step (D = $memory\S$wrmux[8][2][0]$y$1892, Q = \S[8]).
Adding EN signal on $memory\S[9]$1672 ($dff) from module gated_delta_step (D = $memory\S$wrmux[9][2][0]$y$1906, Q = \S[9]).
Adding EN signal on $memory\S[10]$1674 ($dff) from module gated_delta_step (D = $memory\S$wrmux[10][2][0]$y$1920, Q = \S[10]).
Adding EN signal on $memory\S[11]$1676 ($dff) from module gated_delta_step (D = $memory\S$wrmux[11][2][0]$y$1934, Q = \S[11]).
Adding EN signal on $memory\S[12]$1678 ($dff) from module gated_delta_step (D = $memory\S$wrmux[12][2][0]$y$1950, Q = \S[12]).
Adding EN signal on $memory\S[13]$1680 ($dff) from module gated_delta_step (D = $memory\S$wrmux[13][2][0]$y$1964, Q = \S[13]).
Adding EN signal on $memory\S[14]$1682 ($dff) from module gated_delta_step (D = $memory\S$wrmux[14][2][0]$y$1978, Q = \S[14]).
Adding EN signal on $memory\S[15]$1684 ($dff) from module gated_delta_step (D = $memory\S$wrmux[15][2][0]$y$1992, Q = \S[15]).
Adding EN signal on $memory\delta[1]$2139 ($dff) from module gated_delta_step (D = $memory\delta$wrmux[1][1][0]$y$2179, Q = \delta[1]).
Adding EN signal on $memory\kv[0]$2202 ($dff) from module gated_delta_step (D = $memory\kv$wrmux[0][1][0]$y$2232, Q = \kv[0]).
Adding EN signal on $memory\kv[3]$2208 ($dff) from module gated_delta_step (D = { $auto$rtlil.cc:3402:Mux$1621 [23] $auto$rtlil.cc:3402:Mux$1621 [23] $auto$rtlil.cc:3402:Mux$1621 [23] $auto$rtlil.cc:3402:Mux$1621 [23] $auto$rtlil.cc:3402:Mux$1621 [23] $auto$rtlil.cc:3402:Mux$1621 [23] $auto$rtlil.cc:3402:Mux$1621 [23] $auto$rtlil.cc:3402:Mux$1621 [23] $auto$rtlil.cc:3402:Mux$1621 [23:0] }, Q = \kv[3]).
Adding EN signal on $memory\kv[2]$2206 ($dff) from module gated_delta_step (D = $memory\kv$wrmux[2][1][0]$y$2256, Q = \kv[2]).
Adding EN signal on $memory\kv[1]$2204 ($dff) from module gated_delta_step (D = $memory\kv$wrmux[1][1][0]$y$2244, Q = \kv[1]).
Adding EN signal on $memory\o_r[0]$1993 ($dff) from module gated_delta_step (D = $memory\o_r$wrmux[0][1][0]$y$2102, Q = \o_r[0]).
Adding EN signal on $memory\o_r[1]$1995 ($dff) from module gated_delta_step (D = $memory\o_r$wrmux[1][1][0]$y$2114, Q = \o_r[1]).
Adding EN signal on $memory\o_r[2]$1997 ($dff) from module gated_delta_step (D = $memory\o_r$wrmux[2][1][0]$y$2126, Q = \o_r[2]).
Adding EN signal on $memory\o_r[3]$1999 ($dff) from module gated_delta_step (D = $auto$rtlil.cc:3402:Mux$1605, Q = \o_r[3]).
Adding EN signal on $memory\delta[3]$2143 ($dff) from module gated_delta_step (D = { $auto$rtlil.cc:3402:Mux$1613 [23] $auto$rtlil.cc:3402:Mux$1613 [23] $auto$rtlil.cc:3402:Mux$1613 [23] $auto$rtlil.cc:3402:Mux$1613 [23] $auto$rtlil.cc:3402:Mux$1613 [23] $auto$rtlil.cc:3402:Mux$1613 [23] $auto$rtlil.cc:3402:Mux$1613 [23] $auto$rtlil.cc:3402:Mux$1613 [23] $auto$rtlil.cc:3402:Mux$1613 [23:0] }, Q = \delta[3]).
Adding EN signal on $memory\delta[2]$2141 ($dff) from module gated_delta_step (D = $memory\delta$wrmux[2][1][0]$y$2191, Q = \delta[2]).
Adding EN signal on $memory\delta[0]$2137 ($dff) from module gated_delta_step (D = $memory\delta$wrmux[0][1][0]$y$2167, Q = \delta[0]).

7.19.16. Executing OPT_CLEAN pass (remove unused cells and wires).
Finding unused cells or wires in module \gated_delta_step..
Removed 3 unused cells and 3 unused wires.
<suppressed ~4 debug messages>

7.19.17. Executing OPT_EXPR pass (perform const folding).
Optimizing module gated_delta_step.
<suppressed ~25 debug messages>

7.19.18. Rerunning OPT passes. (Maybe there is more to do..)

7.19.19. Executing OPT_MUXTREE pass (detect dead branches in mux trees).
Running muxtree optimizer on module \gated_delta_step..
  Creating internal representation of mux trees.
  Evaluating internal representation of mux trees.
  Analyzing evaluation results.
Removed 0 multiplexer ports.
<suppressed ~162 debug messages>

7.19.20. Executing OPT_REDUCE pass (consolidate $*mux and $reduce_* inputs).
  Optimizing cells in module \gated_delta_step.
    Consolidated identical input bits for $mux cell $memory\kv$wrmux[2][1][0]$2255:
      Old ports: A=0, B={ $auto$rtlil.cc:3402:Mux$1621 [23] $auto$rtlil.cc:3402:Mux$1621 [23] $auto$rtlil.cc:3402:Mux$1621 [23] $auto$rtlil.cc:3402:Mux$1621 [23] $auto$rtlil.cc:3402:Mux$1621 [23] $auto$rtlil.cc:3402:Mux$1621 [23] $auto$rtlil.cc:3402:Mux$1621 [23] $auto$rtlil.cc:3402:Mux$1621 [23] $auto$rtlil.cc:3402:Mux$1621 [23:0] }, Y=$memory\kv$wrmux[2][1][0]$y$2256
      New ports: A=24'000000000000000000000000, B=$auto$rtlil.cc:3402:Mux$1621 [23:0], Y=$memory\kv$wrmux[2][1][0]$y$2256 [23:0]
      New connections: $memory\kv$wrmux[2][1][0]$y$2256 [31:24] = { $memory\kv$wrmux[2][1][0]$y$2256 [23] $memory\kv$wrmux[2][1][0]$y$2256 [23] $memory\kv$wrmux[2][1][0]$y$2256 [23] $memory\kv$wrmux[2][1][0]$y$2256 [23] $memory\kv$wrmux[2][1][0]$y$2256 [23] $memory\kv$wrmux[2][1][0]$y$2256 [23] $memory\kv$wrmux[2][1][0]$y$2256 [23] $memory\kv$wrmux[2][1][0]$y$2256 [23] }
    Consolidated identical input bits for $mux cell $memory\delta$wrmux[2][1][0]$2190:
      Old ports: A=0, B={ $auto$rtlil.cc:3402:Mux$1613 [23] $auto$rtlil.cc:3402:Mux$1613 [23] $auto$rtlil.cc:3402:Mux$1613 [23] $auto$rtlil.cc:3402:Mux$1613 [23] $auto$rtlil.cc:3402:Mux$1613 [23] $auto$rtlil.cc:3402:Mux$1613 [23] $auto$rtlil.cc:3402:Mux$1613 [23] $auto$rtlil.cc:3402:Mux$1613 [23] $auto$rtlil.cc:3402:Mux$1613 [23:0] }, Y=$memory\delta$wrmux[2][1][0]$y$2191
      New ports: A=24'000000000000000000000000, B=$auto$rtlil.cc:3402:Mux$1613 [23:0], Y=$memory\delta$wrmux[2][1][0]$y$2191 [23:0]
      New connections: $memory\delta$wrmux[2][1][0]$y$2191 [31:24] = { $memory\delta$wrmux[2][1][0]$y$2191 [23] $memory\delta$wrmux[2][1][0]$y$2191 [23] $memory\delta$wrmux[2][1][0]$y$2191 [23] $memory\delta$wrmux[2][1][0]$y$2191 [23] $memory\delta$wrmux[2][1][0]$y$2191 [23] $memory\delta$wrmux[2][1][0]$y$2191 [23] $memory\delta$wrmux[2][1][0]$y$2191 [23] $memory\delta$wrmux[2][1][0]$y$2191 [23] }
    Consolidated identical input bits for $mux cell $memory\kv$wrmux[1][1][0]$2243:
      Old ports: A=0, B={ $auto$rtlil.cc:3402:Mux$1621 [23] $auto$rtlil.cc:3402:Mux$1621 [23] $auto$rtlil.cc:3402:Mux$1621 [23] $auto$rtlil.cc:3402:Mux$1621 [23] $auto$rtlil.cc:3402:Mux$1621 [23] $auto$rtlil.cc:3402:Mux$1621 [23] $auto$rtlil.cc:3402:Mux$1621 [23] $auto$rtlil.cc:3402:Mux$1621 [23] $auto$rtlil.cc:3402:Mux$1621 [23:0] }, Y=$memory\kv$wrmux[1][1][0]$y$2244
      New ports: A=24'000000000000000000000000, B=$auto$rtlil.cc:3402:Mux$1621 [23:0], Y=$memory\kv$wrmux[1][1][0]$y$2244 [23:0]
      New connections: $memory\kv$wrmux[1][1][0]$y$2244 [31:24] = { $memory\kv$wrmux[1][1][0]$y$2244 [23] $memory\kv$wrmux[1][1][0]$y$2244 [23] $memory\kv$wrmux[1][1][0]$y$2244 [23] $memory\kv$wrmux[1][1][0]$y$2244 [23] $memory\kv$wrmux[1][1][0]$y$2244 [23] $memory\kv$wrmux[1][1][0]$y$2244 [23] $memory\kv$wrmux[1][1][0]$y$2244 [23] $memory\kv$wrmux[1][1][0]$y$2244 [23] }
    Consolidated identical input bits for $mux cell $memory\kv$wrmux[0][1][0]$2231:
      Old ports: A=0, B={ $auto$rtlil.cc:3402:Mux$1621 [23] $auto$rtlil.cc:3402:Mux$1621 [23] $auto$rtlil.cc:3402:Mux$1621 [23] $auto$rtlil.cc:3402:Mux$1621 [23] $auto$rtlil.cc:3402:Mux$1621 [23] $auto$rtlil.cc:3402:Mux$1621 [23] $auto$rtlil.cc:3402:Mux$1621 [23] $auto$rtlil.cc:3402:Mux$1621 [23] $auto$rtlil.cc:3402:Mux$1621 [23:0] }, Y=$memory\kv$wrmux[0][1][0]$y$2232
      New ports: A=24'000000000000000000000000, B=$auto$rtlil.cc:3402:Mux$1621 [23:0], Y=$memory\kv$wrmux[0][1][0]$y$2232 [23:0]
      New connections: $memory\kv$wrmux[0][1][0]$y$2232 [31:24] = { $memory\kv$wrmux[0][1][0]$y$2232 [23] $memory\kv$wrmux[0][1][0]$y$2232 [23] $memory\kv$wrmux[0][1][0]$y$2232 [23] $memory\kv$wrmux[0][1][0]$y$2232 [23] $memory\kv$wrmux[0][1][0]$y$2232 [23] $memory\kv$wrmux[0][1][0]$y$2232 [23] $memory\kv$wrmux[0][1][0]$y$2232 [23] $memory\kv$wrmux[0][1][0]$y$2232 [23] }
    Consolidated identical input bits for $mux cell $memory\delta$wrmux[1][1][0]$2178:
      Old ports: A=0, B={ $auto$rtlil.cc:3402:Mux$1613 [23] $auto$rtlil.cc:3402:Mux$1613 [23] $auto$rtlil.cc:3402:Mux$1613 [23] $auto$rtlil.cc:3402:Mux$1613 [23] $auto$rtlil.cc:3402:Mux$1613 [23] $auto$rtlil.cc:3402:Mux$1613 [23] $auto$rtlil.cc:3402:Mux$1613 [23] $auto$rtlil.cc:3402:Mux$1613 [23] $auto$rtlil.cc:3402:Mux$1613 [23:0] }, Y=$memory\delta$wrmux[1][1][0]$y$2179
      New ports: A=24'000000000000000000000000, B=$auto$rtlil.cc:3402:Mux$1613 [23:0], Y=$memory\delta$wrmux[1][1][0]$y$2179 [23:0]
      New connections: $memory\delta$wrmux[1][1][0]$y$2179 [31:24] = { $memory\delta$wrmux[1][1][0]$y$2179 [23] $memory\delta$wrmux[1][1][0]$y$2179 [23] $memory\delta$wrmux[1][1][0]$y$2179 [23] $memory\delta$wrmux[1][1][0]$y$2179 [23] $memory\delta$wrmux[1][1][0]$y$2179 [23] $memory\delta$wrmux[1][1][0]$y$2179 [23] $memory\delta$wrmux[1][1][0]$y$2179 [23] $memory\delta$wrmux[1][1][0]$y$2179 [23] }
    Consolidated identical input bits for $mux cell $memory\delta$wrmux[0][1][0]$2166:
      Old ports: A=0, B={ $auto$rtlil.cc:3402:Mux$1613 [23] $auto$rtlil.cc:3402:Mux$1613 [23] $auto$rtlil.cc:3402:Mux$1613 [23] $auto$rtlil.cc:3402:Mux$1613 [23] $auto$rtlil.cc:3402:Mux$1613 [23] $auto$rtlil.cc:3402:Mux$1613 [23] $auto$rtlil.cc:3402:Mux$1613 [23] $auto$rtlil.cc:3402:Mux$1613 [23] $auto$rtlil.cc:3402:Mux$1613 [23:0] }, Y=$memory\delta$wrmux[0][1][0]$y$2167
      New ports: A=24'000000000000000000000000, B=$auto$rtlil.cc:3402:Mux$1613 [23:0], Y=$memory\delta$wrmux[0][1][0]$y$2167 [23:0]
      New connections: $memory\delta$wrmux[0][1][0]$y$2167 [31:24] = { $memory\delta$wrmux[0][1][0]$y$2167 [23] $memory\delta$wrmux[0][1][0]$y$2167 [23] $memory\delta$wrmux[0][1][0]$y$2167 [23] $memory\delta$wrmux[0][1][0]$y$2167 [23] $memory\delta$wrmux[0][1][0]$y$2167 [23] $memory\delta$wrmux[0][1][0]$y$2167 [23] $memory\delta$wrmux[0][1][0]$y$2167 [23] $memory\delta$wrmux[0][1][0]$y$2167 [23] }
  Optimizing cells in module \gated_delta_step.
Performed a total of 6 changes.

7.19.21. Executing OPT_MERGE pass (detect identical cells).
Finding identical cells in module `\gated_delta_step'.
Computing hashes of 309 cells of `\gated_delta_step'.
Finding duplicate cells in `\gated_delta_step'.
Removed a total of 0 cells.

7.19.22. Executing OPT_SHARE pass.

7.19.23. Executing OPT_DFF pass (perform DFF optimizations).
Adding SRST signal on $auto$ff.cc:337:slice$2270 ($dffe) from module gated_delta_step (D = $auto$rtlil.cc:3402:Mux$1597, Q = \S[0], rval = 16'0000000000000000).
Adding SRST signal on $auto$ff.cc:337:slice$2273 ($dffe) from module gated_delta_step (D = $auto$rtlil.cc:3402:Mux$1597, Q = \S[1], rval = 16'0000000000000000).
Adding SRST signal on $auto$ff.cc:337:slice$2276 ($dffe) from module gated_delta_step (D = $auto$rtlil.cc:3402:Mux$1597, Q = \S[2], rval = 16'0000000000000000).
Adding SRST signal on $auto$ff.cc:337:slice$2279 ($dffe) from module gated_delta_step (D = $auto$rtlil.cc:3402:Mux$1597, Q = \S[3], rval = 16'0000000000000000).
Adding SRST signal on $auto$ff.cc:337:slice$2282 ($dffe) from module gated_delta_step (D = $auto$rtlil.cc:3402:Mux$1597, Q = \S[4], rval = 16'0000000000000000).
Adding SRST signal on $auto$ff.cc:337:slice$2285 ($dffe) from module gated_delta_step (D = $auto$rtlil.cc:3402:Mux$1597, Q = \S[5], rval = 16'0000000000000000).
Adding SRST signal on $auto$ff.cc:337:slice$2288 ($dffe) from module gated_delta_step (D = $auto$rtlil.cc:3402:Mux$1597, Q = \S[6], rval = 16'0000000000000000).
Adding SRST signal on $auto$ff.cc:337:slice$2291 ($dffe) from module gated_delta_step (D = $auto$rtlil.cc:3402:Mux$1597, Q = \S[7], rval = 16'0000000000000000).
Adding SRST signal on $auto$ff.cc:337:slice$2294 ($dffe) from module gated_delta_step (D = $auto$rtlil.cc:3402:Mux$1597, Q = \S[8], rval = 16'0000000000000000).
Adding SRST signal on $auto$ff.cc:337:slice$2297 ($dffe) from module gated_delta_step (D = $auto$rtlil.cc:3402:Mux$1597, Q = \S[9], rval = 16'0000000000000000).
Adding SRST signal on $auto$ff.cc:337:slice$2300 ($dffe) from module gated_delta_step (D = $auto$rtlil.cc:3402:Mux$1597, Q = \S[10], rval = 16'0000000000000000).
Adding SRST signal on $auto$ff.cc:337:slice$2303 ($dffe) from module gated_delta_step (D = $auto$rtlil.cc:3402:Mux$1597, Q = \S[11], rval = 16'0000000000000000).
Adding SRST signal on $auto$ff.cc:337:slice$2306 ($dffe) from module gated_delta_step (D = $auto$rtlil.cc:3402:Mux$1597, Q = \S[12], rval = 16'0000000000000000).
Adding SRST signal on $auto$ff.cc:337:slice$2309 ($dffe) from module gated_delta_step (D = $auto$rtlil.cc:3402:Mux$1597, Q = \S[13], rval = 16'0000000000000000).
Adding SRST signal on $auto$ff.cc:337:slice$2312 ($dffe) from module gated_delta_step (D = $auto$rtlil.cc:3402:Mux$1597, Q = \S[14], rval = 16'0000000000000000).
Adding SRST signal on $auto$ff.cc:337:slice$2315 ($dffe) from module gated_delta_step (D = $auto$rtlil.cc:3402:Mux$1597, Q = \S[15], rval = 16'0000000000000000).
Adding SRST signal on $auto$ff.cc:337:slice$2345 ($dffe) from module gated_delta_step (D = $auto$rtlil.cc:3402:Mux$1613 [22:0], Q = \delta[0] [22:0], rval = 23'00000000000000000000000).
Adding SRST signal on $auto$ff.cc:337:slice$2318 ($dffe) from module gated_delta_step (D = $auto$rtlil.cc:3402:Mux$1613 [22:0], Q = \delta[1] [22:0], rval = 23'00000000000000000000000).
Adding SRST signal on $auto$ff.cc:337:slice$2321 ($dffe) from module gated_delta_step (D = $auto$rtlil.cc:3402:Mux$1621 [22:0], Q = \kv[0] [22:0], rval = 23'00000000000000000000000).
Adding SRST signal on $auto$ff.cc:337:slice$2325 ($dffe) from module gated_delta_step (D = $auto$rtlil.cc:3402:Mux$1621 [22:0], Q = \kv[2] [22:0], rval = 23'00000000000000000000000).
Adding SRST signal on $auto$ff.cc:337:slice$2328 ($dffe) from module gated_delta_step (D = $auto$rtlil.cc:3402:Mux$1621 [22:0], Q = \kv[1] [22:0], rval = 23'00000000000000000000000).
Adding SRST signal on $auto$ff.cc:337:slice$2331 ($dffe) from module gated_delta_step (D = $auto$rtlil.cc:3402:Mux$1605, Q = \o_r[0], rval = 24'000000000000000000000000).
Adding SRST signal on $auto$ff.cc:337:slice$2334 ($dffe) from module gated_delta_step (D = $auto$rtlil.cc:3402:Mux$1605, Q = \o_r[1], rval = 24'000000000000000000000000).
Adding SRST signal on $auto$ff.cc:337:slice$2337 ($dffe) from module gated_delta_step (D = $auto$rtlil.cc:3402:Mux$1605, Q = \o_r[2], rval = 24'000000000000000000000000).
Adding SRST signal on $auto$ff.cc:337:slice$2342 ($dffe) from module gated_delta_step (D = $auto$rtlil.cc:3402:Mux$1613 [22:0], Q = \delta[2] [22:0], rval = 23'00000000000000000000000).

7.19.24. Executing OPT_CLEAN pass (remove unused cells and wires).
Finding unused cells or wires in module \gated_delta_step..
Removed 19 unused cells and 44 unused wires.
<suppressed ~20 debug messages>

7.19.25. Executing OPT_EXPR pass (perform const folding).
Optimizing module gated_delta_step.

7.19.26. Rerunning OPT passes. (Maybe there is more to do..)

7.19.27. Executing OPT_MUXTREE pass (detect dead branches in mux trees).
Running muxtree optimizer on module \gated_delta_step..
  Creating internal representation of mux trees.
  Evaluating internal representation of mux trees.
  Analyzing evaluation results.
Removed 0 multiplexer ports.
<suppressed ~76 debug messages>

7.19.28. Executing OPT_REDUCE pass (consolidate $*mux and $reduce_* inputs).
  Optimizing cells in module \gated_delta_step.
Performed a total of 0 changes.

7.19.29. Executing OPT_MERGE pass (detect identical cells).
Finding identical cells in module `\gated_delta_step'.
Computing hashes of 296 cells of `\gated_delta_step'.
Finding duplicate cells in `\gated_delta_step'.
Removed a total of 0 cells.

7.19.30. Executing OPT_SHARE pass.

7.19.31. Executing OPT_DFF pass (perform DFF optimizations).

7.19.32. Executing OPT_CLEAN pass (remove unused cells and wires).
Finding unused cells or wires in module \gated_delta_step..

7.19.33. Executing OPT_EXPR pass (perform const folding).
Optimizing module gated_delta_step.

7.19.34. Finished fast OPT passes. (There is nothing left to do.)

7.20. Executing TECHMAP pass (map to technology primitives).

7.20.1. Executing Verilog-2005 frontend: /opt/homebrew/bin/../share/yosys/techmap.v
Parsing Verilog input from `/opt/homebrew/bin/../share/yosys/techmap.v' to AST representation.
Generating RTLIL representation for module `\_90_simplemap_bool_ops'.
Generating RTLIL representation for module `\_90_simplemap_reduce_ops'.
Generating RTLIL representation for module `\_90_simplemap_logic_ops'.
Generating RTLIL representation for module `\_90_simplemap_compare_ops'.
Generating RTLIL representation for module `\_90_simplemap_various'.
Generating RTLIL representation for module `\_90_simplemap_registers'.
Generating RTLIL representation for module `\_90_shift_ops_shr_shl_sshl_sshr'.
Generating RTLIL representation for module `\_90_shift_shiftx'.
Generating RTLIL representation for module `\_90_fa'.
Generating RTLIL representation for module `\_90_lcu_brent_kung'.
Generating RTLIL representation for module `\_90_alu'.
Generating RTLIL representation for module `\_90_macc'.
Generating RTLIL representation for module `\_90_alumacc'.
Generating RTLIL representation for module `$__div_mod_u'.
Generating RTLIL representation for module `$__div_mod_trunc'.
Generating RTLIL representation for module `\_90_div'.
Generating RTLIL representation for module `\_90_mod'.
Generating RTLIL representation for module `$__div_mod_floor'.
Generating RTLIL representation for module `\_90_divfloor'.
Generating RTLIL representation for module `\_90_modfloor'.
Generating RTLIL representation for module `\_90_pow'.
Generating RTLIL representation for module `\_90_demux'.
Generating RTLIL representation for module `\_90_lut'.
Generating RTLIL representation for module `$connect'.
Generating RTLIL representation for module `$input_port'.
Successfully finished Verilog frontend.

7.20.2. Continuing TECHMAP pass.
Using extmapper simplemap for cells of type $dffe.
Using extmapper simplemap for cells of type $sdffce.
Using extmapper simplemap for cells of type $ne.
Using extmapper simplemap for cells of type $sdff.
Using extmapper simplemap for cells of type $reduce_or.
Using extmapper simplemap for cells of type $and.
Using extmapper simplemap for cells of type $not.
Using extmapper simplemap for cells of type $or.
Using extmapper simplemap for cells of type $mux.
Using template $paramod$8fdcfe020be5e507ba05385ffd706e02b549d39d\_90_alu for cells of type $alu.
Using template $paramod$309203cf09bcb348305b6cfbf6994d71d59b6374\_90_alu for cells of type $alu.
Using template $paramod$962c02e58f658f52a79d612891094e908a8c053d\_90_alu for cells of type $alu.
Using template $paramod$175e67c02b86e96b1288b9dc100122520d7240d8\_90_alu for cells of type $alu.
Using extmapper simplemap for cells of type $xor.
Using template $paramod$994150a702e5e4a2d9cd4b3173f0e59cd8baecfe\_90_alu for cells of type $alu.
Using extmapper simplemap for cells of type $reduce_and.
Using template $paramod$e51ac1380e0e90a1e3785b58533985f351215e6d\_90_alu for cells of type $alu.
Using extmapper maccmap for cells of type $macc_v2.
  add { \s_ij [16] \s_ij [14:0] } * { 1'0 \g_r } (16x9 bits, signed)
  add { \s_ij [16] \s_ij [14:0] } * $0$mem2reg_rd$\k_r$/Users/toprakgundogdu/qwen-ffn-rom/rtl/gated_delta_step.v:66$4_DATA[7:0]$221 (16x8 bits, signed)
  add { \s_ij [16] \s_ij [14:0] } * $0$mem2reg_rd$\q_r$/Users/toprakgundogdu/qwen-ffn-rom/rtl/gated_delta_step.v:74$8_DATA[7:0]$233 (16x8 bits, signed)
  add $sub$/Users/toprakgundogdu/qwen-ffn-rom/rtl/gated_delta_step.v:68$55_Y * { 1'0 \beta_r } (32x9 bits, signed)
  add $memrd$\delta$/Users/toprakgundogdu/qwen-ffn-rom/rtl/gated_delta_step.v:69$57_DATA * $0$mem2reg_rd$\k_r$/Users/toprakgundogdu/qwen-ffn-rom/rtl/gated_delta_step.v:66$4_DATA[7:0]$221 (32x8 bits, signed)
Using extmapper simplemap for cells of type $sdffe.
Using extmapper simplemap for cells of type $reduce_bool.
Using extmapper simplemap for cells of type $eq.
Using extmapper simplemap for cells of type $dff.
Using extmapper simplemap for cells of type $pmux.
Using extmapper simplemap for cells of type $logic_not.
Using template $paramod\_90_fa\WIDTH=32'00000000000000000000000000100000 for cells of type $fa.
Using template $paramod$fbc7873bff55778c0b3173955b7e4bce1d9d6834\_90_alu for cells of type $alu.
Using template $paramod\_90_fa\WIDTH=32'00000000000000000000000000011000 for cells of type $fa.
Using template $paramod$e82d3fc1811c5751348a3964470632b35a435fc7\_90_alu for cells of type $alu.
Using template $paramod\_90_fa\WIDTH=32'00000000000000000000000000000010 for cells of type $fa.
Using template $paramod\_90_lcu_brent_kung\WIDTH=32'00000000000000000000000000000010 for cells of type $lcu.
Using extmapper simplemap for cells of type $pos.
Using template $paramod\_90_lcu_brent_kung\WIDTH=32'00000000000000000000000000100000 for cells of type $lcu.
Using template $paramod\_90_fa\WIDTH=32'00000000000000000000000000011001 for cells of type $fa.
Using template $paramod\_90_lcu_brent_kung\WIDTH=32'00000000000000000000000000011001 for cells of type $lcu.
Using template $paramod\_90_fa\WIDTH=32'00000000000000000000000000001010 for cells of type $fa.
Using template $paramod\_90_lcu_brent_kung\WIDTH=32'00000000000000000000000000001010 for cells of type $lcu.
Using template $paramod\_90_lcu_brent_kung\WIDTH=32'00000000000000000000000000011000 for cells of type $lcu.
No more expansions possible.
<suppressed ~2893 debug messages>

7.21. Executing OPT pass (performing simple optimizations).

7.21.1. Executing OPT_EXPR pass (perform const folding).
Optimizing module gated_delta_step.
<suppressed ~3102 debug messages>

7.21.2. Executing OPT_MERGE pass (detect identical cells).
Finding identical cells in module `\gated_delta_step'.
Computing hashes of 8964 cells of `\gated_delta_step'.
Finding duplicate cells in `\gated_delta_step'.
Computing hashes of 8656 cells of `\gated_delta_step'.
Finding duplicate cells in `\gated_delta_step'.
Computing hashes of 8548 cells of `\gated_delta_step'.
Finding duplicate cells in `\gated_delta_step'.
Computing hashes of 8491 cells of `\gated_delta_step'.
Finding duplicate cells in `\gated_delta_step'.
Computing hashes of 8425 cells of `\gated_delta_step'.
Finding duplicate cells in `\gated_delta_step'.
Computing hashes of 8368 cells of `\gated_delta_step'.
Finding duplicate cells in `\gated_delta_step'.
Computing hashes of 8336 cells of `\gated_delta_step'.
Finding duplicate cells in `\gated_delta_step'.
Computing hashes of 8318 cells of `\gated_delta_step'.
Finding duplicate cells in `\gated_delta_step'.
Computing hashes of 8310 cells of `\gated_delta_step'.
Finding duplicate cells in `\gated_delta_step'.
Computing hashes of 8303 cells of `\gated_delta_step'.
Finding duplicate cells in `\gated_delta_step'.
Computing hashes of 8300 cells of `\gated_delta_step'.
Finding duplicate cells in `\gated_delta_step'.
<suppressed ~1992 debug messages>
Removed a total of 664 cells.

7.21.3. Executing OPT_DFF pass (perform DFF optimizations).
Adding SRST signal on $auto$ff.cc:337:slice$2457 ($_DFFE_PP_) from module gated_delta_step (D = $auto$rtlil.cc:3402:Mux$1613 [23], Q = \delta[2] [30], rval = 1'0).
Adding SRST signal on $auto$ff.cc:337:slice$2561 ($_DFFE_PP_) from module gated_delta_step (D = $auto$rtlil.cc:3402:Mux$1621 [23], Q = \kv[1] [30], rval = 1'0).
Adding SRST signal on $auto$ff.cc:337:slice$2593 ($_DFFE_PP_) from module gated_delta_step (D = $auto$rtlil.cc:3402:Mux$1621 [23], Q = \kv[2] [30], rval = 1'0).
Adding SRST signal on $auto$ff.cc:337:slice$2625 ($_DFFE_PP_) from module gated_delta_step (D = $auto$rtlil.cc:3402:Mux$1621 [23], Q = \kv[0] [30], rval = 1'0).
Adding SRST signal on $auto$ff.cc:337:slice$2657 ($_DFFE_PP_) from module gated_delta_step (D = $auto$rtlil.cc:3402:Mux$1613 [23], Q = \delta[1] [30], rval = 1'0).
Adding SRST signal on $auto$ff.cc:337:slice$2689 ($_DFFE_PP_) from module gated_delta_step (D = $auto$rtlil.cc:3402:Mux$1613 [23], Q = \delta[0] [30], rval = 1'0).

7.21.4. Executing OPT_CLEAN pass (remove unused cells and wires).
Finding unused cells or wires in module \gated_delta_step..
Removed 606 unused cells and 1397 unused wires.
<suppressed ~607 debug messages>

7.21.5. Rerunning OPT passes. (Removed registers in this run.)

7.21.6. Executing OPT_EXPR pass (perform const folding).
Optimizing module gated_delta_step.
<suppressed ~2 debug messages>

7.21.7. Executing OPT_MERGE pass (detect identical cells).
Finding identical cells in module `\gated_delta_step'.
Computing hashes of 7692 cells of `\gated_delta_step'.
Finding duplicate cells in `\gated_delta_step'.
Computing hashes of 7689 cells of `\gated_delta_step'.
Finding duplicate cells in `\gated_delta_step'.
<suppressed ~9 debug messages>
Removed a total of 3 cells.

7.21.8. Executing OPT_DFF pass (perform DFF optimizations).

7.21.9. Executing OPT_CLEAN pass (remove unused cells and wires).
Finding unused cells or wires in module \gated_delta_step..
Removed 0 unused cells and 5 unused wires.
<suppressed ~1 debug messages>

7.21.10. Finished fast OPT passes.

7.22. Executing ABC pass (technology mapping using ABC).

7.22.1. Extracting gate netlist of module `\gated_delta_step' to `<abc-temp-dir>/input.blif'..

7.22.1.1. Executed ABC.
Extracted 6891 gates and 7500 wires to a netlist network with 607 inputs and 190 outputs.
Running ABC script: <abc-temp-dir>/abc.script
ABC: ======== ABC command line "source <abc-temp-dir>/abc.script"
ABC: + read_blif <abc-temp-dir>/input.blif 
ABC: + read_library <abc-temp-dir>/stdcells.genlib 
ABC: + strash 
ABC: + &get -n 
ABC: + &fraig -x 
ABC: + &put 
ABC: + scorr 
ABC: Warning: The network is combinational (run "fraig" or "fraig_sweep").
ABC: + dc2 
ABC: + dretime 
ABC: + strash 
ABC: + &get -n 
ABC: + &dch -f 
ABC: + &nf 
ABC: + &put 
ABC: + write_blif <abc-temp-dir>/output.blif 

7.22.1.2. Re-integrating ABC results.
ABC RESULTS:               AND cells:     1297
ABC RESULTS:            ANDNOT cells:      115
ABC RESULTS:               MUX cells:      205
ABC RESULTS:              NAND cells:     2886
ABC RESULTS:               NOR cells:       46
ABC RESULTS:               NOT cells:        6
ABC RESULTS:                OR cells:      226
ABC RESULTS:             ORNOT cells:       89
ABC RESULTS:              XNOR cells:      311
ABC RESULTS:               XOR cells:     1353
ABC RESULTS:        internal signals:     6703
ABC RESULTS:           input signals:      607
ABC RESULTS:          output signals:      190
Removing temp directory.
Removing global temp directory.

7.23. Executing OPT pass (performing simple optimizations).

7.23.1. Executing OPT_EXPR pass (perform const folding).
Optimizing module gated_delta_step.

7.23.2. Executing OPT_MERGE pass (detect identical cells).
Finding identical cells in module `\gated_delta_step'.
Computing hashes of 7332 cells of `\gated_delta_step'.
Finding duplicate cells in `\gated_delta_step'.
Removed a total of 0 cells.

7.23.3. Executing OPT_DFF pass (perform DFF optimizations).

7.23.4. Executing OPT_CLEAN pass (remove unused cells and wires).
Finding unused cells or wires in module \gated_delta_step..
Removed 0 unused cells and 1977 unused wires.
<suppressed ~5 debug messages>

7.23.5. Finished fast OPT passes.

7.24. Executing HIERARCHY pass (managing design hierarchy).
Attribute `top' found on module `gated_delta_step'. Setting top module to gated_delta_step.

7.24.1. Analyzing design hierarchy..
Top module:  \gated_delta_step

7.24.2. Analyzing design hierarchy..
Top module:  \gated_delta_step
Removed 0 unused modules.

7.25. Printing statistics.

=== gated_delta_step ===

        +----------Local Count, excluding submodules.
        | 
     6608 wires
     7767 wire bits
       73 public wires
     1231 public wire bits
       10 ports
      212 port bits
     7332 cells
      115   $_ANDNOT_
     1297   $_AND_
       72   $_DFFE_PP_
        7   $_DFF_P_
      205   $_MUX_
     2886   $_NAND_
       46   $_NOR_
        6   $_NOT_
       89   $_ORNOT_
      226   $_OR_
      472   $_SDFFCE_PN0P_
      244   $_SDFFE_PN0P_
        3   $_SDFF_PN0_
      311   $_XNOR_
     1353   $_XOR_

7.26. Executing CHECK pass (checking for obvious problems).
Checking module gated_delta_step...
Found and reported 0 problems.

8. Executing DFFLIBMAP pass (mapping DFF cells to sequential cells from liberty file).
  cell sky130_fd_sc_hd__dfxtp_1 (noninv, pins=3, area=20.02) is a direct match for cell type $_DFF_P_.
  cell sky130_fd_sc_hd__dfrtn_1 (noninv, pins=4, area=25.02) is a direct match for cell type $_DFF_NN0_.
  cell sky130_fd_sc_hd__dfrtp_1 (noninv, pins=4, area=25.02) is a direct match for cell type $_DFF_PN0_.
  cell sky130_fd_sc_hd__dfstp_2 (noninv, pins=4, area=26.28) is a direct match for cell type $_DFF_PN1_.
  cell sky130_fd_sc_hd__edfxtp_1 (noninv, pins=4, area=30.03) is a direct match for cell type $_DFFE_PP_.
  cell sky130_fd_sc_hd__dfbbn_1 (noninv, pins=6, area=32.53) is a direct match for cell type $_DFFSR_NNN_.
  cell sky130_fd_sc_hd__dfbbp_1 (noninv, pins=6, area=32.53) is a direct match for cell type $_DFFSR_PNN_.
  final dff cell mappings:
    unmapped dff cell: $_DFF_N_
    \sky130_fd_sc_hd__dfxtp_1 _DFF_P_ (.CLK( C), .D( D), .Q( Q));
    \sky130_fd_sc_hd__dfrtn_1 _DFF_NN0_ (.CLK_N( C), .D( D), .Q( Q), .RESET_B( R));
    unmapped dff cell: $_DFF_NN1_
    unmapped dff cell: $_DFF_NP0_
    unmapped dff cell: $_DFF_NP1_
    \sky130_fd_sc_hd__dfrtp_1 _DFF_PN0_ (.CLK( C), .D( D), .Q( Q), .RESET_B( R));
    \sky130_fd_sc_hd__dfstp_2 _DFF_PN1_ (.CLK( C), .D( D), .Q( Q), .SET_B( R));
    unmapped dff cell: $_DFF_PP0_
    unmapped dff cell: $_DFF_PP1_
    unmapped dff cell: $_DFFE_NN_
    unmapped dff cell: $_DFFE_NP_
    unmapped dff cell: $_DFFE_PN_
    \sky130_fd_sc_hd__edfxtp_1 _DFFE_PP_ (.CLK( C), .D( D), .DE( E), .Q( Q));
    \sky130_fd_sc_hd__dfbbn_1 _DFFSR_NNN_ (.CLK_N( C), .D( D), .Q( Q), .Q_N(~Q), .RESET_B( R), .SET_B( S));
    unmapped dff cell: $_DFFSR_NNP_
    unmapped dff cell: $_DFFSR_NPN_
    unmapped dff cell: $_DFFSR_NPP_
    \sky130_fd_sc_hd__dfbbp_1 _DFFSR_PNN_ (.CLK( C), .D( D), .Q( Q), .Q_N(~Q), .RESET_B( R), .SET_B( S));
    unmapped dff cell: $_DFFSR_PNP_
    unmapped dff cell: $_DFFSR_PPN_
    unmapped dff cell: $_DFFSR_PPP_

8.1. Executing DFFLEGALIZE pass (convert FFs to types supported by the target).
<suppressed ~24 debug messages>
Mapping DFF cells in module `\gated_delta_step':
  mapped 544 $_DFFE_PP_ cells to \sky130_fd_sc_hd__edfxtp_1 cells.
  mapped 254 $_DFF_P_ cells to \sky130_fd_sc_hd__dfxtp_1 cells.

9. Executing ABC pass (technology mapping using ABC).

9.1. Extracting gate netlist of module `\gated_delta_step' to `<abc-temp-dir>/input.blif'..
ABC: using cached merged SCL: /var/folders/8g/t_1gk85s4m70jtjyvhs3xc5h0000gn/T/yosys-liberty-scl-cache/yosys_merged_5e93c8fc.scl (1 files)

9.1.1. Executed ABC.
Extracted 7497 gates and 8409 wires to a netlist network with 911 inputs and 826 outputs.
Running ABC script: <abc-temp-dir>/abc.script
ABC: ======== ABC command line "source <abc-temp-dir>/abc.script"
ABC: + read_blif <abc-temp-dir>/input.blif 
ABC: + read_scl /var/folders/8g/t_1gk85s4m70jtjyvhs3xc5h0000gn/T/yosys-liberty-scl-cache/yosys_merged_5e93c8fc.scl 
ABC: Warning: Detected 9 multi-output cells (for example, "sky130_fd_sc_hd__fa_1").
ABC: + strash 
ABC: + &get -n 
ABC: + &fraig -x 
ABC: + &put 
ABC: + scorr 
ABC: Warning: The network is combinational (run "fraig" or "fraig_sweep").
ABC: + dc2 
ABC: + dretime 
ABC: + strash 
ABC: + &get -n 
ABC: + &dch -f 
ABC: + &nf 
ABC: + &put 
ABC: + write_blif <abc-temp-dir>/output.blif 

9.1.2. Re-integrating ABC results.
ABC RESULTS:   sky130_fd_sc_hd__a211oi_1 cells:       13
ABC RESULTS:   sky130_fd_sc_hd__a21boi_0 cells:       16
ABC RESULTS:   sky130_fd_sc_hd__a21o_1 cells:       46
ABC RESULTS:   sky130_fd_sc_hd__a21oi_1 cells:      271
ABC RESULTS:   sky130_fd_sc_hd__a221o_1 cells:        4
ABC RESULTS:   sky130_fd_sc_hd__a221oi_1 cells:       27
ABC RESULTS:   sky130_fd_sc_hd__a222oi_1 cells:       25
ABC RESULTS:   sky130_fd_sc_hd__a22o_1 cells:      143
ABC RESULTS:   sky130_fd_sc_hd__a22oi_1 cells:       81
ABC RESULTS:   sky130_fd_sc_hd__a2bb2oi_1 cells:        6
ABC RESULTS:   sky130_fd_sc_hd__a311o_1 cells:        2
ABC RESULTS:   sky130_fd_sc_hd__a311oi_1 cells:        3
ABC RESULTS:   sky130_fd_sc_hd__a31o_1 cells:        4
ABC RESULTS:   sky130_fd_sc_hd__a31oi_1 cells:       54
ABC RESULTS:   sky130_fd_sc_hd__a32o_1 cells:        3
ABC RESULTS:   sky130_fd_sc_hd__a32oi_1 cells:        7
ABC RESULTS:   sky130_fd_sc_hd__a41o_1 cells:        2
ABC RESULTS:   sky130_fd_sc_hd__a41oi_1 cells:        4
ABC RESULTS:   sky130_fd_sc_hd__and2_0 cells:       74
ABC RESULTS:   sky130_fd_sc_hd__and3_1 cells:       45
ABC RESULTS:   sky130_fd_sc_hd__and3b_1 cells:       10
ABC RESULTS:   sky130_fd_sc_hd__and4_1 cells:       13
ABC RESULTS:   sky130_fd_sc_hd__clkinv_1 cells:      160
ABC RESULTS:   sky130_fd_sc_hd__lpflow_inputiso1p_1 cells:       67
ABC RESULTS:   sky130_fd_sc_hd__lpflow_isobufsrc_1 cells:      137
ABC RESULTS:   sky130_fd_sc_hd__maj3_1 cells:      242
ABC RESULTS:   sky130_fd_sc_hd__mux2_1 cells:        3
ABC RESULTS:   sky130_fd_sc_hd__mux2i_1 cells:        5
ABC RESULTS:   sky130_fd_sc_hd__mux4_2 cells:       54
ABC RESULTS:   sky130_fd_sc_hd__nand2_1 cells:      942
ABC RESULTS:   sky130_fd_sc_hd__nand2b_1 cells:       78
ABC RESULTS:   sky130_fd_sc_hd__nand3_1 cells:      167
ABC RESULTS:   sky130_fd_sc_hd__nand3b_1 cells:       14
ABC RESULTS:   sky130_fd_sc_hd__nand4_1 cells:       29
ABC RESULTS:   sky130_fd_sc_hd__nand4b_1 cells:        1
ABC RESULTS:   sky130_fd_sc_hd__nand4bb_1 cells:        2
ABC RESULTS:   sky130_fd_sc_hd__nor2_1 cells:     1052
ABC RESULTS:   sky130_fd_sc_hd__nor2b_1 cells:       58
ABC RESULTS:   sky130_fd_sc_hd__nor3_1 cells:      112
ABC RESULTS:   sky130_fd_sc_hd__nor3b_1 cells:       10
ABC RESULTS:   sky130_fd_sc_hd__nor4_1 cells:        7
ABC RESULTS:   sky130_fd_sc_hd__o211a_1 cells:        1
ABC RESULTS:   sky130_fd_sc_hd__o211ai_1 cells:        4
ABC RESULTS:   sky130_fd_sc_hd__o21a_1 cells:       24
ABC RESULTS:   sky130_fd_sc_hd__o21ai_0 cells:      386
ABC RESULTS:   sky130_fd_sc_hd__o21ba_1 cells:        3
ABC RESULTS:   sky130_fd_sc_hd__o21bai_1 cells:        8
ABC RESULTS:   sky130_fd_sc_hd__o221a_1 cells:        2
ABC RESULTS:   sky130_fd_sc_hd__o221ai_1 cells:        7
ABC RESULTS:   sky130_fd_sc_hd__o22a_1 cells:       10
ABC RESULTS:   sky130_fd_sc_hd__o22ai_1 cells:       40
ABC RESULTS:   sky130_fd_sc_hd__o2bb2ai_1 cells:        1
ABC RESULTS:   sky130_fd_sc_hd__o311a_1 cells:        1
ABC RESULTS:   sky130_fd_sc_hd__o311ai_0 cells:        2
ABC RESULTS:   sky130_fd_sc_hd__o31a_1 cells:        3
ABC RESULTS:   sky130_fd_sc_hd__o31ai_1 cells:       29
ABC RESULTS:   sky130_fd_sc_hd__o32a_1 cells:        7
ABC RESULTS:   sky130_fd_sc_hd__o32ai_1 cells:       29
ABC RESULTS:   sky130_fd_sc_hd__o41a_1 cells:        1
ABC RESULTS:   sky130_fd_sc_hd__o41ai_1 cells:       10
ABC RESULTS:   sky130_fd_sc_hd__or3_1 cells:       25
ABC RESULTS:   sky130_fd_sc_hd__or3b_1 cells:        5
ABC RESULTS:   sky130_fd_sc_hd__or4_1 cells:        9
ABC RESULTS:   sky130_fd_sc_hd__or4b_1 cells:        2
ABC RESULTS:   sky130_fd_sc_hd__xnor2_1 cells:      770
ABC RESULTS:   sky130_fd_sc_hd__xnor3_1 cells:       19
ABC RESULTS:   sky130_fd_sc_hd__xor2_1 cells:      554
ABC RESULTS:   sky130_fd_sc_hd__xor3_1 cells:       17
ABC RESULTS:        internal signals:     6672
ABC RESULTS:           input signals:      911
ABC RESULTS:          output signals:      826
Removing temp directory.
Removing global temp directory.

10. Executing OPT_CLEAN pass (remove unused cells and wires).
Finding unused cells or wires in module \gated_delta_step..
Removed 0 unused cells and 8408 unused wires.
<suppressed ~1 debug messages>

11. Printing statistics.

=== gated_delta_step ===

        +----------Local Count, excluding submodules.
        |        +-Local Area, excluding submodules.
        |        | 
     6036        - wires
     7195        - wire bits
       73        - public wires
     1231        - public wire bits
       10        - ports
      212        - port bits
     6760 5.91E+04 cells
       13   97.594   sky130_fd_sc_hd__a211oi_1
       16  120.115   sky130_fd_sc_hd__a21boi_0
       46  345.331   sky130_fd_sc_hd__a21o_1
      271 1.36E+03   sky130_fd_sc_hd__a21oi_1
        4   40.038   sky130_fd_sc_hd__a221o_1
       27  236.477   sky130_fd_sc_hd__a221oi_1
       25   250.24   sky130_fd_sc_hd__a222oi_1
      143 1.25E+03   sky130_fd_sc_hd__a22o_1
       81  608.083   sky130_fd_sc_hd__a22oi_1
        6    52.55   sky130_fd_sc_hd__a2bb2oi_1
        2   20.019   sky130_fd_sc_hd__a311o_1
        3   26.275   sky130_fd_sc_hd__a311oi_1
        4   35.034   sky130_fd_sc_hd__a31o_1
       54  337.824   sky130_fd_sc_hd__a31oi_1
        3   30.029   sky130_fd_sc_hd__a32o_1
        7   61.309   sky130_fd_sc_hd__a32oi_1
        2   20.019   sky130_fd_sc_hd__a41o_1
        4   35.034   sky130_fd_sc_hd__a41oi_1
       74  462.944   sky130_fd_sc_hd__and2_0
       45   281.52   sky130_fd_sc_hd__and3_1
       10   87.584   sky130_fd_sc_hd__and3b_1
       13  113.859   sky130_fd_sc_hd__and4_1
      160  600.576   sky130_fd_sc_hd__clkinv_1
      254 5.08E+03   sky130_fd_sc_hd__dfxtp_1
      544 1.63E+04   sky130_fd_sc_hd__edfxtp_1
       67  419.152   sky130_fd_sc_hd__lpflow_inputiso1p_1
      137  857.072   sky130_fd_sc_hd__lpflow_isobufsrc_1
      242 2.42E+03   sky130_fd_sc_hd__maj3_1
        3   33.782   sky130_fd_sc_hd__mux2_1
        5   50.048   sky130_fd_sc_hd__mux2i_1
       54 1.22E+03   sky130_fd_sc_hd__mux4_2
      942 3.54E+03   sky130_fd_sc_hd__nand2_1
       78  487.968   sky130_fd_sc_hd__nand2b_1
      167  835.802   sky130_fd_sc_hd__nand3_1
       14  105.101   sky130_fd_sc_hd__nand3b_1
       29  181.424   sky130_fd_sc_hd__nand4_1
        1    8.758   sky130_fd_sc_hd__nand4b_1
        2   22.522   sky130_fd_sc_hd__nand4bb_1
     1052 3.95E+03   sky130_fd_sc_hd__nor2_1
       58  362.848   sky130_fd_sc_hd__nor2b_1
      112  560.538   sky130_fd_sc_hd__nor3_1
       10   75.072   sky130_fd_sc_hd__nor3b_1
        7   43.792   sky130_fd_sc_hd__nor4_1
        1    10.01   sky130_fd_sc_hd__o211a_1
        4   30.029   sky130_fd_sc_hd__o211ai_1
       24  180.173   sky130_fd_sc_hd__o21a_1
      386 1.93E+03   sky130_fd_sc_hd__o21ai_0
        3   30.029   sky130_fd_sc_hd__o21ba_1
        8   60.058   sky130_fd_sc_hd__o21bai_1
        2   22.522   sky130_fd_sc_hd__o221a_1
        7   61.309   sky130_fd_sc_hd__o221ai_1
       10   87.584   sky130_fd_sc_hd__o22a_1
       40   250.24   sky130_fd_sc_hd__o22ai_1
        1    8.758   sky130_fd_sc_hd__o2bb2ai_1
        1    10.01   sky130_fd_sc_hd__o311a_1
        2   17.517   sky130_fd_sc_hd__o311ai_0
        3   26.275   sky130_fd_sc_hd__o31a_1
       29  217.709   sky130_fd_sc_hd__o31ai_1
        7   70.067   sky130_fd_sc_hd__o32a_1
       29  253.994   sky130_fd_sc_hd__o32ai_1
        1   11.261   sky130_fd_sc_hd__o41a_1
       10   87.584   sky130_fd_sc_hd__o41ai_1
       25    156.4   sky130_fd_sc_hd__or3_1
        5   43.792   sky130_fd_sc_hd__or3b_1
        9   67.565   sky130_fd_sc_hd__or4_1
        2   20.019   sky130_fd_sc_hd__or4b_1
      770 6.74E+03   sky130_fd_sc_hd__xnor2_1
       19   427.91   sky130_fd_sc_hd__xnor3_1
      554 4.85E+03   sky130_fd_sc_hd__xor2_1
       17  404.138   sky130_fd_sc_hd__xor3_1

   Chip area for module '\gated_delta_step': 59141.721600
     of which used for sequential elements: 21420.544000 (36.22%)

Warnings: 3 unique messages, 3 total
End of script. Logfile hash: 9edd37c233, time: 4.49s, user: 1.47s, system: 0.06s, MEM: 70.02 MB peak
Yosys 0.68+post (git sha1 c12172fbae8af5e20f6fb52e3d4e92d56ed587b6, Release, AppleClang clang++ 16.0.0.16000026)
Time spent: 68% 2x abc (2 sec), 6% 29x opt_clean (0 sec), ...


Warning: Replacing memory \v_r with list of registers. See /Users/toprakgundogdu/qwen-ffn-rom/rtl/gated_delta_step.v:91
Warning: Replacing memory \k_r with list of registers. See /Users/toprakgundogdu/qwen-ffn-rom/rtl/gated_delta_step.v:90
Warning: Replacing memory \q_r with list of registers. See /Users/toprakgundogdu/qwen-ffn-rom/rtl/gated_delta_step.v:89
