
 /----------------------------------------------------------------------------\
 |  yosys -- Yosys Open SYnthesis Suite                                       |
 |  Copyright (C) 2012 - 2026  Claire Xenia Wolf <claire@yosyshq.com>         |
 |  Distributed under an ISC-like license, type "license" to see terms        |
 \----------------------------------------------------------------------------/
 Yosys 0.68+post (git sha1 c12172fbae8af5e20f6fb52e3d4e92d56ed587b6, Release, AppleClang clang++ 16.0.0.16000026)

-- Running command `
read_verilog -sv /Users/toprakgundogdu/qwen-ffn-rom/rtl/delta_s_col_ram.v
read_verilog -sv /Users/toprakgundogdu/qwen-ffn-rom/rtl/gated_delta_fused.v
read_verilog -sv /Users/toprakgundogdu/qwen-ffn-rom/rtl/gated_delta_d16_fused.v
hierarchy -check -top gated_delta_d16_fused
proc; flatten
opt_expr; opt_clean
synth -top gated_delta_d16_fused -noabc
dfflibmap -liberty /Users/toprakgundogdu/.volare/sky130A/libs.ref/sky130_fd_sc_hd/lib/sky130_fd_sc_hd__tt_025C_1v80.lib
abc -liberty /Users/toprakgundogdu/.volare/sky130A/libs.ref/sky130_fd_sc_hd/lib/sky130_fd_sc_hd__tt_025C_1v80.lib -script /Users/toprakgundogdu/qwen-ffn-rom/artifacts/eda/abc_strash_nf.script
opt_clean
stat -liberty /Users/toprakgundogdu/.volare/sky130A/libs.ref/sky130_fd_sc_hd/lib/sky130_fd_sc_hd__tt_025C_1v80.lib
' --

1. Executing Verilog-2005 frontend: /Users/toprakgundogdu/qwen-ffn-rom/rtl/delta_s_col_ram.v
Parsing SystemVerilog input from `/Users/toprakgundogdu/qwen-ffn-rom/rtl/delta_s_col_ram.v' to AST representation.
Generating RTLIL representation for module `\delta_s_col_ram'.
Successfully finished Verilog frontend.

2. Executing Verilog-2005 frontend: /Users/toprakgundogdu/qwen-ffn-rom/rtl/gated_delta_fused.v
Parsing SystemVerilog input from `/Users/toprakgundogdu/qwen-ffn-rom/rtl/gated_delta_fused.v' to AST representation.
Generating RTLIL representation for module `\gated_delta_fused_dot'.
Generating RTLIL representation for module `\gated_delta_fused'.
Warning: Replacing memory \wdata with list of registers. See /Users/toprakgundogdu/qwen-ffn-rom/rtl/gated_delta_fused.v:186
Warning: Replacing memory \v_r with list of registers. See /Users/toprakgundogdu/qwen-ffn-rom/rtl/gated_delta_fused.v:185
Warning: Replacing memory \k_r with list of registers. See /Users/toprakgundogdu/qwen-ffn-rom/rtl/gated_delta_fused.v:184
Warning: Replacing memory \q_r with list of registers. See /Users/toprakgundogdu/qwen-ffn-rom/rtl/gated_delta_fused.v:183
Successfully finished Verilog frontend.

3. Executing Verilog-2005 frontend: /Users/toprakgundogdu/qwen-ffn-rom/rtl/gated_delta_d16_fused.v
Parsing SystemVerilog input from `/Users/toprakgundogdu/qwen-ffn-rom/rtl/gated_delta_d16_fused.v' to AST representation.
Generating RTLIL representation for module `\gated_delta_d16_fused'.
Successfully finished Verilog frontend.

4. Executing HIERARCHY pass (managing design hierarchy).

4.1. Analyzing design hierarchy..
Top module:  \gated_delta_d16_fused
Used module:     \gated_delta_fused
Used module:         \delta_s_col_ram
Used module:         \gated_delta_fused_dot
Parameter \DEPTH = 16
Parameter \S_W = 16
Parameter \ADDR_W = 4

4.2. Executing AST frontend in derive mode using pre-parsed AST for module `\delta_s_col_ram'.
Parameter \DEPTH = 16
Parameter \S_W = 16
Parameter \ADDR_W = 4
Generating RTLIL representation for module `$paramod$0af7322157a0cb9528e4c21e617f7308440e4612\delta_s_col_ram'.
Parameter \DEPTH = 16
Parameter \S_W = 16
Parameter \ADDR_W = 4
Found cached RTLIL representation for module `$paramod$0af7322157a0cb9528e4c21e617f7308440e4612\delta_s_col_ram'.
Parameter \DEPTH = 16
Parameter \S_W = 16
Parameter \ADDR_W = 4
Found cached RTLIL representation for module `$paramod$0af7322157a0cb9528e4c21e617f7308440e4612\delta_s_col_ram'.
Parameter \DEPTH = 16
Parameter \S_W = 16
Parameter \ADDR_W = 4
Found cached RTLIL representation for module `$paramod$0af7322157a0cb9528e4c21e617f7308440e4612\delta_s_col_ram'.
Parameter \DEPTH = 16
Parameter \S_W = 16
Parameter \ADDR_W = 4
Found cached RTLIL representation for module `$paramod$0af7322157a0cb9528e4c21e617f7308440e4612\delta_s_col_ram'.
Parameter \DEPTH = 16
Parameter \S_W = 16
Parameter \ADDR_W = 4
Found cached RTLIL representation for module `$paramod$0af7322157a0cb9528e4c21e617f7308440e4612\delta_s_col_ram'.
Parameter \DEPTH = 16
Parameter \S_W = 16
Parameter \ADDR_W = 4
Found cached RTLIL representation for module `$paramod$0af7322157a0cb9528e4c21e617f7308440e4612\delta_s_col_ram'.
Parameter \DEPTH = 16
Parameter \S_W = 16
Parameter \ADDR_W = 4
Found cached RTLIL representation for module `$paramod$0af7322157a0cb9528e4c21e617f7308440e4612\delta_s_col_ram'.
Parameter \DEPTH = 16
Parameter \S_W = 16
Parameter \ADDR_W = 4
Found cached RTLIL representation for module `$paramod$0af7322157a0cb9528e4c21e617f7308440e4612\delta_s_col_ram'.
Parameter \DEPTH = 16
Parameter \S_W = 16
Parameter \ADDR_W = 4
Found cached RTLIL representation for module `$paramod$0af7322157a0cb9528e4c21e617f7308440e4612\delta_s_col_ram'.
Parameter \DEPTH = 16
Parameter \S_W = 16
Parameter \ADDR_W = 4
Found cached RTLIL representation for module `$paramod$0af7322157a0cb9528e4c21e617f7308440e4612\delta_s_col_ram'.
Parameter \DEPTH = 16
Parameter \S_W = 16
Parameter \ADDR_W = 4
Found cached RTLIL representation for module `$paramod$0af7322157a0cb9528e4c21e617f7308440e4612\delta_s_col_ram'.
Parameter \DEPTH = 16
Parameter \S_W = 16
Parameter \ADDR_W = 4
Found cached RTLIL representation for module `$paramod$0af7322157a0cb9528e4c21e617f7308440e4612\delta_s_col_ram'.
Parameter \DEPTH = 16
Parameter \S_W = 16
Parameter \ADDR_W = 4
Found cached RTLIL representation for module `$paramod$0af7322157a0cb9528e4c21e617f7308440e4612\delta_s_col_ram'.
Parameter \DEPTH = 16
Parameter \S_W = 16
Parameter \ADDR_W = 4
Found cached RTLIL representation for module `$paramod$0af7322157a0cb9528e4c21e617f7308440e4612\delta_s_col_ram'.
Parameter \DEPTH = 16
Parameter \S_W = 16
Parameter \ADDR_W = 4
Found cached RTLIL representation for module `$paramod$0af7322157a0cb9528e4c21e617f7308440e4612\delta_s_col_ram'.
Parameter \N = 16
Parameter \W = 32

4.3. Executing AST frontend in derive mode using pre-parsed AST for module `\gated_delta_fused_dot'.
Parameter \N = 16
Parameter \W = 32
Generating RTLIL representation for module `$paramod$f0bb9fc6e3e3da0cc8fc8fef2a506bb92eba0fe2\gated_delta_fused_dot'.
Parameter \N = 16
Parameter \W = 32
Found cached RTLIL representation for module `$paramod$f0bb9fc6e3e3da0cc8fc8fef2a506bb92eba0fe2\gated_delta_fused_dot'.
Reprocessing module gated_delta_fused because instantiated module $paramod$0af7322157a0cb9528e4c21e617f7308440e4612\delta_s_col_ram has become available.
Generating RTLIL representation for module `\gated_delta_fused'.
Warning: Replacing memory \wdata with list of registers. See /Users/toprakgundogdu/qwen-ffn-rom/rtl/gated_delta_fused.v:186
Warning: Replacing memory \v_r with list of registers. See /Users/toprakgundogdu/qwen-ffn-rom/rtl/gated_delta_fused.v:185
Warning: Replacing memory \k_r with list of registers. See /Users/toprakgundogdu/qwen-ffn-rom/rtl/gated_delta_fused.v:184
Warning: Replacing memory \q_r with list of registers. See /Users/toprakgundogdu/qwen-ffn-rom/rtl/gated_delta_fused.v:183
Parameter \D = 16

4.4. Executing AST frontend in derive mode using pre-parsed AST for module `\gated_delta_fused'.
Parameter \D = 16
Generating RTLIL representation for module `$paramod\gated_delta_fused\D=s32'00000000000000000000000000010000'.
Warning: Replacing memory \wdata with list of registers. See /Users/toprakgundogdu/qwen-ffn-rom/rtl/gated_delta_fused.v:186
Warning: Replacing memory \v_r with list of registers. See /Users/toprakgundogdu/qwen-ffn-rom/rtl/gated_delta_fused.v:185
Warning: Replacing memory \k_r with list of registers. See /Users/toprakgundogdu/qwen-ffn-rom/rtl/gated_delta_fused.v:184
Warning: Replacing memory \q_r with list of registers. See /Users/toprakgundogdu/qwen-ffn-rom/rtl/gated_delta_fused.v:183

4.5. Analyzing design hierarchy..
Top module:  \gated_delta_d16_fused
Used module:     $paramod\gated_delta_fused\D=s32'00000000000000000000000000010000
Used module:         \delta_s_col_ram
Used module:         \gated_delta_fused_dot
Parameter \DEPTH = 16
Parameter \S_W = 16
Parameter \ADDR_W = 4
Found cached RTLIL representation for module `$paramod$0af7322157a0cb9528e4c21e617f7308440e4612\delta_s_col_ram'.
Parameter \DEPTH = 16
Parameter \S_W = 16
Parameter \ADDR_W = 4
Found cached RTLIL representation for module `$paramod$0af7322157a0cb9528e4c21e617f7308440e4612\delta_s_col_ram'.
Parameter \DEPTH = 16
Parameter \S_W = 16
Parameter \ADDR_W = 4
Found cached RTLIL representation for module `$paramod$0af7322157a0cb9528e4c21e617f7308440e4612\delta_s_col_ram'.
Parameter \DEPTH = 16
Parameter \S_W = 16
Parameter \ADDR_W = 4
Found cached RTLIL representation for module `$paramod$0af7322157a0cb9528e4c21e617f7308440e4612\delta_s_col_ram'.
Parameter \DEPTH = 16
Parameter \S_W = 16
Parameter \ADDR_W = 4
Found cached RTLIL representation for module `$paramod$0af7322157a0cb9528e4c21e617f7308440e4612\delta_s_col_ram'.
Parameter \DEPTH = 16
Parameter \S_W = 16
Parameter \ADDR_W = 4
Found cached RTLIL representation for module `$paramod$0af7322157a0cb9528e4c21e617f7308440e4612\delta_s_col_ram'.
Parameter \DEPTH = 16
Parameter \S_W = 16
Parameter \ADDR_W = 4
Found cached RTLIL representation for module `$paramod$0af7322157a0cb9528e4c21e617f7308440e4612\delta_s_col_ram'.
Parameter \DEPTH = 16
Parameter \S_W = 16
Parameter \ADDR_W = 4
Found cached RTLIL representation for module `$paramod$0af7322157a0cb9528e4c21e617f7308440e4612\delta_s_col_ram'.
Parameter \DEPTH = 16
Parameter \S_W = 16
Parameter \ADDR_W = 4
Found cached RTLIL representation for module `$paramod$0af7322157a0cb9528e4c21e617f7308440e4612\delta_s_col_ram'.
Parameter \DEPTH = 16
Parameter \S_W = 16
Parameter \ADDR_W = 4
Found cached RTLIL representation for module `$paramod$0af7322157a0cb9528e4c21e617f7308440e4612\delta_s_col_ram'.
Parameter \DEPTH = 16
Parameter \S_W = 16
Parameter \ADDR_W = 4
Found cached RTLIL representation for module `$paramod$0af7322157a0cb9528e4c21e617f7308440e4612\delta_s_col_ram'.
Parameter \DEPTH = 16
Parameter \S_W = 16
Parameter \ADDR_W = 4
Found cached RTLIL representation for module `$paramod$0af7322157a0cb9528e4c21e617f7308440e4612\delta_s_col_ram'.
Parameter \DEPTH = 16
Parameter \S_W = 16
Parameter \ADDR_W = 4
Found cached RTLIL representation for module `$paramod$0af7322157a0cb9528e4c21e617f7308440e4612\delta_s_col_ram'.
Parameter \DEPTH = 16
Parameter \S_W = 16
Parameter \ADDR_W = 4
Found cached RTLIL representation for module `$paramod$0af7322157a0cb9528e4c21e617f7308440e4612\delta_s_col_ram'.
Parameter \DEPTH = 16
Parameter \S_W = 16
Parameter \ADDR_W = 4
Found cached RTLIL representation for module `$paramod$0af7322157a0cb9528e4c21e617f7308440e4612\delta_s_col_ram'.
Parameter \DEPTH = 16
Parameter \S_W = 16
Parameter \ADDR_W = 4
Found cached RTLIL representation for module `$paramod$0af7322157a0cb9528e4c21e617f7308440e4612\delta_s_col_ram'.
Parameter \N = 16
Parameter \W = 32
Found cached RTLIL representation for module `$paramod$f0bb9fc6e3e3da0cc8fc8fef2a506bb92eba0fe2\gated_delta_fused_dot'.
Parameter \N = 16
Parameter \W = 32
Found cached RTLIL representation for module `$paramod$f0bb9fc6e3e3da0cc8fc8fef2a506bb92eba0fe2\gated_delta_fused_dot'.

4.6. Analyzing design hierarchy..
Top module:  \gated_delta_d16_fused
Used module:     $paramod\gated_delta_fused\D=s32'00000000000000000000000000010000
Used module:         $paramod$0af7322157a0cb9528e4c21e617f7308440e4612\delta_s_col_ram
Used module:         $paramod$f0bb9fc6e3e3da0cc8fc8fef2a506bb92eba0fe2\gated_delta_fused_dot

4.7. Analyzing design hierarchy..
Top module:  \gated_delta_d16_fused
Used module:     $paramod\gated_delta_fused\D=s32'00000000000000000000000000010000
Used module:         $paramod$0af7322157a0cb9528e4c21e617f7308440e4612\delta_s_col_ram
Used module:         $paramod$f0bb9fc6e3e3da0cc8fc8fef2a506bb92eba0fe2\gated_delta_fused_dot
Removing unused module `\gated_delta_fused'.
Removing unused module `\gated_delta_fused_dot'.
Removing unused module `\delta_s_col_ram'.
Removed 3 unused modules.

5. Executing PROC pass (convert processes to netlists).

5.1. Executing PROC_CLEAN pass (remove empty switches from decision trees).
Cleaned up 0 empty switches.

5.2. Executing PROC_RMDEAD pass (remove dead branches from decision trees).
Removed 1 dead cases from process $proc$/Users/toprakgundogdu/qwen-ffn-rom/rtl/gated_delta_fused.v:142$1011 in module $paramod\gated_delta_fused\D=s32'00000000000000000000000000010000.
Marked 1 switch rules as full_case in process $proc$/Users/toprakgundogdu/qwen-ffn-rom/rtl/gated_delta_fused.v:142$1011 in module $paramod\gated_delta_fused\D=s32'00000000000000000000000000010000.
Removed 1 dead cases from process $proc$/Users/toprakgundogdu/qwen-ffn-rom/rtl/gated_delta_fused.v:142$1008 in module $paramod\gated_delta_fused\D=s32'00000000000000000000000000010000.
Marked 1 switch rules as full_case in process $proc$/Users/toprakgundogdu/qwen-ffn-rom/rtl/gated_delta_fused.v:142$1008 in module $paramod\gated_delta_fused\D=s32'00000000000000000000000000010000.
Marked 5 switch rules as full_case in process $proc$/Users/toprakgundogdu/qwen-ffn-rom/rtl/gated_delta_fused.v:170$862 in module $paramod\gated_delta_fused\D=s32'00000000000000000000000000010000.
Marked 1 switch rules as full_case in process $proc$/Users/toprakgundogdu/qwen-ffn-rom/rtl/delta_s_col_ram.v:26$406 in module $paramod$0af7322157a0cb9528e4c21e617f7308440e4612\delta_s_col_ram.
Removed a total of 2 dead cases.

5.3. Executing PROC_PRUNE pass (remove redundant assignments in processes).
Removed 0 redundant assignments.
Promoted 127 assignments to connections.

5.4. Executing PROC_INIT pass (extract init attributes).

5.5. Executing PROC_ARST pass (detect async resets in processes).

5.6. Executing PROC_ROM pass (convert switches to ROMs).
Converted 0 switches.
<suppressed ~8 debug messages>

5.7. Executing PROC_MUX pass (convert decision trees to multiplexers).
Creating decoders for process `$paramod$f0bb9fc6e3e3da0cc8fc8fef2a506bb92eba0fe2\gated_delta_fused_dot.$proc$/Users/toprakgundogdu/qwen-ffn-rom/rtl/gated_delta_fused.v:31$447'.
Creating decoders for process `$paramod\gated_delta_fused\D=s32'00000000000000000000000000010000.$proc$/Users/toprakgundogdu/qwen-ffn-rom/rtl/gated_delta_fused.v:152$1169'.
Creating decoders for process `$paramod\gated_delta_fused\D=s32'00000000000000000000000000010000.$proc$/Users/toprakgundogdu/qwen-ffn-rom/rtl/gated_delta_fused.v:152$1164'.
Creating decoders for process `$paramod\gated_delta_fused\D=s32'00000000000000000000000000010000.$proc$/Users/toprakgundogdu/qwen-ffn-rom/rtl/gated_delta_fused.v:152$1159'.
Creating decoders for process `$paramod\gated_delta_fused\D=s32'00000000000000000000000000010000.$proc$/Users/toprakgundogdu/qwen-ffn-rom/rtl/gated_delta_fused.v:152$1154'.
Creating decoders for process `$paramod\gated_delta_fused\D=s32'00000000000000000000000000010000.$proc$/Users/toprakgundogdu/qwen-ffn-rom/rtl/gated_delta_fused.v:152$1149'.
Creating decoders for process `$paramod\gated_delta_fused\D=s32'00000000000000000000000000010000.$proc$/Users/toprakgundogdu/qwen-ffn-rom/rtl/gated_delta_fused.v:152$1144'.
Creating decoders for process `$paramod\gated_delta_fused\D=s32'00000000000000000000000000010000.$proc$/Users/toprakgundogdu/qwen-ffn-rom/rtl/gated_delta_fused.v:152$1139'.
Creating decoders for process `$paramod\gated_delta_fused\D=s32'00000000000000000000000000010000.$proc$/Users/toprakgundogdu/qwen-ffn-rom/rtl/gated_delta_fused.v:152$1134'.
Creating decoders for process `$paramod\gated_delta_fused\D=s32'00000000000000000000000000010000.$proc$/Users/toprakgundogdu/qwen-ffn-rom/rtl/gated_delta_fused.v:152$1129'.
Creating decoders for process `$paramod\gated_delta_fused\D=s32'00000000000000000000000000010000.$proc$/Users/toprakgundogdu/qwen-ffn-rom/rtl/gated_delta_fused.v:152$1124'.
Creating decoders for process `$paramod\gated_delta_fused\D=s32'00000000000000000000000000010000.$proc$/Users/toprakgundogdu/qwen-ffn-rom/rtl/gated_delta_fused.v:152$1119'.
Creating decoders for process `$paramod\gated_delta_fused\D=s32'00000000000000000000000000010000.$proc$/Users/toprakgundogdu/qwen-ffn-rom/rtl/gated_delta_fused.v:152$1114'.
Creating decoders for process `$paramod\gated_delta_fused\D=s32'00000000000000000000000000010000.$proc$/Users/toprakgundogdu/qwen-ffn-rom/rtl/gated_delta_fused.v:152$1109'.
Creating decoders for process `$paramod\gated_delta_fused\D=s32'00000000000000000000000000010000.$proc$/Users/toprakgundogdu/qwen-ffn-rom/rtl/gated_delta_fused.v:152$1104'.
Creating decoders for process `$paramod\gated_delta_fused\D=s32'00000000000000000000000000010000.$proc$/Users/toprakgundogdu/qwen-ffn-rom/rtl/gated_delta_fused.v:152$1099'.
Creating decoders for process `$paramod\gated_delta_fused\D=s32'00000000000000000000000000010000.$proc$/Users/toprakgundogdu/qwen-ffn-rom/rtl/gated_delta_fused.v:152$1094'.
Creating decoders for process `$paramod\gated_delta_fused\D=s32'00000000000000000000000000010000.$proc$/Users/toprakgundogdu/qwen-ffn-rom/rtl/gated_delta_fused.v:130$1093'.
Creating decoders for process `$paramod\gated_delta_fused\D=s32'00000000000000000000000000010000.$proc$/Users/toprakgundogdu/qwen-ffn-rom/rtl/gated_delta_fused.v:130$1092'.
Creating decoders for process `$paramod\gated_delta_fused\D=s32'00000000000000000000000000010000.$proc$/Users/toprakgundogdu/qwen-ffn-rom/rtl/gated_delta_fused.v:130$1091'.
Creating decoders for process `$paramod\gated_delta_fused\D=s32'00000000000000000000000000010000.$proc$/Users/toprakgundogdu/qwen-ffn-rom/rtl/gated_delta_fused.v:130$1090'.
Creating decoders for process `$paramod\gated_delta_fused\D=s32'00000000000000000000000000010000.$proc$/Users/toprakgundogdu/qwen-ffn-rom/rtl/gated_delta_fused.v:130$1089'.
Creating decoders for process `$paramod\gated_delta_fused\D=s32'00000000000000000000000000010000.$proc$/Users/toprakgundogdu/qwen-ffn-rom/rtl/gated_delta_fused.v:130$1088'.
Creating decoders for process `$paramod\gated_delta_fused\D=s32'00000000000000000000000000010000.$proc$/Users/toprakgundogdu/qwen-ffn-rom/rtl/gated_delta_fused.v:130$1087'.
Creating decoders for process `$paramod\gated_delta_fused\D=s32'00000000000000000000000000010000.$proc$/Users/toprakgundogdu/qwen-ffn-rom/rtl/gated_delta_fused.v:130$1086'.
Creating decoders for process `$paramod\gated_delta_fused\D=s32'00000000000000000000000000010000.$proc$/Users/toprakgundogdu/qwen-ffn-rom/rtl/gated_delta_fused.v:130$1085'.
Creating decoders for process `$paramod\gated_delta_fused\D=s32'00000000000000000000000000010000.$proc$/Users/toprakgundogdu/qwen-ffn-rom/rtl/gated_delta_fused.v:130$1084'.
Creating decoders for process `$paramod\gated_delta_fused\D=s32'00000000000000000000000000010000.$proc$/Users/toprakgundogdu/qwen-ffn-rom/rtl/gated_delta_fused.v:130$1083'.
Creating decoders for process `$paramod\gated_delta_fused\D=s32'00000000000000000000000000010000.$proc$/Users/toprakgundogdu/qwen-ffn-rom/rtl/gated_delta_fused.v:130$1082'.
Creating decoders for process `$paramod\gated_delta_fused\D=s32'00000000000000000000000000010000.$proc$/Users/toprakgundogdu/qwen-ffn-rom/rtl/gated_delta_fused.v:130$1081'.
Creating decoders for process `$paramod\gated_delta_fused\D=s32'00000000000000000000000000010000.$proc$/Users/toprakgundogdu/qwen-ffn-rom/rtl/gated_delta_fused.v:130$1080'.
Creating decoders for process `$paramod\gated_delta_fused\D=s32'00000000000000000000000000010000.$proc$/Users/toprakgundogdu/qwen-ffn-rom/rtl/gated_delta_fused.v:130$1079'.
Creating decoders for process `$paramod\gated_delta_fused\D=s32'00000000000000000000000000010000.$proc$/Users/toprakgundogdu/qwen-ffn-rom/rtl/gated_delta_fused.v:130$1078'.
Creating decoders for process `$paramod\gated_delta_fused\D=s32'00000000000000000000000000010000.$proc$/Users/toprakgundogdu/qwen-ffn-rom/rtl/gated_delta_fused.v:109$1077'.
Creating decoders for process `$paramod\gated_delta_fused\D=s32'00000000000000000000000000010000.$proc$/Users/toprakgundogdu/qwen-ffn-rom/rtl/gated_delta_fused.v:109$1076'.
Creating decoders for process `$paramod\gated_delta_fused\D=s32'00000000000000000000000000010000.$proc$/Users/toprakgundogdu/qwen-ffn-rom/rtl/gated_delta_fused.v:109$1075'.
Creating decoders for process `$paramod\gated_delta_fused\D=s32'00000000000000000000000000010000.$proc$/Users/toprakgundogdu/qwen-ffn-rom/rtl/gated_delta_fused.v:109$1074'.
Creating decoders for process `$paramod\gated_delta_fused\D=s32'00000000000000000000000000010000.$proc$/Users/toprakgundogdu/qwen-ffn-rom/rtl/gated_delta_fused.v:109$1073'.
Creating decoders for process `$paramod\gated_delta_fused\D=s32'00000000000000000000000000010000.$proc$/Users/toprakgundogdu/qwen-ffn-rom/rtl/gated_delta_fused.v:109$1072'.
Creating decoders for process `$paramod\gated_delta_fused\D=s32'00000000000000000000000000010000.$proc$/Users/toprakgundogdu/qwen-ffn-rom/rtl/gated_delta_fused.v:109$1071'.
Creating decoders for process `$paramod\gated_delta_fused\D=s32'00000000000000000000000000010000.$proc$/Users/toprakgundogdu/qwen-ffn-rom/rtl/gated_delta_fused.v:109$1070'.
Creating decoders for process `$paramod\gated_delta_fused\D=s32'00000000000000000000000000010000.$proc$/Users/toprakgundogdu/qwen-ffn-rom/rtl/gated_delta_fused.v:109$1069'.
Creating decoders for process `$paramod\gated_delta_fused\D=s32'00000000000000000000000000010000.$proc$/Users/toprakgundogdu/qwen-ffn-rom/rtl/gated_delta_fused.v:109$1068'.
Creating decoders for process `$paramod\gated_delta_fused\D=s32'00000000000000000000000000010000.$proc$/Users/toprakgundogdu/qwen-ffn-rom/rtl/gated_delta_fused.v:109$1067'.
Creating decoders for process `$paramod\gated_delta_fused\D=s32'00000000000000000000000000010000.$proc$/Users/toprakgundogdu/qwen-ffn-rom/rtl/gated_delta_fused.v:109$1066'.
Creating decoders for process `$paramod\gated_delta_fused\D=s32'00000000000000000000000000010000.$proc$/Users/toprakgundogdu/qwen-ffn-rom/rtl/gated_delta_fused.v:109$1065'.
Creating decoders for process `$paramod\gated_delta_fused\D=s32'00000000000000000000000000010000.$proc$/Users/toprakgundogdu/qwen-ffn-rom/rtl/gated_delta_fused.v:109$1064'.
Creating decoders for process `$paramod\gated_delta_fused\D=s32'00000000000000000000000000010000.$proc$/Users/toprakgundogdu/qwen-ffn-rom/rtl/gated_delta_fused.v:109$1063'.
Creating decoders for process `$paramod\gated_delta_fused\D=s32'00000000000000000000000000010000.$proc$/Users/toprakgundogdu/qwen-ffn-rom/rtl/gated_delta_fused.v:109$1062'.
Creating decoders for process `$paramod\gated_delta_fused\D=s32'00000000000000000000000000010000.$proc$/Users/toprakgundogdu/qwen-ffn-rom/rtl/gated_delta_fused.v:77$1061'.
Creating decoders for process `$paramod\gated_delta_fused\D=s32'00000000000000000000000000010000.$proc$/Users/toprakgundogdu/qwen-ffn-rom/rtl/gated_delta_fused.v:76$1060'.
Creating decoders for process `$paramod\gated_delta_fused\D=s32'00000000000000000000000000010000.$proc$/Users/toprakgundogdu/qwen-ffn-rom/rtl/gated_delta_fused.v:75$1059'.
Creating decoders for process `$paramod\gated_delta_fused\D=s32'00000000000000000000000000010000.$proc$/Users/toprakgundogdu/qwen-ffn-rom/rtl/gated_delta_fused.v:77$1058'.
Creating decoders for process `$paramod\gated_delta_fused\D=s32'00000000000000000000000000010000.$proc$/Users/toprakgundogdu/qwen-ffn-rom/rtl/gated_delta_fused.v:76$1057'.
Creating decoders for process `$paramod\gated_delta_fused\D=s32'00000000000000000000000000010000.$proc$/Users/toprakgundogdu/qwen-ffn-rom/rtl/gated_delta_fused.v:75$1056'.
Creating decoders for process `$paramod\gated_delta_fused\D=s32'00000000000000000000000000010000.$proc$/Users/toprakgundogdu/qwen-ffn-rom/rtl/gated_delta_fused.v:77$1055'.
Creating decoders for process `$paramod\gated_delta_fused\D=s32'00000000000000000000000000010000.$proc$/Users/toprakgundogdu/qwen-ffn-rom/rtl/gated_delta_fused.v:76$1054'.
Creating decoders for process `$paramod\gated_delta_fused\D=s32'00000000000000000000000000010000.$proc$/Users/toprakgundogdu/qwen-ffn-rom/rtl/gated_delta_fused.v:75$1053'.
Creating decoders for process `$paramod\gated_delta_fused\D=s32'00000000000000000000000000010000.$proc$/Users/toprakgundogdu/qwen-ffn-rom/rtl/gated_delta_fused.v:77$1052'.
Creating decoders for process `$paramod\gated_delta_fused\D=s32'00000000000000000000000000010000.$proc$/Users/toprakgundogdu/qwen-ffn-rom/rtl/gated_delta_fused.v:76$1051'.
Creating decoders for process `$paramod\gated_delta_fused\D=s32'00000000000000000000000000010000.$proc$/Users/toprakgundogdu/qwen-ffn-rom/rtl/gated_delta_fused.v:75$1050'.
Creating decoders for process `$paramod\gated_delta_fused\D=s32'00000000000000000000000000010000.$proc$/Users/toprakgundogdu/qwen-ffn-rom/rtl/gated_delta_fused.v:77$1049'.
Creating decoders for process `$paramod\gated_delta_fused\D=s32'00000000000000000000000000010000.$proc$/Users/toprakgundogdu/qwen-ffn-rom/rtl/gated_delta_fused.v:76$1048'.
Creating decoders for process `$paramod\gated_delta_fused\D=s32'00000000000000000000000000010000.$proc$/Users/toprakgundogdu/qwen-ffn-rom/rtl/gated_delta_fused.v:75$1047'.
Creating decoders for process `$paramod\gated_delta_fused\D=s32'00000000000000000000000000010000.$proc$/Users/toprakgundogdu/qwen-ffn-rom/rtl/gated_delta_fused.v:77$1046'.
Creating decoders for process `$paramod\gated_delta_fused\D=s32'00000000000000000000000000010000.$proc$/Users/toprakgundogdu/qwen-ffn-rom/rtl/gated_delta_fused.v:76$1045'.
Creating decoders for process `$paramod\gated_delta_fused\D=s32'00000000000000000000000000010000.$proc$/Users/toprakgundogdu/qwen-ffn-rom/rtl/gated_delta_fused.v:75$1044'.
Creating decoders for process `$paramod\gated_delta_fused\D=s32'00000000000000000000000000010000.$proc$/Users/toprakgundogdu/qwen-ffn-rom/rtl/gated_delta_fused.v:77$1043'.
Creating decoders for process `$paramod\gated_delta_fused\D=s32'00000000000000000000000000010000.$proc$/Users/toprakgundogdu/qwen-ffn-rom/rtl/gated_delta_fused.v:76$1042'.
Creating decoders for process `$paramod\gated_delta_fused\D=s32'00000000000000000000000000010000.$proc$/Users/toprakgundogdu/qwen-ffn-rom/rtl/gated_delta_fused.v:75$1041'.
Creating decoders for process `$paramod\gated_delta_fused\D=s32'00000000000000000000000000010000.$proc$/Users/toprakgundogdu/qwen-ffn-rom/rtl/gated_delta_fused.v:77$1040'.
Creating decoders for process `$paramod\gated_delta_fused\D=s32'00000000000000000000000000010000.$proc$/Users/toprakgundogdu/qwen-ffn-rom/rtl/gated_delta_fused.v:76$1039'.
Creating decoders for process `$paramod\gated_delta_fused\D=s32'00000000000000000000000000010000.$proc$/Users/toprakgundogdu/qwen-ffn-rom/rtl/gated_delta_fused.v:75$1038'.
Creating decoders for process `$paramod\gated_delta_fused\D=s32'00000000000000000000000000010000.$proc$/Users/toprakgundogdu/qwen-ffn-rom/rtl/gated_delta_fused.v:77$1037'.
Creating decoders for process `$paramod\gated_delta_fused\D=s32'00000000000000000000000000010000.$proc$/Users/toprakgundogdu/qwen-ffn-rom/rtl/gated_delta_fused.v:76$1036'.
Creating decoders for process `$paramod\gated_delta_fused\D=s32'00000000000000000000000000010000.$proc$/Users/toprakgundogdu/qwen-ffn-rom/rtl/gated_delta_fused.v:75$1035'.
Creating decoders for process `$paramod\gated_delta_fused\D=s32'00000000000000000000000000010000.$proc$/Users/toprakgundogdu/qwen-ffn-rom/rtl/gated_delta_fused.v:77$1034'.
Creating decoders for process `$paramod\gated_delta_fused\D=s32'00000000000000000000000000010000.$proc$/Users/toprakgundogdu/qwen-ffn-rom/rtl/gated_delta_fused.v:76$1033'.
Creating decoders for process `$paramod\gated_delta_fused\D=s32'00000000000000000000000000010000.$proc$/Users/toprakgundogdu/qwen-ffn-rom/rtl/gated_delta_fused.v:75$1032'.
Creating decoders for process `$paramod\gated_delta_fused\D=s32'00000000000000000000000000010000.$proc$/Users/toprakgundogdu/qwen-ffn-rom/rtl/gated_delta_fused.v:77$1031'.
Creating decoders for process `$paramod\gated_delta_fused\D=s32'00000000000000000000000000010000.$proc$/Users/toprakgundogdu/qwen-ffn-rom/rtl/gated_delta_fused.v:76$1030'.
Creating decoders for process `$paramod\gated_delta_fused\D=s32'00000000000000000000000000010000.$proc$/Users/toprakgundogdu/qwen-ffn-rom/rtl/gated_delta_fused.v:75$1029'.
Creating decoders for process `$paramod\gated_delta_fused\D=s32'00000000000000000000000000010000.$proc$/Users/toprakgundogdu/qwen-ffn-rom/rtl/gated_delta_fused.v:77$1028'.
Creating decoders for process `$paramod\gated_delta_fused\D=s32'00000000000000000000000000010000.$proc$/Users/toprakgundogdu/qwen-ffn-rom/rtl/gated_delta_fused.v:76$1027'.
Creating decoders for process `$paramod\gated_delta_fused\D=s32'00000000000000000000000000010000.$proc$/Users/toprakgundogdu/qwen-ffn-rom/rtl/gated_delta_fused.v:75$1026'.
Creating decoders for process `$paramod\gated_delta_fused\D=s32'00000000000000000000000000010000.$proc$/Users/toprakgundogdu/qwen-ffn-rom/rtl/gated_delta_fused.v:77$1025'.
Creating decoders for process `$paramod\gated_delta_fused\D=s32'00000000000000000000000000010000.$proc$/Users/toprakgundogdu/qwen-ffn-rom/rtl/gated_delta_fused.v:76$1024'.
Creating decoders for process `$paramod\gated_delta_fused\D=s32'00000000000000000000000000010000.$proc$/Users/toprakgundogdu/qwen-ffn-rom/rtl/gated_delta_fused.v:75$1023'.
Creating decoders for process `$paramod\gated_delta_fused\D=s32'00000000000000000000000000010000.$proc$/Users/toprakgundogdu/qwen-ffn-rom/rtl/gated_delta_fused.v:77$1022'.
Creating decoders for process `$paramod\gated_delta_fused\D=s32'00000000000000000000000000010000.$proc$/Users/toprakgundogdu/qwen-ffn-rom/rtl/gated_delta_fused.v:76$1021'.
Creating decoders for process `$paramod\gated_delta_fused\D=s32'00000000000000000000000000010000.$proc$/Users/toprakgundogdu/qwen-ffn-rom/rtl/gated_delta_fused.v:75$1020'.
Creating decoders for process `$paramod\gated_delta_fused\D=s32'00000000000000000000000000010000.$proc$/Users/toprakgundogdu/qwen-ffn-rom/rtl/gated_delta_fused.v:77$1019'.
Creating decoders for process `$paramod\gated_delta_fused\D=s32'00000000000000000000000000010000.$proc$/Users/toprakgundogdu/qwen-ffn-rom/rtl/gated_delta_fused.v:76$1018'.
Creating decoders for process `$paramod\gated_delta_fused\D=s32'00000000000000000000000000010000.$proc$/Users/toprakgundogdu/qwen-ffn-rom/rtl/gated_delta_fused.v:75$1017'.
Creating decoders for process `$paramod\gated_delta_fused\D=s32'00000000000000000000000000010000.$proc$/Users/toprakgundogdu/qwen-ffn-rom/rtl/gated_delta_fused.v:77$1016'.
Creating decoders for process `$paramod\gated_delta_fused\D=s32'00000000000000000000000000010000.$proc$/Users/toprakgundogdu/qwen-ffn-rom/rtl/gated_delta_fused.v:76$1015'.
Creating decoders for process `$paramod\gated_delta_fused\D=s32'00000000000000000000000000010000.$proc$/Users/toprakgundogdu/qwen-ffn-rom/rtl/gated_delta_fused.v:75$1014'.
Creating decoders for process `$paramod\gated_delta_fused\D=s32'00000000000000000000000000010000.$proc$/Users/toprakgundogdu/qwen-ffn-rom/rtl/gated_delta_fused.v:142$1011'.
     1/1: $1$mem2reg_rd$\v_r$/Users/toprakgundogdu/qwen-ffn-rom/rtl/gated_delta_fused.v:142$854_DATA[7:0]$1013
Creating decoders for process `$paramod\gated_delta_fused\D=s32'00000000000000000000000000010000.$proc$/Users/toprakgundogdu/qwen-ffn-rom/rtl/gated_delta_fused.v:142$1008'.
     1/1: $1$mem2reg_rd$\v_r$/Users/toprakgundogdu/qwen-ffn-rom/rtl/gated_delta_fused.v:142$853_DATA[7:0]$1010
Creating decoders for process `$paramod\gated_delta_fused\D=s32'00000000000000000000000000010000.$proc$/Users/toprakgundogdu/qwen-ffn-rom/rtl/gated_delta_fused.v:170$862'.
     1/84: $3$lookahead\o_flat$861[383:0]$886
     2/84: $2$bitselwrite$pos$/Users/toprakgundogdu/qwen-ffn-rom/rtl/gated_delta_fused.v:237$852[31:0]$885
     3/84: $4\ii[31:0]
     4/84: $3\ii[31:0]
     5/84: $2\ii[31:0]
     6/84: $2$lookahead\o_flat$861[383:0]$871
     7/84: $2$bitselwrite$pos$/Users/toprakgundogdu/qwen-ffn-rom/rtl/gated_delta_fused.v:222$851[31:0]$870
     8/84: $1\ii[31:0]
     9/84: $1$lookahead\o_flat$861[383:0]$869
    10/84: $1$bitselwrite$pos$/Users/toprakgundogdu/qwen-ffn-rom/rtl/gated_delta_fused.v:237$852[31:0]$868
    11/84: $1$bitselwrite$pos$/Users/toprakgundogdu/qwen-ffn-rom/rtl/gated_delta_fused.v:222$851[31:0]$867
    12/84: $0\we[0:0]
    13/84: $0\done[0:0]
    14/84: $0\wdata[15][15:0]
    15/84: $0\wdata[14][15:0]
    16/84: $0\wdata[13][15:0]
    17/84: $0\wdata[12][15:0]
    18/84: $0\wdata[11][15:0]
    19/84: $0\wdata[10][15:0]
    20/84: $0\wdata[9][15:0]
    21/84: $0\wdata[8][15:0]
    22/84: $0\wdata[7][15:0]
    23/84: $0\wdata[6][15:0]
    24/84: $0\wdata[5][15:0]
    25/84: $0\wdata[4][15:0]
    26/84: $0\wdata[3][15:0]
    27/84: $0\wdata[2][15:0]
    28/84: $0\wdata[1][15:0]
    29/84: $0\wdata[0][15:0]
    30/84: $0\v_r[15][7:0]
    31/84: $0\v_r[14][7:0]
    32/84: $0\v_r[13][7:0]
    33/84: $0\v_r[12][7:0]
    34/84: $0\v_r[11][7:0]
    35/84: $0\v_r[10][7:0]
    36/84: $0\v_r[9][7:0]
    37/84: $0\v_r[8][7:0]
    38/84: $0\v_r[7][7:0]
    39/84: $0\v_r[6][7:0]
    40/84: $0\v_r[5][7:0]
    41/84: $0\v_r[4][7:0]
    42/84: $0\v_r[3][7:0]
    43/84: $0\v_r[2][7:0]
    44/84: $0\v_r[1][7:0]
    45/84: $0\v_r[0][7:0]
    46/84: $0\k_r[15][7:0]
    47/84: $0\k_r[14][7:0]
    48/84: $0\k_r[13][7:0]
    49/84: $0\k_r[12][7:0]
    50/84: $0\k_r[11][7:0]
    51/84: $0\k_r[10][7:0]
    52/84: $0\k_r[9][7:0]
    53/84: $0\k_r[8][7:0]
    54/84: $0\k_r[7][7:0]
    55/84: $0\k_r[6][7:0]
    56/84: $0\k_r[5][7:0]
    57/84: $0\k_r[4][7:0]
    58/84: $0\k_r[3][7:0]
    59/84: $0\k_r[2][7:0]
    60/84: $0\k_r[1][7:0]
    61/84: $0\k_r[0][7:0]
    62/84: $0\q_r[15][7:0]
    63/84: $0\q_r[14][7:0]
    64/84: $0\q_r[13][7:0]
    65/84: $0\q_r[12][7:0]
    66/84: $0\q_r[11][7:0]
    67/84: $0\q_r[10][7:0]
    68/84: $0\q_r[9][7:0]
    69/84: $0\q_r[8][7:0]
    70/84: $0\q_r[7][7:0]
    71/84: $0\q_r[6][7:0]
    72/84: $0\q_r[5][7:0]
    73/84: $0\q_r[4][7:0]
    74/84: $0\q_r[3][7:0]
    75/84: $0\q_r[2][7:0]
    76/84: $0\q_r[1][7:0]
    77/84: $0\q_r[0][7:0]
    78/84: $0\wcol[3:0]
    79/84: $0\ex_v[0:0]
    80/84: $0\col_ex[3:0]
    81/84: $0\col_iss[3:0]
    82/84: $0\st[1:0]
    83/84: $0\beta_r[8:0]
    84/84: $0\g_r[8:0]
Creating decoders for process `$paramod$0af7322157a0cb9528e4c21e617f7308440e4612\delta_s_col_ram.$proc$/Users/toprakgundogdu/qwen-ffn-rom/rtl/delta_s_col_ram.v:22$430'.
Creating decoders for process `$paramod$0af7322157a0cb9528e4c21e617f7308440e4612\delta_s_col_ram.$proc$/Users/toprakgundogdu/qwen-ffn-rom/rtl/delta_s_col_ram.v:26$406'.
     1/3: $1$memwr$\mem$/Users/toprakgundogdu/qwen-ffn-rom/rtl/delta_s_col_ram.v:28$405_EN[15:0]$412
     2/3: $1$memwr$\mem$/Users/toprakgundogdu/qwen-ffn-rom/rtl/delta_s_col_ram.v:28$405_DATA[15:0]$411
     3/3: $1$memwr$\mem$/Users/toprakgundogdu/qwen-ffn-rom/rtl/delta_s_col_ram.v:28$405_ADDR[3:0]$410

5.8. Executing PROC_DLATCH pass (convert process syncs to latches).
No latch inferred for signal `$paramod$f0bb9fc6e3e3da0cc8fc8fef2a506bb92eba0fe2\gated_delta_fused_dot.\y' from process `$paramod$f0bb9fc6e3e3da0cc8fc8fef2a506bb92eba0fe2\gated_delta_fused_dot.$proc$/Users/toprakgundogdu/qwen-ffn-rom/rtl/gated_delta_fused.v:31$447'.
No latch inferred for signal `$paramod$f0bb9fc6e3e3da0cc8fc8fef2a506bb92eba0fe2\gated_delta_fused_dot.\k' from process `$paramod$f0bb9fc6e3e3da0cc8fc8fef2a506bb92eba0fe2\gated_delta_fused_dot.$proc$/Users/toprakgundogdu/qwen-ffn-rom/rtl/gated_delta_fused.v:31$447'.
No latch inferred for signal `$paramod$f0bb9fc6e3e3da0cc8fc8fef2a506bb92eba0fe2\gated_delta_fused_dot.\acc' from process `$paramod$f0bb9fc6e3e3da0cc8fc8fef2a506bb92eba0fe2\gated_delta_fused_dot.$proc$/Users/toprakgundogdu/qwen-ffn-rom/rtl/gated_delta_fused.v:31$447'.
No latch inferred for signal `$paramod\gated_delta_fused\D=s32'00000000000000000000000000010000.\s_nxt[15]' from process `$paramod\gated_delta_fused\D=s32'00000000000000000000000000010000.$proc$/Users/toprakgundogdu/qwen-ffn-rom/rtl/gated_delta_fused.v:152$1169'.
No latch inferred for signal `$paramod\gated_delta_fused\D=s32'00000000000000000000000000010000.\s_nxt[14]' from process `$paramod\gated_delta_fused\D=s32'00000000000000000000000000010000.$proc$/Users/toprakgundogdu/qwen-ffn-rom/rtl/gated_delta_fused.v:152$1164'.
No latch inferred for signal `$paramod\gated_delta_fused\D=s32'00000000000000000000000000010000.\s_nxt[13]' from process `$paramod\gated_delta_fused\D=s32'00000000000000000000000000010000.$proc$/Users/toprakgundogdu/qwen-ffn-rom/rtl/gated_delta_fused.v:152$1159'.
No latch inferred for signal `$paramod\gated_delta_fused\D=s32'00000000000000000000000000010000.\s_nxt[12]' from process `$paramod\gated_delta_fused\D=s32'00000000000000000000000000010000.$proc$/Users/toprakgundogdu/qwen-ffn-rom/rtl/gated_delta_fused.v:152$1154'.
No latch inferred for signal `$paramod\gated_delta_fused\D=s32'00000000000000000000000000010000.\s_nxt[11]' from process `$paramod\gated_delta_fused\D=s32'00000000000000000000000000010000.$proc$/Users/toprakgundogdu/qwen-ffn-rom/rtl/gated_delta_fused.v:152$1149'.
No latch inferred for signal `$paramod\gated_delta_fused\D=s32'00000000000000000000000000010000.\s_nxt[10]' from process `$paramod\gated_delta_fused\D=s32'00000000000000000000000000010000.$proc$/Users/toprakgundogdu/qwen-ffn-rom/rtl/gated_delta_fused.v:152$1144'.
No latch inferred for signal `$paramod\gated_delta_fused\D=s32'00000000000000000000000000010000.\s_nxt[9]' from process `$paramod\gated_delta_fused\D=s32'00000000000000000000000000010000.$proc$/Users/toprakgundogdu/qwen-ffn-rom/rtl/gated_delta_fused.v:152$1139'.
No latch inferred for signal `$paramod\gated_delta_fused\D=s32'00000000000000000000000000010000.\s_nxt[8]' from process `$paramod\gated_delta_fused\D=s32'00000000000000000000000000010000.$proc$/Users/toprakgundogdu/qwen-ffn-rom/rtl/gated_delta_fused.v:152$1134'.
No latch inferred for signal `$paramod\gated_delta_fused\D=s32'00000000000000000000000000010000.\s_nxt[7]' from process `$paramod\gated_delta_fused\D=s32'00000000000000000000000000010000.$proc$/Users/toprakgundogdu/qwen-ffn-rom/rtl/gated_delta_fused.v:152$1129'.
No latch inferred for signal `$paramod\gated_delta_fused\D=s32'00000000000000000000000000010000.\s_nxt[6]' from process `$paramod\gated_delta_fused\D=s32'00000000000000000000000000010000.$proc$/Users/toprakgundogdu/qwen-ffn-rom/rtl/gated_delta_fused.v:152$1124'.
No latch inferred for signal `$paramod\gated_delta_fused\D=s32'00000000000000000000000000010000.\s_nxt[5]' from process `$paramod\gated_delta_fused\D=s32'00000000000000000000000000010000.$proc$/Users/toprakgundogdu/qwen-ffn-rom/rtl/gated_delta_fused.v:152$1119'.
No latch inferred for signal `$paramod\gated_delta_fused\D=s32'00000000000000000000000000010000.\s_nxt[4]' from process `$paramod\gated_delta_fused\D=s32'00000000000000000000000000010000.$proc$/Users/toprakgundogdu/qwen-ffn-rom/rtl/gated_delta_fused.v:152$1114'.
No latch inferred for signal `$paramod\gated_delta_fused\D=s32'00000000000000000000000000010000.\s_nxt[3]' from process `$paramod\gated_delta_fused\D=s32'00000000000000000000000000010000.$proc$/Users/toprakgundogdu/qwen-ffn-rom/rtl/gated_delta_fused.v:152$1109'.
No latch inferred for signal `$paramod\gated_delta_fused\D=s32'00000000000000000000000000010000.\s_nxt[2]' from process `$paramod\gated_delta_fused\D=s32'00000000000000000000000000010000.$proc$/Users/toprakgundogdu/qwen-ffn-rom/rtl/gated_delta_fused.v:152$1104'.
No latch inferred for signal `$paramod\gated_delta_fused\D=s32'00000000000000000000000000010000.\s_nxt[1]' from process `$paramod\gated_delta_fused\D=s32'00000000000000000000000000010000.$proc$/Users/toprakgundogdu/qwen-ffn-rom/rtl/gated_delta_fused.v:152$1099'.
No latch inferred for signal `$paramod\gated_delta_fused\D=s32'00000000000000000000000000010000.\s_nxt[0]' from process `$paramod\gated_delta_fused\D=s32'00000000000000000000000000010000.$proc$/Users/toprakgundogdu/qwen-ffn-rom/rtl/gated_delta_fused.v:152$1094'.
No latch inferred for signal `$paramod\gated_delta_fused\D=s32'00000000000000000000000000010000.\s_dec[15]' from process `$paramod\gated_delta_fused\D=s32'00000000000000000000000000010000.$proc$/Users/toprakgundogdu/qwen-ffn-rom/rtl/gated_delta_fused.v:130$1093'.
No latch inferred for signal `$paramod\gated_delta_fused\D=s32'00000000000000000000000000010000.\s_dec[14]' from process `$paramod\gated_delta_fused\D=s32'00000000000000000000000000010000.$proc$/Users/toprakgundogdu/qwen-ffn-rom/rtl/gated_delta_fused.v:130$1092'.
No latch inferred for signal `$paramod\gated_delta_fused\D=s32'00000000000000000000000000010000.\s_dec[13]' from process `$paramod\gated_delta_fused\D=s32'00000000000000000000000000010000.$proc$/Users/toprakgundogdu/qwen-ffn-rom/rtl/gated_delta_fused.v:130$1091'.
No latch inferred for signal `$paramod\gated_delta_fused\D=s32'00000000000000000000000000010000.\s_dec[12]' from process `$paramod\gated_delta_fused\D=s32'00000000000000000000000000010000.$proc$/Users/toprakgundogdu/qwen-ffn-rom/rtl/gated_delta_fused.v:130$1090'.
No latch inferred for signal `$paramod\gated_delta_fused\D=s32'00000000000000000000000000010000.\s_dec[11]' from process `$paramod\gated_delta_fused\D=s32'00000000000000000000000000010000.$proc$/Users/toprakgundogdu/qwen-ffn-rom/rtl/gated_delta_fused.v:130$1089'.
No latch inferred for signal `$paramod\gated_delta_fused\D=s32'00000000000000000000000000010000.\s_dec[10]' from process `$paramod\gated_delta_fused\D=s32'00000000000000000000000000010000.$proc$/Users/toprakgundogdu/qwen-ffn-rom/rtl/gated_delta_fused.v:130$1088'.
No latch inferred for signal `$paramod\gated_delta_fused\D=s32'00000000000000000000000000010000.\s_dec[9]' from process `$paramod\gated_delta_fused\D=s32'00000000000000000000000000010000.$proc$/Users/toprakgundogdu/qwen-ffn-rom/rtl/gated_delta_fused.v:130$1087'.
No latch inferred for signal `$paramod\gated_delta_fused\D=s32'00000000000000000000000000010000.\s_dec[8]' from process `$paramod\gated_delta_fused\D=s32'00000000000000000000000000010000.$proc$/Users/toprakgundogdu/qwen-ffn-rom/rtl/gated_delta_fused.v:130$1086'.
No latch inferred for signal `$paramod\gated_delta_fused\D=s32'00000000000000000000000000010000.\s_dec[7]' from process `$paramod\gated_delta_fused\D=s32'00000000000000000000000000010000.$proc$/Users/toprakgundogdu/qwen-ffn-rom/rtl/gated_delta_fused.v:130$1085'.
No latch inferred for signal `$paramod\gated_delta_fused\D=s32'00000000000000000000000000010000.\s_dec[6]' from process `$paramod\gated_delta_fused\D=s32'00000000000000000000000000010000.$proc$/Users/toprakgundogdu/qwen-ffn-rom/rtl/gated_delta_fused.v:130$1084'.
No latch inferred for signal `$paramod\gated_delta_fused\D=s32'00000000000000000000000000010000.\s_dec[5]' from process `$paramod\gated_delta_fused\D=s32'00000000000000000000000000010000.$proc$/Users/toprakgundogdu/qwen-ffn-rom/rtl/gated_delta_fused.v:130$1083'.
No latch inferred for signal `$paramod\gated_delta_fused\D=s32'00000000000000000000000000010000.\s_dec[4]' from process `$paramod\gated_delta_fused\D=s32'00000000000000000000000000010000.$proc$/Users/toprakgundogdu/qwen-ffn-rom/rtl/gated_delta_fused.v:130$1082'.
No latch inferred for signal `$paramod\gated_delta_fused\D=s32'00000000000000000000000000010000.\s_dec[3]' from process `$paramod\gated_delta_fused\D=s32'00000000000000000000000000010000.$proc$/Users/toprakgundogdu/qwen-ffn-rom/rtl/gated_delta_fused.v:130$1081'.
No latch inferred for signal `$paramod\gated_delta_fused\D=s32'00000000000000000000000000010000.\s_dec[2]' from process `$paramod\gated_delta_fused\D=s32'00000000000000000000000000010000.$proc$/Users/toprakgundogdu/qwen-ffn-rom/rtl/gated_delta_fused.v:130$1080'.
No latch inferred for signal `$paramod\gated_delta_fused\D=s32'00000000000000000000000000010000.\s_dec[1]' from process `$paramod\gated_delta_fused\D=s32'00000000000000000000000000010000.$proc$/Users/toprakgundogdu/qwen-ffn-rom/rtl/gated_delta_fused.v:130$1079'.
No latch inferred for signal `$paramod\gated_delta_fused\D=s32'00000000000000000000000000010000.\s_dec[0]' from process `$paramod\gated_delta_fused\D=s32'00000000000000000000000000010000.$proc$/Users/toprakgundogdu/qwen-ffn-rom/rtl/gated_delta_fused.v:130$1078'.
No latch inferred for signal `$paramod\gated_delta_fused\D=s32'00000000000000000000000000010000.\rdata[15]' from process `$paramod\gated_delta_fused\D=s32'00000000000000000000000000010000.$proc$/Users/toprakgundogdu/qwen-ffn-rom/rtl/gated_delta_fused.v:109$1077'.
No latch inferred for signal `$paramod\gated_delta_fused\D=s32'00000000000000000000000000010000.\rdata[14]' from process `$paramod\gated_delta_fused\D=s32'00000000000000000000000000010000.$proc$/Users/toprakgundogdu/qwen-ffn-rom/rtl/gated_delta_fused.v:109$1076'.
No latch inferred for signal `$paramod\gated_delta_fused\D=s32'00000000000000000000000000010000.\rdata[13]' from process `$paramod\gated_delta_fused\D=s32'00000000000000000000000000010000.$proc$/Users/toprakgundogdu/qwen-ffn-rom/rtl/gated_delta_fused.v:109$1075'.
No latch inferred for signal `$paramod\gated_delta_fused\D=s32'00000000000000000000000000010000.\rdata[12]' from process `$paramod\gated_delta_fused\D=s32'00000000000000000000000000010000.$proc$/Users/toprakgundogdu/qwen-ffn-rom/rtl/gated_delta_fused.v:109$1074'.
No latch inferred for signal `$paramod\gated_delta_fused\D=s32'00000000000000000000000000010000.\rdata[11]' from process `$paramod\gated_delta_fused\D=s32'00000000000000000000000000010000.$proc$/Users/toprakgundogdu/qwen-ffn-rom/rtl/gated_delta_fused.v:109$1073'.
No latch inferred for signal `$paramod\gated_delta_fused\D=s32'00000000000000000000000000010000.\rdata[10]' from process `$paramod\gated_delta_fused\D=s32'00000000000000000000000000010000.$proc$/Users/toprakgundogdu/qwen-ffn-rom/rtl/gated_delta_fused.v:109$1072'.
No latch inferred for signal `$paramod\gated_delta_fused\D=s32'00000000000000000000000000010000.\rdata[9]' from process `$paramod\gated_delta_fused\D=s32'00000000000000000000000000010000.$proc$/Users/toprakgundogdu/qwen-ffn-rom/rtl/gated_delta_fused.v:109$1071'.
No latch inferred for signal `$paramod\gated_delta_fused\D=s32'00000000000000000000000000010000.\rdata[8]' from process `$paramod\gated_delta_fused\D=s32'00000000000000000000000000010000.$proc$/Users/toprakgundogdu/qwen-ffn-rom/rtl/gated_delta_fused.v:109$1070'.
No latch inferred for signal `$paramod\gated_delta_fused\D=s32'00000000000000000000000000010000.\rdata[7]' from process `$paramod\gated_delta_fused\D=s32'00000000000000000000000000010000.$proc$/Users/toprakgundogdu/qwen-ffn-rom/rtl/gated_delta_fused.v:109$1069'.
No latch inferred for signal `$paramod\gated_delta_fused\D=s32'00000000000000000000000000010000.\rdata[6]' from process `$paramod\gated_delta_fused\D=s32'00000000000000000000000000010000.$proc$/Users/toprakgundogdu/qwen-ffn-rom/rtl/gated_delta_fused.v:109$1068'.
No latch inferred for signal `$paramod\gated_delta_fused\D=s32'00000000000000000000000000010000.\rdata[5]' from process `$paramod\gated_delta_fused\D=s32'00000000000000000000000000010000.$proc$/Users/toprakgundogdu/qwen-ffn-rom/rtl/gated_delta_fused.v:109$1067'.
No latch inferred for signal `$paramod\gated_delta_fused\D=s32'00000000000000000000000000010000.\rdata[4]' from process `$paramod\gated_delta_fused\D=s32'00000000000000000000000000010000.$proc$/Users/toprakgundogdu/qwen-ffn-rom/rtl/gated_delta_fused.v:109$1066'.
No latch inferred for signal `$paramod\gated_delta_fused\D=s32'00000000000000000000000000010000.\rdata[3]' from process `$paramod\gated_delta_fused\D=s32'00000000000000000000000000010000.$proc$/Users/toprakgundogdu/qwen-ffn-rom/rtl/gated_delta_fused.v:109$1065'.
No latch inferred for signal `$paramod\gated_delta_fused\D=s32'00000000000000000000000000010000.\rdata[2]' from process `$paramod\gated_delta_fused\D=s32'00000000000000000000000000010000.$proc$/Users/toprakgundogdu/qwen-ffn-rom/rtl/gated_delta_fused.v:109$1064'.
No latch inferred for signal `$paramod\gated_delta_fused\D=s32'00000000000000000000000000010000.\rdata[1]' from process `$paramod\gated_delta_fused\D=s32'00000000000000000000000000010000.$proc$/Users/toprakgundogdu/qwen-ffn-rom/rtl/gated_delta_fused.v:109$1063'.
No latch inferred for signal `$paramod\gated_delta_fused\D=s32'00000000000000000000000000010000.\rdata[0]' from process `$paramod\gated_delta_fused\D=s32'00000000000000000000000000010000.$proc$/Users/toprakgundogdu/qwen-ffn-rom/rtl/gated_delta_fused.v:109$1062'.
No latch inferred for signal `$paramod\gated_delta_fused\D=s32'00000000000000000000000000010000.\v_i[15]' from process `$paramod\gated_delta_fused\D=s32'00000000000000000000000000010000.$proc$/Users/toprakgundogdu/qwen-ffn-rom/rtl/gated_delta_fused.v:77$1061'.
No latch inferred for signal `$paramod\gated_delta_fused\D=s32'00000000000000000000000000010000.\k_i[15]' from process `$paramod\gated_delta_fused\D=s32'00000000000000000000000000010000.$proc$/Users/toprakgundogdu/qwen-ffn-rom/rtl/gated_delta_fused.v:76$1060'.
No latch inferred for signal `$paramod\gated_delta_fused\D=s32'00000000000000000000000000010000.\q_i[15]' from process `$paramod\gated_delta_fused\D=s32'00000000000000000000000000010000.$proc$/Users/toprakgundogdu/qwen-ffn-rom/rtl/gated_delta_fused.v:75$1059'.
No latch inferred for signal `$paramod\gated_delta_fused\D=s32'00000000000000000000000000010000.\v_i[14]' from process `$paramod\gated_delta_fused\D=s32'00000000000000000000000000010000.$proc$/Users/toprakgundogdu/qwen-ffn-rom/rtl/gated_delta_fused.v:77$1058'.
No latch inferred for signal `$paramod\gated_delta_fused\D=s32'00000000000000000000000000010000.\k_i[14]' from process `$paramod\gated_delta_fused\D=s32'00000000000000000000000000010000.$proc$/Users/toprakgundogdu/qwen-ffn-rom/rtl/gated_delta_fused.v:76$1057'.
No latch inferred for signal `$paramod\gated_delta_fused\D=s32'00000000000000000000000000010000.\q_i[14]' from process `$paramod\gated_delta_fused\D=s32'00000000000000000000000000010000.$proc$/Users/toprakgundogdu/qwen-ffn-rom/rtl/gated_delta_fused.v:75$1056'.
No latch inferred for signal `$paramod\gated_delta_fused\D=s32'00000000000000000000000000010000.\v_i[13]' from process `$paramod\gated_delta_fused\D=s32'00000000000000000000000000010000.$proc$/Users/toprakgundogdu/qwen-ffn-rom/rtl/gated_delta_fused.v:77$1055'.
No latch inferred for signal `$paramod\gated_delta_fused\D=s32'00000000000000000000000000010000.\k_i[13]' from process `$paramod\gated_delta_fused\D=s32'00000000000000000000000000010000.$proc$/Users/toprakgundogdu/qwen-ffn-rom/rtl/gated_delta_fused.v:76$1054'.
No latch inferred for signal `$paramod\gated_delta_fused\D=s32'00000000000000000000000000010000.\q_i[13]' from process `$paramod\gated_delta_fused\D=s32'00000000000000000000000000010000.$proc$/Users/toprakgundogdu/qwen-ffn-rom/rtl/gated_delta_fused.v:75$1053'.
No latch inferred for signal `$paramod\gated_delta_fused\D=s32'00000000000000000000000000010000.\v_i[12]' from process `$paramod\gated_delta_fused\D=s32'00000000000000000000000000010000.$proc$/Users/toprakgundogdu/qwen-ffn-rom/rtl/gated_delta_fused.v:77$1052'.
No latch inferred for signal `$paramod\gated_delta_fused\D=s32'00000000000000000000000000010000.\k_i[12]' from process `$paramod\gated_delta_fused\D=s32'00000000000000000000000000010000.$proc$/Users/toprakgundogdu/qwen-ffn-rom/rtl/gated_delta_fused.v:76$1051'.
No latch inferred for signal `$paramod\gated_delta_fused\D=s32'00000000000000000000000000010000.\q_i[12]' from process `$paramod\gated_delta_fused\D=s32'00000000000000000000000000010000.$proc$/Users/toprakgundogdu/qwen-ffn-rom/rtl/gated_delta_fused.v:75$1050'.
No latch inferred for signal `$paramod\gated_delta_fused\D=s32'00000000000000000000000000010000.\v_i[11]' from process `$paramod\gated_delta_fused\D=s32'00000000000000000000000000010000.$proc$/Users/toprakgundogdu/qwen-ffn-rom/rtl/gated_delta_fused.v:77$1049'.
No latch inferred for signal `$paramod\gated_delta_fused\D=s32'00000000000000000000000000010000.\k_i[11]' from process `$paramod\gated_delta_fused\D=s32'00000000000000000000000000010000.$proc$/Users/toprakgundogdu/qwen-ffn-rom/rtl/gated_delta_fused.v:76$1048'.
No latch inferred for signal `$paramod\gated_delta_fused\D=s32'00000000000000000000000000010000.\q_i[11]' from process `$paramod\gated_delta_fused\D=s32'00000000000000000000000000010000.$proc$/Users/toprakgundogdu/qwen-ffn-rom/rtl/gated_delta_fused.v:75$1047'.
No latch inferred for signal `$paramod\gated_delta_fused\D=s32'00000000000000000000000000010000.\v_i[10]' from process `$paramod\gated_delta_fused\D=s32'00000000000000000000000000010000.$proc$/Users/toprakgundogdu/qwen-ffn-rom/rtl/gated_delta_fused.v:77$1046'.
No latch inferred for signal `$paramod\gated_delta_fused\D=s32'00000000000000000000000000010000.\k_i[10]' from process `$paramod\gated_delta_fused\D=s32'00000000000000000000000000010000.$proc$/Users/toprakgundogdu/qwen-ffn-rom/rtl/gated_delta_fused.v:76$1045'.
No latch inferred for signal `$paramod\gated_delta_fused\D=s32'00000000000000000000000000010000.\q_i[10]' from process `$paramod\gated_delta_fused\D=s32'00000000000000000000000000010000.$proc$/Users/toprakgundogdu/qwen-ffn-rom/rtl/gated_delta_fused.v:75$1044'.
No latch inferred for signal `$paramod\gated_delta_fused\D=s32'00000000000000000000000000010000.\v_i[9]' from process `$paramod\gated_delta_fused\D=s32'00000000000000000000000000010000.$proc$/Users/toprakgundogdu/qwen-ffn-rom/rtl/gated_delta_fused.v:77$1043'.
No latch inferred for signal `$paramod\gated_delta_fused\D=s32'00000000000000000000000000010000.\k_i[9]' from process `$paramod\gated_delta_fused\D=s32'00000000000000000000000000010000.$proc$/Users/toprakgundogdu/qwen-ffn-rom/rtl/gated_delta_fused.v:76$1042'.
No latch inferred for signal `$paramod\gated_delta_fused\D=s32'00000000000000000000000000010000.\q_i[9]' from process `$paramod\gated_delta_fused\D=s32'00000000000000000000000000010000.$proc$/Users/toprakgundogdu/qwen-ffn-rom/rtl/gated_delta_fused.v:75$1041'.
No latch inferred for signal `$paramod\gated_delta_fused\D=s32'00000000000000000000000000010000.\v_i[8]' from process `$paramod\gated_delta_fused\D=s32'00000000000000000000000000010000.$proc$/Users/toprakgundogdu/qwen-ffn-rom/rtl/gated_delta_fused.v:77$1040'.
No latch inferred for signal `$paramod\gated_delta_fused\D=s32'00000000000000000000000000010000.\k_i[8]' from process `$paramod\gated_delta_fused\D=s32'00000000000000000000000000010000.$proc$/Users/toprakgundogdu/qwen-ffn-rom/rtl/gated_delta_fused.v:76$1039'.
No latch inferred for signal `$paramod\gated_delta_fused\D=s32'00000000000000000000000000010000.\q_i[8]' from process `$paramod\gated_delta_fused\D=s32'00000000000000000000000000010000.$proc$/Users/toprakgundogdu/qwen-ffn-rom/rtl/gated_delta_fused.v:75$1038'.
No latch inferred for signal `$paramod\gated_delta_fused\D=s32'00000000000000000000000000010000.\v_i[7]' from process `$paramod\gated_delta_fused\D=s32'00000000000000000000000000010000.$proc$/Users/toprakgundogdu/qwen-ffn-rom/rtl/gated_delta_fused.v:77$1037'.
No latch inferred for signal `$paramod\gated_delta_fused\D=s32'00000000000000000000000000010000.\k_i[7]' from process `$paramod\gated_delta_fused\D=s32'00000000000000000000000000010000.$proc$/Users/toprakgundogdu/qwen-ffn-rom/rtl/gated_delta_fused.v:76$1036'.
No latch inferred for signal `$paramod\gated_delta_fused\D=s32'00000000000000000000000000010000.\q_i[7]' from process `$paramod\gated_delta_fused\D=s32'00000000000000000000000000010000.$proc$/Users/toprakgundogdu/qwen-ffn-rom/rtl/gated_delta_fused.v:75$1035'.
No latch inferred for signal `$paramod\gated_delta_fused\D=s32'00000000000000000000000000010000.\v_i[6]' from process `$paramod\gated_delta_fused\D=s32'00000000000000000000000000010000.$proc$/Users/toprakgundogdu/qwen-ffn-rom/rtl/gated_delta_fused.v:77$1034'.
No latch inferred for signal `$paramod\gated_delta_fused\D=s32'00000000000000000000000000010000.\k_i[6]' from process `$paramod\gated_delta_fused\D=s32'00000000000000000000000000010000.$proc$/Users/toprakgundogdu/qwen-ffn-rom/rtl/gated_delta_fused.v:76$1033'.
No latch inferred for signal `$paramod\gated_delta_fused\D=s32'00000000000000000000000000010000.\q_i[6]' from process `$paramod\gated_delta_fused\D=s32'00000000000000000000000000010000.$proc$/Users/toprakgundogdu/qwen-ffn-rom/rtl/gated_delta_fused.v:75$1032'.
No latch inferred for signal `$paramod\gated_delta_fused\D=s32'00000000000000000000000000010000.\v_i[5]' from process `$paramod\gated_delta_fused\D=s32'00000000000000000000000000010000.$proc$/Users/toprakgundogdu/qwen-ffn-rom/rtl/gated_delta_fused.v:77$1031'.
No latch inferred for signal `$paramod\gated_delta_fused\D=s32'00000000000000000000000000010000.\k_i[5]' from process `$paramod\gated_delta_fused\D=s32'00000000000000000000000000010000.$proc$/Users/toprakgundogdu/qwen-ffn-rom/rtl/gated_delta_fused.v:76$1030'.
No latch inferred for signal `$paramod\gated_delta_fused\D=s32'00000000000000000000000000010000.\q_i[5]' from process `$paramod\gated_delta_fused\D=s32'00000000000000000000000000010000.$proc$/Users/toprakgundogdu/qwen-ffn-rom/rtl/gated_delta_fused.v:75$1029'.
No latch inferred for signal `$paramod\gated_delta_fused\D=s32'00000000000000000000000000010000.\v_i[4]' from process `$paramod\gated_delta_fused\D=s32'00000000000000000000000000010000.$proc$/Users/toprakgundogdu/qwen-ffn-rom/rtl/gated_delta_fused.v:77$1028'.
No latch inferred for signal `$paramod\gated_delta_fused\D=s32'00000000000000000000000000010000.\k_i[4]' from process `$paramod\gated_delta_fused\D=s32'00000000000000000000000000010000.$proc$/Users/toprakgundogdu/qwen-ffn-rom/rtl/gated_delta_fused.v:76$1027'.
No latch inferred for signal `$paramod\gated_delta_fused\D=s32'00000000000000000000000000010000.\q_i[4]' from process `$paramod\gated_delta_fused\D=s32'00000000000000000000000000010000.$proc$/Users/toprakgundogdu/qwen-ffn-rom/rtl/gated_delta_fused.v:75$1026'.
No latch inferred for signal `$paramod\gated_delta_fused\D=s32'00000000000000000000000000010000.\v_i[3]' from process `$paramod\gated_delta_fused\D=s32'00000000000000000000000000010000.$proc$/Users/toprakgundogdu/qwen-ffn-rom/rtl/gated_delta_fused.v:77$1025'.
No latch inferred for signal `$paramod\gated_delta_fused\D=s32'00000000000000000000000000010000.\k_i[3]' from process `$paramod\gated_delta_fused\D=s32'00000000000000000000000000010000.$proc$/Users/toprakgundogdu/qwen-ffn-rom/rtl/gated_delta_fused.v:76$1024'.
No latch inferred for signal `$paramod\gated_delta_fused\D=s32'00000000000000000000000000010000.\q_i[3]' from process `$paramod\gated_delta_fused\D=s32'00000000000000000000000000010000.$proc$/Users/toprakgundogdu/qwen-ffn-rom/rtl/gated_delta_fused.v:75$1023'.
No latch inferred for signal `$paramod\gated_delta_fused\D=s32'00000000000000000000000000010000.\v_i[2]' from process `$paramod\gated_delta_fused\D=s32'00000000000000000000000000010000.$proc$/Users/toprakgundogdu/qwen-ffn-rom/rtl/gated_delta_fused.v:77$1022'.
No latch inferred for signal `$paramod\gated_delta_fused\D=s32'00000000000000000000000000010000.\k_i[2]' from process `$paramod\gated_delta_fused\D=s32'00000000000000000000000000010000.$proc$/Users/toprakgundogdu/qwen-ffn-rom/rtl/gated_delta_fused.v:76$1021'.
No latch inferred for signal `$paramod\gated_delta_fused\D=s32'00000000000000000000000000010000.\q_i[2]' from process `$paramod\gated_delta_fused\D=s32'00000000000000000000000000010000.$proc$/Users/toprakgundogdu/qwen-ffn-rom/rtl/gated_delta_fused.v:75$1020'.
No latch inferred for signal `$paramod\gated_delta_fused\D=s32'00000000000000000000000000010000.\v_i[1]' from process `$paramod\gated_delta_fused\D=s32'00000000000000000000000000010000.$proc$/Users/toprakgundogdu/qwen-ffn-rom/rtl/gated_delta_fused.v:77$1019'.
No latch inferred for signal `$paramod\gated_delta_fused\D=s32'00000000000000000000000000010000.\k_i[1]' from process `$paramod\gated_delta_fused\D=s32'00000000000000000000000000010000.$proc$/Users/toprakgundogdu/qwen-ffn-rom/rtl/gated_delta_fused.v:76$1018'.
No latch inferred for signal `$paramod\gated_delta_fused\D=s32'00000000000000000000000000010000.\q_i[1]' from process `$paramod\gated_delta_fused\D=s32'00000000000000000000000000010000.$proc$/Users/toprakgundogdu/qwen-ffn-rom/rtl/gated_delta_fused.v:75$1017'.
No latch inferred for signal `$paramod\gated_delta_fused\D=s32'00000000000000000000000000010000.\v_i[0]' from process `$paramod\gated_delta_fused\D=s32'00000000000000000000000000010000.$proc$/Users/toprakgundogdu/qwen-ffn-rom/rtl/gated_delta_fused.v:77$1016'.
No latch inferred for signal `$paramod\gated_delta_fused\D=s32'00000000000000000000000000010000.\k_i[0]' from process `$paramod\gated_delta_fused\D=s32'00000000000000000000000000010000.$proc$/Users/toprakgundogdu/qwen-ffn-rom/rtl/gated_delta_fused.v:76$1015'.
No latch inferred for signal `$paramod\gated_delta_fused\D=s32'00000000000000000000000000010000.\q_i[0]' from process `$paramod\gated_delta_fused\D=s32'00000000000000000000000000010000.$proc$/Users/toprakgundogdu/qwen-ffn-rom/rtl/gated_delta_fused.v:75$1014'.
No latch inferred for signal `$paramod\gated_delta_fused\D=s32'00000000000000000000000000010000.$mem2reg_rd$\v_r$/Users/toprakgundogdu/qwen-ffn-rom/rtl/gated_delta_fused.v:142$854_DATA' from process `$paramod\gated_delta_fused\D=s32'00000000000000000000000000010000.$proc$/Users/toprakgundogdu/qwen-ffn-rom/rtl/gated_delta_fused.v:142$1011'.
No latch inferred for signal `$paramod\gated_delta_fused\D=s32'00000000000000000000000000010000.$mem2reg_rd$\v_r$/Users/toprakgundogdu/qwen-ffn-rom/rtl/gated_delta_fused.v:142$853_DATA' from process `$paramod\gated_delta_fused\D=s32'00000000000000000000000000010000.$proc$/Users/toprakgundogdu/qwen-ffn-rom/rtl/gated_delta_fused.v:142$1008'.
No latch inferred for signal `$paramod$0af7322157a0cb9528e4c21e617f7308440e4612\delta_s_col_ram.\n' from process `$paramod$0af7322157a0cb9528e4c21e617f7308440e4612\delta_s_col_ram.$proc$/Users/toprakgundogdu/qwen-ffn-rom/rtl/delta_s_col_ram.v:22$430'.
No latch inferred for signal `$paramod$0af7322157a0cb9528e4c21e617f7308440e4612\delta_s_col_ram.$memwr$\mem$/Users/toprakgundogdu/qwen-ffn-rom/rtl/delta_s_col_ram.v:24$389_EN' from process `$paramod$0af7322157a0cb9528e4c21e617f7308440e4612\delta_s_col_ram.$proc$/Users/toprakgundogdu/qwen-ffn-rom/rtl/delta_s_col_ram.v:22$430'.
No latch inferred for signal `$paramod$0af7322157a0cb9528e4c21e617f7308440e4612\delta_s_col_ram.$memwr$\mem$/Users/toprakgundogdu/qwen-ffn-rom/rtl/delta_s_col_ram.v:24$390_EN' from process `$paramod$0af7322157a0cb9528e4c21e617f7308440e4612\delta_s_col_ram.$proc$/Users/toprakgundogdu/qwen-ffn-rom/rtl/delta_s_col_ram.v:22$430'.
No latch inferred for signal `$paramod$0af7322157a0cb9528e4c21e617f7308440e4612\delta_s_col_ram.$memwr$\mem$/Users/toprakgundogdu/qwen-ffn-rom/rtl/delta_s_col_ram.v:24$391_EN' from process `$paramod$0af7322157a0cb9528e4c21e617f7308440e4612\delta_s_col_ram.$proc$/Users/toprakgundogdu/qwen-ffn-rom/rtl/delta_s_col_ram.v:22$430'.
No latch inferred for signal `$paramod$0af7322157a0cb9528e4c21e617f7308440e4612\delta_s_col_ram.$memwr$\mem$/Users/toprakgundogdu/qwen-ffn-rom/rtl/delta_s_col_ram.v:24$392_EN' from process `$paramod$0af7322157a0cb9528e4c21e617f7308440e4612\delta_s_col_ram.$proc$/Users/toprakgundogdu/qwen-ffn-rom/rtl/delta_s_col_ram.v:22$430'.
No latch inferred for signal `$paramod$0af7322157a0cb9528e4c21e617f7308440e4612\delta_s_col_ram.$memwr$\mem$/Users/toprakgundogdu/qwen-ffn-rom/rtl/delta_s_col_ram.v:24$393_EN' from process `$paramod$0af7322157a0cb9528e4c21e617f7308440e4612\delta_s_col_ram.$proc$/Users/toprakgundogdu/qwen-ffn-rom/rtl/delta_s_col_ram.v:22$430'.
No latch inferred for signal `$paramod$0af7322157a0cb9528e4c21e617f7308440e4612\delta_s_col_ram.$memwr$\mem$/Users/toprakgundogdu/qwen-ffn-rom/rtl/delta_s_col_ram.v:24$394_EN' from process `$paramod$0af7322157a0cb9528e4c21e617f7308440e4612\delta_s_col_ram.$proc$/Users/toprakgundogdu/qwen-ffn-rom/rtl/delta_s_col_ram.v:22$430'.
No latch inferred for signal `$paramod$0af7322157a0cb9528e4c21e617f7308440e4612\delta_s_col_ram.$memwr$\mem$/Users/toprakgundogdu/qwen-ffn-rom/rtl/delta_s_col_ram.v:24$395_EN' from process `$paramod$0af7322157a0cb9528e4c21e617f7308440e4612\delta_s_col_ram.$proc$/Users/toprakgundogdu/qwen-ffn-rom/rtl/delta_s_col_ram.v:22$430'.
No latch inferred for signal `$paramod$0af7322157a0cb9528e4c21e617f7308440e4612\delta_s_col_ram.$memwr$\mem$/Users/toprakgundogdu/qwen-ffn-rom/rtl/delta_s_col_ram.v:24$396_EN' from process `$paramod$0af7322157a0cb9528e4c21e617f7308440e4612\delta_s_col_ram.$proc$/Users/toprakgundogdu/qwen-ffn-rom/rtl/delta_s_col_ram.v:22$430'.
No latch inferred for signal `$paramod$0af7322157a0cb9528e4c21e617f7308440e4612\delta_s_col_ram.$memwr$\mem$/Users/toprakgundogdu/qwen-ffn-rom/rtl/delta_s_col_ram.v:24$397_EN' from process `$paramod$0af7322157a0cb9528e4c21e617f7308440e4612\delta_s_col_ram.$proc$/Users/toprakgundogdu/qwen-ffn-rom/rtl/delta_s_col_ram.v:22$430'.
No latch inferred for signal `$paramod$0af7322157a0cb9528e4c21e617f7308440e4612\delta_s_col_ram.$memwr$\mem$/Users/toprakgundogdu/qwen-ffn-rom/rtl/delta_s_col_ram.v:24$398_EN' from process `$paramod$0af7322157a0cb9528e4c21e617f7308440e4612\delta_s_col_ram.$proc$/Users/toprakgundogdu/qwen-ffn-rom/rtl/delta_s_col_ram.v:22$430'.
No latch inferred for signal `$paramod$0af7322157a0cb9528e4c21e617f7308440e4612\delta_s_col_ram.$memwr$\mem$/Users/toprakgundogdu/qwen-ffn-rom/rtl/delta_s_col_ram.v:24$399_EN' from process `$paramod$0af7322157a0cb9528e4c21e617f7308440e4612\delta_s_col_ram.$proc$/Users/toprakgundogdu/qwen-ffn-rom/rtl/delta_s_col_ram.v:22$430'.
No latch inferred for signal `$paramod$0af7322157a0cb9528e4c21e617f7308440e4612\delta_s_col_ram.$memwr$\mem$/Users/toprakgundogdu/qwen-ffn-rom/rtl/delta_s_col_ram.v:24$400_EN' from process `$paramod$0af7322157a0cb9528e4c21e617f7308440e4612\delta_s_col_ram.$proc$/Users/toprakgundogdu/qwen-ffn-rom/rtl/delta_s_col_ram.v:22$430'.
No latch inferred for signal `$paramod$0af7322157a0cb9528e4c21e617f7308440e4612\delta_s_col_ram.$memwr$\mem$/Users/toprakgundogdu/qwen-ffn-rom/rtl/delta_s_col_ram.v:24$401_EN' from process `$paramod$0af7322157a0cb9528e4c21e617f7308440e4612\delta_s_col_ram.$proc$/Users/toprakgundogdu/qwen-ffn-rom/rtl/delta_s_col_ram.v:22$430'.
No latch inferred for signal `$paramod$0af7322157a0cb9528e4c21e617f7308440e4612\delta_s_col_ram.$memwr$\mem$/Users/toprakgundogdu/qwen-ffn-rom/rtl/delta_s_col_ram.v:24$402_EN' from process `$paramod$0af7322157a0cb9528e4c21e617f7308440e4612\delta_s_col_ram.$proc$/Users/toprakgundogdu/qwen-ffn-rom/rtl/delta_s_col_ram.v:22$430'.
No latch inferred for signal `$paramod$0af7322157a0cb9528e4c21e617f7308440e4612\delta_s_col_ram.$memwr$\mem$/Users/toprakgundogdu/qwen-ffn-rom/rtl/delta_s_col_ram.v:24$403_EN' from process `$paramod$0af7322157a0cb9528e4c21e617f7308440e4612\delta_s_col_ram.$proc$/Users/toprakgundogdu/qwen-ffn-rom/rtl/delta_s_col_ram.v:22$430'.
No latch inferred for signal `$paramod$0af7322157a0cb9528e4c21e617f7308440e4612\delta_s_col_ram.$memwr$\mem$/Users/toprakgundogdu/qwen-ffn-rom/rtl/delta_s_col_ram.v:24$404_EN' from process `$paramod$0af7322157a0cb9528e4c21e617f7308440e4612\delta_s_col_ram.$proc$/Users/toprakgundogdu/qwen-ffn-rom/rtl/delta_s_col_ram.v:22$430'.

5.9. Executing PROC_DFF pass (convert process syncs to FFs).
Creating register for signal `$paramod\gated_delta_fused\D=s32'00000000000000000000000000010000.\we' using process `$paramod\gated_delta_fused\D=s32'00000000000000000000000000010000.$proc$/Users/toprakgundogdu/qwen-ffn-rom/rtl/gated_delta_fused.v:170$862'.
  created $dff cell `$procdff$2038' with positive edge clock.
Creating register for signal `$paramod\gated_delta_fused\D=s32'00000000000000000000000000010000.\o_flat' using process `$paramod\gated_delta_fused\D=s32'00000000000000000000000000010000.$proc$/Users/toprakgundogdu/qwen-ffn-rom/rtl/gated_delta_fused.v:170$862'.
  created $dff cell `$procdff$2039' with positive edge clock.
Creating register for signal `$paramod\gated_delta_fused\D=s32'00000000000000000000000000010000.\done' using process `$paramod\gated_delta_fused\D=s32'00000000000000000000000000010000.$proc$/Users/toprakgundogdu/qwen-ffn-rom/rtl/gated_delta_fused.v:170$862'.
  created $dff cell `$procdff$2040' with positive edge clock.
Creating register for signal `$paramod\gated_delta_fused\D=s32'00000000000000000000000000010000.\g_r' using process `$paramod\gated_delta_fused\D=s32'00000000000000000000000000010000.$proc$/Users/toprakgundogdu/qwen-ffn-rom/rtl/gated_delta_fused.v:170$862'.
  created $dff cell `$procdff$2041' with positive edge clock.
Creating register for signal `$paramod\gated_delta_fused\D=s32'00000000000000000000000000010000.\beta_r' using process `$paramod\gated_delta_fused\D=s32'00000000000000000000000000010000.$proc$/Users/toprakgundogdu/qwen-ffn-rom/rtl/gated_delta_fused.v:170$862'.
  created $dff cell `$procdff$2042' with positive edge clock.
Creating register for signal `$paramod\gated_delta_fused\D=s32'00000000000000000000000000010000.\st' using process `$paramod\gated_delta_fused\D=s32'00000000000000000000000000010000.$proc$/Users/toprakgundogdu/qwen-ffn-rom/rtl/gated_delta_fused.v:170$862'.
  created $dff cell `$procdff$2043' with positive edge clock.
Creating register for signal `$paramod\gated_delta_fused\D=s32'00000000000000000000000000010000.\col_iss' using process `$paramod\gated_delta_fused\D=s32'00000000000000000000000000010000.$proc$/Users/toprakgundogdu/qwen-ffn-rom/rtl/gated_delta_fused.v:170$862'.
  created $dff cell `$procdff$2044' with positive edge clock.
Creating register for signal `$paramod\gated_delta_fused\D=s32'00000000000000000000000000010000.\col_ex' using process `$paramod\gated_delta_fused\D=s32'00000000000000000000000000010000.$proc$/Users/toprakgundogdu/qwen-ffn-rom/rtl/gated_delta_fused.v:170$862'.
  created $dff cell `$procdff$2045' with positive edge clock.
Creating register for signal `$paramod\gated_delta_fused\D=s32'00000000000000000000000000010000.\ex_v' using process `$paramod\gated_delta_fused\D=s32'00000000000000000000000000010000.$proc$/Users/toprakgundogdu/qwen-ffn-rom/rtl/gated_delta_fused.v:170$862'.
  created $dff cell `$procdff$2046' with positive edge clock.
Creating register for signal `$paramod\gated_delta_fused\D=s32'00000000000000000000000000010000.\wcol' using process `$paramod\gated_delta_fused\D=s32'00000000000000000000000000010000.$proc$/Users/toprakgundogdu/qwen-ffn-rom/rtl/gated_delta_fused.v:170$862'.
  created $dff cell `$procdff$2047' with positive edge clock.
Creating register for signal `$paramod\gated_delta_fused\D=s32'00000000000000000000000000010000.\ii' using process `$paramod\gated_delta_fused\D=s32'00000000000000000000000000010000.$proc$/Users/toprakgundogdu/qwen-ffn-rom/rtl/gated_delta_fused.v:170$862'.
  created $dff cell `$procdff$2048' with positive edge clock.
Creating register for signal `$paramod\gated_delta_fused\D=s32'00000000000000000000000000010000.\q_r[0]' using process `$paramod\gated_delta_fused\D=s32'00000000000000000000000000010000.$proc$/Users/toprakgundogdu/qwen-ffn-rom/rtl/gated_delta_fused.v:170$862'.
  created $dff cell `$procdff$2049' with positive edge clock.
Creating register for signal `$paramod\gated_delta_fused\D=s32'00000000000000000000000000010000.\q_r[1]' using process `$paramod\gated_delta_fused\D=s32'00000000000000000000000000010000.$proc$/Users/toprakgundogdu/qwen-ffn-rom/rtl/gated_delta_fused.v:170$862'.
  created $dff cell `$procdff$2050' with positive edge clock.
Creating register for signal `$paramod\gated_delta_fused\D=s32'00000000000000000000000000010000.\q_r[2]' using process `$paramod\gated_delta_fused\D=s32'00000000000000000000000000010000.$proc$/Users/toprakgundogdu/qwen-ffn-rom/rtl/gated_delta_fused.v:170$862'.
  created $dff cell `$procdff$2051' with positive edge clock.
Creating register for signal `$paramod\gated_delta_fused\D=s32'00000000000000000000000000010000.\q_r[3]' using process `$paramod\gated_delta_fused\D=s32'00000000000000000000000000010000.$proc$/Users/toprakgundogdu/qwen-ffn-rom/rtl/gated_delta_fused.v:170$862'.
  created $dff cell `$procdff$2052' with positive edge clock.
Creating register for signal `$paramod\gated_delta_fused\D=s32'00000000000000000000000000010000.\q_r[4]' using process `$paramod\gated_delta_fused\D=s32'00000000000000000000000000010000.$proc$/Users/toprakgundogdu/qwen-ffn-rom/rtl/gated_delta_fused.v:170$862'.
  created $dff cell `$procdff$2053' with positive edge clock.
Creating register for signal `$paramod\gated_delta_fused\D=s32'00000000000000000000000000010000.\q_r[5]' using process `$paramod\gated_delta_fused\D=s32'00000000000000000000000000010000.$proc$/Users/toprakgundogdu/qwen-ffn-rom/rtl/gated_delta_fused.v:170$862'.
  created $dff cell `$procdff$2054' with positive edge clock.
Creating register for signal `$paramod\gated_delta_fused\D=s32'00000000000000000000000000010000.\q_r[6]' using process `$paramod\gated_delta_fused\D=s32'00000000000000000000000000010000.$proc$/Users/toprakgundogdu/qwen-ffn-rom/rtl/gated_delta_fused.v:170$862'.
  created $dff cell `$procdff$2055' with positive edge clock.
Creating register for signal `$paramod\gated_delta_fused\D=s32'00000000000000000000000000010000.\q_r[7]' using process `$paramod\gated_delta_fused\D=s32'00000000000000000000000000010000.$proc$/Users/toprakgundogdu/qwen-ffn-rom/rtl/gated_delta_fused.v:170$862'.
  created $dff cell `$procdff$2056' with positive edge clock.
Creating register for signal `$paramod\gated_delta_fused\D=s32'00000000000000000000000000010000.\q_r[8]' using process `$paramod\gated_delta_fused\D=s32'00000000000000000000000000010000.$proc$/Users/toprakgundogdu/qwen-ffn-rom/rtl/gated_delta_fused.v:170$862'.
  created $dff cell `$procdff$2057' with positive edge clock.
Creating register for signal `$paramod\gated_delta_fused\D=s32'00000000000000000000000000010000.\q_r[9]' using process `$paramod\gated_delta_fused\D=s32'00000000000000000000000000010000.$proc$/Users/toprakgundogdu/qwen-ffn-rom/rtl/gated_delta_fused.v:170$862'.
  created $dff cell `$procdff$2058' with positive edge clock.
Creating register for signal `$paramod\gated_delta_fused\D=s32'00000000000000000000000000010000.\q_r[10]' using process `$paramod\gated_delta_fused\D=s32'00000000000000000000000000010000.$proc$/Users/toprakgundogdu/qwen-ffn-rom/rtl/gated_delta_fused.v:170$862'.
  created $dff cell `$procdff$2059' with positive edge clock.
Creating register for signal `$paramod\gated_delta_fused\D=s32'00000000000000000000000000010000.\q_r[11]' using process `$paramod\gated_delta_fused\D=s32'00000000000000000000000000010000.$proc$/Users/toprakgundogdu/qwen-ffn-rom/rtl/gated_delta_fused.v:170$862'.
  created $dff cell `$procdff$2060' with positive edge clock.
Creating register for signal `$paramod\gated_delta_fused\D=s32'00000000000000000000000000010000.\q_r[12]' using process `$paramod\gated_delta_fused\D=s32'00000000000000000000000000010000.$proc$/Users/toprakgundogdu/qwen-ffn-rom/rtl/gated_delta_fused.v:170$862'.
  created $dff cell `$procdff$2061' with positive edge clock.
Creating register for signal `$paramod\gated_delta_fused\D=s32'00000000000000000000000000010000.\q_r[13]' using process `$paramod\gated_delta_fused\D=s32'00000000000000000000000000010000.$proc$/Users/toprakgundogdu/qwen-ffn-rom/rtl/gated_delta_fused.v:170$862'.
  created $dff cell `$procdff$2062' with positive edge clock.
Creating register for signal `$paramod\gated_delta_fused\D=s32'00000000000000000000000000010000.\q_r[14]' using process `$paramod\gated_delta_fused\D=s32'00000000000000000000000000010000.$proc$/Users/toprakgundogdu/qwen-ffn-rom/rtl/gated_delta_fused.v:170$862'.
  created $dff cell `$procdff$2063' with positive edge clock.
Creating register for signal `$paramod\gated_delta_fused\D=s32'00000000000000000000000000010000.\q_r[15]' using process `$paramod\gated_delta_fused\D=s32'00000000000000000000000000010000.$proc$/Users/toprakgundogdu/qwen-ffn-rom/rtl/gated_delta_fused.v:170$862'.
  created $dff cell `$procdff$2064' with positive edge clock.
Creating register for signal `$paramod\gated_delta_fused\D=s32'00000000000000000000000000010000.\k_r[0]' using process `$paramod\gated_delta_fused\D=s32'00000000000000000000000000010000.$proc$/Users/toprakgundogdu/qwen-ffn-rom/rtl/gated_delta_fused.v:170$862'.
  created $dff cell `$procdff$2065' with positive edge clock.
Creating register for signal `$paramod\gated_delta_fused\D=s32'00000000000000000000000000010000.\k_r[1]' using process `$paramod\gated_delta_fused\D=s32'00000000000000000000000000010000.$proc$/Users/toprakgundogdu/qwen-ffn-rom/rtl/gated_delta_fused.v:170$862'.
  created $dff cell `$procdff$2066' with positive edge clock.
Creating register for signal `$paramod\gated_delta_fused\D=s32'00000000000000000000000000010000.\k_r[2]' using process `$paramod\gated_delta_fused\D=s32'00000000000000000000000000010000.$proc$/Users/toprakgundogdu/qwen-ffn-rom/rtl/gated_delta_fused.v:170$862'.
  created $dff cell `$procdff$2067' with positive edge clock.
Creating register for signal `$paramod\gated_delta_fused\D=s32'00000000000000000000000000010000.\k_r[3]' using process `$paramod\gated_delta_fused\D=s32'00000000000000000000000000010000.$proc$/Users/toprakgundogdu/qwen-ffn-rom/rtl/gated_delta_fused.v:170$862'.
  created $dff cell `$procdff$2068' with positive edge clock.
Creating register for signal `$paramod\gated_delta_fused\D=s32'00000000000000000000000000010000.\k_r[4]' using process `$paramod\gated_delta_fused\D=s32'00000000000000000000000000010000.$proc$/Users/toprakgundogdu/qwen-ffn-rom/rtl/gated_delta_fused.v:170$862'.
  created $dff cell `$procdff$2069' with positive edge clock.
Creating register for signal `$paramod\gated_delta_fused\D=s32'00000000000000000000000000010000.\k_r[5]' using process `$paramod\gated_delta_fused\D=s32'00000000000000000000000000010000.$proc$/Users/toprakgundogdu/qwen-ffn-rom/rtl/gated_delta_fused.v:170$862'.
  created $dff cell `$procdff$2070' with positive edge clock.
Creating register for signal `$paramod\gated_delta_fused\D=s32'00000000000000000000000000010000.\k_r[6]' using process `$paramod\gated_delta_fused\D=s32'00000000000000000000000000010000.$proc$/Users/toprakgundogdu/qwen-ffn-rom/rtl/gated_delta_fused.v:170$862'.
  created $dff cell `$procdff$2071' with positive edge clock.
Creating register for signal `$paramod\gated_delta_fused\D=s32'00000000000000000000000000010000.\k_r[7]' using process `$paramod\gated_delta_fused\D=s32'00000000000000000000000000010000.$proc$/Users/toprakgundogdu/qwen-ffn-rom/rtl/gated_delta_fused.v:170$862'.
  created $dff cell `$procdff$2072' with positive edge clock.
Creating register for signal `$paramod\gated_delta_fused\D=s32'00000000000000000000000000010000.\k_r[8]' using process `$paramod\gated_delta_fused\D=s32'00000000000000000000000000010000.$proc$/Users/toprakgundogdu/qwen-ffn-rom/rtl/gated_delta_fused.v:170$862'.
  created $dff cell `$procdff$2073' with positive edge clock.
Creating register for signal `$paramod\gated_delta_fused\D=s32'00000000000000000000000000010000.\k_r[9]' using process `$paramod\gated_delta_fused\D=s32'00000000000000000000000000010000.$proc$/Users/toprakgundogdu/qwen-ffn-rom/rtl/gated_delta_fused.v:170$862'.
  created $dff cell `$procdff$2074' with positive edge clock.
Creating register for signal `$paramod\gated_delta_fused\D=s32'00000000000000000000000000010000.\k_r[10]' using process `$paramod\gated_delta_fused\D=s32'00000000000000000000000000010000.$proc$/Users/toprakgundogdu/qwen-ffn-rom/rtl/gated_delta_fused.v:170$862'.
  created $dff cell `$procdff$2075' with positive edge clock.
Creating register for signal `$paramod\gated_delta_fused\D=s32'00000000000000000000000000010000.\k_r[11]' using process `$paramod\gated_delta_fused\D=s32'00000000000000000000000000010000.$proc$/Users/toprakgundogdu/qwen-ffn-rom/rtl/gated_delta_fused.v:170$862'.
  created $dff cell `$procdff$2076' with positive edge clock.
Creating register for signal `$paramod\gated_delta_fused\D=s32'00000000000000000000000000010000.\k_r[12]' using process `$paramod\gated_delta_fused\D=s32'00000000000000000000000000010000.$proc$/Users/toprakgundogdu/qwen-ffn-rom/rtl/gated_delta_fused.v:170$862'.
  created $dff cell `$procdff$2077' with positive edge clock.
Creating register for signal `$paramod\gated_delta_fused\D=s32'00000000000000000000000000010000.\k_r[13]' using process `$paramod\gated_delta_fused\D=s32'00000000000000000000000000010000.$proc$/Users/toprakgundogdu/qwen-ffn-rom/rtl/gated_delta_fused.v:170$862'.
  created $dff cell `$procdff$2078' with positive edge clock.
Creating register for signal `$paramod\gated_delta_fused\D=s32'00000000000000000000000000010000.\k_r[14]' using process `$paramod\gated_delta_fused\D=s32'00000000000000000000000000010000.$proc$/Users/toprakgundogdu/qwen-ffn-rom/rtl/gated_delta_fused.v:170$862'.
  created $dff cell `$procdff$2079' with positive edge clock.
Creating register for signal `$paramod\gated_delta_fused\D=s32'00000000000000000000000000010000.\k_r[15]' using process `$paramod\gated_delta_fused\D=s32'00000000000000000000000000010000.$proc$/Users/toprakgundogdu/qwen-ffn-rom/rtl/gated_delta_fused.v:170$862'.
  created $dff cell `$procdff$2080' with positive edge clock.
Creating register for signal `$paramod\gated_delta_fused\D=s32'00000000000000000000000000010000.\v_r[0]' using process `$paramod\gated_delta_fused\D=s32'00000000000000000000000000010000.$proc$/Users/toprakgundogdu/qwen-ffn-rom/rtl/gated_delta_fused.v:170$862'.
  created $dff cell `$procdff$2081' with positive edge clock.
Creating register for signal `$paramod\gated_delta_fused\D=s32'00000000000000000000000000010000.\v_r[1]' using process `$paramod\gated_delta_fused\D=s32'00000000000000000000000000010000.$proc$/Users/toprakgundogdu/qwen-ffn-rom/rtl/gated_delta_fused.v:170$862'.
  created $dff cell `$procdff$2082' with positive edge clock.
Creating register for signal `$paramod\gated_delta_fused\D=s32'00000000000000000000000000010000.\v_r[2]' using process `$paramod\gated_delta_fused\D=s32'00000000000000000000000000010000.$proc$/Users/toprakgundogdu/qwen-ffn-rom/rtl/gated_delta_fused.v:170$862'.
  created $dff cell `$procdff$2083' with positive edge clock.
Creating register for signal `$paramod\gated_delta_fused\D=s32'00000000000000000000000000010000.\v_r[3]' using process `$paramod\gated_delta_fused\D=s32'00000000000000000000000000010000.$proc$/Users/toprakgundogdu/qwen-ffn-rom/rtl/gated_delta_fused.v:170$862'.
  created $dff cell `$procdff$2084' with positive edge clock.
Creating register for signal `$paramod\gated_delta_fused\D=s32'00000000000000000000000000010000.\v_r[4]' using process `$paramod\gated_delta_fused\D=s32'00000000000000000000000000010000.$proc$/Users/toprakgundogdu/qwen-ffn-rom/rtl/gated_delta_fused.v:170$862'.
  created $dff cell `$procdff$2085' with positive edge clock.
Creating register for signal `$paramod\gated_delta_fused\D=s32'00000000000000000000000000010000.\v_r[5]' using process `$paramod\gated_delta_fused\D=s32'00000000000000000000000000010000.$proc$/Users/toprakgundogdu/qwen-ffn-rom/rtl/gated_delta_fused.v:170$862'.
  created $dff cell `$procdff$2086' with positive edge clock.
Creating register for signal `$paramod\gated_delta_fused\D=s32'00000000000000000000000000010000.\v_r[6]' using process `$paramod\gated_delta_fused\D=s32'00000000000000000000000000010000.$proc$/Users/toprakgundogdu/qwen-ffn-rom/rtl/gated_delta_fused.v:170$862'.
  created $dff cell `$procdff$2087' with positive edge clock.
Creating register for signal `$paramod\gated_delta_fused\D=s32'00000000000000000000000000010000.\v_r[7]' using process `$paramod\gated_delta_fused\D=s32'00000000000000000000000000010000.$proc$/Users/toprakgundogdu/qwen-ffn-rom/rtl/gated_delta_fused.v:170$862'.
  created $dff cell `$procdff$2088' with positive edge clock.
Creating register for signal `$paramod\gated_delta_fused\D=s32'00000000000000000000000000010000.\v_r[8]' using process `$paramod\gated_delta_fused\D=s32'00000000000000000000000000010000.$proc$/Users/toprakgundogdu/qwen-ffn-rom/rtl/gated_delta_fused.v:170$862'.
  created $dff cell `$procdff$2089' with positive edge clock.
Creating register for signal `$paramod\gated_delta_fused\D=s32'00000000000000000000000000010000.\v_r[9]' using process `$paramod\gated_delta_fused\D=s32'00000000000000000000000000010000.$proc$/Users/toprakgundogdu/qwen-ffn-rom/rtl/gated_delta_fused.v:170$862'.
  created $dff cell `$procdff$2090' with positive edge clock.
Creating register for signal `$paramod\gated_delta_fused\D=s32'00000000000000000000000000010000.\v_r[10]' using process `$paramod\gated_delta_fused\D=s32'00000000000000000000000000010000.$proc$/Users/toprakgundogdu/qwen-ffn-rom/rtl/gated_delta_fused.v:170$862'.
  created $dff cell `$procdff$2091' with positive edge clock.
Creating register for signal `$paramod\gated_delta_fused\D=s32'00000000000000000000000000010000.\v_r[11]' using process `$paramod\gated_delta_fused\D=s32'00000000000000000000000000010000.$proc$/Users/toprakgundogdu/qwen-ffn-rom/rtl/gated_delta_fused.v:170$862'.
  created $dff cell `$procdff$2092' with positive edge clock.
Creating register for signal `$paramod\gated_delta_fused\D=s32'00000000000000000000000000010000.\v_r[12]' using process `$paramod\gated_delta_fused\D=s32'00000000000000000000000000010000.$proc$/Users/toprakgundogdu/qwen-ffn-rom/rtl/gated_delta_fused.v:170$862'.
  created $dff cell `$procdff$2093' with positive edge clock.
Creating register for signal `$paramod\gated_delta_fused\D=s32'00000000000000000000000000010000.\v_r[13]' using process `$paramod\gated_delta_fused\D=s32'00000000000000000000000000010000.$proc$/Users/toprakgundogdu/qwen-ffn-rom/rtl/gated_delta_fused.v:170$862'.
  created $dff cell `$procdff$2094' with positive edge clock.
Creating register for signal `$paramod\gated_delta_fused\D=s32'00000000000000000000000000010000.\v_r[14]' using process `$paramod\gated_delta_fused\D=s32'00000000000000000000000000010000.$proc$/Users/toprakgundogdu/qwen-ffn-rom/rtl/gated_delta_fused.v:170$862'.
  created $dff cell `$procdff$2095' with positive edge clock.
Creating register for signal `$paramod\gated_delta_fused\D=s32'00000000000000000000000000010000.\v_r[15]' using process `$paramod\gated_delta_fused\D=s32'00000000000000000000000000010000.$proc$/Users/toprakgundogdu/qwen-ffn-rom/rtl/gated_delta_fused.v:170$862'.
  created $dff cell `$procdff$2096' with positive edge clock.
Creating register for signal `$paramod\gated_delta_fused\D=s32'00000000000000000000000000010000.\wdata[0]' using process `$paramod\gated_delta_fused\D=s32'00000000000000000000000000010000.$proc$/Users/toprakgundogdu/qwen-ffn-rom/rtl/gated_delta_fused.v:170$862'.
  created $dff cell `$procdff$2097' with positive edge clock.
Creating register for signal `$paramod\gated_delta_fused\D=s32'00000000000000000000000000010000.\wdata[1]' using process `$paramod\gated_delta_fused\D=s32'00000000000000000000000000010000.$proc$/Users/toprakgundogdu/qwen-ffn-rom/rtl/gated_delta_fused.v:170$862'.
  created $dff cell `$procdff$2098' with positive edge clock.
Creating register for signal `$paramod\gated_delta_fused\D=s32'00000000000000000000000000010000.\wdata[2]' using process `$paramod\gated_delta_fused\D=s32'00000000000000000000000000010000.$proc$/Users/toprakgundogdu/qwen-ffn-rom/rtl/gated_delta_fused.v:170$862'.
  created $dff cell `$procdff$2099' with positive edge clock.
Creating register for signal `$paramod\gated_delta_fused\D=s32'00000000000000000000000000010000.\wdata[3]' using process `$paramod\gated_delta_fused\D=s32'00000000000000000000000000010000.$proc$/Users/toprakgundogdu/qwen-ffn-rom/rtl/gated_delta_fused.v:170$862'.
  created $dff cell `$procdff$2100' with positive edge clock.
Creating register for signal `$paramod\gated_delta_fused\D=s32'00000000000000000000000000010000.\wdata[4]' using process `$paramod\gated_delta_fused\D=s32'00000000000000000000000000010000.$proc$/Users/toprakgundogdu/qwen-ffn-rom/rtl/gated_delta_fused.v:170$862'.
  created $dff cell `$procdff$2101' with positive edge clock.
Creating register for signal `$paramod\gated_delta_fused\D=s32'00000000000000000000000000010000.\wdata[5]' using process `$paramod\gated_delta_fused\D=s32'00000000000000000000000000010000.$proc$/Users/toprakgundogdu/qwen-ffn-rom/rtl/gated_delta_fused.v:170$862'.
  created $dff cell `$procdff$2102' with positive edge clock.
Creating register for signal `$paramod\gated_delta_fused\D=s32'00000000000000000000000000010000.\wdata[6]' using process `$paramod\gated_delta_fused\D=s32'00000000000000000000000000010000.$proc$/Users/toprakgundogdu/qwen-ffn-rom/rtl/gated_delta_fused.v:170$862'.
  created $dff cell `$procdff$2103' with positive edge clock.
Creating register for signal `$paramod\gated_delta_fused\D=s32'00000000000000000000000000010000.\wdata[7]' using process `$paramod\gated_delta_fused\D=s32'00000000000000000000000000010000.$proc$/Users/toprakgundogdu/qwen-ffn-rom/rtl/gated_delta_fused.v:170$862'.
  created $dff cell `$procdff$2104' with positive edge clock.
Creating register for signal `$paramod\gated_delta_fused\D=s32'00000000000000000000000000010000.\wdata[8]' using process `$paramod\gated_delta_fused\D=s32'00000000000000000000000000010000.$proc$/Users/toprakgundogdu/qwen-ffn-rom/rtl/gated_delta_fused.v:170$862'.
  created $dff cell `$procdff$2105' with positive edge clock.
Creating register for signal `$paramod\gated_delta_fused\D=s32'00000000000000000000000000010000.\wdata[9]' using process `$paramod\gated_delta_fused\D=s32'00000000000000000000000000010000.$proc$/Users/toprakgundogdu/qwen-ffn-rom/rtl/gated_delta_fused.v:170$862'.
  created $dff cell `$procdff$2106' with positive edge clock.
Creating register for signal `$paramod\gated_delta_fused\D=s32'00000000000000000000000000010000.\wdata[10]' using process `$paramod\gated_delta_fused\D=s32'00000000000000000000000000010000.$proc$/Users/toprakgundogdu/qwen-ffn-rom/rtl/gated_delta_fused.v:170$862'.
  created $dff cell `$procdff$2107' with positive edge clock.
Creating register for signal `$paramod\gated_delta_fused\D=s32'00000000000000000000000000010000.\wdata[11]' using process `$paramod\gated_delta_fused\D=s32'00000000000000000000000000010000.$proc$/Users/toprakgundogdu/qwen-ffn-rom/rtl/gated_delta_fused.v:170$862'.
  created $dff cell `$procdff$2108' with positive edge clock.
Creating register for signal `$paramod\gated_delta_fused\D=s32'00000000000000000000000000010000.\wdata[12]' using process `$paramod\gated_delta_fused\D=s32'00000000000000000000000000010000.$proc$/Users/toprakgundogdu/qwen-ffn-rom/rtl/gated_delta_fused.v:170$862'.
  created $dff cell `$procdff$2109' with positive edge clock.
Creating register for signal `$paramod\gated_delta_fused\D=s32'00000000000000000000000000010000.\wdata[13]' using process `$paramod\gated_delta_fused\D=s32'00000000000000000000000000010000.$proc$/Users/toprakgundogdu/qwen-ffn-rom/rtl/gated_delta_fused.v:170$862'.
  created $dff cell `$procdff$2110' with positive edge clock.
Creating register for signal `$paramod\gated_delta_fused\D=s32'00000000000000000000000000010000.\wdata[14]' using process `$paramod\gated_delta_fused\D=s32'00000000000000000000000000010000.$proc$/Users/toprakgundogdu/qwen-ffn-rom/rtl/gated_delta_fused.v:170$862'.
  created $dff cell `$procdff$2111' with positive edge clock.
Creating register for signal `$paramod\gated_delta_fused\D=s32'00000000000000000000000000010000.\wdata[15]' using process `$paramod\gated_delta_fused\D=s32'00000000000000000000000000010000.$proc$/Users/toprakgundogdu/qwen-ffn-rom/rtl/gated_delta_fused.v:170$862'.
  created $dff cell `$procdff$2112' with positive edge clock.
Creating register for signal `$paramod\gated_delta_fused\D=s32'00000000000000000000000000010000.$bitselwrite$pos$/Users/toprakgundogdu/qwen-ffn-rom/rtl/gated_delta_fused.v:222$851' using process `$paramod\gated_delta_fused\D=s32'00000000000000000000000000010000.$proc$/Users/toprakgundogdu/qwen-ffn-rom/rtl/gated_delta_fused.v:170$862'.
  created $dff cell `$procdff$2113' with positive edge clock.
Creating register for signal `$paramod\gated_delta_fused\D=s32'00000000000000000000000000010000.$bitselwrite$pos$/Users/toprakgundogdu/qwen-ffn-rom/rtl/gated_delta_fused.v:237$852' using process `$paramod\gated_delta_fused\D=s32'00000000000000000000000000010000.$proc$/Users/toprakgundogdu/qwen-ffn-rom/rtl/gated_delta_fused.v:170$862'.
  created $dff cell `$procdff$2114' with positive edge clock.
Creating register for signal `$paramod\gated_delta_fused\D=s32'00000000000000000000000000010000.$lookahead\o_flat$861' using process `$paramod\gated_delta_fused\D=s32'00000000000000000000000000010000.$proc$/Users/toprakgundogdu/qwen-ffn-rom/rtl/gated_delta_fused.v:170$862'.
  created $dff cell `$procdff$2115' with positive edge clock.
Creating register for signal `$paramod$0af7322157a0cb9528e4c21e617f7308440e4612\delta_s_col_ram.\rdata' using process `$paramod$0af7322157a0cb9528e4c21e617f7308440e4612\delta_s_col_ram.$proc$/Users/toprakgundogdu/qwen-ffn-rom/rtl/delta_s_col_ram.v:26$406'.
  created $dff cell `$procdff$2116' with positive edge clock.
Creating register for signal `$paramod$0af7322157a0cb9528e4c21e617f7308440e4612\delta_s_col_ram.$memwr$\mem$/Users/toprakgundogdu/qwen-ffn-rom/rtl/delta_s_col_ram.v:28$405_ADDR' using process `$paramod$0af7322157a0cb9528e4c21e617f7308440e4612\delta_s_col_ram.$proc$/Users/toprakgundogdu/qwen-ffn-rom/rtl/delta_s_col_ram.v:26$406'.
  created $dff cell `$procdff$2117' with positive edge clock.
Creating register for signal `$paramod$0af7322157a0cb9528e4c21e617f7308440e4612\delta_s_col_ram.$memwr$\mem$/Users/toprakgundogdu/qwen-ffn-rom/rtl/delta_s_col_ram.v:28$405_DATA' using process `$paramod$0af7322157a0cb9528e4c21e617f7308440e4612\delta_s_col_ram.$proc$/Users/toprakgundogdu/qwen-ffn-rom/rtl/delta_s_col_ram.v:26$406'.
  created $dff cell `$procdff$2118' with positive edge clock.
Creating register for signal `$paramod$0af7322157a0cb9528e4c21e617f7308440e4612\delta_s_col_ram.$memwr$\mem$/Users/toprakgundogdu/qwen-ffn-rom/rtl/delta_s_col_ram.v:28$405_EN' using process `$paramod$0af7322157a0cb9528e4c21e617f7308440e4612\delta_s_col_ram.$proc$/Users/toprakgundogdu/qwen-ffn-rom/rtl/delta_s_col_ram.v:26$406'.
  created $dff cell `$procdff$2119' with positive edge clock.

5.10. Executing PROC_MEMWR pass (convert process memory writes to cells).

5.11. Executing PROC_CLEAN pass (remove empty switches from decision trees).
Removing empty process `$paramod$f0bb9fc6e3e3da0cc8fc8fef2a506bb92eba0fe2\gated_delta_fused_dot.$proc$/Users/toprakgundogdu/qwen-ffn-rom/rtl/gated_delta_fused.v:31$447'.
Removing empty process `$paramod\gated_delta_fused\D=s32'00000000000000000000000000010000.$proc$/Users/toprakgundogdu/qwen-ffn-rom/rtl/gated_delta_fused.v:152$1169'.
Removing empty process `$paramod\gated_delta_fused\D=s32'00000000000000000000000000010000.$proc$/Users/toprakgundogdu/qwen-ffn-rom/rtl/gated_delta_fused.v:152$1164'.
Removing empty process `$paramod\gated_delta_fused\D=s32'00000000000000000000000000010000.$proc$/Users/toprakgundogdu/qwen-ffn-rom/rtl/gated_delta_fused.v:152$1159'.
Removing empty process `$paramod\gated_delta_fused\D=s32'00000000000000000000000000010000.$proc$/Users/toprakgundogdu/qwen-ffn-rom/rtl/gated_delta_fused.v:152$1154'.
Removing empty process `$paramod\gated_delta_fused\D=s32'00000000000000000000000000010000.$proc$/Users/toprakgundogdu/qwen-ffn-rom/rtl/gated_delta_fused.v:152$1149'.
Removing empty process `$paramod\gated_delta_fused\D=s32'00000000000000000000000000010000.$proc$/Users/toprakgundogdu/qwen-ffn-rom/rtl/gated_delta_fused.v:152$1144'.
Removing empty process `$paramod\gated_delta_fused\D=s32'00000000000000000000000000010000.$proc$/Users/toprakgundogdu/qwen-ffn-rom/rtl/gated_delta_fused.v:152$1139'.
Removing empty process `$paramod\gated_delta_fused\D=s32'00000000000000000000000000010000.$proc$/Users/toprakgundogdu/qwen-ffn-rom/rtl/gated_delta_fused.v:152$1134'.
Removing empty process `$paramod\gated_delta_fused\D=s32'00000000000000000000000000010000.$proc$/Users/toprakgundogdu/qwen-ffn-rom/rtl/gated_delta_fused.v:152$1129'.
Removing empty process `$paramod\gated_delta_fused\D=s32'00000000000000000000000000010000.$proc$/Users/toprakgundogdu/qwen-ffn-rom/rtl/gated_delta_fused.v:152$1124'.
Removing empty process `$paramod\gated_delta_fused\D=s32'00000000000000000000000000010000.$proc$/Users/toprakgundogdu/qwen-ffn-rom/rtl/gated_delta_fused.v:152$1119'.
Removing empty process `$paramod\gated_delta_fused\D=s32'00000000000000000000000000010000.$proc$/Users/toprakgundogdu/qwen-ffn-rom/rtl/gated_delta_fused.v:152$1114'.
Removing empty process `$paramod\gated_delta_fused\D=s32'00000000000000000000000000010000.$proc$/Users/toprakgundogdu/qwen-ffn-rom/rtl/gated_delta_fused.v:152$1109'.
Removing empty process `$paramod\gated_delta_fused\D=s32'00000000000000000000000000010000.$proc$/Users/toprakgundogdu/qwen-ffn-rom/rtl/gated_delta_fused.v:152$1104'.
Removing empty process `$paramod\gated_delta_fused\D=s32'00000000000000000000000000010000.$proc$/Users/toprakgundogdu/qwen-ffn-rom/rtl/gated_delta_fused.v:152$1099'.
Removing empty process `$paramod\gated_delta_fused\D=s32'00000000000000000000000000010000.$proc$/Users/toprakgundogdu/qwen-ffn-rom/rtl/gated_delta_fused.v:152$1094'.
Removing empty process `$paramod\gated_delta_fused\D=s32'00000000000000000000000000010000.$proc$/Users/toprakgundogdu/qwen-ffn-rom/rtl/gated_delta_fused.v:130$1093'.
Removing empty process `$paramod\gated_delta_fused\D=s32'00000000000000000000000000010000.$proc$/Users/toprakgundogdu/qwen-ffn-rom/rtl/gated_delta_fused.v:130$1092'.
Removing empty process `$paramod\gated_delta_fused\D=s32'00000000000000000000000000010000.$proc$/Users/toprakgundogdu/qwen-ffn-rom/rtl/gated_delta_fused.v:130$1091'.
Removing empty process `$paramod\gated_delta_fused\D=s32'00000000000000000000000000010000.$proc$/Users/toprakgundogdu/qwen-ffn-rom/rtl/gated_delta_fused.v:130$1090'.
Removing empty process `$paramod\gated_delta_fused\D=s32'00000000000000000000000000010000.$proc$/Users/toprakgundogdu/qwen-ffn-rom/rtl/gated_delta_fused.v:130$1089'.
Removing empty process `$paramod\gated_delta_fused\D=s32'00000000000000000000000000010000.$proc$/Users/toprakgundogdu/qwen-ffn-rom/rtl/gated_delta_fused.v:130$1088'.
Removing empty process `$paramod\gated_delta_fused\D=s32'00000000000000000000000000010000.$proc$/Users/toprakgundogdu/qwen-ffn-rom/rtl/gated_delta_fused.v:130$1087'.
Removing empty process `$paramod\gated_delta_fused\D=s32'00000000000000000000000000010000.$proc$/Users/toprakgundogdu/qwen-ffn-rom/rtl/gated_delta_fused.v:130$1086'.
Removing empty process `$paramod\gated_delta_fused\D=s32'00000000000000000000000000010000.$proc$/Users/toprakgundogdu/qwen-ffn-rom/rtl/gated_delta_fused.v:130$1085'.
Removing empty process `$paramod\gated_delta_fused\D=s32'00000000000000000000000000010000.$proc$/Users/toprakgundogdu/qwen-ffn-rom/rtl/gated_delta_fused.v:130$1084'.
Removing empty process `$paramod\gated_delta_fused\D=s32'00000000000000000000000000010000.$proc$/Users/toprakgundogdu/qwen-ffn-rom/rtl/gated_delta_fused.v:130$1083'.
Removing empty process `$paramod\gated_delta_fused\D=s32'00000000000000000000000000010000.$proc$/Users/toprakgundogdu/qwen-ffn-rom/rtl/gated_delta_fused.v:130$1082'.
Removing empty process `$paramod\gated_delta_fused\D=s32'00000000000000000000000000010000.$proc$/Users/toprakgundogdu/qwen-ffn-rom/rtl/gated_delta_fused.v:130$1081'.
Removing empty process `$paramod\gated_delta_fused\D=s32'00000000000000000000000000010000.$proc$/Users/toprakgundogdu/qwen-ffn-rom/rtl/gated_delta_fused.v:130$1080'.
Removing empty process `$paramod\gated_delta_fused\D=s32'00000000000000000000000000010000.$proc$/Users/toprakgundogdu/qwen-ffn-rom/rtl/gated_delta_fused.v:130$1079'.
Removing empty process `$paramod\gated_delta_fused\D=s32'00000000000000000000000000010000.$proc$/Users/toprakgundogdu/qwen-ffn-rom/rtl/gated_delta_fused.v:130$1078'.
Removing empty process `$paramod\gated_delta_fused\D=s32'00000000000000000000000000010000.$proc$/Users/toprakgundogdu/qwen-ffn-rom/rtl/gated_delta_fused.v:109$1077'.
Removing empty process `$paramod\gated_delta_fused\D=s32'00000000000000000000000000010000.$proc$/Users/toprakgundogdu/qwen-ffn-rom/rtl/gated_delta_fused.v:109$1076'.
Removing empty process `$paramod\gated_delta_fused\D=s32'00000000000000000000000000010000.$proc$/Users/toprakgundogdu/qwen-ffn-rom/rtl/gated_delta_fused.v:109$1075'.
Removing empty process `$paramod\gated_delta_fused\D=s32'00000000000000000000000000010000.$proc$/Users/toprakgundogdu/qwen-ffn-rom/rtl/gated_delta_fused.v:109$1074'.
Removing empty process `$paramod\gated_delta_fused\D=s32'00000000000000000000000000010000.$proc$/Users/toprakgundogdu/qwen-ffn-rom/rtl/gated_delta_fused.v:109$1073'.
Removing empty process `$paramod\gated_delta_fused\D=s32'00000000000000000000000000010000.$proc$/Users/toprakgundogdu/qwen-ffn-rom/rtl/gated_delta_fused.v:109$1072'.
Removing empty process `$paramod\gated_delta_fused\D=s32'00000000000000000000000000010000.$proc$/Users/toprakgundogdu/qwen-ffn-rom/rtl/gated_delta_fused.v:109$1071'.
Removing empty process `$paramod\gated_delta_fused\D=s32'00000000000000000000000000010000.$proc$/Users/toprakgundogdu/qwen-ffn-rom/rtl/gated_delta_fused.v:109$1070'.
Removing empty process `$paramod\gated_delta_fused\D=s32'00000000000000000000000000010000.$proc$/Users/toprakgundogdu/qwen-ffn-rom/rtl/gated_delta_fused.v:109$1069'.
Removing empty process `$paramod\gated_delta_fused\D=s32'00000000000000000000000000010000.$proc$/Users/toprakgundogdu/qwen-ffn-rom/rtl/gated_delta_fused.v:109$1068'.
Removing empty process `$paramod\gated_delta_fused\D=s32'00000000000000000000000000010000.$proc$/Users/toprakgundogdu/qwen-ffn-rom/rtl/gated_delta_fused.v:109$1067'.
Removing empty process `$paramod\gated_delta_fused\D=s32'00000000000000000000000000010000.$proc$/Users/toprakgundogdu/qwen-ffn-rom/rtl/gated_delta_fused.v:109$1066'.
Removing empty process `$paramod\gated_delta_fused\D=s32'00000000000000000000000000010000.$proc$/Users/toprakgundogdu/qwen-ffn-rom/rtl/gated_delta_fused.v:109$1065'.
Removing empty process `$paramod\gated_delta_fused\D=s32'00000000000000000000000000010000.$proc$/Users/toprakgundogdu/qwen-ffn-rom/rtl/gated_delta_fused.v:109$1064'.
Removing empty process `$paramod\gated_delta_fused\D=s32'00000000000000000000000000010000.$proc$/Users/toprakgundogdu/qwen-ffn-rom/rtl/gated_delta_fused.v:109$1063'.
Removing empty process `$paramod\gated_delta_fused\D=s32'00000000000000000000000000010000.$proc$/Users/toprakgundogdu/qwen-ffn-rom/rtl/gated_delta_fused.v:109$1062'.
Removing empty process `$paramod\gated_delta_fused\D=s32'00000000000000000000000000010000.$proc$/Users/toprakgundogdu/qwen-ffn-rom/rtl/gated_delta_fused.v:77$1061'.
Removing empty process `$paramod\gated_delta_fused\D=s32'00000000000000000000000000010000.$proc$/Users/toprakgundogdu/qwen-ffn-rom/rtl/gated_delta_fused.v:76$1060'.
Removing empty process `$paramod\gated_delta_fused\D=s32'00000000000000000000000000010000.$proc$/Users/toprakgundogdu/qwen-ffn-rom/rtl/gated_delta_fused.v:75$1059'.
Removing empty process `$paramod\gated_delta_fused\D=s32'00000000000000000000000000010000.$proc$/Users/toprakgundogdu/qwen-ffn-rom/rtl/gated_delta_fused.v:77$1058'.
Removing empty process `$paramod\gated_delta_fused\D=s32'00000000000000000000000000010000.$proc$/Users/toprakgundogdu/qwen-ffn-rom/rtl/gated_delta_fused.v:76$1057'.
Removing empty process `$paramod\gated_delta_fused\D=s32'00000000000000000000000000010000.$proc$/Users/toprakgundogdu/qwen-ffn-rom/rtl/gated_delta_fused.v:75$1056'.
Removing empty process `$paramod\gated_delta_fused\D=s32'00000000000000000000000000010000.$proc$/Users/toprakgundogdu/qwen-ffn-rom/rtl/gated_delta_fused.v:77$1055'.
Removing empty process `$paramod\gated_delta_fused\D=s32'00000000000000000000000000010000.$proc$/Users/toprakgundogdu/qwen-ffn-rom/rtl/gated_delta_fused.v:76$1054'.
Removing empty process `$paramod\gated_delta_fused\D=s32'00000000000000000000000000010000.$proc$/Users/toprakgundogdu/qwen-ffn-rom/rtl/gated_delta_fused.v:75$1053'.
Removing empty process `$paramod\gated_delta_fused\D=s32'00000000000000000000000000010000.$proc$/Users/toprakgundogdu/qwen-ffn-rom/rtl/gated_delta_fused.v:77$1052'.
Removing empty process `$paramod\gated_delta_fused\D=s32'00000000000000000000000000010000.$proc$/Users/toprakgundogdu/qwen-ffn-rom/rtl/gated_delta_fused.v:76$1051'.
Removing empty process `$paramod\gated_delta_fused\D=s32'00000000000000000000000000010000.$proc$/Users/toprakgundogdu/qwen-ffn-rom/rtl/gated_delta_fused.v:75$1050'.
Removing empty process `$paramod\gated_delta_fused\D=s32'00000000000000000000000000010000.$proc$/Users/toprakgundogdu/qwen-ffn-rom/rtl/gated_delta_fused.v:77$1049'.
Removing empty process `$paramod\gated_delta_fused\D=s32'00000000000000000000000000010000.$proc$/Users/toprakgundogdu/qwen-ffn-rom/rtl/gated_delta_fused.v:76$1048'.
Removing empty process `$paramod\gated_delta_fused\D=s32'00000000000000000000000000010000.$proc$/Users/toprakgundogdu/qwen-ffn-rom/rtl/gated_delta_fused.v:75$1047'.
Removing empty process `$paramod\gated_delta_fused\D=s32'00000000000000000000000000010000.$proc$/Users/toprakgundogdu/qwen-ffn-rom/rtl/gated_delta_fused.v:77$1046'.
Removing empty process `$paramod\gated_delta_fused\D=s32'00000000000000000000000000010000.$proc$/Users/toprakgundogdu/qwen-ffn-rom/rtl/gated_delta_fused.v:76$1045'.
Removing empty process `$paramod\gated_delta_fused\D=s32'00000000000000000000000000010000.$proc$/Users/toprakgundogdu/qwen-ffn-rom/rtl/gated_delta_fused.v:75$1044'.
Removing empty process `$paramod\gated_delta_fused\D=s32'00000000000000000000000000010000.$proc$/Users/toprakgundogdu/qwen-ffn-rom/rtl/gated_delta_fused.v:77$1043'.
Removing empty process `$paramod\gated_delta_fused\D=s32'00000000000000000000000000010000.$proc$/Users/toprakgundogdu/qwen-ffn-rom/rtl/gated_delta_fused.v:76$1042'.
Removing empty process `$paramod\gated_delta_fused\D=s32'00000000000000000000000000010000.$proc$/Users/toprakgundogdu/qwen-ffn-rom/rtl/gated_delta_fused.v:75$1041'.
Removing empty process `$paramod\gated_delta_fused\D=s32'00000000000000000000000000010000.$proc$/Users/toprakgundogdu/qwen-ffn-rom/rtl/gated_delta_fused.v:77$1040'.
Removing empty process `$paramod\gated_delta_fused\D=s32'00000000000000000000000000010000.$proc$/Users/toprakgundogdu/qwen-ffn-rom/rtl/gated_delta_fused.v:76$1039'.
Removing empty process `$paramod\gated_delta_fused\D=s32'00000000000000000000000000010000.$proc$/Users/toprakgundogdu/qwen-ffn-rom/rtl/gated_delta_fused.v:75$1038'.
Removing empty process `$paramod\gated_delta_fused\D=s32'00000000000000000000000000010000.$proc$/Users/toprakgundogdu/qwen-ffn-rom/rtl/gated_delta_fused.v:77$1037'.
Removing empty process `$paramod\gated_delta_fused\D=s32'00000000000000000000000000010000.$proc$/Users/toprakgundogdu/qwen-ffn-rom/rtl/gated_delta_fused.v:76$1036'.
Removing empty process `$paramod\gated_delta_fused\D=s32'00000000000000000000000000010000.$proc$/Users/toprakgundogdu/qwen-ffn-rom/rtl/gated_delta_fused.v:75$1035'.
Removing empty process `$paramod\gated_delta_fused\D=s32'00000000000000000000000000010000.$proc$/Users/toprakgundogdu/qwen-ffn-rom/rtl/gated_delta_fused.v:77$1034'.
Removing empty process `$paramod\gated_delta_fused\D=s32'00000000000000000000000000010000.$proc$/Users/toprakgundogdu/qwen-ffn-rom/rtl/gated_delta_fused.v:76$1033'.
Removing empty process `$paramod\gated_delta_fused\D=s32'00000000000000000000000000010000.$proc$/Users/toprakgundogdu/qwen-ffn-rom/rtl/gated_delta_fused.v:75$1032'.
Removing empty process `$paramod\gated_delta_fused\D=s32'00000000000000000000000000010000.$proc$/Users/toprakgundogdu/qwen-ffn-rom/rtl/gated_delta_fused.v:77$1031'.
Removing empty process `$paramod\gated_delta_fused\D=s32'00000000000000000000000000010000.$proc$/Users/toprakgundogdu/qwen-ffn-rom/rtl/gated_delta_fused.v:76$1030'.
Removing empty process `$paramod\gated_delta_fused\D=s32'00000000000000000000000000010000.$proc$/Users/toprakgundogdu/qwen-ffn-rom/rtl/gated_delta_fused.v:75$1029'.
Removing empty process `$paramod\gated_delta_fused\D=s32'00000000000000000000000000010000.$proc$/Users/toprakgundogdu/qwen-ffn-rom/rtl/gated_delta_fused.v:77$1028'.
Removing empty process `$paramod\gated_delta_fused\D=s32'00000000000000000000000000010000.$proc$/Users/toprakgundogdu/qwen-ffn-rom/rtl/gated_delta_fused.v:76$1027'.
Removing empty process `$paramod\gated_delta_fused\D=s32'00000000000000000000000000010000.$proc$/Users/toprakgundogdu/qwen-ffn-rom/rtl/gated_delta_fused.v:75$1026'.
Removing empty process `$paramod\gated_delta_fused\D=s32'00000000000000000000000000010000.$proc$/Users/toprakgundogdu/qwen-ffn-rom/rtl/gated_delta_fused.v:77$1025'.
Removing empty process `$paramod\gated_delta_fused\D=s32'00000000000000000000000000010000.$proc$/Users/toprakgundogdu/qwen-ffn-rom/rtl/gated_delta_fused.v:76$1024'.
Removing empty process `$paramod\gated_delta_fused\D=s32'00000000000000000000000000010000.$proc$/Users/toprakgundogdu/qwen-ffn-rom/rtl/gated_delta_fused.v:75$1023'.
Removing empty process `$paramod\gated_delta_fused\D=s32'00000000000000000000000000010000.$proc$/Users/toprakgundogdu/qwen-ffn-rom/rtl/gated_delta_fused.v:77$1022'.
Removing empty process `$paramod\gated_delta_fused\D=s32'00000000000000000000000000010000.$proc$/Users/toprakgundogdu/qwen-ffn-rom/rtl/gated_delta_fused.v:76$1021'.
Removing empty process `$paramod\gated_delta_fused\D=s32'00000000000000000000000000010000.$proc$/Users/toprakgundogdu/qwen-ffn-rom/rtl/gated_delta_fused.v:75$1020'.
Removing empty process `$paramod\gated_delta_fused\D=s32'00000000000000000000000000010000.$proc$/Users/toprakgundogdu/qwen-ffn-rom/rtl/gated_delta_fused.v:77$1019'.
Removing empty process `$paramod\gated_delta_fused\D=s32'00000000000000000000000000010000.$proc$/Users/toprakgundogdu/qwen-ffn-rom/rtl/gated_delta_fused.v:76$1018'.
Removing empty process `$paramod\gated_delta_fused\D=s32'00000000000000000000000000010000.$proc$/Users/toprakgundogdu/qwen-ffn-rom/rtl/gated_delta_fused.v:75$1017'.
Removing empty process `$paramod\gated_delta_fused\D=s32'00000000000000000000000000010000.$proc$/Users/toprakgundogdu/qwen-ffn-rom/rtl/gated_delta_fused.v:77$1016'.
Removing empty process `$paramod\gated_delta_fused\D=s32'00000000000000000000000000010000.$proc$/Users/toprakgundogdu/qwen-ffn-rom/rtl/gated_delta_fused.v:76$1015'.
Removing empty process `$paramod\gated_delta_fused\D=s32'00000000000000000000000000010000.$proc$/Users/toprakgundogdu/qwen-ffn-rom/rtl/gated_delta_fused.v:75$1014'.
Found and cleaned up 1 empty switch in `$paramod\gated_delta_fused\D=s32'00000000000000000000000000010000.$proc$/Users/toprakgundogdu/qwen-ffn-rom/rtl/gated_delta_fused.v:142$1011'.
Removing empty process `$paramod\gated_delta_fused\D=s32'00000000000000000000000000010000.$proc$/Users/toprakgundogdu/qwen-ffn-rom/rtl/gated_delta_fused.v:142$1011'.
Found and cleaned up 1 empty switch in `$paramod\gated_delta_fused\D=s32'00000000000000000000000000010000.$proc$/Users/toprakgundogdu/qwen-ffn-rom/rtl/gated_delta_fused.v:142$1008'.
Removing empty process `$paramod\gated_delta_fused\D=s32'00000000000000000000000000010000.$proc$/Users/toprakgundogdu/qwen-ffn-rom/rtl/gated_delta_fused.v:142$1008'.
Found and cleaned up 5 empty switches in `$paramod\gated_delta_fused\D=s32'00000000000000000000000000010000.$proc$/Users/toprakgundogdu/qwen-ffn-rom/rtl/gated_delta_fused.v:170$862'.
Removing empty process `$paramod\gated_delta_fused\D=s32'00000000000000000000000000010000.$proc$/Users/toprakgundogdu/qwen-ffn-rom/rtl/gated_delta_fused.v:170$862'.
Removing empty process `$paramod$0af7322157a0cb9528e4c21e617f7308440e4612\delta_s_col_ram.$proc$/Users/toprakgundogdu/qwen-ffn-rom/rtl/delta_s_col_ram.v:22$430'.
Found and cleaned up 1 empty switch in `$paramod$0af7322157a0cb9528e4c21e617f7308440e4612\delta_s_col_ram.$proc$/Users/toprakgundogdu/qwen-ffn-rom/rtl/delta_s_col_ram.v:26$406'.
Removing empty process `$paramod$0af7322157a0cb9528e4c21e617f7308440e4612\delta_s_col_ram.$proc$/Users/toprakgundogdu/qwen-ffn-rom/rtl/delta_s_col_ram.v:26$406'.
Cleaned up 8 empty switches.

5.12. Executing OPT_EXPR pass (perform const folding).
Optimizing module gated_delta_d16_fused.
Optimizing module $paramod$f0bb9fc6e3e3da0cc8fc8fef2a506bb92eba0fe2\gated_delta_fused_dot.
Optimizing module $paramod\gated_delta_fused\D=s32'00000000000000000000000000010000.
<suppressed ~177 debug messages>
Optimizing module $paramod$0af7322157a0cb9528e4c21e617f7308440e4612\delta_s_col_ram.

6. Executing FLATTEN pass (flatten design).
Deleting now unused module $paramod$f0bb9fc6e3e3da0cc8fc8fef2a506bb92eba0fe2\gated_delta_fused_dot.
Deleting now unused module $paramod\gated_delta_fused\D=s32'00000000000000000000000000010000.
Deleting now unused module $paramod$0af7322157a0cb9528e4c21e617f7308440e4612\delta_s_col_ram.
<suppressed ~19 debug messages>

7. Executing OPT_EXPR pass (perform const folding).
Optimizing module gated_delta_d16_fused.
<suppressed ~6 debug messages>

8. Executing OPT_CLEAN pass (remove unused cells and wires).
Finding unused cells or wires in module \gated_delta_d16_fused..
Removed 71 unused cells and 1257 unused wires.
<suppressed ~77 debug messages>

9. Executing SYNTH pass.

9.1. Executing HIERARCHY pass (managing design hierarchy).

9.1.1. Analyzing design hierarchy..
Top module:  \gated_delta_d16_fused

9.1.2. Analyzing design hierarchy..
Top module:  \gated_delta_d16_fused
Removed 0 unused modules.

9.2. Executing PROC pass (convert processes to netlists).

9.2.1. Executing PROC_CLEAN pass (remove empty switches from decision trees).
Cleaned up 0 empty switches.

9.2.2. Executing PROC_RMDEAD pass (remove dead branches from decision trees).
Removed a total of 0 dead cases.

9.2.3. Executing PROC_PRUNE pass (remove redundant assignments in processes).
Removed 0 redundant assignments.
Promoted 0 assignments to connections.

9.2.4. Executing PROC_INIT pass (extract init attributes).

9.2.5. Executing PROC_ARST pass (detect async resets in processes).

9.2.6. Executing PROC_ROM pass (convert switches to ROMs).
Converted 0 switches.

9.2.7. Executing PROC_MUX pass (convert decision trees to multiplexers).

9.2.8. Executing PROC_DLATCH pass (convert process syncs to latches).

9.2.9. Executing PROC_DFF pass (convert process syncs to FFs).

9.2.10. Executing PROC_MEMWR pass (convert process memory writes to cells).

9.2.11. Executing PROC_CLEAN pass (remove empty switches from decision trees).
Cleaned up 0 empty switches.

9.2.12. Executing OPT_EXPR pass (perform const folding).
Optimizing module gated_delta_d16_fused.

9.3. Executing OPT_EXPR pass (perform const folding).
Optimizing module gated_delta_d16_fused.

9.4. Executing OPT_CLEAN pass (remove unused cells and wires).
Finding unused cells or wires in module \gated_delta_d16_fused..

9.5. Executing CHECK pass (checking for obvious problems).
Checking module gated_delta_d16_fused...
Found and reported 0 problems.

9.6. Executing OPT pass (performing simple optimizations).

9.6.1. Executing OPT_EXPR pass (perform const folding).
Optimizing module gated_delta_d16_fused.

9.6.2. Executing OPT_MERGE pass (detect identical cells).
Finding identical cells in module `\gated_delta_d16_fused'.
Computing hashes of 977 cells of `\gated_delta_d16_fused'.
Finding duplicate cells in `\gated_delta_d16_fused'.
Computing hashes of 881 cells of `\gated_delta_d16_fused'.
Finding duplicate cells in `\gated_delta_d16_fused'.
Computing hashes of 880 cells of `\gated_delta_d16_fused'.
Finding duplicate cells in `\gated_delta_d16_fused'.
Computing hashes of 878 cells of `\gated_delta_d16_fused'.
Finding duplicate cells in `\gated_delta_d16_fused'.
Computing hashes of 877 cells of `\gated_delta_d16_fused'.
Finding duplicate cells in `\gated_delta_d16_fused'.
<suppressed ~300 debug messages>
Removed a total of 100 cells.

9.6.3. Executing OPT_MUXTREE pass (detect dead branches in mux trees).
Running muxtree optimizer on module \gated_delta_d16_fused..
  Creating internal representation of mux trees.
  Evaluating internal representation of mux trees.
  Analyzing evaluation results.
    dead port 2/2 on $mux $flatten\u_pe.$procmux$1212.
Removed 1 multiplexer ports.
<suppressed ~446 debug messages>

9.6.4. Executing OPT_REDUCE pass (consolidate $*mux and $reduce_* inputs).
  Optimizing cells in module \gated_delta_d16_fused.
    New ctrl vector for $pmux cell $flatten\u_pe.$procmux$1965: { $auto$opt_reduce.cc:137:opt_pmux$2141 $flatten\u_pe.$procmux$1967_CMP }
    Consolidated identical input bits for $mux cell $flatten\u_pe.\banks[0].u_s.$procmux$2030:
      Old ports: A=16'0000000000000000, B=16'1111111111111111, Y=$flatten\u_pe.\banks[0].u_s.$0$memwr$\mem$/Users/toprakgundogdu/qwen-ffn-rom/rtl/delta_s_col_ram.v:28$405_EN[15:0]$409
      New ports: A=1'0, B=1'1, Y=$flatten\u_pe.\banks[0].u_s.$0$memwr$\mem$/Users/toprakgundogdu/qwen-ffn-rom/rtl/delta_s_col_ram.v:28$405_EN[15:0]$409 [0]
      New connections: $flatten\u_pe.\banks[0].u_s.$0$memwr$\mem$/Users/toprakgundogdu/qwen-ffn-rom/rtl/delta_s_col_ram.v:28$405_EN[15:0]$409 [15:1] = { $flatten\u_pe.\banks[0].u_s.$0$memwr$\mem$/Users/toprakgundogdu/qwen-ffn-rom/rtl/delta_s_col_ram.v:28$405_EN[15:0]$409 [0] $flatten\u_pe.\banks[0].u_s.$0$memwr$\mem$/Users/toprakgundogdu/qwen-ffn-rom/rtl/delta_s_col_ram.v:28$405_EN[15:0]$409 [0] $flatten\u_pe.\banks[0].u_s.$0$memwr$\mem$/Users/toprakgundogdu/qwen-ffn-rom/rtl/delta_s_col_ram.v:28$405_EN[15:0]$409 [0] $flatten\u_pe.\banks[0].u_s.$0$memwr$\mem$/Users/toprakgundogdu/qwen-ffn-rom/rtl/delta_s_col_ram.v:28$405_EN[15:0]$409 [0] $flatten\u_pe.\banks[0].u_s.$0$memwr$\mem$/Users/toprakgundogdu/qwen-ffn-rom/rtl/delta_s_col_ram.v:28$405_EN[15:0]$409 [0] $flatten\u_pe.\banks[0].u_s.$0$memwr$\mem$/Users/toprakgundogdu/qwen-ffn-rom/rtl/delta_s_col_ram.v:28$405_EN[15:0]$409 [0] $flatten\u_pe.\banks[0].u_s.$0$memwr$\mem$/Users/toprakgundogdu/qwen-ffn-rom/rtl/delta_s_col_ram.v:28$405_EN[15:0]$409 [0] $flatten\u_pe.\banks[0].u_s.$0$memwr$\mem$/Users/toprakgundogdu/qwen-ffn-rom/rtl/delta_s_col_ram.v:28$405_EN[15:0]$409 [0] $flatten\u_pe.\banks[0].u_s.$0$memwr$\mem$/Users/toprakgundogdu/qwen-ffn-rom/rtl/delta_s_col_ram.v:28$405_EN[15:0]$409 [0] $flatten\u_pe.\banks[0].u_s.$0$memwr$\mem$/Users/toprakgundogdu/qwen-ffn-rom/rtl/delta_s_col_ram.v:28$405_EN[15:0]$409 [0] $flatten\u_pe.\banks[0].u_s.$0$memwr$\mem$/Users/toprakgundogdu/qwen-ffn-rom/rtl/delta_s_col_ram.v:28$405_EN[15:0]$409 [0] $flatten\u_pe.\banks[0].u_s.$0$memwr$\mem$/Users/toprakgundogdu/qwen-ffn-rom/rtl/delta_s_col_ram.v:28$405_EN[15:0]$409 [0] $flatten\u_pe.\banks[0].u_s.$0$memwr$\mem$/Users/toprakgundogdu/qwen-ffn-rom/rtl/delta_s_col_ram.v:28$405_EN[15:0]$409 [0] $flatten\u_pe.\banks[0].u_s.$0$memwr$\mem$/Users/toprakgundogdu/qwen-ffn-rom/rtl/delta_s_col_ram.v:28$405_EN[15:0]$409 [0] $flatten\u_pe.\banks[0].u_s.$0$memwr$\mem$/Users/toprakgundogdu/qwen-ffn-rom/rtl/delta_s_col_ram.v:28$405_EN[15:0]$409 [0] }
    Consolidated identical input bits for $mux cell $flatten\u_pe.\banks[1].u_s.$procmux$2030:
      Old ports: A=16'0000000000000000, B=16'1111111111111111, Y=$flatten\u_pe.\banks[1].u_s.$0$memwr$\mem$/Users/toprakgundogdu/qwen-ffn-rom/rtl/delta_s_col_ram.v:28$405_EN[15:0]$409
      New ports: A=1'0, B=1'1, Y=$flatten\u_pe.\banks[1].u_s.$0$memwr$\mem$/Users/toprakgundogdu/qwen-ffn-rom/rtl/delta_s_col_ram.v:28$405_EN[15:0]$409 [0]
      New connections: $flatten\u_pe.\banks[1].u_s.$0$memwr$\mem$/Users/toprakgundogdu/qwen-ffn-rom/rtl/delta_s_col_ram.v:28$405_EN[15:0]$409 [15:1] = { $flatten\u_pe.\banks[1].u_s.$0$memwr$\mem$/Users/toprakgundogdu/qwen-ffn-rom/rtl/delta_s_col_ram.v:28$405_EN[15:0]$409 [0] $flatten\u_pe.\banks[1].u_s.$0$memwr$\mem$/Users/toprakgundogdu/qwen-ffn-rom/rtl/delta_s_col_ram.v:28$405_EN[15:0]$409 [0] $flatten\u_pe.\banks[1].u_s.$0$memwr$\mem$/Users/toprakgundogdu/qwen-ffn-rom/rtl/delta_s_col_ram.v:28$405_EN[15:0]$409 [0] $flatten\u_pe.\banks[1].u_s.$0$memwr$\mem$/Users/toprakgundogdu/qwen-ffn-rom/rtl/delta_s_col_ram.v:28$405_EN[15:0]$409 [0] $flatten\u_pe.\banks[1].u_s.$0$memwr$\mem$/Users/toprakgundogdu/qwen-ffn-rom/rtl/delta_s_col_ram.v:28$405_EN[15:0]$409 [0] $flatten\u_pe.\banks[1].u_s.$0$memwr$\mem$/Users/toprakgundogdu/qwen-ffn-rom/rtl/delta_s_col_ram.v:28$405_EN[15:0]$409 [0] $flatten\u_pe.\banks[1].u_s.$0$memwr$\mem$/Users/toprakgundogdu/qwen-ffn-rom/rtl/delta_s_col_ram.v:28$405_EN[15:0]$409 [0] $flatten\u_pe.\banks[1].u_s.$0$memwr$\mem$/Users/toprakgundogdu/qwen-ffn-rom/rtl/delta_s_col_ram.v:28$405_EN[15:0]$409 [0] $flatten\u_pe.\banks[1].u_s.$0$memwr$\mem$/Users/toprakgundogdu/qwen-ffn-rom/rtl/delta_s_col_ram.v:28$405_EN[15:0]$409 [0] $flatten\u_pe.\banks[1].u_s.$0$memwr$\mem$/Users/toprakgundogdu/qwen-ffn-rom/rtl/delta_s_col_ram.v:28$405_EN[15:0]$409 [0] $flatten\u_pe.\banks[1].u_s.$0$memwr$\mem$/Users/toprakgundogdu/qwen-ffn-rom/rtl/delta_s_col_ram.v:28$405_EN[15:0]$409 [0] $flatten\u_pe.\banks[1].u_s.$0$memwr$\mem$/Users/toprakgundogdu/qwen-ffn-rom/rtl/delta_s_col_ram.v:28$405_EN[15:0]$409 [0] $flatten\u_pe.\banks[1].u_s.$0$memwr$\mem$/Users/toprakgundogdu/qwen-ffn-rom/rtl/delta_s_col_ram.v:28$405_EN[15:0]$409 [0] $flatten\u_pe.\banks[1].u_s.$0$memwr$\mem$/Users/toprakgundogdu/qwen-ffn-rom/rtl/delta_s_col_ram.v:28$405_EN[15:0]$409 [0] $flatten\u_pe.\banks[1].u_s.$0$memwr$\mem$/Users/toprakgundogdu/qwen-ffn-rom/rtl/delta_s_col_ram.v:28$405_EN[15:0]$409 [0] }
    Consolidated identical input bits for $mux cell $flatten\u_pe.\banks[2].u_s.$procmux$2030:
      Old ports: A=16'0000000000000000, B=16'1111111111111111, Y=$flatten\u_pe.\banks[2].u_s.$0$memwr$\mem$/Users/toprakgundogdu/qwen-ffn-rom/rtl/delta_s_col_ram.v:28$405_EN[15:0]$409
      New ports: A=1'0, B=1'1, Y=$flatten\u_pe.\banks[2].u_s.$0$memwr$\mem$/Users/toprakgundogdu/qwen-ffn-rom/rtl/delta_s_col_ram.v:28$405_EN[15:0]$409 [0]
      New connections: $flatten\u_pe.\banks[2].u_s.$0$memwr$\mem$/Users/toprakgundogdu/qwen-ffn-rom/rtl/delta_s_col_ram.v:28$405_EN[15:0]$409 [15:1] = { $flatten\u_pe.\banks[2].u_s.$0$memwr$\mem$/Users/toprakgundogdu/qwen-ffn-rom/rtl/delta_s_col_ram.v:28$405_EN[15:0]$409 [0] $flatten\u_pe.\banks[2].u_s.$0$memwr$\mem$/Users/toprakgundogdu/qwen-ffn-rom/rtl/delta_s_col_ram.v:28$405_EN[15:0]$409 [0] $flatten\u_pe.\banks[2].u_s.$0$memwr$\mem$/Users/toprakgundogdu/qwen-ffn-rom/rtl/delta_s_col_ram.v:28$405_EN[15:0]$409 [0] $flatten\u_pe.\banks[2].u_s.$0$memwr$\mem$/Users/toprakgundogdu/qwen-ffn-rom/rtl/delta_s_col_ram.v:28$405_EN[15:0]$409 [0] $flatten\u_pe.\banks[2].u_s.$0$memwr$\mem$/Users/toprakgundogdu/qwen-ffn-rom/rtl/delta_s_col_ram.v:28$405_EN[15:0]$409 [0] $flatten\u_pe.\banks[2].u_s.$0$memwr$\mem$/Users/toprakgundogdu/qwen-ffn-rom/rtl/delta_s_col_ram.v:28$405_EN[15:0]$409 [0] $flatten\u_pe.\banks[2].u_s.$0$memwr$\mem$/Users/toprakgundogdu/qwen-ffn-rom/rtl/delta_s_col_ram.v:28$405_EN[15:0]$409 [0] $flatten\u_pe.\banks[2].u_s.$0$memwr$\mem$/Users/toprakgundogdu/qwen-ffn-rom/rtl/delta_s_col_ram.v:28$405_EN[15:0]$409 [0] $flatten\u_pe.\banks[2].u_s.$0$memwr$\mem$/Users/toprakgundogdu/qwen-ffn-rom/rtl/delta_s_col_ram.v:28$405_EN[15:0]$409 [0] $flatten\u_pe.\banks[2].u_s.$0$memwr$\mem$/Users/toprakgundogdu/qwen-ffn-rom/rtl/delta_s_col_ram.v:28$405_EN[15:0]$409 [0] $flatten\u_pe.\banks[2].u_s.$0$memwr$\mem$/Users/toprakgundogdu/qwen-ffn-rom/rtl/delta_s_col_ram.v:28$405_EN[15:0]$409 [0] $flatten\u_pe.\banks[2].u_s.$0$memwr$\mem$/Users/toprakgundogdu/qwen-ffn-rom/rtl/delta_s_col_ram.v:28$405_EN[15:0]$409 [0] $flatten\u_pe.\banks[2].u_s.$0$memwr$\mem$/Users/toprakgundogdu/qwen-ffn-rom/rtl/delta_s_col_ram.v:28$405_EN[15:0]$409 [0] $flatten\u_pe.\banks[2].u_s.$0$memwr$\mem$/Users/toprakgundogdu/qwen-ffn-rom/rtl/delta_s_col_ram.v:28$405_EN[15:0]$409 [0] $flatten\u_pe.\banks[2].u_s.$0$memwr$\mem$/Users/toprakgundogdu/qwen-ffn-rom/rtl/delta_s_col_ram.v:28$405_EN[15:0]$409 [0] }
    Consolidated identical input bits for $mux cell $flatten\u_pe.\banks[3].u_s.$procmux$2030:
      Old ports: A=16'0000000000000000, B=16'1111111111111111, Y=$flatten\u_pe.\banks[3].u_s.$0$memwr$\mem$/Users/toprakgundogdu/qwen-ffn-rom/rtl/delta_s_col_ram.v:28$405_EN[15:0]$409
      New ports: A=1'0, B=1'1, Y=$flatten\u_pe.\banks[3].u_s.$0$memwr$\mem$/Users/toprakgundogdu/qwen-ffn-rom/rtl/delta_s_col_ram.v:28$405_EN[15:0]$409 [0]
      New connections: $flatten\u_pe.\banks[3].u_s.$0$memwr$\mem$/Users/toprakgundogdu/qwen-ffn-rom/rtl/delta_s_col_ram.v:28$405_EN[15:0]$409 [15:1] = { $flatten\u_pe.\banks[3].u_s.$0$memwr$\mem$/Users/toprakgundogdu/qwen-ffn-rom/rtl/delta_s_col_ram.v:28$405_EN[15:0]$409 [0] $flatten\u_pe.\banks[3].u_s.$0$memwr$\mem$/Users/toprakgundogdu/qwen-ffn-rom/rtl/delta_s_col_ram.v:28$405_EN[15:0]$409 [0] $flatten\u_pe.\banks[3].u_s.$0$memwr$\mem$/Users/toprakgundogdu/qwen-ffn-rom/rtl/delta_s_col_ram.v:28$405_EN[15:0]$409 [0] $flatten\u_pe.\banks[3].u_s.$0$memwr$\mem$/Users/toprakgundogdu/qwen-ffn-rom/rtl/delta_s_col_ram.v:28$405_EN[15:0]$409 [0] $flatten\u_pe.\banks[3].u_s.$0$memwr$\mem$/Users/toprakgundogdu/qwen-ffn-rom/rtl/delta_s_col_ram.v:28$405_EN[15:0]$409 [0] $flatten\u_pe.\banks[3].u_s.$0$memwr$\mem$/Users/toprakgundogdu/qwen-ffn-rom/rtl/delta_s_col_ram.v:28$405_EN[15:0]$409 [0] $flatten\u_pe.\banks[3].u_s.$0$memwr$\mem$/Users/toprakgundogdu/qwen-ffn-rom/rtl/delta_s_col_ram.v:28$405_EN[15:0]$409 [0] $flatten\u_pe.\banks[3].u_s.$0$memwr$\mem$/Users/toprakgundogdu/qwen-ffn-rom/rtl/delta_s_col_ram.v:28$405_EN[15:0]$409 [0] $flatten\u_pe.\banks[3].u_s.$0$memwr$\mem$/Users/toprakgundogdu/qwen-ffn-rom/rtl/delta_s_col_ram.v:28$405_EN[15:0]$409 [0] $flatten\u_pe.\banks[3].u_s.$0$memwr$\mem$/Users/toprakgundogdu/qwen-ffn-rom/rtl/delta_s_col_ram.v:28$405_EN[15:0]$409 [0] $flatten\u_pe.\banks[3].u_s.$0$memwr$\mem$/Users/toprakgundogdu/qwen-ffn-rom/rtl/delta_s_col_ram.v:28$405_EN[15:0]$409 [0] $flatten\u_pe.\banks[3].u_s.$0$memwr$\mem$/Users/toprakgundogdu/qwen-ffn-rom/rtl/delta_s_col_ram.v:28$405_EN[15:0]$409 [0] $flatten\u_pe.\banks[3].u_s.$0$memwr$\mem$/Users/toprakgundogdu/qwen-ffn-rom/rtl/delta_s_col_ram.v:28$405_EN[15:0]$409 [0] $flatten\u_pe.\banks[3].u_s.$0$memwr$\mem$/Users/toprakgundogdu/qwen-ffn-rom/rtl/delta_s_col_ram.v:28$405_EN[15:0]$409 [0] $flatten\u_pe.\banks[3].u_s.$0$memwr$\mem$/Users/toprakgundogdu/qwen-ffn-rom/rtl/delta_s_col_ram.v:28$405_EN[15:0]$409 [0] }
    Consolidated identical input bits for $mux cell $flatten\u_pe.\banks[4].u_s.$procmux$2030:
      Old ports: A=16'0000000000000000, B=16'1111111111111111, Y=$flatten\u_pe.\banks[4].u_s.$0$memwr$\mem$/Users/toprakgundogdu/qwen-ffn-rom/rtl/delta_s_col_ram.v:28$405_EN[15:0]$409
      New ports: A=1'0, B=1'1, Y=$flatten\u_pe.\banks[4].u_s.$0$memwr$\mem$/Users/toprakgundogdu/qwen-ffn-rom/rtl/delta_s_col_ram.v:28$405_EN[15:0]$409 [0]
      New connections: $flatten\u_pe.\banks[4].u_s.$0$memwr$\mem$/Users/toprakgundogdu/qwen-ffn-rom/rtl/delta_s_col_ram.v:28$405_EN[15:0]$409 [15:1] = { $flatten\u_pe.\banks[4].u_s.$0$memwr$\mem$/Users/toprakgundogdu/qwen-ffn-rom/rtl/delta_s_col_ram.v:28$405_EN[15:0]$409 [0] $flatten\u_pe.\banks[4].u_s.$0$memwr$\mem$/Users/toprakgundogdu/qwen-ffn-rom/rtl/delta_s_col_ram.v:28$405_EN[15:0]$409 [0] $flatten\u_pe.\banks[4].u_s.$0$memwr$\mem$/Users/toprakgundogdu/qwen-ffn-rom/rtl/delta_s_col_ram.v:28$405_EN[15:0]$409 [0] $flatten\u_pe.\banks[4].u_s.$0$memwr$\mem$/Users/toprakgundogdu/qwen-ffn-rom/rtl/delta_s_col_ram.v:28$405_EN[15:0]$409 [0] $flatten\u_pe.\banks[4].u_s.$0$memwr$\mem$/Users/toprakgundogdu/qwen-ffn-rom/rtl/delta_s_col_ram.v:28$405_EN[15:0]$409 [0] $flatten\u_pe.\banks[4].u_s.$0$memwr$\mem$/Users/toprakgundogdu/qwen-ffn-rom/rtl/delta_s_col_ram.v:28$405_EN[15:0]$409 [0] $flatten\u_pe.\banks[4].u_s.$0$memwr$\mem$/Users/toprakgundogdu/qwen-ffn-rom/rtl/delta_s_col_ram.v:28$405_EN[15:0]$409 [0] $flatten\u_pe.\banks[4].u_s.$0$memwr$\mem$/Users/toprakgundogdu/qwen-ffn-rom/rtl/delta_s_col_ram.v:28$405_EN[15:0]$409 [0] $flatten\u_pe.\banks[4].u_s.$0$memwr$\mem$/Users/toprakgundogdu/qwen-ffn-rom/rtl/delta_s_col_ram.v:28$405_EN[15:0]$409 [0] $flatten\u_pe.\banks[4].u_s.$0$memwr$\mem$/Users/toprakgundogdu/qwen-ffn-rom/rtl/delta_s_col_ram.v:28$405_EN[15:0]$409 [0] $flatten\u_pe.\banks[4].u_s.$0$memwr$\mem$/Users/toprakgundogdu/qwen-ffn-rom/rtl/delta_s_col_ram.v:28$405_EN[15:0]$409 [0] $flatten\u_pe.\banks[4].u_s.$0$memwr$\mem$/Users/toprakgundogdu/qwen-ffn-rom/rtl/delta_s_col_ram.v:28$405_EN[15:0]$409 [0] $flatten\u_pe.\banks[4].u_s.$0$memwr$\mem$/Users/toprakgundogdu/qwen-ffn-rom/rtl/delta_s_col_ram.v:28$405_EN[15:0]$409 [0] $flatten\u_pe.\banks[4].u_s.$0$memwr$\mem$/Users/toprakgundogdu/qwen-ffn-rom/rtl/delta_s_col_ram.v:28$405_EN[15:0]$409 [0] $flatten\u_pe.\banks[4].u_s.$0$memwr$\mem$/Users/toprakgundogdu/qwen-ffn-rom/rtl/delta_s_col_ram.v:28$405_EN[15:0]$409 [0] }
    Consolidated identical input bits for $mux cell $flatten\u_pe.\banks[5].u_s.$procmux$2030:
      Old ports: A=16'0000000000000000, B=16'1111111111111111, Y=$flatten\u_pe.\banks[5].u_s.$0$memwr$\mem$/Users/toprakgundogdu/qwen-ffn-rom/rtl/delta_s_col_ram.v:28$405_EN[15:0]$409
      New ports: A=1'0, B=1'1, Y=$flatten\u_pe.\banks[5].u_s.$0$memwr$\mem$/Users/toprakgundogdu/qwen-ffn-rom/rtl/delta_s_col_ram.v:28$405_EN[15:0]$409 [0]
      New connections: $flatten\u_pe.\banks[5].u_s.$0$memwr$\mem$/Users/toprakgundogdu/qwen-ffn-rom/rtl/delta_s_col_ram.v:28$405_EN[15:0]$409 [15:1] = { $flatten\u_pe.\banks[5].u_s.$0$memwr$\mem$/Users/toprakgundogdu/qwen-ffn-rom/rtl/delta_s_col_ram.v:28$405_EN[15:0]$409 [0] $flatten\u_pe.\banks[5].u_s.$0$memwr$\mem$/Users/toprakgundogdu/qwen-ffn-rom/rtl/delta_s_col_ram.v:28$405_EN[15:0]$409 [0] $flatten\u_pe.\banks[5].u_s.$0$memwr$\mem$/Users/toprakgundogdu/qwen-ffn-rom/rtl/delta_s_col_ram.v:28$405_EN[15:0]$409 [0] $flatten\u_pe.\banks[5].u_s.$0$memwr$\mem$/Users/toprakgundogdu/qwen-ffn-rom/rtl/delta_s_col_ram.v:28$405_EN[15:0]$409 [0] $flatten\u_pe.\banks[5].u_s.$0$memwr$\mem$/Users/toprakgundogdu/qwen-ffn-rom/rtl/delta_s_col_ram.v:28$405_EN[15:0]$409 [0] $flatten\u_pe.\banks[5].u_s.$0$memwr$\mem$/Users/toprakgundogdu/qwen-ffn-rom/rtl/delta_s_col_ram.v:28$405_EN[15:0]$409 [0] $flatten\u_pe.\banks[5].u_s.$0$memwr$\mem$/Users/toprakgundogdu/qwen-ffn-rom/rtl/delta_s_col_ram.v:28$405_EN[15:0]$409 [0] $flatten\u_pe.\banks[5].u_s.$0$memwr$\mem$/Users/toprakgundogdu/qwen-ffn-rom/rtl/delta_s_col_ram.v:28$405_EN[15:0]$409 [0] $flatten\u_pe.\banks[5].u_s.$0$memwr$\mem$/Users/toprakgundogdu/qwen-ffn-rom/rtl/delta_s_col_ram.v:28$405_EN[15:0]$409 [0] $flatten\u_pe.\banks[5].u_s.$0$memwr$\mem$/Users/toprakgundogdu/qwen-ffn-rom/rtl/delta_s_col_ram.v:28$405_EN[15:0]$409 [0] $flatten\u_pe.\banks[5].u_s.$0$memwr$\mem$/Users/toprakgundogdu/qwen-ffn-rom/rtl/delta_s_col_ram.v:28$405_EN[15:0]$409 [0] $flatten\u_pe.\banks[5].u_s.$0$memwr$\mem$/Users/toprakgundogdu/qwen-ffn-rom/rtl/delta_s_col_ram.v:28$405_EN[15:0]$409 [0] $flatten\u_pe.\banks[5].u_s.$0$memwr$\mem$/Users/toprakgundogdu/qwen-ffn-rom/rtl/delta_s_col_ram.v:28$405_EN[15:0]$409 [0] $flatten\u_pe.\banks[5].u_s.$0$memwr$\mem$/Users/toprakgundogdu/qwen-ffn-rom/rtl/delta_s_col_ram.v:28$405_EN[15:0]$409 [0] $flatten\u_pe.\banks[5].u_s.$0$memwr$\mem$/Users/toprakgundogdu/qwen-ffn-rom/rtl/delta_s_col_ram.v:28$405_EN[15:0]$409 [0] }
    Consolidated identical input bits for $mux cell $flatten\u_pe.\banks[6].u_s.$procmux$2030:
      Old ports: A=16'0000000000000000, B=16'1111111111111111, Y=$flatten\u_pe.\banks[6].u_s.$0$memwr$\mem$/Users/toprakgundogdu/qwen-ffn-rom/rtl/delta_s_col_ram.v:28$405_EN[15:0]$409
      New ports: A=1'0, B=1'1, Y=$flatten\u_pe.\banks[6].u_s.$0$memwr$\mem$/Users/toprakgundogdu/qwen-ffn-rom/rtl/delta_s_col_ram.v:28$405_EN[15:0]$409 [0]
      New connections: $flatten\u_pe.\banks[6].u_s.$0$memwr$\mem$/Users/toprakgundogdu/qwen-ffn-rom/rtl/delta_s_col_ram.v:28$405_EN[15:0]$409 [15:1] = { $flatten\u_pe.\banks[6].u_s.$0$memwr$\mem$/Users/toprakgundogdu/qwen-ffn-rom/rtl/delta_s_col_ram.v:28$405_EN[15:0]$409 [0] $flatten\u_pe.\banks[6].u_s.$0$memwr$\mem$/Users/toprakgundogdu/qwen-ffn-rom/rtl/delta_s_col_ram.v:28$405_EN[15:0]$409 [0] $flatten\u_pe.\banks[6].u_s.$0$memwr$\mem$/Users/toprakgundogdu/qwen-ffn-rom/rtl/delta_s_col_ram.v:28$405_EN[15:0]$409 [0] $flatten\u_pe.\banks[6].u_s.$0$memwr$\mem$/Users/toprakgundogdu/qwen-ffn-rom/rtl/delta_s_col_ram.v:28$405_EN[15:0]$409 [0] $flatten\u_pe.\banks[6].u_s.$0$memwr$\mem$/Users/toprakgundogdu/qwen-ffn-rom/rtl/delta_s_col_ram.v:28$405_EN[15:0]$409 [0] $flatten\u_pe.\banks[6].u_s.$0$memwr$\mem$/Users/toprakgundogdu/qwen-ffn-rom/rtl/delta_s_col_ram.v:28$405_EN[15:0]$409 [0] $flatten\u_pe.\banks[6].u_s.$0$memwr$\mem$/Users/toprakgundogdu/qwen-ffn-rom/rtl/delta_s_col_ram.v:28$405_EN[15:0]$409 [0] $flatten\u_pe.\banks[6].u_s.$0$memwr$\mem$/Users/toprakgundogdu/qwen-ffn-rom/rtl/delta_s_col_ram.v:28$405_EN[15:0]$409 [0] $flatten\u_pe.\banks[6].u_s.$0$memwr$\mem$/Users/toprakgundogdu/qwen-ffn-rom/rtl/delta_s_col_ram.v:28$405_EN[15:0]$409 [0] $flatten\u_pe.\banks[6].u_s.$0$memwr$\mem$/Users/toprakgundogdu/qwen-ffn-rom/rtl/delta_s_col_ram.v:28$405_EN[15:0]$409 [0] $flatten\u_pe.\banks[6].u_s.$0$memwr$\mem$/Users/toprakgundogdu/qwen-ffn-rom/rtl/delta_s_col_ram.v:28$405_EN[15:0]$409 [0] $flatten\u_pe.\banks[6].u_s.$0$memwr$\mem$/Users/toprakgundogdu/qwen-ffn-rom/rtl/delta_s_col_ram.v:28$405_EN[15:0]$409 [0] $flatten\u_pe.\banks[6].u_s.$0$memwr$\mem$/Users/toprakgundogdu/qwen-ffn-rom/rtl/delta_s_col_ram.v:28$405_EN[15:0]$409 [0] $flatten\u_pe.\banks[6].u_s.$0$memwr$\mem$/Users/toprakgundogdu/qwen-ffn-rom/rtl/delta_s_col_ram.v:28$405_EN[15:0]$409 [0] $flatten\u_pe.\banks[6].u_s.$0$memwr$\mem$/Users/toprakgundogdu/qwen-ffn-rom/rtl/delta_s_col_ram.v:28$405_EN[15:0]$409 [0] }
    Consolidated identical input bits for $mux cell $flatten\u_pe.\banks[7].u_s.$procmux$2030:
      Old ports: A=16'0000000000000000, B=16'1111111111111111, Y=$flatten\u_pe.\banks[7].u_s.$0$memwr$\mem$/Users/toprakgundogdu/qwen-ffn-rom/rtl/delta_s_col_ram.v:28$405_EN[15:0]$409
      New ports: A=1'0, B=1'1, Y=$flatten\u_pe.\banks[7].u_s.$0$memwr$\mem$/Users/toprakgundogdu/qwen-ffn-rom/rtl/delta_s_col_ram.v:28$405_EN[15:0]$409 [0]
      New connections: $flatten\u_pe.\banks[7].u_s.$0$memwr$\mem$/Users/toprakgundogdu/qwen-ffn-rom/rtl/delta_s_col_ram.v:28$405_EN[15:0]$409 [15:1] = { $flatten\u_pe.\banks[7].u_s.$0$memwr$\mem$/Users/toprakgundogdu/qwen-ffn-rom/rtl/delta_s_col_ram.v:28$405_EN[15:0]$409 [0] $flatten\u_pe.\banks[7].u_s.$0$memwr$\mem$/Users/toprakgundogdu/qwen-ffn-rom/rtl/delta_s_col_ram.v:28$405_EN[15:0]$409 [0] $flatten\u_pe.\banks[7].u_s.$0$memwr$\mem$/Users/toprakgundogdu/qwen-ffn-rom/rtl/delta_s_col_ram.v:28$405_EN[15:0]$409 [0] $flatten\u_pe.\banks[7].u_s.$0$memwr$\mem$/Users/toprakgundogdu/qwen-ffn-rom/rtl/delta_s_col_ram.v:28$405_EN[15:0]$409 [0] $flatten\u_pe.\banks[7].u_s.$0$memwr$\mem$/Users/toprakgundogdu/qwen-ffn-rom/rtl/delta_s_col_ram.v:28$405_EN[15:0]$409 [0] $flatten\u_pe.\banks[7].u_s.$0$memwr$\mem$/Users/toprakgundogdu/qwen-ffn-rom/rtl/delta_s_col_ram.v:28$405_EN[15:0]$409 [0] $flatten\u_pe.\banks[7].u_s.$0$memwr$\mem$/Users/toprakgundogdu/qwen-ffn-rom/rtl/delta_s_col_ram.v:28$405_EN[15:0]$409 [0] $flatten\u_pe.\banks[7].u_s.$0$memwr$\mem$/Users/toprakgundogdu/qwen-ffn-rom/rtl/delta_s_col_ram.v:28$405_EN[15:0]$409 [0] $flatten\u_pe.\banks[7].u_s.$0$memwr$\mem$/Users/toprakgundogdu/qwen-ffn-rom/rtl/delta_s_col_ram.v:28$405_EN[15:0]$409 [0] $flatten\u_pe.\banks[7].u_s.$0$memwr$\mem$/Users/toprakgundogdu/qwen-ffn-rom/rtl/delta_s_col_ram.v:28$405_EN[15:0]$409 [0] $flatten\u_pe.\banks[7].u_s.$0$memwr$\mem$/Users/toprakgundogdu/qwen-ffn-rom/rtl/delta_s_col_ram.v:28$405_EN[15:0]$409 [0] $flatten\u_pe.\banks[7].u_s.$0$memwr$\mem$/Users/toprakgundogdu/qwen-ffn-rom/rtl/delta_s_col_ram.v:28$405_EN[15:0]$409 [0] $flatten\u_pe.\banks[7].u_s.$0$memwr$\mem$/Users/toprakgundogdu/qwen-ffn-rom/rtl/delta_s_col_ram.v:28$405_EN[15:0]$409 [0] $flatten\u_pe.\banks[7].u_s.$0$memwr$\mem$/Users/toprakgundogdu/qwen-ffn-rom/rtl/delta_s_col_ram.v:28$405_EN[15:0]$409 [0] $flatten\u_pe.\banks[7].u_s.$0$memwr$\mem$/Users/toprakgundogdu/qwen-ffn-rom/rtl/delta_s_col_ram.v:28$405_EN[15:0]$409 [0] }
    Consolidated identical input bits for $mux cell $flatten\u_pe.\banks[8].u_s.$procmux$2030:
      Old ports: A=16'0000000000000000, B=16'1111111111111111, Y=$flatten\u_pe.\banks[8].u_s.$0$memwr$\mem$/Users/toprakgundogdu/qwen-ffn-rom/rtl/delta_s_col_ram.v:28$405_EN[15:0]$409
      New ports: A=1'0, B=1'1, Y=$flatten\u_pe.\banks[8].u_s.$0$memwr$\mem$/Users/toprakgundogdu/qwen-ffn-rom/rtl/delta_s_col_ram.v:28$405_EN[15:0]$409 [0]
      New connections: $flatten\u_pe.\banks[8].u_s.$0$memwr$\mem$/Users/toprakgundogdu/qwen-ffn-rom/rtl/delta_s_col_ram.v:28$405_EN[15:0]$409 [15:1] = { $flatten\u_pe.\banks[8].u_s.$0$memwr$\mem$/Users/toprakgundogdu/qwen-ffn-rom/rtl/delta_s_col_ram.v:28$405_EN[15:0]$409 [0] $flatten\u_pe.\banks[8].u_s.$0$memwr$\mem$/Users/toprakgundogdu/qwen-ffn-rom/rtl/delta_s_col_ram.v:28$405_EN[15:0]$409 [0] $flatten\u_pe.\banks[8].u_s.$0$memwr$\mem$/Users/toprakgundogdu/qwen-ffn-rom/rtl/delta_s_col_ram.v:28$405_EN[15:0]$409 [0] $flatten\u_pe.\banks[8].u_s.$0$memwr$\mem$/Users/toprakgundogdu/qwen-ffn-rom/rtl/delta_s_col_ram.v:28$405_EN[15:0]$409 [0] $flatten\u_pe.\banks[8].u_s.$0$memwr$\mem$/Users/toprakgundogdu/qwen-ffn-rom/rtl/delta_s_col_ram.v:28$405_EN[15:0]$409 [0] $flatten\u_pe.\banks[8].u_s.$0$memwr$\mem$/Users/toprakgundogdu/qwen-ffn-rom/rtl/delta_s_col_ram.v:28$405_EN[15:0]$409 [0] $flatten\u_pe.\banks[8].u_s.$0$memwr$\mem$/Users/toprakgundogdu/qwen-ffn-rom/rtl/delta_s_col_ram.v:28$405_EN[15:0]$409 [0] $flatten\u_pe.\banks[8].u_s.$0$memwr$\mem$/Users/toprakgundogdu/qwen-ffn-rom/rtl/delta_s_col_ram.v:28$405_EN[15:0]$409 [0] $flatten\u_pe.\banks[8].u_s.$0$memwr$\mem$/Users/toprakgundogdu/qwen-ffn-rom/rtl/delta_s_col_ram.v:28$405_EN[15:0]$409 [0] $flatten\u_pe.\banks[8].u_s.$0$memwr$\mem$/Users/toprakgundogdu/qwen-ffn-rom/rtl/delta_s_col_ram.v:28$405_EN[15:0]$409 [0] $flatten\u_pe.\banks[8].u_s.$0$memwr$\mem$/Users/toprakgundogdu/qwen-ffn-rom/rtl/delta_s_col_ram.v:28$405_EN[15:0]$409 [0] $flatten\u_pe.\banks[8].u_s.$0$memwr$\mem$/Users/toprakgundogdu/qwen-ffn-rom/rtl/delta_s_col_ram.v:28$405_EN[15:0]$409 [0] $flatten\u_pe.\banks[8].u_s.$0$memwr$\mem$/Users/toprakgundogdu/qwen-ffn-rom/rtl/delta_s_col_ram.v:28$405_EN[15:0]$409 [0] $flatten\u_pe.\banks[8].u_s.$0$memwr$\mem$/Users/toprakgundogdu/qwen-ffn-rom/rtl/delta_s_col_ram.v:28$405_EN[15:0]$409 [0] $flatten\u_pe.\banks[8].u_s.$0$memwr$\mem$/Users/toprakgundogdu/qwen-ffn-rom/rtl/delta_s_col_ram.v:28$405_EN[15:0]$409 [0] }
    Consolidated identical input bits for $mux cell $flatten\u_pe.\banks[9].u_s.$procmux$2030:
      Old ports: A=16'0000000000000000, B=16'1111111111111111, Y=$flatten\u_pe.\banks[9].u_s.$0$memwr$\mem$/Users/toprakgundogdu/qwen-ffn-rom/rtl/delta_s_col_ram.v:28$405_EN[15:0]$409
      New ports: A=1'0, B=1'1, Y=$flatten\u_pe.\banks[9].u_s.$0$memwr$\mem$/Users/toprakgundogdu/qwen-ffn-rom/rtl/delta_s_col_ram.v:28$405_EN[15:0]$409 [0]
      New connections: $flatten\u_pe.\banks[9].u_s.$0$memwr$\mem$/Users/toprakgundogdu/qwen-ffn-rom/rtl/delta_s_col_ram.v:28$405_EN[15:0]$409 [15:1] = { $flatten\u_pe.\banks[9].u_s.$0$memwr$\mem$/Users/toprakgundogdu/qwen-ffn-rom/rtl/delta_s_col_ram.v:28$405_EN[15:0]$409 [0] $flatten\u_pe.\banks[9].u_s.$0$memwr$\mem$/Users/toprakgundogdu/qwen-ffn-rom/rtl/delta_s_col_ram.v:28$405_EN[15:0]$409 [0] $flatten\u_pe.\banks[9].u_s.$0$memwr$\mem$/Users/toprakgundogdu/qwen-ffn-rom/rtl/delta_s_col_ram.v:28$405_EN[15:0]$409 [0] $flatten\u_pe.\banks[9].u_s.$0$memwr$\mem$/Users/toprakgundogdu/qwen-ffn-rom/rtl/delta_s_col_ram.v:28$405_EN[15:0]$409 [0] $flatten\u_pe.\banks[9].u_s.$0$memwr$\mem$/Users/toprakgundogdu/qwen-ffn-rom/rtl/delta_s_col_ram.v:28$405_EN[15:0]$409 [0] $flatten\u_pe.\banks[9].u_s.$0$memwr$\mem$/Users/toprakgundogdu/qwen-ffn-rom/rtl/delta_s_col_ram.v:28$405_EN[15:0]$409 [0] $flatten\u_pe.\banks[9].u_s.$0$memwr$\mem$/Users/toprakgundogdu/qwen-ffn-rom/rtl/delta_s_col_ram.v:28$405_EN[15:0]$409 [0] $flatten\u_pe.\banks[9].u_s.$0$memwr$\mem$/Users/toprakgundogdu/qwen-ffn-rom/rtl/delta_s_col_ram.v:28$405_EN[15:0]$409 [0] $flatten\u_pe.\banks[9].u_s.$0$memwr$\mem$/Users/toprakgundogdu/qwen-ffn-rom/rtl/delta_s_col_ram.v:28$405_EN[15:0]$409 [0] $flatten\u_pe.\banks[9].u_s.$0$memwr$\mem$/Users/toprakgundogdu/qwen-ffn-rom/rtl/delta_s_col_ram.v:28$405_EN[15:0]$409 [0] $flatten\u_pe.\banks[9].u_s.$0$memwr$\mem$/Users/toprakgundogdu/qwen-ffn-rom/rtl/delta_s_col_ram.v:28$405_EN[15:0]$409 [0] $flatten\u_pe.\banks[9].u_s.$0$memwr$\mem$/Users/toprakgundogdu/qwen-ffn-rom/rtl/delta_s_col_ram.v:28$405_EN[15:0]$409 [0] $flatten\u_pe.\banks[9].u_s.$0$memwr$\mem$/Users/toprakgundogdu/qwen-ffn-rom/rtl/delta_s_col_ram.v:28$405_EN[15:0]$409 [0] $flatten\u_pe.\banks[9].u_s.$0$memwr$\mem$/Users/toprakgundogdu/qwen-ffn-rom/rtl/delta_s_col_ram.v:28$405_EN[15:0]$409 [0] $flatten\u_pe.\banks[9].u_s.$0$memwr$\mem$/Users/toprakgundogdu/qwen-ffn-rom/rtl/delta_s_col_ram.v:28$405_EN[15:0]$409 [0] }
    Consolidated identical input bits for $mux cell $flatten\u_pe.\banks[10].u_s.$procmux$2030:
      Old ports: A=16'0000000000000000, B=16'1111111111111111, Y=$flatten\u_pe.\banks[10].u_s.$0$memwr$\mem$/Users/toprakgundogdu/qwen-ffn-rom/rtl/delta_s_col_ram.v:28$405_EN[15:0]$409
      New ports: A=1'0, B=1'1, Y=$flatten\u_pe.\banks[10].u_s.$0$memwr$\mem$/Users/toprakgundogdu/qwen-ffn-rom/rtl/delta_s_col_ram.v:28$405_EN[15:0]$409 [0]
      New connections: $flatten\u_pe.\banks[10].u_s.$0$memwr$\mem$/Users/toprakgundogdu/qwen-ffn-rom/rtl/delta_s_col_ram.v:28$405_EN[15:0]$409 [15:1] = { $flatten\u_pe.\banks[10].u_s.$0$memwr$\mem$/Users/toprakgundogdu/qwen-ffn-rom/rtl/delta_s_col_ram.v:28$405_EN[15:0]$409 [0] $flatten\u_pe.\banks[10].u_s.$0$memwr$\mem$/Users/toprakgundogdu/qwen-ffn-rom/rtl/delta_s_col_ram.v:28$405_EN[15:0]$409 [0] $flatten\u_pe.\banks[10].u_s.$0$memwr$\mem$/Users/toprakgundogdu/qwen-ffn-rom/rtl/delta_s_col_ram.v:28$405_EN[15:0]$409 [0] $flatten\u_pe.\banks[10].u_s.$0$memwr$\mem$/Users/toprakgundogdu/qwen-ffn-rom/rtl/delta_s_col_ram.v:28$405_EN[15:0]$409 [0] $flatten\u_pe.\banks[10].u_s.$0$memwr$\mem$/Users/toprakgundogdu/qwen-ffn-rom/rtl/delta_s_col_ram.v:28$405_EN[15:0]$409 [0] $flatten\u_pe.\banks[10].u_s.$0$memwr$\mem$/Users/toprakgundogdu/qwen-ffn-rom/rtl/delta_s_col_ram.v:28$405_EN[15:0]$409 [0] $flatten\u_pe.\banks[10].u_s.$0$memwr$\mem$/Users/toprakgundogdu/qwen-ffn-rom/rtl/delta_s_col_ram.v:28$405_EN[15:0]$409 [0] $flatten\u_pe.\banks[10].u_s.$0$memwr$\mem$/Users/toprakgundogdu/qwen-ffn-rom/rtl/delta_s_col_ram.v:28$405_EN[15:0]$409 [0] $flatten\u_pe.\banks[10].u_s.$0$memwr$\mem$/Users/toprakgundogdu/qwen-ffn-rom/rtl/delta_s_col_ram.v:28$405_EN[15:0]$409 [0] $flatten\u_pe.\banks[10].u_s.$0$memwr$\mem$/Users/toprakgundogdu/qwen-ffn-rom/rtl/delta_s_col_ram.v:28$405_EN[15:0]$409 [0] $flatten\u_pe.\banks[10].u_s.$0$memwr$\mem$/Users/toprakgundogdu/qwen-ffn-rom/rtl/delta_s_col_ram.v:28$405_EN[15:0]$409 [0] $flatten\u_pe.\banks[10].u_s.$0$memwr$\mem$/Users/toprakgundogdu/qwen-ffn-rom/rtl/delta_s_col_ram.v:28$405_EN[15:0]$409 [0] $flatten\u_pe.\banks[10].u_s.$0$memwr$\mem$/Users/toprakgundogdu/qwen-ffn-rom/rtl/delta_s_col_ram.v:28$405_EN[15:0]$409 [0] $flatten\u_pe.\banks[10].u_s.$0$memwr$\mem$/Users/toprakgundogdu/qwen-ffn-rom/rtl/delta_s_col_ram.v:28$405_EN[15:0]$409 [0] $flatten\u_pe.\banks[10].u_s.$0$memwr$\mem$/Users/toprakgundogdu/qwen-ffn-rom/rtl/delta_s_col_ram.v:28$405_EN[15:0]$409 [0] }
    Consolidated identical input bits for $mux cell $flatten\u_pe.\banks[11].u_s.$procmux$2030:
      Old ports: A=16'0000000000000000, B=16'1111111111111111, Y=$flatten\u_pe.\banks[11].u_s.$0$memwr$\mem$/Users/toprakgundogdu/qwen-ffn-rom/rtl/delta_s_col_ram.v:28$405_EN[15:0]$409
      New ports: A=1'0, B=1'1, Y=$flatten\u_pe.\banks[11].u_s.$0$memwr$\mem$/Users/toprakgundogdu/qwen-ffn-rom/rtl/delta_s_col_ram.v:28$405_EN[15:0]$409 [0]
      New connections: $flatten\u_pe.\banks[11].u_s.$0$memwr$\mem$/Users/toprakgundogdu/qwen-ffn-rom/rtl/delta_s_col_ram.v:28$405_EN[15:0]$409 [15:1] = { $flatten\u_pe.\banks[11].u_s.$0$memwr$\mem$/Users/toprakgundogdu/qwen-ffn-rom/rtl/delta_s_col_ram.v:28$405_EN[15:0]$409 [0] $flatten\u_pe.\banks[11].u_s.$0$memwr$\mem$/Users/toprakgundogdu/qwen-ffn-rom/rtl/delta_s_col_ram.v:28$405_EN[15:0]$409 [0] $flatten\u_pe.\banks[11].u_s.$0$memwr$\mem$/Users/toprakgundogdu/qwen-ffn-rom/rtl/delta_s_col_ram.v:28$405_EN[15:0]$409 [0] $flatten\u_pe.\banks[11].u_s.$0$memwr$\mem$/Users/toprakgundogdu/qwen-ffn-rom/rtl/delta_s_col_ram.v:28$405_EN[15:0]$409 [0] $flatten\u_pe.\banks[11].u_s.$0$memwr$\mem$/Users/toprakgundogdu/qwen-ffn-rom/rtl/delta_s_col_ram.v:28$405_EN[15:0]$409 [0] $flatten\u_pe.\banks[11].u_s.$0$memwr$\mem$/Users/toprakgundogdu/qwen-ffn-rom/rtl/delta_s_col_ram.v:28$405_EN[15:0]$409 [0] $flatten\u_pe.\banks[11].u_s.$0$memwr$\mem$/Users/toprakgundogdu/qwen-ffn-rom/rtl/delta_s_col_ram.v:28$405_EN[15:0]$409 [0] $flatten\u_pe.\banks[11].u_s.$0$memwr$\mem$/Users/toprakgundogdu/qwen-ffn-rom/rtl/delta_s_col_ram.v:28$405_EN[15:0]$409 [0] $flatten\u_pe.\banks[11].u_s.$0$memwr$\mem$/Users/toprakgundogdu/qwen-ffn-rom/rtl/delta_s_col_ram.v:28$405_EN[15:0]$409 [0] $flatten\u_pe.\banks[11].u_s.$0$memwr$\mem$/Users/toprakgundogdu/qwen-ffn-rom/rtl/delta_s_col_ram.v:28$405_EN[15:0]$409 [0] $flatten\u_pe.\banks[11].u_s.$0$memwr$\mem$/Users/toprakgundogdu/qwen-ffn-rom/rtl/delta_s_col_ram.v:28$405_EN[15:0]$409 [0] $flatten\u_pe.\banks[11].u_s.$0$memwr$\mem$/Users/toprakgundogdu/qwen-ffn-rom/rtl/delta_s_col_ram.v:28$405_EN[15:0]$409 [0] $flatten\u_pe.\banks[11].u_s.$0$memwr$\mem$/Users/toprakgundogdu/qwen-ffn-rom/rtl/delta_s_col_ram.v:28$405_EN[15:0]$409 [0] $flatten\u_pe.\banks[11].u_s.$0$memwr$\mem$/Users/toprakgundogdu/qwen-ffn-rom/rtl/delta_s_col_ram.v:28$405_EN[15:0]$409 [0] $flatten\u_pe.\banks[11].u_s.$0$memwr$\mem$/Users/toprakgundogdu/qwen-ffn-rom/rtl/delta_s_col_ram.v:28$405_EN[15:0]$409 [0] }
    Consolidated identical input bits for $mux cell $flatten\u_pe.\banks[12].u_s.$procmux$2030:
      Old ports: A=16'0000000000000000, B=16'1111111111111111, Y=$flatten\u_pe.\banks[12].u_s.$0$memwr$\mem$/Users/toprakgundogdu/qwen-ffn-rom/rtl/delta_s_col_ram.v:28$405_EN[15:0]$409
      New ports: A=1'0, B=1'1, Y=$flatten\u_pe.\banks[12].u_s.$0$memwr$\mem$/Users/toprakgundogdu/qwen-ffn-rom/rtl/delta_s_col_ram.v:28$405_EN[15:0]$409 [0]
      New connections: $flatten\u_pe.\banks[12].u_s.$0$memwr$\mem$/Users/toprakgundogdu/qwen-ffn-rom/rtl/delta_s_col_ram.v:28$405_EN[15:0]$409 [15:1] = { $flatten\u_pe.\banks[12].u_s.$0$memwr$\mem$/Users/toprakgundogdu/qwen-ffn-rom/rtl/delta_s_col_ram.v:28$405_EN[15:0]$409 [0] $flatten\u_pe.\banks[12].u_s.$0$memwr$\mem$/Users/toprakgundogdu/qwen-ffn-rom/rtl/delta_s_col_ram.v:28$405_EN[15:0]$409 [0] $flatten\u_pe.\banks[12].u_s.$0$memwr$\mem$/Users/toprakgundogdu/qwen-ffn-rom/rtl/delta_s_col_ram.v:28$405_EN[15:0]$409 [0] $flatten\u_pe.\banks[12].u_s.$0$memwr$\mem$/Users/toprakgundogdu/qwen-ffn-rom/rtl/delta_s_col_ram.v:28$405_EN[15:0]$409 [0] $flatten\u_pe.\banks[12].u_s.$0$memwr$\mem$/Users/toprakgundogdu/qwen-ffn-rom/rtl/delta_s_col_ram.v:28$405_EN[15:0]$409 [0] $flatten\u_pe.\banks[12].u_s.$0$memwr$\mem$/Users/toprakgundogdu/qwen-ffn-rom/rtl/delta_s_col_ram.v:28$405_EN[15:0]$409 [0] $flatten\u_pe.\banks[12].u_s.$0$memwr$\mem$/Users/toprakgundogdu/qwen-ffn-rom/rtl/delta_s_col_ram.v:28$405_EN[15:0]$409 [0] $flatten\u_pe.\banks[12].u_s.$0$memwr$\mem$/Users/toprakgundogdu/qwen-ffn-rom/rtl/delta_s_col_ram.v:28$405_EN[15:0]$409 [0] $flatten\u_pe.\banks[12].u_s.$0$memwr$\mem$/Users/toprakgundogdu/qwen-ffn-rom/rtl/delta_s_col_ram.v:28$405_EN[15:0]$409 [0] $flatten\u_pe.\banks[12].u_s.$0$memwr$\mem$/Users/toprakgundogdu/qwen-ffn-rom/rtl/delta_s_col_ram.v:28$405_EN[15:0]$409 [0] $flatten\u_pe.\banks[12].u_s.$0$memwr$\mem$/Users/toprakgundogdu/qwen-ffn-rom/rtl/delta_s_col_ram.v:28$405_EN[15:0]$409 [0] $flatten\u_pe.\banks[12].u_s.$0$memwr$\mem$/Users/toprakgundogdu/qwen-ffn-rom/rtl/delta_s_col_ram.v:28$405_EN[15:0]$409 [0] $flatten\u_pe.\banks[12].u_s.$0$memwr$\mem$/Users/toprakgundogdu/qwen-ffn-rom/rtl/delta_s_col_ram.v:28$405_EN[15:0]$409 [0] $flatten\u_pe.\banks[12].u_s.$0$memwr$\mem$/Users/toprakgundogdu/qwen-ffn-rom/rtl/delta_s_col_ram.v:28$405_EN[15:0]$409 [0] $flatten\u_pe.\banks[12].u_s.$0$memwr$\mem$/Users/toprakgundogdu/qwen-ffn-rom/rtl/delta_s_col_ram.v:28$405_EN[15:0]$409 [0] }
    Consolidated identical input bits for $mux cell $flatten\u_pe.\banks[13].u_s.$procmux$2030:
      Old ports: A=16'0000000000000000, B=16'1111111111111111, Y=$flatten\u_pe.\banks[13].u_s.$0$memwr$\mem$/Users/toprakgundogdu/qwen-ffn-rom/rtl/delta_s_col_ram.v:28$405_EN[15:0]$409
      New ports: A=1'0, B=1'1, Y=$flatten\u_pe.\banks[13].u_s.$0$memwr$\mem$/Users/toprakgundogdu/qwen-ffn-rom/rtl/delta_s_col_ram.v:28$405_EN[15:0]$409 [0]
      New connections: $flatten\u_pe.\banks[13].u_s.$0$memwr$\mem$/Users/toprakgundogdu/qwen-ffn-rom/rtl/delta_s_col_ram.v:28$405_EN[15:0]$409 [15:1] = { $flatten\u_pe.\banks[13].u_s.$0$memwr$\mem$/Users/toprakgundogdu/qwen-ffn-rom/rtl/delta_s_col_ram.v:28$405_EN[15:0]$409 [0] $flatten\u_pe.\banks[13].u_s.$0$memwr$\mem$/Users/toprakgundogdu/qwen-ffn-rom/rtl/delta_s_col_ram.v:28$405_EN[15:0]$409 [0] $flatten\u_pe.\banks[13].u_s.$0$memwr$\mem$/Users/toprakgundogdu/qwen-ffn-rom/rtl/delta_s_col_ram.v:28$405_EN[15:0]$409 [0] $flatten\u_pe.\banks[13].u_s.$0$memwr$\mem$/Users/toprakgundogdu/qwen-ffn-rom/rtl/delta_s_col_ram.v:28$405_EN[15:0]$409 [0] $flatten\u_pe.\banks[13].u_s.$0$memwr$\mem$/Users/toprakgundogdu/qwen-ffn-rom/rtl/delta_s_col_ram.v:28$405_EN[15:0]$409 [0] $flatten\u_pe.\banks[13].u_s.$0$memwr$\mem$/Users/toprakgundogdu/qwen-ffn-rom/rtl/delta_s_col_ram.v:28$405_EN[15:0]$409 [0] $flatten\u_pe.\banks[13].u_s.$0$memwr$\mem$/Users/toprakgundogdu/qwen-ffn-rom/rtl/delta_s_col_ram.v:28$405_EN[15:0]$409 [0] $flatten\u_pe.\banks[13].u_s.$0$memwr$\mem$/Users/toprakgundogdu/qwen-ffn-rom/rtl/delta_s_col_ram.v:28$405_EN[15:0]$409 [0] $flatten\u_pe.\banks[13].u_s.$0$memwr$\mem$/Users/toprakgundogdu/qwen-ffn-rom/rtl/delta_s_col_ram.v:28$405_EN[15:0]$409 [0] $flatten\u_pe.\banks[13].u_s.$0$memwr$\mem$/Users/toprakgundogdu/qwen-ffn-rom/rtl/delta_s_col_ram.v:28$405_EN[15:0]$409 [0] $flatten\u_pe.\banks[13].u_s.$0$memwr$\mem$/Users/toprakgundogdu/qwen-ffn-rom/rtl/delta_s_col_ram.v:28$405_EN[15:0]$409 [0] $flatten\u_pe.\banks[13].u_s.$0$memwr$\mem$/Users/toprakgundogdu/qwen-ffn-rom/rtl/delta_s_col_ram.v:28$405_EN[15:0]$409 [0] $flatten\u_pe.\banks[13].u_s.$0$memwr$\mem$/Users/toprakgundogdu/qwen-ffn-rom/rtl/delta_s_col_ram.v:28$405_EN[15:0]$409 [0] $flatten\u_pe.\banks[13].u_s.$0$memwr$\mem$/Users/toprakgundogdu/qwen-ffn-rom/rtl/delta_s_col_ram.v:28$405_EN[15:0]$409 [0] $flatten\u_pe.\banks[13].u_s.$0$memwr$\mem$/Users/toprakgundogdu/qwen-ffn-rom/rtl/delta_s_col_ram.v:28$405_EN[15:0]$409 [0] }
    Consolidated identical input bits for $mux cell $flatten\u_pe.\banks[14].u_s.$procmux$2030:
      Old ports: A=16'0000000000000000, B=16'1111111111111111, Y=$flatten\u_pe.\banks[14].u_s.$0$memwr$\mem$/Users/toprakgundogdu/qwen-ffn-rom/rtl/delta_s_col_ram.v:28$405_EN[15:0]$409
      New ports: A=1'0, B=1'1, Y=$flatten\u_pe.\banks[14].u_s.$0$memwr$\mem$/Users/toprakgundogdu/qwen-ffn-rom/rtl/delta_s_col_ram.v:28$405_EN[15:0]$409 [0]
      New connections: $flatten\u_pe.\banks[14].u_s.$0$memwr$\mem$/Users/toprakgundogdu/qwen-ffn-rom/rtl/delta_s_col_ram.v:28$405_EN[15:0]$409 [15:1] = { $flatten\u_pe.\banks[14].u_s.$0$memwr$\mem$/Users/toprakgundogdu/qwen-ffn-rom/rtl/delta_s_col_ram.v:28$405_EN[15:0]$409 [0] $flatten\u_pe.\banks[14].u_s.$0$memwr$\mem$/Users/toprakgundogdu/qwen-ffn-rom/rtl/delta_s_col_ram.v:28$405_EN[15:0]$409 [0] $flatten\u_pe.\banks[14].u_s.$0$memwr$\mem$/Users/toprakgundogdu/qwen-ffn-rom/rtl/delta_s_col_ram.v:28$405_EN[15:0]$409 [0] $flatten\u_pe.\banks[14].u_s.$0$memwr$\mem$/Users/toprakgundogdu/qwen-ffn-rom/rtl/delta_s_col_ram.v:28$405_EN[15:0]$409 [0] $flatten\u_pe.\banks[14].u_s.$0$memwr$\mem$/Users/toprakgundogdu/qwen-ffn-rom/rtl/delta_s_col_ram.v:28$405_EN[15:0]$409 [0] $flatten\u_pe.\banks[14].u_s.$0$memwr$\mem$/Users/toprakgundogdu/qwen-ffn-rom/rtl/delta_s_col_ram.v:28$405_EN[15:0]$409 [0] $flatten\u_pe.\banks[14].u_s.$0$memwr$\mem$/Users/toprakgundogdu/qwen-ffn-rom/rtl/delta_s_col_ram.v:28$405_EN[15:0]$409 [0] $flatten\u_pe.\banks[14].u_s.$0$memwr$\mem$/Users/toprakgundogdu/qwen-ffn-rom/rtl/delta_s_col_ram.v:28$405_EN[15:0]$409 [0] $flatten\u_pe.\banks[14].u_s.$0$memwr$\mem$/Users/toprakgundogdu/qwen-ffn-rom/rtl/delta_s_col_ram.v:28$405_EN[15:0]$409 [0] $flatten\u_pe.\banks[14].u_s.$0$memwr$\mem$/Users/toprakgundogdu/qwen-ffn-rom/rtl/delta_s_col_ram.v:28$405_EN[15:0]$409 [0] $flatten\u_pe.\banks[14].u_s.$0$memwr$\mem$/Users/toprakgundogdu/qwen-ffn-rom/rtl/delta_s_col_ram.v:28$405_EN[15:0]$409 [0] $flatten\u_pe.\banks[14].u_s.$0$memwr$\mem$/Users/toprakgundogdu/qwen-ffn-rom/rtl/delta_s_col_ram.v:28$405_EN[15:0]$409 [0] $flatten\u_pe.\banks[14].u_s.$0$memwr$\mem$/Users/toprakgundogdu/qwen-ffn-rom/rtl/delta_s_col_ram.v:28$405_EN[15:0]$409 [0] $flatten\u_pe.\banks[14].u_s.$0$memwr$\mem$/Users/toprakgundogdu/qwen-ffn-rom/rtl/delta_s_col_ram.v:28$405_EN[15:0]$409 [0] $flatten\u_pe.\banks[14].u_s.$0$memwr$\mem$/Users/toprakgundogdu/qwen-ffn-rom/rtl/delta_s_col_ram.v:28$405_EN[15:0]$409 [0] }
    Consolidated identical input bits for $mux cell $flatten\u_pe.\banks[15].u_s.$procmux$2030:
      Old ports: A=16'0000000000000000, B=16'1111111111111111, Y=$flatten\u_pe.\banks[15].u_s.$0$memwr$\mem$/Users/toprakgundogdu/qwen-ffn-rom/rtl/delta_s_col_ram.v:28$405_EN[15:0]$409
      New ports: A=1'0, B=1'1, Y=$flatten\u_pe.\banks[15].u_s.$0$memwr$\mem$/Users/toprakgundogdu/qwen-ffn-rom/rtl/delta_s_col_ram.v:28$405_EN[15:0]$409 [0]
      New connections: $flatten\u_pe.\banks[15].u_s.$0$memwr$\mem$/Users/toprakgundogdu/qwen-ffn-rom/rtl/delta_s_col_ram.v:28$405_EN[15:0]$409 [15:1] = { $flatten\u_pe.\banks[15].u_s.$0$memwr$\mem$/Users/toprakgundogdu/qwen-ffn-rom/rtl/delta_s_col_ram.v:28$405_EN[15:0]$409 [0] $flatten\u_pe.\banks[15].u_s.$0$memwr$\mem$/Users/toprakgundogdu/qwen-ffn-rom/rtl/delta_s_col_ram.v:28$405_EN[15:0]$409 [0] $flatten\u_pe.\banks[15].u_s.$0$memwr$\mem$/Users/toprakgundogdu/qwen-ffn-rom/rtl/delta_s_col_ram.v:28$405_EN[15:0]$409 [0] $flatten\u_pe.\banks[15].u_s.$0$memwr$\mem$/Users/toprakgundogdu/qwen-ffn-rom/rtl/delta_s_col_ram.v:28$405_EN[15:0]$409 [0] $flatten\u_pe.\banks[15].u_s.$0$memwr$\mem$/Users/toprakgundogdu/qwen-ffn-rom/rtl/delta_s_col_ram.v:28$405_EN[15:0]$409 [0] $flatten\u_pe.\banks[15].u_s.$0$memwr$\mem$/Users/toprakgundogdu/qwen-ffn-rom/rtl/delta_s_col_ram.v:28$405_EN[15:0]$409 [0] $flatten\u_pe.\banks[15].u_s.$0$memwr$\mem$/Users/toprakgundogdu/qwen-ffn-rom/rtl/delta_s_col_ram.v:28$405_EN[15:0]$409 [0] $flatten\u_pe.\banks[15].u_s.$0$memwr$\mem$/Users/toprakgundogdu/qwen-ffn-rom/rtl/delta_s_col_ram.v:28$405_EN[15:0]$409 [0] $flatten\u_pe.\banks[15].u_s.$0$memwr$\mem$/Users/toprakgundogdu/qwen-ffn-rom/rtl/delta_s_col_ram.v:28$405_EN[15:0]$409 [0] $flatten\u_pe.\banks[15].u_s.$0$memwr$\mem$/Users/toprakgundogdu/qwen-ffn-rom/rtl/delta_s_col_ram.v:28$405_EN[15:0]$409 [0] $flatten\u_pe.\banks[15].u_s.$0$memwr$\mem$/Users/toprakgundogdu/qwen-ffn-rom/rtl/delta_s_col_ram.v:28$405_EN[15:0]$409 [0] $flatten\u_pe.\banks[15].u_s.$0$memwr$\mem$/Users/toprakgundogdu/qwen-ffn-rom/rtl/delta_s_col_ram.v:28$405_EN[15:0]$409 [0] $flatten\u_pe.\banks[15].u_s.$0$memwr$\mem$/Users/toprakgundogdu/qwen-ffn-rom/rtl/delta_s_col_ram.v:28$405_EN[15:0]$409 [0] $flatten\u_pe.\banks[15].u_s.$0$memwr$\mem$/Users/toprakgundogdu/qwen-ffn-rom/rtl/delta_s_col_ram.v:28$405_EN[15:0]$409 [0] $flatten\u_pe.\banks[15].u_s.$0$memwr$\mem$/Users/toprakgundogdu/qwen-ffn-rom/rtl/delta_s_col_ram.v:28$405_EN[15:0]$409 [0] }
  Optimizing cells in module \gated_delta_d16_fused.
Performed a total of 17 changes.

9.6.5. Executing OPT_MERGE pass (detect identical cells).
Finding identical cells in module `\gated_delta_d16_fused'.
Computing hashes of 877 cells of `\gated_delta_d16_fused'.
Finding duplicate cells in `\gated_delta_d16_fused'.
Computing hashes of 845 cells of `\gated_delta_d16_fused'.
Finding duplicate cells in `\gated_delta_d16_fused'.
<suppressed ~96 debug messages>
Removed a total of 32 cells.

9.6.6. Executing OPT_DFF pass (perform DFF optimizations).

9.6.7. Executing OPT_CLEAN pass (remove unused cells and wires).
Finding unused cells or wires in module \gated_delta_d16_fused..
Removed 0 unused cells and 133 unused wires.
<suppressed ~1 debug messages>

9.6.8. Executing OPT_EXPR pass (perform const folding).
Optimizing module gated_delta_d16_fused.

9.6.9. Rerunning OPT passes. (Maybe there is more to do..)

9.6.10. Executing OPT_MUXTREE pass (detect dead branches in mux trees).
Running muxtree optimizer on module \gated_delta_d16_fused..
  Creating internal representation of mux trees.
  Evaluating internal representation of mux trees.
  Analyzing evaluation results.
Removed 0 multiplexer ports.
<suppressed ~385 debug messages>

9.6.11. Executing OPT_REDUCE pass (consolidate $*mux and $reduce_* inputs).
  Optimizing cells in module \gated_delta_d16_fused.
Performed a total of 0 changes.

9.6.12. Executing OPT_MERGE pass (detect identical cells).
Finding identical cells in module `\gated_delta_d16_fused'.
Computing hashes of 845 cells of `\gated_delta_d16_fused'.
Finding duplicate cells in `\gated_delta_d16_fused'.
Removed a total of 0 cells.

9.6.13. Executing OPT_DFF pass (perform DFF optimizations).

9.6.14. Executing OPT_CLEAN pass (remove unused cells and wires).
Finding unused cells or wires in module \gated_delta_d16_fused..

9.6.15. Executing OPT_EXPR pass (perform const folding).
Optimizing module gated_delta_d16_fused.

9.6.16. Finished fast OPT passes. (There is nothing left to do.)

9.7. Executing FSM pass (extract and optimize FSM).

9.7.1. Executing FSM_DETECT pass (finding FSMs in design).
Found FSM state register gated_delta_d16_fused.u_pe.st.

9.7.2. Executing FSM_EXTRACT pass (extracting FSM from design).
Extracting FSM `\u_pe.st' from module `\gated_delta_d16_fused'.
  found $dff cell for state register: $flatten\u_pe.$procdff$2043
  root of input selection tree: $flatten\u_pe.$0\st[1:0]
  found reset state: 2'00 (guessed from mux tree)
  found ctrl input: \rst_n
  found state code: 2'00
  found ctrl input: $flatten\u_pe.$eq$/Users/toprakgundogdu/qwen-ffn-rom/rtl/gated_delta_fused.v:232$883_Y
  found ctrl input: \ready
  found ctrl input: $flatten\u_pe.$eq$/Users/toprakgundogdu/qwen-ffn-rom/rtl/gated_delta_fused.v:209$872_Y
  found state code: 2'10
  found ctrl input: \en
  found state code: 2'01
  found ctrl output: $flatten\u_pe.$eq$/Users/toprakgundogdu/qwen-ffn-rom/rtl/gated_delta_fused.v:232$883_Y
  found ctrl output: \ready
  found ctrl output: $flatten\u_pe.$procmux$1246_CMP
  ctrl inputs: { $flatten\u_pe.$eq$/Users/toprakgundogdu/qwen-ffn-rom/rtl/gated_delta_fused.v:209$872_Y \en \rst_n }
  ctrl outputs: { $flatten\u_pe.$0\st[1:0] $flatten\u_pe.$eq$/Users/toprakgundogdu/qwen-ffn-rom/rtl/gated_delta_fused.v:232$883_Y $flatten\u_pe.$procmux$1246_CMP \ready }
  transition:       2'00 3'--0 ->       2'00 5'00001
  transition:       2'00 3'-01 ->       2'00 5'00001
  transition:       2'00 3'-11 ->       2'01 5'01001
  transition:       2'10 3'--0 ->       2'00 5'00010
  transition:       2'10 3'--1 ->       2'00 5'00010
  transition:       2'01 3'--0 ->       2'00 5'00100
  transition:       2'01 3'0-1 ->       2'01 5'01100
  transition:       2'01 3'1-1 ->       2'10 5'10100

9.7.3. Executing FSM_OPT pass (simple optimizations of FSMs).
Optimizing FSM `$fsm$\u_pe.st$2142' from module `\gated_delta_d16_fused'.
  Merging pattern 3'--0 and 3'--1 from group (1 0 5'00010).
  Merging pattern 3'--1 and 3'--0 from group (1 0 5'00010).

9.7.4. Executing OPT_CLEAN pass (remove unused cells and wires).
Finding unused cells or wires in module \gated_delta_d16_fused..
Removed 8 unused cells and 8 unused wires.
<suppressed ~9 debug messages>

9.7.5. Executing FSM_OPT pass (simple optimizations of FSMs).
Optimizing FSM `$fsm$\u_pe.st$2142' from module `\gated_delta_d16_fused'.
  Removing unused output signal $flatten\u_pe.$0\st[1:0] [0].
  Removing unused output signal $flatten\u_pe.$0\st[1:0] [1].

9.7.6. Executing FSM_RECODE pass (re-assigning FSM state encoding).
Recoding FSM `$fsm$\u_pe.st$2142' from module `\gated_delta_d16_fused' using `auto' encoding:
  mapping auto encoding to `one-hot` for this FSM.
  00 -> --1
  10 -> -1-
  01 -> 1--

9.7.7. Executing FSM_INFO pass (dumping all available information on FSM cells).

FSM `$fsm$\u_pe.st$2142' from module `gated_delta_d16_fused':
-------------------------------------

  Information on FSM $fsm$\u_pe.st$2142 (\u_pe.st):

  Number of input signals:    3
  Number of output signals:   3
  Number of state bits:       3

  Input signals:
    0: \rst_n
    1: \en
    2: $flatten\u_pe.$eq$/Users/toprakgundogdu/qwen-ffn-rom/rtl/gated_delta_fused.v:209$872_Y

  Output signals:
    0: \ready
    1: $flatten\u_pe.$procmux$1246_CMP
    2: $flatten\u_pe.$eq$/Users/toprakgundogdu/qwen-ffn-rom/rtl/gated_delta_fused.v:232$883_Y

  State encoding:
    0:      3'--1  <RESET STATE>
    1:      3'-1-
    2:      3'1--

  Transition Table (state_in, ctrl_in, state_out, ctrl_out):
      0:     0 3'--0   ->     0 3'001
      1:     0 3'-01   ->     0 3'001
      2:     0 3'-11   ->     2 3'001
      3:     1 3'---   ->     0 3'010
      4:     2 3'--0   ->     0 3'100
      5:     2 3'1-1   ->     1 3'100
      6:     2 3'0-1   ->     2 3'100

-------------------------------------

9.7.8. Executing FSM_MAP pass (mapping FSMs to basic logic).
Mapping FSM `$fsm$\u_pe.st$2142' from module `\gated_delta_d16_fused'.

9.8. Executing OPT pass (performing simple optimizations).

9.8.1. Executing OPT_EXPR pass (perform const folding).
Optimizing module gated_delta_d16_fused.
<suppressed ~1 debug messages>

9.8.2. Executing OPT_MERGE pass (detect identical cells).
Finding identical cells in module `\gated_delta_d16_fused'.
Computing hashes of 849 cells of `\gated_delta_d16_fused'.
Finding duplicate cells in `\gated_delta_d16_fused'.
Removed a total of 0 cells.

9.8.3. Executing OPT_MUXTREE pass (detect dead branches in mux trees).
Running muxtree optimizer on module \gated_delta_d16_fused..
  Creating internal representation of mux trees.
  Evaluating internal representation of mux trees.
  Analyzing evaluation results.
Removed 0 multiplexer ports.
<suppressed ~380 debug messages>

9.8.4. Executing OPT_REDUCE pass (consolidate $*mux and $reduce_* inputs).
  Optimizing cells in module \gated_delta_d16_fused.
Performed a total of 0 changes.

9.8.5. Executing OPT_MERGE pass (detect identical cells).
Finding identical cells in module `\gated_delta_d16_fused'.
Computing hashes of 849 cells of `\gated_delta_d16_fused'.
Finding duplicate cells in `\gated_delta_d16_fused'.
Removed a total of 0 cells.

9.8.6. Executing OPT_DFF pass (perform DFF optimizations).
Adding SRST signal on $flatten\u_pe.$procdff$2104 ($dff) from module gated_delta_d16_fused (D = $flatten\u_pe.$procmux$1359_Y, Q = \u_pe.wdata[7], rval = 16'0000000000000000).
Adding EN signal on $auto$ff.cc:337:slice$2171 ($sdff) from module gated_delta_d16_fused (D = $flatten\u_pe.$procmux$1359_Y, Q = \u_pe.wdata[7]).
Adding SRST signal on $flatten\u_pe.$procdff$2112 ($dff) from module gated_delta_d16_fused (D = $flatten\u_pe.$procmux$1287_Y, Q = \u_pe.wdata[15], rval = 16'0000000000000000).
Adding EN signal on $auto$ff.cc:337:slice$2175 ($sdff) from module gated_delta_d16_fused (D = $flatten\u_pe.$procmux$1287_Y, Q = \u_pe.wdata[15]).
Adding SRST signal on $flatten\u_pe.$procdff$2111 ($dff) from module gated_delta_d16_fused (D = $flatten\u_pe.$procmux$1296_Y, Q = \u_pe.wdata[14], rval = 16'0000000000000000).
Adding EN signal on $auto$ff.cc:337:slice$2179 ($sdff) from module gated_delta_d16_fused (D = $flatten\u_pe.$procmux$1296_Y, Q = \u_pe.wdata[14]).
Adding SRST signal on $flatten\u_pe.$procdff$2080 ($dff) from module gated_delta_d16_fused (D = $flatten\u_pe.$procmux$1609_Y, Q = \u_pe.k_r[15], rval = 8'00000000).
Adding EN signal on $auto$ff.cc:337:slice$2183 ($sdff) from module gated_delta_d16_fused (D = \k_flat [127:120], Q = \u_pe.k_r[15]).
Adding SRST signal on $flatten\u_pe.$procdff$2079 ($dff) from module gated_delta_d16_fused (D = $flatten\u_pe.$procmux$1620_Y, Q = \u_pe.k_r[14], rval = 8'00000000).
Adding EN signal on $auto$ff.cc:337:slice$2187 ($sdff) from module gated_delta_d16_fused (D = \k_flat [119:112], Q = \u_pe.k_r[14]).
Adding SRST signal on $flatten\u_pe.$procdff$2078 ($dff) from module gated_delta_d16_fused (D = $flatten\u_pe.$procmux$1631_Y, Q = \u_pe.k_r[13], rval = 8'00000000).
Adding EN signal on $auto$ff.cc:337:slice$2191 ($sdff) from module gated_delta_d16_fused (D = \k_flat [111:104], Q = \u_pe.k_r[13]).
Adding SRST signal on $flatten\u_pe.$procdff$2077 ($dff) from module gated_delta_d16_fused (D = $flatten\u_pe.$procmux$1642_Y, Q = \u_pe.k_r[12], rval = 8'00000000).
Adding EN signal on $auto$ff.cc:337:slice$2195 ($sdff) from module gated_delta_d16_fused (D = \k_flat [103:96], Q = \u_pe.k_r[12]).
Adding SRST signal on $flatten\u_pe.$procdff$2076 ($dff) from module gated_delta_d16_fused (D = $flatten\u_pe.$procmux$1653_Y, Q = \u_pe.k_r[11], rval = 8'00000000).
Adding EN signal on $auto$ff.cc:337:slice$2199 ($sdff) from module gated_delta_d16_fused (D = \k_flat [95:88], Q = \u_pe.k_r[11]).
Adding SRST signal on $flatten\u_pe.$procdff$2075 ($dff) from module gated_delta_d16_fused (D = $flatten\u_pe.$procmux$1664_Y, Q = \u_pe.k_r[10], rval = 8'00000000).
Adding EN signal on $auto$ff.cc:337:slice$2203 ($sdff) from module gated_delta_d16_fused (D = \k_flat [87:80], Q = \u_pe.k_r[10]).
Adding SRST signal on $flatten\u_pe.$procdff$2074 ($dff) from module gated_delta_d16_fused (D = $flatten\u_pe.$procmux$1675_Y, Q = \u_pe.k_r[9], rval = 8'00000000).
Adding EN signal on $auto$ff.cc:337:slice$2207 ($sdff) from module gated_delta_d16_fused (D = \k_flat [79:72], Q = \u_pe.k_r[9]).
Adding SRST signal on $flatten\u_pe.$procdff$2073 ($dff) from module gated_delta_d16_fused (D = $flatten\u_pe.$procmux$1686_Y, Q = \u_pe.k_r[8], rval = 8'00000000).
Adding EN signal on $auto$ff.cc:337:slice$2211 ($sdff) from module gated_delta_d16_fused (D = \k_flat [71:64], Q = \u_pe.k_r[8]).
Adding SRST signal on $flatten\u_pe.$procdff$2072 ($dff) from module gated_delta_d16_fused (D = $flatten\u_pe.$procmux$1697_Y, Q = \u_pe.k_r[7], rval = 8'00000000).
Adding EN signal on $auto$ff.cc:337:slice$2215 ($sdff) from module gated_delta_d16_fused (D = \k_flat [63:56], Q = \u_pe.k_r[7]).
Adding SRST signal on $flatten\u_pe.$procdff$2071 ($dff) from module gated_delta_d16_fused (D = $flatten\u_pe.$procmux$1708_Y, Q = \u_pe.k_r[6], rval = 8'00000000).
Adding EN signal on $auto$ff.cc:337:slice$2219 ($sdff) from module gated_delta_d16_fused (D = \k_flat [55:48], Q = \u_pe.k_r[6]).
Adding SRST signal on $flatten\u_pe.$procdff$2070 ($dff) from module gated_delta_d16_fused (D = $flatten\u_pe.$procmux$1719_Y, Q = \u_pe.k_r[5], rval = 8'00000000).
Adding EN signal on $auto$ff.cc:337:slice$2223 ($sdff) from module gated_delta_d16_fused (D = \k_flat [47:40], Q = \u_pe.k_r[5]).
Adding SRST signal on $flatten\u_pe.$procdff$2069 ($dff) from module gated_delta_d16_fused (D = $flatten\u_pe.$procmux$1730_Y, Q = \u_pe.k_r[4], rval = 8'00000000).
Adding EN signal on $auto$ff.cc:337:slice$2227 ($sdff) from module gated_delta_d16_fused (D = \k_flat [39:32], Q = \u_pe.k_r[4]).
Adding SRST signal on $flatten\u_pe.$procdff$2068 ($dff) from module gated_delta_d16_fused (D = $flatten\u_pe.$procmux$1741_Y, Q = \u_pe.k_r[3], rval = 8'00000000).
Adding EN signal on $auto$ff.cc:337:slice$2231 ($sdff) from module gated_delta_d16_fused (D = \k_flat [31:24], Q = \u_pe.k_r[3]).
Adding SRST signal on $flatten\u_pe.$procdff$2067 ($dff) from module gated_delta_d16_fused (D = $flatten\u_pe.$procmux$1752_Y, Q = \u_pe.k_r[2], rval = 8'00000000).
Adding EN signal on $auto$ff.cc:337:slice$2235 ($sdff) from module gated_delta_d16_fused (D = \k_flat [23:16], Q = \u_pe.k_r[2]).
Adding SRST signal on $flatten\u_pe.$procdff$2066 ($dff) from module gated_delta_d16_fused (D = $flatten\u_pe.$procmux$1763_Y, Q = \u_pe.k_r[1], rval = 8'00000000).
Adding EN signal on $auto$ff.cc:337:slice$2239 ($sdff) from module gated_delta_d16_fused (D = \k_flat [15:8], Q = \u_pe.k_r[1]).
Adding SRST signal on $flatten\u_pe.$procdff$2065 ($dff) from module gated_delta_d16_fused (D = $flatten\u_pe.$procmux$1774_Y, Q = \u_pe.k_r[0], rval = 8'00000000).
Adding EN signal on $auto$ff.cc:337:slice$2243 ($sdff) from module gated_delta_d16_fused (D = \k_flat [7:0], Q = \u_pe.k_r[0]).
Adding SRST signal on $flatten\u_pe.$procdff$2064 ($dff) from module gated_delta_d16_fused (D = $flatten\u_pe.$procmux$1785_Y, Q = \u_pe.q_r[15], rval = 8'00000000).
Adding EN signal on $auto$ff.cc:337:slice$2247 ($sdff) from module gated_delta_d16_fused (D = \q_flat [127:120], Q = \u_pe.q_r[15]).
Adding SRST signal on $flatten\u_pe.$procdff$2063 ($dff) from module gated_delta_d16_fused (D = $flatten\u_pe.$procmux$1796_Y, Q = \u_pe.q_r[14], rval = 8'00000000).
Adding EN signal on $auto$ff.cc:337:slice$2251 ($sdff) from module gated_delta_d16_fused (D = \q_flat [119:112], Q = \u_pe.q_r[14]).
Adding SRST signal on $flatten\u_pe.$procdff$2062 ($dff) from module gated_delta_d16_fused (D = $flatten\u_pe.$procmux$1807_Y, Q = \u_pe.q_r[13], rval = 8'00000000).
Adding EN signal on $auto$ff.cc:337:slice$2255 ($sdff) from module gated_delta_d16_fused (D = \q_flat [111:104], Q = \u_pe.q_r[13]).
Adding SRST signal on $flatten\u_pe.$procdff$2061 ($dff) from module gated_delta_d16_fused (D = $flatten\u_pe.$procmux$1818_Y, Q = \u_pe.q_r[12], rval = 8'00000000).
Adding EN signal on $auto$ff.cc:337:slice$2259 ($sdff) from module gated_delta_d16_fused (D = \q_flat [103:96], Q = \u_pe.q_r[12]).
Adding SRST signal on $flatten\u_pe.$procdff$2060 ($dff) from module gated_delta_d16_fused (D = $flatten\u_pe.$procmux$1829_Y, Q = \u_pe.q_r[11], rval = 8'00000000).
Adding EN signal on $auto$ff.cc:337:slice$2263 ($sdff) from module gated_delta_d16_fused (D = \q_flat [95:88], Q = \u_pe.q_r[11]).
Adding SRST signal on $flatten\u_pe.$procdff$2059 ($dff) from module gated_delta_d16_fused (D = $flatten\u_pe.$procmux$1840_Y, Q = \u_pe.q_r[10], rval = 8'00000000).
Adding EN signal on $auto$ff.cc:337:slice$2267 ($sdff) from module gated_delta_d16_fused (D = \q_flat [87:80], Q = \u_pe.q_r[10]).
Adding SRST signal on $flatten\u_pe.$procdff$2058 ($dff) from module gated_delta_d16_fused (D = $flatten\u_pe.$procmux$1851_Y, Q = \u_pe.q_r[9], rval = 8'00000000).
Adding EN signal on $auto$ff.cc:337:slice$2271 ($sdff) from module gated_delta_d16_fused (D = \q_flat [79:72], Q = \u_pe.q_r[9]).
Adding SRST signal on $flatten\u_pe.$procdff$2057 ($dff) from module gated_delta_d16_fused (D = $flatten\u_pe.$procmux$1862_Y, Q = \u_pe.q_r[8], rval = 8'00000000).
Adding EN signal on $auto$ff.cc:337:slice$2275 ($sdff) from module gated_delta_d16_fused (D = \q_flat [71:64], Q = \u_pe.q_r[8]).
Adding SRST signal on $flatten\u_pe.$procdff$2056 ($dff) from module gated_delta_d16_fused (D = $flatten\u_pe.$procmux$1873_Y, Q = \u_pe.q_r[7], rval = 8'00000000).
Adding EN signal on $auto$ff.cc:337:slice$2279 ($sdff) from module gated_delta_d16_fused (D = \q_flat [63:56], Q = \u_pe.q_r[7]).
Adding SRST signal on $flatten\u_pe.$procdff$2055 ($dff) from module gated_delta_d16_fused (D = $flatten\u_pe.$procmux$1884_Y, Q = \u_pe.q_r[6], rval = 8'00000000).
Adding EN signal on $auto$ff.cc:337:slice$2283 ($sdff) from module gated_delta_d16_fused (D = \q_flat [55:48], Q = \u_pe.q_r[6]).
Adding SRST signal on $flatten\u_pe.$procdff$2054 ($dff) from module gated_delta_d16_fused (D = $flatten\u_pe.$procmux$1895_Y, Q = \u_pe.q_r[5], rval = 8'00000000).
Adding EN signal on $auto$ff.cc:337:slice$2287 ($sdff) from module gated_delta_d16_fused (D = \q_flat [47:40], Q = \u_pe.q_r[5]).
Adding SRST signal on $flatten\u_pe.$procdff$2053 ($dff) from module gated_delta_d16_fused (D = $flatten\u_pe.$procmux$1906_Y, Q = \u_pe.q_r[4], rval = 8'00000000).
Adding EN signal on $auto$ff.cc:337:slice$2291 ($sdff) from module gated_delta_d16_fused (D = \q_flat [39:32], Q = \u_pe.q_r[4]).
Adding SRST signal on $flatten\u_pe.$procdff$2052 ($dff) from module gated_delta_d16_fused (D = $flatten\u_pe.$procmux$1917_Y, Q = \u_pe.q_r[3], rval = 8'00000000).
Adding EN signal on $auto$ff.cc:337:slice$2295 ($sdff) from module gated_delta_d16_fused (D = \q_flat [31:24], Q = \u_pe.q_r[3]).
Adding SRST signal on $flatten\u_pe.$procdff$2051 ($dff) from module gated_delta_d16_fused (D = $flatten\u_pe.$procmux$1928_Y, Q = \u_pe.q_r[2], rval = 8'00000000).
Adding EN signal on $auto$ff.cc:337:slice$2299 ($sdff) from module gated_delta_d16_fused (D = \q_flat [23:16], Q = \u_pe.q_r[2]).
Adding SRST signal on $flatten\u_pe.$procdff$2050 ($dff) from module gated_delta_d16_fused (D = $flatten\u_pe.$procmux$1939_Y, Q = \u_pe.q_r[1], rval = 8'00000000).
Adding EN signal on $auto$ff.cc:337:slice$2303 ($sdff) from module gated_delta_d16_fused (D = \q_flat [15:8], Q = \u_pe.q_r[1]).
Adding SRST signal on $flatten\u_pe.$procdff$2049 ($dff) from module gated_delta_d16_fused (D = $flatten\u_pe.$procmux$1950_Y, Q = \u_pe.q_r[0], rval = 8'00000000).
Adding EN signal on $auto$ff.cc:337:slice$2307 ($sdff) from module gated_delta_d16_fused (D = \q_flat [7:0], Q = \u_pe.q_r[0]).
Adding SRST signal on $flatten\u_pe.$procdff$2047 ($dff) from module gated_delta_d16_fused (D = $flatten\u_pe.$procmux$1959_Y, Q = \u_pe.wcol, rval = 4'0000).
Adding EN signal on $auto$ff.cc:337:slice$2311 ($sdff) from module gated_delta_d16_fused (D = $flatten\u_pe.$procmux$1959_Y, Q = \u_pe.wcol).
Adding SRST signal on $flatten\u_pe.$procdff$2046 ($dff) from module gated_delta_d16_fused (D = $flatten\u_pe.$procmux$1965_Y, Q = \u_pe.ex_v, rval = 1'0).
Adding EN signal on $auto$ff.cc:337:slice$2315 ($sdff) from module gated_delta_d16_fused (D = $flatten\u_pe.$procmux$1965_Y, Q = \u_pe.ex_v).
Adding SRST signal on $flatten\u_pe.$procdff$2045 ($dff) from module gated_delta_d16_fused (D = $flatten\u_pe.$procmux$1974_Y, Q = \u_pe.col_ex, rval = 4'0000).
Adding EN signal on $auto$ff.cc:337:slice$2319 ($sdff) from module gated_delta_d16_fused (D = \u_pe.col_iss, Q = \u_pe.col_ex).
Adding SRST signal on $flatten\u_pe.$procdff$2044 ($dff) from module gated_delta_d16_fused (D = $flatten\u_pe.$procmux$1984_Y, Q = \u_pe.col_iss, rval = 4'0000).
Adding EN signal on $auto$ff.cc:337:slice$2321 ($sdff) from module gated_delta_d16_fused (D = $flatten\u_pe.$procmux$1984_Y, Q = \u_pe.col_iss).
Adding SRST signal on $flatten\u_pe.$procdff$2042 ($dff) from module gated_delta_d16_fused (D = $flatten\u_pe.$procmux$2013_Y, Q = \u_pe.beta_r, rval = 9'000000000).
Adding EN signal on $auto$ff.cc:337:slice$2331 ($sdff) from module gated_delta_d16_fused (D = { 1'0 \beta }, Q = \u_pe.beta_r).
Adding SRST signal on $flatten\u_pe.$procdff$2041 ($dff) from module gated_delta_d16_fused (D = $flatten\u_pe.$procmux$2024_Y, Q = \u_pe.g_r, rval = 9'000000000).
Adding EN signal on $auto$ff.cc:337:slice$2335 ($sdff) from module gated_delta_d16_fused (D = { 1'0 \g }, Q = \u_pe.g_r).
Adding SRST signal on $flatten\u_pe.$procdff$2040 ($dff) from module gated_delta_d16_fused (D = $flatten\u_pe.$procmux$1269_Y, Q = \u_pe.done, rval = 1'0).
Adding SRST signal on $flatten\u_pe.$procdff$2039 ($dff) from module gated_delta_d16_fused (D = $flatten\u_pe.$3$lookahead\o_flat$861[383:0]$886, Q = \u_pe.o_flat, rval = 384'000000000000000000000000000000000000000000000000000000000000000000000000000000000000000000000000000000000000000000000000000000000000000000000000000000000000000000000000000000000000000000000000000000000000000000000000000000000000000000000000000000000000000000000000000000000000000000000000000000000000000000000000000000000000000000000000000000000000000000000000000000000000000000000000).
Adding SRST signal on $flatten\u_pe.$procdff$2038 ($dff) from module gated_delta_d16_fused (D = $flatten\u_pe.$procmux$1272_Y, Q = \u_pe.we, rval = 1'0).
Adding SRST signal on $flatten\u_pe.$procdff$2081 ($dff) from module gated_delta_d16_fused (D = $flatten\u_pe.$procmux$1598_Y, Q = \u_pe.v_r[0], rval = 8'00000000).
Adding EN signal on $auto$ff.cc:337:slice$2342 ($sdff) from module gated_delta_d16_fused (D = \v_flat [7:0], Q = \u_pe.v_r[0]).
Adding SRST signal on $flatten\u_pe.$procdff$2082 ($dff) from module gated_delta_d16_fused (D = $flatten\u_pe.$procmux$1587_Y, Q = \u_pe.v_r[1], rval = 8'00000000).
Adding EN signal on $auto$ff.cc:337:slice$2346 ($sdff) from module gated_delta_d16_fused (D = \v_flat [15:8], Q = \u_pe.v_r[1]).
Adding SRST signal on $flatten\u_pe.$procdff$2083 ($dff) from module gated_delta_d16_fused (D = $flatten\u_pe.$procmux$1576_Y, Q = \u_pe.v_r[2], rval = 8'00000000).
Adding EN signal on $auto$ff.cc:337:slice$2350 ($sdff) from module gated_delta_d16_fused (D = \v_flat [23:16], Q = \u_pe.v_r[2]).
Adding SRST signal on $flatten\u_pe.$procdff$2084 ($dff) from module gated_delta_d16_fused (D = $flatten\u_pe.$procmux$1565_Y, Q = \u_pe.v_r[3], rval = 8'00000000).
Adding EN signal on $auto$ff.cc:337:slice$2354 ($sdff) from module gated_delta_d16_fused (D = \v_flat [31:24], Q = \u_pe.v_r[3]).
Adding SRST signal on $flatten\u_pe.$procdff$2085 ($dff) from module gated_delta_d16_fused (D = $flatten\u_pe.$procmux$1554_Y, Q = \u_pe.v_r[4], rval = 8'00000000).
Adding EN signal on $auto$ff.cc:337:slice$2358 ($sdff) from module gated_delta_d16_fused (D = \v_flat [39:32], Q = \u_pe.v_r[4]).
Adding SRST signal on $flatten\u_pe.$procdff$2086 ($dff) from module gated_delta_d16_fused (D = $flatten\u_pe.$procmux$1543_Y, Q = \u_pe.v_r[5], rval = 8'00000000).
Adding EN signal on $auto$ff.cc:337:slice$2362 ($sdff) from module gated_delta_d16_fused (D = \v_flat [47:40], Q = \u_pe.v_r[5]).
Adding SRST signal on $flatten\u_pe.$procdff$2087 ($dff) from module gated_delta_d16_fused (D = $flatten\u_pe.$procmux$1532_Y, Q = \u_pe.v_r[6], rval = 8'00000000).
Adding EN signal on $auto$ff.cc:337:slice$2366 ($sdff) from module gated_delta_d16_fused (D = \v_flat [55:48], Q = \u_pe.v_r[6]).
Adding SRST signal on $flatten\u_pe.$procdff$2088 ($dff) from module gated_delta_d16_fused (D = $flatten\u_pe.$procmux$1521_Y, Q = \u_pe.v_r[7], rval = 8'00000000).
Adding EN signal on $auto$ff.cc:337:slice$2370 ($sdff) from module gated_delta_d16_fused (D = \v_flat [63:56], Q = \u_pe.v_r[7]).
Adding SRST signal on $flatten\u_pe.$procdff$2089 ($dff) from module gated_delta_d16_fused (D = $flatten\u_pe.$procmux$1510_Y, Q = \u_pe.v_r[8], rval = 8'00000000).
Adding EN signal on $auto$ff.cc:337:slice$2374 ($sdff) from module gated_delta_d16_fused (D = \v_flat [71:64], Q = \u_pe.v_r[8]).
Adding SRST signal on $flatten\u_pe.$procdff$2090 ($dff) from module gated_delta_d16_fused (D = $flatten\u_pe.$procmux$1499_Y, Q = \u_pe.v_r[9], rval = 8'00000000).
Adding EN signal on $auto$ff.cc:337:slice$2378 ($sdff) from module gated_delta_d16_fused (D = \v_flat [79:72], Q = \u_pe.v_r[9]).
Adding SRST signal on $flatten\u_pe.$procdff$2091 ($dff) from module gated_delta_d16_fused (D = $flatten\u_pe.$procmux$1488_Y, Q = \u_pe.v_r[10], rval = 8'00000000).
Adding EN signal on $auto$ff.cc:337:slice$2382 ($sdff) from module gated_delta_d16_fused (D = \v_flat [87:80], Q = \u_pe.v_r[10]).
Adding SRST signal on $flatten\u_pe.$procdff$2092 ($dff) from module gated_delta_d16_fused (D = $flatten\u_pe.$procmux$1477_Y, Q = \u_pe.v_r[11], rval = 8'00000000).
Adding EN signal on $auto$ff.cc:337:slice$2386 ($sdff) from module gated_delta_d16_fused (D = \v_flat [95:88], Q = \u_pe.v_r[11]).
Adding SRST signal on $flatten\u_pe.$procdff$2093 ($dff) from module gated_delta_d16_fused (D = $flatten\u_pe.$procmux$1466_Y, Q = \u_pe.v_r[12], rval = 8'00000000).
Adding EN signal on $auto$ff.cc:337:slice$2390 ($sdff) from module gated_delta_d16_fused (D = \v_flat [103:96], Q = \u_pe.v_r[12]).
Adding SRST signal on $flatten\u_pe.$procdff$2094 ($dff) from module gated_delta_d16_fused (D = $flatten\u_pe.$procmux$1455_Y, Q = \u_pe.v_r[13], rval = 8'00000000).
Adding EN signal on $auto$ff.cc:337:slice$2394 ($sdff) from module gated_delta_d16_fused (D = \v_flat [111:104], Q = \u_pe.v_r[13]).
Adding SRST signal on $flatten\u_pe.$procdff$2095 ($dff) from module gated_delta_d16_fused (D = $flatten\u_pe.$procmux$1444_Y, Q = \u_pe.v_r[14], rval = 8'00000000).
Adding EN signal on $auto$ff.cc:337:slice$2398 ($sdff) from module gated_delta_d16_fused (D = \v_flat [119:112], Q = \u_pe.v_r[14]).
Adding SRST signal on $flatten\u_pe.$procdff$2096 ($dff) from module gated_delta_d16_fused (D = $flatten\u_pe.$procmux$1433_Y, Q = \u_pe.v_r[15], rval = 8'00000000).
Adding EN signal on $auto$ff.cc:337:slice$2402 ($sdff) from module gated_delta_d16_fused (D = \v_flat [127:120], Q = \u_pe.v_r[15]).
Adding SRST signal on $flatten\u_pe.$procdff$2097 ($dff) from module gated_delta_d16_fused (D = $flatten\u_pe.$procmux$1422_Y, Q = \u_pe.wdata[0], rval = 16'0000000000000000).
Adding EN signal on $auto$ff.cc:337:slice$2406 ($sdff) from module gated_delta_d16_fused (D = $flatten\u_pe.$procmux$1422_Y, Q = \u_pe.wdata[0]).
Adding SRST signal on $flatten\u_pe.$procdff$2110 ($dff) from module gated_delta_d16_fused (D = $flatten\u_pe.$procmux$1305_Y, Q = \u_pe.wdata[13], rval = 16'0000000000000000).
Adding EN signal on $auto$ff.cc:337:slice$2410 ($sdff) from module gated_delta_d16_fused (D = $flatten\u_pe.$procmux$1305_Y, Q = \u_pe.wdata[13]).
Adding SRST signal on $flatten\u_pe.$procdff$2109 ($dff) from module gated_delta_d16_fused (D = $flatten\u_pe.$procmux$1314_Y, Q = \u_pe.wdata[12], rval = 16'0000000000000000).
Adding EN signal on $auto$ff.cc:337:slice$2414 ($sdff) from module gated_delta_d16_fused (D = $flatten\u_pe.$procmux$1314_Y, Q = \u_pe.wdata[12]).
Adding SRST signal on $flatten\u_pe.$procdff$2108 ($dff) from module gated_delta_d16_fused (D = $flatten\u_pe.$procmux$1323_Y, Q = \u_pe.wdata[11], rval = 16'0000000000000000).
Adding EN signal on $auto$ff.cc:337:slice$2418 ($sdff) from module gated_delta_d16_fused (D = $flatten\u_pe.$procmux$1323_Y, Q = \u_pe.wdata[11]).
Adding SRST signal on $flatten\u_pe.$procdff$2107 ($dff) from module gated_delta_d16_fused (D = $flatten\u_pe.$procmux$1332_Y, Q = \u_pe.wdata[10], rval = 16'0000000000000000).
Adding EN signal on $auto$ff.cc:337:slice$2422 ($sdff) from module gated_delta_d16_fused (D = $flatten\u_pe.$procmux$1332_Y, Q = \u_pe.wdata[10]).
Adding SRST signal on $flatten\u_pe.$procdff$2106 ($dff) from module gated_delta_d16_fused (D = $flatten\u_pe.$procmux$1341_Y, Q = \u_pe.wdata[9], rval = 16'0000000000000000).
Adding EN signal on $auto$ff.cc:337:slice$2426 ($sdff) from module gated_delta_d16_fused (D = $flatten\u_pe.$procmux$1341_Y, Q = \u_pe.wdata[9]).
Adding SRST signal on $flatten\u_pe.$procdff$2105 ($dff) from module gated_delta_d16_fused (D = $flatten\u_pe.$procmux$1350_Y, Q = \u_pe.wdata[8], rval = 16'0000000000000000).
Adding EN signal on $auto$ff.cc:337:slice$2430 ($sdff) from module gated_delta_d16_fused (D = $flatten\u_pe.$procmux$1350_Y, Q = \u_pe.wdata[8]).
Adding SRST signal on $flatten\u_pe.$procdff$2098 ($dff) from module gated_delta_d16_fused (D = $flatten\u_pe.$procmux$1413_Y, Q = \u_pe.wdata[1], rval = 16'0000000000000000).
Adding EN signal on $auto$ff.cc:337:slice$2434 ($sdff) from module gated_delta_d16_fused (D = $flatten\u_pe.$procmux$1413_Y, Q = \u_pe.wdata[1]).
Adding SRST signal on $flatten\u_pe.$procdff$2099 ($dff) from module gated_delta_d16_fused (D = $flatten\u_pe.$procmux$1404_Y, Q = \u_pe.wdata[2], rval = 16'0000000000000000).
Adding EN signal on $auto$ff.cc:337:slice$2438 ($sdff) from module gated_delta_d16_fused (D = $flatten\u_pe.$procmux$1404_Y, Q = \u_pe.wdata[2]).
Adding SRST signal on $flatten\u_pe.$procdff$2100 ($dff) from module gated_delta_d16_fused (D = $flatten\u_pe.$procmux$1395_Y, Q = \u_pe.wdata[3], rval = 16'0000000000000000).
Adding EN signal on $auto$ff.cc:337:slice$2442 ($sdff) from module gated_delta_d16_fused (D = $flatten\u_pe.$procmux$1395_Y, Q = \u_pe.wdata[3]).
Adding SRST signal on $flatten\u_pe.$procdff$2101 ($dff) from module gated_delta_d16_fused (D = $flatten\u_pe.$procmux$1386_Y, Q = \u_pe.wdata[4], rval = 16'0000000000000000).
Adding EN signal on $auto$ff.cc:337:slice$2446 ($sdff) from module gated_delta_d16_fused (D = $flatten\u_pe.$procmux$1386_Y, Q = \u_pe.wdata[4]).
Adding SRST signal on $flatten\u_pe.$procdff$2102 ($dff) from module gated_delta_d16_fused (D = $flatten\u_pe.$procmux$1377_Y, Q = \u_pe.wdata[5], rval = 16'0000000000000000).
Adding EN signal on $auto$ff.cc:337:slice$2450 ($sdff) from module gated_delta_d16_fused (D = $flatten\u_pe.$procmux$1377_Y, Q = \u_pe.wdata[5]).
Adding SRST signal on $flatten\u_pe.$procdff$2103 ($dff) from module gated_delta_d16_fused (D = $flatten\u_pe.$procmux$1368_Y, Q = \u_pe.wdata[6], rval = 16'0000000000000000).
Adding EN signal on $auto$ff.cc:337:slice$2454 ($sdff) from module gated_delta_d16_fused (D = $flatten\u_pe.$procmux$1368_Y, Q = \u_pe.wdata[6]).
Setting constant 0-bit at position 8 on $auto$ff.cc:337:slice$2336 ($sdffe) from module gated_delta_d16_fused.
Setting constant 0-bit at position 8 on $auto$ff.cc:337:slice$2332 ($sdffe) from module gated_delta_d16_fused.

9.8.7. Executing OPT_CLEAN pass (remove unused cells and wires).
Finding unused cells or wires in module \gated_delta_d16_fused..
Removed 174 unused cells and 179 unused wires.
<suppressed ~175 debug messages>

9.8.8. Executing OPT_EXPR pass (perform const folding).
Optimizing module gated_delta_d16_fused.
<suppressed ~19 debug messages>

9.8.9. Rerunning OPT passes. (Maybe there is more to do..)

9.8.10. Executing OPT_MUXTREE pass (detect dead branches in mux trees).
Running muxtree optimizer on module \gated_delta_d16_fused..
  Creating internal representation of mux trees.
  Evaluating internal representation of mux trees.
  Analyzing evaluation results.
Removed 0 multiplexer ports.
<suppressed ~152 debug messages>

9.8.11. Executing OPT_REDUCE pass (consolidate $*mux and $reduce_* inputs).
  Optimizing cells in module \gated_delta_d16_fused.
Performed a total of 0 changes.

9.8.12. Executing OPT_MERGE pass (detect identical cells).
Finding identical cells in module `\gated_delta_d16_fused'.
Computing hashes of 747 cells of `\gated_delta_d16_fused'.
Finding duplicate cells in `\gated_delta_d16_fused'.
Computing hashes of 682 cells of `\gated_delta_d16_fused'.
Finding duplicate cells in `\gated_delta_d16_fused'.
<suppressed ~195 debug messages>
Removed a total of 65 cells.

9.8.13. Executing OPT_DFF pass (perform DFF optimizations).

9.8.14. Executing OPT_CLEAN pass (remove unused cells and wires).
Finding unused cells or wires in module \gated_delta_d16_fused..
Removed 0 unused cells and 65 unused wires.
<suppressed ~1 debug messages>

9.8.15. Executing OPT_EXPR pass (perform const folding).
Optimizing module gated_delta_d16_fused.

9.8.16. Rerunning OPT passes. (Maybe there is more to do..)

9.8.17. Executing OPT_MUXTREE pass (detect dead branches in mux trees).
Running muxtree optimizer on module \gated_delta_d16_fused..
  Creating internal representation of mux trees.
  Evaluating internal representation of mux trees.
  Analyzing evaluation results.
Removed 0 multiplexer ports.
<suppressed ~152 debug messages>

9.8.18. Executing OPT_REDUCE pass (consolidate $*mux and $reduce_* inputs).
  Optimizing cells in module \gated_delta_d16_fused.
Performed a total of 0 changes.

9.8.19. Executing OPT_MERGE pass (detect identical cells).
Finding identical cells in module `\gated_delta_d16_fused'.
Computing hashes of 682 cells of `\gated_delta_d16_fused'.
Finding duplicate cells in `\gated_delta_d16_fused'.
Removed a total of 0 cells.

9.8.20. Executing OPT_DFF pass (perform DFF optimizations).

9.8.21. Executing OPT_CLEAN pass (remove unused cells and wires).
Finding unused cells or wires in module \gated_delta_d16_fused..

9.8.22. Executing OPT_EXPR pass (perform const folding).
Optimizing module gated_delta_d16_fused.

9.8.23. Finished fast OPT passes. (There is nothing left to do.)

9.9. Executing WREDUCE pass (reducing word size of cells).
Removed top 28 address bits (of 32) from memory init port gated_delta_d16_fused.$flatten\u_pe.\banks[0].u_s.$meminit$\mem$/Users/toprakgundogdu/qwen-ffn-rom/rtl/delta_s_col_ram.v:24$429 (u_pe.banks[0].u_s.mem).
Removed top 28 address bits (of 32) from memory init port gated_delta_d16_fused.$flatten\u_pe.\banks[0].u_s.$meminit$\mem$/Users/toprakgundogdu/qwen-ffn-rom/rtl/delta_s_col_ram.v:24$428 (u_pe.banks[0].u_s.mem).
Removed top 28 address bits (of 32) from memory init port gated_delta_d16_fused.$flatten\u_pe.\banks[0].u_s.$meminit$\mem$/Users/toprakgundogdu/qwen-ffn-rom/rtl/delta_s_col_ram.v:24$427 (u_pe.banks[0].u_s.mem).
Removed top 28 address bits (of 32) from memory init port gated_delta_d16_fused.$flatten\u_pe.\banks[0].u_s.$meminit$\mem$/Users/toprakgundogdu/qwen-ffn-rom/rtl/delta_s_col_ram.v:24$426 (u_pe.banks[0].u_s.mem).
Removed top 28 address bits (of 32) from memory init port gated_delta_d16_fused.$flatten\u_pe.\banks[0].u_s.$meminit$\mem$/Users/toprakgundogdu/qwen-ffn-rom/rtl/delta_s_col_ram.v:24$425 (u_pe.banks[0].u_s.mem).
Removed top 28 address bits (of 32) from memory init port gated_delta_d16_fused.$flatten\u_pe.\banks[0].u_s.$meminit$\mem$/Users/toprakgundogdu/qwen-ffn-rom/rtl/delta_s_col_ram.v:24$424 (u_pe.banks[0].u_s.mem).
Removed top 28 address bits (of 32) from memory init port gated_delta_d16_fused.$flatten\u_pe.\banks[0].u_s.$meminit$\mem$/Users/toprakgundogdu/qwen-ffn-rom/rtl/delta_s_col_ram.v:24$423 (u_pe.banks[0].u_s.mem).
Removed top 28 address bits (of 32) from memory init port gated_delta_d16_fused.$flatten\u_pe.\banks[0].u_s.$meminit$\mem$/Users/toprakgundogdu/qwen-ffn-rom/rtl/delta_s_col_ram.v:24$422 (u_pe.banks[0].u_s.mem).
Removed top 28 address bits (of 32) from memory init port gated_delta_d16_fused.$flatten\u_pe.\banks[0].u_s.$meminit$\mem$/Users/toprakgundogdu/qwen-ffn-rom/rtl/delta_s_col_ram.v:24$421 (u_pe.banks[0].u_s.mem).
Removed top 28 address bits (of 32) from memory init port gated_delta_d16_fused.$flatten\u_pe.\banks[0].u_s.$meminit$\mem$/Users/toprakgundogdu/qwen-ffn-rom/rtl/delta_s_col_ram.v:24$420 (u_pe.banks[0].u_s.mem).
Removed top 28 address bits (of 32) from memory init port gated_delta_d16_fused.$flatten\u_pe.\banks[0].u_s.$meminit$\mem$/Users/toprakgundogdu/qwen-ffn-rom/rtl/delta_s_col_ram.v:24$419 (u_pe.banks[0].u_s.mem).
Removed top 28 address bits (of 32) from memory init port gated_delta_d16_fused.$flatten\u_pe.\banks[0].u_s.$meminit$\mem$/Users/toprakgundogdu/qwen-ffn-rom/rtl/delta_s_col_ram.v:24$418 (u_pe.banks[0].u_s.mem).
Removed top 28 address bits (of 32) from memory init port gated_delta_d16_fused.$flatten\u_pe.\banks[0].u_s.$meminit$\mem$/Users/toprakgundogdu/qwen-ffn-rom/rtl/delta_s_col_ram.v:24$417 (u_pe.banks[0].u_s.mem).
Removed top 28 address bits (of 32) from memory init port gated_delta_d16_fused.$flatten\u_pe.\banks[0].u_s.$meminit$\mem$/Users/toprakgundogdu/qwen-ffn-rom/rtl/delta_s_col_ram.v:24$416 (u_pe.banks[0].u_s.mem).
Removed top 28 address bits (of 32) from memory init port gated_delta_d16_fused.$flatten\u_pe.\banks[0].u_s.$meminit$\mem$/Users/toprakgundogdu/qwen-ffn-rom/rtl/delta_s_col_ram.v:24$415 (u_pe.banks[0].u_s.mem).
Removed top 28 address bits (of 32) from memory init port gated_delta_d16_fused.$flatten\u_pe.\banks[0].u_s.$meminit$\mem$/Users/toprakgundogdu/qwen-ffn-rom/rtl/delta_s_col_ram.v:24$414 (u_pe.banks[0].u_s.mem).
Removed top 28 address bits (of 32) from memory init port gated_delta_d16_fused.$flatten\u_pe.\banks[1].u_s.$meminit$\mem$/Users/toprakgundogdu/qwen-ffn-rom/rtl/delta_s_col_ram.v:24$429 (u_pe.banks[1].u_s.mem).
Removed top 28 address bits (of 32) from memory init port gated_delta_d16_fused.$flatten\u_pe.\banks[1].u_s.$meminit$\mem$/Users/toprakgundogdu/qwen-ffn-rom/rtl/delta_s_col_ram.v:24$428 (u_pe.banks[1].u_s.mem).
Removed top 28 address bits (of 32) from memory init port gated_delta_d16_fused.$flatten\u_pe.\banks[1].u_s.$meminit$\mem$/Users/toprakgundogdu/qwen-ffn-rom/rtl/delta_s_col_ram.v:24$427 (u_pe.banks[1].u_s.mem).
Removed top 28 address bits (of 32) from memory init port gated_delta_d16_fused.$flatten\u_pe.\banks[1].u_s.$meminit$\mem$/Users/toprakgundogdu/qwen-ffn-rom/rtl/delta_s_col_ram.v:24$426 (u_pe.banks[1].u_s.mem).
Removed top 28 address bits (of 32) from memory init port gated_delta_d16_fused.$flatten\u_pe.\banks[1].u_s.$meminit$\mem$/Users/toprakgundogdu/qwen-ffn-rom/rtl/delta_s_col_ram.v:24$425 (u_pe.banks[1].u_s.mem).
Removed top 28 address bits (of 32) from memory init port gated_delta_d16_fused.$flatten\u_pe.\banks[1].u_s.$meminit$\mem$/Users/toprakgundogdu/qwen-ffn-rom/rtl/delta_s_col_ram.v:24$424 (u_pe.banks[1].u_s.mem).
Removed top 28 address bits (of 32) from memory init port gated_delta_d16_fused.$flatten\u_pe.\banks[1].u_s.$meminit$\mem$/Users/toprakgundogdu/qwen-ffn-rom/rtl/delta_s_col_ram.v:24$423 (u_pe.banks[1].u_s.mem).
Removed top 28 address bits (of 32) from memory init port gated_delta_d16_fused.$flatten\u_pe.\banks[1].u_s.$meminit$\mem$/Users/toprakgundogdu/qwen-ffn-rom/rtl/delta_s_col_ram.v:24$422 (u_pe.banks[1].u_s.mem).
Removed top 28 address bits (of 32) from memory init port gated_delta_d16_fused.$flatten\u_pe.\banks[1].u_s.$meminit$\mem$/Users/toprakgundogdu/qwen-ffn-rom/rtl/delta_s_col_ram.v:24$421 (u_pe.banks[1].u_s.mem).
Removed top 28 address bits (of 32) from memory init port gated_delta_d16_fused.$flatten\u_pe.\banks[1].u_s.$meminit$\mem$/Users/toprakgundogdu/qwen-ffn-rom/rtl/delta_s_col_ram.v:24$420 (u_pe.banks[1].u_s.mem).
Removed top 28 address bits (of 32) from memory init port gated_delta_d16_fused.$flatten\u_pe.\banks[1].u_s.$meminit$\mem$/Users/toprakgundogdu/qwen-ffn-rom/rtl/delta_s_col_ram.v:24$419 (u_pe.banks[1].u_s.mem).
Removed top 28 address bits (of 32) from memory init port gated_delta_d16_fused.$flatten\u_pe.\banks[1].u_s.$meminit$\mem$/Users/toprakgundogdu/qwen-ffn-rom/rtl/delta_s_col_ram.v:24$418 (u_pe.banks[1].u_s.mem).
Removed top 28 address bits (of 32) from memory init port gated_delta_d16_fused.$flatten\u_pe.\banks[1].u_s.$meminit$\mem$/Users/toprakgundogdu/qwen-ffn-rom/rtl/delta_s_col_ram.v:24$417 (u_pe.banks[1].u_s.mem).
Removed top 28 address bits (of 32) from memory init port gated_delta_d16_fused.$flatten\u_pe.\banks[1].u_s.$meminit$\mem$/Users/toprakgundogdu/qwen-ffn-rom/rtl/delta_s_col_ram.v:24$416 (u_pe.banks[1].u_s.mem).
Removed top 28 address bits (of 32) from memory init port gated_delta_d16_fused.$flatten\u_pe.\banks[1].u_s.$meminit$\mem$/Users/toprakgundogdu/qwen-ffn-rom/rtl/delta_s_col_ram.v:24$415 (u_pe.banks[1].u_s.mem).
Removed top 28 address bits (of 32) from memory init port gated_delta_d16_fused.$flatten\u_pe.\banks[1].u_s.$meminit$\mem$/Users/toprakgundogdu/qwen-ffn-rom/rtl/delta_s_col_ram.v:24$414 (u_pe.banks[1].u_s.mem).
Removed top 28 address bits (of 32) from memory init port gated_delta_d16_fused.$flatten\u_pe.\banks[2].u_s.$meminit$\mem$/Users/toprakgundogdu/qwen-ffn-rom/rtl/delta_s_col_ram.v:24$429 (u_pe.banks[2].u_s.mem).
Removed top 28 address bits (of 32) from memory init port gated_delta_d16_fused.$flatten\u_pe.\banks[2].u_s.$meminit$\mem$/Users/toprakgundogdu/qwen-ffn-rom/rtl/delta_s_col_ram.v:24$428 (u_pe.banks[2].u_s.mem).
Removed top 28 address bits (of 32) from memory init port gated_delta_d16_fused.$flatten\u_pe.\banks[2].u_s.$meminit$\mem$/Users/toprakgundogdu/qwen-ffn-rom/rtl/delta_s_col_ram.v:24$427 (u_pe.banks[2].u_s.mem).
Removed top 28 address bits (of 32) from memory init port gated_delta_d16_fused.$flatten\u_pe.\banks[2].u_s.$meminit$\mem$/Users/toprakgundogdu/qwen-ffn-rom/rtl/delta_s_col_ram.v:24$426 (u_pe.banks[2].u_s.mem).
Removed top 28 address bits (of 32) from memory init port gated_delta_d16_fused.$flatten\u_pe.\banks[2].u_s.$meminit$\mem$/Users/toprakgundogdu/qwen-ffn-rom/rtl/delta_s_col_ram.v:24$425 (u_pe.banks[2].u_s.mem).
Removed top 28 address bits (of 32) from memory init port gated_delta_d16_fused.$flatten\u_pe.\banks[2].u_s.$meminit$\mem$/Users/toprakgundogdu/qwen-ffn-rom/rtl/delta_s_col_ram.v:24$424 (u_pe.banks[2].u_s.mem).
Removed top 28 address bits (of 32) from memory init port gated_delta_d16_fused.$flatten\u_pe.\banks[2].u_s.$meminit$\mem$/Users/toprakgundogdu/qwen-ffn-rom/rtl/delta_s_col_ram.v:24$423 (u_pe.banks[2].u_s.mem).
Removed top 28 address bits (of 32) from memory init port gated_delta_d16_fused.$flatten\u_pe.\banks[2].u_s.$meminit$\mem$/Users/toprakgundogdu/qwen-ffn-rom/rtl/delta_s_col_ram.v:24$422 (u_pe.banks[2].u_s.mem).
Removed top 28 address bits (of 32) from memory init port gated_delta_d16_fused.$flatten\u_pe.\banks[2].u_s.$meminit$\mem$/Users/toprakgundogdu/qwen-ffn-rom/rtl/delta_s_col_ram.v:24$421 (u_pe.banks[2].u_s.mem).
Removed top 28 address bits (of 32) from memory init port gated_delta_d16_fused.$flatten\u_pe.\banks[2].u_s.$meminit$\mem$/Users/toprakgundogdu/qwen-ffn-rom/rtl/delta_s_col_ram.v:24$420 (u_pe.banks[2].u_s.mem).
Removed top 28 address bits (of 32) from memory init port gated_delta_d16_fused.$flatten\u_pe.\banks[2].u_s.$meminit$\mem$/Users/toprakgundogdu/qwen-ffn-rom/rtl/delta_s_col_ram.v:24$419 (u_pe.banks[2].u_s.mem).
Removed top 28 address bits (of 32) from memory init port gated_delta_d16_fused.$flatten\u_pe.\banks[2].u_s.$meminit$\mem$/Users/toprakgundogdu/qwen-ffn-rom/rtl/delta_s_col_ram.v:24$418 (u_pe.banks[2].u_s.mem).
Removed top 28 address bits (of 32) from memory init port gated_delta_d16_fused.$flatten\u_pe.\banks[2].u_s.$meminit$\mem$/Users/toprakgundogdu/qwen-ffn-rom/rtl/delta_s_col_ram.v:24$417 (u_pe.banks[2].u_s.mem).
Removed top 28 address bits (of 32) from memory init port gated_delta_d16_fused.$flatten\u_pe.\banks[2].u_s.$meminit$\mem$/Users/toprakgundogdu/qwen-ffn-rom/rtl/delta_s_col_ram.v:24$416 (u_pe.banks[2].u_s.mem).
Removed top 28 address bits (of 32) from memory init port gated_delta_d16_fused.$flatten\u_pe.\banks[2].u_s.$meminit$\mem$/Users/toprakgundogdu/qwen-ffn-rom/rtl/delta_s_col_ram.v:24$415 (u_pe.banks[2].u_s.mem).
Removed top 28 address bits (of 32) from memory init port gated_delta_d16_fused.$flatten\u_pe.\banks[2].u_s.$meminit$\mem$/Users/toprakgundogdu/qwen-ffn-rom/rtl/delta_s_col_ram.v:24$414 (u_pe.banks[2].u_s.mem).
Removed top 28 address bits (of 32) from memory init port gated_delta_d16_fused.$flatten\u_pe.\banks[3].u_s.$meminit$\mem$/Users/toprakgundogdu/qwen-ffn-rom/rtl/delta_s_col_ram.v:24$429 (u_pe.banks[3].u_s.mem).
Removed top 28 address bits (of 32) from memory init port gated_delta_d16_fused.$flatten\u_pe.\banks[3].u_s.$meminit$\mem$/Users/toprakgundogdu/qwen-ffn-rom/rtl/delta_s_col_ram.v:24$428 (u_pe.banks[3].u_s.mem).
Removed top 28 address bits (of 32) from memory init port gated_delta_d16_fused.$flatten\u_pe.\banks[3].u_s.$meminit$\mem$/Users/toprakgundogdu/qwen-ffn-rom/rtl/delta_s_col_ram.v:24$427 (u_pe.banks[3].u_s.mem).
Removed top 28 address bits (of 32) from memory init port gated_delta_d16_fused.$flatten\u_pe.\banks[3].u_s.$meminit$\mem$/Users/toprakgundogdu/qwen-ffn-rom/rtl/delta_s_col_ram.v:24$426 (u_pe.banks[3].u_s.mem).
Removed top 28 address bits (of 32) from memory init port gated_delta_d16_fused.$flatten\u_pe.\banks[3].u_s.$meminit$\mem$/Users/toprakgundogdu/qwen-ffn-rom/rtl/delta_s_col_ram.v:24$425 (u_pe.banks[3].u_s.mem).
Removed top 28 address bits (of 32) from memory init port gated_delta_d16_fused.$flatten\u_pe.\banks[3].u_s.$meminit$\mem$/Users/toprakgundogdu/qwen-ffn-rom/rtl/delta_s_col_ram.v:24$424 (u_pe.banks[3].u_s.mem).
Removed top 28 address bits (of 32) from memory init port gated_delta_d16_fused.$flatten\u_pe.\banks[3].u_s.$meminit$\mem$/Users/toprakgundogdu/qwen-ffn-rom/rtl/delta_s_col_ram.v:24$423 (u_pe.banks[3].u_s.mem).
Removed top 28 address bits (of 32) from memory init port gated_delta_d16_fused.$flatten\u_pe.\banks[3].u_s.$meminit$\mem$/Users/toprakgundogdu/qwen-ffn-rom/rtl/delta_s_col_ram.v:24$422 (u_pe.banks[3].u_s.mem).
Removed top 28 address bits (of 32) from memory init port gated_delta_d16_fused.$flatten\u_pe.\banks[3].u_s.$meminit$\mem$/Users/toprakgundogdu/qwen-ffn-rom/rtl/delta_s_col_ram.v:24$421 (u_pe.banks[3].u_s.mem).
Removed top 28 address bits (of 32) from memory init port gated_delta_d16_fused.$flatten\u_pe.\banks[3].u_s.$meminit$\mem$/Users/toprakgundogdu/qwen-ffn-rom/rtl/delta_s_col_ram.v:24$420 (u_pe.banks[3].u_s.mem).
Removed top 28 address bits (of 32) from memory init port gated_delta_d16_fused.$flatten\u_pe.\banks[3].u_s.$meminit$\mem$/Users/toprakgundogdu/qwen-ffn-rom/rtl/delta_s_col_ram.v:24$419 (u_pe.banks[3].u_s.mem).
Removed top 28 address bits (of 32) from memory init port gated_delta_d16_fused.$flatten\u_pe.\banks[3].u_s.$meminit$\mem$/Users/toprakgundogdu/qwen-ffn-rom/rtl/delta_s_col_ram.v:24$418 (u_pe.banks[3].u_s.mem).
Removed top 28 address bits (of 32) from memory init port gated_delta_d16_fused.$flatten\u_pe.\banks[3].u_s.$meminit$\mem$/Users/toprakgundogdu/qwen-ffn-rom/rtl/delta_s_col_ram.v:24$417 (u_pe.banks[3].u_s.mem).
Removed top 28 address bits (of 32) from memory init port gated_delta_d16_fused.$flatten\u_pe.\banks[3].u_s.$meminit$\mem$/Users/toprakgundogdu/qwen-ffn-rom/rtl/delta_s_col_ram.v:24$416 (u_pe.banks[3].u_s.mem).
Removed top 28 address bits (of 32) from memory init port gated_delta_d16_fused.$flatten\u_pe.\banks[3].u_s.$meminit$\mem$/Users/toprakgundogdu/qwen-ffn-rom/rtl/delta_s_col_ram.v:24$415 (u_pe.banks[3].u_s.mem).
Removed top 28 address bits (of 32) from memory init port gated_delta_d16_fused.$flatten\u_pe.\banks[3].u_s.$meminit$\mem$/Users/toprakgundogdu/qwen-ffn-rom/rtl/delta_s_col_ram.v:24$414 (u_pe.banks[3].u_s.mem).
Removed top 28 address bits (of 32) from memory init port gated_delta_d16_fused.$flatten\u_pe.\banks[4].u_s.$meminit$\mem$/Users/toprakgundogdu/qwen-ffn-rom/rtl/delta_s_col_ram.v:24$429 (u_pe.banks[4].u_s.mem).
Removed top 28 address bits (of 32) from memory init port gated_delta_d16_fused.$flatten\u_pe.\banks[4].u_s.$meminit$\mem$/Users/toprakgundogdu/qwen-ffn-rom/rtl/delta_s_col_ram.v:24$428 (u_pe.banks[4].u_s.mem).
Removed top 28 address bits (of 32) from memory init port gated_delta_d16_fused.$flatten\u_pe.\banks[4].u_s.$meminit$\mem$/Users/toprakgundogdu/qwen-ffn-rom/rtl/delta_s_col_ram.v:24$427 (u_pe.banks[4].u_s.mem).
Removed top 28 address bits (of 32) from memory init port gated_delta_d16_fused.$flatten\u_pe.\banks[4].u_s.$meminit$\mem$/Users/toprakgundogdu/qwen-ffn-rom/rtl/delta_s_col_ram.v:24$426 (u_pe.banks[4].u_s.mem).
Removed top 28 address bits (of 32) from memory init port gated_delta_d16_fused.$flatten\u_pe.\banks[4].u_s.$meminit$\mem$/Users/toprakgundogdu/qwen-ffn-rom/rtl/delta_s_col_ram.v:24$425 (u_pe.banks[4].u_s.mem).
Removed top 28 address bits (of 32) from memory init port gated_delta_d16_fused.$flatten\u_pe.\banks[4].u_s.$meminit$\mem$/Users/toprakgundogdu/qwen-ffn-rom/rtl/delta_s_col_ram.v:24$424 (u_pe.banks[4].u_s.mem).
Removed top 28 address bits (of 32) from memory init port gated_delta_d16_fused.$flatten\u_pe.\banks[4].u_s.$meminit$\mem$/Users/toprakgundogdu/qwen-ffn-rom/rtl/delta_s_col_ram.v:24$423 (u_pe.banks[4].u_s.mem).
Removed top 28 address bits (of 32) from memory init port gated_delta_d16_fused.$flatten\u_pe.\banks[4].u_s.$meminit$\mem$/Users/toprakgundogdu/qwen-ffn-rom/rtl/delta_s_col_ram.v:24$422 (u_pe.banks[4].u_s.mem).
Removed top 28 address bits (of 32) from memory init port gated_delta_d16_fused.$flatten\u_pe.\banks[4].u_s.$meminit$\mem$/Users/toprakgundogdu/qwen-ffn-rom/rtl/delta_s_col_ram.v:24$421 (u_pe.banks[4].u_s.mem).
Removed top 28 address bits (of 32) from memory init port gated_delta_d16_fused.$flatten\u_pe.\banks[4].u_s.$meminit$\mem$/Users/toprakgundogdu/qwen-ffn-rom/rtl/delta_s_col_ram.v:24$420 (u_pe.banks[4].u_s.mem).
Removed top 28 address bits (of 32) from memory init port gated_delta_d16_fused.$flatten\u_pe.\banks[4].u_s.$meminit$\mem$/Users/toprakgundogdu/qwen-ffn-rom/rtl/delta_s_col_ram.v:24$419 (u_pe.banks[4].u_s.mem).
Removed top 28 address bits (of 32) from memory init port gated_delta_d16_fused.$flatten\u_pe.\banks[4].u_s.$meminit$\mem$/Users/toprakgundogdu/qwen-ffn-rom/rtl/delta_s_col_ram.v:24$418 (u_pe.banks[4].u_s.mem).
Removed top 28 address bits (of 32) from memory init port gated_delta_d16_fused.$flatten\u_pe.\banks[4].u_s.$meminit$\mem$/Users/toprakgundogdu/qwen-ffn-rom/rtl/delta_s_col_ram.v:24$417 (u_pe.banks[4].u_s.mem).
Removed top 28 address bits (of 32) from memory init port gated_delta_d16_fused.$flatten\u_pe.\banks[4].u_s.$meminit$\mem$/Users/toprakgundogdu/qwen-ffn-rom/rtl/delta_s_col_ram.v:24$416 (u_pe.banks[4].u_s.mem).
Removed top 28 address bits (of 32) from memory init port gated_delta_d16_fused.$flatten\u_pe.\banks[4].u_s.$meminit$\mem$/Users/toprakgundogdu/qwen-ffn-rom/rtl/delta_s_col_ram.v:24$415 (u_pe.banks[4].u_s.mem).
Removed top 28 address bits (of 32) from memory init port gated_delta_d16_fused.$flatten\u_pe.\banks[4].u_s.$meminit$\mem$/Users/toprakgundogdu/qwen-ffn-rom/rtl/delta_s_col_ram.v:24$414 (u_pe.banks[4].u_s.mem).
Removed top 28 address bits (of 32) from memory init port gated_delta_d16_fused.$flatten\u_pe.\banks[5].u_s.$meminit$\mem$/Users/toprakgundogdu/qwen-ffn-rom/rtl/delta_s_col_ram.v:24$429 (u_pe.banks[5].u_s.mem).
Removed top 28 address bits (of 32) from memory init port gated_delta_d16_fused.$flatten\u_pe.\banks[5].u_s.$meminit$\mem$/Users/toprakgundogdu/qwen-ffn-rom/rtl/delta_s_col_ram.v:24$428 (u_pe.banks[5].u_s.mem).
Removed top 28 address bits (of 32) from memory init port gated_delta_d16_fused.$flatten\u_pe.\banks[5].u_s.$meminit$\mem$/Users/toprakgundogdu/qwen-ffn-rom/rtl/delta_s_col_ram.v:24$427 (u_pe.banks[5].u_s.mem).
Removed top 28 address bits (of 32) from memory init port gated_delta_d16_fused.$flatten\u_pe.\banks[5].u_s.$meminit$\mem$/Users/toprakgundogdu/qwen-ffn-rom/rtl/delta_s_col_ram.v:24$426 (u_pe.banks[5].u_s.mem).
Removed top 28 address bits (of 32) from memory init port gated_delta_d16_fused.$flatten\u_pe.\banks[5].u_s.$meminit$\mem$/Users/toprakgundogdu/qwen-ffn-rom/rtl/delta_s_col_ram.v:24$425 (u_pe.banks[5].u_s.mem).
Removed top 28 address bits (of 32) from memory init port gated_delta_d16_fused.$flatten\u_pe.\banks[5].u_s.$meminit$\mem$/Users/toprakgundogdu/qwen-ffn-rom/rtl/delta_s_col_ram.v:24$424 (u_pe.banks[5].u_s.mem).
Removed top 28 address bits (of 32) from memory init port gated_delta_d16_fused.$flatten\u_pe.\banks[5].u_s.$meminit$\mem$/Users/toprakgundogdu/qwen-ffn-rom/rtl/delta_s_col_ram.v:24$423 (u_pe.banks[5].u_s.mem).
Removed top 28 address bits (of 32) from memory init port gated_delta_d16_fused.$flatten\u_pe.\banks[5].u_s.$meminit$\mem$/Users/toprakgundogdu/qwen-ffn-rom/rtl/delta_s_col_ram.v:24$422 (u_pe.banks[5].u_s.mem).
Removed top 28 address bits (of 32) from memory init port gated_delta_d16_fused.$flatten\u_pe.\banks[5].u_s.$meminit$\mem$/Users/toprakgundogdu/qwen-ffn-rom/rtl/delta_s_col_ram.v:24$421 (u_pe.banks[5].u_s.mem).
Removed top 28 address bits (of 32) from memory init port gated_delta_d16_fused.$flatten\u_pe.\banks[5].u_s.$meminit$\mem$/Users/toprakgundogdu/qwen-ffn-rom/rtl/delta_s_col_ram.v:24$420 (u_pe.banks[5].u_s.mem).
Removed top 28 address bits (of 32) from memory init port gated_delta_d16_fused.$flatten\u_pe.\banks[5].u_s.$meminit$\mem$/Users/toprakgundogdu/qwen-ffn-rom/rtl/delta_s_col_ram.v:24$419 (u_pe.banks[5].u_s.mem).
Removed top 28 address bits (of 32) from memory init port gated_delta_d16_fused.$flatten\u_pe.\banks[5].u_s.$meminit$\mem$/Users/toprakgundogdu/qwen-ffn-rom/rtl/delta_s_col_ram.v:24$418 (u_pe.banks[5].u_s.mem).
Removed top 28 address bits (of 32) from memory init port gated_delta_d16_fused.$flatten\u_pe.\banks[5].u_s.$meminit$\mem$/Users/toprakgundogdu/qwen-ffn-rom/rtl/delta_s_col_ram.v:24$417 (u_pe.banks[5].u_s.mem).
Removed top 28 address bits (of 32) from memory init port gated_delta_d16_fused.$flatten\u_pe.\banks[5].u_s.$meminit$\mem$/Users/toprakgundogdu/qwen-ffn-rom/rtl/delta_s_col_ram.v:24$416 (u_pe.banks[5].u_s.mem).
Removed top 28 address bits (of 32) from memory init port gated_delta_d16_fused.$flatten\u_pe.\banks[5].u_s.$meminit$\mem$/Users/toprakgundogdu/qwen-ffn-rom/rtl/delta_s_col_ram.v:24$415 (u_pe.banks[5].u_s.mem).
Removed top 28 address bits (of 32) from memory init port gated_delta_d16_fused.$flatten\u_pe.\banks[5].u_s.$meminit$\mem$/Users/toprakgundogdu/qwen-ffn-rom/rtl/delta_s_col_ram.v:24$414 (u_pe.banks[5].u_s.mem).
Removed top 28 address bits (of 32) from memory init port gated_delta_d16_fused.$flatten\u_pe.\banks[6].u_s.$meminit$\mem$/Users/toprakgundogdu/qwen-ffn-rom/rtl/delta_s_col_ram.v:24$429 (u_pe.banks[6].u_s.mem).
Removed top 28 address bits (of 32) from memory init port gated_delta_d16_fused.$flatten\u_pe.\banks[6].u_s.$meminit$\mem$/Users/toprakgundogdu/qwen-ffn-rom/rtl/delta_s_col_ram.v:24$428 (u_pe.banks[6].u_s.mem).
Removed top 28 address bits (of 32) from memory init port gated_delta_d16_fused.$flatten\u_pe.\banks[6].u_s.$meminit$\mem$/Users/toprakgundogdu/qwen-ffn-rom/rtl/delta_s_col_ram.v:24$427 (u_pe.banks[6].u_s.mem).
Removed top 28 address bits (of 32) from memory init port gated_delta_d16_fused.$flatten\u_pe.\banks[6].u_s.$meminit$\mem$/Users/toprakgundogdu/qwen-ffn-rom/rtl/delta_s_col_ram.v:24$426 (u_pe.banks[6].u_s.mem).
Removed top 28 address bits (of 32) from memory init port gated_delta_d16_fused.$flatten\u_pe.\banks[6].u_s.$meminit$\mem$/Users/toprakgundogdu/qwen-ffn-rom/rtl/delta_s_col_ram.v:24$425 (u_pe.banks[6].u_s.mem).
Removed top 28 address bits (of 32) from memory init port gated_delta_d16_fused.$flatten\u_pe.\banks[6].u_s.$meminit$\mem$/Users/toprakgundogdu/qwen-ffn-rom/rtl/delta_s_col_ram.v:24$424 (u_pe.banks[6].u_s.mem).
Removed top 28 address bits (of 32) from memory init port gated_delta_d16_fused.$flatten\u_pe.\banks[6].u_s.$meminit$\mem$/Users/toprakgundogdu/qwen-ffn-rom/rtl/delta_s_col_ram.v:24$423 (u_pe.banks[6].u_s.mem).
Removed top 28 address bits (of 32) from memory init port gated_delta_d16_fused.$flatten\u_pe.\banks[6].u_s.$meminit$\mem$/Users/toprakgundogdu/qwen-ffn-rom/rtl/delta_s_col_ram.v:24$422 (u_pe.banks[6].u_s.mem).
Removed top 28 address bits (of 32) from memory init port gated_delta_d16_fused.$flatten\u_pe.\banks[6].u_s.$meminit$\mem$/Users/toprakgundogdu/qwen-ffn-rom/rtl/delta_s_col_ram.v:24$421 (u_pe.banks[6].u_s.mem).
Removed top 28 address bits (of 32) from memory init port gated_delta_d16_fused.$flatten\u_pe.\banks[6].u_s.$meminit$\mem$/Users/toprakgundogdu/qwen-ffn-rom/rtl/delta_s_col_ram.v:24$420 (u_pe.banks[6].u_s.mem).
Removed top 28 address bits (of 32) from memory init port gated_delta_d16_fused.$flatten\u_pe.\banks[6].u_s.$meminit$\mem$/Users/toprakgundogdu/qwen-ffn-rom/rtl/delta_s_col_ram.v:24$419 (u_pe.banks[6].u_s.mem).
Removed top 28 address bits (of 32) from memory init port gated_delta_d16_fused.$flatten\u_pe.\banks[6].u_s.$meminit$\mem$/Users/toprakgundogdu/qwen-ffn-rom/rtl/delta_s_col_ram.v:24$418 (u_pe.banks[6].u_s.mem).
Removed top 28 address bits (of 32) from memory init port gated_delta_d16_fused.$flatten\u_pe.\banks[6].u_s.$meminit$\mem$/Users/toprakgundogdu/qwen-ffn-rom/rtl/delta_s_col_ram.v:24$417 (u_pe.banks[6].u_s.mem).
Removed top 28 address bits (of 32) from memory init port gated_delta_d16_fused.$flatten\u_pe.\banks[6].u_s.$meminit$\mem$/Users/toprakgundogdu/qwen-ffn-rom/rtl/delta_s_col_ram.v:24$416 (u_pe.banks[6].u_s.mem).
Removed top 28 address bits (of 32) from memory init port gated_delta_d16_fused.$flatten\u_pe.\banks[6].u_s.$meminit$\mem$/Users/toprakgundogdu/qwen-ffn-rom/rtl/delta_s_col_ram.v:24$415 (u_pe.banks[6].u_s.mem).
Removed top 28 address bits (of 32) from memory init port gated_delta_d16_fused.$flatten\u_pe.\banks[6].u_s.$meminit$\mem$/Users/toprakgundogdu/qwen-ffn-rom/rtl/delta_s_col_ram.v:24$414 (u_pe.banks[6].u_s.mem).
Removed top 28 address bits (of 32) from memory init port gated_delta_d16_fused.$flatten\u_pe.\banks[7].u_s.$meminit$\mem$/Users/toprakgundogdu/qwen-ffn-rom/rtl/delta_s_col_ram.v:24$429 (u_pe.banks[7].u_s.mem).
Removed top 28 address bits (of 32) from memory init port gated_delta_d16_fused.$flatten\u_pe.\banks[7].u_s.$meminit$\mem$/Users/toprakgundogdu/qwen-ffn-rom/rtl/delta_s_col_ram.v:24$428 (u_pe.banks[7].u_s.mem).
Removed top 28 address bits (of 32) from memory init port gated_delta_d16_fused.$flatten\u_pe.\banks[7].u_s.$meminit$\mem$/Users/toprakgundogdu/qwen-ffn-rom/rtl/delta_s_col_ram.v:24$427 (u_pe.banks[7].u_s.mem).
Removed top 28 address bits (of 32) from memory init port gated_delta_d16_fused.$flatten\u_pe.\banks[7].u_s.$meminit$\mem$/Users/toprakgundogdu/qwen-ffn-rom/rtl/delta_s_col_ram.v:24$426 (u_pe.banks[7].u_s.mem).
Removed top 28 address bits (of 32) from memory init port gated_delta_d16_fused.$flatten\u_pe.\banks[7].u_s.$meminit$\mem$/Users/toprakgundogdu/qwen-ffn-rom/rtl/delta_s_col_ram.v:24$425 (u_pe.banks[7].u_s.mem).
Removed top 28 address bits (of 32) from memory init port gated_delta_d16_fused.$flatten\u_pe.\banks[7].u_s.$meminit$\mem$/Users/toprakgundogdu/qwen-ffn-rom/rtl/delta_s_col_ram.v:24$424 (u_pe.banks[7].u_s.mem).
Removed top 28 address bits (of 32) from memory init port gated_delta_d16_fused.$flatten\u_pe.\banks[7].u_s.$meminit$\mem$/Users/toprakgundogdu/qwen-ffn-rom/rtl/delta_s_col_ram.v:24$423 (u_pe.banks[7].u_s.mem).
Removed top 28 address bits (of 32) from memory init port gated_delta_d16_fused.$flatten\u_pe.\banks[7].u_s.$meminit$\mem$/Users/toprakgundogdu/qwen-ffn-rom/rtl/delta_s_col_ram.v:24$422 (u_pe.banks[7].u_s.mem).
Removed top 28 address bits (of 32) from memory init port gated_delta_d16_fused.$flatten\u_pe.\banks[7].u_s.$meminit$\mem$/Users/toprakgundogdu/qwen-ffn-rom/rtl/delta_s_col_ram.v:24$421 (u_pe.banks[7].u_s.mem).
Removed top 28 address bits (of 32) from memory init port gated_delta_d16_fused.$flatten\u_pe.\banks[7].u_s.$meminit$\mem$/Users/toprakgundogdu/qwen-ffn-rom/rtl/delta_s_col_ram.v:24$420 (u_pe.banks[7].u_s.mem).
Removed top 28 address bits (of 32) from memory init port gated_delta_d16_fused.$flatten\u_pe.\banks[7].u_s.$meminit$\mem$/Users/toprakgundogdu/qwen-ffn-rom/rtl/delta_s_col_ram.v:24$419 (u_pe.banks[7].u_s.mem).
Removed top 28 address bits (of 32) from memory init port gated_delta_d16_fused.$flatten\u_pe.\banks[7].u_s.$meminit$\mem$/Users/toprakgundogdu/qwen-ffn-rom/rtl/delta_s_col_ram.v:24$418 (u_pe.banks[7].u_s.mem).
Removed top 28 address bits (of 32) from memory init port gated_delta_d16_fused.$flatten\u_pe.\banks[7].u_s.$meminit$\mem$/Users/toprakgundogdu/qwen-ffn-rom/rtl/delta_s_col_ram.v:24$417 (u_pe.banks[7].u_s.mem).
Removed top 28 address bits (of 32) from memory init port gated_delta_d16_fused.$flatten\u_pe.\banks[7].u_s.$meminit$\mem$/Users/toprakgundogdu/qwen-ffn-rom/rtl/delta_s_col_ram.v:24$416 (u_pe.banks[7].u_s.mem).
Removed top 28 address bits (of 32) from memory init port gated_delta_d16_fused.$flatten\u_pe.\banks[7].u_s.$meminit$\mem$/Users/toprakgundogdu/qwen-ffn-rom/rtl/delta_s_col_ram.v:24$415 (u_pe.banks[7].u_s.mem).
Removed top 28 address bits (of 32) from memory init port gated_delta_d16_fused.$flatten\u_pe.\banks[7].u_s.$meminit$\mem$/Users/toprakgundogdu/qwen-ffn-rom/rtl/delta_s_col_ram.v:24$414 (u_pe.banks[7].u_s.mem).
Removed top 28 address bits (of 32) from memory init port gated_delta_d16_fused.$flatten\u_pe.\banks[8].u_s.$meminit$\mem$/Users/toprakgundogdu/qwen-ffn-rom/rtl/delta_s_col_ram.v:24$429 (u_pe.banks[8].u_s.mem).
Removed top 28 address bits (of 32) from memory init port gated_delta_d16_fused.$flatten\u_pe.\banks[8].u_s.$meminit$\mem$/Users/toprakgundogdu/qwen-ffn-rom/rtl/delta_s_col_ram.v:24$428 (u_pe.banks[8].u_s.mem).
Removed top 28 address bits (of 32) from memory init port gated_delta_d16_fused.$flatten\u_pe.\banks[8].u_s.$meminit$\mem$/Users/toprakgundogdu/qwen-ffn-rom/rtl/delta_s_col_ram.v:24$427 (u_pe.banks[8].u_s.mem).
Removed top 28 address bits (of 32) from memory init port gated_delta_d16_fused.$flatten\u_pe.\banks[8].u_s.$meminit$\mem$/Users/toprakgundogdu/qwen-ffn-rom/rtl/delta_s_col_ram.v:24$426 (u_pe.banks[8].u_s.mem).
Removed top 28 address bits (of 32) from memory init port gated_delta_d16_fused.$flatten\u_pe.\banks[8].u_s.$meminit$\mem$/Users/toprakgundogdu/qwen-ffn-rom/rtl/delta_s_col_ram.v:24$425 (u_pe.banks[8].u_s.mem).
Removed top 28 address bits (of 32) from memory init port gated_delta_d16_fused.$flatten\u_pe.\banks[8].u_s.$meminit$\mem$/Users/toprakgundogdu/qwen-ffn-rom/rtl/delta_s_col_ram.v:24$424 (u_pe.banks[8].u_s.mem).
Removed top 28 address bits (of 32) from memory init port gated_delta_d16_fused.$flatten\u_pe.\banks[8].u_s.$meminit$\mem$/Users/toprakgundogdu/qwen-ffn-rom/rtl/delta_s_col_ram.v:24$423 (u_pe.banks[8].u_s.mem).
Removed top 28 address bits (of 32) from memory init port gated_delta_d16_fused.$flatten\u_pe.\banks[8].u_s.$meminit$\mem$/Users/toprakgundogdu/qwen-ffn-rom/rtl/delta_s_col_ram.v:24$422 (u_pe.banks[8].u_s.mem).
Removed top 28 address bits (of 32) from memory init port gated_delta_d16_fused.$flatten\u_pe.\banks[8].u_s.$meminit$\mem$/Users/toprakgundogdu/qwen-ffn-rom/rtl/delta_s_col_ram.v:24$421 (u_pe.banks[8].u_s.mem).
Removed top 28 address bits (of 32) from memory init port gated_delta_d16_fused.$flatten\u_pe.\banks[8].u_s.$meminit$\mem$/Users/toprakgundogdu/qwen-ffn-rom/rtl/delta_s_col_ram.v:24$420 (u_pe.banks[8].u_s.mem).
Removed top 28 address bits (of 32) from memory init port gated_delta_d16_fused.$flatten\u_pe.\banks[8].u_s.$meminit$\mem$/Users/toprakgundogdu/qwen-ffn-rom/rtl/delta_s_col_ram.v:24$419 (u_pe.banks[8].u_s.mem).
Removed top 28 address bits (of 32) from memory init port gated_delta_d16_fused.$flatten\u_pe.\banks[8].u_s.$meminit$\mem$/Users/toprakgundogdu/qwen-ffn-rom/rtl/delta_s_col_ram.v:24$418 (u_pe.banks[8].u_s.mem).
Removed top 28 address bits (of 32) from memory init port gated_delta_d16_fused.$flatten\u_pe.\banks[8].u_s.$meminit$\mem$/Users/toprakgundogdu/qwen-ffn-rom/rtl/delta_s_col_ram.v:24$417 (u_pe.banks[8].u_s.mem).
Removed top 28 address bits (of 32) from memory init port gated_delta_d16_fused.$flatten\u_pe.\banks[8].u_s.$meminit$\mem$/Users/toprakgundogdu/qwen-ffn-rom/rtl/delta_s_col_ram.v:24$416 (u_pe.banks[8].u_s.mem).
Removed top 28 address bits (of 32) from memory init port gated_delta_d16_fused.$flatten\u_pe.\banks[8].u_s.$meminit$\mem$/Users/toprakgundogdu/qwen-ffn-rom/rtl/delta_s_col_ram.v:24$415 (u_pe.banks[8].u_s.mem).
Removed top 28 address bits (of 32) from memory init port gated_delta_d16_fused.$flatten\u_pe.\banks[8].u_s.$meminit$\mem$/Users/toprakgundogdu/qwen-ffn-rom/rtl/delta_s_col_ram.v:24$414 (u_pe.banks[8].u_s.mem).
Removed top 28 address bits (of 32) from memory init port gated_delta_d16_fused.$flatten\u_pe.\banks[9].u_s.$meminit$\mem$/Users/toprakgundogdu/qwen-ffn-rom/rtl/delta_s_col_ram.v:24$429 (u_pe.banks[9].u_s.mem).
Removed top 28 address bits (of 32) from memory init port gated_delta_d16_fused.$flatten\u_pe.\banks[9].u_s.$meminit$\mem$/Users/toprakgundogdu/qwen-ffn-rom/rtl/delta_s_col_ram.v:24$428 (u_pe.banks[9].u_s.mem).
Removed top 28 address bits (of 32) from memory init port gated_delta_d16_fused.$flatten\u_pe.\banks[9].u_s.$meminit$\mem$/Users/toprakgundogdu/qwen-ffn-rom/rtl/delta_s_col_ram.v:24$427 (u_pe.banks[9].u_s.mem).
Removed top 28 address bits (of 32) from memory init port gated_delta_d16_fused.$flatten\u_pe.\banks[9].u_s.$meminit$\mem$/Users/toprakgundogdu/qwen-ffn-rom/rtl/delta_s_col_ram.v:24$426 (u_pe.banks[9].u_s.mem).
Removed top 28 address bits (of 32) from memory init port gated_delta_d16_fused.$flatten\u_pe.\banks[9].u_s.$meminit$\mem$/Users/toprakgundogdu/qwen-ffn-rom/rtl/delta_s_col_ram.v:24$425 (u_pe.banks[9].u_s.mem).
Removed top 28 address bits (of 32) from memory init port gated_delta_d16_fused.$flatten\u_pe.\banks[9].u_s.$meminit$\mem$/Users/toprakgundogdu/qwen-ffn-rom/rtl/delta_s_col_ram.v:24$424 (u_pe.banks[9].u_s.mem).
Removed top 28 address bits (of 32) from memory init port gated_delta_d16_fused.$flatten\u_pe.\banks[9].u_s.$meminit$\mem$/Users/toprakgundogdu/qwen-ffn-rom/rtl/delta_s_col_ram.v:24$423 (u_pe.banks[9].u_s.mem).
Removed top 28 address bits (of 32) from memory init port gated_delta_d16_fused.$flatten\u_pe.\banks[9].u_s.$meminit$\mem$/Users/toprakgundogdu/qwen-ffn-rom/rtl/delta_s_col_ram.v:24$422 (u_pe.banks[9].u_s.mem).
Removed top 28 address bits (of 32) from memory init port gated_delta_d16_fused.$flatten\u_pe.\banks[9].u_s.$meminit$\mem$/Users/toprakgundogdu/qwen-ffn-rom/rtl/delta_s_col_ram.v:24$421 (u_pe.banks[9].u_s.mem).
Removed top 28 address bits (of 32) from memory init port gated_delta_d16_fused.$flatten\u_pe.\banks[9].u_s.$meminit$\mem$/Users/toprakgundogdu/qwen-ffn-rom/rtl/delta_s_col_ram.v:24$420 (u_pe.banks[9].u_s.mem).
Removed top 28 address bits (of 32) from memory init port gated_delta_d16_fused.$flatten\u_pe.\banks[9].u_s.$meminit$\mem$/Users/toprakgundogdu/qwen-ffn-rom/rtl/delta_s_col_ram.v:24$419 (u_pe.banks[9].u_s.mem).
Removed top 28 address bits (of 32) from memory init port gated_delta_d16_fused.$flatten\u_pe.\banks[9].u_s.$meminit$\mem$/Users/toprakgundogdu/qwen-ffn-rom/rtl/delta_s_col_ram.v:24$418 (u_pe.banks[9].u_s.mem).
Removed top 28 address bits (of 32) from memory init port gated_delta_d16_fused.$flatten\u_pe.\banks[9].u_s.$meminit$\mem$/Users/toprakgundogdu/qwen-ffn-rom/rtl/delta_s_col_ram.v:24$417 (u_pe.banks[9].u_s.mem).
Removed top 28 address bits (of 32) from memory init port gated_delta_d16_fused.$flatten\u_pe.\banks[9].u_s.$meminit$\mem$/Users/toprakgundogdu/qwen-ffn-rom/rtl/delta_s_col_ram.v:24$416 (u_pe.banks[9].u_s.mem).
Removed top 28 address bits (of 32) from memory init port gated_delta_d16_fused.$flatten\u_pe.\banks[9].u_s.$meminit$\mem$/Users/toprakgundogdu/qwen-ffn-rom/rtl/delta_s_col_ram.v:24$415 (u_pe.banks[9].u_s.mem).
Removed top 28 address bits (of 32) from memory init port gated_delta_d16_fused.$flatten\u_pe.\banks[9].u_s.$meminit$\mem$/Users/toprakgundogdu/qwen-ffn-rom/rtl/delta_s_col_ram.v:24$414 (u_pe.banks[9].u_s.mem).
Removed top 28 address bits (of 32) from memory init port gated_delta_d16_fused.$flatten\u_pe.\banks[10].u_s.$meminit$\mem$/Users/toprakgundogdu/qwen-ffn-rom/rtl/delta_s_col_ram.v:24$429 (u_pe.banks[10].u_s.mem).
Removed top 28 address bits (of 32) from memory init port gated_delta_d16_fused.$flatten\u_pe.\banks[10].u_s.$meminit$\mem$/Users/toprakgundogdu/qwen-ffn-rom/rtl/delta_s_col_ram.v:24$428 (u_pe.banks[10].u_s.mem).
Removed top 28 address bits (of 32) from memory init port gated_delta_d16_fused.$flatten\u_pe.\banks[10].u_s.$meminit$\mem$/Users/toprakgundogdu/qwen-ffn-rom/rtl/delta_s_col_ram.v:24$427 (u_pe.banks[10].u_s.mem).
Removed top 28 address bits (of 32) from memory init port gated_delta_d16_fused.$flatten\u_pe.\banks[10].u_s.$meminit$\mem$/Users/toprakgundogdu/qwen-ffn-rom/rtl/delta_s_col_ram.v:24$426 (u_pe.banks[10].u_s.mem).
Removed top 28 address bits (of 32) from memory init port gated_delta_d16_fused.$flatten\u_pe.\banks[10].u_s.$meminit$\mem$/Users/toprakgundogdu/qwen-ffn-rom/rtl/delta_s_col_ram.v:24$425 (u_pe.banks[10].u_s.mem).
Removed top 28 address bits (of 32) from memory init port gated_delta_d16_fused.$flatten\u_pe.\banks[10].u_s.$meminit$\mem$/Users/toprakgundogdu/qwen-ffn-rom/rtl/delta_s_col_ram.v:24$424 (u_pe.banks[10].u_s.mem).
Removed top 28 address bits (of 32) from memory init port gated_delta_d16_fused.$flatten\u_pe.\banks[10].u_s.$meminit$\mem$/Users/toprakgundogdu/qwen-ffn-rom/rtl/delta_s_col_ram.v:24$423 (u_pe.banks[10].u_s.mem).
Removed top 28 address bits (of 32) from memory init port gated_delta_d16_fused.$flatten\u_pe.\banks[10].u_s.$meminit$\mem$/Users/toprakgundogdu/qwen-ffn-rom/rtl/delta_s_col_ram.v:24$422 (u_pe.banks[10].u_s.mem).
Removed top 28 address bits (of 32) from memory init port gated_delta_d16_fused.$flatten\u_pe.\banks[10].u_s.$meminit$\mem$/Users/toprakgundogdu/qwen-ffn-rom/rtl/delta_s_col_ram.v:24$421 (u_pe.banks[10].u_s.mem).
Removed top 28 address bits (of 32) from memory init port gated_delta_d16_fused.$flatten\u_pe.\banks[10].u_s.$meminit$\mem$/Users/toprakgundogdu/qwen-ffn-rom/rtl/delta_s_col_ram.v:24$420 (u_pe.banks[10].u_s.mem).
Removed top 28 address bits (of 32) from memory init port gated_delta_d16_fused.$flatten\u_pe.\banks[10].u_s.$meminit$\mem$/Users/toprakgundogdu/qwen-ffn-rom/rtl/delta_s_col_ram.v:24$419 (u_pe.banks[10].u_s.mem).
Removed top 28 address bits (of 32) from memory init port gated_delta_d16_fused.$flatten\u_pe.\banks[10].u_s.$meminit$\mem$/Users/toprakgundogdu/qwen-ffn-rom/rtl/delta_s_col_ram.v:24$418 (u_pe.banks[10].u_s.mem).
Removed top 28 address bits (of 32) from memory init port gated_delta_d16_fused.$flatten\u_pe.\banks[10].u_s.$meminit$\mem$/Users/toprakgundogdu/qwen-ffn-rom/rtl/delta_s_col_ram.v:24$417 (u_pe.banks[10].u_s.mem).
Removed top 28 address bits (of 32) from memory init port gated_delta_d16_fused.$flatten\u_pe.\banks[10].u_s.$meminit$\mem$/Users/toprakgundogdu/qwen-ffn-rom/rtl/delta_s_col_ram.v:24$416 (u_pe.banks[10].u_s.mem).
Removed top 28 address bits (of 32) from memory init port gated_delta_d16_fused.$flatten\u_pe.\banks[10].u_s.$meminit$\mem$/Users/toprakgundogdu/qwen-ffn-rom/rtl/delta_s_col_ram.v:24$415 (u_pe.banks[10].u_s.mem).
Removed top 28 address bits (of 32) from memory init port gated_delta_d16_fused.$flatten\u_pe.\banks[10].u_s.$meminit$\mem$/Users/toprakgundogdu/qwen-ffn-rom/rtl/delta_s_col_ram.v:24$414 (u_pe.banks[10].u_s.mem).
Removed top 28 address bits (of 32) from memory init port gated_delta_d16_fused.$flatten\u_pe.\banks[11].u_s.$meminit$\mem$/Users/toprakgundogdu/qwen-ffn-rom/rtl/delta_s_col_ram.v:24$429 (u_pe.banks[11].u_s.mem).
Removed top 28 address bits (of 32) from memory init port gated_delta_d16_fused.$flatten\u_pe.\banks[11].u_s.$meminit$\mem$/Users/toprakgundogdu/qwen-ffn-rom/rtl/delta_s_col_ram.v:24$428 (u_pe.banks[11].u_s.mem).
Removed top 28 address bits (of 32) from memory init port gated_delta_d16_fused.$flatten\u_pe.\banks[11].u_s.$meminit$\mem$/Users/toprakgundogdu/qwen-ffn-rom/rtl/delta_s_col_ram.v:24$427 (u_pe.banks[11].u_s.mem).
Removed top 28 address bits (of 32) from memory init port gated_delta_d16_fused.$flatten\u_pe.\banks[11].u_s.$meminit$\mem$/Users/toprakgundogdu/qwen-ffn-rom/rtl/delta_s_col_ram.v:24$426 (u_pe.banks[11].u_s.mem).
Removed top 28 address bits (of 32) from memory init port gated_delta_d16_fused.$flatten\u_pe.\banks[11].u_s.$meminit$\mem$/Users/toprakgundogdu/qwen-ffn-rom/rtl/delta_s_col_ram.v:24$425 (u_pe.banks[11].u_s.mem).
Removed top 28 address bits (of 32) from memory init port gated_delta_d16_fused.$flatten\u_pe.\banks[11].u_s.$meminit$\mem$/Users/toprakgundogdu/qwen-ffn-rom/rtl/delta_s_col_ram.v:24$424 (u_pe.banks[11].u_s.mem).
Removed top 28 address bits (of 32) from memory init port gated_delta_d16_fused.$flatten\u_pe.\banks[11].u_s.$meminit$\mem$/Users/toprakgundogdu/qwen-ffn-rom/rtl/delta_s_col_ram.v:24$423 (u_pe.banks[11].u_s.mem).
Removed top 28 address bits (of 32) from memory init port gated_delta_d16_fused.$flatten\u_pe.\banks[11].u_s.$meminit$\mem$/Users/toprakgundogdu/qwen-ffn-rom/rtl/delta_s_col_ram.v:24$422 (u_pe.banks[11].u_s.mem).
Removed top 28 address bits (of 32) from memory init port gated_delta_d16_fused.$flatten\u_pe.\banks[11].u_s.$meminit$\mem$/Users/toprakgundogdu/qwen-ffn-rom/rtl/delta_s_col_ram.v:24$421 (u_pe.banks[11].u_s.mem).
Removed top 28 address bits (of 32) from memory init port gated_delta_d16_fused.$flatten\u_pe.\banks[11].u_s.$meminit$\mem$/Users/toprakgundogdu/qwen-ffn-rom/rtl/delta_s_col_ram.v:24$420 (u_pe.banks[11].u_s.mem).
Removed top 28 address bits (of 32) from memory init port gated_delta_d16_fused.$flatten\u_pe.\banks[11].u_s.$meminit$\mem$/Users/toprakgundogdu/qwen-ffn-rom/rtl/delta_s_col_ram.v:24$419 (u_pe.banks[11].u_s.mem).
Removed top 28 address bits (of 32) from memory init port gated_delta_d16_fused.$flatten\u_pe.\banks[11].u_s.$meminit$\mem$/Users/toprakgundogdu/qwen-ffn-rom/rtl/delta_s_col_ram.v:24$418 (u_pe.banks[11].u_s.mem).
Removed top 28 address bits (of 32) from memory init port gated_delta_d16_fused.$flatten\u_pe.\banks[11].u_s.$meminit$\mem$/Users/toprakgundogdu/qwen-ffn-rom/rtl/delta_s_col_ram.v:24$417 (u_pe.banks[11].u_s.mem).
Removed top 28 address bits (of 32) from memory init port gated_delta_d16_fused.$flatten\u_pe.\banks[11].u_s.$meminit$\mem$/Users/toprakgundogdu/qwen-ffn-rom/rtl/delta_s_col_ram.v:24$416 (u_pe.banks[11].u_s.mem).
Removed top 28 address bits (of 32) from memory init port gated_delta_d16_fused.$flatten\u_pe.\banks[11].u_s.$meminit$\mem$/Users/toprakgundogdu/qwen-ffn-rom/rtl/delta_s_col_ram.v:24$415 (u_pe.banks[11].u_s.mem).
Removed top 28 address bits (of 32) from memory init port gated_delta_d16_fused.$flatten\u_pe.\banks[11].u_s.$meminit$\mem$/Users/toprakgundogdu/qwen-ffn-rom/rtl/delta_s_col_ram.v:24$414 (u_pe.banks[11].u_s.mem).
Removed top 28 address bits (of 32) from memory init port gated_delta_d16_fused.$flatten\u_pe.\banks[12].u_s.$meminit$\mem$/Users/toprakgundogdu/qwen-ffn-rom/rtl/delta_s_col_ram.v:24$429 (u_pe.banks[12].u_s.mem).
Removed top 28 address bits (of 32) from memory init port gated_delta_d16_fused.$flatten\u_pe.\banks[12].u_s.$meminit$\mem$/Users/toprakgundogdu/qwen-ffn-rom/rtl/delta_s_col_ram.v:24$428 (u_pe.banks[12].u_s.mem).
Removed top 28 address bits (of 32) from memory init port gated_delta_d16_fused.$flatten\u_pe.\banks[12].u_s.$meminit$\mem$/Users/toprakgundogdu/qwen-ffn-rom/rtl/delta_s_col_ram.v:24$427 (u_pe.banks[12].u_s.mem).
Removed top 28 address bits (of 32) from memory init port gated_delta_d16_fused.$flatten\u_pe.\banks[12].u_s.$meminit$\mem$/Users/toprakgundogdu/qwen-ffn-rom/rtl/delta_s_col_ram.v:24$426 (u_pe.banks[12].u_s.mem).
Removed top 28 address bits (of 32) from memory init port gated_delta_d16_fused.$flatten\u_pe.\banks[12].u_s.$meminit$\mem$/Users/toprakgundogdu/qwen-ffn-rom/rtl/delta_s_col_ram.v:24$425 (u_pe.banks[12].u_s.mem).
Removed top 28 address bits (of 32) from memory init port gated_delta_d16_fused.$flatten\u_pe.\banks[12].u_s.$meminit$\mem$/Users/toprakgundogdu/qwen-ffn-rom/rtl/delta_s_col_ram.v:24$424 (u_pe.banks[12].u_s.mem).
Removed top 28 address bits (of 32) from memory init port gated_delta_d16_fused.$flatten\u_pe.\banks[12].u_s.$meminit$\mem$/Users/toprakgundogdu/qwen-ffn-rom/rtl/delta_s_col_ram.v:24$423 (u_pe.banks[12].u_s.mem).
Removed top 28 address bits (of 32) from memory init port gated_delta_d16_fused.$flatten\u_pe.\banks[12].u_s.$meminit$\mem$/Users/toprakgundogdu/qwen-ffn-rom/rtl/delta_s_col_ram.v:24$422 (u_pe.banks[12].u_s.mem).
Removed top 28 address bits (of 32) from memory init port gated_delta_d16_fused.$flatten\u_pe.\banks[12].u_s.$meminit$\mem$/Users/toprakgundogdu/qwen-ffn-rom/rtl/delta_s_col_ram.v:24$421 (u_pe.banks[12].u_s.mem).
Removed top 28 address bits (of 32) from memory init port gated_delta_d16_fused.$flatten\u_pe.\banks[12].u_s.$meminit$\mem$/Users/toprakgundogdu/qwen-ffn-rom/rtl/delta_s_col_ram.v:24$420 (u_pe.banks[12].u_s.mem).
Removed top 28 address bits (of 32) from memory init port gated_delta_d16_fused.$flatten\u_pe.\banks[12].u_s.$meminit$\mem$/Users/toprakgundogdu/qwen-ffn-rom/rtl/delta_s_col_ram.v:24$419 (u_pe.banks[12].u_s.mem).
Removed top 28 address bits (of 32) from memory init port gated_delta_d16_fused.$flatten\u_pe.\banks[12].u_s.$meminit$\mem$/Users/toprakgundogdu/qwen-ffn-rom/rtl/delta_s_col_ram.v:24$418 (u_pe.banks[12].u_s.mem).
Removed top 28 address bits (of 32) from memory init port gated_delta_d16_fused.$flatten\u_pe.\banks[12].u_s.$meminit$\mem$/Users/toprakgundogdu/qwen-ffn-rom/rtl/delta_s_col_ram.v:24$417 (u_pe.banks[12].u_s.mem).
Removed top 28 address bits (of 32) from memory init port gated_delta_d16_fused.$flatten\u_pe.\banks[12].u_s.$meminit$\mem$/Users/toprakgundogdu/qwen-ffn-rom/rtl/delta_s_col_ram.v:24$416 (u_pe.banks[12].u_s.mem).
Removed top 28 address bits (of 32) from memory init port gated_delta_d16_fused.$flatten\u_pe.\banks[12].u_s.$meminit$\mem$/Users/toprakgundogdu/qwen-ffn-rom/rtl/delta_s_col_ram.v:24$415 (u_pe.banks[12].u_s.mem).
Removed top 28 address bits (of 32) from memory init port gated_delta_d16_fused.$flatten\u_pe.\banks[12].u_s.$meminit$\mem$/Users/toprakgundogdu/qwen-ffn-rom/rtl/delta_s_col_ram.v:24$414 (u_pe.banks[12].u_s.mem).
Removed top 28 address bits (of 32) from memory init port gated_delta_d16_fused.$flatten\u_pe.\banks[13].u_s.$meminit$\mem$/Users/toprakgundogdu/qwen-ffn-rom/rtl/delta_s_col_ram.v:24$429 (u_pe.banks[13].u_s.mem).
Removed top 28 address bits (of 32) from memory init port gated_delta_d16_fused.$flatten\u_pe.\banks[13].u_s.$meminit$\mem$/Users/toprakgundogdu/qwen-ffn-rom/rtl/delta_s_col_ram.v:24$428 (u_pe.banks[13].u_s.mem).
Removed top 28 address bits (of 32) from memory init port gated_delta_d16_fused.$flatten\u_pe.\banks[13].u_s.$meminit$\mem$/Users/toprakgundogdu/qwen-ffn-rom/rtl/delta_s_col_ram.v:24$427 (u_pe.banks[13].u_s.mem).
Removed top 28 address bits (of 32) from memory init port gated_delta_d16_fused.$flatten\u_pe.\banks[13].u_s.$meminit$\mem$/Users/toprakgundogdu/qwen-ffn-rom/rtl/delta_s_col_ram.v:24$426 (u_pe.banks[13].u_s.mem).
Removed top 28 address bits (of 32) from memory init port gated_delta_d16_fused.$flatten\u_pe.\banks[13].u_s.$meminit$\mem$/Users/toprakgundogdu/qwen-ffn-rom/rtl/delta_s_col_ram.v:24$425 (u_pe.banks[13].u_s.mem).
Removed top 28 address bits (of 32) from memory init port gated_delta_d16_fused.$flatten\u_pe.\banks[13].u_s.$meminit$\mem$/Users/toprakgundogdu/qwen-ffn-rom/rtl/delta_s_col_ram.v:24$424 (u_pe.banks[13].u_s.mem).
Removed top 28 address bits (of 32) from memory init port gated_delta_d16_fused.$flatten\u_pe.\banks[13].u_s.$meminit$\mem$/Users/toprakgundogdu/qwen-ffn-rom/rtl/delta_s_col_ram.v:24$423 (u_pe.banks[13].u_s.mem).
Removed top 28 address bits (of 32) from memory init port gated_delta_d16_fused.$flatten\u_pe.\banks[13].u_s.$meminit$\mem$/Users/toprakgundogdu/qwen-ffn-rom/rtl/delta_s_col_ram.v:24$422 (u_pe.banks[13].u_s.mem).
Removed top 28 address bits (of 32) from memory init port gated_delta_d16_fused.$flatten\u_pe.\banks[13].u_s.$meminit$\mem$/Users/toprakgundogdu/qwen-ffn-rom/rtl/delta_s_col_ram.v:24$421 (u_pe.banks[13].u_s.mem).
Removed top 28 address bits (of 32) from memory init port gated_delta_d16_fused.$flatten\u_pe.\banks[13].u_s.$meminit$\mem$/Users/toprakgundogdu/qwen-ffn-rom/rtl/delta_s_col_ram.v:24$420 (u_pe.banks[13].u_s.mem).
Removed top 28 address bits (of 32) from memory init port gated_delta_d16_fused.$flatten\u_pe.\banks[13].u_s.$meminit$\mem$/Users/toprakgundogdu/qwen-ffn-rom/rtl/delta_s_col_ram.v:24$419 (u_pe.banks[13].u_s.mem).
Removed top 28 address bits (of 32) from memory init port gated_delta_d16_fused.$flatten\u_pe.\banks[13].u_s.$meminit$\mem$/Users/toprakgundogdu/qwen-ffn-rom/rtl/delta_s_col_ram.v:24$418 (u_pe.banks[13].u_s.mem).
Removed top 28 address bits (of 32) from memory init port gated_delta_d16_fused.$flatten\u_pe.\banks[13].u_s.$meminit$\mem$/Users/toprakgundogdu/qwen-ffn-rom/rtl/delta_s_col_ram.v:24$417 (u_pe.banks[13].u_s.mem).
Removed top 28 address bits (of 32) from memory init port gated_delta_d16_fused.$flatten\u_pe.\banks[13].u_s.$meminit$\mem$/Users/toprakgundogdu/qwen-ffn-rom/rtl/delta_s_col_ram.v:24$416 (u_pe.banks[13].u_s.mem).
Removed top 28 address bits (of 32) from memory init port gated_delta_d16_fused.$flatten\u_pe.\banks[13].u_s.$meminit$\mem$/Users/toprakgundogdu/qwen-ffn-rom/rtl/delta_s_col_ram.v:24$415 (u_pe.banks[13].u_s.mem).
Removed top 28 address bits (of 32) from memory init port gated_delta_d16_fused.$flatten\u_pe.\banks[13].u_s.$meminit$\mem$/Users/toprakgundogdu/qwen-ffn-rom/rtl/delta_s_col_ram.v:24$414 (u_pe.banks[13].u_s.mem).
Removed top 28 address bits (of 32) from memory init port gated_delta_d16_fused.$flatten\u_pe.\banks[14].u_s.$meminit$\mem$/Users/toprakgundogdu/qwen-ffn-rom/rtl/delta_s_col_ram.v:24$429 (u_pe.banks[14].u_s.mem).
Removed top 28 address bits (of 32) from memory init port gated_delta_d16_fused.$flatten\u_pe.\banks[14].u_s.$meminit$\mem$/Users/toprakgundogdu/qwen-ffn-rom/rtl/delta_s_col_ram.v:24$428 (u_pe.banks[14].u_s.mem).
Removed top 28 address bits (of 32) from memory init port gated_delta_d16_fused.$flatten\u_pe.\banks[14].u_s.$meminit$\mem$/Users/toprakgundogdu/qwen-ffn-rom/rtl/delta_s_col_ram.v:24$427 (u_pe.banks[14].u_s.mem).
Removed top 28 address bits (of 32) from memory init port gated_delta_d16_fused.$flatten\u_pe.\banks[14].u_s.$meminit$\mem$/Users/toprakgundogdu/qwen-ffn-rom/rtl/delta_s_col_ram.v:24$426 (u_pe.banks[14].u_s.mem).
Removed top 28 address bits (of 32) from memory init port gated_delta_d16_fused.$flatten\u_pe.\banks[14].u_s.$meminit$\mem$/Users/toprakgundogdu/qwen-ffn-rom/rtl/delta_s_col_ram.v:24$425 (u_pe.banks[14].u_s.mem).
Removed top 28 address bits (of 32) from memory init port gated_delta_d16_fused.$flatten\u_pe.\banks[14].u_s.$meminit$\mem$/Users/toprakgundogdu/qwen-ffn-rom/rtl/delta_s_col_ram.v:24$424 (u_pe.banks[14].u_s.mem).
Removed top 28 address bits (of 32) from memory init port gated_delta_d16_fused.$flatten\u_pe.\banks[14].u_s.$meminit$\mem$/Users/toprakgundogdu/qwen-ffn-rom/rtl/delta_s_col_ram.v:24$423 (u_pe.banks[14].u_s.mem).
Removed top 28 address bits (of 32) from memory init port gated_delta_d16_fused.$flatten\u_pe.\banks[14].u_s.$meminit$\mem$/Users/toprakgundogdu/qwen-ffn-rom/rtl/delta_s_col_ram.v:24$422 (u_pe.banks[14].u_s.mem).
Removed top 28 address bits (of 32) from memory init port gated_delta_d16_fused.$flatten\u_pe.\banks[14].u_s.$meminit$\mem$/Users/toprakgundogdu/qwen-ffn-rom/rtl/delta_s_col_ram.v:24$421 (u_pe.banks[14].u_s.mem).
Removed top 28 address bits (of 32) from memory init port gated_delta_d16_fused.$flatten\u_pe.\banks[14].u_s.$meminit$\mem$/Users/toprakgundogdu/qwen-ffn-rom/rtl/delta_s_col_ram.v:24$420 (u_pe.banks[14].u_s.mem).
Removed top 28 address bits (of 32) from memory init port gated_delta_d16_fused.$flatten\u_pe.\banks[14].u_s.$meminit$\mem$/Users/toprakgundogdu/qwen-ffn-rom/rtl/delta_s_col_ram.v:24$419 (u_pe.banks[14].u_s.mem).
Removed top 28 address bits (of 32) from memory init port gated_delta_d16_fused.$flatten\u_pe.\banks[14].u_s.$meminit$\mem$/Users/toprakgundogdu/qwen-ffn-rom/rtl/delta_s_col_ram.v:24$418 (u_pe.banks[14].u_s.mem).
Removed top 28 address bits (of 32) from memory init port gated_delta_d16_fused.$flatten\u_pe.\banks[14].u_s.$meminit$\mem$/Users/toprakgundogdu/qwen-ffn-rom/rtl/delta_s_col_ram.v:24$417 (u_pe.banks[14].u_s.mem).
Removed top 28 address bits (of 32) from memory init port gated_delta_d16_fused.$flatten\u_pe.\banks[14].u_s.$meminit$\mem$/Users/toprakgundogdu/qwen-ffn-rom/rtl/delta_s_col_ram.v:24$416 (u_pe.banks[14].u_s.mem).
Removed top 28 address bits (of 32) from memory init port gated_delta_d16_fused.$flatten\u_pe.\banks[14].u_s.$meminit$\mem$/Users/toprakgundogdu/qwen-ffn-rom/rtl/delta_s_col_ram.v:24$415 (u_pe.banks[14].u_s.mem).
Removed top 28 address bits (of 32) from memory init port gated_delta_d16_fused.$flatten\u_pe.\banks[14].u_s.$meminit$\mem$/Users/toprakgundogdu/qwen-ffn-rom/rtl/delta_s_col_ram.v:24$414 (u_pe.banks[14].u_s.mem).
Removed top 28 address bits (of 32) from memory init port gated_delta_d16_fused.$flatten\u_pe.\banks[15].u_s.$meminit$\mem$/Users/toprakgundogdu/qwen-ffn-rom/rtl/delta_s_col_ram.v:24$429 (u_pe.banks[15].u_s.mem).
Removed top 28 address bits (of 32) from memory init port gated_delta_d16_fused.$flatten\u_pe.\banks[15].u_s.$meminit$\mem$/Users/toprakgundogdu/qwen-ffn-rom/rtl/delta_s_col_ram.v:24$428 (u_pe.banks[15].u_s.mem).
Removed top 28 address bits (of 32) from memory init port gated_delta_d16_fused.$flatten\u_pe.\banks[15].u_s.$meminit$\mem$/Users/toprakgundogdu/qwen-ffn-rom/rtl/delta_s_col_ram.v:24$427 (u_pe.banks[15].u_s.mem).
Removed top 28 address bits (of 32) from memory init port gated_delta_d16_fused.$flatten\u_pe.\banks[15].u_s.$meminit$\mem$/Users/toprakgundogdu/qwen-ffn-rom/rtl/delta_s_col_ram.v:24$426 (u_pe.banks[15].u_s.mem).
Removed top 28 address bits (of 32) from memory init port gated_delta_d16_fused.$flatten\u_pe.\banks[15].u_s.$meminit$\mem$/Users/toprakgundogdu/qwen-ffn-rom/rtl/delta_s_col_ram.v:24$425 (u_pe.banks[15].u_s.mem).
Removed top 28 address bits (of 32) from memory init port gated_delta_d16_fused.$flatten\u_pe.\banks[15].u_s.$meminit$\mem$/Users/toprakgundogdu/qwen-ffn-rom/rtl/delta_s_col_ram.v:24$424 (u_pe.banks[15].u_s.mem).
Removed top 28 address bits (of 32) from memory init port gated_delta_d16_fused.$flatten\u_pe.\banks[15].u_s.$meminit$\mem$/Users/toprakgundogdu/qwen-ffn-rom/rtl/delta_s_col_ram.v:24$423 (u_pe.banks[15].u_s.mem).
Removed top 28 address bits (of 32) from memory init port gated_delta_d16_fused.$flatten\u_pe.\banks[15].u_s.$meminit$\mem$/Users/toprakgundogdu/qwen-ffn-rom/rtl/delta_s_col_ram.v:24$422 (u_pe.banks[15].u_s.mem).
Removed top 28 address bits (of 32) from memory init port gated_delta_d16_fused.$flatten\u_pe.\banks[15].u_s.$meminit$\mem$/Users/toprakgundogdu/qwen-ffn-rom/rtl/delta_s_col_ram.v:24$421 (u_pe.banks[15].u_s.mem).
Removed top 28 address bits (of 32) from memory init port gated_delta_d16_fused.$flatten\u_pe.\banks[15].u_s.$meminit$\mem$/Users/toprakgundogdu/qwen-ffn-rom/rtl/delta_s_col_ram.v:24$420 (u_pe.banks[15].u_s.mem).
Removed top 28 address bits (of 32) from memory init port gated_delta_d16_fused.$flatten\u_pe.\banks[15].u_s.$meminit$\mem$/Users/toprakgundogdu/qwen-ffn-rom/rtl/delta_s_col_ram.v:24$419 (u_pe.banks[15].u_s.mem).
Removed top 28 address bits (of 32) from memory init port gated_delta_d16_fused.$flatten\u_pe.\banks[15].u_s.$meminit$\mem$/Users/toprakgundogdu/qwen-ffn-rom/rtl/delta_s_col_ram.v:24$418 (u_pe.banks[15].u_s.mem).
Removed top 28 address bits (of 32) from memory init port gated_delta_d16_fused.$flatten\u_pe.\banks[15].u_s.$meminit$\mem$/Users/toprakgundogdu/qwen-ffn-rom/rtl/delta_s_col_ram.v:24$417 (u_pe.banks[15].u_s.mem).
Removed top 28 address bits (of 32) from memory init port gated_delta_d16_fused.$flatten\u_pe.\banks[15].u_s.$meminit$\mem$/Users/toprakgundogdu/qwen-ffn-rom/rtl/delta_s_col_ram.v:24$416 (u_pe.banks[15].u_s.mem).
Removed top 28 address bits (of 32) from memory init port gated_delta_d16_fused.$flatten\u_pe.\banks[15].u_s.$meminit$\mem$/Users/toprakgundogdu/qwen-ffn-rom/rtl/delta_s_col_ram.v:24$415 (u_pe.banks[15].u_s.mem).
Removed top 28 address bits (of 32) from memory init port gated_delta_d16_fused.$flatten\u_pe.\banks[15].u_s.$meminit$\mem$/Users/toprakgundogdu/qwen-ffn-rom/rtl/delta_s_col_ram.v:24$414 (u_pe.banks[15].u_s.mem).
Removed top 1 bits (of 2) from port B of cell gated_delta_d16_fused.$auto$fsm_map.cc:77:implement_pattern_cache$2167 ($eq).
Removed top 1 bits (of 2) from port B of cell gated_delta_d16_fused.$auto$fsm_map.cc:77:implement_pattern_cache$2154 ($eq).
Removed top 3 bits (of 4) from port B of cell gated_delta_d16_fused.$flatten\u_pe.$procmux$1189_CMP0 ($eq).
Removed top 2 bits (of 4) from port B of cell gated_delta_d16_fused.$flatten\u_pe.$procmux$1188_CMP0 ($eq).
Removed top 2 bits (of 4) from port B of cell gated_delta_d16_fused.$flatten\u_pe.$procmux$1187_CMP0 ($eq).
Removed top 1 bits (of 4) from port B of cell gated_delta_d16_fused.$flatten\u_pe.$procmux$1186_CMP0 ($eq).
Removed top 1 bits (of 4) from port B of cell gated_delta_d16_fused.$flatten\u_pe.$procmux$1185_CMP0 ($eq).
Removed top 1 bits (of 4) from port B of cell gated_delta_d16_fused.$flatten\u_pe.$procmux$1184_CMP0 ($eq).
Removed top 1 bits (of 4) from port B of cell gated_delta_d16_fused.$flatten\u_pe.$procmux$1183_CMP0 ($eq).
Removed top 16 bits (of 32) from port B of cell gated_delta_d16_fused.$flatten\u_pe.$lt$/Users/toprakgundogdu/qwen-ffn-rom/rtl/gated_delta_fused.v:153$1171 ($lt).
Removed top 16 bits (of 32) from port B of cell gated_delta_d16_fused.$flatten\u_pe.$gt$/Users/toprakgundogdu/qwen-ffn-rom/rtl/gated_delta_fused.v:152$1170 ($gt).
Removed top 16 bits (of 32) from port B of cell gated_delta_d16_fused.$flatten\u_pe.$lt$/Users/toprakgundogdu/qwen-ffn-rom/rtl/gated_delta_fused.v:153$1166 ($lt).
Removed top 16 bits (of 32) from port B of cell gated_delta_d16_fused.$flatten\u_pe.$gt$/Users/toprakgundogdu/qwen-ffn-rom/rtl/gated_delta_fused.v:152$1165 ($gt).
Removed top 16 bits (of 32) from port B of cell gated_delta_d16_fused.$flatten\u_pe.$lt$/Users/toprakgundogdu/qwen-ffn-rom/rtl/gated_delta_fused.v:153$1161 ($lt).
Removed top 16 bits (of 32) from port B of cell gated_delta_d16_fused.$flatten\u_pe.$gt$/Users/toprakgundogdu/qwen-ffn-rom/rtl/gated_delta_fused.v:152$1160 ($gt).
Removed top 16 bits (of 32) from port B of cell gated_delta_d16_fused.$flatten\u_pe.$lt$/Users/toprakgundogdu/qwen-ffn-rom/rtl/gated_delta_fused.v:153$1156 ($lt).
Removed top 16 bits (of 32) from port B of cell gated_delta_d16_fused.$flatten\u_pe.$gt$/Users/toprakgundogdu/qwen-ffn-rom/rtl/gated_delta_fused.v:152$1155 ($gt).
Removed top 16 bits (of 32) from port B of cell gated_delta_d16_fused.$flatten\u_pe.$lt$/Users/toprakgundogdu/qwen-ffn-rom/rtl/gated_delta_fused.v:153$1151 ($lt).
Removed top 16 bits (of 32) from port B of cell gated_delta_d16_fused.$flatten\u_pe.$gt$/Users/toprakgundogdu/qwen-ffn-rom/rtl/gated_delta_fused.v:152$1150 ($gt).
Removed top 16 bits (of 32) from port B of cell gated_delta_d16_fused.$flatten\u_pe.$lt$/Users/toprakgundogdu/qwen-ffn-rom/rtl/gated_delta_fused.v:153$1146 ($lt).
Removed top 16 bits (of 32) from port B of cell gated_delta_d16_fused.$flatten\u_pe.$gt$/Users/toprakgundogdu/qwen-ffn-rom/rtl/gated_delta_fused.v:152$1145 ($gt).
Removed top 16 bits (of 32) from port B of cell gated_delta_d16_fused.$flatten\u_pe.$lt$/Users/toprakgundogdu/qwen-ffn-rom/rtl/gated_delta_fused.v:153$1141 ($lt).
Removed top 16 bits (of 32) from port B of cell gated_delta_d16_fused.$flatten\u_pe.$gt$/Users/toprakgundogdu/qwen-ffn-rom/rtl/gated_delta_fused.v:152$1140 ($gt).
Removed top 16 bits (of 32) from port B of cell gated_delta_d16_fused.$flatten\u_pe.$lt$/Users/toprakgundogdu/qwen-ffn-rom/rtl/gated_delta_fused.v:153$1136 ($lt).
Removed top 16 bits (of 32) from port B of cell gated_delta_d16_fused.$flatten\u_pe.$gt$/Users/toprakgundogdu/qwen-ffn-rom/rtl/gated_delta_fused.v:152$1135 ($gt).
Removed top 16 bits (of 32) from port B of cell gated_delta_d16_fused.$flatten\u_pe.$lt$/Users/toprakgundogdu/qwen-ffn-rom/rtl/gated_delta_fused.v:153$1131 ($lt).
Removed top 16 bits (of 32) from port B of cell gated_delta_d16_fused.$flatten\u_pe.$gt$/Users/toprakgundogdu/qwen-ffn-rom/rtl/gated_delta_fused.v:152$1130 ($gt).
Removed top 16 bits (of 32) from port B of cell gated_delta_d16_fused.$flatten\u_pe.$lt$/Users/toprakgundogdu/qwen-ffn-rom/rtl/gated_delta_fused.v:153$1126 ($lt).
Removed top 16 bits (of 32) from port B of cell gated_delta_d16_fused.$flatten\u_pe.$gt$/Users/toprakgundogdu/qwen-ffn-rom/rtl/gated_delta_fused.v:152$1125 ($gt).
Removed top 16 bits (of 32) from port B of cell gated_delta_d16_fused.$flatten\u_pe.$lt$/Users/toprakgundogdu/qwen-ffn-rom/rtl/gated_delta_fused.v:153$1121 ($lt).
Removed top 16 bits (of 32) from port B of cell gated_delta_d16_fused.$flatten\u_pe.$gt$/Users/toprakgundogdu/qwen-ffn-rom/rtl/gated_delta_fused.v:152$1120 ($gt).
Removed top 16 bits (of 32) from port B of cell gated_delta_d16_fused.$flatten\u_pe.$lt$/Users/toprakgundogdu/qwen-ffn-rom/rtl/gated_delta_fused.v:153$1116 ($lt).
Removed top 16 bits (of 32) from port B of cell gated_delta_d16_fused.$flatten\u_pe.$gt$/Users/toprakgundogdu/qwen-ffn-rom/rtl/gated_delta_fused.v:152$1115 ($gt).
Removed top 16 bits (of 32) from port B of cell gated_delta_d16_fused.$flatten\u_pe.$lt$/Users/toprakgundogdu/qwen-ffn-rom/rtl/gated_delta_fused.v:153$1111 ($lt).
Removed top 16 bits (of 32) from port B of cell gated_delta_d16_fused.$flatten\u_pe.$gt$/Users/toprakgundogdu/qwen-ffn-rom/rtl/gated_delta_fused.v:152$1110 ($gt).
Removed top 16 bits (of 32) from port B of cell gated_delta_d16_fused.$flatten\u_pe.$lt$/Users/toprakgundogdu/qwen-ffn-rom/rtl/gated_delta_fused.v:153$1106 ($lt).
Removed top 16 bits (of 32) from port B of cell gated_delta_d16_fused.$flatten\u_pe.$gt$/Users/toprakgundogdu/qwen-ffn-rom/rtl/gated_delta_fused.v:152$1105 ($gt).
Removed top 16 bits (of 32) from port B of cell gated_delta_d16_fused.$flatten\u_pe.$lt$/Users/toprakgundogdu/qwen-ffn-rom/rtl/gated_delta_fused.v:153$1101 ($lt).
Removed top 16 bits (of 32) from port B of cell gated_delta_d16_fused.$flatten\u_pe.$gt$/Users/toprakgundogdu/qwen-ffn-rom/rtl/gated_delta_fused.v:152$1100 ($gt).
Removed top 16 bits (of 32) from port B of cell gated_delta_d16_fused.$flatten\u_pe.$lt$/Users/toprakgundogdu/qwen-ffn-rom/rtl/gated_delta_fused.v:153$1096 ($lt).
Removed top 16 bits (of 32) from port B of cell gated_delta_d16_fused.$flatten\u_pe.$gt$/Users/toprakgundogdu/qwen-ffn-rom/rtl/gated_delta_fused.v:152$1095 ($gt).
Converting cell gated_delta_d16_fused.$flatten\u_pe.$mul$/Users/toprakgundogdu/qwen-ffn-rom/rtl/gated_delta_fused.v:156$1007 ($mul) from unsigned to signed.
Removed top 16 bits (of 32) from port A of cell gated_delta_d16_fused.$flatten\u_pe.$mul$/Users/toprakgundogdu/qwen-ffn-rom/rtl/gated_delta_fused.v:156$1007 ($mul).
Removed top 24 bits (of 32) from port B of cell gated_delta_d16_fused.$flatten\u_pe.$mul$/Users/toprakgundogdu/qwen-ffn-rom/rtl/gated_delta_fused.v:156$1007 ($mul).
Removed top 8 bits (of 32) from port Y of cell gated_delta_d16_fused.$flatten\u_pe.$mul$/Users/toprakgundogdu/qwen-ffn-rom/rtl/gated_delta_fused.v:156$1007 ($mul).
Converting cell gated_delta_d16_fused.$flatten\u_pe.$add$/Users/toprakgundogdu/qwen-ffn-rom/rtl/gated_delta_fused.v:151$1006 ($add) from unsigned to signed.
Removed top 16 bits (of 32) from port A of cell gated_delta_d16_fused.$flatten\u_pe.$add$/Users/toprakgundogdu/qwen-ffn-rom/rtl/gated_delta_fused.v:151$1006 ($add).
Removed top 8 bits (of 32) from port B of cell gated_delta_d16_fused.$flatten\u_pe.$add$/Users/toprakgundogdu/qwen-ffn-rom/rtl/gated_delta_fused.v:151$1006 ($add).
Removed top 7 bits (of 32) from port Y of cell gated_delta_d16_fused.$flatten\u_pe.$add$/Users/toprakgundogdu/qwen-ffn-rom/rtl/gated_delta_fused.v:151$1006 ($add).
Converting cell gated_delta_d16_fused.$flatten\u_pe.$mul$/Users/toprakgundogdu/qwen-ffn-rom/rtl/gated_delta_fused.v:151$1004 ($mul) from unsigned to signed.
Removed top 24 bits (of 32) from port A of cell gated_delta_d16_fused.$flatten\u_pe.$mul$/Users/toprakgundogdu/qwen-ffn-rom/rtl/gated_delta_fused.v:151$1004 ($mul).
Removed top 8 bits (of 32) from port B of cell gated_delta_d16_fused.$flatten\u_pe.$mul$/Users/toprakgundogdu/qwen-ffn-rom/rtl/gated_delta_fused.v:151$1004 ($mul).
Converting cell gated_delta_d16_fused.$flatten\u_pe.$mul$/Users/toprakgundogdu/qwen-ffn-rom/rtl/gated_delta_fused.v:156$1003 ($mul) from unsigned to signed.
Removed top 16 bits (of 32) from port A of cell gated_delta_d16_fused.$flatten\u_pe.$mul$/Users/toprakgundogdu/qwen-ffn-rom/rtl/gated_delta_fused.v:156$1003 ($mul).
Removed top 24 bits (of 32) from port B of cell gated_delta_d16_fused.$flatten\u_pe.$mul$/Users/toprakgundogdu/qwen-ffn-rom/rtl/gated_delta_fused.v:156$1003 ($mul).
Removed top 8 bits (of 32) from port Y of cell gated_delta_d16_fused.$flatten\u_pe.$mul$/Users/toprakgundogdu/qwen-ffn-rom/rtl/gated_delta_fused.v:156$1003 ($mul).
Converting cell gated_delta_d16_fused.$flatten\u_pe.$add$/Users/toprakgundogdu/qwen-ffn-rom/rtl/gated_delta_fused.v:151$1002 ($add) from unsigned to signed.
Removed top 16 bits (of 32) from port A of cell gated_delta_d16_fused.$flatten\u_pe.$add$/Users/toprakgundogdu/qwen-ffn-rom/rtl/gated_delta_fused.v:151$1002 ($add).
Removed top 8 bits (of 32) from port B of cell gated_delta_d16_fused.$flatten\u_pe.$add$/Users/toprakgundogdu/qwen-ffn-rom/rtl/gated_delta_fused.v:151$1002 ($add).
Removed top 7 bits (of 32) from port Y of cell gated_delta_d16_fused.$flatten\u_pe.$add$/Users/toprakgundogdu/qwen-ffn-rom/rtl/gated_delta_fused.v:151$1002 ($add).
Converting cell gated_delta_d16_fused.$flatten\u_pe.$mul$/Users/toprakgundogdu/qwen-ffn-rom/rtl/gated_delta_fused.v:151$1000 ($mul) from unsigned to signed.
Removed top 24 bits (of 32) from port A of cell gated_delta_d16_fused.$flatten\u_pe.$mul$/Users/toprakgundogdu/qwen-ffn-rom/rtl/gated_delta_fused.v:151$1000 ($mul).
Removed top 8 bits (of 32) from port B of cell gated_delta_d16_fused.$flatten\u_pe.$mul$/Users/toprakgundogdu/qwen-ffn-rom/rtl/gated_delta_fused.v:151$1000 ($mul).
Converting cell gated_delta_d16_fused.$flatten\u_pe.$mul$/Users/toprakgundogdu/qwen-ffn-rom/rtl/gated_delta_fused.v:156$999 ($mul) from unsigned to signed.
Removed top 16 bits (of 32) from port A of cell gated_delta_d16_fused.$flatten\u_pe.$mul$/Users/toprakgundogdu/qwen-ffn-rom/rtl/gated_delta_fused.v:156$999 ($mul).
Removed top 24 bits (of 32) from port B of cell gated_delta_d16_fused.$flatten\u_pe.$mul$/Users/toprakgundogdu/qwen-ffn-rom/rtl/gated_delta_fused.v:156$999 ($mul).
Removed top 8 bits (of 32) from port Y of cell gated_delta_d16_fused.$flatten\u_pe.$mul$/Users/toprakgundogdu/qwen-ffn-rom/rtl/gated_delta_fused.v:156$999 ($mul).
Converting cell gated_delta_d16_fused.$flatten\u_pe.$add$/Users/toprakgundogdu/qwen-ffn-rom/rtl/gated_delta_fused.v:151$998 ($add) from unsigned to signed.
Removed top 16 bits (of 32) from port A of cell gated_delta_d16_fused.$flatten\u_pe.$add$/Users/toprakgundogdu/qwen-ffn-rom/rtl/gated_delta_fused.v:151$998 ($add).
Removed top 8 bits (of 32) from port B of cell gated_delta_d16_fused.$flatten\u_pe.$add$/Users/toprakgundogdu/qwen-ffn-rom/rtl/gated_delta_fused.v:151$998 ($add).
Removed top 7 bits (of 32) from port Y of cell gated_delta_d16_fused.$flatten\u_pe.$add$/Users/toprakgundogdu/qwen-ffn-rom/rtl/gated_delta_fused.v:151$998 ($add).
Converting cell gated_delta_d16_fused.$flatten\u_pe.$mul$/Users/toprakgundogdu/qwen-ffn-rom/rtl/gated_delta_fused.v:151$996 ($mul) from unsigned to signed.
Removed top 24 bits (of 32) from port A of cell gated_delta_d16_fused.$flatten\u_pe.$mul$/Users/toprakgundogdu/qwen-ffn-rom/rtl/gated_delta_fused.v:151$996 ($mul).
Removed top 8 bits (of 32) from port B of cell gated_delta_d16_fused.$flatten\u_pe.$mul$/Users/toprakgundogdu/qwen-ffn-rom/rtl/gated_delta_fused.v:151$996 ($mul).
Converting cell gated_delta_d16_fused.$flatten\u_pe.$mul$/Users/toprakgundogdu/qwen-ffn-rom/rtl/gated_delta_fused.v:156$995 ($mul) from unsigned to signed.
Removed top 16 bits (of 32) from port A of cell gated_delta_d16_fused.$flatten\u_pe.$mul$/Users/toprakgundogdu/qwen-ffn-rom/rtl/gated_delta_fused.v:156$995 ($mul).
Removed top 24 bits (of 32) from port B of cell gated_delta_d16_fused.$flatten\u_pe.$mul$/Users/toprakgundogdu/qwen-ffn-rom/rtl/gated_delta_fused.v:156$995 ($mul).
Removed top 8 bits (of 32) from port Y of cell gated_delta_d16_fused.$flatten\u_pe.$mul$/Users/toprakgundogdu/qwen-ffn-rom/rtl/gated_delta_fused.v:156$995 ($mul).
Converting cell gated_delta_d16_fused.$flatten\u_pe.$add$/Users/toprakgundogdu/qwen-ffn-rom/rtl/gated_delta_fused.v:151$994 ($add) from unsigned to signed.
Removed top 16 bits (of 32) from port A of cell gated_delta_d16_fused.$flatten\u_pe.$add$/Users/toprakgundogdu/qwen-ffn-rom/rtl/gated_delta_fused.v:151$994 ($add).
Removed top 8 bits (of 32) from port B of cell gated_delta_d16_fused.$flatten\u_pe.$add$/Users/toprakgundogdu/qwen-ffn-rom/rtl/gated_delta_fused.v:151$994 ($add).
Removed top 7 bits (of 32) from port Y of cell gated_delta_d16_fused.$flatten\u_pe.$add$/Users/toprakgundogdu/qwen-ffn-rom/rtl/gated_delta_fused.v:151$994 ($add).
Converting cell gated_delta_d16_fused.$flatten\u_pe.$mul$/Users/toprakgundogdu/qwen-ffn-rom/rtl/gated_delta_fused.v:151$992 ($mul) from unsigned to signed.
Removed top 24 bits (of 32) from port A of cell gated_delta_d16_fused.$flatten\u_pe.$mul$/Users/toprakgundogdu/qwen-ffn-rom/rtl/gated_delta_fused.v:151$992 ($mul).
Removed top 8 bits (of 32) from port B of cell gated_delta_d16_fused.$flatten\u_pe.$mul$/Users/toprakgundogdu/qwen-ffn-rom/rtl/gated_delta_fused.v:151$992 ($mul).
Converting cell gated_delta_d16_fused.$flatten\u_pe.$mul$/Users/toprakgundogdu/qwen-ffn-rom/rtl/gated_delta_fused.v:156$991 ($mul) from unsigned to signed.
Removed top 16 bits (of 32) from port A of cell gated_delta_d16_fused.$flatten\u_pe.$mul$/Users/toprakgundogdu/qwen-ffn-rom/rtl/gated_delta_fused.v:156$991 ($mul).
Removed top 24 bits (of 32) from port B of cell gated_delta_d16_fused.$flatten\u_pe.$mul$/Users/toprakgundogdu/qwen-ffn-rom/rtl/gated_delta_fused.v:156$991 ($mul).
Removed top 8 bits (of 32) from port Y of cell gated_delta_d16_fused.$flatten\u_pe.$mul$/Users/toprakgundogdu/qwen-ffn-rom/rtl/gated_delta_fused.v:156$991 ($mul).
Converting cell gated_delta_d16_fused.$flatten\u_pe.$add$/Users/toprakgundogdu/qwen-ffn-rom/rtl/gated_delta_fused.v:151$990 ($add) from unsigned to signed.
Removed top 16 bits (of 32) from port A of cell gated_delta_d16_fused.$flatten\u_pe.$add$/Users/toprakgundogdu/qwen-ffn-rom/rtl/gated_delta_fused.v:151$990 ($add).
Removed top 8 bits (of 32) from port B of cell gated_delta_d16_fused.$flatten\u_pe.$add$/Users/toprakgundogdu/qwen-ffn-rom/rtl/gated_delta_fused.v:151$990 ($add).
Removed top 7 bits (of 32) from port Y of cell gated_delta_d16_fused.$flatten\u_pe.$add$/Users/toprakgundogdu/qwen-ffn-rom/rtl/gated_delta_fused.v:151$990 ($add).
Converting cell gated_delta_d16_fused.$flatten\u_pe.$mul$/Users/toprakgundogdu/qwen-ffn-rom/rtl/gated_delta_fused.v:151$988 ($mul) from unsigned to signed.
Removed top 24 bits (of 32) from port A of cell gated_delta_d16_fused.$flatten\u_pe.$mul$/Users/toprakgundogdu/qwen-ffn-rom/rtl/gated_delta_fused.v:151$988 ($mul).
Removed top 8 bits (of 32) from port B of cell gated_delta_d16_fused.$flatten\u_pe.$mul$/Users/toprakgundogdu/qwen-ffn-rom/rtl/gated_delta_fused.v:151$988 ($mul).
Converting cell gated_delta_d16_fused.$flatten\u_pe.$mul$/Users/toprakgundogdu/qwen-ffn-rom/rtl/gated_delta_fused.v:156$987 ($mul) from unsigned to signed.
Removed top 16 bits (of 32) from port A of cell gated_delta_d16_fused.$flatten\u_pe.$mul$/Users/toprakgundogdu/qwen-ffn-rom/rtl/gated_delta_fused.v:156$987 ($mul).
Removed top 24 bits (of 32) from port B of cell gated_delta_d16_fused.$flatten\u_pe.$mul$/Users/toprakgundogdu/qwen-ffn-rom/rtl/gated_delta_fused.v:156$987 ($mul).
Removed top 8 bits (of 32) from port Y of cell gated_delta_d16_fused.$flatten\u_pe.$mul$/Users/toprakgundogdu/qwen-ffn-rom/rtl/gated_delta_fused.v:156$987 ($mul).
Converting cell gated_delta_d16_fused.$flatten\u_pe.$add$/Users/toprakgundogdu/qwen-ffn-rom/rtl/gated_delta_fused.v:151$986 ($add) from unsigned to signed.
Removed top 16 bits (of 32) from port A of cell gated_delta_d16_fused.$flatten\u_pe.$add$/Users/toprakgundogdu/qwen-ffn-rom/rtl/gated_delta_fused.v:151$986 ($add).
Removed top 8 bits (of 32) from port B of cell gated_delta_d16_fused.$flatten\u_pe.$add$/Users/toprakgundogdu/qwen-ffn-rom/rtl/gated_delta_fused.v:151$986 ($add).
Removed top 7 bits (of 32) from port Y of cell gated_delta_d16_fused.$flatten\u_pe.$add$/Users/toprakgundogdu/qwen-ffn-rom/rtl/gated_delta_fused.v:151$986 ($add).
Converting cell gated_delta_d16_fused.$flatten\u_pe.$mul$/Users/toprakgundogdu/qwen-ffn-rom/rtl/gated_delta_fused.v:151$984 ($mul) from unsigned to signed.
Removed top 24 bits (of 32) from port A of cell gated_delta_d16_fused.$flatten\u_pe.$mul$/Users/toprakgundogdu/qwen-ffn-rom/rtl/gated_delta_fused.v:151$984 ($mul).
Removed top 8 bits (of 32) from port B of cell gated_delta_d16_fused.$flatten\u_pe.$mul$/Users/toprakgundogdu/qwen-ffn-rom/rtl/gated_delta_fused.v:151$984 ($mul).
Converting cell gated_delta_d16_fused.$flatten\u_pe.$mul$/Users/toprakgundogdu/qwen-ffn-rom/rtl/gated_delta_fused.v:156$983 ($mul) from unsigned to signed.
Removed top 16 bits (of 32) from port A of cell gated_delta_d16_fused.$flatten\u_pe.$mul$/Users/toprakgundogdu/qwen-ffn-rom/rtl/gated_delta_fused.v:156$983 ($mul).
Removed top 24 bits (of 32) from port B of cell gated_delta_d16_fused.$flatten\u_pe.$mul$/Users/toprakgundogdu/qwen-ffn-rom/rtl/gated_delta_fused.v:156$983 ($mul).
Removed top 8 bits (of 32) from port Y of cell gated_delta_d16_fused.$flatten\u_pe.$mul$/Users/toprakgundogdu/qwen-ffn-rom/rtl/gated_delta_fused.v:156$983 ($mul).
Converting cell gated_delta_d16_fused.$flatten\u_pe.$add$/Users/toprakgundogdu/qwen-ffn-rom/rtl/gated_delta_fused.v:151$982 ($add) from unsigned to signed.
Removed top 16 bits (of 32) from port A of cell gated_delta_d16_fused.$flatten\u_pe.$add$/Users/toprakgundogdu/qwen-ffn-rom/rtl/gated_delta_fused.v:151$982 ($add).
Removed top 8 bits (of 32) from port B of cell gated_delta_d16_fused.$flatten\u_pe.$add$/Users/toprakgundogdu/qwen-ffn-rom/rtl/gated_delta_fused.v:151$982 ($add).
Removed top 7 bits (of 32) from port Y of cell gated_delta_d16_fused.$flatten\u_pe.$add$/Users/toprakgundogdu/qwen-ffn-rom/rtl/gated_delta_fused.v:151$982 ($add).
Converting cell gated_delta_d16_fused.$flatten\u_pe.$mul$/Users/toprakgundogdu/qwen-ffn-rom/rtl/gated_delta_fused.v:151$980 ($mul) from unsigned to signed.
Removed top 24 bits (of 32) from port A of cell gated_delta_d16_fused.$flatten\u_pe.$mul$/Users/toprakgundogdu/qwen-ffn-rom/rtl/gated_delta_fused.v:151$980 ($mul).
Removed top 8 bits (of 32) from port B of cell gated_delta_d16_fused.$flatten\u_pe.$mul$/Users/toprakgundogdu/qwen-ffn-rom/rtl/gated_delta_fused.v:151$980 ($mul).
Converting cell gated_delta_d16_fused.$flatten\u_pe.$mul$/Users/toprakgundogdu/qwen-ffn-rom/rtl/gated_delta_fused.v:156$979 ($mul) from unsigned to signed.
Removed top 16 bits (of 32) from port A of cell gated_delta_d16_fused.$flatten\u_pe.$mul$/Users/toprakgundogdu/qwen-ffn-rom/rtl/gated_delta_fused.v:156$979 ($mul).
Removed top 24 bits (of 32) from port B of cell gated_delta_d16_fused.$flatten\u_pe.$mul$/Users/toprakgundogdu/qwen-ffn-rom/rtl/gated_delta_fused.v:156$979 ($mul).
Removed top 8 bits (of 32) from port Y of cell gated_delta_d16_fused.$flatten\u_pe.$mul$/Users/toprakgundogdu/qwen-ffn-rom/rtl/gated_delta_fused.v:156$979 ($mul).
Converting cell gated_delta_d16_fused.$flatten\u_pe.$add$/Users/toprakgundogdu/qwen-ffn-rom/rtl/gated_delta_fused.v:151$978 ($add) from unsigned to signed.
Removed top 16 bits (of 32) from port A of cell gated_delta_d16_fused.$flatten\u_pe.$add$/Users/toprakgundogdu/qwen-ffn-rom/rtl/gated_delta_fused.v:151$978 ($add).
Removed top 8 bits (of 32) from port B of cell gated_delta_d16_fused.$flatten\u_pe.$add$/Users/toprakgundogdu/qwen-ffn-rom/rtl/gated_delta_fused.v:151$978 ($add).
Removed top 7 bits (of 32) from port Y of cell gated_delta_d16_fused.$flatten\u_pe.$add$/Users/toprakgundogdu/qwen-ffn-rom/rtl/gated_delta_fused.v:151$978 ($add).
Converting cell gated_delta_d16_fused.$flatten\u_pe.$mul$/Users/toprakgundogdu/qwen-ffn-rom/rtl/gated_delta_fused.v:151$976 ($mul) from unsigned to signed.
Removed top 24 bits (of 32) from port A of cell gated_delta_d16_fused.$flatten\u_pe.$mul$/Users/toprakgundogdu/qwen-ffn-rom/rtl/gated_delta_fused.v:151$976 ($mul).
Removed top 8 bits (of 32) from port B of cell gated_delta_d16_fused.$flatten\u_pe.$mul$/Users/toprakgundogdu/qwen-ffn-rom/rtl/gated_delta_fused.v:151$976 ($mul).
Converting cell gated_delta_d16_fused.$flatten\u_pe.$mul$/Users/toprakgundogdu/qwen-ffn-rom/rtl/gated_delta_fused.v:156$975 ($mul) from unsigned to signed.
Removed top 16 bits (of 32) from port A of cell gated_delta_d16_fused.$flatten\u_pe.$mul$/Users/toprakgundogdu/qwen-ffn-rom/rtl/gated_delta_fused.v:156$975 ($mul).
Removed top 24 bits (of 32) from port B of cell gated_delta_d16_fused.$flatten\u_pe.$mul$/Users/toprakgundogdu/qwen-ffn-rom/rtl/gated_delta_fused.v:156$975 ($mul).
Removed top 8 bits (of 32) from port Y of cell gated_delta_d16_fused.$flatten\u_pe.$mul$/Users/toprakgundogdu/qwen-ffn-rom/rtl/gated_delta_fused.v:156$975 ($mul).
Converting cell gated_delta_d16_fused.$flatten\u_pe.$add$/Users/toprakgundogdu/qwen-ffn-rom/rtl/gated_delta_fused.v:151$974 ($add) from unsigned to signed.
Removed top 16 bits (of 32) from port A of cell gated_delta_d16_fused.$flatten\u_pe.$add$/Users/toprakgundogdu/qwen-ffn-rom/rtl/gated_delta_fused.v:151$974 ($add).
Removed top 8 bits (of 32) from port B of cell gated_delta_d16_fused.$flatten\u_pe.$add$/Users/toprakgundogdu/qwen-ffn-rom/rtl/gated_delta_fused.v:151$974 ($add).
Removed top 7 bits (of 32) from port Y of cell gated_delta_d16_fused.$flatten\u_pe.$add$/Users/toprakgundogdu/qwen-ffn-rom/rtl/gated_delta_fused.v:151$974 ($add).
Converting cell gated_delta_d16_fused.$flatten\u_pe.$mul$/Users/toprakgundogdu/qwen-ffn-rom/rtl/gated_delta_fused.v:151$972 ($mul) from unsigned to signed.
Removed top 24 bits (of 32) from port A of cell gated_delta_d16_fused.$flatten\u_pe.$mul$/Users/toprakgundogdu/qwen-ffn-rom/rtl/gated_delta_fused.v:151$972 ($mul).
Removed top 8 bits (of 32) from port B of cell gated_delta_d16_fused.$flatten\u_pe.$mul$/Users/toprakgundogdu/qwen-ffn-rom/rtl/gated_delta_fused.v:151$972 ($mul).
Converting cell gated_delta_d16_fused.$flatten\u_pe.$mul$/Users/toprakgundogdu/qwen-ffn-rom/rtl/gated_delta_fused.v:156$971 ($mul) from unsigned to signed.
Removed top 16 bits (of 32) from port A of cell gated_delta_d16_fused.$flatten\u_pe.$mul$/Users/toprakgundogdu/qwen-ffn-rom/rtl/gated_delta_fused.v:156$971 ($mul).
Removed top 24 bits (of 32) from port B of cell gated_delta_d16_fused.$flatten\u_pe.$mul$/Users/toprakgundogdu/qwen-ffn-rom/rtl/gated_delta_fused.v:156$971 ($mul).
Removed top 8 bits (of 32) from port Y of cell gated_delta_d16_fused.$flatten\u_pe.$mul$/Users/toprakgundogdu/qwen-ffn-rom/rtl/gated_delta_fused.v:156$971 ($mul).
Converting cell gated_delta_d16_fused.$flatten\u_pe.$add$/Users/toprakgundogdu/qwen-ffn-rom/rtl/gated_delta_fused.v:151$970 ($add) from unsigned to signed.
Removed top 16 bits (of 32) from port A of cell gated_delta_d16_fused.$flatten\u_pe.$add$/Users/toprakgundogdu/qwen-ffn-rom/rtl/gated_delta_fused.v:151$970 ($add).
Removed top 8 bits (of 32) from port B of cell gated_delta_d16_fused.$flatten\u_pe.$add$/Users/toprakgundogdu/qwen-ffn-rom/rtl/gated_delta_fused.v:151$970 ($add).
Removed top 7 bits (of 32) from port Y of cell gated_delta_d16_fused.$flatten\u_pe.$add$/Users/toprakgundogdu/qwen-ffn-rom/rtl/gated_delta_fused.v:151$970 ($add).
Converting cell gated_delta_d16_fused.$flatten\u_pe.$mul$/Users/toprakgundogdu/qwen-ffn-rom/rtl/gated_delta_fused.v:151$968 ($mul) from unsigned to signed.
Removed top 24 bits (of 32) from port A of cell gated_delta_d16_fused.$flatten\u_pe.$mul$/Users/toprakgundogdu/qwen-ffn-rom/rtl/gated_delta_fused.v:151$968 ($mul).
Removed top 8 bits (of 32) from port B of cell gated_delta_d16_fused.$flatten\u_pe.$mul$/Users/toprakgundogdu/qwen-ffn-rom/rtl/gated_delta_fused.v:151$968 ($mul).
Converting cell gated_delta_d16_fused.$flatten\u_pe.$mul$/Users/toprakgundogdu/qwen-ffn-rom/rtl/gated_delta_fused.v:156$967 ($mul) from unsigned to signed.
Removed top 16 bits (of 32) from port A of cell gated_delta_d16_fused.$flatten\u_pe.$mul$/Users/toprakgundogdu/qwen-ffn-rom/rtl/gated_delta_fused.v:156$967 ($mul).
Removed top 24 bits (of 32) from port B of cell gated_delta_d16_fused.$flatten\u_pe.$mul$/Users/toprakgundogdu/qwen-ffn-rom/rtl/gated_delta_fused.v:156$967 ($mul).
Removed top 8 bits (of 32) from port Y of cell gated_delta_d16_fused.$flatten\u_pe.$mul$/Users/toprakgundogdu/qwen-ffn-rom/rtl/gated_delta_fused.v:156$967 ($mul).
Converting cell gated_delta_d16_fused.$flatten\u_pe.$add$/Users/toprakgundogdu/qwen-ffn-rom/rtl/gated_delta_fused.v:151$966 ($add) from unsigned to signed.
Removed top 16 bits (of 32) from port A of cell gated_delta_d16_fused.$flatten\u_pe.$add$/Users/toprakgundogdu/qwen-ffn-rom/rtl/gated_delta_fused.v:151$966 ($add).
Removed top 8 bits (of 32) from port B of cell gated_delta_d16_fused.$flatten\u_pe.$add$/Users/toprakgundogdu/qwen-ffn-rom/rtl/gated_delta_fused.v:151$966 ($add).
Removed top 7 bits (of 32) from port Y of cell gated_delta_d16_fused.$flatten\u_pe.$add$/Users/toprakgundogdu/qwen-ffn-rom/rtl/gated_delta_fused.v:151$966 ($add).
Converting cell gated_delta_d16_fused.$flatten\u_pe.$mul$/Users/toprakgundogdu/qwen-ffn-rom/rtl/gated_delta_fused.v:151$964 ($mul) from unsigned to signed.
Removed top 24 bits (of 32) from port A of cell gated_delta_d16_fused.$flatten\u_pe.$mul$/Users/toprakgundogdu/qwen-ffn-rom/rtl/gated_delta_fused.v:151$964 ($mul).
Removed top 8 bits (of 32) from port B of cell gated_delta_d16_fused.$flatten\u_pe.$mul$/Users/toprakgundogdu/qwen-ffn-rom/rtl/gated_delta_fused.v:151$964 ($mul).
Converting cell gated_delta_d16_fused.$flatten\u_pe.$mul$/Users/toprakgundogdu/qwen-ffn-rom/rtl/gated_delta_fused.v:156$963 ($mul) from unsigned to signed.
Removed top 16 bits (of 32) from port A of cell gated_delta_d16_fused.$flatten\u_pe.$mul$/Users/toprakgundogdu/qwen-ffn-rom/rtl/gated_delta_fused.v:156$963 ($mul).
Removed top 24 bits (of 32) from port B of cell gated_delta_d16_fused.$flatten\u_pe.$mul$/Users/toprakgundogdu/qwen-ffn-rom/rtl/gated_delta_fused.v:156$963 ($mul).
Removed top 8 bits (of 32) from port Y of cell gated_delta_d16_fused.$flatten\u_pe.$mul$/Users/toprakgundogdu/qwen-ffn-rom/rtl/gated_delta_fused.v:156$963 ($mul).
Converting cell gated_delta_d16_fused.$flatten\u_pe.$add$/Users/toprakgundogdu/qwen-ffn-rom/rtl/gated_delta_fused.v:151$962 ($add) from unsigned to signed.
Removed top 16 bits (of 32) from port A of cell gated_delta_d16_fused.$flatten\u_pe.$add$/Users/toprakgundogdu/qwen-ffn-rom/rtl/gated_delta_fused.v:151$962 ($add).
Removed top 8 bits (of 32) from port B of cell gated_delta_d16_fused.$flatten\u_pe.$add$/Users/toprakgundogdu/qwen-ffn-rom/rtl/gated_delta_fused.v:151$962 ($add).
Removed top 7 bits (of 32) from port Y of cell gated_delta_d16_fused.$flatten\u_pe.$add$/Users/toprakgundogdu/qwen-ffn-rom/rtl/gated_delta_fused.v:151$962 ($add).
Converting cell gated_delta_d16_fused.$flatten\u_pe.$mul$/Users/toprakgundogdu/qwen-ffn-rom/rtl/gated_delta_fused.v:151$960 ($mul) from unsigned to signed.
Removed top 24 bits (of 32) from port A of cell gated_delta_d16_fused.$flatten\u_pe.$mul$/Users/toprakgundogdu/qwen-ffn-rom/rtl/gated_delta_fused.v:151$960 ($mul).
Removed top 8 bits (of 32) from port B of cell gated_delta_d16_fused.$flatten\u_pe.$mul$/Users/toprakgundogdu/qwen-ffn-rom/rtl/gated_delta_fused.v:151$960 ($mul).
Converting cell gated_delta_d16_fused.$flatten\u_pe.$mul$/Users/toprakgundogdu/qwen-ffn-rom/rtl/gated_delta_fused.v:156$959 ($mul) from unsigned to signed.
Removed top 16 bits (of 32) from port A of cell gated_delta_d16_fused.$flatten\u_pe.$mul$/Users/toprakgundogdu/qwen-ffn-rom/rtl/gated_delta_fused.v:156$959 ($mul).
Removed top 24 bits (of 32) from port B of cell gated_delta_d16_fused.$flatten\u_pe.$mul$/Users/toprakgundogdu/qwen-ffn-rom/rtl/gated_delta_fused.v:156$959 ($mul).
Removed top 8 bits (of 32) from port Y of cell gated_delta_d16_fused.$flatten\u_pe.$mul$/Users/toprakgundogdu/qwen-ffn-rom/rtl/gated_delta_fused.v:156$959 ($mul).
Converting cell gated_delta_d16_fused.$flatten\u_pe.$add$/Users/toprakgundogdu/qwen-ffn-rom/rtl/gated_delta_fused.v:151$958 ($add) from unsigned to signed.
Removed top 16 bits (of 32) from port A of cell gated_delta_d16_fused.$flatten\u_pe.$add$/Users/toprakgundogdu/qwen-ffn-rom/rtl/gated_delta_fused.v:151$958 ($add).
Removed top 8 bits (of 32) from port B of cell gated_delta_d16_fused.$flatten\u_pe.$add$/Users/toprakgundogdu/qwen-ffn-rom/rtl/gated_delta_fused.v:151$958 ($add).
Removed top 7 bits (of 32) from port Y of cell gated_delta_d16_fused.$flatten\u_pe.$add$/Users/toprakgundogdu/qwen-ffn-rom/rtl/gated_delta_fused.v:151$958 ($add).
Converting cell gated_delta_d16_fused.$flatten\u_pe.$mul$/Users/toprakgundogdu/qwen-ffn-rom/rtl/gated_delta_fused.v:151$956 ($mul) from unsigned to signed.
Removed top 24 bits (of 32) from port A of cell gated_delta_d16_fused.$flatten\u_pe.$mul$/Users/toprakgundogdu/qwen-ffn-rom/rtl/gated_delta_fused.v:151$956 ($mul).
Removed top 8 bits (of 32) from port B of cell gated_delta_d16_fused.$flatten\u_pe.$mul$/Users/toprakgundogdu/qwen-ffn-rom/rtl/gated_delta_fused.v:151$956 ($mul).
Converting cell gated_delta_d16_fused.$flatten\u_pe.$mul$/Users/toprakgundogdu/qwen-ffn-rom/rtl/gated_delta_fused.v:156$955 ($mul) from unsigned to signed.
Removed top 16 bits (of 32) from port A of cell gated_delta_d16_fused.$flatten\u_pe.$mul$/Users/toprakgundogdu/qwen-ffn-rom/rtl/gated_delta_fused.v:156$955 ($mul).
Removed top 24 bits (of 32) from port B of cell gated_delta_d16_fused.$flatten\u_pe.$mul$/Users/toprakgundogdu/qwen-ffn-rom/rtl/gated_delta_fused.v:156$955 ($mul).
Removed top 8 bits (of 32) from port Y of cell gated_delta_d16_fused.$flatten\u_pe.$mul$/Users/toprakgundogdu/qwen-ffn-rom/rtl/gated_delta_fused.v:156$955 ($mul).
Converting cell gated_delta_d16_fused.$flatten\u_pe.$add$/Users/toprakgundogdu/qwen-ffn-rom/rtl/gated_delta_fused.v:151$954 ($add) from unsigned to signed.
Removed top 16 bits (of 32) from port A of cell gated_delta_d16_fused.$flatten\u_pe.$add$/Users/toprakgundogdu/qwen-ffn-rom/rtl/gated_delta_fused.v:151$954 ($add).
Removed top 8 bits (of 32) from port B of cell gated_delta_d16_fused.$flatten\u_pe.$add$/Users/toprakgundogdu/qwen-ffn-rom/rtl/gated_delta_fused.v:151$954 ($add).
Removed top 7 bits (of 32) from port Y of cell gated_delta_d16_fused.$flatten\u_pe.$add$/Users/toprakgundogdu/qwen-ffn-rom/rtl/gated_delta_fused.v:151$954 ($add).
Converting cell gated_delta_d16_fused.$flatten\u_pe.$mul$/Users/toprakgundogdu/qwen-ffn-rom/rtl/gated_delta_fused.v:151$952 ($mul) from unsigned to signed.
Removed top 24 bits (of 32) from port A of cell gated_delta_d16_fused.$flatten\u_pe.$mul$/Users/toprakgundogdu/qwen-ffn-rom/rtl/gated_delta_fused.v:151$952 ($mul).
Removed top 8 bits (of 32) from port B of cell gated_delta_d16_fused.$flatten\u_pe.$mul$/Users/toprakgundogdu/qwen-ffn-rom/rtl/gated_delta_fused.v:151$952 ($mul).
Converting cell gated_delta_d16_fused.$flatten\u_pe.$mul$/Users/toprakgundogdu/qwen-ffn-rom/rtl/gated_delta_fused.v:156$951 ($mul) from unsigned to signed.
Removed top 16 bits (of 32) from port A of cell gated_delta_d16_fused.$flatten\u_pe.$mul$/Users/toprakgundogdu/qwen-ffn-rom/rtl/gated_delta_fused.v:156$951 ($mul).
Removed top 24 bits (of 32) from port B of cell gated_delta_d16_fused.$flatten\u_pe.$mul$/Users/toprakgundogdu/qwen-ffn-rom/rtl/gated_delta_fused.v:156$951 ($mul).
Removed top 8 bits (of 32) from port Y of cell gated_delta_d16_fused.$flatten\u_pe.$mul$/Users/toprakgundogdu/qwen-ffn-rom/rtl/gated_delta_fused.v:156$951 ($mul).
Converting cell gated_delta_d16_fused.$flatten\u_pe.$add$/Users/toprakgundogdu/qwen-ffn-rom/rtl/gated_delta_fused.v:151$950 ($add) from unsigned to signed.
Removed top 16 bits (of 32) from port A of cell gated_delta_d16_fused.$flatten\u_pe.$add$/Users/toprakgundogdu/qwen-ffn-rom/rtl/gated_delta_fused.v:151$950 ($add).
Removed top 8 bits (of 32) from port B of cell gated_delta_d16_fused.$flatten\u_pe.$add$/Users/toprakgundogdu/qwen-ffn-rom/rtl/gated_delta_fused.v:151$950 ($add).
Removed top 7 bits (of 32) from port Y of cell gated_delta_d16_fused.$flatten\u_pe.$add$/Users/toprakgundogdu/qwen-ffn-rom/rtl/gated_delta_fused.v:151$950 ($add).
Converting cell gated_delta_d16_fused.$flatten\u_pe.$mul$/Users/toprakgundogdu/qwen-ffn-rom/rtl/gated_delta_fused.v:151$948 ($mul) from unsigned to signed.
Removed top 24 bits (of 32) from port A of cell gated_delta_d16_fused.$flatten\u_pe.$mul$/Users/toprakgundogdu/qwen-ffn-rom/rtl/gated_delta_fused.v:151$948 ($mul).
Removed top 8 bits (of 32) from port B of cell gated_delta_d16_fused.$flatten\u_pe.$mul$/Users/toprakgundogdu/qwen-ffn-rom/rtl/gated_delta_fused.v:151$948 ($mul).
Converting cell gated_delta_d16_fused.$flatten\u_pe.$mul$/Users/toprakgundogdu/qwen-ffn-rom/rtl/gated_delta_fused.v:156$947 ($mul) from unsigned to signed.
Removed top 16 bits (of 32) from port A of cell gated_delta_d16_fused.$flatten\u_pe.$mul$/Users/toprakgundogdu/qwen-ffn-rom/rtl/gated_delta_fused.v:156$947 ($mul).
Removed top 24 bits (of 32) from port B of cell gated_delta_d16_fused.$flatten\u_pe.$mul$/Users/toprakgundogdu/qwen-ffn-rom/rtl/gated_delta_fused.v:156$947 ($mul).
Removed top 8 bits (of 32) from port Y of cell gated_delta_d16_fused.$flatten\u_pe.$mul$/Users/toprakgundogdu/qwen-ffn-rom/rtl/gated_delta_fused.v:156$947 ($mul).
Converting cell gated_delta_d16_fused.$flatten\u_pe.$add$/Users/toprakgundogdu/qwen-ffn-rom/rtl/gated_delta_fused.v:151$946 ($add) from unsigned to signed.
Removed top 16 bits (of 32) from port A of cell gated_delta_d16_fused.$flatten\u_pe.$add$/Users/toprakgundogdu/qwen-ffn-rom/rtl/gated_delta_fused.v:151$946 ($add).
Removed top 8 bits (of 32) from port B of cell gated_delta_d16_fused.$flatten\u_pe.$add$/Users/toprakgundogdu/qwen-ffn-rom/rtl/gated_delta_fused.v:151$946 ($add).
Removed top 7 bits (of 32) from port Y of cell gated_delta_d16_fused.$flatten\u_pe.$add$/Users/toprakgundogdu/qwen-ffn-rom/rtl/gated_delta_fused.v:151$946 ($add).
Converting cell gated_delta_d16_fused.$flatten\u_pe.$mul$/Users/toprakgundogdu/qwen-ffn-rom/rtl/gated_delta_fused.v:151$944 ($mul) from unsigned to signed.
Removed top 24 bits (of 32) from port A of cell gated_delta_d16_fused.$flatten\u_pe.$mul$/Users/toprakgundogdu/qwen-ffn-rom/rtl/gated_delta_fused.v:151$944 ($mul).
Removed top 8 bits (of 32) from port B of cell gated_delta_d16_fused.$flatten\u_pe.$mul$/Users/toprakgundogdu/qwen-ffn-rom/rtl/gated_delta_fused.v:151$944 ($mul).
Converting cell gated_delta_d16_fused.$flatten\u_pe.$mul$/Users/toprakgundogdu/qwen-ffn-rom/rtl/gated_delta_fused.v:132$943 ($mul) from unsigned to signed.
Removed top 16 bits (of 32) from port A of cell gated_delta_d16_fused.$flatten\u_pe.$mul$/Users/toprakgundogdu/qwen-ffn-rom/rtl/gated_delta_fused.v:132$943 ($mul).
Removed top 24 bits (of 32) from port B of cell gated_delta_d16_fused.$flatten\u_pe.$mul$/Users/toprakgundogdu/qwen-ffn-rom/rtl/gated_delta_fused.v:132$943 ($mul).
Removed top 8 bits (of 32) from port Y of cell gated_delta_d16_fused.$flatten\u_pe.$mul$/Users/toprakgundogdu/qwen-ffn-rom/rtl/gated_delta_fused.v:132$943 ($mul).
Converting cell gated_delta_d16_fused.$flatten\u_pe.$mul$/Users/toprakgundogdu/qwen-ffn-rom/rtl/gated_delta_fused.v:129$941 ($mul) from unsigned to signed.
Removed top 16 bits (of 32) from port A of cell gated_delta_d16_fused.$flatten\u_pe.$mul$/Users/toprakgundogdu/qwen-ffn-rom/rtl/gated_delta_fused.v:129$941 ($mul).
Removed top 23 bits (of 32) from port B of cell gated_delta_d16_fused.$flatten\u_pe.$mul$/Users/toprakgundogdu/qwen-ffn-rom/rtl/gated_delta_fused.v:129$941 ($mul).
Removed top 8 bits (of 32) from port Y of cell gated_delta_d16_fused.$flatten\u_pe.$mul$/Users/toprakgundogdu/qwen-ffn-rom/rtl/gated_delta_fused.v:129$941 ($mul).
Converting cell gated_delta_d16_fused.$flatten\u_pe.$mul$/Users/toprakgundogdu/qwen-ffn-rom/rtl/gated_delta_fused.v:132$940 ($mul) from unsigned to signed.
Removed top 16 bits (of 32) from port A of cell gated_delta_d16_fused.$flatten\u_pe.$mul$/Users/toprakgundogdu/qwen-ffn-rom/rtl/gated_delta_fused.v:132$940 ($mul).
Removed top 24 bits (of 32) from port B of cell gated_delta_d16_fused.$flatten\u_pe.$mul$/Users/toprakgundogdu/qwen-ffn-rom/rtl/gated_delta_fused.v:132$940 ($mul).
Removed top 8 bits (of 32) from port Y of cell gated_delta_d16_fused.$flatten\u_pe.$mul$/Users/toprakgundogdu/qwen-ffn-rom/rtl/gated_delta_fused.v:132$940 ($mul).
Converting cell gated_delta_d16_fused.$flatten\u_pe.$mul$/Users/toprakgundogdu/qwen-ffn-rom/rtl/gated_delta_fused.v:129$938 ($mul) from unsigned to signed.
Removed top 16 bits (of 32) from port A of cell gated_delta_d16_fused.$flatten\u_pe.$mul$/Users/toprakgundogdu/qwen-ffn-rom/rtl/gated_delta_fused.v:129$938 ($mul).
Removed top 23 bits (of 32) from port B of cell gated_delta_d16_fused.$flatten\u_pe.$mul$/Users/toprakgundogdu/qwen-ffn-rom/rtl/gated_delta_fused.v:129$938 ($mul).
Removed top 8 bits (of 32) from port Y of cell gated_delta_d16_fused.$flatten\u_pe.$mul$/Users/toprakgundogdu/qwen-ffn-rom/rtl/gated_delta_fused.v:129$938 ($mul).
Converting cell gated_delta_d16_fused.$flatten\u_pe.$mul$/Users/toprakgundogdu/qwen-ffn-rom/rtl/gated_delta_fused.v:132$937 ($mul) from unsigned to signed.
Removed top 16 bits (of 32) from port A of cell gated_delta_d16_fused.$flatten\u_pe.$mul$/Users/toprakgundogdu/qwen-ffn-rom/rtl/gated_delta_fused.v:132$937 ($mul).
Removed top 24 bits (of 32) from port B of cell gated_delta_d16_fused.$flatten\u_pe.$mul$/Users/toprakgundogdu/qwen-ffn-rom/rtl/gated_delta_fused.v:132$937 ($mul).
Removed top 8 bits (of 32) from port Y of cell gated_delta_d16_fused.$flatten\u_pe.$mul$/Users/toprakgundogdu/qwen-ffn-rom/rtl/gated_delta_fused.v:132$937 ($mul).
Converting cell gated_delta_d16_fused.$flatten\u_pe.$mul$/Users/toprakgundogdu/qwen-ffn-rom/rtl/gated_delta_fused.v:129$935 ($mul) from unsigned to signed.
Removed top 16 bits (of 32) from port A of cell gated_delta_d16_fused.$flatten\u_pe.$mul$/Users/toprakgundogdu/qwen-ffn-rom/rtl/gated_delta_fused.v:129$935 ($mul).
Removed top 23 bits (of 32) from port B of cell gated_delta_d16_fused.$flatten\u_pe.$mul$/Users/toprakgundogdu/qwen-ffn-rom/rtl/gated_delta_fused.v:129$935 ($mul).
Removed top 8 bits (of 32) from port Y of cell gated_delta_d16_fused.$flatten\u_pe.$mul$/Users/toprakgundogdu/qwen-ffn-rom/rtl/gated_delta_fused.v:129$935 ($mul).
Converting cell gated_delta_d16_fused.$flatten\u_pe.$mul$/Users/toprakgundogdu/qwen-ffn-rom/rtl/gated_delta_fused.v:132$934 ($mul) from unsigned to signed.
Removed top 16 bits (of 32) from port A of cell gated_delta_d16_fused.$flatten\u_pe.$mul$/Users/toprakgundogdu/qwen-ffn-rom/rtl/gated_delta_fused.v:132$934 ($mul).
Removed top 24 bits (of 32) from port B of cell gated_delta_d16_fused.$flatten\u_pe.$mul$/Users/toprakgundogdu/qwen-ffn-rom/rtl/gated_delta_fused.v:132$934 ($mul).
Removed top 8 bits (of 32) from port Y of cell gated_delta_d16_fused.$flatten\u_pe.$mul$/Users/toprakgundogdu/qwen-ffn-rom/rtl/gated_delta_fused.v:132$934 ($mul).
Converting cell gated_delta_d16_fused.$flatten\u_pe.$mul$/Users/toprakgundogdu/qwen-ffn-rom/rtl/gated_delta_fused.v:129$932 ($mul) from unsigned to signed.
Removed top 16 bits (of 32) from port A of cell gated_delta_d16_fused.$flatten\u_pe.$mul$/Users/toprakgundogdu/qwen-ffn-rom/rtl/gated_delta_fused.v:129$932 ($mul).
Removed top 23 bits (of 32) from port B of cell gated_delta_d16_fused.$flatten\u_pe.$mul$/Users/toprakgundogdu/qwen-ffn-rom/rtl/gated_delta_fused.v:129$932 ($mul).
Removed top 8 bits (of 32) from port Y of cell gated_delta_d16_fused.$flatten\u_pe.$mul$/Users/toprakgundogdu/qwen-ffn-rom/rtl/gated_delta_fused.v:129$932 ($mul).
Converting cell gated_delta_d16_fused.$flatten\u_pe.$mul$/Users/toprakgundogdu/qwen-ffn-rom/rtl/gated_delta_fused.v:132$931 ($mul) from unsigned to signed.
Removed top 16 bits (of 32) from port A of cell gated_delta_d16_fused.$flatten\u_pe.$mul$/Users/toprakgundogdu/qwen-ffn-rom/rtl/gated_delta_fused.v:132$931 ($mul).
Removed top 24 bits (of 32) from port B of cell gated_delta_d16_fused.$flatten\u_pe.$mul$/Users/toprakgundogdu/qwen-ffn-rom/rtl/gated_delta_fused.v:132$931 ($mul).
Removed top 8 bits (of 32) from port Y of cell gated_delta_d16_fused.$flatten\u_pe.$mul$/Users/toprakgundogdu/qwen-ffn-rom/rtl/gated_delta_fused.v:132$931 ($mul).
Converting cell gated_delta_d16_fused.$flatten\u_pe.$mul$/Users/toprakgundogdu/qwen-ffn-rom/rtl/gated_delta_fused.v:129$929 ($mul) from unsigned to signed.
Removed top 16 bits (of 32) from port A of cell gated_delta_d16_fused.$flatten\u_pe.$mul$/Users/toprakgundogdu/qwen-ffn-rom/rtl/gated_delta_fused.v:129$929 ($mul).
Removed top 23 bits (of 32) from port B of cell gated_delta_d16_fused.$flatten\u_pe.$mul$/Users/toprakgundogdu/qwen-ffn-rom/rtl/gated_delta_fused.v:129$929 ($mul).
Removed top 8 bits (of 32) from port Y of cell gated_delta_d16_fused.$flatten\u_pe.$mul$/Users/toprakgundogdu/qwen-ffn-rom/rtl/gated_delta_fused.v:129$929 ($mul).
Converting cell gated_delta_d16_fused.$flatten\u_pe.$mul$/Users/toprakgundogdu/qwen-ffn-rom/rtl/gated_delta_fused.v:132$928 ($mul) from unsigned to signed.
Removed top 16 bits (of 32) from port A of cell gated_delta_d16_fused.$flatten\u_pe.$mul$/Users/toprakgundogdu/qwen-ffn-rom/rtl/gated_delta_fused.v:132$928 ($mul).
Removed top 24 bits (of 32) from port B of cell gated_delta_d16_fused.$flatten\u_pe.$mul$/Users/toprakgundogdu/qwen-ffn-rom/rtl/gated_delta_fused.v:132$928 ($mul).
Removed top 8 bits (of 32) from port Y of cell gated_delta_d16_fused.$flatten\u_pe.$mul$/Users/toprakgundogdu/qwen-ffn-rom/rtl/gated_delta_fused.v:132$928 ($mul).
Converting cell gated_delta_d16_fused.$flatten\u_pe.$mul$/Users/toprakgundogdu/qwen-ffn-rom/rtl/gated_delta_fused.v:129$926 ($mul) from unsigned to signed.
Removed top 16 bits (of 32) from port A of cell gated_delta_d16_fused.$flatten\u_pe.$mul$/Users/toprakgundogdu/qwen-ffn-rom/rtl/gated_delta_fused.v:129$926 ($mul).
Removed top 23 bits (of 32) from port B of cell gated_delta_d16_fused.$flatten\u_pe.$mul$/Users/toprakgundogdu/qwen-ffn-rom/rtl/gated_delta_fused.v:129$926 ($mul).
Removed top 8 bits (of 32) from port Y of cell gated_delta_d16_fused.$flatten\u_pe.$mul$/Users/toprakgundogdu/qwen-ffn-rom/rtl/gated_delta_fused.v:129$926 ($mul).
Converting cell gated_delta_d16_fused.$flatten\u_pe.$mul$/Users/toprakgundogdu/qwen-ffn-rom/rtl/gated_delta_fused.v:132$925 ($mul) from unsigned to signed.
Removed top 16 bits (of 32) from port A of cell gated_delta_d16_fused.$flatten\u_pe.$mul$/Users/toprakgundogdu/qwen-ffn-rom/rtl/gated_delta_fused.v:132$925 ($mul).
Removed top 24 bits (of 32) from port B of cell gated_delta_d16_fused.$flatten\u_pe.$mul$/Users/toprakgundogdu/qwen-ffn-rom/rtl/gated_delta_fused.v:132$925 ($mul).
Removed top 8 bits (of 32) from port Y of cell gated_delta_d16_fused.$flatten\u_pe.$mul$/Users/toprakgundogdu/qwen-ffn-rom/rtl/gated_delta_fused.v:132$925 ($mul).
Converting cell gated_delta_d16_fused.$flatten\u_pe.$mul$/Users/toprakgundogdu/qwen-ffn-rom/rtl/gated_delta_fused.v:129$923 ($mul) from unsigned to signed.
Removed top 16 bits (of 32) from port A of cell gated_delta_d16_fused.$flatten\u_pe.$mul$/Users/toprakgundogdu/qwen-ffn-rom/rtl/gated_delta_fused.v:129$923 ($mul).
Removed top 23 bits (of 32) from port B of cell gated_delta_d16_fused.$flatten\u_pe.$mul$/Users/toprakgundogdu/qwen-ffn-rom/rtl/gated_delta_fused.v:129$923 ($mul).
Removed top 8 bits (of 32) from port Y of cell gated_delta_d16_fused.$flatten\u_pe.$mul$/Users/toprakgundogdu/qwen-ffn-rom/rtl/gated_delta_fused.v:129$923 ($mul).
Converting cell gated_delta_d16_fused.$flatten\u_pe.$mul$/Users/toprakgundogdu/qwen-ffn-rom/rtl/gated_delta_fused.v:132$922 ($mul) from unsigned to signed.
Removed top 16 bits (of 32) from port A of cell gated_delta_d16_fused.$flatten\u_pe.$mul$/Users/toprakgundogdu/qwen-ffn-rom/rtl/gated_delta_fused.v:132$922 ($mul).
Removed top 24 bits (of 32) from port B of cell gated_delta_d16_fused.$flatten\u_pe.$mul$/Users/toprakgundogdu/qwen-ffn-rom/rtl/gated_delta_fused.v:132$922 ($mul).
Removed top 8 bits (of 32) from port Y of cell gated_delta_d16_fused.$flatten\u_pe.$mul$/Users/toprakgundogdu/qwen-ffn-rom/rtl/gated_delta_fused.v:132$922 ($mul).
Converting cell gated_delta_d16_fused.$flatten\u_pe.$mul$/Users/toprakgundogdu/qwen-ffn-rom/rtl/gated_delta_fused.v:129$920 ($mul) from unsigned to signed.
Removed top 16 bits (of 32) from port A of cell gated_delta_d16_fused.$flatten\u_pe.$mul$/Users/toprakgundogdu/qwen-ffn-rom/rtl/gated_delta_fused.v:129$920 ($mul).
Removed top 23 bits (of 32) from port B of cell gated_delta_d16_fused.$flatten\u_pe.$mul$/Users/toprakgundogdu/qwen-ffn-rom/rtl/gated_delta_fused.v:129$920 ($mul).
Removed top 8 bits (of 32) from port Y of cell gated_delta_d16_fused.$flatten\u_pe.$mul$/Users/toprakgundogdu/qwen-ffn-rom/rtl/gated_delta_fused.v:129$920 ($mul).
Converting cell gated_delta_d16_fused.$flatten\u_pe.$mul$/Users/toprakgundogdu/qwen-ffn-rom/rtl/gated_delta_fused.v:132$919 ($mul) from unsigned to signed.
Removed top 16 bits (of 32) from port A of cell gated_delta_d16_fused.$flatten\u_pe.$mul$/Users/toprakgundogdu/qwen-ffn-rom/rtl/gated_delta_fused.v:132$919 ($mul).
Removed top 24 bits (of 32) from port B of cell gated_delta_d16_fused.$flatten\u_pe.$mul$/Users/toprakgundogdu/qwen-ffn-rom/rtl/gated_delta_fused.v:132$919 ($mul).
Removed top 8 bits (of 32) from port Y of cell gated_delta_d16_fused.$flatten\u_pe.$mul$/Users/toprakgundogdu/qwen-ffn-rom/rtl/gated_delta_fused.v:132$919 ($mul).
Converting cell gated_delta_d16_fused.$flatten\u_pe.$mul$/Users/toprakgundogdu/qwen-ffn-rom/rtl/gated_delta_fused.v:129$917 ($mul) from unsigned to signed.
Removed top 16 bits (of 32) from port A of cell gated_delta_d16_fused.$flatten\u_pe.$mul$/Users/toprakgundogdu/qwen-ffn-rom/rtl/gated_delta_fused.v:129$917 ($mul).
Removed top 23 bits (of 32) from port B of cell gated_delta_d16_fused.$flatten\u_pe.$mul$/Users/toprakgundogdu/qwen-ffn-rom/rtl/gated_delta_fused.v:129$917 ($mul).
Removed top 8 bits (of 32) from port Y of cell gated_delta_d16_fused.$flatten\u_pe.$mul$/Users/toprakgundogdu/qwen-ffn-rom/rtl/gated_delta_fused.v:129$917 ($mul).
Converting cell gated_delta_d16_fused.$flatten\u_pe.$mul$/Users/toprakgundogdu/qwen-ffn-rom/rtl/gated_delta_fused.v:132$916 ($mul) from unsigned to signed.
Removed top 16 bits (of 32) from port A of cell gated_delta_d16_fused.$flatten\u_pe.$mul$/Users/toprakgundogdu/qwen-ffn-rom/rtl/gated_delta_fused.v:132$916 ($mul).
Removed top 24 bits (of 32) from port B of cell gated_delta_d16_fused.$flatten\u_pe.$mul$/Users/toprakgundogdu/qwen-ffn-rom/rtl/gated_delta_fused.v:132$916 ($mul).
Removed top 8 bits (of 32) from port Y of cell gated_delta_d16_fused.$flatten\u_pe.$mul$/Users/toprakgundogdu/qwen-ffn-rom/rtl/gated_delta_fused.v:132$916 ($mul).
Converting cell gated_delta_d16_fused.$flatten\u_pe.$mul$/Users/toprakgundogdu/qwen-ffn-rom/rtl/gated_delta_fused.v:129$914 ($mul) from unsigned to signed.
Removed top 16 bits (of 32) from port A of cell gated_delta_d16_fused.$flatten\u_pe.$mul$/Users/toprakgundogdu/qwen-ffn-rom/rtl/gated_delta_fused.v:129$914 ($mul).
Removed top 23 bits (of 32) from port B of cell gated_delta_d16_fused.$flatten\u_pe.$mul$/Users/toprakgundogdu/qwen-ffn-rom/rtl/gated_delta_fused.v:129$914 ($mul).
Removed top 8 bits (of 32) from port Y of cell gated_delta_d16_fused.$flatten\u_pe.$mul$/Users/toprakgundogdu/qwen-ffn-rom/rtl/gated_delta_fused.v:129$914 ($mul).
Converting cell gated_delta_d16_fused.$flatten\u_pe.$mul$/Users/toprakgundogdu/qwen-ffn-rom/rtl/gated_delta_fused.v:132$913 ($mul) from unsigned to signed.
Removed top 16 bits (of 32) from port A of cell gated_delta_d16_fused.$flatten\u_pe.$mul$/Users/toprakgundogdu/qwen-ffn-rom/rtl/gated_delta_fused.v:132$913 ($mul).
Removed top 24 bits (of 32) from port B of cell gated_delta_d16_fused.$flatten\u_pe.$mul$/Users/toprakgundogdu/qwen-ffn-rom/rtl/gated_delta_fused.v:132$913 ($mul).
Removed top 8 bits (of 32) from port Y of cell gated_delta_d16_fused.$flatten\u_pe.$mul$/Users/toprakgundogdu/qwen-ffn-rom/rtl/gated_delta_fused.v:132$913 ($mul).
Converting cell gated_delta_d16_fused.$flatten\u_pe.$mul$/Users/toprakgundogdu/qwen-ffn-rom/rtl/gated_delta_fused.v:129$911 ($mul) from unsigned to signed.
Removed top 16 bits (of 32) from port A of cell gated_delta_d16_fused.$flatten\u_pe.$mul$/Users/toprakgundogdu/qwen-ffn-rom/rtl/gated_delta_fused.v:129$911 ($mul).
Removed top 23 bits (of 32) from port B of cell gated_delta_d16_fused.$flatten\u_pe.$mul$/Users/toprakgundogdu/qwen-ffn-rom/rtl/gated_delta_fused.v:129$911 ($mul).
Removed top 8 bits (of 32) from port Y of cell gated_delta_d16_fused.$flatten\u_pe.$mul$/Users/toprakgundogdu/qwen-ffn-rom/rtl/gated_delta_fused.v:129$911 ($mul).
Converting cell gated_delta_d16_fused.$flatten\u_pe.$mul$/Users/toprakgundogdu/qwen-ffn-rom/rtl/gated_delta_fused.v:132$910 ($mul) from unsigned to signed.
Removed top 16 bits (of 32) from port A of cell gated_delta_d16_fused.$flatten\u_pe.$mul$/Users/toprakgundogdu/qwen-ffn-rom/rtl/gated_delta_fused.v:132$910 ($mul).
Removed top 24 bits (of 32) from port B of cell gated_delta_d16_fused.$flatten\u_pe.$mul$/Users/toprakgundogdu/qwen-ffn-rom/rtl/gated_delta_fused.v:132$910 ($mul).
Removed top 8 bits (of 32) from port Y of cell gated_delta_d16_fused.$flatten\u_pe.$mul$/Users/toprakgundogdu/qwen-ffn-rom/rtl/gated_delta_fused.v:132$910 ($mul).
Converting cell gated_delta_d16_fused.$flatten\u_pe.$mul$/Users/toprakgundogdu/qwen-ffn-rom/rtl/gated_delta_fused.v:129$908 ($mul) from unsigned to signed.
Removed top 16 bits (of 32) from port A of cell gated_delta_d16_fused.$flatten\u_pe.$mul$/Users/toprakgundogdu/qwen-ffn-rom/rtl/gated_delta_fused.v:129$908 ($mul).
Removed top 23 bits (of 32) from port B of cell gated_delta_d16_fused.$flatten\u_pe.$mul$/Users/toprakgundogdu/qwen-ffn-rom/rtl/gated_delta_fused.v:129$908 ($mul).
Removed top 8 bits (of 32) from port Y of cell gated_delta_d16_fused.$flatten\u_pe.$mul$/Users/toprakgundogdu/qwen-ffn-rom/rtl/gated_delta_fused.v:129$908 ($mul).
Converting cell gated_delta_d16_fused.$flatten\u_pe.$mul$/Users/toprakgundogdu/qwen-ffn-rom/rtl/gated_delta_fused.v:132$907 ($mul) from unsigned to signed.
Removed top 16 bits (of 32) from port A of cell gated_delta_d16_fused.$flatten\u_pe.$mul$/Users/toprakgundogdu/qwen-ffn-rom/rtl/gated_delta_fused.v:132$907 ($mul).
Removed top 24 bits (of 32) from port B of cell gated_delta_d16_fused.$flatten\u_pe.$mul$/Users/toprakgundogdu/qwen-ffn-rom/rtl/gated_delta_fused.v:132$907 ($mul).
Removed top 8 bits (of 32) from port Y of cell gated_delta_d16_fused.$flatten\u_pe.$mul$/Users/toprakgundogdu/qwen-ffn-rom/rtl/gated_delta_fused.v:132$907 ($mul).
Converting cell gated_delta_d16_fused.$flatten\u_pe.$mul$/Users/toprakgundogdu/qwen-ffn-rom/rtl/gated_delta_fused.v:129$905 ($mul) from unsigned to signed.
Removed top 16 bits (of 32) from port A of cell gated_delta_d16_fused.$flatten\u_pe.$mul$/Users/toprakgundogdu/qwen-ffn-rom/rtl/gated_delta_fused.v:129$905 ($mul).
Removed top 23 bits (of 32) from port B of cell gated_delta_d16_fused.$flatten\u_pe.$mul$/Users/toprakgundogdu/qwen-ffn-rom/rtl/gated_delta_fused.v:129$905 ($mul).
Removed top 8 bits (of 32) from port Y of cell gated_delta_d16_fused.$flatten\u_pe.$mul$/Users/toprakgundogdu/qwen-ffn-rom/rtl/gated_delta_fused.v:129$905 ($mul).
Converting cell gated_delta_d16_fused.$flatten\u_pe.$mul$/Users/toprakgundogdu/qwen-ffn-rom/rtl/gated_delta_fused.v:132$904 ($mul) from unsigned to signed.
Removed top 16 bits (of 32) from port A of cell gated_delta_d16_fused.$flatten\u_pe.$mul$/Users/toprakgundogdu/qwen-ffn-rom/rtl/gated_delta_fused.v:132$904 ($mul).
Removed top 24 bits (of 32) from port B of cell gated_delta_d16_fused.$flatten\u_pe.$mul$/Users/toprakgundogdu/qwen-ffn-rom/rtl/gated_delta_fused.v:132$904 ($mul).
Removed top 8 bits (of 32) from port Y of cell gated_delta_d16_fused.$flatten\u_pe.$mul$/Users/toprakgundogdu/qwen-ffn-rom/rtl/gated_delta_fused.v:132$904 ($mul).
Converting cell gated_delta_d16_fused.$flatten\u_pe.$mul$/Users/toprakgundogdu/qwen-ffn-rom/rtl/gated_delta_fused.v:129$902 ($mul) from unsigned to signed.
Removed top 16 bits (of 32) from port A of cell gated_delta_d16_fused.$flatten\u_pe.$mul$/Users/toprakgundogdu/qwen-ffn-rom/rtl/gated_delta_fused.v:129$902 ($mul).
Removed top 23 bits (of 32) from port B of cell gated_delta_d16_fused.$flatten\u_pe.$mul$/Users/toprakgundogdu/qwen-ffn-rom/rtl/gated_delta_fused.v:129$902 ($mul).
Removed top 8 bits (of 32) from port Y of cell gated_delta_d16_fused.$flatten\u_pe.$mul$/Users/toprakgundogdu/qwen-ffn-rom/rtl/gated_delta_fused.v:129$902 ($mul).
Converting cell gated_delta_d16_fused.$flatten\u_pe.$mul$/Users/toprakgundogdu/qwen-ffn-rom/rtl/gated_delta_fused.v:132$901 ($mul) from unsigned to signed.
Removed top 16 bits (of 32) from port A of cell gated_delta_d16_fused.$flatten\u_pe.$mul$/Users/toprakgundogdu/qwen-ffn-rom/rtl/gated_delta_fused.v:132$901 ($mul).
Removed top 24 bits (of 32) from port B of cell gated_delta_d16_fused.$flatten\u_pe.$mul$/Users/toprakgundogdu/qwen-ffn-rom/rtl/gated_delta_fused.v:132$901 ($mul).
Removed top 8 bits (of 32) from port Y of cell gated_delta_d16_fused.$flatten\u_pe.$mul$/Users/toprakgundogdu/qwen-ffn-rom/rtl/gated_delta_fused.v:132$901 ($mul).
Converting cell gated_delta_d16_fused.$flatten\u_pe.$mul$/Users/toprakgundogdu/qwen-ffn-rom/rtl/gated_delta_fused.v:129$899 ($mul) from unsigned to signed.
Removed top 16 bits (of 32) from port A of cell gated_delta_d16_fused.$flatten\u_pe.$mul$/Users/toprakgundogdu/qwen-ffn-rom/rtl/gated_delta_fused.v:129$899 ($mul).
Removed top 23 bits (of 32) from port B of cell gated_delta_d16_fused.$flatten\u_pe.$mul$/Users/toprakgundogdu/qwen-ffn-rom/rtl/gated_delta_fused.v:129$899 ($mul).
Removed top 8 bits (of 32) from port Y of cell gated_delta_d16_fused.$flatten\u_pe.$mul$/Users/toprakgundogdu/qwen-ffn-rom/rtl/gated_delta_fused.v:129$899 ($mul).
Converting cell gated_delta_d16_fused.$flatten\u_pe.$mul$/Users/toprakgundogdu/qwen-ffn-rom/rtl/gated_delta_fused.v:132$898 ($mul) from unsigned to signed.
Removed top 16 bits (of 32) from port A of cell gated_delta_d16_fused.$flatten\u_pe.$mul$/Users/toprakgundogdu/qwen-ffn-rom/rtl/gated_delta_fused.v:132$898 ($mul).
Removed top 24 bits (of 32) from port B of cell gated_delta_d16_fused.$flatten\u_pe.$mul$/Users/toprakgundogdu/qwen-ffn-rom/rtl/gated_delta_fused.v:132$898 ($mul).
Removed top 8 bits (of 32) from port Y of cell gated_delta_d16_fused.$flatten\u_pe.$mul$/Users/toprakgundogdu/qwen-ffn-rom/rtl/gated_delta_fused.v:132$898 ($mul).
Converting cell gated_delta_d16_fused.$flatten\u_pe.$mul$/Users/toprakgundogdu/qwen-ffn-rom/rtl/gated_delta_fused.v:129$896 ($mul) from unsigned to signed.
Removed top 16 bits (of 32) from port A of cell gated_delta_d16_fused.$flatten\u_pe.$mul$/Users/toprakgundogdu/qwen-ffn-rom/rtl/gated_delta_fused.v:129$896 ($mul).
Removed top 23 bits (of 32) from port B of cell gated_delta_d16_fused.$flatten\u_pe.$mul$/Users/toprakgundogdu/qwen-ffn-rom/rtl/gated_delta_fused.v:129$896 ($mul).
Removed top 8 bits (of 32) from port Y of cell gated_delta_d16_fused.$flatten\u_pe.$mul$/Users/toprakgundogdu/qwen-ffn-rom/rtl/gated_delta_fused.v:129$896 ($mul).
Converting cell gated_delta_d16_fused.$flatten\u_pe.$neg$/Users/toprakgundogdu/qwen-ffn-rom/rtl/gated_delta_fused.v:237$893 ($neg) from signed to unsigned.
Removed top 1 bits (of 33) from port A of cell gated_delta_d16_fused.$flatten\u_pe.$neg$/Users/toprakgundogdu/qwen-ffn-rom/rtl/gated_delta_fused.v:237$893 ($neg).
Removed top 27 bits (of 29) from port B of cell gated_delta_d16_fused.$flatten\u_pe.$mul$/Users/toprakgundogdu/qwen-ffn-rom/rtl/gated_delta_fused.v:237$887 ($mul).
Removed top 23 bits (of 29) from port Y of cell gated_delta_d16_fused.$flatten\u_pe.$mul$/Users/toprakgundogdu/qwen-ffn-rom/rtl/gated_delta_fused.v:237$887 ($mul).
Removed top 23 bits (of 32) from port A of cell gated_delta_d16_fused.$flatten\u_pe.$mul$/Users/toprakgundogdu/qwen-ffn-rom/rtl/gated_delta_fused.v:144$857 ($mul).
Converting cell gated_delta_d16_fused.$flatten\u_pe.$sub$/Users/toprakgundogdu/qwen-ffn-rom/rtl/gated_delta_fused.v:144$856 ($sub) from unsigned to signed.
Removed top 24 bits (of 32) from port A of cell gated_delta_d16_fused.$flatten\u_pe.$sub$/Users/toprakgundogdu/qwen-ffn-rom/rtl/gated_delta_fused.v:144$856 ($sub).
Removed top 8 bits (of 32) from port B of cell gated_delta_d16_fused.$flatten\u_pe.$sub$/Users/toprakgundogdu/qwen-ffn-rom/rtl/gated_delta_fused.v:144$856 ($sub).
Removed top 7 bits (of 32) from port Y of cell gated_delta_d16_fused.$flatten\u_pe.$sub$/Users/toprakgundogdu/qwen-ffn-rom/rtl/gated_delta_fused.v:144$856 ($sub).
Removed top 8 bits (of 32) from port B of cell gated_delta_d16_fused.$flatten\u_pe.\u_kv.$add$/Users/toprakgundogdu/qwen-ffn-rom/rtl/gated_delta_fused.v:34$463 ($add).
Removed top 7 bits (of 32) from port B of cell gated_delta_d16_fused.$flatten\u_pe.$mul$/Users/toprakgundogdu/qwen-ffn-rom/rtl/gated_delta_fused.v:144$857 ($mul).
Removed top 8 bits (of 32) from wire gated_delta_d16_fused.$flatten\u_pe.$mul$/Users/toprakgundogdu/qwen-ffn-rom/rtl/gated_delta_fused.v:129$941_Y.
Removed top 8 bits (of 32) from wire gated_delta_d16_fused.$flatten\u_pe.$mul$/Users/toprakgundogdu/qwen-ffn-rom/rtl/gated_delta_fused.v:129$938_Y.
Removed top 8 bits (of 32) from wire gated_delta_d16_fused.$flatten\u_pe.$mul$/Users/toprakgundogdu/qwen-ffn-rom/rtl/gated_delta_fused.v:129$935_Y.
Removed top 8 bits (of 32) from wire gated_delta_d16_fused.$flatten\u_pe.$mul$/Users/toprakgundogdu/qwen-ffn-rom/rtl/gated_delta_fused.v:129$932_Y.
Removed top 8 bits (of 32) from wire gated_delta_d16_fused.$flatten\u_pe.$mul$/Users/toprakgundogdu/qwen-ffn-rom/rtl/gated_delta_fused.v:129$929_Y.
Removed top 8 bits (of 32) from wire gated_delta_d16_fused.$flatten\u_pe.$mul$/Users/toprakgundogdu/qwen-ffn-rom/rtl/gated_delta_fused.v:129$926_Y.
Removed top 8 bits (of 32) from wire gated_delta_d16_fused.$flatten\u_pe.$mul$/Users/toprakgundogdu/qwen-ffn-rom/rtl/gated_delta_fused.v:129$923_Y.
Removed top 8 bits (of 32) from wire gated_delta_d16_fused.$flatten\u_pe.$mul$/Users/toprakgundogdu/qwen-ffn-rom/rtl/gated_delta_fused.v:129$920_Y.
Removed top 8 bits (of 32) from wire gated_delta_d16_fused.$flatten\u_pe.$mul$/Users/toprakgundogdu/qwen-ffn-rom/rtl/gated_delta_fused.v:129$917_Y.
Removed top 8 bits (of 32) from wire gated_delta_d16_fused.$flatten\u_pe.$mul$/Users/toprakgundogdu/qwen-ffn-rom/rtl/gated_delta_fused.v:129$914_Y.
Removed top 8 bits (of 32) from wire gated_delta_d16_fused.$flatten\u_pe.$mul$/Users/toprakgundogdu/qwen-ffn-rom/rtl/gated_delta_fused.v:129$911_Y.
Removed top 8 bits (of 32) from wire gated_delta_d16_fused.$flatten\u_pe.$mul$/Users/toprakgundogdu/qwen-ffn-rom/rtl/gated_delta_fused.v:129$908_Y.
Removed top 8 bits (of 32) from wire gated_delta_d16_fused.$flatten\u_pe.$mul$/Users/toprakgundogdu/qwen-ffn-rom/rtl/gated_delta_fused.v:129$905_Y.
Removed top 8 bits (of 32) from wire gated_delta_d16_fused.$flatten\u_pe.$mul$/Users/toprakgundogdu/qwen-ffn-rom/rtl/gated_delta_fused.v:129$902_Y.
Removed top 8 bits (of 32) from wire gated_delta_d16_fused.$flatten\u_pe.$mul$/Users/toprakgundogdu/qwen-ffn-rom/rtl/gated_delta_fused.v:129$899_Y.
Removed top 8 bits (of 32) from wire gated_delta_d16_fused.$flatten\u_pe.$mul$/Users/toprakgundogdu/qwen-ffn-rom/rtl/gated_delta_fused.v:129$896_Y.
Removed top 23 bits (of 32) from wire gated_delta_d16_fused.$flatten\u_pe.$add$/Users/toprakgundogdu/qwen-ffn-rom/rtl/gated_delta_fused.v:222$875_Y.

9.10. Executing PEEPOPT pass (run peephole optimizers).

9.11. Executing OPT_CLEAN pass (remove unused cells and wires).
Finding unused cells or wires in module \gated_delta_d16_fused..
Removed 0 unused cells and 17 unused wires.
<suppressed ~1 debug messages>

9.12. Executing ALUMACC pass (create $alu and $macc cells).
Extracting $alu and $macc cells in module gated_delta_d16_fused:
  creating $macc model for $flatten\u_pe.$mul$/Users/toprakgundogdu/qwen-ffn-rom/rtl/gated_delta_fused.v:129$908 ($mul).
  creating $macc model for $flatten\u_pe.$add$/Users/toprakgundogdu/qwen-ffn-rom/rtl/gated_delta_fused.v:151$962 ($add).
  creating $macc model for $flatten\u_pe.$mul$/Users/toprakgundogdu/qwen-ffn-rom/rtl/gated_delta_fused.v:132$910 ($mul).
  creating $macc model for $flatten\u_pe.$mul$/Users/toprakgundogdu/qwen-ffn-rom/rtl/gated_delta_fused.v:129$911 ($mul).
  creating $macc model for $flatten\u_pe.$mul$/Users/toprakgundogdu/qwen-ffn-rom/rtl/gated_delta_fused.v:156$963 ($mul).
  creating $macc model for $flatten\u_pe.$mul$/Users/toprakgundogdu/qwen-ffn-rom/rtl/gated_delta_fused.v:132$913 ($mul).
  creating $macc model for $flatten\u_pe.$mul$/Users/toprakgundogdu/qwen-ffn-rom/rtl/gated_delta_fused.v:129$914 ($mul).
  creating $macc model for $flatten\u_pe.$mul$/Users/toprakgundogdu/qwen-ffn-rom/rtl/gated_delta_fused.v:151$964 ($mul).
  creating $macc model for $flatten\u_pe.$mul$/Users/toprakgundogdu/qwen-ffn-rom/rtl/gated_delta_fused.v:132$916 ($mul).
  creating $macc model for $flatten\u_pe.$mul$/Users/toprakgundogdu/qwen-ffn-rom/rtl/gated_delta_fused.v:129$917 ($mul).
  creating $macc model for $flatten\u_pe.$mul$/Users/toprakgundogdu/qwen-ffn-rom/rtl/gated_delta_fused.v:132$919 ($mul).
  creating $macc model for $flatten\u_pe.$add$/Users/toprakgundogdu/qwen-ffn-rom/rtl/gated_delta_fused.v:151$966 ($add).
  creating $macc model for $flatten\u_pe.$mul$/Users/toprakgundogdu/qwen-ffn-rom/rtl/gated_delta_fused.v:129$938 ($mul).
  creating $macc model for $flatten\u_pe.$mul$/Users/toprakgundogdu/qwen-ffn-rom/rtl/gated_delta_fused.v:156$967 ($mul).
  creating $macc model for $flatten\u_pe.$mul$/Users/toprakgundogdu/qwen-ffn-rom/rtl/gated_delta_fused.v:132$937 ($mul).
  creating $macc model for $flatten\u_pe.$mul$/Users/toprakgundogdu/qwen-ffn-rom/rtl/gated_delta_fused.v:129$935 ($mul).
  creating $macc model for $flatten\u_pe.$mul$/Users/toprakgundogdu/qwen-ffn-rom/rtl/gated_delta_fused.v:151$968 ($mul).
  creating $macc model for $flatten\u_pe.$mul$/Users/toprakgundogdu/qwen-ffn-rom/rtl/gated_delta_fused.v:132$934 ($mul).
  creating $macc model for $flatten\u_pe.$mul$/Users/toprakgundogdu/qwen-ffn-rom/rtl/gated_delta_fused.v:129$932 ($mul).
  creating $macc model for $flatten\u_pe.$mul$/Users/toprakgundogdu/qwen-ffn-rom/rtl/gated_delta_fused.v:132$931 ($mul).
  creating $macc model for $flatten\u_pe.$mul$/Users/toprakgundogdu/qwen-ffn-rom/rtl/gated_delta_fused.v:129$929 ($mul).
  creating $macc model for $flatten\u_pe.$add$/Users/toprakgundogdu/qwen-ffn-rom/rtl/gated_delta_fused.v:151$970 ($add).
  creating $macc model for $flatten\u_pe.$mul$/Users/toprakgundogdu/qwen-ffn-rom/rtl/gated_delta_fused.v:132$928 ($mul).
  creating $macc model for $flatten\u_pe.$mul$/Users/toprakgundogdu/qwen-ffn-rom/rtl/gated_delta_fused.v:129$926 ($mul).
  creating $macc model for $flatten\u_pe.$mul$/Users/toprakgundogdu/qwen-ffn-rom/rtl/gated_delta_fused.v:156$971 ($mul).
  creating $macc model for $flatten\u_pe.$mul$/Users/toprakgundogdu/qwen-ffn-rom/rtl/gated_delta_fused.v:132$925 ($mul).
  creating $macc model for $flatten\u_pe.$mul$/Users/toprakgundogdu/qwen-ffn-rom/rtl/gated_delta_fused.v:151$972 ($mul).
  creating $macc model for $flatten\u_pe.$add$/Users/toprakgundogdu/qwen-ffn-rom/rtl/gated_delta_fused.v:151$974 ($add).
  creating $macc model for $flatten\u_pe.$mul$/Users/toprakgundogdu/qwen-ffn-rom/rtl/gated_delta_fused.v:156$975 ($mul).
  creating $macc model for $flatten\u_pe.$mul$/Users/toprakgundogdu/qwen-ffn-rom/rtl/gated_delta_fused.v:151$976 ($mul).
  creating $macc model for $flatten\u_pe.$add$/Users/toprakgundogdu/qwen-ffn-rom/rtl/gated_delta_fused.v:151$978 ($add).
  creating $macc model for $flatten\u_pe.$mul$/Users/toprakgundogdu/qwen-ffn-rom/rtl/gated_delta_fused.v:156$979 ($mul).
  creating $macc model for $flatten\u_pe.$mul$/Users/toprakgundogdu/qwen-ffn-rom/rtl/gated_delta_fused.v:151$980 ($mul).
  creating $macc model for $flatten\u_pe.$add$/Users/toprakgundogdu/qwen-ffn-rom/rtl/gated_delta_fused.v:151$982 ($add).
  creating $macc model for $flatten\u_pe.$mul$/Users/toprakgundogdu/qwen-ffn-rom/rtl/gated_delta_fused.v:156$983 ($mul).
  creating $macc model for $flatten\u_pe.$mul$/Users/toprakgundogdu/qwen-ffn-rom/rtl/gated_delta_fused.v:151$984 ($mul).
  creating $macc model for $flatten\u_pe.$add$/Users/toprakgundogdu/qwen-ffn-rom/rtl/gated_delta_fused.v:151$986 ($add).
  creating $macc model for $flatten\u_pe.$mul$/Users/toprakgundogdu/qwen-ffn-rom/rtl/gated_delta_fused.v:156$947 ($mul).
  creating $macc model for $flatten\u_pe.$mul$/Users/toprakgundogdu/qwen-ffn-rom/rtl/gated_delta_fused.v:156$987 ($mul).
  creating $macc model for $flatten\u_pe.$mul$/Users/toprakgundogdu/qwen-ffn-rom/rtl/gated_delta_fused.v:151$944 ($mul).
  creating $macc model for $flatten\u_pe.$mul$/Users/toprakgundogdu/qwen-ffn-rom/rtl/gated_delta_fused.v:151$948 ($mul).
  creating $macc model for $flatten\u_pe.$mul$/Users/toprakgundogdu/qwen-ffn-rom/rtl/gated_delta_fused.v:151$988 ($mul).
  creating $macc model for $flatten\u_pe.$add$/Users/toprakgundogdu/qwen-ffn-rom/rtl/gated_delta_fused.v:151$990 ($add).
  creating $macc model for $flatten\u_pe.$add$/Users/toprakgundogdu/qwen-ffn-rom/rtl/gated_delta_fused.v:151$950 ($add).
  creating $macc model for $flatten\u_pe.$mul$/Users/toprakgundogdu/qwen-ffn-rom/rtl/gated_delta_fused.v:156$991 ($mul).
  creating $macc model for $flatten\u_pe.$mul$/Users/toprakgundogdu/qwen-ffn-rom/rtl/gated_delta_fused.v:156$951 ($mul).
  creating $macc model for $flatten\u_pe.$mul$/Users/toprakgundogdu/qwen-ffn-rom/rtl/gated_delta_fused.v:151$992 ($mul).
  creating $macc model for $flatten\u_pe.$mul$/Users/toprakgundogdu/qwen-ffn-rom/rtl/gated_delta_fused.v:132$943 ($mul).
  creating $macc model for $flatten\u_pe.$mul$/Users/toprakgundogdu/qwen-ffn-rom/rtl/gated_delta_fused.v:151$952 ($mul).
  creating $macc model for $flatten\u_pe.$add$/Users/toprakgundogdu/qwen-ffn-rom/rtl/gated_delta_fused.v:151$994 ($add).
  creating $macc model for $flatten\u_pe.$mul$/Users/toprakgundogdu/qwen-ffn-rom/rtl/gated_delta_fused.v:156$995 ($mul).
  creating $macc model for $flatten\u_pe.$add$/Users/toprakgundogdu/qwen-ffn-rom/rtl/gated_delta_fused.v:151$954 ($add).
  creating $macc model for $flatten\u_pe.$mul$/Users/toprakgundogdu/qwen-ffn-rom/rtl/gated_delta_fused.v:151$996 ($mul).
  creating $macc model for $flatten\u_pe.$add$/Users/toprakgundogdu/qwen-ffn-rom/rtl/gated_delta_fused.v:151$998 ($add).
  creating $macc model for $flatten\u_pe.$mul$/Users/toprakgundogdu/qwen-ffn-rom/rtl/gated_delta_fused.v:156$955 ($mul).
  creating $macc model for $flatten\u_pe.$mul$/Users/toprakgundogdu/qwen-ffn-rom/rtl/gated_delta_fused.v:156$999 ($mul).
  creating $macc model for $flatten\u_pe.$mul$/Users/toprakgundogdu/qwen-ffn-rom/rtl/gated_delta_fused.v:151$956 ($mul).
  creating $macc model for $flatten\u_pe.$mul$/Users/toprakgundogdu/qwen-ffn-rom/rtl/gated_delta_fused.v:151$1000 ($mul).
  creating $macc model for $flatten\u_pe.$add$/Users/toprakgundogdu/qwen-ffn-rom/rtl/gated_delta_fused.v:151$1002 ($add).
  creating $macc model for $flatten\u_pe.$mul$/Users/toprakgundogdu/qwen-ffn-rom/rtl/gated_delta_fused.v:129$941 ($mul).
  creating $macc model for $flatten\u_pe.$mul$/Users/toprakgundogdu/qwen-ffn-rom/rtl/gated_delta_fused.v:156$1003 ($mul).
  creating $macc model for $flatten\u_pe.$mul$/Users/toprakgundogdu/qwen-ffn-rom/rtl/gated_delta_fused.v:151$1004 ($mul).
  creating $macc model for $flatten\u_pe.$add$/Users/toprakgundogdu/qwen-ffn-rom/rtl/gated_delta_fused.v:151$958 ($add).
  creating $macc model for $flatten\u_pe.$mul$/Users/toprakgundogdu/qwen-ffn-rom/rtl/gated_delta_fused.v:132$940 ($mul).
  creating $macc model for $flatten\u_pe.$mul$/Users/toprakgundogdu/qwen-ffn-rom/rtl/gated_delta_fused.v:129$902 ($mul).
  creating $macc model for $flatten\u_pe.$add$/Users/toprakgundogdu/qwen-ffn-rom/rtl/gated_delta_fused.v:151$1006 ($add).
  creating $macc model for $flatten\u_pe.$mul$/Users/toprakgundogdu/qwen-ffn-rom/rtl/gated_delta_fused.v:156$1007 ($mul).
  creating $macc model for $flatten\u_pe.$mul$/Users/toprakgundogdu/qwen-ffn-rom/rtl/gated_delta_fused.v:156$959 ($mul).
  creating $macc model for $flatten\u_pe.$add$/Users/toprakgundogdu/qwen-ffn-rom/rtl/gated_delta_fused.v:151$946 ($add).
  creating $macc model for $flatten\u_pe.$mul$/Users/toprakgundogdu/qwen-ffn-rom/rtl/gated_delta_fused.v:132$904 ($mul).
  creating $macc model for $flatten\u_pe.$mul$/Users/toprakgundogdu/qwen-ffn-rom/rtl/gated_delta_fused.v:129$905 ($mul).
  creating $macc model for $flatten\u_pe.$mul$/Users/toprakgundogdu/qwen-ffn-rom/rtl/gated_delta_fused.v:151$960 ($mul).
  creating $macc model for $flatten\u_pe.$mul$/Users/toprakgundogdu/qwen-ffn-rom/rtl/gated_delta_fused.v:132$907 ($mul).
  creating $macc model for $flatten\u_pe.$mul$/Users/toprakgundogdu/qwen-ffn-rom/rtl/gated_delta_fused.v:132$901 ($mul).
  creating $macc model for $flatten\u_pe.\u_kv.$add$/Users/toprakgundogdu/qwen-ffn-rom/rtl/gated_delta_fused.v:34$463 ($add).
  creating $macc model for $flatten\u_pe.\u_kv.$add$/Users/toprakgundogdu/qwen-ffn-rom/rtl/gated_delta_fused.v:34$462 ($add).
  creating $macc model for $flatten\u_pe.\u_kv.$add$/Users/toprakgundogdu/qwen-ffn-rom/rtl/gated_delta_fused.v:34$461 ($add).
  creating $macc model for $flatten\u_pe.\u_kv.$add$/Users/toprakgundogdu/qwen-ffn-rom/rtl/gated_delta_fused.v:34$460 ($add).
  creating $macc model for $flatten\u_pe.\u_kv.$add$/Users/toprakgundogdu/qwen-ffn-rom/rtl/gated_delta_fused.v:34$459 ($add).
  creating $macc model for $flatten\u_pe.\u_kv.$add$/Users/toprakgundogdu/qwen-ffn-rom/rtl/gated_delta_fused.v:34$458 ($add).
  creating $macc model for $flatten\u_pe.\u_kv.$add$/Users/toprakgundogdu/qwen-ffn-rom/rtl/gated_delta_fused.v:34$457 ($add).
  creating $macc model for $flatten\u_pe.\u_kv.$add$/Users/toprakgundogdu/qwen-ffn-rom/rtl/gated_delta_fused.v:34$456 ($add).
  creating $macc model for $flatten\u_pe.\u_kv.$add$/Users/toprakgundogdu/qwen-ffn-rom/rtl/gated_delta_fused.v:34$455 ($add).
  creating $macc model for $flatten\u_pe.\u_kv.$add$/Users/toprakgundogdu/qwen-ffn-rom/rtl/gated_delta_fused.v:34$454 ($add).
  creating $macc model for $flatten\u_pe.\u_kv.$add$/Users/toprakgundogdu/qwen-ffn-rom/rtl/gated_delta_fused.v:34$453 ($add).
  creating $macc model for $flatten\u_pe.\u_kv.$add$/Users/toprakgundogdu/qwen-ffn-rom/rtl/gated_delta_fused.v:34$452 ($add).
  creating $macc model for $flatten\u_pe.\u_kv.$add$/Users/toprakgundogdu/qwen-ffn-rom/rtl/gated_delta_fused.v:34$451 ($add).
  creating $macc model for $flatten\u_pe.\u_kv.$add$/Users/toprakgundogdu/qwen-ffn-rom/rtl/gated_delta_fused.v:34$450 ($add).
  creating $macc model for $flatten\u_pe.\u_kv.$add$/Users/toprakgundogdu/qwen-ffn-rom/rtl/gated_delta_fused.v:34$449 ($add).
  creating $macc model for $flatten\u_pe.\u_o.$add$/Users/toprakgundogdu/qwen-ffn-rom/rtl/gated_delta_fused.v:34$463 ($add).
  creating $macc model for $flatten\u_pe.\u_o.$add$/Users/toprakgundogdu/qwen-ffn-rom/rtl/gated_delta_fused.v:34$462 ($add).
  creating $macc model for $flatten\u_pe.\u_o.$add$/Users/toprakgundogdu/qwen-ffn-rom/rtl/gated_delta_fused.v:34$461 ($add).
  creating $macc model for $flatten\u_pe.\u_o.$add$/Users/toprakgundogdu/qwen-ffn-rom/rtl/gated_delta_fused.v:34$460 ($add).
  creating $macc model for $flatten\u_pe.\u_o.$add$/Users/toprakgundogdu/qwen-ffn-rom/rtl/gated_delta_fused.v:34$459 ($add).
  creating $macc model for $flatten\u_pe.\u_o.$add$/Users/toprakgundogdu/qwen-ffn-rom/rtl/gated_delta_fused.v:34$458 ($add).
  creating $macc model for $flatten\u_pe.\u_o.$add$/Users/toprakgundogdu/qwen-ffn-rom/rtl/gated_delta_fused.v:34$457 ($add).
  creating $macc model for $flatten\u_pe.\u_o.$add$/Users/toprakgundogdu/qwen-ffn-rom/rtl/gated_delta_fused.v:34$456 ($add).
  creating $macc model for $flatten\u_pe.\u_o.$add$/Users/toprakgundogdu/qwen-ffn-rom/rtl/gated_delta_fused.v:34$455 ($add).
  creating $macc model for $flatten\u_pe.\u_o.$add$/Users/toprakgundogdu/qwen-ffn-rom/rtl/gated_delta_fused.v:34$454 ($add).
  creating $macc model for $flatten\u_pe.\u_o.$add$/Users/toprakgundogdu/qwen-ffn-rom/rtl/gated_delta_fused.v:34$453 ($add).
  creating $macc model for $flatten\u_pe.\u_o.$add$/Users/toprakgundogdu/qwen-ffn-rom/rtl/gated_delta_fused.v:34$452 ($add).
  creating $macc model for $flatten\u_pe.\u_o.$add$/Users/toprakgundogdu/qwen-ffn-rom/rtl/gated_delta_fused.v:34$451 ($add).
  creating $macc model for $flatten\u_pe.\u_o.$add$/Users/toprakgundogdu/qwen-ffn-rom/rtl/gated_delta_fused.v:34$450 ($add).
  creating $macc model for $flatten\u_pe.\u_o.$add$/Users/toprakgundogdu/qwen-ffn-rom/rtl/gated_delta_fused.v:34$449 ($add).
  creating $macc model for $flatten\u_pe.$mul$/Users/toprakgundogdu/qwen-ffn-rom/rtl/gated_delta_fused.v:129$899 ($mul).
  creating $macc model for $flatten\u_pe.$mul$/Users/toprakgundogdu/qwen-ffn-rom/rtl/gated_delta_fused.v:132$898 ($mul).
  creating $macc model for $flatten\u_pe.$mul$/Users/toprakgundogdu/qwen-ffn-rom/rtl/gated_delta_fused.v:129$896 ($mul).
  creating $macc model for $flatten\u_pe.$neg$/Users/toprakgundogdu/qwen-ffn-rom/rtl/gated_delta_fused.v:237$893 ($neg).
  creating $macc model for $flatten\u_pe.$sub$/Users/toprakgundogdu/qwen-ffn-rom/rtl/gated_delta_fused.v:144$856 ($sub).
  creating $macc model for $flatten\u_pe.$mul$/Users/toprakgundogdu/qwen-ffn-rom/rtl/gated_delta_fused.v:237$887 ($mul).
  creating $macc model for $flatten\u_pe.$mul$/Users/toprakgundogdu/qwen-ffn-rom/rtl/gated_delta_fused.v:129$923 ($mul).
  creating $macc model for $flatten\u_pe.$add$/Users/toprakgundogdu/qwen-ffn-rom/rtl/gated_delta_fused.v:212$873 ($add).
  creating $macc model for $flatten\u_pe.$mul$/Users/toprakgundogdu/qwen-ffn-rom/rtl/gated_delta_fused.v:129$920 ($mul).
  creating $macc model for $flatten\u_pe.$mul$/Users/toprakgundogdu/qwen-ffn-rom/rtl/gated_delta_fused.v:132$922 ($mul).
  creating $macc model for $flatten\u_pe.$mul$/Users/toprakgundogdu/qwen-ffn-rom/rtl/gated_delta_fused.v:144$857 ($mul).
  merging $macc model for $flatten\u_pe.\u_o.$add$/Users/toprakgundogdu/qwen-ffn-rom/rtl/gated_delta_fused.v:34$449 into $flatten\u_pe.\u_o.$add$/Users/toprakgundogdu/qwen-ffn-rom/rtl/gated_delta_fused.v:34$450.
  merging $macc model for $flatten\u_pe.\u_o.$add$/Users/toprakgundogdu/qwen-ffn-rom/rtl/gated_delta_fused.v:34$450 into $flatten\u_pe.\u_o.$add$/Users/toprakgundogdu/qwen-ffn-rom/rtl/gated_delta_fused.v:34$451.
  merging $macc model for $flatten\u_pe.\u_o.$add$/Users/toprakgundogdu/qwen-ffn-rom/rtl/gated_delta_fused.v:34$451 into $flatten\u_pe.\u_o.$add$/Users/toprakgundogdu/qwen-ffn-rom/rtl/gated_delta_fused.v:34$452.
  merging $macc model for $flatten\u_pe.\u_o.$add$/Users/toprakgundogdu/qwen-ffn-rom/rtl/gated_delta_fused.v:34$452 into $flatten\u_pe.\u_o.$add$/Users/toprakgundogdu/qwen-ffn-rom/rtl/gated_delta_fused.v:34$453.
  merging $macc model for $flatten\u_pe.\u_o.$add$/Users/toprakgundogdu/qwen-ffn-rom/rtl/gated_delta_fused.v:34$453 into $flatten\u_pe.\u_o.$add$/Users/toprakgundogdu/qwen-ffn-rom/rtl/gated_delta_fused.v:34$454.
  merging $macc model for $flatten\u_pe.\u_o.$add$/Users/toprakgundogdu/qwen-ffn-rom/rtl/gated_delta_fused.v:34$454 into $flatten\u_pe.\u_o.$add$/Users/toprakgundogdu/qwen-ffn-rom/rtl/gated_delta_fused.v:34$455.
  merging $macc model for $flatten\u_pe.\u_o.$add$/Users/toprakgundogdu/qwen-ffn-rom/rtl/gated_delta_fused.v:34$455 into $flatten\u_pe.\u_o.$add$/Users/toprakgundogdu/qwen-ffn-rom/rtl/gated_delta_fused.v:34$456.
  merging $macc model for $flatten\u_pe.\u_o.$add$/Users/toprakgundogdu/qwen-ffn-rom/rtl/gated_delta_fused.v:34$456 into $flatten\u_pe.\u_o.$add$/Users/toprakgundogdu/qwen-ffn-rom/rtl/gated_delta_fused.v:34$457.
  merging $macc model for $flatten\u_pe.\u_o.$add$/Users/toprakgundogdu/qwen-ffn-rom/rtl/gated_delta_fused.v:34$457 into $flatten\u_pe.\u_o.$add$/Users/toprakgundogdu/qwen-ffn-rom/rtl/gated_delta_fused.v:34$458.
  merging $macc model for $flatten\u_pe.\u_o.$add$/Users/toprakgundogdu/qwen-ffn-rom/rtl/gated_delta_fused.v:34$458 into $flatten\u_pe.\u_o.$add$/Users/toprakgundogdu/qwen-ffn-rom/rtl/gated_delta_fused.v:34$459.
  merging $macc model for $flatten\u_pe.\u_o.$add$/Users/toprakgundogdu/qwen-ffn-rom/rtl/gated_delta_fused.v:34$459 into $flatten\u_pe.\u_o.$add$/Users/toprakgundogdu/qwen-ffn-rom/rtl/gated_delta_fused.v:34$460.
  merging $macc model for $flatten\u_pe.\u_o.$add$/Users/toprakgundogdu/qwen-ffn-rom/rtl/gated_delta_fused.v:34$460 into $flatten\u_pe.\u_o.$add$/Users/toprakgundogdu/qwen-ffn-rom/rtl/gated_delta_fused.v:34$461.
  merging $macc model for $flatten\u_pe.\u_o.$add$/Users/toprakgundogdu/qwen-ffn-rom/rtl/gated_delta_fused.v:34$461 into $flatten\u_pe.\u_o.$add$/Users/toprakgundogdu/qwen-ffn-rom/rtl/gated_delta_fused.v:34$462.
  merging $macc model for $flatten\u_pe.\u_o.$add$/Users/toprakgundogdu/qwen-ffn-rom/rtl/gated_delta_fused.v:34$462 into $flatten\u_pe.\u_o.$add$/Users/toprakgundogdu/qwen-ffn-rom/rtl/gated_delta_fused.v:34$463.
  merging $macc model for $flatten\u_pe.\u_kv.$add$/Users/toprakgundogdu/qwen-ffn-rom/rtl/gated_delta_fused.v:34$449 into $flatten\u_pe.\u_kv.$add$/Users/toprakgundogdu/qwen-ffn-rom/rtl/gated_delta_fused.v:34$450.
  merging $macc model for $flatten\u_pe.\u_kv.$add$/Users/toprakgundogdu/qwen-ffn-rom/rtl/gated_delta_fused.v:34$450 into $flatten\u_pe.\u_kv.$add$/Users/toprakgundogdu/qwen-ffn-rom/rtl/gated_delta_fused.v:34$451.
  merging $macc model for $flatten\u_pe.\u_kv.$add$/Users/toprakgundogdu/qwen-ffn-rom/rtl/gated_delta_fused.v:34$451 into $flatten\u_pe.\u_kv.$add$/Users/toprakgundogdu/qwen-ffn-rom/rtl/gated_delta_fused.v:34$452.
  merging $macc model for $flatten\u_pe.\u_kv.$add$/Users/toprakgundogdu/qwen-ffn-rom/rtl/gated_delta_fused.v:34$452 into $flatten\u_pe.\u_kv.$add$/Users/toprakgundogdu/qwen-ffn-rom/rtl/gated_delta_fused.v:34$453.
  merging $macc model for $flatten\u_pe.\u_kv.$add$/Users/toprakgundogdu/qwen-ffn-rom/rtl/gated_delta_fused.v:34$453 into $flatten\u_pe.\u_kv.$add$/Users/toprakgundogdu/qwen-ffn-rom/rtl/gated_delta_fused.v:34$454.
  merging $macc model for $flatten\u_pe.\u_kv.$add$/Users/toprakgundogdu/qwen-ffn-rom/rtl/gated_delta_fused.v:34$454 into $flatten\u_pe.\u_kv.$add$/Users/toprakgundogdu/qwen-ffn-rom/rtl/gated_delta_fused.v:34$455.
  merging $macc model for $flatten\u_pe.\u_kv.$add$/Users/toprakgundogdu/qwen-ffn-rom/rtl/gated_delta_fused.v:34$455 into $flatten\u_pe.\u_kv.$add$/Users/toprakgundogdu/qwen-ffn-rom/rtl/gated_delta_fused.v:34$456.
  merging $macc model for $flatten\u_pe.\u_kv.$add$/Users/toprakgundogdu/qwen-ffn-rom/rtl/gated_delta_fused.v:34$456 into $flatten\u_pe.\u_kv.$add$/Users/toprakgundogdu/qwen-ffn-rom/rtl/gated_delta_fused.v:34$457.
  merging $macc model for $flatten\u_pe.\u_kv.$add$/Users/toprakgundogdu/qwen-ffn-rom/rtl/gated_delta_fused.v:34$457 into $flatten\u_pe.\u_kv.$add$/Users/toprakgundogdu/qwen-ffn-rom/rtl/gated_delta_fused.v:34$458.
  merging $macc model for $flatten\u_pe.\u_kv.$add$/Users/toprakgundogdu/qwen-ffn-rom/rtl/gated_delta_fused.v:34$458 into $flatten\u_pe.\u_kv.$add$/Users/toprakgundogdu/qwen-ffn-rom/rtl/gated_delta_fused.v:34$459.
  merging $macc model for $flatten\u_pe.\u_kv.$add$/Users/toprakgundogdu/qwen-ffn-rom/rtl/gated_delta_fused.v:34$459 into $flatten\u_pe.\u_kv.$add$/Users/toprakgundogdu/qwen-ffn-rom/rtl/gated_delta_fused.v:34$460.
  merging $macc model for $flatten\u_pe.\u_kv.$add$/Users/toprakgundogdu/qwen-ffn-rom/rtl/gated_delta_fused.v:34$460 into $flatten\u_pe.\u_kv.$add$/Users/toprakgundogdu/qwen-ffn-rom/rtl/gated_delta_fused.v:34$461.
  merging $macc model for $flatten\u_pe.\u_kv.$add$/Users/toprakgundogdu/qwen-ffn-rom/rtl/gated_delta_fused.v:34$461 into $flatten\u_pe.\u_kv.$add$/Users/toprakgundogdu/qwen-ffn-rom/rtl/gated_delta_fused.v:34$462.
  merging $macc model for $flatten\u_pe.\u_kv.$add$/Users/toprakgundogdu/qwen-ffn-rom/rtl/gated_delta_fused.v:34$462 into $flatten\u_pe.\u_kv.$add$/Users/toprakgundogdu/qwen-ffn-rom/rtl/gated_delta_fused.v:34$463.
  merging $macc model for $flatten\u_pe.$mul$/Users/toprakgundogdu/qwen-ffn-rom/rtl/gated_delta_fused.v:132$943 into $flatten\u_pe.\u_kv.$add$/Users/toprakgundogdu/qwen-ffn-rom/rtl/gated_delta_fused.v:34$463.
  creating $alu model for $macc $flatten\u_pe.$neg$/Users/toprakgundogdu/qwen-ffn-rom/rtl/gated_delta_fused.v:237$893.
  creating $alu model for $macc $flatten\u_pe.$sub$/Users/toprakgundogdu/qwen-ffn-rom/rtl/gated_delta_fused.v:144$856.
  creating $alu model for $macc $flatten\u_pe.$add$/Users/toprakgundogdu/qwen-ffn-rom/rtl/gated_delta_fused.v:212$873.
  creating $alu model for $macc $flatten\u_pe.$add$/Users/toprakgundogdu/qwen-ffn-rom/rtl/gated_delta_fused.v:151$946.
  creating $alu model for $macc $flatten\u_pe.$add$/Users/toprakgundogdu/qwen-ffn-rom/rtl/gated_delta_fused.v:151$1006.
  creating $alu model for $macc $flatten\u_pe.$add$/Users/toprakgundogdu/qwen-ffn-rom/rtl/gated_delta_fused.v:151$958.
  creating $alu model for $macc $flatten\u_pe.$add$/Users/toprakgundogdu/qwen-ffn-rom/rtl/gated_delta_fused.v:151$1002.
  creating $alu model for $macc $flatten\u_pe.$add$/Users/toprakgundogdu/qwen-ffn-rom/rtl/gated_delta_fused.v:151$998.
  creating $alu model for $macc $flatten\u_pe.$add$/Users/toprakgundogdu/qwen-ffn-rom/rtl/gated_delta_fused.v:151$954.
  creating $alu model for $macc $flatten\u_pe.$add$/Users/toprakgundogdu/qwen-ffn-rom/rtl/gated_delta_fused.v:151$994.
  creating $alu model for $macc $flatten\u_pe.$add$/Users/toprakgundogdu/qwen-ffn-rom/rtl/gated_delta_fused.v:151$950.
  creating $alu model for $macc $flatten\u_pe.$add$/Users/toprakgundogdu/qwen-ffn-rom/rtl/gated_delta_fused.v:151$990.
  creating $alu model for $macc $flatten\u_pe.$add$/Users/toprakgundogdu/qwen-ffn-rom/rtl/gated_delta_fused.v:151$986.
  creating $alu model for $macc $flatten\u_pe.$add$/Users/toprakgundogdu/qwen-ffn-rom/rtl/gated_delta_fused.v:151$982.
  creating $alu model for $macc $flatten\u_pe.$add$/Users/toprakgundogdu/qwen-ffn-rom/rtl/gated_delta_fused.v:151$978.
  creating $alu model for $macc $flatten\u_pe.$add$/Users/toprakgundogdu/qwen-ffn-rom/rtl/gated_delta_fused.v:151$974.
  creating $alu model for $macc $flatten\u_pe.$add$/Users/toprakgundogdu/qwen-ffn-rom/rtl/gated_delta_fused.v:151$970.
  creating $alu model for $macc $flatten\u_pe.$add$/Users/toprakgundogdu/qwen-ffn-rom/rtl/gated_delta_fused.v:151$966.
  creating $alu model for $macc $flatten\u_pe.$add$/Users/toprakgundogdu/qwen-ffn-rom/rtl/gated_delta_fused.v:151$962.
  creating $macc cell for $flatten\u_pe.$mul$/Users/toprakgundogdu/qwen-ffn-rom/rtl/gated_delta_fused.v:156$1007: $auto$alumacc.cc:399:replace_macc$2477
  creating $macc cell for $flatten\u_pe.$mul$/Users/toprakgundogdu/qwen-ffn-rom/rtl/gated_delta_fused.v:151$960: $auto$alumacc.cc:399:replace_macc$2478
  creating $macc cell for $flatten\u_pe.$mul$/Users/toprakgundogdu/qwen-ffn-rom/rtl/gated_delta_fused.v:129$902: $auto$alumacc.cc:399:replace_macc$2479
  creating $macc cell for $flatten\u_pe.$mul$/Users/toprakgundogdu/qwen-ffn-rom/rtl/gated_delta_fused.v:132$940: $auto$alumacc.cc:399:replace_macc$2480
  creating $macc cell for $flatten\u_pe.$mul$/Users/toprakgundogdu/qwen-ffn-rom/rtl/gated_delta_fused.v:132$907: $auto$alumacc.cc:399:replace_macc$2481
  creating $macc cell for $flatten\u_pe.$mul$/Users/toprakgundogdu/qwen-ffn-rom/rtl/gated_delta_fused.v:151$1004: $auto$alumacc.cc:399:replace_macc$2482
  creating $macc cell for $flatten\u_pe.$mul$/Users/toprakgundogdu/qwen-ffn-rom/rtl/gated_delta_fused.v:156$1003: $auto$alumacc.cc:399:replace_macc$2483
  creating $macc cell for $flatten\u_pe.$mul$/Users/toprakgundogdu/qwen-ffn-rom/rtl/gated_delta_fused.v:129$941: $auto$alumacc.cc:399:replace_macc$2484
  creating $macc cell for $flatten\u_pe.$mul$/Users/toprakgundogdu/qwen-ffn-rom/rtl/gated_delta_fused.v:132$901: $auto$alumacc.cc:399:replace_macc$2485
  creating $macc cell for $flatten\u_pe.$mul$/Users/toprakgundogdu/qwen-ffn-rom/rtl/gated_delta_fused.v:151$1000: $auto$alumacc.cc:399:replace_macc$2486
  creating $macc cell for $flatten\u_pe.$mul$/Users/toprakgundogdu/qwen-ffn-rom/rtl/gated_delta_fused.v:151$956: $auto$alumacc.cc:399:replace_macc$2487
  creating $macc cell for $flatten\u_pe.$mul$/Users/toprakgundogdu/qwen-ffn-rom/rtl/gated_delta_fused.v:156$999: $auto$alumacc.cc:399:replace_macc$2488
  creating $macc cell for $flatten\u_pe.$mul$/Users/toprakgundogdu/qwen-ffn-rom/rtl/gated_delta_fused.v:156$955: $auto$alumacc.cc:399:replace_macc$2489
  creating $macc cell for $flatten\u_pe.\u_kv.$add$/Users/toprakgundogdu/qwen-ffn-rom/rtl/gated_delta_fused.v:34$463: $auto$alumacc.cc:399:replace_macc$2490
  creating $macc cell for $flatten\u_pe.$mul$/Users/toprakgundogdu/qwen-ffn-rom/rtl/gated_delta_fused.v:151$996: $auto$alumacc.cc:399:replace_macc$2491
  creating $macc cell for $flatten\u_pe.$mul$/Users/toprakgundogdu/qwen-ffn-rom/rtl/gated_delta_fused.v:132$922: $auto$alumacc.cc:399:replace_macc$2492
  creating $macc cell for $flatten\u_pe.$mul$/Users/toprakgundogdu/qwen-ffn-rom/rtl/gated_delta_fused.v:156$995: $auto$alumacc.cc:399:replace_macc$2493
  creating $macc cell for $flatten\u_pe.$mul$/Users/toprakgundogdu/qwen-ffn-rom/rtl/gated_delta_fused.v:129$920: $auto$alumacc.cc:399:replace_macc$2494
  creating $macc cell for $flatten\u_pe.$mul$/Users/toprakgundogdu/qwen-ffn-rom/rtl/gated_delta_fused.v:151$952: $auto$alumacc.cc:399:replace_macc$2495
  creating $macc cell for $flatten\u_pe.$mul$/Users/toprakgundogdu/qwen-ffn-rom/rtl/gated_delta_fused.v:144$857: $auto$alumacc.cc:399:replace_macc$2496
  creating $macc cell for $flatten\u_pe.$mul$/Users/toprakgundogdu/qwen-ffn-rom/rtl/gated_delta_fused.v:151$992: $auto$alumacc.cc:399:replace_macc$2497
  creating $macc cell for $flatten\u_pe.$mul$/Users/toprakgundogdu/qwen-ffn-rom/rtl/gated_delta_fused.v:156$951: $auto$alumacc.cc:399:replace_macc$2498
  creating $macc cell for $flatten\u_pe.$mul$/Users/toprakgundogdu/qwen-ffn-rom/rtl/gated_delta_fused.v:156$991: $auto$alumacc.cc:399:replace_macc$2499
  creating $macc cell for $flatten\u_pe.$mul$/Users/toprakgundogdu/qwen-ffn-rom/rtl/gated_delta_fused.v:132$904: $auto$alumacc.cc:399:replace_macc$2500
  creating $macc cell for $flatten\u_pe.$mul$/Users/toprakgundogdu/qwen-ffn-rom/rtl/gated_delta_fused.v:129$923: $auto$alumacc.cc:399:replace_macc$2501
  creating $macc cell for $flatten\u_pe.$mul$/Users/toprakgundogdu/qwen-ffn-rom/rtl/gated_delta_fused.v:151$988: $auto$alumacc.cc:399:replace_macc$2502
  creating $macc cell for $flatten\u_pe.$mul$/Users/toprakgundogdu/qwen-ffn-rom/rtl/gated_delta_fused.v:151$948: $auto$alumacc.cc:399:replace_macc$2503
  creating $macc cell for $flatten\u_pe.$mul$/Users/toprakgundogdu/qwen-ffn-rom/rtl/gated_delta_fused.v:151$944: $auto$alumacc.cc:399:replace_macc$2504
  creating $macc cell for $flatten\u_pe.$mul$/Users/toprakgundogdu/qwen-ffn-rom/rtl/gated_delta_fused.v:156$987: $auto$alumacc.cc:399:replace_macc$2505
  creating $macc cell for $flatten\u_pe.$mul$/Users/toprakgundogdu/qwen-ffn-rom/rtl/gated_delta_fused.v:156$947: $auto$alumacc.cc:399:replace_macc$2506
  creating $macc cell for $flatten\u_pe.$mul$/Users/toprakgundogdu/qwen-ffn-rom/rtl/gated_delta_fused.v:237$887: $auto$alumacc.cc:399:replace_macc$2507
  creating $macc cell for $flatten\u_pe.$mul$/Users/toprakgundogdu/qwen-ffn-rom/rtl/gated_delta_fused.v:151$984: $auto$alumacc.cc:399:replace_macc$2508
  creating $macc cell for $flatten\u_pe.$mul$/Users/toprakgundogdu/qwen-ffn-rom/rtl/gated_delta_fused.v:156$983: $auto$alumacc.cc:399:replace_macc$2509
  creating $macc cell for $flatten\u_pe.$mul$/Users/toprakgundogdu/qwen-ffn-rom/rtl/gated_delta_fused.v:129$905: $auto$alumacc.cc:399:replace_macc$2510
  creating $macc cell for $flatten\u_pe.$mul$/Users/toprakgundogdu/qwen-ffn-rom/rtl/gated_delta_fused.v:151$980: $auto$alumacc.cc:399:replace_macc$2511
  creating $macc cell for $flatten\u_pe.$mul$/Users/toprakgundogdu/qwen-ffn-rom/rtl/gated_delta_fused.v:156$979: $auto$alumacc.cc:399:replace_macc$2512
  creating $macc cell for $flatten\u_pe.$mul$/Users/toprakgundogdu/qwen-ffn-rom/rtl/gated_delta_fused.v:156$959: $auto$alumacc.cc:399:replace_macc$2513
  creating $macc cell for $flatten\u_pe.$mul$/Users/toprakgundogdu/qwen-ffn-rom/rtl/gated_delta_fused.v:151$976: $auto$alumacc.cc:399:replace_macc$2514
  creating $macc cell for $flatten\u_pe.$mul$/Users/toprakgundogdu/qwen-ffn-rom/rtl/gated_delta_fused.v:156$975: $auto$alumacc.cc:399:replace_macc$2515
  creating $macc cell for $flatten\u_pe.$mul$/Users/toprakgundogdu/qwen-ffn-rom/rtl/gated_delta_fused.v:129$896: $auto$alumacc.cc:399:replace_macc$2516
  creating $macc cell for $flatten\u_pe.$mul$/Users/toprakgundogdu/qwen-ffn-rom/rtl/gated_delta_fused.v:151$972: $auto$alumacc.cc:399:replace_macc$2517
  creating $macc cell for $flatten\u_pe.$mul$/Users/toprakgundogdu/qwen-ffn-rom/rtl/gated_delta_fused.v:132$925: $auto$alumacc.cc:399:replace_macc$2518
  creating $macc cell for $flatten\u_pe.$mul$/Users/toprakgundogdu/qwen-ffn-rom/rtl/gated_delta_fused.v:156$971: $auto$alumacc.cc:399:replace_macc$2519
  creating $macc cell for $flatten\u_pe.$mul$/Users/toprakgundogdu/qwen-ffn-rom/rtl/gated_delta_fused.v:129$926: $auto$alumacc.cc:399:replace_macc$2520
  creating $macc cell for $flatten\u_pe.$mul$/Users/toprakgundogdu/qwen-ffn-rom/rtl/gated_delta_fused.v:132$928: $auto$alumacc.cc:399:replace_macc$2521
  creating $macc cell for $flatten\u_pe.$mul$/Users/toprakgundogdu/qwen-ffn-rom/rtl/gated_delta_fused.v:132$898: $auto$alumacc.cc:399:replace_macc$2522
  creating $macc cell for $flatten\u_pe.$mul$/Users/toprakgundogdu/qwen-ffn-rom/rtl/gated_delta_fused.v:129$929: $auto$alumacc.cc:399:replace_macc$2523
  creating $macc cell for $flatten\u_pe.$mul$/Users/toprakgundogdu/qwen-ffn-rom/rtl/gated_delta_fused.v:132$931: $auto$alumacc.cc:399:replace_macc$2524
  creating $macc cell for $flatten\u_pe.$mul$/Users/toprakgundogdu/qwen-ffn-rom/rtl/gated_delta_fused.v:129$932: $auto$alumacc.cc:399:replace_macc$2525
  creating $macc cell for $flatten\u_pe.$mul$/Users/toprakgundogdu/qwen-ffn-rom/rtl/gated_delta_fused.v:132$934: $auto$alumacc.cc:399:replace_macc$2526
  creating $macc cell for $flatten\u_pe.$mul$/Users/toprakgundogdu/qwen-ffn-rom/rtl/gated_delta_fused.v:151$968: $auto$alumacc.cc:399:replace_macc$2527
  creating $macc cell for $flatten\u_pe.$mul$/Users/toprakgundogdu/qwen-ffn-rom/rtl/gated_delta_fused.v:129$935: $auto$alumacc.cc:399:replace_macc$2528
  creating $macc cell for $flatten\u_pe.$mul$/Users/toprakgundogdu/qwen-ffn-rom/rtl/gated_delta_fused.v:132$937: $auto$alumacc.cc:399:replace_macc$2529
  creating $macc cell for $flatten\u_pe.$mul$/Users/toprakgundogdu/qwen-ffn-rom/rtl/gated_delta_fused.v:156$967: $auto$alumacc.cc:399:replace_macc$2530
  creating $macc cell for $flatten\u_pe.$mul$/Users/toprakgundogdu/qwen-ffn-rom/rtl/gated_delta_fused.v:129$938: $auto$alumacc.cc:399:replace_macc$2531
  creating $macc cell for $flatten\u_pe.$mul$/Users/toprakgundogdu/qwen-ffn-rom/rtl/gated_delta_fused.v:129$899: $auto$alumacc.cc:399:replace_macc$2532
  creating $macc cell for $flatten\u_pe.$mul$/Users/toprakgundogdu/qwen-ffn-rom/rtl/gated_delta_fused.v:132$919: $auto$alumacc.cc:399:replace_macc$2533
  creating $macc cell for $flatten\u_pe.$mul$/Users/toprakgundogdu/qwen-ffn-rom/rtl/gated_delta_fused.v:129$917: $auto$alumacc.cc:399:replace_macc$2534
  creating $macc cell for $flatten\u_pe.$mul$/Users/toprakgundogdu/qwen-ffn-rom/rtl/gated_delta_fused.v:132$916: $auto$alumacc.cc:399:replace_macc$2535
  creating $macc cell for $flatten\u_pe.$mul$/Users/toprakgundogdu/qwen-ffn-rom/rtl/gated_delta_fused.v:151$964: $auto$alumacc.cc:399:replace_macc$2536
  creating $macc cell for $flatten\u_pe.$mul$/Users/toprakgundogdu/qwen-ffn-rom/rtl/gated_delta_fused.v:129$914: $auto$alumacc.cc:399:replace_macc$2537
  creating $macc cell for $flatten\u_pe.$mul$/Users/toprakgundogdu/qwen-ffn-rom/rtl/gated_delta_fused.v:132$913: $auto$alumacc.cc:399:replace_macc$2538
  creating $macc cell for $flatten\u_pe.$mul$/Users/toprakgundogdu/qwen-ffn-rom/rtl/gated_delta_fused.v:156$963: $auto$alumacc.cc:399:replace_macc$2539
  creating $macc cell for $flatten\u_pe.$mul$/Users/toprakgundogdu/qwen-ffn-rom/rtl/gated_delta_fused.v:129$911: $auto$alumacc.cc:399:replace_macc$2540
  creating $macc cell for $flatten\u_pe.$mul$/Users/toprakgundogdu/qwen-ffn-rom/rtl/gated_delta_fused.v:132$910: $auto$alumacc.cc:399:replace_macc$2541
  creating $macc cell for $flatten\u_pe.\u_o.$add$/Users/toprakgundogdu/qwen-ffn-rom/rtl/gated_delta_fused.v:34$463: $auto$alumacc.cc:399:replace_macc$2542
  creating $macc cell for $flatten\u_pe.$mul$/Users/toprakgundogdu/qwen-ffn-rom/rtl/gated_delta_fused.v:129$908: $auto$alumacc.cc:399:replace_macc$2543
  creating $alu model for $flatten\u_pe.$gt$/Users/toprakgundogdu/qwen-ffn-rom/rtl/gated_delta_fused.v:152$1115 ($gt): new $alu
  creating $alu model for $flatten\u_pe.$lt$/Users/toprakgundogdu/qwen-ffn-rom/rtl/gated_delta_fused.v:153$1171 ($lt): new $alu
  creating $alu model for $flatten\u_pe.$gt$/Users/toprakgundogdu/qwen-ffn-rom/rtl/gated_delta_fused.v:152$1170 ($gt): new $alu
  creating $alu model for $flatten\u_pe.$lt$/Users/toprakgundogdu/qwen-ffn-rom/rtl/gated_delta_fused.v:153$1166 ($lt): new $alu
  creating $alu model for $flatten\u_pe.$gt$/Users/toprakgundogdu/qwen-ffn-rom/rtl/gated_delta_fused.v:152$1165 ($gt): new $alu
  creating $alu model for $flatten\u_pe.$lt$/Users/toprakgundogdu/qwen-ffn-rom/rtl/gated_delta_fused.v:153$1116 ($lt): new $alu
  creating $alu model for $flatten\u_pe.$lt$/Users/toprakgundogdu/qwen-ffn-rom/rtl/gated_delta_fused.v:153$1161 ($lt): new $alu
  creating $alu model for $flatten\u_pe.$gt$/Users/toprakgundogdu/qwen-ffn-rom/rtl/gated_delta_fused.v:152$1160 ($gt): new $alu
  creating $alu model for $flatten\u_pe.$gt$/Users/toprakgundogdu/qwen-ffn-rom/rtl/gated_delta_fused.v:152$1095 ($gt): new $alu
  creating $alu model for $flatten\u_pe.$lt$/Users/toprakgundogdu/qwen-ffn-rom/rtl/gated_delta_fused.v:153$1096 ($lt): new $alu
  creating $alu model for $flatten\u_pe.$lt$/Users/toprakgundogdu/qwen-ffn-rom/rtl/gated_delta_fused.v:153$1156 ($lt): new $alu
  creating $alu model for $flatten\u_pe.$gt$/Users/toprakgundogdu/qwen-ffn-rom/rtl/gated_delta_fused.v:152$1100 ($gt): new $alu
  creating $alu model for $flatten\u_pe.$gt$/Users/toprakgundogdu/qwen-ffn-rom/rtl/gated_delta_fused.v:152$1155 ($gt): new $alu
  creating $alu model for $flatten\u_pe.$lt$/Users/toprakgundogdu/qwen-ffn-rom/rtl/gated_delta_fused.v:153$1101 ($lt): new $alu
  creating $alu model for $flatten\u_pe.$gt$/Users/toprakgundogdu/qwen-ffn-rom/rtl/gated_delta_fused.v:152$1120 ($gt): new $alu
  creating $alu model for $flatten\u_pe.$lt$/Users/toprakgundogdu/qwen-ffn-rom/rtl/gated_delta_fused.v:153$1121 ($lt): new $alu
  creating $alu model for $flatten\u_pe.$gt$/Users/toprakgundogdu/qwen-ffn-rom/rtl/gated_delta_fused.v:152$1125 ($gt): new $alu
  creating $alu model for $flatten\u_pe.$lt$/Users/toprakgundogdu/qwen-ffn-rom/rtl/gated_delta_fused.v:153$1126 ($lt): new $alu
  creating $alu model for $flatten\u_pe.$gt$/Users/toprakgundogdu/qwen-ffn-rom/rtl/gated_delta_fused.v:152$1130 ($gt): new $alu
  creating $alu model for $flatten\u_pe.$lt$/Users/toprakgundogdu/qwen-ffn-rom/rtl/gated_delta_fused.v:153$1131 ($lt): new $alu
  creating $alu model for $flatten\u_pe.$gt$/Users/toprakgundogdu/qwen-ffn-rom/rtl/gated_delta_fused.v:152$1135 ($gt): new $alu
  creating $alu model for $flatten\u_pe.$lt$/Users/toprakgundogdu/qwen-ffn-rom/rtl/gated_delta_fused.v:153$1136 ($lt): new $alu
  creating $alu model for $flatten\u_pe.$gt$/Users/toprakgundogdu/qwen-ffn-rom/rtl/gated_delta_fused.v:152$1105 ($gt): new $alu
  creating $alu model for $flatten\u_pe.$gt$/Users/toprakgundogdu/qwen-ffn-rom/rtl/gated_delta_fused.v:152$1140 ($gt): new $alu
  creating $alu model for $flatten\u_pe.$lt$/Users/toprakgundogdu/qwen-ffn-rom/rtl/gated_delta_fused.v:153$1141 ($lt): new $alu
  creating $alu model for $flatten\u_pe.$lt$/Users/toprakgundogdu/qwen-ffn-rom/rtl/gated_delta_fused.v:153$1111 ($lt): new $alu
  creating $alu model for $flatten\u_pe.$gt$/Users/toprakgundogdu/qwen-ffn-rom/rtl/gated_delta_fused.v:152$1110 ($gt): new $alu
  creating $alu model for $flatten\u_pe.$lt$/Users/toprakgundogdu/qwen-ffn-rom/rtl/gated_delta_fused.v:153$1106 ($lt): new $alu
  creating $alu model for $flatten\u_pe.$gt$/Users/toprakgundogdu/qwen-ffn-rom/rtl/gated_delta_fused.v:152$1145 ($gt): new $alu
  creating $alu model for $flatten\u_pe.$lt$/Users/toprakgundogdu/qwen-ffn-rom/rtl/gated_delta_fused.v:153$1146 ($lt): new $alu
  creating $alu model for $flatten\u_pe.$gt$/Users/toprakgundogdu/qwen-ffn-rom/rtl/gated_delta_fused.v:152$1150 ($gt): new $alu
  creating $alu model for $flatten\u_pe.$lt$/Users/toprakgundogdu/qwen-ffn-rom/rtl/gated_delta_fused.v:153$1151 ($lt): new $alu
  creating $alu cell for $flatten\u_pe.$lt$/Users/toprakgundogdu/qwen-ffn-rom/rtl/gated_delta_fused.v:153$1151: $auto$alumacc.cc:548:replace_alu$2576
  creating $alu cell for $flatten\u_pe.$gt$/Users/toprakgundogdu/qwen-ffn-rom/rtl/gated_delta_fused.v:152$1150: $auto$alumacc.cc:548:replace_alu$2583
  creating $alu cell for $flatten\u_pe.$lt$/Users/toprakgundogdu/qwen-ffn-rom/rtl/gated_delta_fused.v:153$1146: $auto$alumacc.cc:548:replace_alu$2596
  creating $alu cell for $flatten\u_pe.$gt$/Users/toprakgundogdu/qwen-ffn-rom/rtl/gated_delta_fused.v:152$1145: $auto$alumacc.cc:548:replace_alu$2603
  creating $alu cell for $flatten\u_pe.$lt$/Users/toprakgundogdu/qwen-ffn-rom/rtl/gated_delta_fused.v:153$1106: $auto$alumacc.cc:548:replace_alu$2616
  creating $alu cell for $flatten\u_pe.$gt$/Users/toprakgundogdu/qwen-ffn-rom/rtl/gated_delta_fused.v:152$1110: $auto$alumacc.cc:548:replace_alu$2623
  creating $alu cell for $flatten\u_pe.$lt$/Users/toprakgundogdu/qwen-ffn-rom/rtl/gated_delta_fused.v:153$1111: $auto$alumacc.cc:548:replace_alu$2636
  creating $alu cell for $flatten\u_pe.$lt$/Users/toprakgundogdu/qwen-ffn-rom/rtl/gated_delta_fused.v:153$1141: $auto$alumacc.cc:548:replace_alu$2643
  creating $alu cell for $flatten\u_pe.$gt$/Users/toprakgundogdu/qwen-ffn-rom/rtl/gated_delta_fused.v:152$1140: $auto$alumacc.cc:548:replace_alu$2650
  creating $alu cell for $flatten\u_pe.$gt$/Users/toprakgundogdu/qwen-ffn-rom/rtl/gated_delta_fused.v:152$1105: $auto$alumacc.cc:548:replace_alu$2663
  creating $alu cell for $flatten\u_pe.$lt$/Users/toprakgundogdu/qwen-ffn-rom/rtl/gated_delta_fused.v:153$1136: $auto$alumacc.cc:548:replace_alu$2676
  creating $alu cell for $flatten\u_pe.$gt$/Users/toprakgundogdu/qwen-ffn-rom/rtl/gated_delta_fused.v:152$1135: $auto$alumacc.cc:548:replace_alu$2683
  creating $alu cell for $flatten\u_pe.$lt$/Users/toprakgundogdu/qwen-ffn-rom/rtl/gated_delta_fused.v:153$1131: $auto$alumacc.cc:548:replace_alu$2696
  creating $alu cell for $flatten\u_pe.$gt$/Users/toprakgundogdu/qwen-ffn-rom/rtl/gated_delta_fused.v:152$1130: $auto$alumacc.cc:548:replace_alu$2703
  creating $alu cell for $flatten\u_pe.$lt$/Users/toprakgundogdu/qwen-ffn-rom/rtl/gated_delta_fused.v:153$1126: $auto$alumacc.cc:548:replace_alu$2716
  creating $alu cell for $flatten\u_pe.$gt$/Users/toprakgundogdu/qwen-ffn-rom/rtl/gated_delta_fused.v:152$1125: $auto$alumacc.cc:548:replace_alu$2723
  creating $alu cell for $flatten\u_pe.$lt$/Users/toprakgundogdu/qwen-ffn-rom/rtl/gated_delta_fused.v:153$1121: $auto$alumacc.cc:548:replace_alu$2736
  creating $alu cell for $flatten\u_pe.$gt$/Users/toprakgundogdu/qwen-ffn-rom/rtl/gated_delta_fused.v:152$1120: $auto$alumacc.cc:548:replace_alu$2743
  creating $alu cell for $flatten\u_pe.$lt$/Users/toprakgundogdu/qwen-ffn-rom/rtl/gated_delta_fused.v:153$1101: $auto$alumacc.cc:548:replace_alu$2756
  creating $alu cell for $flatten\u_pe.$gt$/Users/toprakgundogdu/qwen-ffn-rom/rtl/gated_delta_fused.v:152$1155: $auto$alumacc.cc:548:replace_alu$2763
  creating $alu cell for $flatten\u_pe.$gt$/Users/toprakgundogdu/qwen-ffn-rom/rtl/gated_delta_fused.v:152$1100: $auto$alumacc.cc:548:replace_alu$2776
  creating $alu cell for $flatten\u_pe.$lt$/Users/toprakgundogdu/qwen-ffn-rom/rtl/gated_delta_fused.v:153$1156: $auto$alumacc.cc:548:replace_alu$2789
  creating $alu cell for $flatten\u_pe.$lt$/Users/toprakgundogdu/qwen-ffn-rom/rtl/gated_delta_fused.v:153$1096: $auto$alumacc.cc:548:replace_alu$2796
  creating $alu cell for $flatten\u_pe.$gt$/Users/toprakgundogdu/qwen-ffn-rom/rtl/gated_delta_fused.v:152$1095: $auto$alumacc.cc:548:replace_alu$2803
  creating $alu cell for $flatten\u_pe.$gt$/Users/toprakgundogdu/qwen-ffn-rom/rtl/gated_delta_fused.v:152$1160: $auto$alumacc.cc:548:replace_alu$2816
  creating $alu cell for $flatten\u_pe.$lt$/Users/toprakgundogdu/qwen-ffn-rom/rtl/gated_delta_fused.v:153$1161: $auto$alumacc.cc:548:replace_alu$2829
  creating $alu cell for $flatten\u_pe.$lt$/Users/toprakgundogdu/qwen-ffn-rom/rtl/gated_delta_fused.v:153$1116: $auto$alumacc.cc:548:replace_alu$2836
  creating $alu cell for $flatten\u_pe.$gt$/Users/toprakgundogdu/qwen-ffn-rom/rtl/gated_delta_fused.v:152$1165: $auto$alumacc.cc:548:replace_alu$2843
  creating $alu cell for $flatten\u_pe.$lt$/Users/toprakgundogdu/qwen-ffn-rom/rtl/gated_delta_fused.v:153$1166: $auto$alumacc.cc:548:replace_alu$2856
  creating $alu cell for $flatten\u_pe.$gt$/Users/toprakgundogdu/qwen-ffn-rom/rtl/gated_delta_fused.v:152$1170: $auto$alumacc.cc:548:replace_alu$2863
  creating $alu cell for $flatten\u_pe.$lt$/Users/toprakgundogdu/qwen-ffn-rom/rtl/gated_delta_fused.v:153$1171: $auto$alumacc.cc:548:replace_alu$2876
  creating $alu cell for $flatten\u_pe.$gt$/Users/toprakgundogdu/qwen-ffn-rom/rtl/gated_delta_fused.v:152$1115: $auto$alumacc.cc:548:replace_alu$2883
  creating $alu cell for $flatten\u_pe.$add$/Users/toprakgundogdu/qwen-ffn-rom/rtl/gated_delta_fused.v:151$962: $auto$alumacc.cc:548:replace_alu$2896
  creating $alu cell for $flatten\u_pe.$add$/Users/toprakgundogdu/qwen-ffn-rom/rtl/gated_delta_fused.v:151$966: $auto$alumacc.cc:548:replace_alu$2899
  creating $alu cell for $flatten\u_pe.$add$/Users/toprakgundogdu/qwen-ffn-rom/rtl/gated_delta_fused.v:151$970: $auto$alumacc.cc:548:replace_alu$2902
  creating $alu cell for $flatten\u_pe.$add$/Users/toprakgundogdu/qwen-ffn-rom/rtl/gated_delta_fused.v:151$974: $auto$alumacc.cc:548:replace_alu$2905
  creating $alu cell for $flatten\u_pe.$add$/Users/toprakgundogdu/qwen-ffn-rom/rtl/gated_delta_fused.v:151$978: $auto$alumacc.cc:548:replace_alu$2908
  creating $alu cell for $flatten\u_pe.$add$/Users/toprakgundogdu/qwen-ffn-rom/rtl/gated_delta_fused.v:151$982: $auto$alumacc.cc:548:replace_alu$2911
  creating $alu cell for $flatten\u_pe.$add$/Users/toprakgundogdu/qwen-ffn-rom/rtl/gated_delta_fused.v:151$986: $auto$alumacc.cc:548:replace_alu$2914
  creating $alu cell for $flatten\u_pe.$add$/Users/toprakgundogdu/qwen-ffn-rom/rtl/gated_delta_fused.v:151$990: $auto$alumacc.cc:548:replace_alu$2917
  creating $alu cell for $flatten\u_pe.$add$/Users/toprakgundogdu/qwen-ffn-rom/rtl/gated_delta_fused.v:151$950: $auto$alumacc.cc:548:replace_alu$2920
  creating $alu cell for $flatten\u_pe.$add$/Users/toprakgundogdu/qwen-ffn-rom/rtl/gated_delta_fused.v:151$994: $auto$alumacc.cc:548:replace_alu$2923
  creating $alu cell for $flatten\u_pe.$add$/Users/toprakgundogdu/qwen-ffn-rom/rtl/gated_delta_fused.v:151$954: $auto$alumacc.cc:548:replace_alu$2926
  creating $alu cell for $flatten\u_pe.$add$/Users/toprakgundogdu/qwen-ffn-rom/rtl/gated_delta_fused.v:151$998: $auto$alumacc.cc:548:replace_alu$2929
  creating $alu cell for $flatten\u_pe.$add$/Users/toprakgundogdu/qwen-ffn-rom/rtl/gated_delta_fused.v:151$1002: $auto$alumacc.cc:548:replace_alu$2932
  creating $alu cell for $flatten\u_pe.$add$/Users/toprakgundogdu/qwen-ffn-rom/rtl/gated_delta_fused.v:151$958: $auto$alumacc.cc:548:replace_alu$2935
  creating $alu cell for $flatten\u_pe.$add$/Users/toprakgundogdu/qwen-ffn-rom/rtl/gated_delta_fused.v:151$1006: $auto$alumacc.cc:548:replace_alu$2938
  creating $alu cell for $flatten\u_pe.$add$/Users/toprakgundogdu/qwen-ffn-rom/rtl/gated_delta_fused.v:151$946: $auto$alumacc.cc:548:replace_alu$2941
  creating $alu cell for $flatten\u_pe.$add$/Users/toprakgundogdu/qwen-ffn-rom/rtl/gated_delta_fused.v:212$873: $auto$alumacc.cc:548:replace_alu$2944
  creating $alu cell for $flatten\u_pe.$sub$/Users/toprakgundogdu/qwen-ffn-rom/rtl/gated_delta_fused.v:144$856: $auto$alumacc.cc:548:replace_alu$2947
  creating $alu cell for $flatten\u_pe.$neg$/Users/toprakgundogdu/qwen-ffn-rom/rtl/gated_delta_fused.v:237$893: $auto$alumacc.cc:548:replace_alu$2950
  created 51 $alu and 67 $macc cells.

9.13. Executing SHARE pass (SAT-based resource sharing).

9.14. Executing OPT pass (performing simple optimizations).

9.14.1. Executing OPT_EXPR pass (perform const folding).
Optimizing module gated_delta_d16_fused.
<suppressed ~16 debug messages>

9.14.2. Executing OPT_MERGE pass (detect identical cells).
Finding identical cells in module `\gated_delta_d16_fused'.
Computing hashes of 794 cells of `\gated_delta_d16_fused'.
Finding duplicate cells in `\gated_delta_d16_fused'.
Removed a total of 0 cells.

9.14.3. Executing OPT_MUXTREE pass (detect dead branches in mux trees).
Running muxtree optimizer on module \gated_delta_d16_fused..
  Creating internal representation of mux trees.
  Evaluating internal representation of mux trees.
  Analyzing evaluation results.
Removed 0 multiplexer ports.
<suppressed ~152 debug messages>

9.14.4. Executing OPT_REDUCE pass (consolidate $*mux and $reduce_* inputs).
  Optimizing cells in module \gated_delta_d16_fused.
Performed a total of 0 changes.

9.14.5. Executing OPT_MERGE pass (detect identical cells).
Finding identical cells in module `\gated_delta_d16_fused'.
Computing hashes of 794 cells of `\gated_delta_d16_fused'.
Finding duplicate cells in `\gated_delta_d16_fused'.
Removed a total of 0 cells.

9.14.6. Executing OPT_DFF pass (perform DFF optimizations).

9.14.7. Executing OPT_CLEAN pass (remove unused cells and wires).
Finding unused cells or wires in module \gated_delta_d16_fused..
Removed 45 unused cells and 76 unused wires.
<suppressed ~46 debug messages>

9.14.8. Executing OPT_EXPR pass (perform const folding).
Optimizing module gated_delta_d16_fused.

9.14.9. Rerunning OPT passes. (Maybe there is more to do..)

9.14.10. Executing OPT_MUXTREE pass (detect dead branches in mux trees).
Running muxtree optimizer on module \gated_delta_d16_fused..
  Creating internal representation of mux trees.
  Evaluating internal representation of mux trees.
  Analyzing evaluation results.
Removed 0 multiplexer ports.
<suppressed ~152 debug messages>

9.14.11. Executing OPT_REDUCE pass (consolidate $*mux and $reduce_* inputs).
  Optimizing cells in module \gated_delta_d16_fused.
Performed a total of 0 changes.

9.14.12. Executing OPT_MERGE pass (detect identical cells).
Finding identical cells in module `\gated_delta_d16_fused'.
Computing hashes of 749 cells of `\gated_delta_d16_fused'.
Finding duplicate cells in `\gated_delta_d16_fused'.
Removed a total of 0 cells.

9.14.13. Executing OPT_DFF pass (perform DFF optimizations).

9.14.14. Executing OPT_CLEAN pass (remove unused cells and wires).
Finding unused cells or wires in module \gated_delta_d16_fused..

9.14.15. Executing OPT_EXPR pass (perform const folding).
Optimizing module gated_delta_d16_fused.

9.14.16. Finished fast OPT passes. (There is nothing left to do.)

9.15. Executing MEMORY pass.

9.15.1. Executing OPT_MEM pass (optimize memories).
Performed a total of 0 transformations.

9.15.2. Executing OPT_MEM_PRIORITY pass (removing unnecessary memory write priority relations).
Performed a total of 0 transformations.

9.15.3. Executing OPT_MEM_FEEDBACK pass (finding memory read-to-write feedback paths).
  Analyzing gated_delta_d16_fused.u_pe.banks[0].u_s.mem write port 0.
  Analyzing gated_delta_d16_fused.u_pe.banks[1].u_s.mem write port 0.
  Analyzing gated_delta_d16_fused.u_pe.banks[2].u_s.mem write port 0.
  Analyzing gated_delta_d16_fused.u_pe.banks[3].u_s.mem write port 0.
  Analyzing gated_delta_d16_fused.u_pe.banks[4].u_s.mem write port 0.
  Analyzing gated_delta_d16_fused.u_pe.banks[5].u_s.mem write port 0.
  Analyzing gated_delta_d16_fused.u_pe.banks[6].u_s.mem write port 0.
  Analyzing gated_delta_d16_fused.u_pe.banks[7].u_s.mem write port 0.
  Analyzing gated_delta_d16_fused.u_pe.banks[8].u_s.mem write port 0.
  Analyzing gated_delta_d16_fused.u_pe.banks[9].u_s.mem write port 0.
  Analyzing gated_delta_d16_fused.u_pe.banks[10].u_s.mem write port 0.
  Analyzing gated_delta_d16_fused.u_pe.banks[11].u_s.mem write port 0.
  Analyzing gated_delta_d16_fused.u_pe.banks[12].u_s.mem write port 0.
  Analyzing gated_delta_d16_fused.u_pe.banks[13].u_s.mem write port 0.
  Analyzing gated_delta_d16_fused.u_pe.banks[14].u_s.mem write port 0.
  Analyzing gated_delta_d16_fused.u_pe.banks[15].u_s.mem write port 0.

9.15.4. Executing MEMORY_BMUX2ROM pass (converting muxes to ROMs).

9.15.5. Executing MEMORY_DFF pass (merging $dff cells to $memrd).
Checking read port `\u_pe.banks[0].u_s.mem'[0] in module `\gated_delta_d16_fused': merging output FF to cell.
    Write port 0: non-transparent.
Checking read port `\u_pe.banks[1].u_s.mem'[0] in module `\gated_delta_d16_fused': merging output FF to cell.
    Write port 0: non-transparent.
Checking read port `\u_pe.banks[2].u_s.mem'[0] in module `\gated_delta_d16_fused': merging output FF to cell.
    Write port 0: non-transparent.
Checking read port `\u_pe.banks[3].u_s.mem'[0] in module `\gated_delta_d16_fused': merging output FF to cell.
    Write port 0: non-transparent.
Checking read port `\u_pe.banks[4].u_s.mem'[0] in module `\gated_delta_d16_fused': merging output FF to cell.
    Write port 0: non-transparent.
Checking read port `\u_pe.banks[5].u_s.mem'[0] in module `\gated_delta_d16_fused': merging output FF to cell.
    Write port 0: non-transparent.
Checking read port `\u_pe.banks[6].u_s.mem'[0] in module `\gated_delta_d16_fused': merging output FF to cell.
    Write port 0: non-transparent.
Checking read port `\u_pe.banks[7].u_s.mem'[0] in module `\gated_delta_d16_fused': merging output FF to cell.
    Write port 0: non-transparent.
Checking read port `\u_pe.banks[8].u_s.mem'[0] in module `\gated_delta_d16_fused': merging output FF to cell.
    Write port 0: non-transparent.
Checking read port `\u_pe.banks[9].u_s.mem'[0] in module `\gated_delta_d16_fused': merging output FF to cell.
    Write port 0: non-transparent.
Checking read port `\u_pe.banks[10].u_s.mem'[0] in module `\gated_delta_d16_fused': merging output FF to cell.
    Write port 0: non-transparent.
Checking read port `\u_pe.banks[11].u_s.mem'[0] in module `\gated_delta_d16_fused': merging output FF to cell.
    Write port 0: non-transparent.
Checking read port `\u_pe.banks[12].u_s.mem'[0] in module `\gated_delta_d16_fused': merging output FF to cell.
    Write port 0: non-transparent.
Checking read port `\u_pe.banks[13].u_s.mem'[0] in module `\gated_delta_d16_fused': merging output FF to cell.
    Write port 0: non-transparent.
Checking read port `\u_pe.banks[14].u_s.mem'[0] in module `\gated_delta_d16_fused': merging output FF to cell.
    Write port 0: non-transparent.
Checking read port `\u_pe.banks[15].u_s.mem'[0] in module `\gated_delta_d16_fused': merging output FF to cell.
    Write port 0: non-transparent.

9.15.6. Executing OPT_CLEAN pass (remove unused cells and wires).
Finding unused cells or wires in module \gated_delta_d16_fused..
Removed 16 unused cells and 272 unused wires.
<suppressed ~17 debug messages>

9.15.7. Executing MEMORY_SHARE pass (consolidating $memrd/$memwr cells).

9.15.8. Executing OPT_MEM_WIDEN pass (optimize memories where all ports are wide).
Performed a total of 0 transformations.

9.15.9. Executing OPT_CLEAN pass (remove unused cells and wires).
Finding unused cells or wires in module \gated_delta_d16_fused..

9.15.10. Executing MEMORY_COLLECT pass (generating $mem cells).

9.16. Executing OPT_CLEAN pass (remove unused cells and wires).
Finding unused cells or wires in module \gated_delta_d16_fused..

9.17. Executing OPT pass (performing simple optimizations).

9.17.1. Executing OPT_EXPR pass (perform const folding).
Optimizing module gated_delta_d16_fused.
<suppressed ~212 debug messages>

9.17.2. Executing OPT_MERGE pass (detect identical cells).
Finding identical cells in module `\gated_delta_d16_fused'.
Computing hashes of 644 cells of `\gated_delta_d16_fused'.
Finding duplicate cells in `\gated_delta_d16_fused'.
Removed a total of 0 cells.

9.17.3. Executing OPT_DFF pass (perform DFF optimizations).

9.17.4. Executing OPT_CLEAN pass (remove unused cells and wires).
Finding unused cells or wires in module \gated_delta_d16_fused..
Removed 241 unused cells and 298 unused wires.
<suppressed ~242 debug messages>

9.17.5. Finished fast OPT passes.

9.18. Executing MEMORY_MAP pass (converting memories to logic and flip-flops).
Mapping memory \u_pe.banks[15].u_s.mem in module \gated_delta_d16_fused:
  created 16 $dff cells and 0 static cells of width 16.
Extracted data FF from read port 0 of gated_delta_d16_fused.u_pe.banks[15].u_s.mem: $\u_pe.banks[15].u_s.mem$rdreg[0]
  read interface: 1 $dff and 15 $mux cells.
  write interface: 16 write mux blocks.
Mapping memory \u_pe.banks[14].u_s.mem in module \gated_delta_d16_fused:
  created 16 $dff cells and 0 static cells of width 16.
Extracted data FF from read port 0 of gated_delta_d16_fused.u_pe.banks[14].u_s.mem: $\u_pe.banks[14].u_s.mem$rdreg[0]
  read interface: 1 $dff and 15 $mux cells.
  write interface: 16 write mux blocks.
Mapping memory \u_pe.banks[13].u_s.mem in module \gated_delta_d16_fused:
  created 16 $dff cells and 0 static cells of width 16.
Extracted data FF from read port 0 of gated_delta_d16_fused.u_pe.banks[13].u_s.mem: $\u_pe.banks[13].u_s.mem$rdreg[0]
  read interface: 1 $dff and 15 $mux cells.
  write interface: 16 write mux blocks.
Mapping memory \u_pe.banks[12].u_s.mem in module \gated_delta_d16_fused:
  created 16 $dff cells and 0 static cells of width 16.
Extracted data FF from read port 0 of gated_delta_d16_fused.u_pe.banks[12].u_s.mem: $\u_pe.banks[12].u_s.mem$rdreg[0]
  read interface: 1 $dff and 15 $mux cells.
  write interface: 16 write mux blocks.
Mapping memory \u_pe.banks[11].u_s.mem in module \gated_delta_d16_fused:
  created 16 $dff cells and 0 static cells of width 16.
Extracted data FF from read port 0 of gated_delta_d16_fused.u_pe.banks[11].u_s.mem: $\u_pe.banks[11].u_s.mem$rdreg[0]
  read interface: 1 $dff and 15 $mux cells.
  write interface: 16 write mux blocks.
Mapping memory \u_pe.banks[10].u_s.mem in module \gated_delta_d16_fused:
  created 16 $dff cells and 0 static cells of width 16.
Extracted data FF from read port 0 of gated_delta_d16_fused.u_pe.banks[10].u_s.mem: $\u_pe.banks[10].u_s.mem$rdreg[0]
  read interface: 1 $dff and 15 $mux cells.
  write interface: 16 write mux blocks.
Mapping memory \u_pe.banks[9].u_s.mem in module \gated_delta_d16_fused:
  created 16 $dff cells and 0 static cells of width 16.
Extracted data FF from read port 0 of gated_delta_d16_fused.u_pe.banks[9].u_s.mem: $\u_pe.banks[9].u_s.mem$rdreg[0]
  read interface: 1 $dff and 15 $mux cells.
  write interface: 16 write mux blocks.
Mapping memory \u_pe.banks[8].u_s.mem in module \gated_delta_d16_fused:
  created 16 $dff cells and 0 static cells of width 16.
Extracted data FF from read port 0 of gated_delta_d16_fused.u_pe.banks[8].u_s.mem: $\u_pe.banks[8].u_s.mem$rdreg[0]
  read interface: 1 $dff and 15 $mux cells.
  write interface: 16 write mux blocks.
Mapping memory \u_pe.banks[7].u_s.mem in module \gated_delta_d16_fused:
  created 16 $dff cells and 0 static cells of width 16.
Extracted data FF from read port 0 of gated_delta_d16_fused.u_pe.banks[7].u_s.mem: $\u_pe.banks[7].u_s.mem$rdreg[0]
  read interface: 1 $dff and 15 $mux cells.
  write interface: 16 write mux blocks.
Mapping memory \u_pe.banks[6].u_s.mem in module \gated_delta_d16_fused:
  created 16 $dff cells and 0 static cells of width 16.
Extracted data FF from read port 0 of gated_delta_d16_fused.u_pe.banks[6].u_s.mem: $\u_pe.banks[6].u_s.mem$rdreg[0]
  read interface: 1 $dff and 15 $mux cells.
  write interface: 16 write mux blocks.
Mapping memory \u_pe.banks[5].u_s.mem in module \gated_delta_d16_fused:
  created 16 $dff cells and 0 static cells of width 16.
Extracted data FF from read port 0 of gated_delta_d16_fused.u_pe.banks[5].u_s.mem: $\u_pe.banks[5].u_s.mem$rdreg[0]
  read interface: 1 $dff and 15 $mux cells.
  write interface: 16 write mux blocks.
Mapping memory \u_pe.banks[4].u_s.mem in module \gated_delta_d16_fused:
  created 16 $dff cells and 0 static cells of width 16.
Extracted data FF from read port 0 of gated_delta_d16_fused.u_pe.banks[4].u_s.mem: $\u_pe.banks[4].u_s.mem$rdreg[0]
  read interface: 1 $dff and 15 $mux cells.
  write interface: 16 write mux blocks.
Mapping memory \u_pe.banks[3].u_s.mem in module \gated_delta_d16_fused:
  created 16 $dff cells and 0 static cells of width 16.
Extracted data FF from read port 0 of gated_delta_d16_fused.u_pe.banks[3].u_s.mem: $\u_pe.banks[3].u_s.mem$rdreg[0]
  read interface: 1 $dff and 15 $mux cells.
  write interface: 16 write mux blocks.
Mapping memory \u_pe.banks[2].u_s.mem in module \gated_delta_d16_fused:
  created 16 $dff cells and 0 static cells of width 16.
Extracted data FF from read port 0 of gated_delta_d16_fused.u_pe.banks[2].u_s.mem: $\u_pe.banks[2].u_s.mem$rdreg[0]
  read interface: 1 $dff and 15 $mux cells.
  write interface: 16 write mux blocks.
Mapping memory \u_pe.banks[1].u_s.mem in module \gated_delta_d16_fused:
  created 16 $dff cells and 0 static cells of width 16.
Extracted data FF from read port 0 of gated_delta_d16_fused.u_pe.banks[1].u_s.mem: $\u_pe.banks[1].u_s.mem$rdreg[0]
  read interface: 1 $dff and 15 $mux cells.
  write interface: 16 write mux blocks.
Mapping memory \u_pe.banks[0].u_s.mem in module \gated_delta_d16_fused:
  created 16 $dff cells and 0 static cells of width 16.
Extracted data FF from read port 0 of gated_delta_d16_fused.u_pe.banks[0].u_s.mem: $\u_pe.banks[0].u_s.mem$rdreg[0]
  read interface: 1 $dff and 15 $mux cells.
  write interface: 16 write mux blocks.

9.19. Executing OPT pass (performing simple optimizations).

9.19.1. Executing OPT_EXPR pass (perform const folding).
Optimizing module gated_delta_d16_fused.
<suppressed ~8 debug messages>

9.19.2. Executing OPT_MERGE pass (detect identical cells).
Finding identical cells in module `\gated_delta_d16_fused'.
Computing hashes of 1439 cells of `\gated_delta_d16_fused'.
Finding duplicate cells in `\gated_delta_d16_fused'.
Computing hashes of 1199 cells of `\gated_delta_d16_fused'.
Finding duplicate cells in `\gated_delta_d16_fused'.
<suppressed ~720 debug messages>
Removed a total of 240 cells.

9.19.3. Executing OPT_MUXTREE pass (detect dead branches in mux trees).
Running muxtree optimizer on module \gated_delta_d16_fused..
  Creating internal representation of mux trees.
  Evaluating internal representation of mux trees.
  Analyzing evaluation results.
Removed 0 multiplexer ports.
<suppressed ~824 debug messages>

9.19.4. Executing OPT_REDUCE pass (consolidate $*mux and $reduce_* inputs).
  Optimizing cells in module \gated_delta_d16_fused.
Performed a total of 0 changes.

9.19.5. Executing OPT_MERGE pass (detect identical cells).
Finding identical cells in module `\gated_delta_d16_fused'.
Computing hashes of 1199 cells of `\gated_delta_d16_fused'.
Finding duplicate cells in `\gated_delta_d16_fused'.
Removed a total of 0 cells.

9.19.6. Executing OPT_SHARE pass.

9.19.7. Executing OPT_DFF pass (perform DFF optimizations).

9.19.8. Executing OPT_CLEAN pass (remove unused cells and wires).
Finding unused cells or wires in module \gated_delta_d16_fused..
Removed 0 unused cells and 756 unused wires.
<suppressed ~1 debug messages>

9.19.9. Executing OPT_EXPR pass (perform const folding).
Optimizing module gated_delta_d16_fused.

9.19.10. Rerunning OPT passes. (Maybe there is more to do..)

9.19.11. Executing OPT_MUXTREE pass (detect dead branches in mux trees).
Running muxtree optimizer on module \gated_delta_d16_fused..
  Creating internal representation of mux trees.
  Evaluating internal representation of mux trees.
  Analyzing evaluation results.
Removed 0 multiplexer ports.
<suppressed ~824 debug messages>

9.19.12. Executing OPT_REDUCE pass (consolidate $*mux and $reduce_* inputs).
  Optimizing cells in module \gated_delta_d16_fused.
Performed a total of 0 changes.

9.19.13. Executing OPT_MERGE pass (detect identical cells).
Finding identical cells in module `\gated_delta_d16_fused'.
Computing hashes of 1199 cells of `\gated_delta_d16_fused'.
Finding duplicate cells in `\gated_delta_d16_fused'.
Removed a total of 0 cells.

9.19.14. Executing OPT_SHARE pass.

9.19.15. Executing OPT_DFF pass (perform DFF optimizations).
Adding EN signal on $memory\u_pe.banks[15].u_s.mem[0]$3705 ($dff) from module gated_delta_d16_fused (D = \u_pe.wdata[15], Q = \u_pe.banks[15].u_s.mem[0]).
Adding EN signal on $memory\u_pe.banks[15].u_s.mem[1]$3707 ($dff) from module gated_delta_d16_fused (D = \u_pe.wdata[15], Q = \u_pe.banks[15].u_s.mem[1]).
Adding EN signal on $memory\u_pe.banks[15].u_s.mem[2]$3709 ($dff) from module gated_delta_d16_fused (D = \u_pe.wdata[15], Q = \u_pe.banks[15].u_s.mem[2]).
Adding EN signal on $memory\u_pe.banks[15].u_s.mem[3]$3711 ($dff) from module gated_delta_d16_fused (D = \u_pe.wdata[15], Q = \u_pe.banks[15].u_s.mem[3]).
Adding EN signal on $memory\u_pe.banks[15].u_s.mem[4]$3713 ($dff) from module gated_delta_d16_fused (D = \u_pe.wdata[15], Q = \u_pe.banks[15].u_s.mem[4]).
Adding EN signal on $memory\u_pe.banks[15].u_s.mem[5]$3715 ($dff) from module gated_delta_d16_fused (D = \u_pe.wdata[15], Q = \u_pe.banks[15].u_s.mem[5]).
Adding EN signal on $memory\u_pe.banks[15].u_s.mem[6]$3717 ($dff) from module gated_delta_d16_fused (D = \u_pe.wdata[15], Q = \u_pe.banks[15].u_s.mem[6]).
Adding EN signal on $memory\u_pe.banks[15].u_s.mem[7]$3719 ($dff) from module gated_delta_d16_fused (D = \u_pe.wdata[15], Q = \u_pe.banks[15].u_s.mem[7]).
Adding EN signal on $memory\u_pe.banks[15].u_s.mem[8]$3721 ($dff) from module gated_delta_d16_fused (D = \u_pe.wdata[15], Q = \u_pe.banks[15].u_s.mem[8]).
Adding EN signal on $memory\u_pe.banks[15].u_s.mem[9]$3723 ($dff) from module gated_delta_d16_fused (D = \u_pe.wdata[15], Q = \u_pe.banks[15].u_s.mem[9]).
Adding EN signal on $memory\u_pe.banks[15].u_s.mem[10]$3725 ($dff) from module gated_delta_d16_fused (D = \u_pe.wdata[15], Q = \u_pe.banks[15].u_s.mem[10]).
Adding EN signal on $memory\u_pe.banks[15].u_s.mem[11]$3727 ($dff) from module gated_delta_d16_fused (D = \u_pe.wdata[15], Q = \u_pe.banks[15].u_s.mem[11]).
Adding EN signal on $memory\u_pe.banks[15].u_s.mem[12]$3729 ($dff) from module gated_delta_d16_fused (D = \u_pe.wdata[15], Q = \u_pe.banks[15].u_s.mem[12]).
Adding EN signal on $memory\u_pe.banks[15].u_s.mem[13]$3731 ($dff) from module gated_delta_d16_fused (D = \u_pe.wdata[15], Q = \u_pe.banks[15].u_s.mem[13]).
Adding EN signal on $memory\u_pe.banks[15].u_s.mem[14]$3733 ($dff) from module gated_delta_d16_fused (D = \u_pe.wdata[15], Q = \u_pe.banks[15].u_s.mem[14]).
Adding EN signal on $memory\u_pe.banks[15].u_s.mem[15]$3735 ($dff) from module gated_delta_d16_fused (D = \u_pe.wdata[15], Q = \u_pe.banks[15].u_s.mem[15]).
Adding EN signal on $memory\u_pe.banks[3].u_s.mem[8]$5477 ($dff) from module gated_delta_d16_fused (D = \u_pe.wdata[3], Q = \u_pe.banks[3].u_s.mem[8]).
Adding EN signal on $memory\u_pe.banks[3].u_s.mem[9]$5479 ($dff) from module gated_delta_d16_fused (D = \u_pe.wdata[3], Q = \u_pe.banks[3].u_s.mem[9]).
Adding EN signal on $memory\u_pe.banks[3].u_s.mem[10]$5481 ($dff) from module gated_delta_d16_fused (D = \u_pe.wdata[3], Q = \u_pe.banks[3].u_s.mem[10]).
Adding EN signal on $memory\u_pe.banks[3].u_s.mem[11]$5483 ($dff) from module gated_delta_d16_fused (D = \u_pe.wdata[3], Q = \u_pe.banks[3].u_s.mem[11]).
Adding EN signal on $memory\u_pe.banks[3].u_s.mem[12]$5485 ($dff) from module gated_delta_d16_fused (D = \u_pe.wdata[3], Q = \u_pe.banks[3].u_s.mem[12]).
Adding EN signal on $memory\u_pe.banks[3].u_s.mem[13]$5487 ($dff) from module gated_delta_d16_fused (D = \u_pe.wdata[3], Q = \u_pe.banks[3].u_s.mem[13]).
Adding EN signal on $memory\u_pe.banks[3].u_s.mem[14]$5489 ($dff) from module gated_delta_d16_fused (D = \u_pe.wdata[3], Q = \u_pe.banks[3].u_s.mem[14]).
Adding EN signal on $memory\u_pe.banks[3].u_s.mem[15]$5491 ($dff) from module gated_delta_d16_fused (D = \u_pe.wdata[3], Q = \u_pe.banks[3].u_s.mem[15]).
Adding EN signal on $memory\u_pe.banks[14].u_s.mem[0]$3910 ($dff) from module gated_delta_d16_fused (D = \u_pe.wdata[14], Q = \u_pe.banks[14].u_s.mem[0]).
Adding EN signal on $memory\u_pe.banks[14].u_s.mem[1]$3912 ($dff) from module gated_delta_d16_fused (D = \u_pe.wdata[14], Q = \u_pe.banks[14].u_s.mem[1]).
Adding EN signal on $memory\u_pe.banks[14].u_s.mem[2]$3914 ($dff) from module gated_delta_d16_fused (D = \u_pe.wdata[14], Q = \u_pe.banks[14].u_s.mem[2]).
Adding EN signal on $memory\u_pe.banks[14].u_s.mem[3]$3916 ($dff) from module gated_delta_d16_fused (D = \u_pe.wdata[14], Q = \u_pe.banks[14].u_s.mem[3]).
Adding EN signal on $memory\u_pe.banks[14].u_s.mem[4]$3918 ($dff) from module gated_delta_d16_fused (D = \u_pe.wdata[14], Q = \u_pe.banks[14].u_s.mem[4]).
Adding EN signal on $memory\u_pe.banks[14].u_s.mem[5]$3920 ($dff) from module gated_delta_d16_fused (D = \u_pe.wdata[14], Q = \u_pe.banks[14].u_s.mem[5]).
Adding EN signal on $memory\u_pe.banks[14].u_s.mem[6]$3922 ($dff) from module gated_delta_d16_fused (D = \u_pe.wdata[14], Q = \u_pe.banks[14].u_s.mem[6]).
Adding EN signal on $memory\u_pe.banks[14].u_s.mem[7]$3924 ($dff) from module gated_delta_d16_fused (D = \u_pe.wdata[14], Q = \u_pe.banks[14].u_s.mem[7]).
Adding EN signal on $memory\u_pe.banks[14].u_s.mem[8]$3926 ($dff) from module gated_delta_d16_fused (D = \u_pe.wdata[14], Q = \u_pe.banks[14].u_s.mem[8]).
Adding EN signal on $memory\u_pe.banks[14].u_s.mem[9]$3928 ($dff) from module gated_delta_d16_fused (D = \u_pe.wdata[14], Q = \u_pe.banks[14].u_s.mem[9]).
Adding EN signal on $memory\u_pe.banks[14].u_s.mem[10]$3930 ($dff) from module gated_delta_d16_fused (D = \u_pe.wdata[14], Q = \u_pe.banks[14].u_s.mem[10]).
Adding EN signal on $memory\u_pe.banks[14].u_s.mem[11]$3932 ($dff) from module gated_delta_d16_fused (D = \u_pe.wdata[14], Q = \u_pe.banks[14].u_s.mem[11]).
Adding EN signal on $memory\u_pe.banks[14].u_s.mem[12]$3934 ($dff) from module gated_delta_d16_fused (D = \u_pe.wdata[14], Q = \u_pe.banks[14].u_s.mem[12]).
Adding EN signal on $memory\u_pe.banks[14].u_s.mem[13]$3936 ($dff) from module gated_delta_d16_fused (D = \u_pe.wdata[14], Q = \u_pe.banks[14].u_s.mem[13]).
Adding EN signal on $memory\u_pe.banks[14].u_s.mem[14]$3938 ($dff) from module gated_delta_d16_fused (D = \u_pe.wdata[14], Q = \u_pe.banks[14].u_s.mem[14]).
Adding EN signal on $memory\u_pe.banks[14].u_s.mem[15]$3940 ($dff) from module gated_delta_d16_fused (D = \u_pe.wdata[14], Q = \u_pe.banks[14].u_s.mem[15]).
Adding EN signal on $memory\u_pe.banks[0].u_s.mem[13]$5910 ($dff) from module gated_delta_d16_fused (D = \u_pe.wdata[0], Q = \u_pe.banks[0].u_s.mem[13]).
Adding EN signal on $memory\u_pe.banks[0].u_s.mem[14]$5912 ($dff) from module gated_delta_d16_fused (D = \u_pe.wdata[0], Q = \u_pe.banks[0].u_s.mem[14]).
Adding EN signal on $memory\u_pe.banks[0].u_s.mem[15]$5914 ($dff) from module gated_delta_d16_fused (D = \u_pe.wdata[0], Q = \u_pe.banks[0].u_s.mem[15]).
Adding EN signal on $memory\u_pe.banks[13].u_s.mem[0]$4051 ($dff) from module gated_delta_d16_fused (D = \u_pe.wdata[13], Q = \u_pe.banks[13].u_s.mem[0]).
Adding EN signal on $memory\u_pe.banks[13].u_s.mem[1]$4053 ($dff) from module gated_delta_d16_fused (D = \u_pe.wdata[13], Q = \u_pe.banks[13].u_s.mem[1]).
Adding EN signal on $memory\u_pe.banks[13].u_s.mem[2]$4055 ($dff) from module gated_delta_d16_fused (D = \u_pe.wdata[13], Q = \u_pe.banks[13].u_s.mem[2]).
Adding EN signal on $memory\u_pe.banks[13].u_s.mem[3]$4057 ($dff) from module gated_delta_d16_fused (D = \u_pe.wdata[13], Q = \u_pe.banks[13].u_s.mem[3]).
Adding EN signal on $memory\u_pe.banks[13].u_s.mem[4]$4059 ($dff) from module gated_delta_d16_fused (D = \u_pe.wdata[13], Q = \u_pe.banks[13].u_s.mem[4]).
Adding EN signal on $memory\u_pe.banks[13].u_s.mem[5]$4061 ($dff) from module gated_delta_d16_fused (D = \u_pe.wdata[13], Q = \u_pe.banks[13].u_s.mem[5]).
Adding EN signal on $memory\u_pe.banks[13].u_s.mem[6]$4063 ($dff) from module gated_delta_d16_fused (D = \u_pe.wdata[13], Q = \u_pe.banks[13].u_s.mem[6]).
Adding EN signal on $memory\u_pe.banks[13].u_s.mem[7]$4065 ($dff) from module gated_delta_d16_fused (D = \u_pe.wdata[13], Q = \u_pe.banks[13].u_s.mem[7]).
Adding EN signal on $memory\u_pe.banks[13].u_s.mem[8]$4067 ($dff) from module gated_delta_d16_fused (D = \u_pe.wdata[13], Q = \u_pe.banks[13].u_s.mem[8]).
Adding EN signal on $memory\u_pe.banks[13].u_s.mem[9]$4069 ($dff) from module gated_delta_d16_fused (D = \u_pe.wdata[13], Q = \u_pe.banks[13].u_s.mem[9]).
Adding EN signal on $memory\u_pe.banks[13].u_s.mem[10]$4071 ($dff) from module gated_delta_d16_fused (D = \u_pe.wdata[13], Q = \u_pe.banks[13].u_s.mem[10]).
Adding EN signal on $memory\u_pe.banks[13].u_s.mem[11]$4073 ($dff) from module gated_delta_d16_fused (D = \u_pe.wdata[13], Q = \u_pe.banks[13].u_s.mem[11]).
Adding EN signal on $memory\u_pe.banks[13].u_s.mem[12]$4075 ($dff) from module gated_delta_d16_fused (D = \u_pe.wdata[13], Q = \u_pe.banks[13].u_s.mem[12]).
Adding EN signal on $memory\u_pe.banks[13].u_s.mem[13]$4077 ($dff) from module gated_delta_d16_fused (D = \u_pe.wdata[13], Q = \u_pe.banks[13].u_s.mem[13]).
Adding EN signal on $memory\u_pe.banks[13].u_s.mem[14]$4079 ($dff) from module gated_delta_d16_fused (D = \u_pe.wdata[13], Q = \u_pe.banks[13].u_s.mem[14]).
Adding EN signal on $memory\u_pe.banks[13].u_s.mem[15]$4081 ($dff) from module gated_delta_d16_fused (D = \u_pe.wdata[13], Q = \u_pe.banks[13].u_s.mem[15]).
Adding EN signal on $memory\u_pe.banks[12].u_s.mem[0]$4192 ($dff) from module gated_delta_d16_fused (D = \u_pe.wdata[12], Q = \u_pe.banks[12].u_s.mem[0]).
Adding EN signal on $memory\u_pe.banks[12].u_s.mem[1]$4194 ($dff) from module gated_delta_d16_fused (D = \u_pe.wdata[12], Q = \u_pe.banks[12].u_s.mem[1]).
Adding EN signal on $memory\u_pe.banks[12].u_s.mem[2]$4196 ($dff) from module gated_delta_d16_fused (D = \u_pe.wdata[12], Q = \u_pe.banks[12].u_s.mem[2]).
Adding EN signal on $memory\u_pe.banks[12].u_s.mem[3]$4198 ($dff) from module gated_delta_d16_fused (D = \u_pe.wdata[12], Q = \u_pe.banks[12].u_s.mem[3]).
Adding EN signal on $memory\u_pe.banks[12].u_s.mem[4]$4200 ($dff) from module gated_delta_d16_fused (D = \u_pe.wdata[12], Q = \u_pe.banks[12].u_s.mem[4]).
Adding EN signal on $memory\u_pe.banks[12].u_s.mem[5]$4202 ($dff) from module gated_delta_d16_fused (D = \u_pe.wdata[12], Q = \u_pe.banks[12].u_s.mem[5]).
Adding EN signal on $memory\u_pe.banks[12].u_s.mem[6]$4204 ($dff) from module gated_delta_d16_fused (D = \u_pe.wdata[12], Q = \u_pe.banks[12].u_s.mem[6]).
Adding EN signal on $memory\u_pe.banks[12].u_s.mem[7]$4206 ($dff) from module gated_delta_d16_fused (D = \u_pe.wdata[12], Q = \u_pe.banks[12].u_s.mem[7]).
Adding EN signal on $memory\u_pe.banks[12].u_s.mem[8]$4208 ($dff) from module gated_delta_d16_fused (D = \u_pe.wdata[12], Q = \u_pe.banks[12].u_s.mem[8]).
Adding EN signal on $memory\u_pe.banks[12].u_s.mem[9]$4210 ($dff) from module gated_delta_d16_fused (D = \u_pe.wdata[12], Q = \u_pe.banks[12].u_s.mem[9]).
Adding EN signal on $memory\u_pe.banks[12].u_s.mem[10]$4212 ($dff) from module gated_delta_d16_fused (D = \u_pe.wdata[12], Q = \u_pe.banks[12].u_s.mem[10]).
Adding EN signal on $memory\u_pe.banks[12].u_s.mem[11]$4214 ($dff) from module gated_delta_d16_fused (D = \u_pe.wdata[12], Q = \u_pe.banks[12].u_s.mem[11]).
Adding EN signal on $memory\u_pe.banks[12].u_s.mem[12]$4216 ($dff) from module gated_delta_d16_fused (D = \u_pe.wdata[12], Q = \u_pe.banks[12].u_s.mem[12]).
Adding EN signal on $memory\u_pe.banks[12].u_s.mem[13]$4218 ($dff) from module gated_delta_d16_fused (D = \u_pe.wdata[12], Q = \u_pe.banks[12].u_s.mem[13]).
Adding EN signal on $memory\u_pe.banks[12].u_s.mem[14]$4220 ($dff) from module gated_delta_d16_fused (D = \u_pe.wdata[12], Q = \u_pe.banks[12].u_s.mem[14]).
Adding EN signal on $memory\u_pe.banks[12].u_s.mem[15]$4222 ($dff) from module gated_delta_d16_fused (D = \u_pe.wdata[12], Q = \u_pe.banks[12].u_s.mem[15]).
Adding EN signal on $memory\u_pe.banks[2].u_s.mem[0]$5602 ($dff) from module gated_delta_d16_fused (D = \u_pe.wdata[2], Q = \u_pe.banks[2].u_s.mem[0]).
Adding EN signal on $memory\u_pe.banks[2].u_s.mem[1]$5604 ($dff) from module gated_delta_d16_fused (D = \u_pe.wdata[2], Q = \u_pe.banks[2].u_s.mem[1]).
Adding EN signal on $memory\u_pe.banks[2].u_s.mem[2]$5606 ($dff) from module gated_delta_d16_fused (D = \u_pe.wdata[2], Q = \u_pe.banks[2].u_s.mem[2]).
Adding EN signal on $memory\u_pe.banks[2].u_s.mem[3]$5608 ($dff) from module gated_delta_d16_fused (D = \u_pe.wdata[2], Q = \u_pe.banks[2].u_s.mem[3]).
Adding EN signal on $memory\u_pe.banks[2].u_s.mem[4]$5610 ($dff) from module gated_delta_d16_fused (D = \u_pe.wdata[2], Q = \u_pe.banks[2].u_s.mem[4]).
Adding EN signal on $memory\u_pe.banks[2].u_s.mem[5]$5612 ($dff) from module gated_delta_d16_fused (D = \u_pe.wdata[2], Q = \u_pe.banks[2].u_s.mem[5]).
Adding EN signal on $memory\u_pe.banks[2].u_s.mem[6]$5614 ($dff) from module gated_delta_d16_fused (D = \u_pe.wdata[2], Q = \u_pe.banks[2].u_s.mem[6]).
Adding EN signal on $memory\u_pe.banks[2].u_s.mem[7]$5616 ($dff) from module gated_delta_d16_fused (D = \u_pe.wdata[2], Q = \u_pe.banks[2].u_s.mem[7]).
Adding EN signal on $memory\u_pe.banks[2].u_s.mem[8]$5618 ($dff) from module gated_delta_d16_fused (D = \u_pe.wdata[2], Q = \u_pe.banks[2].u_s.mem[8]).
Adding EN signal on $memory\u_pe.banks[2].u_s.mem[9]$5620 ($dff) from module gated_delta_d16_fused (D = \u_pe.wdata[2], Q = \u_pe.banks[2].u_s.mem[9]).
Adding EN signal on $memory\u_pe.banks[2].u_s.mem[10]$5622 ($dff) from module gated_delta_d16_fused (D = \u_pe.wdata[2], Q = \u_pe.banks[2].u_s.mem[10]).
Adding EN signal on $memory\u_pe.banks[11].u_s.mem[0]$4333 ($dff) from module gated_delta_d16_fused (D = \u_pe.wdata[11], Q = \u_pe.banks[11].u_s.mem[0]).
Adding EN signal on $memory\u_pe.banks[11].u_s.mem[1]$4335 ($dff) from module gated_delta_d16_fused (D = \u_pe.wdata[11], Q = \u_pe.banks[11].u_s.mem[1]).
Adding EN signal on $memory\u_pe.banks[11].u_s.mem[2]$4337 ($dff) from module gated_delta_d16_fused (D = \u_pe.wdata[11], Q = \u_pe.banks[11].u_s.mem[2]).
Adding EN signal on $memory\u_pe.banks[11].u_s.mem[3]$4339 ($dff) from module gated_delta_d16_fused (D = \u_pe.wdata[11], Q = \u_pe.banks[11].u_s.mem[3]).
Adding EN signal on $memory\u_pe.banks[11].u_s.mem[4]$4341 ($dff) from module gated_delta_d16_fused (D = \u_pe.wdata[11], Q = \u_pe.banks[11].u_s.mem[4]).
Adding EN signal on $memory\u_pe.banks[11].u_s.mem[5]$4343 ($dff) from module gated_delta_d16_fused (D = \u_pe.wdata[11], Q = \u_pe.banks[11].u_s.mem[5]).
Adding EN signal on $memory\u_pe.banks[11].u_s.mem[6]$4345 ($dff) from module gated_delta_d16_fused (D = \u_pe.wdata[11], Q = \u_pe.banks[11].u_s.mem[6]).
Adding EN signal on $memory\u_pe.banks[11].u_s.mem[7]$4347 ($dff) from module gated_delta_d16_fused (D = \u_pe.wdata[11], Q = \u_pe.banks[11].u_s.mem[7]).
Adding EN signal on $memory\u_pe.banks[11].u_s.mem[8]$4349 ($dff) from module gated_delta_d16_fused (D = \u_pe.wdata[11], Q = \u_pe.banks[11].u_s.mem[8]).
Adding EN signal on $memory\u_pe.banks[11].u_s.mem[9]$4351 ($dff) from module gated_delta_d16_fused (D = \u_pe.wdata[11], Q = \u_pe.banks[11].u_s.mem[9]).
Adding EN signal on $memory\u_pe.banks[11].u_s.mem[10]$4353 ($dff) from module gated_delta_d16_fused (D = \u_pe.wdata[11], Q = \u_pe.banks[11].u_s.mem[10]).
Adding EN signal on $memory\u_pe.banks[11].u_s.mem[11]$4355 ($dff) from module gated_delta_d16_fused (D = \u_pe.wdata[11], Q = \u_pe.banks[11].u_s.mem[11]).
Adding EN signal on $memory\u_pe.banks[11].u_s.mem[12]$4357 ($dff) from module gated_delta_d16_fused (D = \u_pe.wdata[11], Q = \u_pe.banks[11].u_s.mem[12]).
Adding EN signal on $memory\u_pe.banks[11].u_s.mem[13]$4359 ($dff) from module gated_delta_d16_fused (D = \u_pe.wdata[11], Q = \u_pe.banks[11].u_s.mem[13]).
Adding EN signal on $memory\u_pe.banks[11].u_s.mem[14]$4361 ($dff) from module gated_delta_d16_fused (D = \u_pe.wdata[11], Q = \u_pe.banks[11].u_s.mem[14]).
Adding EN signal on $memory\u_pe.banks[11].u_s.mem[15]$4363 ($dff) from module gated_delta_d16_fused (D = \u_pe.wdata[11], Q = \u_pe.banks[11].u_s.mem[15]).
Adding EN signal on $memory\u_pe.banks[2].u_s.mem[11]$5624 ($dff) from module gated_delta_d16_fused (D = \u_pe.wdata[2], Q = \u_pe.banks[2].u_s.mem[11]).
Adding EN signal on $memory\u_pe.banks[2].u_s.mem[12]$5626 ($dff) from module gated_delta_d16_fused (D = \u_pe.wdata[2], Q = \u_pe.banks[2].u_s.mem[12]).
Adding EN signal on $memory\u_pe.banks[2].u_s.mem[13]$5628 ($dff) from module gated_delta_d16_fused (D = \u_pe.wdata[2], Q = \u_pe.banks[2].u_s.mem[13]).
Adding EN signal on $memory\u_pe.banks[2].u_s.mem[14]$5630 ($dff) from module gated_delta_d16_fused (D = \u_pe.wdata[2], Q = \u_pe.banks[2].u_s.mem[14]).
Adding EN signal on $memory\u_pe.banks[2].u_s.mem[15]$5632 ($dff) from module gated_delta_d16_fused (D = \u_pe.wdata[2], Q = \u_pe.banks[2].u_s.mem[15]).
Adding EN signal on $memory\u_pe.banks[10].u_s.mem[0]$4474 ($dff) from module gated_delta_d16_fused (D = \u_pe.wdata[10], Q = \u_pe.banks[10].u_s.mem[0]).
Adding EN signal on $memory\u_pe.banks[10].u_s.mem[1]$4476 ($dff) from module gated_delta_d16_fused (D = \u_pe.wdata[10], Q = \u_pe.banks[10].u_s.mem[1]).
Adding EN signal on $memory\u_pe.banks[10].u_s.mem[2]$4478 ($dff) from module gated_delta_d16_fused (D = \u_pe.wdata[10], Q = \u_pe.banks[10].u_s.mem[2]).
Adding EN signal on $memory\u_pe.banks[10].u_s.mem[3]$4480 ($dff) from module gated_delta_d16_fused (D = \u_pe.wdata[10], Q = \u_pe.banks[10].u_s.mem[3]).
Adding EN signal on $memory\u_pe.banks[10].u_s.mem[4]$4482 ($dff) from module gated_delta_d16_fused (D = \u_pe.wdata[10], Q = \u_pe.banks[10].u_s.mem[4]).
Adding EN signal on $memory\u_pe.banks[10].u_s.mem[5]$4484 ($dff) from module gated_delta_d16_fused (D = \u_pe.wdata[10], Q = \u_pe.banks[10].u_s.mem[5]).
Adding EN signal on $memory\u_pe.banks[10].u_s.mem[6]$4486 ($dff) from module gated_delta_d16_fused (D = \u_pe.wdata[10], Q = \u_pe.banks[10].u_s.mem[6]).
Adding EN signal on $memory\u_pe.banks[10].u_s.mem[7]$4488 ($dff) from module gated_delta_d16_fused (D = \u_pe.wdata[10], Q = \u_pe.banks[10].u_s.mem[7]).
Adding EN signal on $memory\u_pe.banks[10].u_s.mem[8]$4490 ($dff) from module gated_delta_d16_fused (D = \u_pe.wdata[10], Q = \u_pe.banks[10].u_s.mem[8]).
Adding EN signal on $memory\u_pe.banks[10].u_s.mem[9]$4492 ($dff) from module gated_delta_d16_fused (D = \u_pe.wdata[10], Q = \u_pe.banks[10].u_s.mem[9]).
Adding EN signal on $memory\u_pe.banks[10].u_s.mem[10]$4494 ($dff) from module gated_delta_d16_fused (D = \u_pe.wdata[10], Q = \u_pe.banks[10].u_s.mem[10]).
Adding EN signal on $memory\u_pe.banks[10].u_s.mem[11]$4496 ($dff) from module gated_delta_d16_fused (D = \u_pe.wdata[10], Q = \u_pe.banks[10].u_s.mem[11]).
Adding EN signal on $memory\u_pe.banks[10].u_s.mem[12]$4498 ($dff) from module gated_delta_d16_fused (D = \u_pe.wdata[10], Q = \u_pe.banks[10].u_s.mem[12]).
Adding EN signal on $memory\u_pe.banks[10].u_s.mem[13]$4500 ($dff) from module gated_delta_d16_fused (D = \u_pe.wdata[10], Q = \u_pe.banks[10].u_s.mem[13]).
Adding EN signal on $memory\u_pe.banks[10].u_s.mem[14]$4502 ($dff) from module gated_delta_d16_fused (D = \u_pe.wdata[10], Q = \u_pe.banks[10].u_s.mem[14]).
Adding EN signal on $memory\u_pe.banks[10].u_s.mem[15]$4504 ($dff) from module gated_delta_d16_fused (D = \u_pe.wdata[10], Q = \u_pe.banks[10].u_s.mem[15]).
Adding EN signal on $memory\u_pe.banks[9].u_s.mem[0]$4615 ($dff) from module gated_delta_d16_fused (D = \u_pe.wdata[9], Q = \u_pe.banks[9].u_s.mem[0]).
Adding EN signal on $memory\u_pe.banks[9].u_s.mem[1]$4617 ($dff) from module gated_delta_d16_fused (D = \u_pe.wdata[9], Q = \u_pe.banks[9].u_s.mem[1]).
Adding EN signal on $memory\u_pe.banks[9].u_s.mem[2]$4619 ($dff) from module gated_delta_d16_fused (D = \u_pe.wdata[9], Q = \u_pe.banks[9].u_s.mem[2]).
Adding EN signal on $memory\u_pe.banks[9].u_s.mem[3]$4621 ($dff) from module gated_delta_d16_fused (D = \u_pe.wdata[9], Q = \u_pe.banks[9].u_s.mem[3]).
Adding EN signal on $memory\u_pe.banks[9].u_s.mem[4]$4623 ($dff) from module gated_delta_d16_fused (D = \u_pe.wdata[9], Q = \u_pe.banks[9].u_s.mem[4]).
Adding EN signal on $memory\u_pe.banks[9].u_s.mem[5]$4625 ($dff) from module gated_delta_d16_fused (D = \u_pe.wdata[9], Q = \u_pe.banks[9].u_s.mem[5]).
Adding EN signal on $memory\u_pe.banks[9].u_s.mem[6]$4627 ($dff) from module gated_delta_d16_fused (D = \u_pe.wdata[9], Q = \u_pe.banks[9].u_s.mem[6]).
Adding EN signal on $memory\u_pe.banks[9].u_s.mem[7]$4629 ($dff) from module gated_delta_d16_fused (D = \u_pe.wdata[9], Q = \u_pe.banks[9].u_s.mem[7]).
Adding EN signal on $memory\u_pe.banks[9].u_s.mem[8]$4631 ($dff) from module gated_delta_d16_fused (D = \u_pe.wdata[9], Q = \u_pe.banks[9].u_s.mem[8]).
Adding EN signal on $memory\u_pe.banks[9].u_s.mem[9]$4633 ($dff) from module gated_delta_d16_fused (D = \u_pe.wdata[9], Q = \u_pe.banks[9].u_s.mem[9]).
Adding EN signal on $memory\u_pe.banks[9].u_s.mem[10]$4635 ($dff) from module gated_delta_d16_fused (D = \u_pe.wdata[9], Q = \u_pe.banks[9].u_s.mem[10]).
Adding EN signal on $memory\u_pe.banks[9].u_s.mem[11]$4637 ($dff) from module gated_delta_d16_fused (D = \u_pe.wdata[9], Q = \u_pe.banks[9].u_s.mem[11]).
Adding EN signal on $memory\u_pe.banks[9].u_s.mem[12]$4639 ($dff) from module gated_delta_d16_fused (D = \u_pe.wdata[9], Q = \u_pe.banks[9].u_s.mem[12]).
Adding EN signal on $memory\u_pe.banks[9].u_s.mem[13]$4641 ($dff) from module gated_delta_d16_fused (D = \u_pe.wdata[9], Q = \u_pe.banks[9].u_s.mem[13]).
Adding EN signal on $memory\u_pe.banks[9].u_s.mem[14]$4643 ($dff) from module gated_delta_d16_fused (D = \u_pe.wdata[9], Q = \u_pe.banks[9].u_s.mem[14]).
Adding EN signal on $memory\u_pe.banks[9].u_s.mem[15]$4645 ($dff) from module gated_delta_d16_fused (D = \u_pe.wdata[9], Q = \u_pe.banks[9].u_s.mem[15]).
Adding EN signal on $memory\u_pe.banks[8].u_s.mem[0]$4756 ($dff) from module gated_delta_d16_fused (D = \u_pe.wdata[8], Q = \u_pe.banks[8].u_s.mem[0]).
Adding EN signal on $memory\u_pe.banks[8].u_s.mem[1]$4758 ($dff) from module gated_delta_d16_fused (D = \u_pe.wdata[8], Q = \u_pe.banks[8].u_s.mem[1]).
Adding EN signal on $memory\u_pe.banks[8].u_s.mem[2]$4760 ($dff) from module gated_delta_d16_fused (D = \u_pe.wdata[8], Q = \u_pe.banks[8].u_s.mem[2]).
Adding EN signal on $memory\u_pe.banks[8].u_s.mem[3]$4762 ($dff) from module gated_delta_d16_fused (D = \u_pe.wdata[8], Q = \u_pe.banks[8].u_s.mem[3]).
Adding EN signal on $memory\u_pe.banks[8].u_s.mem[4]$4764 ($dff) from module gated_delta_d16_fused (D = \u_pe.wdata[8], Q = \u_pe.banks[8].u_s.mem[4]).
Adding EN signal on $memory\u_pe.banks[8].u_s.mem[5]$4766 ($dff) from module gated_delta_d16_fused (D = \u_pe.wdata[8], Q = \u_pe.banks[8].u_s.mem[5]).
Adding EN signal on $memory\u_pe.banks[8].u_s.mem[6]$4768 ($dff) from module gated_delta_d16_fused (D = \u_pe.wdata[8], Q = \u_pe.banks[8].u_s.mem[6]).
Adding EN signal on $memory\u_pe.banks[8].u_s.mem[7]$4770 ($dff) from module gated_delta_d16_fused (D = \u_pe.wdata[8], Q = \u_pe.banks[8].u_s.mem[7]).
Adding EN signal on $memory\u_pe.banks[8].u_s.mem[8]$4772 ($dff) from module gated_delta_d16_fused (D = \u_pe.wdata[8], Q = \u_pe.banks[8].u_s.mem[8]).
Adding EN signal on $memory\u_pe.banks[8].u_s.mem[9]$4774 ($dff) from module gated_delta_d16_fused (D = \u_pe.wdata[8], Q = \u_pe.banks[8].u_s.mem[9]).
Adding EN signal on $memory\u_pe.banks[8].u_s.mem[10]$4776 ($dff) from module gated_delta_d16_fused (D = \u_pe.wdata[8], Q = \u_pe.banks[8].u_s.mem[10]).
Adding EN signal on $memory\u_pe.banks[8].u_s.mem[11]$4778 ($dff) from module gated_delta_d16_fused (D = \u_pe.wdata[8], Q = \u_pe.banks[8].u_s.mem[11]).
Adding EN signal on $memory\u_pe.banks[8].u_s.mem[12]$4780 ($dff) from module gated_delta_d16_fused (D = \u_pe.wdata[8], Q = \u_pe.banks[8].u_s.mem[12]).
Adding EN signal on $memory\u_pe.banks[8].u_s.mem[13]$4782 ($dff) from module gated_delta_d16_fused (D = \u_pe.wdata[8], Q = \u_pe.banks[8].u_s.mem[13]).
Adding EN signal on $memory\u_pe.banks[8].u_s.mem[14]$4784 ($dff) from module gated_delta_d16_fused (D = \u_pe.wdata[8], Q = \u_pe.banks[8].u_s.mem[14]).
Adding EN signal on $memory\u_pe.banks[8].u_s.mem[15]$4786 ($dff) from module gated_delta_d16_fused (D = \u_pe.wdata[8], Q = \u_pe.banks[8].u_s.mem[15]).
Adding EN signal on $memory\u_pe.banks[1].u_s.mem[0]$5743 ($dff) from module gated_delta_d16_fused (D = \u_pe.wdata[1], Q = \u_pe.banks[1].u_s.mem[0]).
Adding EN signal on $memory\u_pe.banks[1].u_s.mem[1]$5745 ($dff) from module gated_delta_d16_fused (D = \u_pe.wdata[1], Q = \u_pe.banks[1].u_s.mem[1]).
Adding EN signal on $memory\u_pe.banks[1].u_s.mem[2]$5747 ($dff) from module gated_delta_d16_fused (D = \u_pe.wdata[1], Q = \u_pe.banks[1].u_s.mem[2]).
Adding EN signal on $memory\u_pe.banks[1].u_s.mem[3]$5749 ($dff) from module gated_delta_d16_fused (D = \u_pe.wdata[1], Q = \u_pe.banks[1].u_s.mem[3]).
Adding EN signal on $memory\u_pe.banks[1].u_s.mem[4]$5751 ($dff) from module gated_delta_d16_fused (D = \u_pe.wdata[1], Q = \u_pe.banks[1].u_s.mem[4]).
Adding EN signal on $memory\u_pe.banks[1].u_s.mem[5]$5753 ($dff) from module gated_delta_d16_fused (D = \u_pe.wdata[1], Q = \u_pe.banks[1].u_s.mem[5]).
Adding EN signal on $memory\u_pe.banks[1].u_s.mem[6]$5755 ($dff) from module gated_delta_d16_fused (D = \u_pe.wdata[1], Q = \u_pe.banks[1].u_s.mem[6]).
Adding EN signal on $memory\u_pe.banks[1].u_s.mem[7]$5757 ($dff) from module gated_delta_d16_fused (D = \u_pe.wdata[1], Q = \u_pe.banks[1].u_s.mem[7]).
Adding EN signal on $memory\u_pe.banks[1].u_s.mem[8]$5759 ($dff) from module gated_delta_d16_fused (D = \u_pe.wdata[1], Q = \u_pe.banks[1].u_s.mem[8]).
Adding EN signal on $memory\u_pe.banks[1].u_s.mem[9]$5761 ($dff) from module gated_delta_d16_fused (D = \u_pe.wdata[1], Q = \u_pe.banks[1].u_s.mem[9]).
Adding EN signal on $memory\u_pe.banks[1].u_s.mem[10]$5763 ($dff) from module gated_delta_d16_fused (D = \u_pe.wdata[1], Q = \u_pe.banks[1].u_s.mem[10]).
Adding EN signal on $memory\u_pe.banks[1].u_s.mem[11]$5765 ($dff) from module gated_delta_d16_fused (D = \u_pe.wdata[1], Q = \u_pe.banks[1].u_s.mem[11]).
Adding EN signal on $memory\u_pe.banks[7].u_s.mem[0]$4897 ($dff) from module gated_delta_d16_fused (D = \u_pe.wdata[7], Q = \u_pe.banks[7].u_s.mem[0]).
Adding EN signal on $memory\u_pe.banks[7].u_s.mem[1]$4899 ($dff) from module gated_delta_d16_fused (D = \u_pe.wdata[7], Q = \u_pe.banks[7].u_s.mem[1]).
Adding EN signal on $memory\u_pe.banks[7].u_s.mem[2]$4901 ($dff) from module gated_delta_d16_fused (D = \u_pe.wdata[7], Q = \u_pe.banks[7].u_s.mem[2]).
Adding EN signal on $memory\u_pe.banks[7].u_s.mem[3]$4903 ($dff) from module gated_delta_d16_fused (D = \u_pe.wdata[7], Q = \u_pe.banks[7].u_s.mem[3]).
Adding EN signal on $memory\u_pe.banks[7].u_s.mem[4]$4905 ($dff) from module gated_delta_d16_fused (D = \u_pe.wdata[7], Q = \u_pe.banks[7].u_s.mem[4]).
Adding EN signal on $memory\u_pe.banks[7].u_s.mem[5]$4907 ($dff) from module gated_delta_d16_fused (D = \u_pe.wdata[7], Q = \u_pe.banks[7].u_s.mem[5]).
Adding EN signal on $memory\u_pe.banks[7].u_s.mem[6]$4909 ($dff) from module gated_delta_d16_fused (D = \u_pe.wdata[7], Q = \u_pe.banks[7].u_s.mem[6]).
Adding EN signal on $memory\u_pe.banks[7].u_s.mem[7]$4911 ($dff) from module gated_delta_d16_fused (D = \u_pe.wdata[7], Q = \u_pe.banks[7].u_s.mem[7]).
Adding EN signal on $memory\u_pe.banks[7].u_s.mem[8]$4913 ($dff) from module gated_delta_d16_fused (D = \u_pe.wdata[7], Q = \u_pe.banks[7].u_s.mem[8]).
Adding EN signal on $memory\u_pe.banks[7].u_s.mem[9]$4915 ($dff) from module gated_delta_d16_fused (D = \u_pe.wdata[7], Q = \u_pe.banks[7].u_s.mem[9]).
Adding EN signal on $memory\u_pe.banks[7].u_s.mem[10]$4917 ($dff) from module gated_delta_d16_fused (D = \u_pe.wdata[7], Q = \u_pe.banks[7].u_s.mem[10]).
Adding EN signal on $memory\u_pe.banks[7].u_s.mem[11]$4919 ($dff) from module gated_delta_d16_fused (D = \u_pe.wdata[7], Q = \u_pe.banks[7].u_s.mem[11]).
Adding EN signal on $memory\u_pe.banks[7].u_s.mem[12]$4921 ($dff) from module gated_delta_d16_fused (D = \u_pe.wdata[7], Q = \u_pe.banks[7].u_s.mem[12]).
Adding EN signal on $memory\u_pe.banks[7].u_s.mem[13]$4923 ($dff) from module gated_delta_d16_fused (D = \u_pe.wdata[7], Q = \u_pe.banks[7].u_s.mem[13]).
Adding EN signal on $memory\u_pe.banks[7].u_s.mem[14]$4925 ($dff) from module gated_delta_d16_fused (D = \u_pe.wdata[7], Q = \u_pe.banks[7].u_s.mem[14]).
Adding EN signal on $memory\u_pe.banks[7].u_s.mem[15]$4927 ($dff) from module gated_delta_d16_fused (D = \u_pe.wdata[7], Q = \u_pe.banks[7].u_s.mem[15]).
Adding EN signal on $memory\u_pe.banks[1].u_s.mem[12]$5767 ($dff) from module gated_delta_d16_fused (D = \u_pe.wdata[1], Q = \u_pe.banks[1].u_s.mem[12]).
Adding EN signal on $memory\u_pe.banks[1].u_s.mem[13]$5769 ($dff) from module gated_delta_d16_fused (D = \u_pe.wdata[1], Q = \u_pe.banks[1].u_s.mem[13]).
Adding EN signal on $memory\u_pe.banks[1].u_s.mem[14]$5771 ($dff) from module gated_delta_d16_fused (D = \u_pe.wdata[1], Q = \u_pe.banks[1].u_s.mem[14]).
Adding EN signal on $memory\u_pe.banks[1].u_s.mem[15]$5773 ($dff) from module gated_delta_d16_fused (D = \u_pe.wdata[1], Q = \u_pe.banks[1].u_s.mem[15]).
Adding EN signal on $memory\u_pe.banks[6].u_s.mem[0]$5038 ($dff) from module gated_delta_d16_fused (D = \u_pe.wdata[6], Q = \u_pe.banks[6].u_s.mem[0]).
Adding EN signal on $memory\u_pe.banks[6].u_s.mem[1]$5040 ($dff) from module gated_delta_d16_fused (D = \u_pe.wdata[6], Q = \u_pe.banks[6].u_s.mem[1]).
Adding EN signal on $memory\u_pe.banks[6].u_s.mem[2]$5042 ($dff) from module gated_delta_d16_fused (D = \u_pe.wdata[6], Q = \u_pe.banks[6].u_s.mem[2]).
Adding EN signal on $memory\u_pe.banks[6].u_s.mem[3]$5044 ($dff) from module gated_delta_d16_fused (D = \u_pe.wdata[6], Q = \u_pe.banks[6].u_s.mem[3]).
Adding EN signal on $memory\u_pe.banks[6].u_s.mem[4]$5046 ($dff) from module gated_delta_d16_fused (D = \u_pe.wdata[6], Q = \u_pe.banks[6].u_s.mem[4]).
Adding EN signal on $memory\u_pe.banks[6].u_s.mem[5]$5048 ($dff) from module gated_delta_d16_fused (D = \u_pe.wdata[6], Q = \u_pe.banks[6].u_s.mem[5]).
Adding EN signal on $memory\u_pe.banks[6].u_s.mem[6]$5050 ($dff) from module gated_delta_d16_fused (D = \u_pe.wdata[6], Q = \u_pe.banks[6].u_s.mem[6]).
Adding EN signal on $memory\u_pe.banks[6].u_s.mem[7]$5052 ($dff) from module gated_delta_d16_fused (D = \u_pe.wdata[6], Q = \u_pe.banks[6].u_s.mem[7]).
Adding EN signal on $memory\u_pe.banks[6].u_s.mem[8]$5054 ($dff) from module gated_delta_d16_fused (D = \u_pe.wdata[6], Q = \u_pe.banks[6].u_s.mem[8]).
Adding EN signal on $memory\u_pe.banks[6].u_s.mem[9]$5056 ($dff) from module gated_delta_d16_fused (D = \u_pe.wdata[6], Q = \u_pe.banks[6].u_s.mem[9]).
Adding EN signal on $memory\u_pe.banks[6].u_s.mem[10]$5058 ($dff) from module gated_delta_d16_fused (D = \u_pe.wdata[6], Q = \u_pe.banks[6].u_s.mem[10]).
Adding EN signal on $memory\u_pe.banks[6].u_s.mem[11]$5060 ($dff) from module gated_delta_d16_fused (D = \u_pe.wdata[6], Q = \u_pe.banks[6].u_s.mem[11]).
Adding EN signal on $memory\u_pe.banks[6].u_s.mem[12]$5062 ($dff) from module gated_delta_d16_fused (D = \u_pe.wdata[6], Q = \u_pe.banks[6].u_s.mem[12]).
Adding EN signal on $memory\u_pe.banks[6].u_s.mem[13]$5064 ($dff) from module gated_delta_d16_fused (D = \u_pe.wdata[6], Q = \u_pe.banks[6].u_s.mem[13]).
Adding EN signal on $memory\u_pe.banks[6].u_s.mem[14]$5066 ($dff) from module gated_delta_d16_fused (D = \u_pe.wdata[6], Q = \u_pe.banks[6].u_s.mem[14]).
Adding EN signal on $memory\u_pe.banks[6].u_s.mem[15]$5068 ($dff) from module gated_delta_d16_fused (D = \u_pe.wdata[6], Q = \u_pe.banks[6].u_s.mem[15]).
Adding EN signal on $memory\u_pe.banks[5].u_s.mem[0]$5179 ($dff) from module gated_delta_d16_fused (D = \u_pe.wdata[5], Q = \u_pe.banks[5].u_s.mem[0]).
Adding EN signal on $memory\u_pe.banks[5].u_s.mem[1]$5181 ($dff) from module gated_delta_d16_fused (D = \u_pe.wdata[5], Q = \u_pe.banks[5].u_s.mem[1]).
Adding EN signal on $memory\u_pe.banks[5].u_s.mem[2]$5183 ($dff) from module gated_delta_d16_fused (D = \u_pe.wdata[5], Q = \u_pe.banks[5].u_s.mem[2]).
Adding EN signal on $memory\u_pe.banks[5].u_s.mem[3]$5185 ($dff) from module gated_delta_d16_fused (D = \u_pe.wdata[5], Q = \u_pe.banks[5].u_s.mem[3]).
Adding EN signal on $memory\u_pe.banks[5].u_s.mem[4]$5187 ($dff) from module gated_delta_d16_fused (D = \u_pe.wdata[5], Q = \u_pe.banks[5].u_s.mem[4]).
Adding EN signal on $memory\u_pe.banks[5].u_s.mem[5]$5189 ($dff) from module gated_delta_d16_fused (D = \u_pe.wdata[5], Q = \u_pe.banks[5].u_s.mem[5]).
Adding EN signal on $memory\u_pe.banks[5].u_s.mem[6]$5191 ($dff) from module gated_delta_d16_fused (D = \u_pe.wdata[5], Q = \u_pe.banks[5].u_s.mem[6]).
Adding EN signal on $memory\u_pe.banks[5].u_s.mem[7]$5193 ($dff) from module gated_delta_d16_fused (D = \u_pe.wdata[5], Q = \u_pe.banks[5].u_s.mem[7]).
Adding EN signal on $memory\u_pe.banks[5].u_s.mem[8]$5195 ($dff) from module gated_delta_d16_fused (D = \u_pe.wdata[5], Q = \u_pe.banks[5].u_s.mem[8]).
Adding EN signal on $memory\u_pe.banks[5].u_s.mem[9]$5197 ($dff) from module gated_delta_d16_fused (D = \u_pe.wdata[5], Q = \u_pe.banks[5].u_s.mem[9]).
Adding EN signal on $memory\u_pe.banks[5].u_s.mem[10]$5199 ($dff) from module gated_delta_d16_fused (D = \u_pe.wdata[5], Q = \u_pe.banks[5].u_s.mem[10]).
Adding EN signal on $memory\u_pe.banks[5].u_s.mem[11]$5201 ($dff) from module gated_delta_d16_fused (D = \u_pe.wdata[5], Q = \u_pe.banks[5].u_s.mem[11]).
Adding EN signal on $memory\u_pe.banks[5].u_s.mem[12]$5203 ($dff) from module gated_delta_d16_fused (D = \u_pe.wdata[5], Q = \u_pe.banks[5].u_s.mem[12]).
Adding EN signal on $memory\u_pe.banks[5].u_s.mem[13]$5205 ($dff) from module gated_delta_d16_fused (D = \u_pe.wdata[5], Q = \u_pe.banks[5].u_s.mem[13]).
Adding EN signal on $memory\u_pe.banks[5].u_s.mem[14]$5207 ($dff) from module gated_delta_d16_fused (D = \u_pe.wdata[5], Q = \u_pe.banks[5].u_s.mem[14]).
Adding EN signal on $memory\u_pe.banks[5].u_s.mem[15]$5209 ($dff) from module gated_delta_d16_fused (D = \u_pe.wdata[5], Q = \u_pe.banks[5].u_s.mem[15]).
Adding EN signal on $memory\u_pe.banks[4].u_s.mem[0]$5320 ($dff) from module gated_delta_d16_fused (D = \u_pe.wdata[4], Q = \u_pe.banks[4].u_s.mem[0]).
Adding EN signal on $memory\u_pe.banks[4].u_s.mem[1]$5322 ($dff) from module gated_delta_d16_fused (D = \u_pe.wdata[4], Q = \u_pe.banks[4].u_s.mem[1]).
Adding EN signal on $memory\u_pe.banks[4].u_s.mem[2]$5324 ($dff) from module gated_delta_d16_fused (D = \u_pe.wdata[4], Q = \u_pe.banks[4].u_s.mem[2]).
Adding EN signal on $memory\u_pe.banks[4].u_s.mem[3]$5326 ($dff) from module gated_delta_d16_fused (D = \u_pe.wdata[4], Q = \u_pe.banks[4].u_s.mem[3]).
Adding EN signal on $memory\u_pe.banks[4].u_s.mem[4]$5328 ($dff) from module gated_delta_d16_fused (D = \u_pe.wdata[4], Q = \u_pe.banks[4].u_s.mem[4]).
Adding EN signal on $memory\u_pe.banks[4].u_s.mem[5]$5330 ($dff) from module gated_delta_d16_fused (D = \u_pe.wdata[4], Q = \u_pe.banks[4].u_s.mem[5]).
Adding EN signal on $memory\u_pe.banks[4].u_s.mem[6]$5332 ($dff) from module gated_delta_d16_fused (D = \u_pe.wdata[4], Q = \u_pe.banks[4].u_s.mem[6]).
Adding EN signal on $memory\u_pe.banks[4].u_s.mem[7]$5334 ($dff) from module gated_delta_d16_fused (D = \u_pe.wdata[4], Q = \u_pe.banks[4].u_s.mem[7]).
Adding EN signal on $memory\u_pe.banks[4].u_s.mem[8]$5336 ($dff) from module gated_delta_d16_fused (D = \u_pe.wdata[4], Q = \u_pe.banks[4].u_s.mem[8]).
Adding EN signal on $memory\u_pe.banks[4].u_s.mem[9]$5338 ($dff) from module gated_delta_d16_fused (D = \u_pe.wdata[4], Q = \u_pe.banks[4].u_s.mem[9]).
Adding EN signal on $memory\u_pe.banks[4].u_s.mem[10]$5340 ($dff) from module gated_delta_d16_fused (D = \u_pe.wdata[4], Q = \u_pe.banks[4].u_s.mem[10]).
Adding EN signal on $memory\u_pe.banks[4].u_s.mem[11]$5342 ($dff) from module gated_delta_d16_fused (D = \u_pe.wdata[4], Q = \u_pe.banks[4].u_s.mem[11]).
Adding EN signal on $memory\u_pe.banks[4].u_s.mem[12]$5344 ($dff) from module gated_delta_d16_fused (D = \u_pe.wdata[4], Q = \u_pe.banks[4].u_s.mem[12]).
Adding EN signal on $memory\u_pe.banks[4].u_s.mem[13]$5346 ($dff) from module gated_delta_d16_fused (D = \u_pe.wdata[4], Q = \u_pe.banks[4].u_s.mem[13]).
Adding EN signal on $memory\u_pe.banks[4].u_s.mem[14]$5348 ($dff) from module gated_delta_d16_fused (D = \u_pe.wdata[4], Q = \u_pe.banks[4].u_s.mem[14]).
Adding EN signal on $memory\u_pe.banks[4].u_s.mem[15]$5350 ($dff) from module gated_delta_d16_fused (D = \u_pe.wdata[4], Q = \u_pe.banks[4].u_s.mem[15]).
Adding EN signal on $memory\u_pe.banks[0].u_s.mem[0]$5884 ($dff) from module gated_delta_d16_fused (D = \u_pe.wdata[0], Q = \u_pe.banks[0].u_s.mem[0]).
Adding EN signal on $memory\u_pe.banks[0].u_s.mem[1]$5886 ($dff) from module gated_delta_d16_fused (D = \u_pe.wdata[0], Q = \u_pe.banks[0].u_s.mem[1]).
Adding EN signal on $memory\u_pe.banks[0].u_s.mem[2]$5888 ($dff) from module gated_delta_d16_fused (D = \u_pe.wdata[0], Q = \u_pe.banks[0].u_s.mem[2]).
Adding EN signal on $memory\u_pe.banks[0].u_s.mem[3]$5890 ($dff) from module gated_delta_d16_fused (D = \u_pe.wdata[0], Q = \u_pe.banks[0].u_s.mem[3]).
Adding EN signal on $memory\u_pe.banks[0].u_s.mem[4]$5892 ($dff) from module gated_delta_d16_fused (D = \u_pe.wdata[0], Q = \u_pe.banks[0].u_s.mem[4]).
Adding EN signal on $memory\u_pe.banks[0].u_s.mem[5]$5894 ($dff) from module gated_delta_d16_fused (D = \u_pe.wdata[0], Q = \u_pe.banks[0].u_s.mem[5]).
Adding EN signal on $memory\u_pe.banks[0].u_s.mem[6]$5896 ($dff) from module gated_delta_d16_fused (D = \u_pe.wdata[0], Q = \u_pe.banks[0].u_s.mem[6]).
Adding EN signal on $memory\u_pe.banks[0].u_s.mem[7]$5898 ($dff) from module gated_delta_d16_fused (D = \u_pe.wdata[0], Q = \u_pe.banks[0].u_s.mem[7]).
Adding EN signal on $memory\u_pe.banks[0].u_s.mem[8]$5900 ($dff) from module gated_delta_d16_fused (D = \u_pe.wdata[0], Q = \u_pe.banks[0].u_s.mem[8]).
Adding EN signal on $memory\u_pe.banks[0].u_s.mem[9]$5902 ($dff) from module gated_delta_d16_fused (D = \u_pe.wdata[0], Q = \u_pe.banks[0].u_s.mem[9]).
Adding EN signal on $memory\u_pe.banks[0].u_s.mem[10]$5904 ($dff) from module gated_delta_d16_fused (D = \u_pe.wdata[0], Q = \u_pe.banks[0].u_s.mem[10]).
Adding EN signal on $memory\u_pe.banks[0].u_s.mem[11]$5906 ($dff) from module gated_delta_d16_fused (D = \u_pe.wdata[0], Q = \u_pe.banks[0].u_s.mem[11]).
Adding EN signal on $memory\u_pe.banks[0].u_s.mem[12]$5908 ($dff) from module gated_delta_d16_fused (D = \u_pe.wdata[0], Q = \u_pe.banks[0].u_s.mem[12]).
Adding EN signal on $memory\u_pe.banks[3].u_s.mem[0]$5461 ($dff) from module gated_delta_d16_fused (D = \u_pe.wdata[3], Q = \u_pe.banks[3].u_s.mem[0]).
Adding EN signal on $memory\u_pe.banks[3].u_s.mem[1]$5463 ($dff) from module gated_delta_d16_fused (D = \u_pe.wdata[3], Q = \u_pe.banks[3].u_s.mem[1]).
Adding EN signal on $memory\u_pe.banks[3].u_s.mem[2]$5465 ($dff) from module gated_delta_d16_fused (D = \u_pe.wdata[3], Q = \u_pe.banks[3].u_s.mem[2]).
Adding EN signal on $memory\u_pe.banks[3].u_s.mem[3]$5467 ($dff) from module gated_delta_d16_fused (D = \u_pe.wdata[3], Q = \u_pe.banks[3].u_s.mem[3]).
Adding EN signal on $memory\u_pe.banks[3].u_s.mem[4]$5469 ($dff) from module gated_delta_d16_fused (D = \u_pe.wdata[3], Q = \u_pe.banks[3].u_s.mem[4]).
Adding EN signal on $memory\u_pe.banks[3].u_s.mem[5]$5471 ($dff) from module gated_delta_d16_fused (D = \u_pe.wdata[3], Q = \u_pe.banks[3].u_s.mem[5]).
Adding EN signal on $memory\u_pe.banks[3].u_s.mem[6]$5473 ($dff) from module gated_delta_d16_fused (D = \u_pe.wdata[3], Q = \u_pe.banks[3].u_s.mem[6]).
Adding EN signal on $memory\u_pe.banks[3].u_s.mem[7]$5475 ($dff) from module gated_delta_d16_fused (D = \u_pe.wdata[3], Q = \u_pe.banks[3].u_s.mem[7]).

9.19.16. Executing OPT_CLEAN pass (remove unused cells and wires).
Finding unused cells or wires in module \gated_delta_d16_fused..
Removed 256 unused cells and 256 unused wires.
<suppressed ~257 debug messages>

9.19.17. Executing OPT_EXPR pass (perform const folding).
Optimizing module gated_delta_d16_fused.

9.19.18. Rerunning OPT passes. (Maybe there is more to do..)

9.19.19. Executing OPT_MUXTREE pass (detect dead branches in mux trees).
Running muxtree optimizer on module \gated_delta_d16_fused..
  Creating internal representation of mux trees.
  Evaluating internal representation of mux trees.
  Analyzing evaluation results.
Removed 0 multiplexer ports.
<suppressed ~312 debug messages>

9.19.20. Executing OPT_REDUCE pass (consolidate $*mux and $reduce_* inputs).
  Optimizing cells in module \gated_delta_d16_fused.
Performed a total of 0 changes.

9.19.21. Executing OPT_MERGE pass (detect identical cells).
Finding identical cells in module `\gated_delta_d16_fused'.
Computing hashes of 943 cells of `\gated_delta_d16_fused'.
Finding duplicate cells in `\gated_delta_d16_fused'.
Removed a total of 0 cells.

9.19.22. Executing OPT_SHARE pass.

9.19.23. Executing OPT_DFF pass (perform DFF optimizations).

9.19.24. Executing OPT_CLEAN pass (remove unused cells and wires).
Finding unused cells or wires in module \gated_delta_d16_fused..

9.19.25. Executing OPT_EXPR pass (perform const folding).
Optimizing module gated_delta_d16_fused.

9.19.26. Finished fast OPT passes. (There is nothing left to do.)

9.20. Executing TECHMAP pass (map to technology primitives).

9.20.1. Executing Verilog-2005 frontend: /opt/homebrew/bin/../share/yosys/techmap.v
Parsing Verilog input from `/opt/homebrew/bin/../share/yosys/techmap.v' to AST representation.
Generating RTLIL representation for module `\_90_simplemap_bool_ops'.
Generating RTLIL representation for module `\_90_simplemap_reduce_ops'.
Generating RTLIL representation for module `\_90_simplemap_logic_ops'.
Generating RTLIL representation for module `\_90_simplemap_compare_ops'.
Generating RTLIL representation for module `\_90_simplemap_various'.
Generating RTLIL representation for module `\_90_simplemap_registers'.
Generating RTLIL representation for module `\_90_shift_ops_shr_shl_sshl_sshr'.
Generating RTLIL representation for module `\_90_shift_shiftx'.
Generating RTLIL representation for module `\_90_fa'.
Generating RTLIL representation for module `\_90_lcu_brent_kung'.
Generating RTLIL representation for module `\_90_alu'.
Generating RTLIL representation for module `\_90_macc'.
Generating RTLIL representation for module `\_90_alumacc'.
Generating RTLIL representation for module `$__div_mod_u'.
Generating RTLIL representation for module `$__div_mod_trunc'.
Generating RTLIL representation for module `\_90_div'.
Generating RTLIL representation for module `\_90_mod'.
Generating RTLIL representation for module `$__div_mod_floor'.
Generating RTLIL representation for module `\_90_divfloor'.
Generating RTLIL representation for module `\_90_modfloor'.
Generating RTLIL representation for module `\_90_pow'.
Generating RTLIL representation for module `\_90_demux'.
Generating RTLIL representation for module `\_90_lut'.
Generating RTLIL representation for module `$connect'.
Generating RTLIL representation for module `$input_port'.
Successfully finished Verilog frontend.

9.20.2. Continuing TECHMAP pass.
Using extmapper simplemap for cells of type $dffe.
Using extmapper simplemap for cells of type $and.
Using extmapper simplemap for cells of type $not.
Using template $paramod$99501223b6f7e5af250351eeb57edb5403a5ad0b\_90_alu for cells of type $alu.
Using template $paramod$8033dc29391d45a5d3cc663b427fac326fdb7f57\_90_alu for cells of type $alu.
Using template $paramod$32a7b7b86c07519b7537abc18e96f0331f97914d\_90_alu for cells of type $alu.
Using template $paramod$309203cf09bcb348305b6cfbf6994d71d59b6374\_90_alu for cells of type $alu.
Using extmapper simplemap for cells of type $or.
Using extmapper simplemap for cells of type $reduce_and.
Using extmapper simplemap for cells of type $xor.
Using template $paramod$776f90c6247cc9f5d649c7ef2bea25df44696e58\_90_alu for cells of type $alu.
Using template $paramod$9880e04970bab1622966346169089abeb233d90d\_90_alu for cells of type $alu.
Using extmapper maccmap for cells of type $macc_v2.
  add \u_pe.banks[4].u_s.rdata * { 1'0 \u_pe.g_r [7:0] } (16x9 bits, signed)
  add \u_pe.o_prod_flat [23:0] (24 bits, signed)
  add \u_pe.u_o.xs [503:480] (24 bits, signed)
  add \u_pe.u_o.xs [471:448] (24 bits, signed)
  add \u_pe.u_o.xs [439:416] (24 bits, signed)
  add \u_pe.u_o.xs [407:384] (24 bits, signed)
  add \u_pe.u_o.xs [375:352] (24 bits, signed)
  add \u_pe.u_o.xs [343:320] (24 bits, signed)
  add \u_pe.u_o.xs [311:288] (24 bits, signed)
  add \u_pe.u_o.xs [279:256] (24 bits, signed)
  add \u_pe.u_o.xs [247:224] (24 bits, signed)
  add \u_pe.u_o.xs [215:192] (24 bits, signed)
  add \u_pe.u_o.xs [183:160] (24 bits, signed)
  add \u_pe.u_o.xs [151:128] (24 bits, signed)
  add \u_pe.u_o.xs [119:96] (24 bits, signed)
  add \u_pe.u_o.xs [87:64] (24 bits, signed)
  add \u_pe.u_o.xs [55:32] (24 bits, signed)
  add \u_pe.lanes[4].dec_ext [15:0] * \u_pe.k_r[4] (16x8 bits, signed)
  add \u_pe.banks[5].u_s.rdata * { 1'0 \u_pe.g_r [7:0] } (16x9 bits, signed)
  add \u_pe.s_nxt[4] * \u_pe.q_r[4] (16x8 bits, signed)
  add \u_pe.lanes[5].dec_ext [15:0] * \u_pe.k_r[5] (16x8 bits, signed)
  add \u_pe.banks[6].u_s.rdata * { 1'0 \u_pe.g_r [7:0] } (16x9 bits, signed)
  add \u_pe.delta_s [23:0] * \u_pe.k_r[5] (24x8 bits, signed)
  add \u_pe.lanes[6].dec_ext [15:0] * \u_pe.k_r[6] (16x8 bits, signed)
  add \u_pe.banks[7].u_s.rdata * { 1'0 \u_pe.g_r [7:0] } (16x9 bits, signed)
  add \u_pe.lanes[7].dec_ext [15:0] * \u_pe.k_r[7] (16x8 bits, signed)
  add \u_pe.banks[1].u_s.rdata * { 1'0 \u_pe.g_r [7:0] } (16x9 bits, signed)
  add \u_pe.banks[14].u_s.rdata * { 1'0 \u_pe.g_r [7:0] } (16x9 bits, signed)
  add \u_pe.s_nxt[5] * \u_pe.q_r[5] (16x8 bits, signed)
  add \u_pe.lanes[13].dec_ext [15:0] * \u_pe.k_r[13] (16x8 bits, signed)
  add \u_pe.banks[13].u_s.rdata * { 1'0 \u_pe.g_r [7:0] } (16x9 bits, signed)
  add \u_pe.delta_s [23:0] * \u_pe.k_r[6] (24x8 bits, signed)
  add \u_pe.lanes[12].dec_ext [15:0] * \u_pe.k_r[12] (16x8 bits, signed)
  add \u_pe.banks[12].u_s.rdata * { 1'0 \u_pe.g_r [7:0] } (16x9 bits, signed)
  add \u_pe.lanes[11].dec_ext [15:0] * \u_pe.k_r[11] (16x8 bits, signed)
  add \u_pe.banks[11].u_s.rdata * { 1'0 \u_pe.g_r [7:0] } (16x9 bits, signed)
  add \u_pe.lanes[0].dec_ext [15:0] * \u_pe.k_r[0] (16x8 bits, signed)
  add \u_pe.lanes[10].dec_ext [15:0] * \u_pe.k_r[10] (16x8 bits, signed)
  add \u_pe.banks[10].u_s.rdata * { 1'0 \u_pe.g_r [7:0] } (16x9 bits, signed)
  add \u_pe.s_nxt[6] * \u_pe.q_r[6] (16x8 bits, signed)
  add \u_pe.lanes[9].dec_ext [15:0] * \u_pe.k_r[9] (16x8 bits, signed)
  add \u_pe.delta_s [23:0] * \u_pe.k_r[7] (24x8 bits, signed)
  add \u_pe.banks[0].u_s.rdata * { 1'0 \u_pe.g_r [7:0] } (16x9 bits, signed)
  add \u_pe.s_nxt[7] * \u_pe.q_r[7] (16x8 bits, signed)
  add \u_pe.delta_s [23:0] * \u_pe.k_r[8] (24x8 bits, signed)
  add \u_pe.s_nxt[3] * \u_pe.q_r[3] (16x8 bits, signed)
  add \u_pe.s_nxt[8] * \u_pe.q_r[8] (16x8 bits, signed)
  add \u_pe.delta_s [23:0] * \u_pe.k_r[9] (24x8 bits, signed)
  add \u_pe.banks[3].u_s.rdata * { 1'0 \u_pe.g_r [7:0] } (16x9 bits, signed)
  add \u_pe.s_nxt[9] * \u_pe.q_r[9] (16x8 bits, signed)
  add \u_pe.delta_s [23:0] * \u_pe.k_r[10] (24x8 bits, signed)
  add \u_pe.col_ex * 2'11 (4x2 bits, unsigned)
  add \u_pe.s_nxt[0] * \u_pe.q_r[0] (16x8 bits, signed)
  add \u_pe.s_nxt[10] * \u_pe.q_r[10] (16x8 bits, signed)
  add \u_pe.delta_s [23:0] * \u_pe.k_r[0] (24x8 bits, signed)
  add \u_pe.delta_s [23:0] * \u_pe.k_r[1] (24x8 bits, signed)
  add \u_pe.delta_s [23:0] * \u_pe.k_r[11] (24x8 bits, signed)
  add \u_pe.banks[9].u_s.rdata * { 1'0 \u_pe.g_r [7:0] } (16x9 bits, signed)
  add \u_pe.lanes[2].dec_ext [15:0] * \u_pe.k_r[2] (16x8 bits, signed)
  add \u_pe.s_nxt[11] * \u_pe.q_r[11] (16x8 bits, signed)
  add \u_pe.s_nxt[1] * \u_pe.q_r[1] (16x8 bits, signed)
  add \u_pe.delta_s [23:0] * \u_pe.k_r[12] (24x8 bits, signed)
  add $flatten\u_pe.$sub$/Users/toprakgundogdu/qwen-ffn-rom/rtl/gated_delta_fused.v:144$856_Y [24:0] * { 1'0 \u_pe.beta_r [7:0] } (25x9 bits, signed)
  add \u_pe.delta_s [23:0] * \u_pe.k_r[2] (24x8 bits, signed)
  add \u_pe.banks[8].u_s.rdata * { 1'0 \u_pe.g_r [7:0] } (16x9 bits, signed)
  add \u_pe.s_nxt[12] * \u_pe.q_r[12] (16x8 bits, signed)
  add \u_pe.lanes[8].dec_ext [15:0] * \u_pe.k_r[8] (16x8 bits, signed)
  add \u_pe.delta_s [23:0] * \u_pe.k_r[13] (24x8 bits, signed)
  add \u_pe.lanes[15].dec_ext [15:0] * \u_pe.k_r[15] (16x8 bits, signed)
  add \u_pe.kv_flat [23:0] (24 bits, signed)
  add \u_pe.u_kv.xs [471:448] (24 bits, signed)
  add \u_pe.u_kv.xs [439:416] (24 bits, signed)
  add \u_pe.u_kv.xs [407:384] (24 bits, signed)
  add \u_pe.u_kv.xs [375:352] (24 bits, signed)
  add \u_pe.u_kv.xs [343:320] (24 bits, signed)
  add \u_pe.u_kv.xs [311:288] (24 bits, signed)
  add \u_pe.u_kv.xs [279:256] (24 bits, signed)
  add \u_pe.u_kv.xs [247:224] (24 bits, signed)
  add \u_pe.u_kv.xs [215:192] (24 bits, signed)
  add \u_pe.u_kv.xs [183:160] (24 bits, signed)
  add \u_pe.u_kv.xs [151:128] (24 bits, signed)
  add \u_pe.u_kv.xs [119:96] (24 bits, signed)
  add \u_pe.u_kv.xs [87:64] (24 bits, signed)
  add \u_pe.u_kv.xs [55:32] (24 bits, signed)
  add \u_pe.s_nxt[2] * \u_pe.q_r[2] (16x8 bits, signed)
  add \u_pe.s_nxt[13] * \u_pe.q_r[13] (16x8 bits, signed)
  add \u_pe.delta_s [23:0] * \u_pe.k_r[3] (24x8 bits, signed)
  add \u_pe.delta_s [23:0] * \u_pe.k_r[14] (24x8 bits, signed)
  add \u_pe.lanes[1].dec_ext [15:0] * \u_pe.k_r[1] (16x8 bits, signed)
  add \u_pe.banks[15].u_s.rdata * { 1'0 \u_pe.g_r [7:0] } (16x9 bits, signed)
  add \u_pe.s_nxt[14] * \u_pe.q_r[14] (16x8 bits, signed)
  add \u_pe.delta_s [23:0] * \u_pe.k_r[15] (24x8 bits, signed)
  add \u_pe.lanes[3].dec_ext [15:0] * \u_pe.k_r[3] (16x8 bits, signed)
  add \u_pe.lanes[14].dec_ext [15:0] * \u_pe.k_r[14] (16x8 bits, signed)
  add \u_pe.banks[2].u_s.rdata * { 1'0 \u_pe.g_r [7:0] } (16x9 bits, signed)
  add \u_pe.delta_s [23:0] * \u_pe.k_r[4] (24x8 bits, signed)
  add \u_pe.s_nxt[15] * \u_pe.q_r[15] (16x8 bits, signed)
Using extmapper simplemap for cells of type $sdffe.
Using extmapper simplemap for cells of type $sdff.
Using extmapper simplemap for cells of type $reduce_bool.
Using extmapper simplemap for cells of type $ne.
Using extmapper simplemap for cells of type $reduce_or.
Using extmapper simplemap for cells of type $eq.
Using extmapper simplemap for cells of type $dff.
Using extmapper simplemap for cells of type $mux.
Using extmapper simplemap for cells of type $pmux.
Using template $paramod$constmap:154f3b5095c7d75c6319205d571429d471fbc192$paramod$8a06dafb749d53891fe391af4d351ec49da6024f\_90_shift_shiftx for cells of type $shift.
Analyzing pattern of constant bits for this cell:
  Constant input on bit 0 of port A: 1'1
  Constant input on bit 1 of port A: 1'1
  Constant input on bit 2 of port A: 1'1
  Constant input on bit 3 of port A: 1'1
  Constant input on bit 4 of port A: 1'1
  Constant input on bit 5 of port A: 1'1
  Constant input on bit 6 of port A: 1'1
  Constant input on bit 7 of port A: 1'1
  Constant input on bit 8 of port A: 1'1
  Constant input on bit 9 of port A: 1'1
  Constant input on bit 10 of port A: 1'1
  Constant input on bit 11 of port A: 1'1
  Constant input on bit 12 of port A: 1'1
  Constant input on bit 13 of port A: 1'1
  Constant input on bit 14 of port A: 1'1
  Constant input on bit 15 of port A: 1'1
  Constant input on bit 16 of port A: 1'1
  Constant input on bit 17 of port A: 1'1
  Constant input on bit 18 of port A: 1'1
  Constant input on bit 19 of port A: 1'1
  Constant input on bit 20 of port A: 1'1
  Constant input on bit 21 of port A: 1'1
  Constant input on bit 22 of port A: 1'1
  Constant input on bit 23 of port A: 1'1
Creating constmapped module `$paramod$constmap:310c174cbdb866f7b49313b78dbaa6b4049e0ba5$paramod$8a06dafb749d53891fe391af4d351ec49da6024f\_90_shift_shiftx'.

9.20.20. Executing OPT_MUXTREE pass (detect dead branches in mux trees).
Running muxtree optimizer on module $paramod$constmap:310c174cbdb866f7b49313b78dbaa6b4049e0ba5$paramod$8a06dafb749d53891fe391af4d351ec49da6024f\_90_shift_shiftx..
  Creating internal representation of mux trees.
  Evaluating internal representation of mux trees.
  Analyzing evaluation results.
    dead port 2/2 on $mux $procmux$21624.
    dead port 2/2 on $mux $procmux$21630.
    dead port 2/2 on $mux $procmux$21636.
    dead port 2/2 on $mux $procmux$21642.
    dead port 2/2 on $mux $procmux$21648.
    dead port 2/2 on $mux $procmux$21654.
    dead port 2/2 on $mux $procmux$21660.
    dead port 2/2 on $mux $procmux$21666.
    dead port 2/2 on $mux $procmux$21672.
    dead port 2/2 on $mux $procmux$21678.
Removed 10 multiplexer ports.
<suppressed ~1672 debug messages>

9.20.21. Executing OPT_EXPR pass (perform const folding).
Optimizing module $paramod$constmap:310c174cbdb866f7b49313b78dbaa6b4049e0ba5$paramod$8a06dafb749d53891fe391af4d351ec49da6024f\_90_shift_shiftx.
<suppressed ~24 debug messages>
Removed 0 unused cells and 15 unused wires.
Using template $paramod$constmap:310c174cbdb866f7b49313b78dbaa6b4049e0ba5$paramod$8a06dafb749d53891fe391af4d351ec49da6024f\_90_shift_shiftx for cells of type $shift.
Using extmapper simplemap for cells of type $logic_and.
Using template $paramod\_90_fa\WIDTH=32'00000000000000000000000000011000 for cells of type $fa.
Using template $paramod$e82d3fc1811c5751348a3964470632b35a435fc7\_90_alu for cells of type $alu.
Using template $paramod\_90_fa\WIDTH=32'00000000000000000000000000100000 for cells of type $fa.
Using template $paramod$fbc7873bff55778c0b3173955b7e4bce1d9d6834\_90_alu for cells of type $alu.
Using template $paramod\_90_fa\WIDTH=32'00000000000000000000000000011111 for cells of type $fa.
Using template $paramod$00298f3f8094950cb9a5ff2fda48d0d8bde8806c\_90_alu for cells of type $alu.
Using extmapper simplemap for cells of type $pos.
Using template $paramod\_90_fa\WIDTH=32'00000000000000000000000000010001 for cells of type $fa.
Using template $paramod\_90_lcu_brent_kung\WIDTH=32'00000000000000000000000000010001 for cells of type $lcu.
Using template $paramod\_90_lcu_brent_kung\WIDTH=32'00000000000000000000000000100000 for cells of type $lcu.
Using template $paramod\_90_fa\WIDTH=32'00000000000000000000000000011001 for cells of type $fa.
Using template $paramod\_90_lcu_brent_kung\WIDTH=32'00000000000000000000000000011001 for cells of type $lcu.
Using template $paramod\_90_fa\WIDTH=32'00000000000000000000000000000100 for cells of type $fa.
Using template $paramod\_90_lcu_brent_kung\WIDTH=32'00000000000000000000000000000100 for cells of type $lcu.
Using template $paramod\_90_fa\WIDTH=32'00000000000000000000000000100001 for cells of type $fa.
Using template $paramod\_90_lcu_brent_kung\WIDTH=32'00000000000000000000000000100001 for cells of type $lcu.
Using template $paramod\_90_lcu_brent_kung\WIDTH=32'00000000000000000000000000011000 for cells of type $lcu.
Using template $paramod\_90_fa\WIDTH=32'00000000000000000000000000000110 for cells of type $fa.
Using template $paramod\_90_lcu_brent_kung\WIDTH=32'00000000000000000000000000000110 for cells of type $lcu.
No more expansions possible.
<suppressed ~18920 debug messages>

9.21. Executing OPT pass (performing simple optimizations).

9.21.1. Executing OPT_EXPR pass (perform const folding).
Optimizing module gated_delta_d16_fused.
<suppressed ~66091 debug messages>

9.21.2. Executing OPT_MERGE pass (detect identical cells).
Finding identical cells in module `\gated_delta_d16_fused'.
Computing hashes of 100263 cells of `\gated_delta_d16_fused'.
Finding duplicate cells in `\gated_delta_d16_fused'.
Computing hashes of 96783 cells of `\gated_delta_d16_fused'.
Finding duplicate cells in `\gated_delta_d16_fused'.
Computing hashes of 94880 cells of `\gated_delta_d16_fused'.
Finding duplicate cells in `\gated_delta_d16_fused'.
Computing hashes of 93828 cells of `\gated_delta_d16_fused'.
Finding duplicate cells in `\gated_delta_d16_fused'.
Computing hashes of 93161 cells of `\gated_delta_d16_fused'.
Finding duplicate cells in `\gated_delta_d16_fused'.
Computing hashes of 92565 cells of `\gated_delta_d16_fused'.
Finding duplicate cells in `\gated_delta_d16_fused'.
Computing hashes of 91997 cells of `\gated_delta_d16_fused'.
Finding duplicate cells in `\gated_delta_d16_fused'.
Computing hashes of 91504 cells of `\gated_delta_d16_fused'.
Finding duplicate cells in `\gated_delta_d16_fused'.
Computing hashes of 90964 cells of `\gated_delta_d16_fused'.
Finding duplicate cells in `\gated_delta_d16_fused'.
Computing hashes of 90002 cells of `\gated_delta_d16_fused'.
Finding duplicate cells in `\gated_delta_d16_fused'.
Computing hashes of 89625 cells of `\gated_delta_d16_fused'.
Finding duplicate cells in `\gated_delta_d16_fused'.
Computing hashes of 89587 cells of `\gated_delta_d16_fused'.
Finding duplicate cells in `\gated_delta_d16_fused'.
Computing hashes of 89554 cells of `\gated_delta_d16_fused'.
Finding duplicate cells in `\gated_delta_d16_fused'.
Computing hashes of 89528 cells of `\gated_delta_d16_fused'.
Finding duplicate cells in `\gated_delta_d16_fused'.
Computing hashes of 89505 cells of `\gated_delta_d16_fused'.
Finding duplicate cells in `\gated_delta_d16_fused'.
Computing hashes of 89482 cells of `\gated_delta_d16_fused'.
Finding duplicate cells in `\gated_delta_d16_fused'.
Computing hashes of 89461 cells of `\gated_delta_d16_fused'.
Finding duplicate cells in `\gated_delta_d16_fused'.
Computing hashes of 89449 cells of `\gated_delta_d16_fused'.
Finding duplicate cells in `\gated_delta_d16_fused'.
Computing hashes of 89437 cells of `\gated_delta_d16_fused'.
Finding duplicate cells in `\gated_delta_d16_fused'.
Computing hashes of 89422 cells of `\gated_delta_d16_fused'.
Finding duplicate cells in `\gated_delta_d16_fused'.
Computing hashes of 89417 cells of `\gated_delta_d16_fused'.
Finding duplicate cells in `\gated_delta_d16_fused'.
Computing hashes of 89410 cells of `\gated_delta_d16_fused'.
Finding duplicate cells in `\gated_delta_d16_fused'.
Computing hashes of 89403 cells of `\gated_delta_d16_fused'.
Finding duplicate cells in `\gated_delta_d16_fused'.
Computing hashes of 89400 cells of `\gated_delta_d16_fused'.
Finding duplicate cells in `\gated_delta_d16_fused'.
Computing hashes of 89394 cells of `\gated_delta_d16_fused'.
Finding duplicate cells in `\gated_delta_d16_fused'.
<suppressed ~32607 debug messages>
Removed a total of 10869 cells.

9.21.3. Executing OPT_DFF pass (perform DFF optimizations).

9.21.4. Executing OPT_CLEAN pass (remove unused cells and wires).
Finding unused cells or wires in module \gated_delta_d16_fused..
Removed 6472 unused cells and 14028 unused wires.
<suppressed ~6473 debug messages>

9.21.5. Finished fast OPT passes.

9.22. Executing HIERARCHY pass (managing design hierarchy).
Attribute `top' found on module `gated_delta_d16_fused'. Setting top module to gated_delta_d16_fused.

9.22.1. Analyzing design hierarchy..
Top module:  \gated_delta_d16_fused

9.22.2. Analyzing design hierarchy..
Top module:  \gated_delta_d16_fused
Removed 0 unused modules.

9.23. Printing statistics.

=== gated_delta_d16_fused ===

        +----------Local Count, excluding submodules.
        | 
    10672 wires
   141038 wire bits
      735 public wires
    16261 public wire bits
       11 ports
      789 port bits
    82922 cells
    35358   $_AND_
     4096   $_DFFE_PP_
      259   $_DFF_P_
     6869   $_MUX_
      812   $_NOT_
    12332   $_OR_
      669   $_SDFFE_PN0P_
      386   $_SDFF_PN0_
    22122   $_XOR_
       19   $scopeinfo

9.24. Executing CHECK pass (checking for obvious problems).
Checking module gated_delta_d16_fused...
Found and reported 0 problems.

10. Executing DFFLIBMAP pass (mapping DFF cells to sequential cells from liberty file).
  cell sky130_fd_sc_hd__dfxtp_1 (noninv, pins=3, area=20.02) is a direct match for cell type $_DFF_P_.
  cell sky130_fd_sc_hd__dfrtn_1 (noninv, pins=4, area=25.02) is a direct match for cell type $_DFF_NN0_.
  cell sky130_fd_sc_hd__dfrtp_1 (noninv, pins=4, area=25.02) is a direct match for cell type $_DFF_PN0_.
  cell sky130_fd_sc_hd__dfstp_2 (noninv, pins=4, area=26.28) is a direct match for cell type $_DFF_PN1_.
  cell sky130_fd_sc_hd__edfxtp_1 (noninv, pins=4, area=30.03) is a direct match for cell type $_DFFE_PP_.
  cell sky130_fd_sc_hd__dfbbn_1 (noninv, pins=6, area=32.53) is a direct match for cell type $_DFFSR_NNN_.
  cell sky130_fd_sc_hd__dfbbp_1 (noninv, pins=6, area=32.53) is a direct match for cell type $_DFFSR_PNN_.
  final dff cell mappings:
    unmapped dff cell: $_DFF_N_
    \sky130_fd_sc_hd__dfxtp_1 _DFF_P_ (.CLK( C), .D( D), .Q( Q));
    \sky130_fd_sc_hd__dfrtn_1 _DFF_NN0_ (.CLK_N( C), .D( D), .Q( Q), .RESET_B( R));
    unmapped dff cell: $_DFF_NN1_
    unmapped dff cell: $_DFF_NP0_
    unmapped dff cell: $_DFF_NP1_
    \sky130_fd_sc_hd__dfrtp_1 _DFF_PN0_ (.CLK( C), .D( D), .Q( Q), .RESET_B( R));
    \sky130_fd_sc_hd__dfstp_2 _DFF_PN1_ (.CLK( C), .D( D), .Q( Q), .SET_B( R));
    unmapped dff cell: $_DFF_PP0_
    unmapped dff cell: $_DFF_PP1_
    unmapped dff cell: $_DFFE_NN_
    unmapped dff cell: $_DFFE_NP_
    unmapped dff cell: $_DFFE_PN_
    \sky130_fd_sc_hd__edfxtp_1 _DFFE_PP_ (.CLK( C), .D( D), .DE( E), .Q( Q));
    \sky130_fd_sc_hd__dfbbn_1 _DFFSR_NNN_ (.CLK_N( C), .D( D), .Q( Q), .Q_N(~Q), .RESET_B( R), .SET_B( S));
    unmapped dff cell: $_DFFSR_NNP_
    unmapped dff cell: $_DFFSR_NPN_
    unmapped dff cell: $_DFFSR_NPP_
    \sky130_fd_sc_hd__dfbbp_1 _DFFSR_PNN_ (.CLK( C), .D( D), .Q( Q), .Q_N(~Q), .RESET_B( R), .SET_B( S));
    unmapped dff cell: $_DFFSR_PNP_
    unmapped dff cell: $_DFFSR_PPN_
    unmapped dff cell: $_DFFSR_PPP_

10.1. Executing DFFLEGALIZE pass (convert FFs to types supported by the target).
<suppressed ~24 debug messages>
Mapping DFF cells in module `\gated_delta_d16_fused':
  mapped 4096 $_DFFE_PP_ cells to \sky130_fd_sc_hd__edfxtp_1 cells.
  mapped 1314 $_DFF_P_ cells to \sky130_fd_sc_hd__dfxtp_1 cells.

11. Executing ABC pass (technology mapping using ABC).

11.1. Extracting gate netlist of module `\gated_delta_d16_fused' to `<abc-temp-dir>/input.blif'..

11.1.1. Executed ABC.
Extracted 79217 gates and 85030 wires to a netlist network with 5811 inputs and 1330 outputs.
Running ABC script: <abc-temp-dir>/abc.script
ABC: ======== ABC command line "source <abc-temp-dir>/abc.script"
ABC: + read_blif <abc-temp-dir>/input.blif 
ABC: + read_scl /var/folders/8g/t_1gk85s4m70jtjyvhs3xc5h0000gn/T/yosys-liberty-scl-cache/yosys_merged_5e93c8fc.scl 
ABC: Warning: Detected 9 multi-output cells (for example, "sky130_fd_sc_hd__fa_1").
ABC: + source /Users/toprakgundogdu/qwen-ffn-rom/artifacts/eda/abc_strash_nf.script 
ABC: + write_blif <abc-temp-dir>/output.blif 

11.1.2. Re-integrating ABC results.
ABC RESULTS:   sky130_fd_sc_hd__a2111oi_0 cells:       26
ABC RESULTS:   sky130_fd_sc_hd__a211o_1 cells:        4
ABC RESULTS:   sky130_fd_sc_hd__a211oi_1 cells:       57
ABC RESULTS:   sky130_fd_sc_hd__a21bo_1 cells:       39
ABC RESULTS:   sky130_fd_sc_hd__a21boi_0 cells:      169
ABC RESULTS:   sky130_fd_sc_hd__a21o_1 cells:      447
ABC RESULTS:   sky130_fd_sc_hd__a21oi_1 cells:     2814
ABC RESULTS:   sky130_fd_sc_hd__a221o_1 cells:        5
ABC RESULTS:   sky130_fd_sc_hd__a221oi_1 cells:       64
ABC RESULTS:   sky130_fd_sc_hd__a222oi_1 cells:        9
ABC RESULTS:   sky130_fd_sc_hd__a22o_1 cells:       23
ABC RESULTS:   sky130_fd_sc_hd__a22oi_1 cells:       37
ABC RESULTS:   sky130_fd_sc_hd__a311o_1 cells:        1
ABC RESULTS:   sky130_fd_sc_hd__a311oi_1 cells:        6
ABC RESULTS:   sky130_fd_sc_hd__a31o_1 cells:       52
ABC RESULTS:   sky130_fd_sc_hd__a31oi_1 cells:      196
ABC RESULTS:   sky130_fd_sc_hd__a32o_1 cells:        7
ABC RESULTS:   sky130_fd_sc_hd__a32oi_1 cells:       13
ABC RESULTS:   sky130_fd_sc_hd__a41o_1 cells:       16
ABC RESULTS:   sky130_fd_sc_hd__a41oi_1 cells:       17
ABC RESULTS:   sky130_fd_sc_hd__and2_0 cells:      628
ABC RESULTS:   sky130_fd_sc_hd__and3_1 cells:       73
ABC RESULTS:   sky130_fd_sc_hd__and3b_1 cells:       15
ABC RESULTS:   sky130_fd_sc_hd__and4_1 cells:       47
ABC RESULTS:   sky130_fd_sc_hd__and4b_1 cells:        2
ABC RESULTS:   sky130_fd_sc_hd__clkinv_1 cells:     1795
ABC RESULTS:   sky130_fd_sc_hd__lpflow_inputiso1p_1 cells:      770
ABC RESULTS:   sky130_fd_sc_hd__lpflow_isobufsrc_1 cells:      743
ABC RESULTS:   sky130_fd_sc_hd__maj3_1 cells:     8335
ABC RESULTS:   sky130_fd_sc_hd__mux2_1 cells:      149
ABC RESULTS:   sky130_fd_sc_hd__mux2i_1 cells:       99
ABC RESULTS:   sky130_fd_sc_hd__mux4_2 cells:     1280
ABC RESULTS:   sky130_fd_sc_hd__nand2_1 cells:     9416
ABC RESULTS:   sky130_fd_sc_hd__nand2b_1 cells:      356
ABC RESULTS:   sky130_fd_sc_hd__nand3_1 cells:      406
ABC RESULTS:   sky130_fd_sc_hd__nand3b_1 cells:       23
ABC RESULTS:   sky130_fd_sc_hd__nand4_1 cells:      724
ABC RESULTS:   sky130_fd_sc_hd__nand4b_1 cells:        2
ABC RESULTS:   sky130_fd_sc_hd__nand4bb_1 cells:       15
ABC RESULTS:   sky130_fd_sc_hd__nor2_1 cells:     2385
ABC RESULTS:   sky130_fd_sc_hd__nor2b_1 cells:      294
ABC RESULTS:   sky130_fd_sc_hd__nor3_1 cells:      395
ABC RESULTS:   sky130_fd_sc_hd__nor3b_1 cells:       59
ABC RESULTS:   sky130_fd_sc_hd__nor4_1 cells:      242
ABC RESULTS:   sky130_fd_sc_hd__nor4b_1 cells:       47
ABC RESULTS:   sky130_fd_sc_hd__nor4bb_1 cells:       56
ABC RESULTS:   sky130_fd_sc_hd__o2111a_1 cells:       16
ABC RESULTS:   sky130_fd_sc_hd__o2111ai_1 cells:       32
ABC RESULTS:   sky130_fd_sc_hd__o211a_1 cells:       12
ABC RESULTS:   sky130_fd_sc_hd__o211ai_1 cells:       60
ABC RESULTS:   sky130_fd_sc_hd__o21a_1 cells:      288
ABC RESULTS:   sky130_fd_sc_hd__o21ai_0 cells:     1192
ABC RESULTS:   sky130_fd_sc_hd__o21ba_1 cells:       40
ABC RESULTS:   sky130_fd_sc_hd__o21bai_1 cells:      133
ABC RESULTS:   sky130_fd_sc_hd__o221a_1 cells:       17
ABC RESULTS:   sky130_fd_sc_hd__o221ai_1 cells:       50
ABC RESULTS:   sky130_fd_sc_hd__o22ai_1 cells:       24
ABC RESULTS:   sky130_fd_sc_hd__o2bb2ai_1 cells:       46
ABC RESULTS:   sky130_fd_sc_hd__o311a_1 cells:       33
ABC RESULTS:   sky130_fd_sc_hd__o311ai_0 cells:       31
ABC RESULTS:   sky130_fd_sc_hd__o31a_1 cells:       47
ABC RESULTS:   sky130_fd_sc_hd__o31ai_1 cells:       81
ABC RESULTS:   sky130_fd_sc_hd__o41ai_1 cells:       15
ABC RESULTS:   sky130_fd_sc_hd__or3_1 cells:       91
ABC RESULTS:   sky130_fd_sc_hd__or3b_1 cells:       16
ABC RESULTS:   sky130_fd_sc_hd__or4_1 cells:       30
ABC RESULTS:   sky130_fd_sc_hd__xnor2_1 cells:     7214
ABC RESULTS:   sky130_fd_sc_hd__xnor3_1 cells:     2619
ABC RESULTS:   sky130_fd_sc_hd__xor2_1 cells:     3173
ABC RESULTS:   sky130_fd_sc_hd__xor3_1 cells:     3595
ABC RESULTS:        internal signals:    77889
ABC RESULTS:           input signals:     5811
ABC RESULTS:          output signals:     1330
Removing temp directory.
Removing global temp directory.

12. Executing OPT_CLEAN pass (remove unused cells and wires).
Finding unused cells or wires in module \gated_delta_d16_fused..
Removed 0 unused cells and 17716 unused wires.
<suppressed ~5 debug messages>

13. Printing statistics.

=== gated_delta_d16_fused ===

        +----------Local Count, excluding submodules.
        |        +-Local Area, excluding submodules.
        |        | 
    51704        - wires
    67354        - wire bits
      731        - public wires
    16141        - public wire bits
       11        - ports
      789        - port bits
    56642 6.19E+05 cells
       19        -   $scopeinfo
       26  227.718   sky130_fd_sc_hd__a2111oi_0
        4   35.034   sky130_fd_sc_hd__a211o_1
       57   427.91   sky130_fd_sc_hd__a211oi_1
       39  390.374   sky130_fd_sc_hd__a21bo_1
      169 1.27E+03   sky130_fd_sc_hd__a21boi_0
      447 3.36E+03   sky130_fd_sc_hd__a21o_1
     2814 1.41E+04   sky130_fd_sc_hd__a21oi_1
        5   50.048   sky130_fd_sc_hd__a221o_1
       64  560.538   sky130_fd_sc_hd__a221oi_1
        9   90.086   sky130_fd_sc_hd__a222oi_1
       23  201.443   sky130_fd_sc_hd__a22o_1
       37  277.766   sky130_fd_sc_hd__a22oi_1
        1    10.01   sky130_fd_sc_hd__a311o_1
        6    52.55   sky130_fd_sc_hd__a311oi_1
       52  455.437   sky130_fd_sc_hd__a31o_1
      196 1.23E+03   sky130_fd_sc_hd__a31oi_1
        7   70.067   sky130_fd_sc_hd__a32o_1
       13  113.859   sky130_fd_sc_hd__a32oi_1
       16  160.154   sky130_fd_sc_hd__a41o_1
       17  148.893   sky130_fd_sc_hd__a41oi_1
      628 3.93E+03   sky130_fd_sc_hd__and2_0
       73  456.688   sky130_fd_sc_hd__and3_1
       15  131.376   sky130_fd_sc_hd__and3b_1
       47  411.645   sky130_fd_sc_hd__and4_1
        2   20.019   sky130_fd_sc_hd__and4b_1
     1795 6.74E+03   sky130_fd_sc_hd__clkinv_1
     1314 2.63E+04   sky130_fd_sc_hd__dfxtp_1
     4096 1.23E+05   sky130_fd_sc_hd__edfxtp_1
      770  4817.12   sky130_fd_sc_hd__lpflow_inputiso1p_1
      743 4.65E+03   sky130_fd_sc_hd__lpflow_isobufsrc_1
     8335 8.34E+04   sky130_fd_sc_hd__maj3_1
      149 1.68E+03   sky130_fd_sc_hd__mux2_1
       99   990.95   sky130_fd_sc_hd__mux2i_1
     1280 2.88E+04   sky130_fd_sc_hd__mux4_2
     9416 3.53E+04   sky130_fd_sc_hd__nand2_1
      356 2.23E+03   sky130_fd_sc_hd__nand2b_1
      406 2.03E+03   sky130_fd_sc_hd__nand3_1
       23  172.666   sky130_fd_sc_hd__nand3b_1
      724 4.53E+03   sky130_fd_sc_hd__nand4_1
        2   17.517   sky130_fd_sc_hd__nand4b_1
       15  168.912   sky130_fd_sc_hd__nand4bb_1
     2385 8.95E+03   sky130_fd_sc_hd__nor2_1
      294 1.84E+03   sky130_fd_sc_hd__nor2b_1
      395 1.98E+03   sky130_fd_sc_hd__nor3_1
       59  442.925   sky130_fd_sc_hd__nor3b_1
      242 1.51E+03   sky130_fd_sc_hd__nor4_1
       47  411.645   sky130_fd_sc_hd__nor4b_1
       56  560.538   sky130_fd_sc_hd__nor4bb_1
       16  180.173   sky130_fd_sc_hd__o2111a_1
       32  280.269   sky130_fd_sc_hd__o2111ai_1
       12  120.115   sky130_fd_sc_hd__o211a_1
       60  450.432   sky130_fd_sc_hd__o211ai_1
      288 2.16E+03   sky130_fd_sc_hd__o21a_1
     1192 5.97E+03   sky130_fd_sc_hd__o21ai_0
       40  400.384   sky130_fd_sc_hd__o21ba_1
      133  998.458   sky130_fd_sc_hd__o21bai_1
       17  191.434   sky130_fd_sc_hd__o221a_1
       50   437.92   sky130_fd_sc_hd__o221ai_1
       24  150.144   sky130_fd_sc_hd__o22ai_1
       46  402.886   sky130_fd_sc_hd__o2bb2ai_1
       33  330.317   sky130_fd_sc_hd__o311a_1
       31   271.51   sky130_fd_sc_hd__o311ai_0
       47  411.645   sky130_fd_sc_hd__o31a_1
       81  608.083   sky130_fd_sc_hd__o31ai_1
       15  131.376   sky130_fd_sc_hd__o41ai_1
       91  569.296   sky130_fd_sc_hd__or3_1
       16  140.134   sky130_fd_sc_hd__or3b_1
       30  225.216   sky130_fd_sc_hd__or4_1
     7214 6.32E+04   sky130_fd_sc_hd__xnor2_1
     2619  5.9E+04   sky130_fd_sc_hd__xnor3_1
     3173 2.78E+04   sky130_fd_sc_hd__xor2_1
     3595 8.55E+04   sky130_fd_sc_hd__xor3_1

   Area for cell type $scopeinfo is unknown!

   Chip area for module '\gated_delta_d16_fused': 618624.560000
     of which used for sequential elements: 149303.193600 (24.13%)

Warnings: 4 unique messages, 12 total
End of script. Logfile hash: eff436b5fd, time: 6.34s, user: 6.76s, system: 0.27s, MEM: 424.95 MB peak
Yosys 0.68+post (git sha1 c12172fbae8af5e20f6fb52e3d4e92d56ed587b6, Release, AppleClang clang++ 16.0.0.16000026)
Time spent: 25% 1x abc (2 sec), 19% 27x opt_clean (1 sec), ...


Warning: Replacing memory \wdata with list of registers. See /Users/toprakgundogdu/qwen-ffn-rom/rtl/gated_delta_fused.v:186
Warning: Replacing memory \v_r with list of registers. See /Users/toprakgundogdu/qwen-ffn-rom/rtl/gated_delta_fused.v:185
Warning: Replacing memory \k_r with list of registers. See /Users/toprakgundogdu/qwen-ffn-rom/rtl/gated_delta_fused.v:184
Warning: Replacing memory \q_r with list of registers. See /Users/toprakgundogdu/qwen-ffn-rom/rtl/gated_delta_fused.v:183
