
 /----------------------------------------------------------------------------\
 |  yosys -- Yosys Open SYnthesis Suite                                       |
 |  Copyright (C) 2012 - 2026  Claire Xenia Wolf <claire@yosyshq.com>         |
 |  Distributed under an ISC-like license, type "license" to see terms        |
 \----------------------------------------------------------------------------/
 Yosys 0.68+post (git sha1 c12172fbae8af5e20f6fb52e3d4e92d56ed587b6, Release, AppleClang clang++ 16.0.0.16000026)

-- Running command `
read_verilog -sv /Users/toprakgundogdu/qwen-ffn-rom/rtl/delta_s_col_ram.v
read_verilog -sv /Users/toprakgundogdu/qwen-ffn-rom/rtl/gated_delta_bram.v
read_verilog -sv /Users/toprakgundogdu/qwen-ffn-rom/rtl/gated_delta_d16_bram.v
hierarchy -check -top gated_delta_d16_bram
proc; flatten
opt_expr; opt_clean
synth_xilinx -family xc7 -top gated_delta_d16_bram
stat
' --

1. Executing Verilog-2005 frontend: /Users/toprakgundogdu/qwen-ffn-rom/rtl/delta_s_col_ram.v
Parsing SystemVerilog input from `/Users/toprakgundogdu/qwen-ffn-rom/rtl/delta_s_col_ram.v' to AST representation.
Generating RTLIL representation for module `\delta_s_col_ram'.
Successfully finished Verilog frontend.

2. Executing Verilog-2005 frontend: /Users/toprakgundogdu/qwen-ffn-rom/rtl/gated_delta_bram.v
Parsing SystemVerilog input from `/Users/toprakgundogdu/qwen-ffn-rom/rtl/gated_delta_bram.v' to AST representation.
Generating RTLIL representation for module `\gated_delta_bram'.
Warning: Replacing memory \wdata_c with list of registers. See /Users/toprakgundogdu/qwen-ffn-rom/rtl/gated_delta_bram.v:169
Warning: Replacing memory \prod with list of registers. See /Users/toprakgundogdu/qwen-ffn-rom/rtl/gated_delta_bram.v:168
Warning: Replacing memory \s_hold with list of registers. See /Users/toprakgundogdu/qwen-ffn-rom/rtl/gated_delta_bram.v:167
Warning: Replacing memory \v_r with list of registers. See /Users/toprakgundogdu/qwen-ffn-rom/rtl/gated_delta_bram.v:166
Warning: Replacing memory \k_r with list of registers. See /Users/toprakgundogdu/qwen-ffn-rom/rtl/gated_delta_bram.v:165
Warning: Replacing memory \q_r with list of registers. See /Users/toprakgundogdu/qwen-ffn-rom/rtl/gated_delta_bram.v:164
Warning: Replacing memory \o_r with list of registers. See /Users/toprakgundogdu/qwen-ffn-rom/rtl/gated_delta_bram.v:163
Warning: Replacing memory \acc with list of registers. See /Users/toprakgundogdu/qwen-ffn-rom/rtl/gated_delta_bram.v:162
Warning: Replacing memory \delta with list of registers. See /Users/toprakgundogdu/qwen-ffn-rom/rtl/gated_delta_bram.v:161
Warning: Replacing memory \kv with list of registers. See /Users/toprakgundogdu/qwen-ffn-rom/rtl/gated_delta_bram.v:160
Successfully finished Verilog frontend.

3. Executing Verilog-2005 frontend: /Users/toprakgundogdu/qwen-ffn-rom/rtl/gated_delta_d16_bram.v
Parsing SystemVerilog input from `/Users/toprakgundogdu/qwen-ffn-rom/rtl/gated_delta_d16_bram.v' to AST representation.
Generating RTLIL representation for module `\gated_delta_d16_bram'.
Successfully finished Verilog frontend.

4. Executing HIERARCHY pass (managing design hierarchy).

4.1. Analyzing design hierarchy..
Top module:  \gated_delta_d16_bram
Used module:     \gated_delta_bram
Used module:         \delta_s_col_ram
Parameter \DEPTH = 16
Parameter \S_W = 16
Parameter \ADDR_W = 4

4.2. Executing AST frontend in derive mode using pre-parsed AST for module `\delta_s_col_ram'.
Parameter \DEPTH = 16
Parameter \S_W = 16
Parameter \ADDR_W = 4
Generating RTLIL representation for module `$paramod$0af7322157a0cb9528e4c21e617f7308440e4612\delta_s_col_ram'.
Parameter \DEPTH = 16
Parameter \S_W = 16
Parameter \ADDR_W = 4
Found cached RTLIL representation for module `$paramod$0af7322157a0cb9528e4c21e617f7308440e4612\delta_s_col_ram'.
Parameter \DEPTH = 16
Parameter \S_W = 16
Parameter \ADDR_W = 4
Found cached RTLIL representation for module `$paramod$0af7322157a0cb9528e4c21e617f7308440e4612\delta_s_col_ram'.
Parameter \DEPTH = 16
Parameter \S_W = 16
Parameter \ADDR_W = 4
Found cached RTLIL representation for module `$paramod$0af7322157a0cb9528e4c21e617f7308440e4612\delta_s_col_ram'.
Parameter \DEPTH = 16
Parameter \S_W = 16
Parameter \ADDR_W = 4
Found cached RTLIL representation for module `$paramod$0af7322157a0cb9528e4c21e617f7308440e4612\delta_s_col_ram'.
Parameter \DEPTH = 16
Parameter \S_W = 16
Parameter \ADDR_W = 4
Found cached RTLIL representation for module `$paramod$0af7322157a0cb9528e4c21e617f7308440e4612\delta_s_col_ram'.
Parameter \DEPTH = 16
Parameter \S_W = 16
Parameter \ADDR_W = 4
Found cached RTLIL representation for module `$paramod$0af7322157a0cb9528e4c21e617f7308440e4612\delta_s_col_ram'.
Parameter \DEPTH = 16
Parameter \S_W = 16
Parameter \ADDR_W = 4
Found cached RTLIL representation for module `$paramod$0af7322157a0cb9528e4c21e617f7308440e4612\delta_s_col_ram'.
Parameter \DEPTH = 16
Parameter \S_W = 16
Parameter \ADDR_W = 4
Found cached RTLIL representation for module `$paramod$0af7322157a0cb9528e4c21e617f7308440e4612\delta_s_col_ram'.
Parameter \DEPTH = 16
Parameter \S_W = 16
Parameter \ADDR_W = 4
Found cached RTLIL representation for module `$paramod$0af7322157a0cb9528e4c21e617f7308440e4612\delta_s_col_ram'.
Parameter \DEPTH = 16
Parameter \S_W = 16
Parameter \ADDR_W = 4
Found cached RTLIL representation for module `$paramod$0af7322157a0cb9528e4c21e617f7308440e4612\delta_s_col_ram'.
Parameter \DEPTH = 16
Parameter \S_W = 16
Parameter \ADDR_W = 4
Found cached RTLIL representation for module `$paramod$0af7322157a0cb9528e4c21e617f7308440e4612\delta_s_col_ram'.
Parameter \DEPTH = 16
Parameter \S_W = 16
Parameter \ADDR_W = 4
Found cached RTLIL representation for module `$paramod$0af7322157a0cb9528e4c21e617f7308440e4612\delta_s_col_ram'.
Parameter \DEPTH = 16
Parameter \S_W = 16
Parameter \ADDR_W = 4
Found cached RTLIL representation for module `$paramod$0af7322157a0cb9528e4c21e617f7308440e4612\delta_s_col_ram'.
Parameter \DEPTH = 16
Parameter \S_W = 16
Parameter \ADDR_W = 4
Found cached RTLIL representation for module `$paramod$0af7322157a0cb9528e4c21e617f7308440e4612\delta_s_col_ram'.
Parameter \DEPTH = 16
Parameter \S_W = 16
Parameter \ADDR_W = 4
Found cached RTLIL representation for module `$paramod$0af7322157a0cb9528e4c21e617f7308440e4612\delta_s_col_ram'.
Reprocessing module gated_delta_bram because instantiated module $paramod$0af7322157a0cb9528e4c21e617f7308440e4612\delta_s_col_ram has become available.
Generating RTLIL representation for module `\gated_delta_bram'.
Warning: Replacing memory \wdata_c with list of registers. See /Users/toprakgundogdu/qwen-ffn-rom/rtl/gated_delta_bram.v:169
Warning: Replacing memory \prod with list of registers. See /Users/toprakgundogdu/qwen-ffn-rom/rtl/gated_delta_bram.v:168
Warning: Replacing memory \s_hold with list of registers. See /Users/toprakgundogdu/qwen-ffn-rom/rtl/gated_delta_bram.v:167
Warning: Replacing memory \v_r with list of registers. See /Users/toprakgundogdu/qwen-ffn-rom/rtl/gated_delta_bram.v:166
Warning: Replacing memory \k_r with list of registers. See /Users/toprakgundogdu/qwen-ffn-rom/rtl/gated_delta_bram.v:165
Warning: Replacing memory \q_r with list of registers. See /Users/toprakgundogdu/qwen-ffn-rom/rtl/gated_delta_bram.v:164
Warning: Replacing memory \o_r with list of registers. See /Users/toprakgundogdu/qwen-ffn-rom/rtl/gated_delta_bram.v:163
Warning: Replacing memory \acc with list of registers. See /Users/toprakgundogdu/qwen-ffn-rom/rtl/gated_delta_bram.v:162
Warning: Replacing memory \delta with list of registers. See /Users/toprakgundogdu/qwen-ffn-rom/rtl/gated_delta_bram.v:161
Warning: Replacing memory \kv with list of registers. See /Users/toprakgundogdu/qwen-ffn-rom/rtl/gated_delta_bram.v:160
Parameter \D = 16
Parameter \N_LAYERS = 1

4.3. Executing AST frontend in derive mode using pre-parsed AST for module `\gated_delta_bram'.
Parameter \D = 16
Parameter \N_LAYERS = 1
Generating RTLIL representation for module `$paramod$9159c8e2e0b7b54d75395a03208d309c937da6bf\gated_delta_bram'.
Warning: Replacing memory \wdata_c with list of registers. See /Users/toprakgundogdu/qwen-ffn-rom/rtl/gated_delta_bram.v:169
Warning: Replacing memory \prod with list of registers. See /Users/toprakgundogdu/qwen-ffn-rom/rtl/gated_delta_bram.v:168
Warning: Replacing memory \s_hold with list of registers. See /Users/toprakgundogdu/qwen-ffn-rom/rtl/gated_delta_bram.v:167
Warning: Replacing memory \v_r with list of registers. See /Users/toprakgundogdu/qwen-ffn-rom/rtl/gated_delta_bram.v:166
Warning: Replacing memory \k_r with list of registers. See /Users/toprakgundogdu/qwen-ffn-rom/rtl/gated_delta_bram.v:165
Warning: Replacing memory \q_r with list of registers. See /Users/toprakgundogdu/qwen-ffn-rom/rtl/gated_delta_bram.v:164
Warning: Replacing memory \o_r with list of registers. See /Users/toprakgundogdu/qwen-ffn-rom/rtl/gated_delta_bram.v:163
Warning: Replacing memory \acc with list of registers. See /Users/toprakgundogdu/qwen-ffn-rom/rtl/gated_delta_bram.v:162
Warning: Replacing memory \delta with list of registers. See /Users/toprakgundogdu/qwen-ffn-rom/rtl/gated_delta_bram.v:161
Warning: Replacing memory \kv with list of registers. See /Users/toprakgundogdu/qwen-ffn-rom/rtl/gated_delta_bram.v:160

4.4. Analyzing design hierarchy..
Top module:  \gated_delta_d16_bram
Used module:     $paramod$9159c8e2e0b7b54d75395a03208d309c937da6bf\gated_delta_bram
Used module:         \delta_s_col_ram
Parameter \DEPTH = 16
Parameter \S_W = 16
Parameter \ADDR_W = 4
Found cached RTLIL representation for module `$paramod$0af7322157a0cb9528e4c21e617f7308440e4612\delta_s_col_ram'.
Parameter \DEPTH = 16
Parameter \S_W = 16
Parameter \ADDR_W = 4
Found cached RTLIL representation for module `$paramod$0af7322157a0cb9528e4c21e617f7308440e4612\delta_s_col_ram'.
Parameter \DEPTH = 16
Parameter \S_W = 16
Parameter \ADDR_W = 4
Found cached RTLIL representation for module `$paramod$0af7322157a0cb9528e4c21e617f7308440e4612\delta_s_col_ram'.
Parameter \DEPTH = 16
Parameter \S_W = 16
Parameter \ADDR_W = 4
Found cached RTLIL representation for module `$paramod$0af7322157a0cb9528e4c21e617f7308440e4612\delta_s_col_ram'.
Parameter \DEPTH = 16
Parameter \S_W = 16
Parameter \ADDR_W = 4
Found cached RTLIL representation for module `$paramod$0af7322157a0cb9528e4c21e617f7308440e4612\delta_s_col_ram'.
Parameter \DEPTH = 16
Parameter \S_W = 16
Parameter \ADDR_W = 4
Found cached RTLIL representation for module `$paramod$0af7322157a0cb9528e4c21e617f7308440e4612\delta_s_col_ram'.
Parameter \DEPTH = 16
Parameter \S_W = 16
Parameter \ADDR_W = 4
Found cached RTLIL representation for module `$paramod$0af7322157a0cb9528e4c21e617f7308440e4612\delta_s_col_ram'.
Parameter \DEPTH = 16
Parameter \S_W = 16
Parameter \ADDR_W = 4
Found cached RTLIL representation for module `$paramod$0af7322157a0cb9528e4c21e617f7308440e4612\delta_s_col_ram'.
Parameter \DEPTH = 16
Parameter \S_W = 16
Parameter \ADDR_W = 4
Found cached RTLIL representation for module `$paramod$0af7322157a0cb9528e4c21e617f7308440e4612\delta_s_col_ram'.
Parameter \DEPTH = 16
Parameter \S_W = 16
Parameter \ADDR_W = 4
Found cached RTLIL representation for module `$paramod$0af7322157a0cb9528e4c21e617f7308440e4612\delta_s_col_ram'.
Parameter \DEPTH = 16
Parameter \S_W = 16
Parameter \ADDR_W = 4
Found cached RTLIL representation for module `$paramod$0af7322157a0cb9528e4c21e617f7308440e4612\delta_s_col_ram'.
Parameter \DEPTH = 16
Parameter \S_W = 16
Parameter \ADDR_W = 4
Found cached RTLIL representation for module `$paramod$0af7322157a0cb9528e4c21e617f7308440e4612\delta_s_col_ram'.
Parameter \DEPTH = 16
Parameter \S_W = 16
Parameter \ADDR_W = 4
Found cached RTLIL representation for module `$paramod$0af7322157a0cb9528e4c21e617f7308440e4612\delta_s_col_ram'.
Parameter \DEPTH = 16
Parameter \S_W = 16
Parameter \ADDR_W = 4
Found cached RTLIL representation for module `$paramod$0af7322157a0cb9528e4c21e617f7308440e4612\delta_s_col_ram'.
Parameter \DEPTH = 16
Parameter \S_W = 16
Parameter \ADDR_W = 4
Found cached RTLIL representation for module `$paramod$0af7322157a0cb9528e4c21e617f7308440e4612\delta_s_col_ram'.
Parameter \DEPTH = 16
Parameter \S_W = 16
Parameter \ADDR_W = 4
Found cached RTLIL representation for module `$paramod$0af7322157a0cb9528e4c21e617f7308440e4612\delta_s_col_ram'.

4.5. Analyzing design hierarchy..
Top module:  \gated_delta_d16_bram
Used module:     $paramod$9159c8e2e0b7b54d75395a03208d309c937da6bf\gated_delta_bram
Used module:         $paramod$0af7322157a0cb9528e4c21e617f7308440e4612\delta_s_col_ram

4.6. Analyzing design hierarchy..
Top module:  \gated_delta_d16_bram
Used module:     $paramod$9159c8e2e0b7b54d75395a03208d309c937da6bf\gated_delta_bram
Used module:         $paramod$0af7322157a0cb9528e4c21e617f7308440e4612\delta_s_col_ram
Removing unused module `\gated_delta_bram'.
Removing unused module `\delta_s_col_ram'.
Removed 2 unused modules.

5. Executing PROC pass (convert processes to netlists).

5.1. Executing PROC_CLEAN pass (remove empty switches from decision trees).
Cleaned up 0 empty switches.

5.2. Executing PROC_RMDEAD pass (remove dead branches from decision trees).
Marked 1 switch rules as full_case in process $proc$/Users/toprakgundogdu/qwen-ffn-rom/rtl/delta_s_col_ram.v:26$914 in module $paramod$0af7322157a0cb9528e4c21e617f7308440e4612\delta_s_col_ram.
Removed 1 dead cases from process $proc$/Users/toprakgundogdu/qwen-ffn-rom/rtl/gated_delta_bram.v:118$2669 in module $paramod$9159c8e2e0b7b54d75395a03208d309c937da6bf\gated_delta_bram.
Marked 1 switch rules as full_case in process $proc$/Users/toprakgundogdu/qwen-ffn-rom/rtl/gated_delta_bram.v:118$2669 in module $paramod$9159c8e2e0b7b54d75395a03208d309c937da6bf\gated_delta_bram.
Removed 1 dead cases from process $proc$/Users/toprakgundogdu/qwen-ffn-rom/rtl/gated_delta_bram.v:117$2666 in module $paramod$9159c8e2e0b7b54d75395a03208d309c937da6bf\gated_delta_bram.
Marked 1 switch rules as full_case in process $proc$/Users/toprakgundogdu/qwen-ffn-rom/rtl/gated_delta_bram.v:117$2666 in module $paramod$9159c8e2e0b7b54d75395a03208d309c937da6bf\gated_delta_bram.
Removed 1 dead cases from process $proc$/Users/toprakgundogdu/qwen-ffn-rom/rtl/gated_delta_bram.v:118$2635 in module $paramod$9159c8e2e0b7b54d75395a03208d309c937da6bf\gated_delta_bram.
Marked 1 switch rules as full_case in process $proc$/Users/toprakgundogdu/qwen-ffn-rom/rtl/gated_delta_bram.v:118$2635 in module $paramod$9159c8e2e0b7b54d75395a03208d309c937da6bf\gated_delta_bram.
Removed 1 dead cases from process $proc$/Users/toprakgundogdu/qwen-ffn-rom/rtl/gated_delta_bram.v:117$2632 in module $paramod$9159c8e2e0b7b54d75395a03208d309c937da6bf\gated_delta_bram.
Marked 1 switch rules as full_case in process $proc$/Users/toprakgundogdu/qwen-ffn-rom/rtl/gated_delta_bram.v:117$2632 in module $paramod$9159c8e2e0b7b54d75395a03208d309c937da6bf\gated_delta_bram.
Removed 1 dead cases from process $proc$/Users/toprakgundogdu/qwen-ffn-rom/rtl/gated_delta_bram.v:118$2601 in module $paramod$9159c8e2e0b7b54d75395a03208d309c937da6bf\gated_delta_bram.
Marked 1 switch rules as full_case in process $proc$/Users/toprakgundogdu/qwen-ffn-rom/rtl/gated_delta_bram.v:118$2601 in module $paramod$9159c8e2e0b7b54d75395a03208d309c937da6bf\gated_delta_bram.
Removed 1 dead cases from process $proc$/Users/toprakgundogdu/qwen-ffn-rom/rtl/gated_delta_bram.v:117$2598 in module $paramod$9159c8e2e0b7b54d75395a03208d309c937da6bf\gated_delta_bram.
Marked 1 switch rules as full_case in process $proc$/Users/toprakgundogdu/qwen-ffn-rom/rtl/gated_delta_bram.v:117$2598 in module $paramod$9159c8e2e0b7b54d75395a03208d309c937da6bf\gated_delta_bram.
Removed 1 dead cases from process $proc$/Users/toprakgundogdu/qwen-ffn-rom/rtl/gated_delta_bram.v:118$2567 in module $paramod$9159c8e2e0b7b54d75395a03208d309c937da6bf\gated_delta_bram.
Marked 1 switch rules as full_case in process $proc$/Users/toprakgundogdu/qwen-ffn-rom/rtl/gated_delta_bram.v:118$2567 in module $paramod$9159c8e2e0b7b54d75395a03208d309c937da6bf\gated_delta_bram.
Removed 1 dead cases from process $proc$/Users/toprakgundogdu/qwen-ffn-rom/rtl/gated_delta_bram.v:117$2564 in module $paramod$9159c8e2e0b7b54d75395a03208d309c937da6bf\gated_delta_bram.
Marked 1 switch rules as full_case in process $proc$/Users/toprakgundogdu/qwen-ffn-rom/rtl/gated_delta_bram.v:117$2564 in module $paramod$9159c8e2e0b7b54d75395a03208d309c937da6bf\gated_delta_bram.
Removed 1 dead cases from process $proc$/Users/toprakgundogdu/qwen-ffn-rom/rtl/gated_delta_bram.v:118$2533 in module $paramod$9159c8e2e0b7b54d75395a03208d309c937da6bf\gated_delta_bram.
Marked 1 switch rules as full_case in process $proc$/Users/toprakgundogdu/qwen-ffn-rom/rtl/gated_delta_bram.v:118$2533 in module $paramod$9159c8e2e0b7b54d75395a03208d309c937da6bf\gated_delta_bram.
Removed 1 dead cases from process $proc$/Users/toprakgundogdu/qwen-ffn-rom/rtl/gated_delta_bram.v:117$2530 in module $paramod$9159c8e2e0b7b54d75395a03208d309c937da6bf\gated_delta_bram.
Marked 1 switch rules as full_case in process $proc$/Users/toprakgundogdu/qwen-ffn-rom/rtl/gated_delta_bram.v:117$2530 in module $paramod$9159c8e2e0b7b54d75395a03208d309c937da6bf\gated_delta_bram.
Removed 1 dead cases from process $proc$/Users/toprakgundogdu/qwen-ffn-rom/rtl/gated_delta_bram.v:118$2499 in module $paramod$9159c8e2e0b7b54d75395a03208d309c937da6bf\gated_delta_bram.
Marked 1 switch rules as full_case in process $proc$/Users/toprakgundogdu/qwen-ffn-rom/rtl/gated_delta_bram.v:118$2499 in module $paramod$9159c8e2e0b7b54d75395a03208d309c937da6bf\gated_delta_bram.
Removed 1 dead cases from process $proc$/Users/toprakgundogdu/qwen-ffn-rom/rtl/gated_delta_bram.v:117$2496 in module $paramod$9159c8e2e0b7b54d75395a03208d309c937da6bf\gated_delta_bram.
Marked 1 switch rules as full_case in process $proc$/Users/toprakgundogdu/qwen-ffn-rom/rtl/gated_delta_bram.v:117$2496 in module $paramod$9159c8e2e0b7b54d75395a03208d309c937da6bf\gated_delta_bram.
Removed 1 dead cases from process $proc$/Users/toprakgundogdu/qwen-ffn-rom/rtl/gated_delta_bram.v:118$2465 in module $paramod$9159c8e2e0b7b54d75395a03208d309c937da6bf\gated_delta_bram.
Marked 1 switch rules as full_case in process $proc$/Users/toprakgundogdu/qwen-ffn-rom/rtl/gated_delta_bram.v:118$2465 in module $paramod$9159c8e2e0b7b54d75395a03208d309c937da6bf\gated_delta_bram.
Removed 1 dead cases from process $proc$/Users/toprakgundogdu/qwen-ffn-rom/rtl/gated_delta_bram.v:117$2462 in module $paramod$9159c8e2e0b7b54d75395a03208d309c937da6bf\gated_delta_bram.
Marked 1 switch rules as full_case in process $proc$/Users/toprakgundogdu/qwen-ffn-rom/rtl/gated_delta_bram.v:117$2462 in module $paramod$9159c8e2e0b7b54d75395a03208d309c937da6bf\gated_delta_bram.
Removed 1 dead cases from process $proc$/Users/toprakgundogdu/qwen-ffn-rom/rtl/gated_delta_bram.v:118$2431 in module $paramod$9159c8e2e0b7b54d75395a03208d309c937da6bf\gated_delta_bram.
Marked 1 switch rules as full_case in process $proc$/Users/toprakgundogdu/qwen-ffn-rom/rtl/gated_delta_bram.v:118$2431 in module $paramod$9159c8e2e0b7b54d75395a03208d309c937da6bf\gated_delta_bram.
Removed 1 dead cases from process $proc$/Users/toprakgundogdu/qwen-ffn-rom/rtl/gated_delta_bram.v:117$2428 in module $paramod$9159c8e2e0b7b54d75395a03208d309c937da6bf\gated_delta_bram.
Marked 1 switch rules as full_case in process $proc$/Users/toprakgundogdu/qwen-ffn-rom/rtl/gated_delta_bram.v:117$2428 in module $paramod$9159c8e2e0b7b54d75395a03208d309c937da6bf\gated_delta_bram.
Removed 1 dead cases from process $proc$/Users/toprakgundogdu/qwen-ffn-rom/rtl/gated_delta_bram.v:118$2397 in module $paramod$9159c8e2e0b7b54d75395a03208d309c937da6bf\gated_delta_bram.
Marked 1 switch rules as full_case in process $proc$/Users/toprakgundogdu/qwen-ffn-rom/rtl/gated_delta_bram.v:118$2397 in module $paramod$9159c8e2e0b7b54d75395a03208d309c937da6bf\gated_delta_bram.
Removed 1 dead cases from process $proc$/Users/toprakgundogdu/qwen-ffn-rom/rtl/gated_delta_bram.v:117$2394 in module $paramod$9159c8e2e0b7b54d75395a03208d309c937da6bf\gated_delta_bram.
Marked 1 switch rules as full_case in process $proc$/Users/toprakgundogdu/qwen-ffn-rom/rtl/gated_delta_bram.v:117$2394 in module $paramod$9159c8e2e0b7b54d75395a03208d309c937da6bf\gated_delta_bram.
Removed 1 dead cases from process $proc$/Users/toprakgundogdu/qwen-ffn-rom/rtl/gated_delta_bram.v:118$2363 in module $paramod$9159c8e2e0b7b54d75395a03208d309c937da6bf\gated_delta_bram.
Marked 1 switch rules as full_case in process $proc$/Users/toprakgundogdu/qwen-ffn-rom/rtl/gated_delta_bram.v:118$2363 in module $paramod$9159c8e2e0b7b54d75395a03208d309c937da6bf\gated_delta_bram.
Removed 1 dead cases from process $proc$/Users/toprakgundogdu/qwen-ffn-rom/rtl/gated_delta_bram.v:117$2360 in module $paramod$9159c8e2e0b7b54d75395a03208d309c937da6bf\gated_delta_bram.
Marked 1 switch rules as full_case in process $proc$/Users/toprakgundogdu/qwen-ffn-rom/rtl/gated_delta_bram.v:117$2360 in module $paramod$9159c8e2e0b7b54d75395a03208d309c937da6bf\gated_delta_bram.
Removed 1 dead cases from process $proc$/Users/toprakgundogdu/qwen-ffn-rom/rtl/gated_delta_bram.v:118$2329 in module $paramod$9159c8e2e0b7b54d75395a03208d309c937da6bf\gated_delta_bram.
Marked 1 switch rules as full_case in process $proc$/Users/toprakgundogdu/qwen-ffn-rom/rtl/gated_delta_bram.v:118$2329 in module $paramod$9159c8e2e0b7b54d75395a03208d309c937da6bf\gated_delta_bram.
Removed 1 dead cases from process $proc$/Users/toprakgundogdu/qwen-ffn-rom/rtl/gated_delta_bram.v:117$2326 in module $paramod$9159c8e2e0b7b54d75395a03208d309c937da6bf\gated_delta_bram.
Marked 1 switch rules as full_case in process $proc$/Users/toprakgundogdu/qwen-ffn-rom/rtl/gated_delta_bram.v:117$2326 in module $paramod$9159c8e2e0b7b54d75395a03208d309c937da6bf\gated_delta_bram.
Removed 1 dead cases from process $proc$/Users/toprakgundogdu/qwen-ffn-rom/rtl/gated_delta_bram.v:118$2295 in module $paramod$9159c8e2e0b7b54d75395a03208d309c937da6bf\gated_delta_bram.
Marked 1 switch rules as full_case in process $proc$/Users/toprakgundogdu/qwen-ffn-rom/rtl/gated_delta_bram.v:118$2295 in module $paramod$9159c8e2e0b7b54d75395a03208d309c937da6bf\gated_delta_bram.
Removed 1 dead cases from process $proc$/Users/toprakgundogdu/qwen-ffn-rom/rtl/gated_delta_bram.v:117$2292 in module $paramod$9159c8e2e0b7b54d75395a03208d309c937da6bf\gated_delta_bram.
Marked 1 switch rules as full_case in process $proc$/Users/toprakgundogdu/qwen-ffn-rom/rtl/gated_delta_bram.v:117$2292 in module $paramod$9159c8e2e0b7b54d75395a03208d309c937da6bf\gated_delta_bram.
Removed 1 dead cases from process $proc$/Users/toprakgundogdu/qwen-ffn-rom/rtl/gated_delta_bram.v:118$2261 in module $paramod$9159c8e2e0b7b54d75395a03208d309c937da6bf\gated_delta_bram.
Marked 1 switch rules as full_case in process $proc$/Users/toprakgundogdu/qwen-ffn-rom/rtl/gated_delta_bram.v:118$2261 in module $paramod$9159c8e2e0b7b54d75395a03208d309c937da6bf\gated_delta_bram.
Removed 1 dead cases from process $proc$/Users/toprakgundogdu/qwen-ffn-rom/rtl/gated_delta_bram.v:117$2258 in module $paramod$9159c8e2e0b7b54d75395a03208d309c937da6bf\gated_delta_bram.
Marked 1 switch rules as full_case in process $proc$/Users/toprakgundogdu/qwen-ffn-rom/rtl/gated_delta_bram.v:117$2258 in module $paramod$9159c8e2e0b7b54d75395a03208d309c937da6bf\gated_delta_bram.
Removed 1 dead cases from process $proc$/Users/toprakgundogdu/qwen-ffn-rom/rtl/gated_delta_bram.v:118$2227 in module $paramod$9159c8e2e0b7b54d75395a03208d309c937da6bf\gated_delta_bram.
Marked 1 switch rules as full_case in process $proc$/Users/toprakgundogdu/qwen-ffn-rom/rtl/gated_delta_bram.v:118$2227 in module $paramod$9159c8e2e0b7b54d75395a03208d309c937da6bf\gated_delta_bram.
Removed 1 dead cases from process $proc$/Users/toprakgundogdu/qwen-ffn-rom/rtl/gated_delta_bram.v:117$2224 in module $paramod$9159c8e2e0b7b54d75395a03208d309c937da6bf\gated_delta_bram.
Marked 1 switch rules as full_case in process $proc$/Users/toprakgundogdu/qwen-ffn-rom/rtl/gated_delta_bram.v:117$2224 in module $paramod$9159c8e2e0b7b54d75395a03208d309c937da6bf\gated_delta_bram.
Removed 1 dead cases from process $proc$/Users/toprakgundogdu/qwen-ffn-rom/rtl/gated_delta_bram.v:118$2193 in module $paramod$9159c8e2e0b7b54d75395a03208d309c937da6bf\gated_delta_bram.
Marked 1 switch rules as full_case in process $proc$/Users/toprakgundogdu/qwen-ffn-rom/rtl/gated_delta_bram.v:118$2193 in module $paramod$9159c8e2e0b7b54d75395a03208d309c937da6bf\gated_delta_bram.
Removed 1 dead cases from process $proc$/Users/toprakgundogdu/qwen-ffn-rom/rtl/gated_delta_bram.v:117$2190 in module $paramod$9159c8e2e0b7b54d75395a03208d309c937da6bf\gated_delta_bram.
Marked 1 switch rules as full_case in process $proc$/Users/toprakgundogdu/qwen-ffn-rom/rtl/gated_delta_bram.v:117$2190 in module $paramod$9159c8e2e0b7b54d75395a03208d309c937da6bf\gated_delta_bram.
Removed 1 dead cases from process $proc$/Users/toprakgundogdu/qwen-ffn-rom/rtl/gated_delta_bram.v:118$2159 in module $paramod$9159c8e2e0b7b54d75395a03208d309c937da6bf\gated_delta_bram.
Marked 1 switch rules as full_case in process $proc$/Users/toprakgundogdu/qwen-ffn-rom/rtl/gated_delta_bram.v:118$2159 in module $paramod$9159c8e2e0b7b54d75395a03208d309c937da6bf\gated_delta_bram.
Removed 1 dead cases from process $proc$/Users/toprakgundogdu/qwen-ffn-rom/rtl/gated_delta_bram.v:117$2156 in module $paramod$9159c8e2e0b7b54d75395a03208d309c937da6bf\gated_delta_bram.
Marked 1 switch rules as full_case in process $proc$/Users/toprakgundogdu/qwen-ffn-rom/rtl/gated_delta_bram.v:117$2156 in module $paramod$9159c8e2e0b7b54d75395a03208d309c937da6bf\gated_delta_bram.
Removed 1 dead cases from process $proc$/Users/toprakgundogdu/qwen-ffn-rom/rtl/gated_delta_bram.v:146$1893 in module $paramod$9159c8e2e0b7b54d75395a03208d309c937da6bf\gated_delta_bram.
Marked 16 switch rules as full_case in process $proc$/Users/toprakgundogdu/qwen-ffn-rom/rtl/gated_delta_bram.v:146$1893 in module $paramod$9159c8e2e0b7b54d75395a03208d309c937da6bf\gated_delta_bram.
Removed a total of 33 dead cases.

5.3. Executing PROC_PRUNE pass (remove redundant assignments in processes).
Removed 0 redundant assignments.
Promoted 214 assignments to connections.

5.4. Executing PROC_INIT pass (extract init attributes).

5.5. Executing PROC_ARST pass (detect async resets in processes).

5.6. Executing PROC_ROM pass (convert switches to ROMs).
Converted 0 switches.
<suppressed ~49 debug messages>

5.7. Executing PROC_MUX pass (convert decision trees to multiplexers).
Creating decoders for process `$paramod$0af7322157a0cb9528e4c21e617f7308440e4612\delta_s_col_ram.$proc$/Users/toprakgundogdu/qwen-ffn-rom/rtl/delta_s_col_ram.v:22$938'.
Creating decoders for process `$paramod$0af7322157a0cb9528e4c21e617f7308440e4612\delta_s_col_ram.$proc$/Users/toprakgundogdu/qwen-ffn-rom/rtl/delta_s_col_ram.v:26$914'.
     1/3: $1$memwr$\mem$/Users/toprakgundogdu/qwen-ffn-rom/rtl/delta_s_col_ram.v:28$913_EN[15:0]$920
     2/3: $1$memwr$\mem$/Users/toprakgundogdu/qwen-ffn-rom/rtl/delta_s_col_ram.v:28$913_DATA[15:0]$919
     3/3: $1$memwr$\mem$/Users/toprakgundogdu/qwen-ffn-rom/rtl/delta_s_col_ram.v:28$913_ADDR[3:0]$918
Creating decoders for process `$paramod$9159c8e2e0b7b54d75395a03208d309c937da6bf\gated_delta_bram.$proc$/Users/toprakgundogdu/qwen-ffn-rom/rtl/gated_delta_bram.v:139$2695'.
Creating decoders for process `$paramod$9159c8e2e0b7b54d75395a03208d309c937da6bf\gated_delta_bram.$proc$/Users/toprakgundogdu/qwen-ffn-rom/rtl/gated_delta_bram.v:136$2690'.
Creating decoders for process `$paramod$9159c8e2e0b7b54d75395a03208d309c937da6bf\gated_delta_bram.$proc$/Users/toprakgundogdu/qwen-ffn-rom/rtl/gated_delta_bram.v:129$2681'.
Creating decoders for process `$paramod$9159c8e2e0b7b54d75395a03208d309c937da6bf\gated_delta_bram.$proc$/Users/toprakgundogdu/qwen-ffn-rom/rtl/gated_delta_bram.v:123$2672'.
Creating decoders for process `$paramod$9159c8e2e0b7b54d75395a03208d309c937da6bf\gated_delta_bram.$proc$/Users/toprakgundogdu/qwen-ffn-rom/rtl/gated_delta_bram.v:118$2669'.
     1/1: $1$mem2reg_rd$\q_r$/Users/toprakgundogdu/qwen-ffn-rom/rtl/gated_delta_bram.v:118$1889_DATA[7:0]$2671
Creating decoders for process `$paramod$9159c8e2e0b7b54d75395a03208d309c937da6bf\gated_delta_bram.$proc$/Users/toprakgundogdu/qwen-ffn-rom/rtl/gated_delta_bram.v:117$2666'.
     1/1: $1$mem2reg_rd$\k_r$/Users/toprakgundogdu/qwen-ffn-rom/rtl/gated_delta_bram.v:117$1888_DATA[7:0]$2668
Creating decoders for process `$paramod$9159c8e2e0b7b54d75395a03208d309c937da6bf\gated_delta_bram.$proc$/Users/toprakgundogdu/qwen-ffn-rom/rtl/gated_delta_bram.v:114$2665'.
Creating decoders for process `$paramod$9159c8e2e0b7b54d75395a03208d309c937da6bf\gated_delta_bram.$proc$/Users/toprakgundogdu/qwen-ffn-rom/rtl/gated_delta_bram.v:113$2664'.
Creating decoders for process `$paramod$9159c8e2e0b7b54d75395a03208d309c937da6bf\gated_delta_bram.$proc$/Users/toprakgundogdu/qwen-ffn-rom/rtl/gated_delta_bram.v:109$2663'.
Creating decoders for process `$paramod$9159c8e2e0b7b54d75395a03208d309c937da6bf\gated_delta_bram.$proc$/Users/toprakgundogdu/qwen-ffn-rom/rtl/gated_delta_bram.v:139$2661'.
Creating decoders for process `$paramod$9159c8e2e0b7b54d75395a03208d309c937da6bf\gated_delta_bram.$proc$/Users/toprakgundogdu/qwen-ffn-rom/rtl/gated_delta_bram.v:136$2656'.
Creating decoders for process `$paramod$9159c8e2e0b7b54d75395a03208d309c937da6bf\gated_delta_bram.$proc$/Users/toprakgundogdu/qwen-ffn-rom/rtl/gated_delta_bram.v:129$2647'.
Creating decoders for process `$paramod$9159c8e2e0b7b54d75395a03208d309c937da6bf\gated_delta_bram.$proc$/Users/toprakgundogdu/qwen-ffn-rom/rtl/gated_delta_bram.v:123$2638'.
Creating decoders for process `$paramod$9159c8e2e0b7b54d75395a03208d309c937da6bf\gated_delta_bram.$proc$/Users/toprakgundogdu/qwen-ffn-rom/rtl/gated_delta_bram.v:118$2635'.
     1/1: $1$mem2reg_rd$\q_r$/Users/toprakgundogdu/qwen-ffn-rom/rtl/gated_delta_bram.v:118$1887_DATA[7:0]$2637
Creating decoders for process `$paramod$9159c8e2e0b7b54d75395a03208d309c937da6bf\gated_delta_bram.$proc$/Users/toprakgundogdu/qwen-ffn-rom/rtl/gated_delta_bram.v:117$2632'.
     1/1: $1$mem2reg_rd$\k_r$/Users/toprakgundogdu/qwen-ffn-rom/rtl/gated_delta_bram.v:117$1886_DATA[7:0]$2634
Creating decoders for process `$paramod$9159c8e2e0b7b54d75395a03208d309c937da6bf\gated_delta_bram.$proc$/Users/toprakgundogdu/qwen-ffn-rom/rtl/gated_delta_bram.v:114$2631'.
Creating decoders for process `$paramod$9159c8e2e0b7b54d75395a03208d309c937da6bf\gated_delta_bram.$proc$/Users/toprakgundogdu/qwen-ffn-rom/rtl/gated_delta_bram.v:113$2630'.
Creating decoders for process `$paramod$9159c8e2e0b7b54d75395a03208d309c937da6bf\gated_delta_bram.$proc$/Users/toprakgundogdu/qwen-ffn-rom/rtl/gated_delta_bram.v:109$2629'.
Creating decoders for process `$paramod$9159c8e2e0b7b54d75395a03208d309c937da6bf\gated_delta_bram.$proc$/Users/toprakgundogdu/qwen-ffn-rom/rtl/gated_delta_bram.v:139$2627'.
Creating decoders for process `$paramod$9159c8e2e0b7b54d75395a03208d309c937da6bf\gated_delta_bram.$proc$/Users/toprakgundogdu/qwen-ffn-rom/rtl/gated_delta_bram.v:136$2622'.
Creating decoders for process `$paramod$9159c8e2e0b7b54d75395a03208d309c937da6bf\gated_delta_bram.$proc$/Users/toprakgundogdu/qwen-ffn-rom/rtl/gated_delta_bram.v:129$2613'.
Creating decoders for process `$paramod$9159c8e2e0b7b54d75395a03208d309c937da6bf\gated_delta_bram.$proc$/Users/toprakgundogdu/qwen-ffn-rom/rtl/gated_delta_bram.v:123$2604'.
Creating decoders for process `$paramod$9159c8e2e0b7b54d75395a03208d309c937da6bf\gated_delta_bram.$proc$/Users/toprakgundogdu/qwen-ffn-rom/rtl/gated_delta_bram.v:118$2601'.
     1/1: $1$mem2reg_rd$\q_r$/Users/toprakgundogdu/qwen-ffn-rom/rtl/gated_delta_bram.v:118$1885_DATA[7:0]$2603
Creating decoders for process `$paramod$9159c8e2e0b7b54d75395a03208d309c937da6bf\gated_delta_bram.$proc$/Users/toprakgundogdu/qwen-ffn-rom/rtl/gated_delta_bram.v:117$2598'.
     1/1: $1$mem2reg_rd$\k_r$/Users/toprakgundogdu/qwen-ffn-rom/rtl/gated_delta_bram.v:117$1884_DATA[7:0]$2600
Creating decoders for process `$paramod$9159c8e2e0b7b54d75395a03208d309c937da6bf\gated_delta_bram.$proc$/Users/toprakgundogdu/qwen-ffn-rom/rtl/gated_delta_bram.v:114$2597'.
Creating decoders for process `$paramod$9159c8e2e0b7b54d75395a03208d309c937da6bf\gated_delta_bram.$proc$/Users/toprakgundogdu/qwen-ffn-rom/rtl/gated_delta_bram.v:113$2596'.
Creating decoders for process `$paramod$9159c8e2e0b7b54d75395a03208d309c937da6bf\gated_delta_bram.$proc$/Users/toprakgundogdu/qwen-ffn-rom/rtl/gated_delta_bram.v:109$2595'.
Creating decoders for process `$paramod$9159c8e2e0b7b54d75395a03208d309c937da6bf\gated_delta_bram.$proc$/Users/toprakgundogdu/qwen-ffn-rom/rtl/gated_delta_bram.v:139$2593'.
Creating decoders for process `$paramod$9159c8e2e0b7b54d75395a03208d309c937da6bf\gated_delta_bram.$proc$/Users/toprakgundogdu/qwen-ffn-rom/rtl/gated_delta_bram.v:136$2588'.
Creating decoders for process `$paramod$9159c8e2e0b7b54d75395a03208d309c937da6bf\gated_delta_bram.$proc$/Users/toprakgundogdu/qwen-ffn-rom/rtl/gated_delta_bram.v:129$2579'.
Creating decoders for process `$paramod$9159c8e2e0b7b54d75395a03208d309c937da6bf\gated_delta_bram.$proc$/Users/toprakgundogdu/qwen-ffn-rom/rtl/gated_delta_bram.v:123$2570'.
Creating decoders for process `$paramod$9159c8e2e0b7b54d75395a03208d309c937da6bf\gated_delta_bram.$proc$/Users/toprakgundogdu/qwen-ffn-rom/rtl/gated_delta_bram.v:118$2567'.
     1/1: $1$mem2reg_rd$\q_r$/Users/toprakgundogdu/qwen-ffn-rom/rtl/gated_delta_bram.v:118$1883_DATA[7:0]$2569
Creating decoders for process `$paramod$9159c8e2e0b7b54d75395a03208d309c937da6bf\gated_delta_bram.$proc$/Users/toprakgundogdu/qwen-ffn-rom/rtl/gated_delta_bram.v:117$2564'.
     1/1: $1$mem2reg_rd$\k_r$/Users/toprakgundogdu/qwen-ffn-rom/rtl/gated_delta_bram.v:117$1882_DATA[7:0]$2566
Creating decoders for process `$paramod$9159c8e2e0b7b54d75395a03208d309c937da6bf\gated_delta_bram.$proc$/Users/toprakgundogdu/qwen-ffn-rom/rtl/gated_delta_bram.v:114$2563'.
Creating decoders for process `$paramod$9159c8e2e0b7b54d75395a03208d309c937da6bf\gated_delta_bram.$proc$/Users/toprakgundogdu/qwen-ffn-rom/rtl/gated_delta_bram.v:113$2562'.
Creating decoders for process `$paramod$9159c8e2e0b7b54d75395a03208d309c937da6bf\gated_delta_bram.$proc$/Users/toprakgundogdu/qwen-ffn-rom/rtl/gated_delta_bram.v:109$2561'.
Creating decoders for process `$paramod$9159c8e2e0b7b54d75395a03208d309c937da6bf\gated_delta_bram.$proc$/Users/toprakgundogdu/qwen-ffn-rom/rtl/gated_delta_bram.v:139$2559'.
Creating decoders for process `$paramod$9159c8e2e0b7b54d75395a03208d309c937da6bf\gated_delta_bram.$proc$/Users/toprakgundogdu/qwen-ffn-rom/rtl/gated_delta_bram.v:136$2554'.
Creating decoders for process `$paramod$9159c8e2e0b7b54d75395a03208d309c937da6bf\gated_delta_bram.$proc$/Users/toprakgundogdu/qwen-ffn-rom/rtl/gated_delta_bram.v:129$2545'.
Creating decoders for process `$paramod$9159c8e2e0b7b54d75395a03208d309c937da6bf\gated_delta_bram.$proc$/Users/toprakgundogdu/qwen-ffn-rom/rtl/gated_delta_bram.v:123$2536'.
Creating decoders for process `$paramod$9159c8e2e0b7b54d75395a03208d309c937da6bf\gated_delta_bram.$proc$/Users/toprakgundogdu/qwen-ffn-rom/rtl/gated_delta_bram.v:118$2533'.
     1/1: $1$mem2reg_rd$\q_r$/Users/toprakgundogdu/qwen-ffn-rom/rtl/gated_delta_bram.v:118$1881_DATA[7:0]$2535
Creating decoders for process `$paramod$9159c8e2e0b7b54d75395a03208d309c937da6bf\gated_delta_bram.$proc$/Users/toprakgundogdu/qwen-ffn-rom/rtl/gated_delta_bram.v:117$2530'.
     1/1: $1$mem2reg_rd$\k_r$/Users/toprakgundogdu/qwen-ffn-rom/rtl/gated_delta_bram.v:117$1880_DATA[7:0]$2532
Creating decoders for process `$paramod$9159c8e2e0b7b54d75395a03208d309c937da6bf\gated_delta_bram.$proc$/Users/toprakgundogdu/qwen-ffn-rom/rtl/gated_delta_bram.v:114$2529'.
Creating decoders for process `$paramod$9159c8e2e0b7b54d75395a03208d309c937da6bf\gated_delta_bram.$proc$/Users/toprakgundogdu/qwen-ffn-rom/rtl/gated_delta_bram.v:113$2528'.
Creating decoders for process `$paramod$9159c8e2e0b7b54d75395a03208d309c937da6bf\gated_delta_bram.$proc$/Users/toprakgundogdu/qwen-ffn-rom/rtl/gated_delta_bram.v:109$2527'.
Creating decoders for process `$paramod$9159c8e2e0b7b54d75395a03208d309c937da6bf\gated_delta_bram.$proc$/Users/toprakgundogdu/qwen-ffn-rom/rtl/gated_delta_bram.v:139$2525'.
Creating decoders for process `$paramod$9159c8e2e0b7b54d75395a03208d309c937da6bf\gated_delta_bram.$proc$/Users/toprakgundogdu/qwen-ffn-rom/rtl/gated_delta_bram.v:136$2520'.
Creating decoders for process `$paramod$9159c8e2e0b7b54d75395a03208d309c937da6bf\gated_delta_bram.$proc$/Users/toprakgundogdu/qwen-ffn-rom/rtl/gated_delta_bram.v:129$2511'.
Creating decoders for process `$paramod$9159c8e2e0b7b54d75395a03208d309c937da6bf\gated_delta_bram.$proc$/Users/toprakgundogdu/qwen-ffn-rom/rtl/gated_delta_bram.v:123$2502'.
Creating decoders for process `$paramod$9159c8e2e0b7b54d75395a03208d309c937da6bf\gated_delta_bram.$proc$/Users/toprakgundogdu/qwen-ffn-rom/rtl/gated_delta_bram.v:118$2499'.
     1/1: $1$mem2reg_rd$\q_r$/Users/toprakgundogdu/qwen-ffn-rom/rtl/gated_delta_bram.v:118$1879_DATA[7:0]$2501
Creating decoders for process `$paramod$9159c8e2e0b7b54d75395a03208d309c937da6bf\gated_delta_bram.$proc$/Users/toprakgundogdu/qwen-ffn-rom/rtl/gated_delta_bram.v:117$2496'.
     1/1: $1$mem2reg_rd$\k_r$/Users/toprakgundogdu/qwen-ffn-rom/rtl/gated_delta_bram.v:117$1878_DATA[7:0]$2498
Creating decoders for process `$paramod$9159c8e2e0b7b54d75395a03208d309c937da6bf\gated_delta_bram.$proc$/Users/toprakgundogdu/qwen-ffn-rom/rtl/gated_delta_bram.v:114$2495'.
Creating decoders for process `$paramod$9159c8e2e0b7b54d75395a03208d309c937da6bf\gated_delta_bram.$proc$/Users/toprakgundogdu/qwen-ffn-rom/rtl/gated_delta_bram.v:113$2494'.
Creating decoders for process `$paramod$9159c8e2e0b7b54d75395a03208d309c937da6bf\gated_delta_bram.$proc$/Users/toprakgundogdu/qwen-ffn-rom/rtl/gated_delta_bram.v:109$2493'.
Creating decoders for process `$paramod$9159c8e2e0b7b54d75395a03208d309c937da6bf\gated_delta_bram.$proc$/Users/toprakgundogdu/qwen-ffn-rom/rtl/gated_delta_bram.v:139$2491'.
Creating decoders for process `$paramod$9159c8e2e0b7b54d75395a03208d309c937da6bf\gated_delta_bram.$proc$/Users/toprakgundogdu/qwen-ffn-rom/rtl/gated_delta_bram.v:136$2486'.
Creating decoders for process `$paramod$9159c8e2e0b7b54d75395a03208d309c937da6bf\gated_delta_bram.$proc$/Users/toprakgundogdu/qwen-ffn-rom/rtl/gated_delta_bram.v:129$2477'.
Creating decoders for process `$paramod$9159c8e2e0b7b54d75395a03208d309c937da6bf\gated_delta_bram.$proc$/Users/toprakgundogdu/qwen-ffn-rom/rtl/gated_delta_bram.v:123$2468'.
Creating decoders for process `$paramod$9159c8e2e0b7b54d75395a03208d309c937da6bf\gated_delta_bram.$proc$/Users/toprakgundogdu/qwen-ffn-rom/rtl/gated_delta_bram.v:118$2465'.
     1/1: $1$mem2reg_rd$\q_r$/Users/toprakgundogdu/qwen-ffn-rom/rtl/gated_delta_bram.v:118$1877_DATA[7:0]$2467
Creating decoders for process `$paramod$9159c8e2e0b7b54d75395a03208d309c937da6bf\gated_delta_bram.$proc$/Users/toprakgundogdu/qwen-ffn-rom/rtl/gated_delta_bram.v:117$2462'.
     1/1: $1$mem2reg_rd$\k_r$/Users/toprakgundogdu/qwen-ffn-rom/rtl/gated_delta_bram.v:117$1876_DATA[7:0]$2464
Creating decoders for process `$paramod$9159c8e2e0b7b54d75395a03208d309c937da6bf\gated_delta_bram.$proc$/Users/toprakgundogdu/qwen-ffn-rom/rtl/gated_delta_bram.v:114$2461'.
Creating decoders for process `$paramod$9159c8e2e0b7b54d75395a03208d309c937da6bf\gated_delta_bram.$proc$/Users/toprakgundogdu/qwen-ffn-rom/rtl/gated_delta_bram.v:113$2460'.
Creating decoders for process `$paramod$9159c8e2e0b7b54d75395a03208d309c937da6bf\gated_delta_bram.$proc$/Users/toprakgundogdu/qwen-ffn-rom/rtl/gated_delta_bram.v:109$2459'.
Creating decoders for process `$paramod$9159c8e2e0b7b54d75395a03208d309c937da6bf\gated_delta_bram.$proc$/Users/toprakgundogdu/qwen-ffn-rom/rtl/gated_delta_bram.v:139$2457'.
Creating decoders for process `$paramod$9159c8e2e0b7b54d75395a03208d309c937da6bf\gated_delta_bram.$proc$/Users/toprakgundogdu/qwen-ffn-rom/rtl/gated_delta_bram.v:136$2452'.
Creating decoders for process `$paramod$9159c8e2e0b7b54d75395a03208d309c937da6bf\gated_delta_bram.$proc$/Users/toprakgundogdu/qwen-ffn-rom/rtl/gated_delta_bram.v:129$2443'.
Creating decoders for process `$paramod$9159c8e2e0b7b54d75395a03208d309c937da6bf\gated_delta_bram.$proc$/Users/toprakgundogdu/qwen-ffn-rom/rtl/gated_delta_bram.v:123$2434'.
Creating decoders for process `$paramod$9159c8e2e0b7b54d75395a03208d309c937da6bf\gated_delta_bram.$proc$/Users/toprakgundogdu/qwen-ffn-rom/rtl/gated_delta_bram.v:118$2431'.
     1/1: $1$mem2reg_rd$\q_r$/Users/toprakgundogdu/qwen-ffn-rom/rtl/gated_delta_bram.v:118$1875_DATA[7:0]$2433
Creating decoders for process `$paramod$9159c8e2e0b7b54d75395a03208d309c937da6bf\gated_delta_bram.$proc$/Users/toprakgundogdu/qwen-ffn-rom/rtl/gated_delta_bram.v:117$2428'.
     1/1: $1$mem2reg_rd$\k_r$/Users/toprakgundogdu/qwen-ffn-rom/rtl/gated_delta_bram.v:117$1874_DATA[7:0]$2430
Creating decoders for process `$paramod$9159c8e2e0b7b54d75395a03208d309c937da6bf\gated_delta_bram.$proc$/Users/toprakgundogdu/qwen-ffn-rom/rtl/gated_delta_bram.v:114$2427'.
Creating decoders for process `$paramod$9159c8e2e0b7b54d75395a03208d309c937da6bf\gated_delta_bram.$proc$/Users/toprakgundogdu/qwen-ffn-rom/rtl/gated_delta_bram.v:113$2426'.
Creating decoders for process `$paramod$9159c8e2e0b7b54d75395a03208d309c937da6bf\gated_delta_bram.$proc$/Users/toprakgundogdu/qwen-ffn-rom/rtl/gated_delta_bram.v:109$2425'.
Creating decoders for process `$paramod$9159c8e2e0b7b54d75395a03208d309c937da6bf\gated_delta_bram.$proc$/Users/toprakgundogdu/qwen-ffn-rom/rtl/gated_delta_bram.v:139$2423'.
Creating decoders for process `$paramod$9159c8e2e0b7b54d75395a03208d309c937da6bf\gated_delta_bram.$proc$/Users/toprakgundogdu/qwen-ffn-rom/rtl/gated_delta_bram.v:136$2418'.
Creating decoders for process `$paramod$9159c8e2e0b7b54d75395a03208d309c937da6bf\gated_delta_bram.$proc$/Users/toprakgundogdu/qwen-ffn-rom/rtl/gated_delta_bram.v:129$2409'.
Creating decoders for process `$paramod$9159c8e2e0b7b54d75395a03208d309c937da6bf\gated_delta_bram.$proc$/Users/toprakgundogdu/qwen-ffn-rom/rtl/gated_delta_bram.v:123$2400'.
Creating decoders for process `$paramod$9159c8e2e0b7b54d75395a03208d309c937da6bf\gated_delta_bram.$proc$/Users/toprakgundogdu/qwen-ffn-rom/rtl/gated_delta_bram.v:118$2397'.
     1/1: $1$mem2reg_rd$\q_r$/Users/toprakgundogdu/qwen-ffn-rom/rtl/gated_delta_bram.v:118$1873_DATA[7:0]$2399
Creating decoders for process `$paramod$9159c8e2e0b7b54d75395a03208d309c937da6bf\gated_delta_bram.$proc$/Users/toprakgundogdu/qwen-ffn-rom/rtl/gated_delta_bram.v:117$2394'.
     1/1: $1$mem2reg_rd$\k_r$/Users/toprakgundogdu/qwen-ffn-rom/rtl/gated_delta_bram.v:117$1872_DATA[7:0]$2396
Creating decoders for process `$paramod$9159c8e2e0b7b54d75395a03208d309c937da6bf\gated_delta_bram.$proc$/Users/toprakgundogdu/qwen-ffn-rom/rtl/gated_delta_bram.v:114$2393'.
Creating decoders for process `$paramod$9159c8e2e0b7b54d75395a03208d309c937da6bf\gated_delta_bram.$proc$/Users/toprakgundogdu/qwen-ffn-rom/rtl/gated_delta_bram.v:113$2392'.
Creating decoders for process `$paramod$9159c8e2e0b7b54d75395a03208d309c937da6bf\gated_delta_bram.$proc$/Users/toprakgundogdu/qwen-ffn-rom/rtl/gated_delta_bram.v:109$2391'.
Creating decoders for process `$paramod$9159c8e2e0b7b54d75395a03208d309c937da6bf\gated_delta_bram.$proc$/Users/toprakgundogdu/qwen-ffn-rom/rtl/gated_delta_bram.v:139$2389'.
Creating decoders for process `$paramod$9159c8e2e0b7b54d75395a03208d309c937da6bf\gated_delta_bram.$proc$/Users/toprakgundogdu/qwen-ffn-rom/rtl/gated_delta_bram.v:136$2384'.
Creating decoders for process `$paramod$9159c8e2e0b7b54d75395a03208d309c937da6bf\gated_delta_bram.$proc$/Users/toprakgundogdu/qwen-ffn-rom/rtl/gated_delta_bram.v:129$2375'.
Creating decoders for process `$paramod$9159c8e2e0b7b54d75395a03208d309c937da6bf\gated_delta_bram.$proc$/Users/toprakgundogdu/qwen-ffn-rom/rtl/gated_delta_bram.v:123$2366'.
Creating decoders for process `$paramod$9159c8e2e0b7b54d75395a03208d309c937da6bf\gated_delta_bram.$proc$/Users/toprakgundogdu/qwen-ffn-rom/rtl/gated_delta_bram.v:118$2363'.
     1/1: $1$mem2reg_rd$\q_r$/Users/toprakgundogdu/qwen-ffn-rom/rtl/gated_delta_bram.v:118$1871_DATA[7:0]$2365
Creating decoders for process `$paramod$9159c8e2e0b7b54d75395a03208d309c937da6bf\gated_delta_bram.$proc$/Users/toprakgundogdu/qwen-ffn-rom/rtl/gated_delta_bram.v:117$2360'.
     1/1: $1$mem2reg_rd$\k_r$/Users/toprakgundogdu/qwen-ffn-rom/rtl/gated_delta_bram.v:117$1870_DATA[7:0]$2362
Creating decoders for process `$paramod$9159c8e2e0b7b54d75395a03208d309c937da6bf\gated_delta_bram.$proc$/Users/toprakgundogdu/qwen-ffn-rom/rtl/gated_delta_bram.v:114$2359'.
Creating decoders for process `$paramod$9159c8e2e0b7b54d75395a03208d309c937da6bf\gated_delta_bram.$proc$/Users/toprakgundogdu/qwen-ffn-rom/rtl/gated_delta_bram.v:113$2358'.
Creating decoders for process `$paramod$9159c8e2e0b7b54d75395a03208d309c937da6bf\gated_delta_bram.$proc$/Users/toprakgundogdu/qwen-ffn-rom/rtl/gated_delta_bram.v:109$2357'.
Creating decoders for process `$paramod$9159c8e2e0b7b54d75395a03208d309c937da6bf\gated_delta_bram.$proc$/Users/toprakgundogdu/qwen-ffn-rom/rtl/gated_delta_bram.v:139$2355'.
Creating decoders for process `$paramod$9159c8e2e0b7b54d75395a03208d309c937da6bf\gated_delta_bram.$proc$/Users/toprakgundogdu/qwen-ffn-rom/rtl/gated_delta_bram.v:136$2350'.
Creating decoders for process `$paramod$9159c8e2e0b7b54d75395a03208d309c937da6bf\gated_delta_bram.$proc$/Users/toprakgundogdu/qwen-ffn-rom/rtl/gated_delta_bram.v:129$2341'.
Creating decoders for process `$paramod$9159c8e2e0b7b54d75395a03208d309c937da6bf\gated_delta_bram.$proc$/Users/toprakgundogdu/qwen-ffn-rom/rtl/gated_delta_bram.v:123$2332'.
Creating decoders for process `$paramod$9159c8e2e0b7b54d75395a03208d309c937da6bf\gated_delta_bram.$proc$/Users/toprakgundogdu/qwen-ffn-rom/rtl/gated_delta_bram.v:118$2329'.
     1/1: $1$mem2reg_rd$\q_r$/Users/toprakgundogdu/qwen-ffn-rom/rtl/gated_delta_bram.v:118$1869_DATA[7:0]$2331
Creating decoders for process `$paramod$9159c8e2e0b7b54d75395a03208d309c937da6bf\gated_delta_bram.$proc$/Users/toprakgundogdu/qwen-ffn-rom/rtl/gated_delta_bram.v:117$2326'.
     1/1: $1$mem2reg_rd$\k_r$/Users/toprakgundogdu/qwen-ffn-rom/rtl/gated_delta_bram.v:117$1868_DATA[7:0]$2328
Creating decoders for process `$paramod$9159c8e2e0b7b54d75395a03208d309c937da6bf\gated_delta_bram.$proc$/Users/toprakgundogdu/qwen-ffn-rom/rtl/gated_delta_bram.v:114$2325'.
Creating decoders for process `$paramod$9159c8e2e0b7b54d75395a03208d309c937da6bf\gated_delta_bram.$proc$/Users/toprakgundogdu/qwen-ffn-rom/rtl/gated_delta_bram.v:113$2324'.
Creating decoders for process `$paramod$9159c8e2e0b7b54d75395a03208d309c937da6bf\gated_delta_bram.$proc$/Users/toprakgundogdu/qwen-ffn-rom/rtl/gated_delta_bram.v:109$2323'.
Creating decoders for process `$paramod$9159c8e2e0b7b54d75395a03208d309c937da6bf\gated_delta_bram.$proc$/Users/toprakgundogdu/qwen-ffn-rom/rtl/gated_delta_bram.v:139$2321'.
Creating decoders for process `$paramod$9159c8e2e0b7b54d75395a03208d309c937da6bf\gated_delta_bram.$proc$/Users/toprakgundogdu/qwen-ffn-rom/rtl/gated_delta_bram.v:136$2316'.
Creating decoders for process `$paramod$9159c8e2e0b7b54d75395a03208d309c937da6bf\gated_delta_bram.$proc$/Users/toprakgundogdu/qwen-ffn-rom/rtl/gated_delta_bram.v:129$2307'.
Creating decoders for process `$paramod$9159c8e2e0b7b54d75395a03208d309c937da6bf\gated_delta_bram.$proc$/Users/toprakgundogdu/qwen-ffn-rom/rtl/gated_delta_bram.v:123$2298'.
Creating decoders for process `$paramod$9159c8e2e0b7b54d75395a03208d309c937da6bf\gated_delta_bram.$proc$/Users/toprakgundogdu/qwen-ffn-rom/rtl/gated_delta_bram.v:118$2295'.
     1/1: $1$mem2reg_rd$\q_r$/Users/toprakgundogdu/qwen-ffn-rom/rtl/gated_delta_bram.v:118$1867_DATA[7:0]$2297
Creating decoders for process `$paramod$9159c8e2e0b7b54d75395a03208d309c937da6bf\gated_delta_bram.$proc$/Users/toprakgundogdu/qwen-ffn-rom/rtl/gated_delta_bram.v:117$2292'.
     1/1: $1$mem2reg_rd$\k_r$/Users/toprakgundogdu/qwen-ffn-rom/rtl/gated_delta_bram.v:117$1866_DATA[7:0]$2294
Creating decoders for process `$paramod$9159c8e2e0b7b54d75395a03208d309c937da6bf\gated_delta_bram.$proc$/Users/toprakgundogdu/qwen-ffn-rom/rtl/gated_delta_bram.v:114$2291'.
Creating decoders for process `$paramod$9159c8e2e0b7b54d75395a03208d309c937da6bf\gated_delta_bram.$proc$/Users/toprakgundogdu/qwen-ffn-rom/rtl/gated_delta_bram.v:113$2290'.
Creating decoders for process `$paramod$9159c8e2e0b7b54d75395a03208d309c937da6bf\gated_delta_bram.$proc$/Users/toprakgundogdu/qwen-ffn-rom/rtl/gated_delta_bram.v:109$2289'.
Creating decoders for process `$paramod$9159c8e2e0b7b54d75395a03208d309c937da6bf\gated_delta_bram.$proc$/Users/toprakgundogdu/qwen-ffn-rom/rtl/gated_delta_bram.v:139$2287'.
Creating decoders for process `$paramod$9159c8e2e0b7b54d75395a03208d309c937da6bf\gated_delta_bram.$proc$/Users/toprakgundogdu/qwen-ffn-rom/rtl/gated_delta_bram.v:136$2282'.
Creating decoders for process `$paramod$9159c8e2e0b7b54d75395a03208d309c937da6bf\gated_delta_bram.$proc$/Users/toprakgundogdu/qwen-ffn-rom/rtl/gated_delta_bram.v:129$2273'.
Creating decoders for process `$paramod$9159c8e2e0b7b54d75395a03208d309c937da6bf\gated_delta_bram.$proc$/Users/toprakgundogdu/qwen-ffn-rom/rtl/gated_delta_bram.v:123$2264'.
Creating decoders for process `$paramod$9159c8e2e0b7b54d75395a03208d309c937da6bf\gated_delta_bram.$proc$/Users/toprakgundogdu/qwen-ffn-rom/rtl/gated_delta_bram.v:118$2261'.
     1/1: $1$mem2reg_rd$\q_r$/Users/toprakgundogdu/qwen-ffn-rom/rtl/gated_delta_bram.v:118$1865_DATA[7:0]$2263
Creating decoders for process `$paramod$9159c8e2e0b7b54d75395a03208d309c937da6bf\gated_delta_bram.$proc$/Users/toprakgundogdu/qwen-ffn-rom/rtl/gated_delta_bram.v:117$2258'.
     1/1: $1$mem2reg_rd$\k_r$/Users/toprakgundogdu/qwen-ffn-rom/rtl/gated_delta_bram.v:117$1864_DATA[7:0]$2260
Creating decoders for process `$paramod$9159c8e2e0b7b54d75395a03208d309c937da6bf\gated_delta_bram.$proc$/Users/toprakgundogdu/qwen-ffn-rom/rtl/gated_delta_bram.v:114$2257'.
Creating decoders for process `$paramod$9159c8e2e0b7b54d75395a03208d309c937da6bf\gated_delta_bram.$proc$/Users/toprakgundogdu/qwen-ffn-rom/rtl/gated_delta_bram.v:113$2256'.
Creating decoders for process `$paramod$9159c8e2e0b7b54d75395a03208d309c937da6bf\gated_delta_bram.$proc$/Users/toprakgundogdu/qwen-ffn-rom/rtl/gated_delta_bram.v:109$2255'.
Creating decoders for process `$paramod$9159c8e2e0b7b54d75395a03208d309c937da6bf\gated_delta_bram.$proc$/Users/toprakgundogdu/qwen-ffn-rom/rtl/gated_delta_bram.v:139$2253'.
Creating decoders for process `$paramod$9159c8e2e0b7b54d75395a03208d309c937da6bf\gated_delta_bram.$proc$/Users/toprakgundogdu/qwen-ffn-rom/rtl/gated_delta_bram.v:136$2248'.
Creating decoders for process `$paramod$9159c8e2e0b7b54d75395a03208d309c937da6bf\gated_delta_bram.$proc$/Users/toprakgundogdu/qwen-ffn-rom/rtl/gated_delta_bram.v:129$2239'.
Creating decoders for process `$paramod$9159c8e2e0b7b54d75395a03208d309c937da6bf\gated_delta_bram.$proc$/Users/toprakgundogdu/qwen-ffn-rom/rtl/gated_delta_bram.v:123$2230'.
Creating decoders for process `$paramod$9159c8e2e0b7b54d75395a03208d309c937da6bf\gated_delta_bram.$proc$/Users/toprakgundogdu/qwen-ffn-rom/rtl/gated_delta_bram.v:118$2227'.
     1/1: $1$mem2reg_rd$\q_r$/Users/toprakgundogdu/qwen-ffn-rom/rtl/gated_delta_bram.v:118$1863_DATA[7:0]$2229
Creating decoders for process `$paramod$9159c8e2e0b7b54d75395a03208d309c937da6bf\gated_delta_bram.$proc$/Users/toprakgundogdu/qwen-ffn-rom/rtl/gated_delta_bram.v:117$2224'.
     1/1: $1$mem2reg_rd$\k_r$/Users/toprakgundogdu/qwen-ffn-rom/rtl/gated_delta_bram.v:117$1862_DATA[7:0]$2226
Creating decoders for process `$paramod$9159c8e2e0b7b54d75395a03208d309c937da6bf\gated_delta_bram.$proc$/Users/toprakgundogdu/qwen-ffn-rom/rtl/gated_delta_bram.v:114$2223'.
Creating decoders for process `$paramod$9159c8e2e0b7b54d75395a03208d309c937da6bf\gated_delta_bram.$proc$/Users/toprakgundogdu/qwen-ffn-rom/rtl/gated_delta_bram.v:113$2222'.
Creating decoders for process `$paramod$9159c8e2e0b7b54d75395a03208d309c937da6bf\gated_delta_bram.$proc$/Users/toprakgundogdu/qwen-ffn-rom/rtl/gated_delta_bram.v:109$2221'.
Creating decoders for process `$paramod$9159c8e2e0b7b54d75395a03208d309c937da6bf\gated_delta_bram.$proc$/Users/toprakgundogdu/qwen-ffn-rom/rtl/gated_delta_bram.v:139$2219'.
Creating decoders for process `$paramod$9159c8e2e0b7b54d75395a03208d309c937da6bf\gated_delta_bram.$proc$/Users/toprakgundogdu/qwen-ffn-rom/rtl/gated_delta_bram.v:136$2214'.
Creating decoders for process `$paramod$9159c8e2e0b7b54d75395a03208d309c937da6bf\gated_delta_bram.$proc$/Users/toprakgundogdu/qwen-ffn-rom/rtl/gated_delta_bram.v:129$2205'.
Creating decoders for process `$paramod$9159c8e2e0b7b54d75395a03208d309c937da6bf\gated_delta_bram.$proc$/Users/toprakgundogdu/qwen-ffn-rom/rtl/gated_delta_bram.v:123$2196'.
Creating decoders for process `$paramod$9159c8e2e0b7b54d75395a03208d309c937da6bf\gated_delta_bram.$proc$/Users/toprakgundogdu/qwen-ffn-rom/rtl/gated_delta_bram.v:118$2193'.
     1/1: $1$mem2reg_rd$\q_r$/Users/toprakgundogdu/qwen-ffn-rom/rtl/gated_delta_bram.v:118$1861_DATA[7:0]$2195
Creating decoders for process `$paramod$9159c8e2e0b7b54d75395a03208d309c937da6bf\gated_delta_bram.$proc$/Users/toprakgundogdu/qwen-ffn-rom/rtl/gated_delta_bram.v:117$2190'.
     1/1: $1$mem2reg_rd$\k_r$/Users/toprakgundogdu/qwen-ffn-rom/rtl/gated_delta_bram.v:117$1860_DATA[7:0]$2192
Creating decoders for process `$paramod$9159c8e2e0b7b54d75395a03208d309c937da6bf\gated_delta_bram.$proc$/Users/toprakgundogdu/qwen-ffn-rom/rtl/gated_delta_bram.v:114$2189'.
Creating decoders for process `$paramod$9159c8e2e0b7b54d75395a03208d309c937da6bf\gated_delta_bram.$proc$/Users/toprakgundogdu/qwen-ffn-rom/rtl/gated_delta_bram.v:113$2188'.
Creating decoders for process `$paramod$9159c8e2e0b7b54d75395a03208d309c937da6bf\gated_delta_bram.$proc$/Users/toprakgundogdu/qwen-ffn-rom/rtl/gated_delta_bram.v:109$2187'.
Creating decoders for process `$paramod$9159c8e2e0b7b54d75395a03208d309c937da6bf\gated_delta_bram.$proc$/Users/toprakgundogdu/qwen-ffn-rom/rtl/gated_delta_bram.v:139$2185'.
Creating decoders for process `$paramod$9159c8e2e0b7b54d75395a03208d309c937da6bf\gated_delta_bram.$proc$/Users/toprakgundogdu/qwen-ffn-rom/rtl/gated_delta_bram.v:136$2180'.
Creating decoders for process `$paramod$9159c8e2e0b7b54d75395a03208d309c937da6bf\gated_delta_bram.$proc$/Users/toprakgundogdu/qwen-ffn-rom/rtl/gated_delta_bram.v:129$2171'.
Creating decoders for process `$paramod$9159c8e2e0b7b54d75395a03208d309c937da6bf\gated_delta_bram.$proc$/Users/toprakgundogdu/qwen-ffn-rom/rtl/gated_delta_bram.v:123$2162'.
Creating decoders for process `$paramod$9159c8e2e0b7b54d75395a03208d309c937da6bf\gated_delta_bram.$proc$/Users/toprakgundogdu/qwen-ffn-rom/rtl/gated_delta_bram.v:118$2159'.
     1/1: $1$mem2reg_rd$\q_r$/Users/toprakgundogdu/qwen-ffn-rom/rtl/gated_delta_bram.v:118$1859_DATA[7:0]$2161
Creating decoders for process `$paramod$9159c8e2e0b7b54d75395a03208d309c937da6bf\gated_delta_bram.$proc$/Users/toprakgundogdu/qwen-ffn-rom/rtl/gated_delta_bram.v:117$2156'.
     1/1: $1$mem2reg_rd$\k_r$/Users/toprakgundogdu/qwen-ffn-rom/rtl/gated_delta_bram.v:117$1858_DATA[7:0]$2158
Creating decoders for process `$paramod$9159c8e2e0b7b54d75395a03208d309c937da6bf\gated_delta_bram.$proc$/Users/toprakgundogdu/qwen-ffn-rom/rtl/gated_delta_bram.v:114$2155'.
Creating decoders for process `$paramod$9159c8e2e0b7b54d75395a03208d309c937da6bf\gated_delta_bram.$proc$/Users/toprakgundogdu/qwen-ffn-rom/rtl/gated_delta_bram.v:113$2154'.
Creating decoders for process `$paramod$9159c8e2e0b7b54d75395a03208d309c937da6bf\gated_delta_bram.$proc$/Users/toprakgundogdu/qwen-ffn-rom/rtl/gated_delta_bram.v:109$2153'.
Creating decoders for process `$paramod$9159c8e2e0b7b54d75395a03208d309c937da6bf\gated_delta_bram.$proc$/Users/toprakgundogdu/qwen-ffn-rom/rtl/gated_delta_bram.v:60$2152'.
Creating decoders for process `$paramod$9159c8e2e0b7b54d75395a03208d309c937da6bf\gated_delta_bram.$proc$/Users/toprakgundogdu/qwen-ffn-rom/rtl/gated_delta_bram.v:59$2151'.
Creating decoders for process `$paramod$9159c8e2e0b7b54d75395a03208d309c937da6bf\gated_delta_bram.$proc$/Users/toprakgundogdu/qwen-ffn-rom/rtl/gated_delta_bram.v:58$2150'.
Creating decoders for process `$paramod$9159c8e2e0b7b54d75395a03208d309c937da6bf\gated_delta_bram.$proc$/Users/toprakgundogdu/qwen-ffn-rom/rtl/gated_delta_bram.v:60$2149'.
Creating decoders for process `$paramod$9159c8e2e0b7b54d75395a03208d309c937da6bf\gated_delta_bram.$proc$/Users/toprakgundogdu/qwen-ffn-rom/rtl/gated_delta_bram.v:59$2148'.
Creating decoders for process `$paramod$9159c8e2e0b7b54d75395a03208d309c937da6bf\gated_delta_bram.$proc$/Users/toprakgundogdu/qwen-ffn-rom/rtl/gated_delta_bram.v:58$2147'.
Creating decoders for process `$paramod$9159c8e2e0b7b54d75395a03208d309c937da6bf\gated_delta_bram.$proc$/Users/toprakgundogdu/qwen-ffn-rom/rtl/gated_delta_bram.v:60$2146'.
Creating decoders for process `$paramod$9159c8e2e0b7b54d75395a03208d309c937da6bf\gated_delta_bram.$proc$/Users/toprakgundogdu/qwen-ffn-rom/rtl/gated_delta_bram.v:59$2145'.
Creating decoders for process `$paramod$9159c8e2e0b7b54d75395a03208d309c937da6bf\gated_delta_bram.$proc$/Users/toprakgundogdu/qwen-ffn-rom/rtl/gated_delta_bram.v:58$2144'.
Creating decoders for process `$paramod$9159c8e2e0b7b54d75395a03208d309c937da6bf\gated_delta_bram.$proc$/Users/toprakgundogdu/qwen-ffn-rom/rtl/gated_delta_bram.v:60$2143'.
Creating decoders for process `$paramod$9159c8e2e0b7b54d75395a03208d309c937da6bf\gated_delta_bram.$proc$/Users/toprakgundogdu/qwen-ffn-rom/rtl/gated_delta_bram.v:59$2142'.
Creating decoders for process `$paramod$9159c8e2e0b7b54d75395a03208d309c937da6bf\gated_delta_bram.$proc$/Users/toprakgundogdu/qwen-ffn-rom/rtl/gated_delta_bram.v:58$2141'.
Creating decoders for process `$paramod$9159c8e2e0b7b54d75395a03208d309c937da6bf\gated_delta_bram.$proc$/Users/toprakgundogdu/qwen-ffn-rom/rtl/gated_delta_bram.v:60$2140'.
Creating decoders for process `$paramod$9159c8e2e0b7b54d75395a03208d309c937da6bf\gated_delta_bram.$proc$/Users/toprakgundogdu/qwen-ffn-rom/rtl/gated_delta_bram.v:59$2139'.
Creating decoders for process `$paramod$9159c8e2e0b7b54d75395a03208d309c937da6bf\gated_delta_bram.$proc$/Users/toprakgundogdu/qwen-ffn-rom/rtl/gated_delta_bram.v:58$2138'.
Creating decoders for process `$paramod$9159c8e2e0b7b54d75395a03208d309c937da6bf\gated_delta_bram.$proc$/Users/toprakgundogdu/qwen-ffn-rom/rtl/gated_delta_bram.v:60$2137'.
Creating decoders for process `$paramod$9159c8e2e0b7b54d75395a03208d309c937da6bf\gated_delta_bram.$proc$/Users/toprakgundogdu/qwen-ffn-rom/rtl/gated_delta_bram.v:59$2136'.
Creating decoders for process `$paramod$9159c8e2e0b7b54d75395a03208d309c937da6bf\gated_delta_bram.$proc$/Users/toprakgundogdu/qwen-ffn-rom/rtl/gated_delta_bram.v:58$2135'.
Creating decoders for process `$paramod$9159c8e2e0b7b54d75395a03208d309c937da6bf\gated_delta_bram.$proc$/Users/toprakgundogdu/qwen-ffn-rom/rtl/gated_delta_bram.v:60$2134'.
Creating decoders for process `$paramod$9159c8e2e0b7b54d75395a03208d309c937da6bf\gated_delta_bram.$proc$/Users/toprakgundogdu/qwen-ffn-rom/rtl/gated_delta_bram.v:59$2133'.
Creating decoders for process `$paramod$9159c8e2e0b7b54d75395a03208d309c937da6bf\gated_delta_bram.$proc$/Users/toprakgundogdu/qwen-ffn-rom/rtl/gated_delta_bram.v:58$2132'.
Creating decoders for process `$paramod$9159c8e2e0b7b54d75395a03208d309c937da6bf\gated_delta_bram.$proc$/Users/toprakgundogdu/qwen-ffn-rom/rtl/gated_delta_bram.v:60$2131'.
Creating decoders for process `$paramod$9159c8e2e0b7b54d75395a03208d309c937da6bf\gated_delta_bram.$proc$/Users/toprakgundogdu/qwen-ffn-rom/rtl/gated_delta_bram.v:59$2130'.
Creating decoders for process `$paramod$9159c8e2e0b7b54d75395a03208d309c937da6bf\gated_delta_bram.$proc$/Users/toprakgundogdu/qwen-ffn-rom/rtl/gated_delta_bram.v:58$2129'.
Creating decoders for process `$paramod$9159c8e2e0b7b54d75395a03208d309c937da6bf\gated_delta_bram.$proc$/Users/toprakgundogdu/qwen-ffn-rom/rtl/gated_delta_bram.v:60$2128'.
Creating decoders for process `$paramod$9159c8e2e0b7b54d75395a03208d309c937da6bf\gated_delta_bram.$proc$/Users/toprakgundogdu/qwen-ffn-rom/rtl/gated_delta_bram.v:59$2127'.
Creating decoders for process `$paramod$9159c8e2e0b7b54d75395a03208d309c937da6bf\gated_delta_bram.$proc$/Users/toprakgundogdu/qwen-ffn-rom/rtl/gated_delta_bram.v:58$2126'.
Creating decoders for process `$paramod$9159c8e2e0b7b54d75395a03208d309c937da6bf\gated_delta_bram.$proc$/Users/toprakgundogdu/qwen-ffn-rom/rtl/gated_delta_bram.v:60$2125'.
Creating decoders for process `$paramod$9159c8e2e0b7b54d75395a03208d309c937da6bf\gated_delta_bram.$proc$/Users/toprakgundogdu/qwen-ffn-rom/rtl/gated_delta_bram.v:59$2124'.
Creating decoders for process `$paramod$9159c8e2e0b7b54d75395a03208d309c937da6bf\gated_delta_bram.$proc$/Users/toprakgundogdu/qwen-ffn-rom/rtl/gated_delta_bram.v:58$2123'.
Creating decoders for process `$paramod$9159c8e2e0b7b54d75395a03208d309c937da6bf\gated_delta_bram.$proc$/Users/toprakgundogdu/qwen-ffn-rom/rtl/gated_delta_bram.v:60$2122'.
Creating decoders for process `$paramod$9159c8e2e0b7b54d75395a03208d309c937da6bf\gated_delta_bram.$proc$/Users/toprakgundogdu/qwen-ffn-rom/rtl/gated_delta_bram.v:59$2121'.
Creating decoders for process `$paramod$9159c8e2e0b7b54d75395a03208d309c937da6bf\gated_delta_bram.$proc$/Users/toprakgundogdu/qwen-ffn-rom/rtl/gated_delta_bram.v:58$2120'.
Creating decoders for process `$paramod$9159c8e2e0b7b54d75395a03208d309c937da6bf\gated_delta_bram.$proc$/Users/toprakgundogdu/qwen-ffn-rom/rtl/gated_delta_bram.v:60$2119'.
Creating decoders for process `$paramod$9159c8e2e0b7b54d75395a03208d309c937da6bf\gated_delta_bram.$proc$/Users/toprakgundogdu/qwen-ffn-rom/rtl/gated_delta_bram.v:59$2118'.
Creating decoders for process `$paramod$9159c8e2e0b7b54d75395a03208d309c937da6bf\gated_delta_bram.$proc$/Users/toprakgundogdu/qwen-ffn-rom/rtl/gated_delta_bram.v:58$2117'.
Creating decoders for process `$paramod$9159c8e2e0b7b54d75395a03208d309c937da6bf\gated_delta_bram.$proc$/Users/toprakgundogdu/qwen-ffn-rom/rtl/gated_delta_bram.v:60$2116'.
Creating decoders for process `$paramod$9159c8e2e0b7b54d75395a03208d309c937da6bf\gated_delta_bram.$proc$/Users/toprakgundogdu/qwen-ffn-rom/rtl/gated_delta_bram.v:59$2115'.
Creating decoders for process `$paramod$9159c8e2e0b7b54d75395a03208d309c937da6bf\gated_delta_bram.$proc$/Users/toprakgundogdu/qwen-ffn-rom/rtl/gated_delta_bram.v:58$2114'.
Creating decoders for process `$paramod$9159c8e2e0b7b54d75395a03208d309c937da6bf\gated_delta_bram.$proc$/Users/toprakgundogdu/qwen-ffn-rom/rtl/gated_delta_bram.v:60$2113'.
Creating decoders for process `$paramod$9159c8e2e0b7b54d75395a03208d309c937da6bf\gated_delta_bram.$proc$/Users/toprakgundogdu/qwen-ffn-rom/rtl/gated_delta_bram.v:59$2112'.
Creating decoders for process `$paramod$9159c8e2e0b7b54d75395a03208d309c937da6bf\gated_delta_bram.$proc$/Users/toprakgundogdu/qwen-ffn-rom/rtl/gated_delta_bram.v:58$2111'.
Creating decoders for process `$paramod$9159c8e2e0b7b54d75395a03208d309c937da6bf\gated_delta_bram.$proc$/Users/toprakgundogdu/qwen-ffn-rom/rtl/gated_delta_bram.v:60$2110'.
Creating decoders for process `$paramod$9159c8e2e0b7b54d75395a03208d309c937da6bf\gated_delta_bram.$proc$/Users/toprakgundogdu/qwen-ffn-rom/rtl/gated_delta_bram.v:59$2109'.
Creating decoders for process `$paramod$9159c8e2e0b7b54d75395a03208d309c937da6bf\gated_delta_bram.$proc$/Users/toprakgundogdu/qwen-ffn-rom/rtl/gated_delta_bram.v:58$2108'.
Creating decoders for process `$paramod$9159c8e2e0b7b54d75395a03208d309c937da6bf\gated_delta_bram.$proc$/Users/toprakgundogdu/qwen-ffn-rom/rtl/gated_delta_bram.v:60$2107'.
Creating decoders for process `$paramod$9159c8e2e0b7b54d75395a03208d309c937da6bf\gated_delta_bram.$proc$/Users/toprakgundogdu/qwen-ffn-rom/rtl/gated_delta_bram.v:59$2106'.
Creating decoders for process `$paramod$9159c8e2e0b7b54d75395a03208d309c937da6bf\gated_delta_bram.$proc$/Users/toprakgundogdu/qwen-ffn-rom/rtl/gated_delta_bram.v:58$2105'.
Creating decoders for process `$paramod$9159c8e2e0b7b54d75395a03208d309c937da6bf\gated_delta_bram.$proc$/Users/toprakgundogdu/qwen-ffn-rom/rtl/gated_delta_bram.v:146$1893'.
     1/198: $0\o_flat[383:0] [383:360]
     2/198: $0\o_flat[383:0] [359:336]
     3/198: $0\o_flat[383:0] [335:312]
     4/198: $0\o_flat[383:0] [311:288]
     5/198: $0\o_flat[383:0] [287:264]
     6/198: $0\o_flat[383:0] [263:240]
     7/198: $0\o_flat[383:0] [239:216]
     8/198: $0\o_flat[383:0] [215:192]
     9/198: $0\o_flat[383:0] [191:168]
    10/198: $0\o_flat[383:0] [167:144]
    11/198: $0\o_flat[383:0] [143:120]
    12/198: $0\o_flat[383:0] [119:96]
    13/198: $0\o_flat[383:0] [95:72]
    14/198: $0\o_flat[383:0] [71:48]
    15/198: $0\o_flat[383:0] [47:24]
    16/198: $0\o_flat[383:0] [23:0]
    17/198: $11\ii[31:0]
    18/198: $10\ii[31:0]
    19/198: $9\ii[31:0]
    20/198: $8\ii[31:0]
    21/198: $7\ii[31:0]
    22/198: $6\ii[31:0]
    23/198: $5\ii[31:0]
    24/198: $4\ii[31:0]
    25/198: $3\ii[31:0]
    26/198: $2\ii[31:0]
    27/198: $1\ii[31:0]
    28/198: $0\we[0:0]
    29/198: $0\done[0:0]
    30/198: $0\wdata_c[15][15:0]
    31/198: $0\wdata_c[14][15:0]
    32/198: $0\wdata_c[13][15:0]
    33/198: $0\wdata_c[12][15:0]
    34/198: $0\wdata_c[11][15:0]
    35/198: $0\wdata_c[10][15:0]
    36/198: $0\wdata_c[9][15:0]
    37/198: $0\wdata_c[8][15:0]
    38/198: $0\wdata_c[7][15:0]
    39/198: $0\wdata_c[6][15:0]
    40/198: $0\wdata_c[5][15:0]
    41/198: $0\wdata_c[4][15:0]
    42/198: $0\wdata_c[3][15:0]
    43/198: $0\wdata_c[2][15:0]
    44/198: $0\wdata_c[1][15:0]
    45/198: $0\wdata_c[0][15:0]
    46/198: $0\prod[15][31:0]
    47/198: $0\prod[14][31:0]
    48/198: $0\prod[13][31:0]
    49/198: $0\prod[12][31:0]
    50/198: $0\prod[11][31:0]
    51/198: $0\prod[10][31:0]
    52/198: $0\prod[9][31:0]
    53/198: $0\prod[8][31:0]
    54/198: $0\prod[7][31:0]
    55/198: $0\prod[6][31:0]
    56/198: $0\prod[5][31:0]
    57/198: $0\prod[4][31:0]
    58/198: $0\prod[3][31:0]
    59/198: $0\prod[2][31:0]
    60/198: $0\prod[1][31:0]
    61/198: $0\prod[0][31:0]
    62/198: $0\s_hold[15][15:0]
    63/198: $0\s_hold[14][15:0]
    64/198: $0\s_hold[13][15:0]
    65/198: $0\s_hold[12][15:0]
    66/198: $0\s_hold[11][15:0]
    67/198: $0\s_hold[10][15:0]
    68/198: $0\s_hold[9][15:0]
    69/198: $0\s_hold[8][15:0]
    70/198: $0\s_hold[7][15:0]
    71/198: $0\s_hold[6][15:0]
    72/198: $0\s_hold[5][15:0]
    73/198: $0\s_hold[4][15:0]
    74/198: $0\s_hold[3][15:0]
    75/198: $0\s_hold[2][15:0]
    76/198: $0\s_hold[1][15:0]
    77/198: $0\s_hold[0][15:0]
    78/198: $0\v_r[15][7:0]
    79/198: $0\v_r[14][7:0]
    80/198: $0\v_r[13][7:0]
    81/198: $0\v_r[12][7:0]
    82/198: $0\v_r[11][7:0]
    83/198: $0\v_r[10][7:0]
    84/198: $0\v_r[9][7:0]
    85/198: $0\v_r[8][7:0]
    86/198: $0\v_r[7][7:0]
    87/198: $0\v_r[6][7:0]
    88/198: $0\v_r[5][7:0]
    89/198: $0\v_r[4][7:0]
    90/198: $0\v_r[3][7:0]
    91/198: $0\v_r[2][7:0]
    92/198: $0\v_r[1][7:0]
    93/198: $0\v_r[0][7:0]
    94/198: $0\k_r[15][7:0]
    95/198: $0\k_r[14][7:0]
    96/198: $0\k_r[13][7:0]
    97/198: $0\k_r[12][7:0]
    98/198: $0\k_r[11][7:0]
    99/198: $0\k_r[10][7:0]
   100/198: $0\k_r[9][7:0]
   101/198: $0\k_r[8][7:0]
   102/198: $0\k_r[7][7:0]
   103/198: $0\k_r[6][7:0]
   104/198: $0\k_r[5][7:0]
   105/198: $0\k_r[4][7:0]
   106/198: $0\k_r[3][7:0]
   107/198: $0\k_r[2][7:0]
   108/198: $0\k_r[1][7:0]
   109/198: $0\k_r[0][7:0]
   110/198: $0\q_r[15][7:0]
   111/198: $0\q_r[14][7:0]
   112/198: $0\q_r[13][7:0]
   113/198: $0\q_r[12][7:0]
   114/198: $0\q_r[11][7:0]
   115/198: $0\q_r[10][7:0]
   116/198: $0\q_r[9][7:0]
   117/198: $0\q_r[8][7:0]
   118/198: $0\q_r[7][7:0]
   119/198: $0\q_r[6][7:0]
   120/198: $0\q_r[5][7:0]
   121/198: $0\q_r[4][7:0]
   122/198: $0\q_r[3][7:0]
   123/198: $0\q_r[2][7:0]
   124/198: $0\q_r[1][7:0]
   125/198: $0\q_r[0][7:0]
   126/198: $0\o_r[15][23:0]
   127/198: $0\o_r[14][23:0]
   128/198: $0\o_r[13][23:0]
   129/198: $0\o_r[12][23:0]
   130/198: $0\o_r[11][23:0]
   131/198: $0\o_r[10][23:0]
   132/198: $0\o_r[9][23:0]
   133/198: $0\o_r[8][23:0]
   134/198: $0\o_r[7][23:0]
   135/198: $0\o_r[6][23:0]
   136/198: $0\o_r[5][23:0]
   137/198: $0\o_r[4][23:0]
   138/198: $0\o_r[3][23:0]
   139/198: $0\o_r[2][23:0]
   140/198: $0\o_r[1][23:0]
   141/198: $0\o_r[0][23:0]
   142/198: $0\acc[15][31:0]
   143/198: $0\acc[14][31:0]
   144/198: $0\acc[13][31:0]
   145/198: $0\acc[12][31:0]
   146/198: $0\acc[11][31:0]
   147/198: $0\acc[10][31:0]
   148/198: $0\acc[9][31:0]
   149/198: $0\acc[8][31:0]
   150/198: $0\acc[7][31:0]
   151/198: $0\acc[6][31:0]
   152/198: $0\acc[5][31:0]
   153/198: $0\acc[4][31:0]
   154/198: $0\acc[3][31:0]
   155/198: $0\acc[2][31:0]
   156/198: $0\acc[1][31:0]
   157/198: $0\acc[0][31:0]
   158/198: $0\delta[15][31:0]
   159/198: $0\delta[14][31:0]
   160/198: $0\delta[13][31:0]
   161/198: $0\delta[12][31:0]
   162/198: $0\delta[11][31:0]
   163/198: $0\delta[10][31:0]
   164/198: $0\delta[9][31:0]
   165/198: $0\delta[8][31:0]
   166/198: $0\delta[7][31:0]
   167/198: $0\delta[6][31:0]
   168/198: $0\delta[5][31:0]
   169/198: $0\delta[4][31:0]
   170/198: $0\delta[3][31:0]
   171/198: $0\delta[2][31:0]
   172/198: $0\delta[1][31:0]
   173/198: $0\delta[0][31:0]
   174/198: $0\kv[15][31:0]
   175/198: $0\kv[14][31:0]
   176/198: $0\kv[13][31:0]
   177/198: $0\kv[12][31:0]
   178/198: $0\kv[11][31:0]
   179/198: $0\kv[10][31:0]
   180/198: $0\kv[9][31:0]
   181/198: $0\kv[8][31:0]
   182/198: $0\kv[7][31:0]
   183/198: $0\kv[6][31:0]
   184/198: $0\kv[5][31:0]
   185/198: $0\kv[4][31:0]
   186/198: $0\kv[3][31:0]
   187/198: $0\kv[2][31:0]
   188/198: $0\kv[1][31:0]
   189/198: $0\kv[0][31:0]
   190/198: $0\waddr_r[3:0]
   191/198: $0\clr_i[4:0]
   192/198: $0\row[3:0]
   193/198: $0\ph[1:0]
   194/198: $0\st[2:0]
   195/198: $0\layer_r[0:0]
   196/198: $0\beta_r[8:0]
   197/198: $0\g_r[8:0]
   198/198: $12\ii[31:0]

5.8. Executing PROC_DLATCH pass (convert process syncs to latches).
No latch inferred for signal `$paramod$0af7322157a0cb9528e4c21e617f7308440e4612\delta_s_col_ram.\n' from process `$paramod$0af7322157a0cb9528e4c21e617f7308440e4612\delta_s_col_ram.$proc$/Users/toprakgundogdu/qwen-ffn-rom/rtl/delta_s_col_ram.v:22$938'.
No latch inferred for signal `$paramod$0af7322157a0cb9528e4c21e617f7308440e4612\delta_s_col_ram.$memwr$\mem$/Users/toprakgundogdu/qwen-ffn-rom/rtl/delta_s_col_ram.v:24$897_EN' from process `$paramod$0af7322157a0cb9528e4c21e617f7308440e4612\delta_s_col_ram.$proc$/Users/toprakgundogdu/qwen-ffn-rom/rtl/delta_s_col_ram.v:22$938'.
No latch inferred for signal `$paramod$0af7322157a0cb9528e4c21e617f7308440e4612\delta_s_col_ram.$memwr$\mem$/Users/toprakgundogdu/qwen-ffn-rom/rtl/delta_s_col_ram.v:24$898_EN' from process `$paramod$0af7322157a0cb9528e4c21e617f7308440e4612\delta_s_col_ram.$proc$/Users/toprakgundogdu/qwen-ffn-rom/rtl/delta_s_col_ram.v:22$938'.
No latch inferred for signal `$paramod$0af7322157a0cb9528e4c21e617f7308440e4612\delta_s_col_ram.$memwr$\mem$/Users/toprakgundogdu/qwen-ffn-rom/rtl/delta_s_col_ram.v:24$899_EN' from process `$paramod$0af7322157a0cb9528e4c21e617f7308440e4612\delta_s_col_ram.$proc$/Users/toprakgundogdu/qwen-ffn-rom/rtl/delta_s_col_ram.v:22$938'.
No latch inferred for signal `$paramod$0af7322157a0cb9528e4c21e617f7308440e4612\delta_s_col_ram.$memwr$\mem$/Users/toprakgundogdu/qwen-ffn-rom/rtl/delta_s_col_ram.v:24$900_EN' from process `$paramod$0af7322157a0cb9528e4c21e617f7308440e4612\delta_s_col_ram.$proc$/Users/toprakgundogdu/qwen-ffn-rom/rtl/delta_s_col_ram.v:22$938'.
No latch inferred for signal `$paramod$0af7322157a0cb9528e4c21e617f7308440e4612\delta_s_col_ram.$memwr$\mem$/Users/toprakgundogdu/qwen-ffn-rom/rtl/delta_s_col_ram.v:24$901_EN' from process `$paramod$0af7322157a0cb9528e4c21e617f7308440e4612\delta_s_col_ram.$proc$/Users/toprakgundogdu/qwen-ffn-rom/rtl/delta_s_col_ram.v:22$938'.
No latch inferred for signal `$paramod$0af7322157a0cb9528e4c21e617f7308440e4612\delta_s_col_ram.$memwr$\mem$/Users/toprakgundogdu/qwen-ffn-rom/rtl/delta_s_col_ram.v:24$902_EN' from process `$paramod$0af7322157a0cb9528e4c21e617f7308440e4612\delta_s_col_ram.$proc$/Users/toprakgundogdu/qwen-ffn-rom/rtl/delta_s_col_ram.v:22$938'.
No latch inferred for signal `$paramod$0af7322157a0cb9528e4c21e617f7308440e4612\delta_s_col_ram.$memwr$\mem$/Users/toprakgundogdu/qwen-ffn-rom/rtl/delta_s_col_ram.v:24$903_EN' from process `$paramod$0af7322157a0cb9528e4c21e617f7308440e4612\delta_s_col_ram.$proc$/Users/toprakgundogdu/qwen-ffn-rom/rtl/delta_s_col_ram.v:22$938'.
No latch inferred for signal `$paramod$0af7322157a0cb9528e4c21e617f7308440e4612\delta_s_col_ram.$memwr$\mem$/Users/toprakgundogdu/qwen-ffn-rom/rtl/delta_s_col_ram.v:24$904_EN' from process `$paramod$0af7322157a0cb9528e4c21e617f7308440e4612\delta_s_col_ram.$proc$/Users/toprakgundogdu/qwen-ffn-rom/rtl/delta_s_col_ram.v:22$938'.
No latch inferred for signal `$paramod$0af7322157a0cb9528e4c21e617f7308440e4612\delta_s_col_ram.$memwr$\mem$/Users/toprakgundogdu/qwen-ffn-rom/rtl/delta_s_col_ram.v:24$905_EN' from process `$paramod$0af7322157a0cb9528e4c21e617f7308440e4612\delta_s_col_ram.$proc$/Users/toprakgundogdu/qwen-ffn-rom/rtl/delta_s_col_ram.v:22$938'.
No latch inferred for signal `$paramod$0af7322157a0cb9528e4c21e617f7308440e4612\delta_s_col_ram.$memwr$\mem$/Users/toprakgundogdu/qwen-ffn-rom/rtl/delta_s_col_ram.v:24$906_EN' from process `$paramod$0af7322157a0cb9528e4c21e617f7308440e4612\delta_s_col_ram.$proc$/Users/toprakgundogdu/qwen-ffn-rom/rtl/delta_s_col_ram.v:22$938'.
No latch inferred for signal `$paramod$0af7322157a0cb9528e4c21e617f7308440e4612\delta_s_col_ram.$memwr$\mem$/Users/toprakgundogdu/qwen-ffn-rom/rtl/delta_s_col_ram.v:24$907_EN' from process `$paramod$0af7322157a0cb9528e4c21e617f7308440e4612\delta_s_col_ram.$proc$/Users/toprakgundogdu/qwen-ffn-rom/rtl/delta_s_col_ram.v:22$938'.
No latch inferred for signal `$paramod$0af7322157a0cb9528e4c21e617f7308440e4612\delta_s_col_ram.$memwr$\mem$/Users/toprakgundogdu/qwen-ffn-rom/rtl/delta_s_col_ram.v:24$908_EN' from process `$paramod$0af7322157a0cb9528e4c21e617f7308440e4612\delta_s_col_ram.$proc$/Users/toprakgundogdu/qwen-ffn-rom/rtl/delta_s_col_ram.v:22$938'.
No latch inferred for signal `$paramod$0af7322157a0cb9528e4c21e617f7308440e4612\delta_s_col_ram.$memwr$\mem$/Users/toprakgundogdu/qwen-ffn-rom/rtl/delta_s_col_ram.v:24$909_EN' from process `$paramod$0af7322157a0cb9528e4c21e617f7308440e4612\delta_s_col_ram.$proc$/Users/toprakgundogdu/qwen-ffn-rom/rtl/delta_s_col_ram.v:22$938'.
No latch inferred for signal `$paramod$0af7322157a0cb9528e4c21e617f7308440e4612\delta_s_col_ram.$memwr$\mem$/Users/toprakgundogdu/qwen-ffn-rom/rtl/delta_s_col_ram.v:24$910_EN' from process `$paramod$0af7322157a0cb9528e4c21e617f7308440e4612\delta_s_col_ram.$proc$/Users/toprakgundogdu/qwen-ffn-rom/rtl/delta_s_col_ram.v:22$938'.
No latch inferred for signal `$paramod$0af7322157a0cb9528e4c21e617f7308440e4612\delta_s_col_ram.$memwr$\mem$/Users/toprakgundogdu/qwen-ffn-rom/rtl/delta_s_col_ram.v:24$911_EN' from process `$paramod$0af7322157a0cb9528e4c21e617f7308440e4612\delta_s_col_ram.$proc$/Users/toprakgundogdu/qwen-ffn-rom/rtl/delta_s_col_ram.v:22$938'.
No latch inferred for signal `$paramod$0af7322157a0cb9528e4c21e617f7308440e4612\delta_s_col_ram.$memwr$\mem$/Users/toprakgundogdu/qwen-ffn-rom/rtl/delta_s_col_ram.v:24$912_EN' from process `$paramod$0af7322157a0cb9528e4c21e617f7308440e4612\delta_s_col_ram.$proc$/Users/toprakgundogdu/qwen-ffn-rom/rtl/delta_s_col_ram.v:22$938'.
No latch inferred for signal `$paramod$9159c8e2e0b7b54d75395a03208d309c937da6bf\gated_delta_bram.\decay_w[15]' from process `$paramod$9159c8e2e0b7b54d75395a03208d309c937da6bf\gated_delta_bram.$proc$/Users/toprakgundogdu/qwen-ffn-rom/rtl/gated_delta_bram.v:139$2695'.
No latch inferred for signal `$paramod$9159c8e2e0b7b54d75395a03208d309c937da6bf\gated_delta_bram.\s_sat[15]' from process `$paramod$9159c8e2e0b7b54d75395a03208d309c937da6bf\gated_delta_bram.$proc$/Users/toprakgundogdu/qwen-ffn-rom/rtl/gated_delta_bram.v:136$2690'.
No latch inferred for signal `$paramod$9159c8e2e0b7b54d75395a03208d309c937da6bf\gated_delta_bram.\mul_b[15]' from process `$paramod$9159c8e2e0b7b54d75395a03208d309c937da6bf\gated_delta_bram.$proc$/Users/toprakgundogdu/qwen-ffn-rom/rtl/gated_delta_bram.v:129$2681'.
No latch inferred for signal `$paramod$9159c8e2e0b7b54d75395a03208d309c937da6bf\gated_delta_bram.\mul_a[15]' from process `$paramod$9159c8e2e0b7b54d75395a03208d309c937da6bf\gated_delta_bram.$proc$/Users/toprakgundogdu/qwen-ffn-rom/rtl/gated_delta_bram.v:123$2672'.
No latch inferred for signal `$paramod$9159c8e2e0b7b54d75395a03208d309c937da6bf\gated_delta_bram.$mem2reg_rd$\q_r$/Users/toprakgundogdu/qwen-ffn-rom/rtl/gated_delta_bram.v:118$1889_DATA' from process `$paramod$9159c8e2e0b7b54d75395a03208d309c937da6bf\gated_delta_bram.$proc$/Users/toprakgundogdu/qwen-ffn-rom/rtl/gated_delta_bram.v:118$2669'.
No latch inferred for signal `$paramod$9159c8e2e0b7b54d75395a03208d309c937da6bf\gated_delta_bram.$mem2reg_rd$\k_r$/Users/toprakgundogdu/qwen-ffn-rom/rtl/gated_delta_bram.v:117$1888_DATA' from process `$paramod$9159c8e2e0b7b54d75395a03208d309c937da6bf\gated_delta_bram.$proc$/Users/toprakgundogdu/qwen-ffn-rom/rtl/gated_delta_bram.v:117$2666'.
No latch inferred for signal `$paramod$9159c8e2e0b7b54d75395a03208d309c937da6bf\gated_delta_bram.\v_sx[15]' from process `$paramod$9159c8e2e0b7b54d75395a03208d309c937da6bf\gated_delta_bram.$proc$/Users/toprakgundogdu/qwen-ffn-rom/rtl/gated_delta_bram.v:114$2665'.
No latch inferred for signal `$paramod$9159c8e2e0b7b54d75395a03208d309c937da6bf\gated_delta_bram.\s_el[15]' from process `$paramod$9159c8e2e0b7b54d75395a03208d309c937da6bf\gated_delta_bram.$proc$/Users/toprakgundogdu/qwen-ffn-rom/rtl/gated_delta_bram.v:113$2664'.
No latch inferred for signal `$paramod$9159c8e2e0b7b54d75395a03208d309c937da6bf\gated_delta_bram.\rdata[15]' from process `$paramod$9159c8e2e0b7b54d75395a03208d309c937da6bf\gated_delta_bram.$proc$/Users/toprakgundogdu/qwen-ffn-rom/rtl/gated_delta_bram.v:109$2663'.
No latch inferred for signal `$paramod$9159c8e2e0b7b54d75395a03208d309c937da6bf\gated_delta_bram.\decay_w[14]' from process `$paramod$9159c8e2e0b7b54d75395a03208d309c937da6bf\gated_delta_bram.$proc$/Users/toprakgundogdu/qwen-ffn-rom/rtl/gated_delta_bram.v:139$2661'.
No latch inferred for signal `$paramod$9159c8e2e0b7b54d75395a03208d309c937da6bf\gated_delta_bram.\s_sat[14]' from process `$paramod$9159c8e2e0b7b54d75395a03208d309c937da6bf\gated_delta_bram.$proc$/Users/toprakgundogdu/qwen-ffn-rom/rtl/gated_delta_bram.v:136$2656'.
No latch inferred for signal `$paramod$9159c8e2e0b7b54d75395a03208d309c937da6bf\gated_delta_bram.\mul_b[14]' from process `$paramod$9159c8e2e0b7b54d75395a03208d309c937da6bf\gated_delta_bram.$proc$/Users/toprakgundogdu/qwen-ffn-rom/rtl/gated_delta_bram.v:129$2647'.
No latch inferred for signal `$paramod$9159c8e2e0b7b54d75395a03208d309c937da6bf\gated_delta_bram.\mul_a[14]' from process `$paramod$9159c8e2e0b7b54d75395a03208d309c937da6bf\gated_delta_bram.$proc$/Users/toprakgundogdu/qwen-ffn-rom/rtl/gated_delta_bram.v:123$2638'.
No latch inferred for signal `$paramod$9159c8e2e0b7b54d75395a03208d309c937da6bf\gated_delta_bram.$mem2reg_rd$\q_r$/Users/toprakgundogdu/qwen-ffn-rom/rtl/gated_delta_bram.v:118$1887_DATA' from process `$paramod$9159c8e2e0b7b54d75395a03208d309c937da6bf\gated_delta_bram.$proc$/Users/toprakgundogdu/qwen-ffn-rom/rtl/gated_delta_bram.v:118$2635'.
No latch inferred for signal `$paramod$9159c8e2e0b7b54d75395a03208d309c937da6bf\gated_delta_bram.$mem2reg_rd$\k_r$/Users/toprakgundogdu/qwen-ffn-rom/rtl/gated_delta_bram.v:117$1886_DATA' from process `$paramod$9159c8e2e0b7b54d75395a03208d309c937da6bf\gated_delta_bram.$proc$/Users/toprakgundogdu/qwen-ffn-rom/rtl/gated_delta_bram.v:117$2632'.
No latch inferred for signal `$paramod$9159c8e2e0b7b54d75395a03208d309c937da6bf\gated_delta_bram.\v_sx[14]' from process `$paramod$9159c8e2e0b7b54d75395a03208d309c937da6bf\gated_delta_bram.$proc$/Users/toprakgundogdu/qwen-ffn-rom/rtl/gated_delta_bram.v:114$2631'.
No latch inferred for signal `$paramod$9159c8e2e0b7b54d75395a03208d309c937da6bf\gated_delta_bram.\s_el[14]' from process `$paramod$9159c8e2e0b7b54d75395a03208d309c937da6bf\gated_delta_bram.$proc$/Users/toprakgundogdu/qwen-ffn-rom/rtl/gated_delta_bram.v:113$2630'.
No latch inferred for signal `$paramod$9159c8e2e0b7b54d75395a03208d309c937da6bf\gated_delta_bram.\rdata[14]' from process `$paramod$9159c8e2e0b7b54d75395a03208d309c937da6bf\gated_delta_bram.$proc$/Users/toprakgundogdu/qwen-ffn-rom/rtl/gated_delta_bram.v:109$2629'.
No latch inferred for signal `$paramod$9159c8e2e0b7b54d75395a03208d309c937da6bf\gated_delta_bram.\decay_w[13]' from process `$paramod$9159c8e2e0b7b54d75395a03208d309c937da6bf\gated_delta_bram.$proc$/Users/toprakgundogdu/qwen-ffn-rom/rtl/gated_delta_bram.v:139$2627'.
No latch inferred for signal `$paramod$9159c8e2e0b7b54d75395a03208d309c937da6bf\gated_delta_bram.\s_sat[13]' from process `$paramod$9159c8e2e0b7b54d75395a03208d309c937da6bf\gated_delta_bram.$proc$/Users/toprakgundogdu/qwen-ffn-rom/rtl/gated_delta_bram.v:136$2622'.
No latch inferred for signal `$paramod$9159c8e2e0b7b54d75395a03208d309c937da6bf\gated_delta_bram.\mul_b[13]' from process `$paramod$9159c8e2e0b7b54d75395a03208d309c937da6bf\gated_delta_bram.$proc$/Users/toprakgundogdu/qwen-ffn-rom/rtl/gated_delta_bram.v:129$2613'.
No latch inferred for signal `$paramod$9159c8e2e0b7b54d75395a03208d309c937da6bf\gated_delta_bram.\mul_a[13]' from process `$paramod$9159c8e2e0b7b54d75395a03208d309c937da6bf\gated_delta_bram.$proc$/Users/toprakgundogdu/qwen-ffn-rom/rtl/gated_delta_bram.v:123$2604'.
No latch inferred for signal `$paramod$9159c8e2e0b7b54d75395a03208d309c937da6bf\gated_delta_bram.$mem2reg_rd$\q_r$/Users/toprakgundogdu/qwen-ffn-rom/rtl/gated_delta_bram.v:118$1885_DATA' from process `$paramod$9159c8e2e0b7b54d75395a03208d309c937da6bf\gated_delta_bram.$proc$/Users/toprakgundogdu/qwen-ffn-rom/rtl/gated_delta_bram.v:118$2601'.
No latch inferred for signal `$paramod$9159c8e2e0b7b54d75395a03208d309c937da6bf\gated_delta_bram.$mem2reg_rd$\k_r$/Users/toprakgundogdu/qwen-ffn-rom/rtl/gated_delta_bram.v:117$1884_DATA' from process `$paramod$9159c8e2e0b7b54d75395a03208d309c937da6bf\gated_delta_bram.$proc$/Users/toprakgundogdu/qwen-ffn-rom/rtl/gated_delta_bram.v:117$2598'.
No latch inferred for signal `$paramod$9159c8e2e0b7b54d75395a03208d309c937da6bf\gated_delta_bram.\v_sx[13]' from process `$paramod$9159c8e2e0b7b54d75395a03208d309c937da6bf\gated_delta_bram.$proc$/Users/toprakgundogdu/qwen-ffn-rom/rtl/gated_delta_bram.v:114$2597'.
No latch inferred for signal `$paramod$9159c8e2e0b7b54d75395a03208d309c937da6bf\gated_delta_bram.\s_el[13]' from process `$paramod$9159c8e2e0b7b54d75395a03208d309c937da6bf\gated_delta_bram.$proc$/Users/toprakgundogdu/qwen-ffn-rom/rtl/gated_delta_bram.v:113$2596'.
No latch inferred for signal `$paramod$9159c8e2e0b7b54d75395a03208d309c937da6bf\gated_delta_bram.\rdata[13]' from process `$paramod$9159c8e2e0b7b54d75395a03208d309c937da6bf\gated_delta_bram.$proc$/Users/toprakgundogdu/qwen-ffn-rom/rtl/gated_delta_bram.v:109$2595'.
No latch inferred for signal `$paramod$9159c8e2e0b7b54d75395a03208d309c937da6bf\gated_delta_bram.\decay_w[12]' from process `$paramod$9159c8e2e0b7b54d75395a03208d309c937da6bf\gated_delta_bram.$proc$/Users/toprakgundogdu/qwen-ffn-rom/rtl/gated_delta_bram.v:139$2593'.
No latch inferred for signal `$paramod$9159c8e2e0b7b54d75395a03208d309c937da6bf\gated_delta_bram.\s_sat[12]' from process `$paramod$9159c8e2e0b7b54d75395a03208d309c937da6bf\gated_delta_bram.$proc$/Users/toprakgundogdu/qwen-ffn-rom/rtl/gated_delta_bram.v:136$2588'.
No latch inferred for signal `$paramod$9159c8e2e0b7b54d75395a03208d309c937da6bf\gated_delta_bram.\mul_b[12]' from process `$paramod$9159c8e2e0b7b54d75395a03208d309c937da6bf\gated_delta_bram.$proc$/Users/toprakgundogdu/qwen-ffn-rom/rtl/gated_delta_bram.v:129$2579'.
No latch inferred for signal `$paramod$9159c8e2e0b7b54d75395a03208d309c937da6bf\gated_delta_bram.\mul_a[12]' from process `$paramod$9159c8e2e0b7b54d75395a03208d309c937da6bf\gated_delta_bram.$proc$/Users/toprakgundogdu/qwen-ffn-rom/rtl/gated_delta_bram.v:123$2570'.
No latch inferred for signal `$paramod$9159c8e2e0b7b54d75395a03208d309c937da6bf\gated_delta_bram.$mem2reg_rd$\q_r$/Users/toprakgundogdu/qwen-ffn-rom/rtl/gated_delta_bram.v:118$1883_DATA' from process `$paramod$9159c8e2e0b7b54d75395a03208d309c937da6bf\gated_delta_bram.$proc$/Users/toprakgundogdu/qwen-ffn-rom/rtl/gated_delta_bram.v:118$2567'.
No latch inferred for signal `$paramod$9159c8e2e0b7b54d75395a03208d309c937da6bf\gated_delta_bram.$mem2reg_rd$\k_r$/Users/toprakgundogdu/qwen-ffn-rom/rtl/gated_delta_bram.v:117$1882_DATA' from process `$paramod$9159c8e2e0b7b54d75395a03208d309c937da6bf\gated_delta_bram.$proc$/Users/toprakgundogdu/qwen-ffn-rom/rtl/gated_delta_bram.v:117$2564'.
No latch inferred for signal `$paramod$9159c8e2e0b7b54d75395a03208d309c937da6bf\gated_delta_bram.\v_sx[12]' from process `$paramod$9159c8e2e0b7b54d75395a03208d309c937da6bf\gated_delta_bram.$proc$/Users/toprakgundogdu/qwen-ffn-rom/rtl/gated_delta_bram.v:114$2563'.
No latch inferred for signal `$paramod$9159c8e2e0b7b54d75395a03208d309c937da6bf\gated_delta_bram.\s_el[12]' from process `$paramod$9159c8e2e0b7b54d75395a03208d309c937da6bf\gated_delta_bram.$proc$/Users/toprakgundogdu/qwen-ffn-rom/rtl/gated_delta_bram.v:113$2562'.
No latch inferred for signal `$paramod$9159c8e2e0b7b54d75395a03208d309c937da6bf\gated_delta_bram.\rdata[12]' from process `$paramod$9159c8e2e0b7b54d75395a03208d309c937da6bf\gated_delta_bram.$proc$/Users/toprakgundogdu/qwen-ffn-rom/rtl/gated_delta_bram.v:109$2561'.
No latch inferred for signal `$paramod$9159c8e2e0b7b54d75395a03208d309c937da6bf\gated_delta_bram.\decay_w[11]' from process `$paramod$9159c8e2e0b7b54d75395a03208d309c937da6bf\gated_delta_bram.$proc$/Users/toprakgundogdu/qwen-ffn-rom/rtl/gated_delta_bram.v:139$2559'.
No latch inferred for signal `$paramod$9159c8e2e0b7b54d75395a03208d309c937da6bf\gated_delta_bram.\s_sat[11]' from process `$paramod$9159c8e2e0b7b54d75395a03208d309c937da6bf\gated_delta_bram.$proc$/Users/toprakgundogdu/qwen-ffn-rom/rtl/gated_delta_bram.v:136$2554'.
No latch inferred for signal `$paramod$9159c8e2e0b7b54d75395a03208d309c937da6bf\gated_delta_bram.\mul_b[11]' from process `$paramod$9159c8e2e0b7b54d75395a03208d309c937da6bf\gated_delta_bram.$proc$/Users/toprakgundogdu/qwen-ffn-rom/rtl/gated_delta_bram.v:129$2545'.
No latch inferred for signal `$paramod$9159c8e2e0b7b54d75395a03208d309c937da6bf\gated_delta_bram.\mul_a[11]' from process `$paramod$9159c8e2e0b7b54d75395a03208d309c937da6bf\gated_delta_bram.$proc$/Users/toprakgundogdu/qwen-ffn-rom/rtl/gated_delta_bram.v:123$2536'.
No latch inferred for signal `$paramod$9159c8e2e0b7b54d75395a03208d309c937da6bf\gated_delta_bram.$mem2reg_rd$\q_r$/Users/toprakgundogdu/qwen-ffn-rom/rtl/gated_delta_bram.v:118$1881_DATA' from process `$paramod$9159c8e2e0b7b54d75395a03208d309c937da6bf\gated_delta_bram.$proc$/Users/toprakgundogdu/qwen-ffn-rom/rtl/gated_delta_bram.v:118$2533'.
No latch inferred for signal `$paramod$9159c8e2e0b7b54d75395a03208d309c937da6bf\gated_delta_bram.$mem2reg_rd$\k_r$/Users/toprakgundogdu/qwen-ffn-rom/rtl/gated_delta_bram.v:117$1880_DATA' from process `$paramod$9159c8e2e0b7b54d75395a03208d309c937da6bf\gated_delta_bram.$proc$/Users/toprakgundogdu/qwen-ffn-rom/rtl/gated_delta_bram.v:117$2530'.
No latch inferred for signal `$paramod$9159c8e2e0b7b54d75395a03208d309c937da6bf\gated_delta_bram.\v_sx[11]' from process `$paramod$9159c8e2e0b7b54d75395a03208d309c937da6bf\gated_delta_bram.$proc$/Users/toprakgundogdu/qwen-ffn-rom/rtl/gated_delta_bram.v:114$2529'.
No latch inferred for signal `$paramod$9159c8e2e0b7b54d75395a03208d309c937da6bf\gated_delta_bram.\s_el[11]' from process `$paramod$9159c8e2e0b7b54d75395a03208d309c937da6bf\gated_delta_bram.$proc$/Users/toprakgundogdu/qwen-ffn-rom/rtl/gated_delta_bram.v:113$2528'.
No latch inferred for signal `$paramod$9159c8e2e0b7b54d75395a03208d309c937da6bf\gated_delta_bram.\rdata[11]' from process `$paramod$9159c8e2e0b7b54d75395a03208d309c937da6bf\gated_delta_bram.$proc$/Users/toprakgundogdu/qwen-ffn-rom/rtl/gated_delta_bram.v:109$2527'.
No latch inferred for signal `$paramod$9159c8e2e0b7b54d75395a03208d309c937da6bf\gated_delta_bram.\decay_w[10]' from process `$paramod$9159c8e2e0b7b54d75395a03208d309c937da6bf\gated_delta_bram.$proc$/Users/toprakgundogdu/qwen-ffn-rom/rtl/gated_delta_bram.v:139$2525'.
No latch inferred for signal `$paramod$9159c8e2e0b7b54d75395a03208d309c937da6bf\gated_delta_bram.\s_sat[10]' from process `$paramod$9159c8e2e0b7b54d75395a03208d309c937da6bf\gated_delta_bram.$proc$/Users/toprakgundogdu/qwen-ffn-rom/rtl/gated_delta_bram.v:136$2520'.
No latch inferred for signal `$paramod$9159c8e2e0b7b54d75395a03208d309c937da6bf\gated_delta_bram.\mul_b[10]' from process `$paramod$9159c8e2e0b7b54d75395a03208d309c937da6bf\gated_delta_bram.$proc$/Users/toprakgundogdu/qwen-ffn-rom/rtl/gated_delta_bram.v:129$2511'.
No latch inferred for signal `$paramod$9159c8e2e0b7b54d75395a03208d309c937da6bf\gated_delta_bram.\mul_a[10]' from process `$paramod$9159c8e2e0b7b54d75395a03208d309c937da6bf\gated_delta_bram.$proc$/Users/toprakgundogdu/qwen-ffn-rom/rtl/gated_delta_bram.v:123$2502'.
No latch inferred for signal `$paramod$9159c8e2e0b7b54d75395a03208d309c937da6bf\gated_delta_bram.$mem2reg_rd$\q_r$/Users/toprakgundogdu/qwen-ffn-rom/rtl/gated_delta_bram.v:118$1879_DATA' from process `$paramod$9159c8e2e0b7b54d75395a03208d309c937da6bf\gated_delta_bram.$proc$/Users/toprakgundogdu/qwen-ffn-rom/rtl/gated_delta_bram.v:118$2499'.
No latch inferred for signal `$paramod$9159c8e2e0b7b54d75395a03208d309c937da6bf\gated_delta_bram.$mem2reg_rd$\k_r$/Users/toprakgundogdu/qwen-ffn-rom/rtl/gated_delta_bram.v:117$1878_DATA' from process `$paramod$9159c8e2e0b7b54d75395a03208d309c937da6bf\gated_delta_bram.$proc$/Users/toprakgundogdu/qwen-ffn-rom/rtl/gated_delta_bram.v:117$2496'.
No latch inferred for signal `$paramod$9159c8e2e0b7b54d75395a03208d309c937da6bf\gated_delta_bram.\v_sx[10]' from process `$paramod$9159c8e2e0b7b54d75395a03208d309c937da6bf\gated_delta_bram.$proc$/Users/toprakgundogdu/qwen-ffn-rom/rtl/gated_delta_bram.v:114$2495'.
No latch inferred for signal `$paramod$9159c8e2e0b7b54d75395a03208d309c937da6bf\gated_delta_bram.\s_el[10]' from process `$paramod$9159c8e2e0b7b54d75395a03208d309c937da6bf\gated_delta_bram.$proc$/Users/toprakgundogdu/qwen-ffn-rom/rtl/gated_delta_bram.v:113$2494'.
No latch inferred for signal `$paramod$9159c8e2e0b7b54d75395a03208d309c937da6bf\gated_delta_bram.\rdata[10]' from process `$paramod$9159c8e2e0b7b54d75395a03208d309c937da6bf\gated_delta_bram.$proc$/Users/toprakgundogdu/qwen-ffn-rom/rtl/gated_delta_bram.v:109$2493'.
No latch inferred for signal `$paramod$9159c8e2e0b7b54d75395a03208d309c937da6bf\gated_delta_bram.\decay_w[9]' from process `$paramod$9159c8e2e0b7b54d75395a03208d309c937da6bf\gated_delta_bram.$proc$/Users/toprakgundogdu/qwen-ffn-rom/rtl/gated_delta_bram.v:139$2491'.
No latch inferred for signal `$paramod$9159c8e2e0b7b54d75395a03208d309c937da6bf\gated_delta_bram.\s_sat[9]' from process `$paramod$9159c8e2e0b7b54d75395a03208d309c937da6bf\gated_delta_bram.$proc$/Users/toprakgundogdu/qwen-ffn-rom/rtl/gated_delta_bram.v:136$2486'.
No latch inferred for signal `$paramod$9159c8e2e0b7b54d75395a03208d309c937da6bf\gated_delta_bram.\mul_b[9]' from process `$paramod$9159c8e2e0b7b54d75395a03208d309c937da6bf\gated_delta_bram.$proc$/Users/toprakgundogdu/qwen-ffn-rom/rtl/gated_delta_bram.v:129$2477'.
No latch inferred for signal `$paramod$9159c8e2e0b7b54d75395a03208d309c937da6bf\gated_delta_bram.\mul_a[9]' from process `$paramod$9159c8e2e0b7b54d75395a03208d309c937da6bf\gated_delta_bram.$proc$/Users/toprakgundogdu/qwen-ffn-rom/rtl/gated_delta_bram.v:123$2468'.
No latch inferred for signal `$paramod$9159c8e2e0b7b54d75395a03208d309c937da6bf\gated_delta_bram.$mem2reg_rd$\q_r$/Users/toprakgundogdu/qwen-ffn-rom/rtl/gated_delta_bram.v:118$1877_DATA' from process `$paramod$9159c8e2e0b7b54d75395a03208d309c937da6bf\gated_delta_bram.$proc$/Users/toprakgundogdu/qwen-ffn-rom/rtl/gated_delta_bram.v:118$2465'.
No latch inferred for signal `$paramod$9159c8e2e0b7b54d75395a03208d309c937da6bf\gated_delta_bram.$mem2reg_rd$\k_r$/Users/toprakgundogdu/qwen-ffn-rom/rtl/gated_delta_bram.v:117$1876_DATA' from process `$paramod$9159c8e2e0b7b54d75395a03208d309c937da6bf\gated_delta_bram.$proc$/Users/toprakgundogdu/qwen-ffn-rom/rtl/gated_delta_bram.v:117$2462'.
No latch inferred for signal `$paramod$9159c8e2e0b7b54d75395a03208d309c937da6bf\gated_delta_bram.\v_sx[9]' from process `$paramod$9159c8e2e0b7b54d75395a03208d309c937da6bf\gated_delta_bram.$proc$/Users/toprakgundogdu/qwen-ffn-rom/rtl/gated_delta_bram.v:114$2461'.
No latch inferred for signal `$paramod$9159c8e2e0b7b54d75395a03208d309c937da6bf\gated_delta_bram.\s_el[9]' from process `$paramod$9159c8e2e0b7b54d75395a03208d309c937da6bf\gated_delta_bram.$proc$/Users/toprakgundogdu/qwen-ffn-rom/rtl/gated_delta_bram.v:113$2460'.
No latch inferred for signal `$paramod$9159c8e2e0b7b54d75395a03208d309c937da6bf\gated_delta_bram.\rdata[9]' from process `$paramod$9159c8e2e0b7b54d75395a03208d309c937da6bf\gated_delta_bram.$proc$/Users/toprakgundogdu/qwen-ffn-rom/rtl/gated_delta_bram.v:109$2459'.
No latch inferred for signal `$paramod$9159c8e2e0b7b54d75395a03208d309c937da6bf\gated_delta_bram.\decay_w[8]' from process `$paramod$9159c8e2e0b7b54d75395a03208d309c937da6bf\gated_delta_bram.$proc$/Users/toprakgundogdu/qwen-ffn-rom/rtl/gated_delta_bram.v:139$2457'.
No latch inferred for signal `$paramod$9159c8e2e0b7b54d75395a03208d309c937da6bf\gated_delta_bram.\s_sat[8]' from process `$paramod$9159c8e2e0b7b54d75395a03208d309c937da6bf\gated_delta_bram.$proc$/Users/toprakgundogdu/qwen-ffn-rom/rtl/gated_delta_bram.v:136$2452'.
No latch inferred for signal `$paramod$9159c8e2e0b7b54d75395a03208d309c937da6bf\gated_delta_bram.\mul_b[8]' from process `$paramod$9159c8e2e0b7b54d75395a03208d309c937da6bf\gated_delta_bram.$proc$/Users/toprakgundogdu/qwen-ffn-rom/rtl/gated_delta_bram.v:129$2443'.
No latch inferred for signal `$paramod$9159c8e2e0b7b54d75395a03208d309c937da6bf\gated_delta_bram.\mul_a[8]' from process `$paramod$9159c8e2e0b7b54d75395a03208d309c937da6bf\gated_delta_bram.$proc$/Users/toprakgundogdu/qwen-ffn-rom/rtl/gated_delta_bram.v:123$2434'.
No latch inferred for signal `$paramod$9159c8e2e0b7b54d75395a03208d309c937da6bf\gated_delta_bram.$mem2reg_rd$\q_r$/Users/toprakgundogdu/qwen-ffn-rom/rtl/gated_delta_bram.v:118$1875_DATA' from process `$paramod$9159c8e2e0b7b54d75395a03208d309c937da6bf\gated_delta_bram.$proc$/Users/toprakgundogdu/qwen-ffn-rom/rtl/gated_delta_bram.v:118$2431'.
No latch inferred for signal `$paramod$9159c8e2e0b7b54d75395a03208d309c937da6bf\gated_delta_bram.$mem2reg_rd$\k_r$/Users/toprakgundogdu/qwen-ffn-rom/rtl/gated_delta_bram.v:117$1874_DATA' from process `$paramod$9159c8e2e0b7b54d75395a03208d309c937da6bf\gated_delta_bram.$proc$/Users/toprakgundogdu/qwen-ffn-rom/rtl/gated_delta_bram.v:117$2428'.
No latch inferred for signal `$paramod$9159c8e2e0b7b54d75395a03208d309c937da6bf\gated_delta_bram.\v_sx[8]' from process `$paramod$9159c8e2e0b7b54d75395a03208d309c937da6bf\gated_delta_bram.$proc$/Users/toprakgundogdu/qwen-ffn-rom/rtl/gated_delta_bram.v:114$2427'.
No latch inferred for signal `$paramod$9159c8e2e0b7b54d75395a03208d309c937da6bf\gated_delta_bram.\s_el[8]' from process `$paramod$9159c8e2e0b7b54d75395a03208d309c937da6bf\gated_delta_bram.$proc$/Users/toprakgundogdu/qwen-ffn-rom/rtl/gated_delta_bram.v:113$2426'.
No latch inferred for signal `$paramod$9159c8e2e0b7b54d75395a03208d309c937da6bf\gated_delta_bram.\rdata[8]' from process `$paramod$9159c8e2e0b7b54d75395a03208d309c937da6bf\gated_delta_bram.$proc$/Users/toprakgundogdu/qwen-ffn-rom/rtl/gated_delta_bram.v:109$2425'.
No latch inferred for signal `$paramod$9159c8e2e0b7b54d75395a03208d309c937da6bf\gated_delta_bram.\decay_w[7]' from process `$paramod$9159c8e2e0b7b54d75395a03208d309c937da6bf\gated_delta_bram.$proc$/Users/toprakgundogdu/qwen-ffn-rom/rtl/gated_delta_bram.v:139$2423'.
No latch inferred for signal `$paramod$9159c8e2e0b7b54d75395a03208d309c937da6bf\gated_delta_bram.\s_sat[7]' from process `$paramod$9159c8e2e0b7b54d75395a03208d309c937da6bf\gated_delta_bram.$proc$/Users/toprakgundogdu/qwen-ffn-rom/rtl/gated_delta_bram.v:136$2418'.
No latch inferred for signal `$paramod$9159c8e2e0b7b54d75395a03208d309c937da6bf\gated_delta_bram.\mul_b[7]' from process `$paramod$9159c8e2e0b7b54d75395a03208d309c937da6bf\gated_delta_bram.$proc$/Users/toprakgundogdu/qwen-ffn-rom/rtl/gated_delta_bram.v:129$2409'.
No latch inferred for signal `$paramod$9159c8e2e0b7b54d75395a03208d309c937da6bf\gated_delta_bram.\mul_a[7]' from process `$paramod$9159c8e2e0b7b54d75395a03208d309c937da6bf\gated_delta_bram.$proc$/Users/toprakgundogdu/qwen-ffn-rom/rtl/gated_delta_bram.v:123$2400'.
No latch inferred for signal `$paramod$9159c8e2e0b7b54d75395a03208d309c937da6bf\gated_delta_bram.$mem2reg_rd$\q_r$/Users/toprakgundogdu/qwen-ffn-rom/rtl/gated_delta_bram.v:118$1873_DATA' from process `$paramod$9159c8e2e0b7b54d75395a03208d309c937da6bf\gated_delta_bram.$proc$/Users/toprakgundogdu/qwen-ffn-rom/rtl/gated_delta_bram.v:118$2397'.
No latch inferred for signal `$paramod$9159c8e2e0b7b54d75395a03208d309c937da6bf\gated_delta_bram.$mem2reg_rd$\k_r$/Users/toprakgundogdu/qwen-ffn-rom/rtl/gated_delta_bram.v:117$1872_DATA' from process `$paramod$9159c8e2e0b7b54d75395a03208d309c937da6bf\gated_delta_bram.$proc$/Users/toprakgundogdu/qwen-ffn-rom/rtl/gated_delta_bram.v:117$2394'.
No latch inferred for signal `$paramod$9159c8e2e0b7b54d75395a03208d309c937da6bf\gated_delta_bram.\v_sx[7]' from process `$paramod$9159c8e2e0b7b54d75395a03208d309c937da6bf\gated_delta_bram.$proc$/Users/toprakgundogdu/qwen-ffn-rom/rtl/gated_delta_bram.v:114$2393'.
No latch inferred for signal `$paramod$9159c8e2e0b7b54d75395a03208d309c937da6bf\gated_delta_bram.\s_el[7]' from process `$paramod$9159c8e2e0b7b54d75395a03208d309c937da6bf\gated_delta_bram.$proc$/Users/toprakgundogdu/qwen-ffn-rom/rtl/gated_delta_bram.v:113$2392'.
No latch inferred for signal `$paramod$9159c8e2e0b7b54d75395a03208d309c937da6bf\gated_delta_bram.\rdata[7]' from process `$paramod$9159c8e2e0b7b54d75395a03208d309c937da6bf\gated_delta_bram.$proc$/Users/toprakgundogdu/qwen-ffn-rom/rtl/gated_delta_bram.v:109$2391'.
No latch inferred for signal `$paramod$9159c8e2e0b7b54d75395a03208d309c937da6bf\gated_delta_bram.\decay_w[6]' from process `$paramod$9159c8e2e0b7b54d75395a03208d309c937da6bf\gated_delta_bram.$proc$/Users/toprakgundogdu/qwen-ffn-rom/rtl/gated_delta_bram.v:139$2389'.
No latch inferred for signal `$paramod$9159c8e2e0b7b54d75395a03208d309c937da6bf\gated_delta_bram.\s_sat[6]' from process `$paramod$9159c8e2e0b7b54d75395a03208d309c937da6bf\gated_delta_bram.$proc$/Users/toprakgundogdu/qwen-ffn-rom/rtl/gated_delta_bram.v:136$2384'.
No latch inferred for signal `$paramod$9159c8e2e0b7b54d75395a03208d309c937da6bf\gated_delta_bram.\mul_b[6]' from process `$paramod$9159c8e2e0b7b54d75395a03208d309c937da6bf\gated_delta_bram.$proc$/Users/toprakgundogdu/qwen-ffn-rom/rtl/gated_delta_bram.v:129$2375'.
No latch inferred for signal `$paramod$9159c8e2e0b7b54d75395a03208d309c937da6bf\gated_delta_bram.\mul_a[6]' from process `$paramod$9159c8e2e0b7b54d75395a03208d309c937da6bf\gated_delta_bram.$proc$/Users/toprakgundogdu/qwen-ffn-rom/rtl/gated_delta_bram.v:123$2366'.
No latch inferred for signal `$paramod$9159c8e2e0b7b54d75395a03208d309c937da6bf\gated_delta_bram.$mem2reg_rd$\q_r$/Users/toprakgundogdu/qwen-ffn-rom/rtl/gated_delta_bram.v:118$1871_DATA' from process `$paramod$9159c8e2e0b7b54d75395a03208d309c937da6bf\gated_delta_bram.$proc$/Users/toprakgundogdu/qwen-ffn-rom/rtl/gated_delta_bram.v:118$2363'.
No latch inferred for signal `$paramod$9159c8e2e0b7b54d75395a03208d309c937da6bf\gated_delta_bram.$mem2reg_rd$\k_r$/Users/toprakgundogdu/qwen-ffn-rom/rtl/gated_delta_bram.v:117$1870_DATA' from process `$paramod$9159c8e2e0b7b54d75395a03208d309c937da6bf\gated_delta_bram.$proc$/Users/toprakgundogdu/qwen-ffn-rom/rtl/gated_delta_bram.v:117$2360'.
No latch inferred for signal `$paramod$9159c8e2e0b7b54d75395a03208d309c937da6bf\gated_delta_bram.\v_sx[6]' from process `$paramod$9159c8e2e0b7b54d75395a03208d309c937da6bf\gated_delta_bram.$proc$/Users/toprakgundogdu/qwen-ffn-rom/rtl/gated_delta_bram.v:114$2359'.
No latch inferred for signal `$paramod$9159c8e2e0b7b54d75395a03208d309c937da6bf\gated_delta_bram.\s_el[6]' from process `$paramod$9159c8e2e0b7b54d75395a03208d309c937da6bf\gated_delta_bram.$proc$/Users/toprakgundogdu/qwen-ffn-rom/rtl/gated_delta_bram.v:113$2358'.
No latch inferred for signal `$paramod$9159c8e2e0b7b54d75395a03208d309c937da6bf\gated_delta_bram.\rdata[6]' from process `$paramod$9159c8e2e0b7b54d75395a03208d309c937da6bf\gated_delta_bram.$proc$/Users/toprakgundogdu/qwen-ffn-rom/rtl/gated_delta_bram.v:109$2357'.
No latch inferred for signal `$paramod$9159c8e2e0b7b54d75395a03208d309c937da6bf\gated_delta_bram.\decay_w[5]' from process `$paramod$9159c8e2e0b7b54d75395a03208d309c937da6bf\gated_delta_bram.$proc$/Users/toprakgundogdu/qwen-ffn-rom/rtl/gated_delta_bram.v:139$2355'.
No latch inferred for signal `$paramod$9159c8e2e0b7b54d75395a03208d309c937da6bf\gated_delta_bram.\s_sat[5]' from process `$paramod$9159c8e2e0b7b54d75395a03208d309c937da6bf\gated_delta_bram.$proc$/Users/toprakgundogdu/qwen-ffn-rom/rtl/gated_delta_bram.v:136$2350'.
No latch inferred for signal `$paramod$9159c8e2e0b7b54d75395a03208d309c937da6bf\gated_delta_bram.\mul_b[5]' from process `$paramod$9159c8e2e0b7b54d75395a03208d309c937da6bf\gated_delta_bram.$proc$/Users/toprakgundogdu/qwen-ffn-rom/rtl/gated_delta_bram.v:129$2341'.
No latch inferred for signal `$paramod$9159c8e2e0b7b54d75395a03208d309c937da6bf\gated_delta_bram.\mul_a[5]' from process `$paramod$9159c8e2e0b7b54d75395a03208d309c937da6bf\gated_delta_bram.$proc$/Users/toprakgundogdu/qwen-ffn-rom/rtl/gated_delta_bram.v:123$2332'.
No latch inferred for signal `$paramod$9159c8e2e0b7b54d75395a03208d309c937da6bf\gated_delta_bram.$mem2reg_rd$\q_r$/Users/toprakgundogdu/qwen-ffn-rom/rtl/gated_delta_bram.v:118$1869_DATA' from process `$paramod$9159c8e2e0b7b54d75395a03208d309c937da6bf\gated_delta_bram.$proc$/Users/toprakgundogdu/qwen-ffn-rom/rtl/gated_delta_bram.v:118$2329'.
No latch inferred for signal `$paramod$9159c8e2e0b7b54d75395a03208d309c937da6bf\gated_delta_bram.$mem2reg_rd$\k_r$/Users/toprakgundogdu/qwen-ffn-rom/rtl/gated_delta_bram.v:117$1868_DATA' from process `$paramod$9159c8e2e0b7b54d75395a03208d309c937da6bf\gated_delta_bram.$proc$/Users/toprakgundogdu/qwen-ffn-rom/rtl/gated_delta_bram.v:117$2326'.
No latch inferred for signal `$paramod$9159c8e2e0b7b54d75395a03208d309c937da6bf\gated_delta_bram.\v_sx[5]' from process `$paramod$9159c8e2e0b7b54d75395a03208d309c937da6bf\gated_delta_bram.$proc$/Users/toprakgundogdu/qwen-ffn-rom/rtl/gated_delta_bram.v:114$2325'.
No latch inferred for signal `$paramod$9159c8e2e0b7b54d75395a03208d309c937da6bf\gated_delta_bram.\s_el[5]' from process `$paramod$9159c8e2e0b7b54d75395a03208d309c937da6bf\gated_delta_bram.$proc$/Users/toprakgundogdu/qwen-ffn-rom/rtl/gated_delta_bram.v:113$2324'.
No latch inferred for signal `$paramod$9159c8e2e0b7b54d75395a03208d309c937da6bf\gated_delta_bram.\rdata[5]' from process `$paramod$9159c8e2e0b7b54d75395a03208d309c937da6bf\gated_delta_bram.$proc$/Users/toprakgundogdu/qwen-ffn-rom/rtl/gated_delta_bram.v:109$2323'.
No latch inferred for signal `$paramod$9159c8e2e0b7b54d75395a03208d309c937da6bf\gated_delta_bram.\decay_w[4]' from process `$paramod$9159c8e2e0b7b54d75395a03208d309c937da6bf\gated_delta_bram.$proc$/Users/toprakgundogdu/qwen-ffn-rom/rtl/gated_delta_bram.v:139$2321'.
No latch inferred for signal `$paramod$9159c8e2e0b7b54d75395a03208d309c937da6bf\gated_delta_bram.\s_sat[4]' from process `$paramod$9159c8e2e0b7b54d75395a03208d309c937da6bf\gated_delta_bram.$proc$/Users/toprakgundogdu/qwen-ffn-rom/rtl/gated_delta_bram.v:136$2316'.
No latch inferred for signal `$paramod$9159c8e2e0b7b54d75395a03208d309c937da6bf\gated_delta_bram.\mul_b[4]' from process `$paramod$9159c8e2e0b7b54d75395a03208d309c937da6bf\gated_delta_bram.$proc$/Users/toprakgundogdu/qwen-ffn-rom/rtl/gated_delta_bram.v:129$2307'.
No latch inferred for signal `$paramod$9159c8e2e0b7b54d75395a03208d309c937da6bf\gated_delta_bram.\mul_a[4]' from process `$paramod$9159c8e2e0b7b54d75395a03208d309c937da6bf\gated_delta_bram.$proc$/Users/toprakgundogdu/qwen-ffn-rom/rtl/gated_delta_bram.v:123$2298'.
No latch inferred for signal `$paramod$9159c8e2e0b7b54d75395a03208d309c937da6bf\gated_delta_bram.$mem2reg_rd$\q_r$/Users/toprakgundogdu/qwen-ffn-rom/rtl/gated_delta_bram.v:118$1867_DATA' from process `$paramod$9159c8e2e0b7b54d75395a03208d309c937da6bf\gated_delta_bram.$proc$/Users/toprakgundogdu/qwen-ffn-rom/rtl/gated_delta_bram.v:118$2295'.
No latch inferred for signal `$paramod$9159c8e2e0b7b54d75395a03208d309c937da6bf\gated_delta_bram.$mem2reg_rd$\k_r$/Users/toprakgundogdu/qwen-ffn-rom/rtl/gated_delta_bram.v:117$1866_DATA' from process `$paramod$9159c8e2e0b7b54d75395a03208d309c937da6bf\gated_delta_bram.$proc$/Users/toprakgundogdu/qwen-ffn-rom/rtl/gated_delta_bram.v:117$2292'.
No latch inferred for signal `$paramod$9159c8e2e0b7b54d75395a03208d309c937da6bf\gated_delta_bram.\v_sx[4]' from process `$paramod$9159c8e2e0b7b54d75395a03208d309c937da6bf\gated_delta_bram.$proc$/Users/toprakgundogdu/qwen-ffn-rom/rtl/gated_delta_bram.v:114$2291'.
No latch inferred for signal `$paramod$9159c8e2e0b7b54d75395a03208d309c937da6bf\gated_delta_bram.\s_el[4]' from process `$paramod$9159c8e2e0b7b54d75395a03208d309c937da6bf\gated_delta_bram.$proc$/Users/toprakgundogdu/qwen-ffn-rom/rtl/gated_delta_bram.v:113$2290'.
No latch inferred for signal `$paramod$9159c8e2e0b7b54d75395a03208d309c937da6bf\gated_delta_bram.\rdata[4]' from process `$paramod$9159c8e2e0b7b54d75395a03208d309c937da6bf\gated_delta_bram.$proc$/Users/toprakgundogdu/qwen-ffn-rom/rtl/gated_delta_bram.v:109$2289'.
No latch inferred for signal `$paramod$9159c8e2e0b7b54d75395a03208d309c937da6bf\gated_delta_bram.\decay_w[3]' from process `$paramod$9159c8e2e0b7b54d75395a03208d309c937da6bf\gated_delta_bram.$proc$/Users/toprakgundogdu/qwen-ffn-rom/rtl/gated_delta_bram.v:139$2287'.
No latch inferred for signal `$paramod$9159c8e2e0b7b54d75395a03208d309c937da6bf\gated_delta_bram.\s_sat[3]' from process `$paramod$9159c8e2e0b7b54d75395a03208d309c937da6bf\gated_delta_bram.$proc$/Users/toprakgundogdu/qwen-ffn-rom/rtl/gated_delta_bram.v:136$2282'.
No latch inferred for signal `$paramod$9159c8e2e0b7b54d75395a03208d309c937da6bf\gated_delta_bram.\mul_b[3]' from process `$paramod$9159c8e2e0b7b54d75395a03208d309c937da6bf\gated_delta_bram.$proc$/Users/toprakgundogdu/qwen-ffn-rom/rtl/gated_delta_bram.v:129$2273'.
No latch inferred for signal `$paramod$9159c8e2e0b7b54d75395a03208d309c937da6bf\gated_delta_bram.\mul_a[3]' from process `$paramod$9159c8e2e0b7b54d75395a03208d309c937da6bf\gated_delta_bram.$proc$/Users/toprakgundogdu/qwen-ffn-rom/rtl/gated_delta_bram.v:123$2264'.
No latch inferred for signal `$paramod$9159c8e2e0b7b54d75395a03208d309c937da6bf\gated_delta_bram.$mem2reg_rd$\q_r$/Users/toprakgundogdu/qwen-ffn-rom/rtl/gated_delta_bram.v:118$1865_DATA' from process `$paramod$9159c8e2e0b7b54d75395a03208d309c937da6bf\gated_delta_bram.$proc$/Users/toprakgundogdu/qwen-ffn-rom/rtl/gated_delta_bram.v:118$2261'.
No latch inferred for signal `$paramod$9159c8e2e0b7b54d75395a03208d309c937da6bf\gated_delta_bram.$mem2reg_rd$\k_r$/Users/toprakgundogdu/qwen-ffn-rom/rtl/gated_delta_bram.v:117$1864_DATA' from process `$paramod$9159c8e2e0b7b54d75395a03208d309c937da6bf\gated_delta_bram.$proc$/Users/toprakgundogdu/qwen-ffn-rom/rtl/gated_delta_bram.v:117$2258'.
No latch inferred for signal `$paramod$9159c8e2e0b7b54d75395a03208d309c937da6bf\gated_delta_bram.\v_sx[3]' from process `$paramod$9159c8e2e0b7b54d75395a03208d309c937da6bf\gated_delta_bram.$proc$/Users/toprakgundogdu/qwen-ffn-rom/rtl/gated_delta_bram.v:114$2257'.
No latch inferred for signal `$paramod$9159c8e2e0b7b54d75395a03208d309c937da6bf\gated_delta_bram.\s_el[3]' from process `$paramod$9159c8e2e0b7b54d75395a03208d309c937da6bf\gated_delta_bram.$proc$/Users/toprakgundogdu/qwen-ffn-rom/rtl/gated_delta_bram.v:113$2256'.
No latch inferred for signal `$paramod$9159c8e2e0b7b54d75395a03208d309c937da6bf\gated_delta_bram.\rdata[3]' from process `$paramod$9159c8e2e0b7b54d75395a03208d309c937da6bf\gated_delta_bram.$proc$/Users/toprakgundogdu/qwen-ffn-rom/rtl/gated_delta_bram.v:109$2255'.
No latch inferred for signal `$paramod$9159c8e2e0b7b54d75395a03208d309c937da6bf\gated_delta_bram.\decay_w[2]' from process `$paramod$9159c8e2e0b7b54d75395a03208d309c937da6bf\gated_delta_bram.$proc$/Users/toprakgundogdu/qwen-ffn-rom/rtl/gated_delta_bram.v:139$2253'.
No latch inferred for signal `$paramod$9159c8e2e0b7b54d75395a03208d309c937da6bf\gated_delta_bram.\s_sat[2]' from process `$paramod$9159c8e2e0b7b54d75395a03208d309c937da6bf\gated_delta_bram.$proc$/Users/toprakgundogdu/qwen-ffn-rom/rtl/gated_delta_bram.v:136$2248'.
No latch inferred for signal `$paramod$9159c8e2e0b7b54d75395a03208d309c937da6bf\gated_delta_bram.\mul_b[2]' from process `$paramod$9159c8e2e0b7b54d75395a03208d309c937da6bf\gated_delta_bram.$proc$/Users/toprakgundogdu/qwen-ffn-rom/rtl/gated_delta_bram.v:129$2239'.
No latch inferred for signal `$paramod$9159c8e2e0b7b54d75395a03208d309c937da6bf\gated_delta_bram.\mul_a[2]' from process `$paramod$9159c8e2e0b7b54d75395a03208d309c937da6bf\gated_delta_bram.$proc$/Users/toprakgundogdu/qwen-ffn-rom/rtl/gated_delta_bram.v:123$2230'.
No latch inferred for signal `$paramod$9159c8e2e0b7b54d75395a03208d309c937da6bf\gated_delta_bram.$mem2reg_rd$\q_r$/Users/toprakgundogdu/qwen-ffn-rom/rtl/gated_delta_bram.v:118$1863_DATA' from process `$paramod$9159c8e2e0b7b54d75395a03208d309c937da6bf\gated_delta_bram.$proc$/Users/toprakgundogdu/qwen-ffn-rom/rtl/gated_delta_bram.v:118$2227'.
No latch inferred for signal `$paramod$9159c8e2e0b7b54d75395a03208d309c937da6bf\gated_delta_bram.$mem2reg_rd$\k_r$/Users/toprakgundogdu/qwen-ffn-rom/rtl/gated_delta_bram.v:117$1862_DATA' from process `$paramod$9159c8e2e0b7b54d75395a03208d309c937da6bf\gated_delta_bram.$proc$/Users/toprakgundogdu/qwen-ffn-rom/rtl/gated_delta_bram.v:117$2224'.
No latch inferred for signal `$paramod$9159c8e2e0b7b54d75395a03208d309c937da6bf\gated_delta_bram.\v_sx[2]' from process `$paramod$9159c8e2e0b7b54d75395a03208d309c937da6bf\gated_delta_bram.$proc$/Users/toprakgundogdu/qwen-ffn-rom/rtl/gated_delta_bram.v:114$2223'.
No latch inferred for signal `$paramod$9159c8e2e0b7b54d75395a03208d309c937da6bf\gated_delta_bram.\s_el[2]' from process `$paramod$9159c8e2e0b7b54d75395a03208d309c937da6bf\gated_delta_bram.$proc$/Users/toprakgundogdu/qwen-ffn-rom/rtl/gated_delta_bram.v:113$2222'.
No latch inferred for signal `$paramod$9159c8e2e0b7b54d75395a03208d309c937da6bf\gated_delta_bram.\rdata[2]' from process `$paramod$9159c8e2e0b7b54d75395a03208d309c937da6bf\gated_delta_bram.$proc$/Users/toprakgundogdu/qwen-ffn-rom/rtl/gated_delta_bram.v:109$2221'.
No latch inferred for signal `$paramod$9159c8e2e0b7b54d75395a03208d309c937da6bf\gated_delta_bram.\decay_w[1]' from process `$paramod$9159c8e2e0b7b54d75395a03208d309c937da6bf\gated_delta_bram.$proc$/Users/toprakgundogdu/qwen-ffn-rom/rtl/gated_delta_bram.v:139$2219'.
No latch inferred for signal `$paramod$9159c8e2e0b7b54d75395a03208d309c937da6bf\gated_delta_bram.\s_sat[1]' from process `$paramod$9159c8e2e0b7b54d75395a03208d309c937da6bf\gated_delta_bram.$proc$/Users/toprakgundogdu/qwen-ffn-rom/rtl/gated_delta_bram.v:136$2214'.
No latch inferred for signal `$paramod$9159c8e2e0b7b54d75395a03208d309c937da6bf\gated_delta_bram.\mul_b[1]' from process `$paramod$9159c8e2e0b7b54d75395a03208d309c937da6bf\gated_delta_bram.$proc$/Users/toprakgundogdu/qwen-ffn-rom/rtl/gated_delta_bram.v:129$2205'.
No latch inferred for signal `$paramod$9159c8e2e0b7b54d75395a03208d309c937da6bf\gated_delta_bram.\mul_a[1]' from process `$paramod$9159c8e2e0b7b54d75395a03208d309c937da6bf\gated_delta_bram.$proc$/Users/toprakgundogdu/qwen-ffn-rom/rtl/gated_delta_bram.v:123$2196'.
No latch inferred for signal `$paramod$9159c8e2e0b7b54d75395a03208d309c937da6bf\gated_delta_bram.$mem2reg_rd$\q_r$/Users/toprakgundogdu/qwen-ffn-rom/rtl/gated_delta_bram.v:118$1861_DATA' from process `$paramod$9159c8e2e0b7b54d75395a03208d309c937da6bf\gated_delta_bram.$proc$/Users/toprakgundogdu/qwen-ffn-rom/rtl/gated_delta_bram.v:118$2193'.
No latch inferred for signal `$paramod$9159c8e2e0b7b54d75395a03208d309c937da6bf\gated_delta_bram.$mem2reg_rd$\k_r$/Users/toprakgundogdu/qwen-ffn-rom/rtl/gated_delta_bram.v:117$1860_DATA' from process `$paramod$9159c8e2e0b7b54d75395a03208d309c937da6bf\gated_delta_bram.$proc$/Users/toprakgundogdu/qwen-ffn-rom/rtl/gated_delta_bram.v:117$2190'.
No latch inferred for signal `$paramod$9159c8e2e0b7b54d75395a03208d309c937da6bf\gated_delta_bram.\v_sx[1]' from process `$paramod$9159c8e2e0b7b54d75395a03208d309c937da6bf\gated_delta_bram.$proc$/Users/toprakgundogdu/qwen-ffn-rom/rtl/gated_delta_bram.v:114$2189'.
No latch inferred for signal `$paramod$9159c8e2e0b7b54d75395a03208d309c937da6bf\gated_delta_bram.\s_el[1]' from process `$paramod$9159c8e2e0b7b54d75395a03208d309c937da6bf\gated_delta_bram.$proc$/Users/toprakgundogdu/qwen-ffn-rom/rtl/gated_delta_bram.v:113$2188'.
No latch inferred for signal `$paramod$9159c8e2e0b7b54d75395a03208d309c937da6bf\gated_delta_bram.\rdata[1]' from process `$paramod$9159c8e2e0b7b54d75395a03208d309c937da6bf\gated_delta_bram.$proc$/Users/toprakgundogdu/qwen-ffn-rom/rtl/gated_delta_bram.v:109$2187'.
No latch inferred for signal `$paramod$9159c8e2e0b7b54d75395a03208d309c937da6bf\gated_delta_bram.\decay_w[0]' from process `$paramod$9159c8e2e0b7b54d75395a03208d309c937da6bf\gated_delta_bram.$proc$/Users/toprakgundogdu/qwen-ffn-rom/rtl/gated_delta_bram.v:139$2185'.
No latch inferred for signal `$paramod$9159c8e2e0b7b54d75395a03208d309c937da6bf\gated_delta_bram.\s_sat[0]' from process `$paramod$9159c8e2e0b7b54d75395a03208d309c937da6bf\gated_delta_bram.$proc$/Users/toprakgundogdu/qwen-ffn-rom/rtl/gated_delta_bram.v:136$2180'.
No latch inferred for signal `$paramod$9159c8e2e0b7b54d75395a03208d309c937da6bf\gated_delta_bram.\mul_b[0]' from process `$paramod$9159c8e2e0b7b54d75395a03208d309c937da6bf\gated_delta_bram.$proc$/Users/toprakgundogdu/qwen-ffn-rom/rtl/gated_delta_bram.v:129$2171'.
No latch inferred for signal `$paramod$9159c8e2e0b7b54d75395a03208d309c937da6bf\gated_delta_bram.\mul_a[0]' from process `$paramod$9159c8e2e0b7b54d75395a03208d309c937da6bf\gated_delta_bram.$proc$/Users/toprakgundogdu/qwen-ffn-rom/rtl/gated_delta_bram.v:123$2162'.
No latch inferred for signal `$paramod$9159c8e2e0b7b54d75395a03208d309c937da6bf\gated_delta_bram.$mem2reg_rd$\q_r$/Users/toprakgundogdu/qwen-ffn-rom/rtl/gated_delta_bram.v:118$1859_DATA' from process `$paramod$9159c8e2e0b7b54d75395a03208d309c937da6bf\gated_delta_bram.$proc$/Users/toprakgundogdu/qwen-ffn-rom/rtl/gated_delta_bram.v:118$2159'.
No latch inferred for signal `$paramod$9159c8e2e0b7b54d75395a03208d309c937da6bf\gated_delta_bram.$mem2reg_rd$\k_r$/Users/toprakgundogdu/qwen-ffn-rom/rtl/gated_delta_bram.v:117$1858_DATA' from process `$paramod$9159c8e2e0b7b54d75395a03208d309c937da6bf\gated_delta_bram.$proc$/Users/toprakgundogdu/qwen-ffn-rom/rtl/gated_delta_bram.v:117$2156'.
No latch inferred for signal `$paramod$9159c8e2e0b7b54d75395a03208d309c937da6bf\gated_delta_bram.\v_sx[0]' from process `$paramod$9159c8e2e0b7b54d75395a03208d309c937da6bf\gated_delta_bram.$proc$/Users/toprakgundogdu/qwen-ffn-rom/rtl/gated_delta_bram.v:114$2155'.
No latch inferred for signal `$paramod$9159c8e2e0b7b54d75395a03208d309c937da6bf\gated_delta_bram.\s_el[0]' from process `$paramod$9159c8e2e0b7b54d75395a03208d309c937da6bf\gated_delta_bram.$proc$/Users/toprakgundogdu/qwen-ffn-rom/rtl/gated_delta_bram.v:113$2154'.
No latch inferred for signal `$paramod$9159c8e2e0b7b54d75395a03208d309c937da6bf\gated_delta_bram.\rdata[0]' from process `$paramod$9159c8e2e0b7b54d75395a03208d309c937da6bf\gated_delta_bram.$proc$/Users/toprakgundogdu/qwen-ffn-rom/rtl/gated_delta_bram.v:109$2153'.
No latch inferred for signal `$paramod$9159c8e2e0b7b54d75395a03208d309c937da6bf\gated_delta_bram.\v_i[15]' from process `$paramod$9159c8e2e0b7b54d75395a03208d309c937da6bf\gated_delta_bram.$proc$/Users/toprakgundogdu/qwen-ffn-rom/rtl/gated_delta_bram.v:60$2152'.
No latch inferred for signal `$paramod$9159c8e2e0b7b54d75395a03208d309c937da6bf\gated_delta_bram.\k_i[15]' from process `$paramod$9159c8e2e0b7b54d75395a03208d309c937da6bf\gated_delta_bram.$proc$/Users/toprakgundogdu/qwen-ffn-rom/rtl/gated_delta_bram.v:59$2151'.
No latch inferred for signal `$paramod$9159c8e2e0b7b54d75395a03208d309c937da6bf\gated_delta_bram.\q_i[15]' from process `$paramod$9159c8e2e0b7b54d75395a03208d309c937da6bf\gated_delta_bram.$proc$/Users/toprakgundogdu/qwen-ffn-rom/rtl/gated_delta_bram.v:58$2150'.
No latch inferred for signal `$paramod$9159c8e2e0b7b54d75395a03208d309c937da6bf\gated_delta_bram.\v_i[14]' from process `$paramod$9159c8e2e0b7b54d75395a03208d309c937da6bf\gated_delta_bram.$proc$/Users/toprakgundogdu/qwen-ffn-rom/rtl/gated_delta_bram.v:60$2149'.
No latch inferred for signal `$paramod$9159c8e2e0b7b54d75395a03208d309c937da6bf\gated_delta_bram.\k_i[14]' from process `$paramod$9159c8e2e0b7b54d75395a03208d309c937da6bf\gated_delta_bram.$proc$/Users/toprakgundogdu/qwen-ffn-rom/rtl/gated_delta_bram.v:59$2148'.
No latch inferred for signal `$paramod$9159c8e2e0b7b54d75395a03208d309c937da6bf\gated_delta_bram.\q_i[14]' from process `$paramod$9159c8e2e0b7b54d75395a03208d309c937da6bf\gated_delta_bram.$proc$/Users/toprakgundogdu/qwen-ffn-rom/rtl/gated_delta_bram.v:58$2147'.
No latch inferred for signal `$paramod$9159c8e2e0b7b54d75395a03208d309c937da6bf\gated_delta_bram.\v_i[13]' from process `$paramod$9159c8e2e0b7b54d75395a03208d309c937da6bf\gated_delta_bram.$proc$/Users/toprakgundogdu/qwen-ffn-rom/rtl/gated_delta_bram.v:60$2146'.
No latch inferred for signal `$paramod$9159c8e2e0b7b54d75395a03208d309c937da6bf\gated_delta_bram.\k_i[13]' from process `$paramod$9159c8e2e0b7b54d75395a03208d309c937da6bf\gated_delta_bram.$proc$/Users/toprakgundogdu/qwen-ffn-rom/rtl/gated_delta_bram.v:59$2145'.
No latch inferred for signal `$paramod$9159c8e2e0b7b54d75395a03208d309c937da6bf\gated_delta_bram.\q_i[13]' from process `$paramod$9159c8e2e0b7b54d75395a03208d309c937da6bf\gated_delta_bram.$proc$/Users/toprakgundogdu/qwen-ffn-rom/rtl/gated_delta_bram.v:58$2144'.
No latch inferred for signal `$paramod$9159c8e2e0b7b54d75395a03208d309c937da6bf\gated_delta_bram.\v_i[12]' from process `$paramod$9159c8e2e0b7b54d75395a03208d309c937da6bf\gated_delta_bram.$proc$/Users/toprakgundogdu/qwen-ffn-rom/rtl/gated_delta_bram.v:60$2143'.
No latch inferred for signal `$paramod$9159c8e2e0b7b54d75395a03208d309c937da6bf\gated_delta_bram.\k_i[12]' from process `$paramod$9159c8e2e0b7b54d75395a03208d309c937da6bf\gated_delta_bram.$proc$/Users/toprakgundogdu/qwen-ffn-rom/rtl/gated_delta_bram.v:59$2142'.
No latch inferred for signal `$paramod$9159c8e2e0b7b54d75395a03208d309c937da6bf\gated_delta_bram.\q_i[12]' from process `$paramod$9159c8e2e0b7b54d75395a03208d309c937da6bf\gated_delta_bram.$proc$/Users/toprakgundogdu/qwen-ffn-rom/rtl/gated_delta_bram.v:58$2141'.
No latch inferred for signal `$paramod$9159c8e2e0b7b54d75395a03208d309c937da6bf\gated_delta_bram.\v_i[11]' from process `$paramod$9159c8e2e0b7b54d75395a03208d309c937da6bf\gated_delta_bram.$proc$/Users/toprakgundogdu/qwen-ffn-rom/rtl/gated_delta_bram.v:60$2140'.
No latch inferred for signal `$paramod$9159c8e2e0b7b54d75395a03208d309c937da6bf\gated_delta_bram.\k_i[11]' from process `$paramod$9159c8e2e0b7b54d75395a03208d309c937da6bf\gated_delta_bram.$proc$/Users/toprakgundogdu/qwen-ffn-rom/rtl/gated_delta_bram.v:59$2139'.
No latch inferred for signal `$paramod$9159c8e2e0b7b54d75395a03208d309c937da6bf\gated_delta_bram.\q_i[11]' from process `$paramod$9159c8e2e0b7b54d75395a03208d309c937da6bf\gated_delta_bram.$proc$/Users/toprakgundogdu/qwen-ffn-rom/rtl/gated_delta_bram.v:58$2138'.
No latch inferred for signal `$paramod$9159c8e2e0b7b54d75395a03208d309c937da6bf\gated_delta_bram.\v_i[10]' from process `$paramod$9159c8e2e0b7b54d75395a03208d309c937da6bf\gated_delta_bram.$proc$/Users/toprakgundogdu/qwen-ffn-rom/rtl/gated_delta_bram.v:60$2137'.
No latch inferred for signal `$paramod$9159c8e2e0b7b54d75395a03208d309c937da6bf\gated_delta_bram.\k_i[10]' from process `$paramod$9159c8e2e0b7b54d75395a03208d309c937da6bf\gated_delta_bram.$proc$/Users/toprakgundogdu/qwen-ffn-rom/rtl/gated_delta_bram.v:59$2136'.
No latch inferred for signal `$paramod$9159c8e2e0b7b54d75395a03208d309c937da6bf\gated_delta_bram.\q_i[10]' from process `$paramod$9159c8e2e0b7b54d75395a03208d309c937da6bf\gated_delta_bram.$proc$/Users/toprakgundogdu/qwen-ffn-rom/rtl/gated_delta_bram.v:58$2135'.
No latch inferred for signal `$paramod$9159c8e2e0b7b54d75395a03208d309c937da6bf\gated_delta_bram.\v_i[9]' from process `$paramod$9159c8e2e0b7b54d75395a03208d309c937da6bf\gated_delta_bram.$proc$/Users/toprakgundogdu/qwen-ffn-rom/rtl/gated_delta_bram.v:60$2134'.
No latch inferred for signal `$paramod$9159c8e2e0b7b54d75395a03208d309c937da6bf\gated_delta_bram.\k_i[9]' from process `$paramod$9159c8e2e0b7b54d75395a03208d309c937da6bf\gated_delta_bram.$proc$/Users/toprakgundogdu/qwen-ffn-rom/rtl/gated_delta_bram.v:59$2133'.
No latch inferred for signal `$paramod$9159c8e2e0b7b54d75395a03208d309c937da6bf\gated_delta_bram.\q_i[9]' from process `$paramod$9159c8e2e0b7b54d75395a03208d309c937da6bf\gated_delta_bram.$proc$/Users/toprakgundogdu/qwen-ffn-rom/rtl/gated_delta_bram.v:58$2132'.
No latch inferred for signal `$paramod$9159c8e2e0b7b54d75395a03208d309c937da6bf\gated_delta_bram.\v_i[8]' from process `$paramod$9159c8e2e0b7b54d75395a03208d309c937da6bf\gated_delta_bram.$proc$/Users/toprakgundogdu/qwen-ffn-rom/rtl/gated_delta_bram.v:60$2131'.
No latch inferred for signal `$paramod$9159c8e2e0b7b54d75395a03208d309c937da6bf\gated_delta_bram.\k_i[8]' from process `$paramod$9159c8e2e0b7b54d75395a03208d309c937da6bf\gated_delta_bram.$proc$/Users/toprakgundogdu/qwen-ffn-rom/rtl/gated_delta_bram.v:59$2130'.
No latch inferred for signal `$paramod$9159c8e2e0b7b54d75395a03208d309c937da6bf\gated_delta_bram.\q_i[8]' from process `$paramod$9159c8e2e0b7b54d75395a03208d309c937da6bf\gated_delta_bram.$proc$/Users/toprakgundogdu/qwen-ffn-rom/rtl/gated_delta_bram.v:58$2129'.
No latch inferred for signal `$paramod$9159c8e2e0b7b54d75395a03208d309c937da6bf\gated_delta_bram.\v_i[7]' from process `$paramod$9159c8e2e0b7b54d75395a03208d309c937da6bf\gated_delta_bram.$proc$/Users/toprakgundogdu/qwen-ffn-rom/rtl/gated_delta_bram.v:60$2128'.
No latch inferred for signal `$paramod$9159c8e2e0b7b54d75395a03208d309c937da6bf\gated_delta_bram.\k_i[7]' from process `$paramod$9159c8e2e0b7b54d75395a03208d309c937da6bf\gated_delta_bram.$proc$/Users/toprakgundogdu/qwen-ffn-rom/rtl/gated_delta_bram.v:59$2127'.
No latch inferred for signal `$paramod$9159c8e2e0b7b54d75395a03208d309c937da6bf\gated_delta_bram.\q_i[7]' from process `$paramod$9159c8e2e0b7b54d75395a03208d309c937da6bf\gated_delta_bram.$proc$/Users/toprakgundogdu/qwen-ffn-rom/rtl/gated_delta_bram.v:58$2126'.
No latch inferred for signal `$paramod$9159c8e2e0b7b54d75395a03208d309c937da6bf\gated_delta_bram.\v_i[6]' from process `$paramod$9159c8e2e0b7b54d75395a03208d309c937da6bf\gated_delta_bram.$proc$/Users/toprakgundogdu/qwen-ffn-rom/rtl/gated_delta_bram.v:60$2125'.
No latch inferred for signal `$paramod$9159c8e2e0b7b54d75395a03208d309c937da6bf\gated_delta_bram.\k_i[6]' from process `$paramod$9159c8e2e0b7b54d75395a03208d309c937da6bf\gated_delta_bram.$proc$/Users/toprakgundogdu/qwen-ffn-rom/rtl/gated_delta_bram.v:59$2124'.
No latch inferred for signal `$paramod$9159c8e2e0b7b54d75395a03208d309c937da6bf\gated_delta_bram.\q_i[6]' from process `$paramod$9159c8e2e0b7b54d75395a03208d309c937da6bf\gated_delta_bram.$proc$/Users/toprakgundogdu/qwen-ffn-rom/rtl/gated_delta_bram.v:58$2123'.
No latch inferred for signal `$paramod$9159c8e2e0b7b54d75395a03208d309c937da6bf\gated_delta_bram.\v_i[5]' from process `$paramod$9159c8e2e0b7b54d75395a03208d309c937da6bf\gated_delta_bram.$proc$/Users/toprakgundogdu/qwen-ffn-rom/rtl/gated_delta_bram.v:60$2122'.
No latch inferred for signal `$paramod$9159c8e2e0b7b54d75395a03208d309c937da6bf\gated_delta_bram.\k_i[5]' from process `$paramod$9159c8e2e0b7b54d75395a03208d309c937da6bf\gated_delta_bram.$proc$/Users/toprakgundogdu/qwen-ffn-rom/rtl/gated_delta_bram.v:59$2121'.
No latch inferred for signal `$paramod$9159c8e2e0b7b54d75395a03208d309c937da6bf\gated_delta_bram.\q_i[5]' from process `$paramod$9159c8e2e0b7b54d75395a03208d309c937da6bf\gated_delta_bram.$proc$/Users/toprakgundogdu/qwen-ffn-rom/rtl/gated_delta_bram.v:58$2120'.
No latch inferred for signal `$paramod$9159c8e2e0b7b54d75395a03208d309c937da6bf\gated_delta_bram.\v_i[4]' from process `$paramod$9159c8e2e0b7b54d75395a03208d309c937da6bf\gated_delta_bram.$proc$/Users/toprakgundogdu/qwen-ffn-rom/rtl/gated_delta_bram.v:60$2119'.
No latch inferred for signal `$paramod$9159c8e2e0b7b54d75395a03208d309c937da6bf\gated_delta_bram.\k_i[4]' from process `$paramod$9159c8e2e0b7b54d75395a03208d309c937da6bf\gated_delta_bram.$proc$/Users/toprakgundogdu/qwen-ffn-rom/rtl/gated_delta_bram.v:59$2118'.
No latch inferred for signal `$paramod$9159c8e2e0b7b54d75395a03208d309c937da6bf\gated_delta_bram.\q_i[4]' from process `$paramod$9159c8e2e0b7b54d75395a03208d309c937da6bf\gated_delta_bram.$proc$/Users/toprakgundogdu/qwen-ffn-rom/rtl/gated_delta_bram.v:58$2117'.
No latch inferred for signal `$paramod$9159c8e2e0b7b54d75395a03208d309c937da6bf\gated_delta_bram.\v_i[3]' from process `$paramod$9159c8e2e0b7b54d75395a03208d309c937da6bf\gated_delta_bram.$proc$/Users/toprakgundogdu/qwen-ffn-rom/rtl/gated_delta_bram.v:60$2116'.
No latch inferred for signal `$paramod$9159c8e2e0b7b54d75395a03208d309c937da6bf\gated_delta_bram.\k_i[3]' from process `$paramod$9159c8e2e0b7b54d75395a03208d309c937da6bf\gated_delta_bram.$proc$/Users/toprakgundogdu/qwen-ffn-rom/rtl/gated_delta_bram.v:59$2115'.
No latch inferred for signal `$paramod$9159c8e2e0b7b54d75395a03208d309c937da6bf\gated_delta_bram.\q_i[3]' from process `$paramod$9159c8e2e0b7b54d75395a03208d309c937da6bf\gated_delta_bram.$proc$/Users/toprakgundogdu/qwen-ffn-rom/rtl/gated_delta_bram.v:58$2114'.
No latch inferred for signal `$paramod$9159c8e2e0b7b54d75395a03208d309c937da6bf\gated_delta_bram.\v_i[2]' from process `$paramod$9159c8e2e0b7b54d75395a03208d309c937da6bf\gated_delta_bram.$proc$/Users/toprakgundogdu/qwen-ffn-rom/rtl/gated_delta_bram.v:60$2113'.
No latch inferred for signal `$paramod$9159c8e2e0b7b54d75395a03208d309c937da6bf\gated_delta_bram.\k_i[2]' from process `$paramod$9159c8e2e0b7b54d75395a03208d309c937da6bf\gated_delta_bram.$proc$/Users/toprakgundogdu/qwen-ffn-rom/rtl/gated_delta_bram.v:59$2112'.
No latch inferred for signal `$paramod$9159c8e2e0b7b54d75395a03208d309c937da6bf\gated_delta_bram.\q_i[2]' from process `$paramod$9159c8e2e0b7b54d75395a03208d309c937da6bf\gated_delta_bram.$proc$/Users/toprakgundogdu/qwen-ffn-rom/rtl/gated_delta_bram.v:58$2111'.
No latch inferred for signal `$paramod$9159c8e2e0b7b54d75395a03208d309c937da6bf\gated_delta_bram.\v_i[1]' from process `$paramod$9159c8e2e0b7b54d75395a03208d309c937da6bf\gated_delta_bram.$proc$/Users/toprakgundogdu/qwen-ffn-rom/rtl/gated_delta_bram.v:60$2110'.
No latch inferred for signal `$paramod$9159c8e2e0b7b54d75395a03208d309c937da6bf\gated_delta_bram.\k_i[1]' from process `$paramod$9159c8e2e0b7b54d75395a03208d309c937da6bf\gated_delta_bram.$proc$/Users/toprakgundogdu/qwen-ffn-rom/rtl/gated_delta_bram.v:59$2109'.
No latch inferred for signal `$paramod$9159c8e2e0b7b54d75395a03208d309c937da6bf\gated_delta_bram.\q_i[1]' from process `$paramod$9159c8e2e0b7b54d75395a03208d309c937da6bf\gated_delta_bram.$proc$/Users/toprakgundogdu/qwen-ffn-rom/rtl/gated_delta_bram.v:58$2108'.
No latch inferred for signal `$paramod$9159c8e2e0b7b54d75395a03208d309c937da6bf\gated_delta_bram.\v_i[0]' from process `$paramod$9159c8e2e0b7b54d75395a03208d309c937da6bf\gated_delta_bram.$proc$/Users/toprakgundogdu/qwen-ffn-rom/rtl/gated_delta_bram.v:60$2107'.
No latch inferred for signal `$paramod$9159c8e2e0b7b54d75395a03208d309c937da6bf\gated_delta_bram.\k_i[0]' from process `$paramod$9159c8e2e0b7b54d75395a03208d309c937da6bf\gated_delta_bram.$proc$/Users/toprakgundogdu/qwen-ffn-rom/rtl/gated_delta_bram.v:59$2106'.
No latch inferred for signal `$paramod$9159c8e2e0b7b54d75395a03208d309c937da6bf\gated_delta_bram.\q_i[0]' from process `$paramod$9159c8e2e0b7b54d75395a03208d309c937da6bf\gated_delta_bram.$proc$/Users/toprakgundogdu/qwen-ffn-rom/rtl/gated_delta_bram.v:58$2105'.

5.9. Executing PROC_DFF pass (convert process syncs to FFs).
Creating register for signal `$paramod$0af7322157a0cb9528e4c21e617f7308440e4612\delta_s_col_ram.\rdata' using process `$paramod$0af7322157a0cb9528e4c21e617f7308440e4612\delta_s_col_ram.$proc$/Users/toprakgundogdu/qwen-ffn-rom/rtl/delta_s_col_ram.v:26$914'.
  created $dff cell `$procdff$6255' with positive edge clock.
Creating register for signal `$paramod$0af7322157a0cb9528e4c21e617f7308440e4612\delta_s_col_ram.$memwr$\mem$/Users/toprakgundogdu/qwen-ffn-rom/rtl/delta_s_col_ram.v:28$913_ADDR' using process `$paramod$0af7322157a0cb9528e4c21e617f7308440e4612\delta_s_col_ram.$proc$/Users/toprakgundogdu/qwen-ffn-rom/rtl/delta_s_col_ram.v:26$914'.
  created $dff cell `$procdff$6256' with positive edge clock.
Creating register for signal `$paramod$0af7322157a0cb9528e4c21e617f7308440e4612\delta_s_col_ram.$memwr$\mem$/Users/toprakgundogdu/qwen-ffn-rom/rtl/delta_s_col_ram.v:28$913_DATA' using process `$paramod$0af7322157a0cb9528e4c21e617f7308440e4612\delta_s_col_ram.$proc$/Users/toprakgundogdu/qwen-ffn-rom/rtl/delta_s_col_ram.v:26$914'.
  created $dff cell `$procdff$6257' with positive edge clock.
Creating register for signal `$paramod$0af7322157a0cb9528e4c21e617f7308440e4612\delta_s_col_ram.$memwr$\mem$/Users/toprakgundogdu/qwen-ffn-rom/rtl/delta_s_col_ram.v:28$913_EN' using process `$paramod$0af7322157a0cb9528e4c21e617f7308440e4612\delta_s_col_ram.$proc$/Users/toprakgundogdu/qwen-ffn-rom/rtl/delta_s_col_ram.v:26$914'.
  created $dff cell `$procdff$6258' with positive edge clock.
Creating register for signal `$paramod$9159c8e2e0b7b54d75395a03208d309c937da6bf\gated_delta_bram.\we' using process `$paramod$9159c8e2e0b7b54d75395a03208d309c937da6bf\gated_delta_bram.$proc$/Users/toprakgundogdu/qwen-ffn-rom/rtl/gated_delta_bram.v:146$1893'.
  created $dff cell `$procdff$6259' with positive edge clock.
Creating register for signal `$paramod$9159c8e2e0b7b54d75395a03208d309c937da6bf\gated_delta_bram.\o_flat' using process `$paramod$9159c8e2e0b7b54d75395a03208d309c937da6bf\gated_delta_bram.$proc$/Users/toprakgundogdu/qwen-ffn-rom/rtl/gated_delta_bram.v:146$1893'.
  created $dff cell `$procdff$6260' with positive edge clock.
Creating register for signal `$paramod$9159c8e2e0b7b54d75395a03208d309c937da6bf\gated_delta_bram.\done' using process `$paramod$9159c8e2e0b7b54d75395a03208d309c937da6bf\gated_delta_bram.$proc$/Users/toprakgundogdu/qwen-ffn-rom/rtl/gated_delta_bram.v:146$1893'.
  created $dff cell `$procdff$6261' with positive edge clock.
Creating register for signal `$paramod$9159c8e2e0b7b54d75395a03208d309c937da6bf\gated_delta_bram.\g_r' using process `$paramod$9159c8e2e0b7b54d75395a03208d309c937da6bf\gated_delta_bram.$proc$/Users/toprakgundogdu/qwen-ffn-rom/rtl/gated_delta_bram.v:146$1893'.
  created $dff cell `$procdff$6262' with positive edge clock.
Creating register for signal `$paramod$9159c8e2e0b7b54d75395a03208d309c937da6bf\gated_delta_bram.\beta_r' using process `$paramod$9159c8e2e0b7b54d75395a03208d309c937da6bf\gated_delta_bram.$proc$/Users/toprakgundogdu/qwen-ffn-rom/rtl/gated_delta_bram.v:146$1893'.
  created $dff cell `$procdff$6263' with positive edge clock.
Creating register for signal `$paramod$9159c8e2e0b7b54d75395a03208d309c937da6bf\gated_delta_bram.\layer_r' using process `$paramod$9159c8e2e0b7b54d75395a03208d309c937da6bf\gated_delta_bram.$proc$/Users/toprakgundogdu/qwen-ffn-rom/rtl/gated_delta_bram.v:146$1893'.
  created $dff cell `$procdff$6264' with positive edge clock.
Creating register for signal `$paramod$9159c8e2e0b7b54d75395a03208d309c937da6bf\gated_delta_bram.\st' using process `$paramod$9159c8e2e0b7b54d75395a03208d309c937da6bf\gated_delta_bram.$proc$/Users/toprakgundogdu/qwen-ffn-rom/rtl/gated_delta_bram.v:146$1893'.
  created $dff cell `$procdff$6265' with positive edge clock.
Creating register for signal `$paramod$9159c8e2e0b7b54d75395a03208d309c937da6bf\gated_delta_bram.\ph' using process `$paramod$9159c8e2e0b7b54d75395a03208d309c937da6bf\gated_delta_bram.$proc$/Users/toprakgundogdu/qwen-ffn-rom/rtl/gated_delta_bram.v:146$1893'.
  created $dff cell `$procdff$6266' with positive edge clock.
Creating register for signal `$paramod$9159c8e2e0b7b54d75395a03208d309c937da6bf\gated_delta_bram.\row' using process `$paramod$9159c8e2e0b7b54d75395a03208d309c937da6bf\gated_delta_bram.$proc$/Users/toprakgundogdu/qwen-ffn-rom/rtl/gated_delta_bram.v:146$1893'.
  created $dff cell `$procdff$6267' with positive edge clock.
Creating register for signal `$paramod$9159c8e2e0b7b54d75395a03208d309c937da6bf\gated_delta_bram.\clr_i' using process `$paramod$9159c8e2e0b7b54d75395a03208d309c937da6bf\gated_delta_bram.$proc$/Users/toprakgundogdu/qwen-ffn-rom/rtl/gated_delta_bram.v:146$1893'.
  created $dff cell `$procdff$6268' with positive edge clock.
Creating register for signal `$paramod$9159c8e2e0b7b54d75395a03208d309c937da6bf\gated_delta_bram.\waddr_r' using process `$paramod$9159c8e2e0b7b54d75395a03208d309c937da6bf\gated_delta_bram.$proc$/Users/toprakgundogdu/qwen-ffn-rom/rtl/gated_delta_bram.v:146$1893'.
  created $dff cell `$procdff$6269' with positive edge clock.
Creating register for signal `$paramod$9159c8e2e0b7b54d75395a03208d309c937da6bf\gated_delta_bram.\ii' using process `$paramod$9159c8e2e0b7b54d75395a03208d309c937da6bf\gated_delta_bram.$proc$/Users/toprakgundogdu/qwen-ffn-rom/rtl/gated_delta_bram.v:146$1893'.
  created $dff cell `$procdff$6270' with positive edge clock.
Creating register for signal `$paramod$9159c8e2e0b7b54d75395a03208d309c937da6bf\gated_delta_bram.\kv[0]' using process `$paramod$9159c8e2e0b7b54d75395a03208d309c937da6bf\gated_delta_bram.$proc$/Users/toprakgundogdu/qwen-ffn-rom/rtl/gated_delta_bram.v:146$1893'.
  created $dff cell `$procdff$6271' with positive edge clock.
Creating register for signal `$paramod$9159c8e2e0b7b54d75395a03208d309c937da6bf\gated_delta_bram.\kv[1]' using process `$paramod$9159c8e2e0b7b54d75395a03208d309c937da6bf\gated_delta_bram.$proc$/Users/toprakgundogdu/qwen-ffn-rom/rtl/gated_delta_bram.v:146$1893'.
  created $dff cell `$procdff$6272' with positive edge clock.
Creating register for signal `$paramod$9159c8e2e0b7b54d75395a03208d309c937da6bf\gated_delta_bram.\kv[2]' using process `$paramod$9159c8e2e0b7b54d75395a03208d309c937da6bf\gated_delta_bram.$proc$/Users/toprakgundogdu/qwen-ffn-rom/rtl/gated_delta_bram.v:146$1893'.
  created $dff cell `$procdff$6273' with positive edge clock.
Creating register for signal `$paramod$9159c8e2e0b7b54d75395a03208d309c937da6bf\gated_delta_bram.\kv[3]' using process `$paramod$9159c8e2e0b7b54d75395a03208d309c937da6bf\gated_delta_bram.$proc$/Users/toprakgundogdu/qwen-ffn-rom/rtl/gated_delta_bram.v:146$1893'.
  created $dff cell `$procdff$6274' with positive edge clock.
Creating register for signal `$paramod$9159c8e2e0b7b54d75395a03208d309c937da6bf\gated_delta_bram.\kv[4]' using process `$paramod$9159c8e2e0b7b54d75395a03208d309c937da6bf\gated_delta_bram.$proc$/Users/toprakgundogdu/qwen-ffn-rom/rtl/gated_delta_bram.v:146$1893'.
  created $dff cell `$procdff$6275' with positive edge clock.
Creating register for signal `$paramod$9159c8e2e0b7b54d75395a03208d309c937da6bf\gated_delta_bram.\kv[5]' using process `$paramod$9159c8e2e0b7b54d75395a03208d309c937da6bf\gated_delta_bram.$proc$/Users/toprakgundogdu/qwen-ffn-rom/rtl/gated_delta_bram.v:146$1893'.
  created $dff cell `$procdff$6276' with positive edge clock.
Creating register for signal `$paramod$9159c8e2e0b7b54d75395a03208d309c937da6bf\gated_delta_bram.\kv[6]' using process `$paramod$9159c8e2e0b7b54d75395a03208d309c937da6bf\gated_delta_bram.$proc$/Users/toprakgundogdu/qwen-ffn-rom/rtl/gated_delta_bram.v:146$1893'.
  created $dff cell `$procdff$6277' with positive edge clock.
Creating register for signal `$paramod$9159c8e2e0b7b54d75395a03208d309c937da6bf\gated_delta_bram.\kv[7]' using process `$paramod$9159c8e2e0b7b54d75395a03208d309c937da6bf\gated_delta_bram.$proc$/Users/toprakgundogdu/qwen-ffn-rom/rtl/gated_delta_bram.v:146$1893'.
  created $dff cell `$procdff$6278' with positive edge clock.
Creating register for signal `$paramod$9159c8e2e0b7b54d75395a03208d309c937da6bf\gated_delta_bram.\kv[8]' using process `$paramod$9159c8e2e0b7b54d75395a03208d309c937da6bf\gated_delta_bram.$proc$/Users/toprakgundogdu/qwen-ffn-rom/rtl/gated_delta_bram.v:146$1893'.
  created $dff cell `$procdff$6279' with positive edge clock.
Creating register for signal `$paramod$9159c8e2e0b7b54d75395a03208d309c937da6bf\gated_delta_bram.\kv[9]' using process `$paramod$9159c8e2e0b7b54d75395a03208d309c937da6bf\gated_delta_bram.$proc$/Users/toprakgundogdu/qwen-ffn-rom/rtl/gated_delta_bram.v:146$1893'.
  created $dff cell `$procdff$6280' with positive edge clock.
Creating register for signal `$paramod$9159c8e2e0b7b54d75395a03208d309c937da6bf\gated_delta_bram.\kv[10]' using process `$paramod$9159c8e2e0b7b54d75395a03208d309c937da6bf\gated_delta_bram.$proc$/Users/toprakgundogdu/qwen-ffn-rom/rtl/gated_delta_bram.v:146$1893'.
  created $dff cell `$procdff$6281' with positive edge clock.
Creating register for signal `$paramod$9159c8e2e0b7b54d75395a03208d309c937da6bf\gated_delta_bram.\kv[11]' using process `$paramod$9159c8e2e0b7b54d75395a03208d309c937da6bf\gated_delta_bram.$proc$/Users/toprakgundogdu/qwen-ffn-rom/rtl/gated_delta_bram.v:146$1893'.
  created $dff cell `$procdff$6282' with positive edge clock.
Creating register for signal `$paramod$9159c8e2e0b7b54d75395a03208d309c937da6bf\gated_delta_bram.\kv[12]' using process `$paramod$9159c8e2e0b7b54d75395a03208d309c937da6bf\gated_delta_bram.$proc$/Users/toprakgundogdu/qwen-ffn-rom/rtl/gated_delta_bram.v:146$1893'.
  created $dff cell `$procdff$6283' with positive edge clock.
Creating register for signal `$paramod$9159c8e2e0b7b54d75395a03208d309c937da6bf\gated_delta_bram.\kv[13]' using process `$paramod$9159c8e2e0b7b54d75395a03208d309c937da6bf\gated_delta_bram.$proc$/Users/toprakgundogdu/qwen-ffn-rom/rtl/gated_delta_bram.v:146$1893'.
  created $dff cell `$procdff$6284' with positive edge clock.
Creating register for signal `$paramod$9159c8e2e0b7b54d75395a03208d309c937da6bf\gated_delta_bram.\kv[14]' using process `$paramod$9159c8e2e0b7b54d75395a03208d309c937da6bf\gated_delta_bram.$proc$/Users/toprakgundogdu/qwen-ffn-rom/rtl/gated_delta_bram.v:146$1893'.
  created $dff cell `$procdff$6285' with positive edge clock.
Creating register for signal `$paramod$9159c8e2e0b7b54d75395a03208d309c937da6bf\gated_delta_bram.\kv[15]' using process `$paramod$9159c8e2e0b7b54d75395a03208d309c937da6bf\gated_delta_bram.$proc$/Users/toprakgundogdu/qwen-ffn-rom/rtl/gated_delta_bram.v:146$1893'.
  created $dff cell `$procdff$6286' with positive edge clock.
Creating register for signal `$paramod$9159c8e2e0b7b54d75395a03208d309c937da6bf\gated_delta_bram.\delta[0]' using process `$paramod$9159c8e2e0b7b54d75395a03208d309c937da6bf\gated_delta_bram.$proc$/Users/toprakgundogdu/qwen-ffn-rom/rtl/gated_delta_bram.v:146$1893'.
  created $dff cell `$procdff$6287' with positive edge clock.
Creating register for signal `$paramod$9159c8e2e0b7b54d75395a03208d309c937da6bf\gated_delta_bram.\delta[1]' using process `$paramod$9159c8e2e0b7b54d75395a03208d309c937da6bf\gated_delta_bram.$proc$/Users/toprakgundogdu/qwen-ffn-rom/rtl/gated_delta_bram.v:146$1893'.
  created $dff cell `$procdff$6288' with positive edge clock.
Creating register for signal `$paramod$9159c8e2e0b7b54d75395a03208d309c937da6bf\gated_delta_bram.\delta[2]' using process `$paramod$9159c8e2e0b7b54d75395a03208d309c937da6bf\gated_delta_bram.$proc$/Users/toprakgundogdu/qwen-ffn-rom/rtl/gated_delta_bram.v:146$1893'.
  created $dff cell `$procdff$6289' with positive edge clock.
Creating register for signal `$paramod$9159c8e2e0b7b54d75395a03208d309c937da6bf\gated_delta_bram.\delta[3]' using process `$paramod$9159c8e2e0b7b54d75395a03208d309c937da6bf\gated_delta_bram.$proc$/Users/toprakgundogdu/qwen-ffn-rom/rtl/gated_delta_bram.v:146$1893'.
  created $dff cell `$procdff$6290' with positive edge clock.
Creating register for signal `$paramod$9159c8e2e0b7b54d75395a03208d309c937da6bf\gated_delta_bram.\delta[4]' using process `$paramod$9159c8e2e0b7b54d75395a03208d309c937da6bf\gated_delta_bram.$proc$/Users/toprakgundogdu/qwen-ffn-rom/rtl/gated_delta_bram.v:146$1893'.
  created $dff cell `$procdff$6291' with positive edge clock.
Creating register for signal `$paramod$9159c8e2e0b7b54d75395a03208d309c937da6bf\gated_delta_bram.\delta[5]' using process `$paramod$9159c8e2e0b7b54d75395a03208d309c937da6bf\gated_delta_bram.$proc$/Users/toprakgundogdu/qwen-ffn-rom/rtl/gated_delta_bram.v:146$1893'.
  created $dff cell `$procdff$6292' with positive edge clock.
Creating register for signal `$paramod$9159c8e2e0b7b54d75395a03208d309c937da6bf\gated_delta_bram.\delta[6]' using process `$paramod$9159c8e2e0b7b54d75395a03208d309c937da6bf\gated_delta_bram.$proc$/Users/toprakgundogdu/qwen-ffn-rom/rtl/gated_delta_bram.v:146$1893'.
  created $dff cell `$procdff$6293' with positive edge clock.
Creating register for signal `$paramod$9159c8e2e0b7b54d75395a03208d309c937da6bf\gated_delta_bram.\delta[7]' using process `$paramod$9159c8e2e0b7b54d75395a03208d309c937da6bf\gated_delta_bram.$proc$/Users/toprakgundogdu/qwen-ffn-rom/rtl/gated_delta_bram.v:146$1893'.
  created $dff cell `$procdff$6294' with positive edge clock.
Creating register for signal `$paramod$9159c8e2e0b7b54d75395a03208d309c937da6bf\gated_delta_bram.\delta[8]' using process `$paramod$9159c8e2e0b7b54d75395a03208d309c937da6bf\gated_delta_bram.$proc$/Users/toprakgundogdu/qwen-ffn-rom/rtl/gated_delta_bram.v:146$1893'.
  created $dff cell `$procdff$6295' with positive edge clock.
Creating register for signal `$paramod$9159c8e2e0b7b54d75395a03208d309c937da6bf\gated_delta_bram.\delta[9]' using process `$paramod$9159c8e2e0b7b54d75395a03208d309c937da6bf\gated_delta_bram.$proc$/Users/toprakgundogdu/qwen-ffn-rom/rtl/gated_delta_bram.v:146$1893'.
  created $dff cell `$procdff$6296' with positive edge clock.
Creating register for signal `$paramod$9159c8e2e0b7b54d75395a03208d309c937da6bf\gated_delta_bram.\delta[10]' using process `$paramod$9159c8e2e0b7b54d75395a03208d309c937da6bf\gated_delta_bram.$proc$/Users/toprakgundogdu/qwen-ffn-rom/rtl/gated_delta_bram.v:146$1893'.
  created $dff cell `$procdff$6297' with positive edge clock.
Creating register for signal `$paramod$9159c8e2e0b7b54d75395a03208d309c937da6bf\gated_delta_bram.\delta[11]' using process `$paramod$9159c8e2e0b7b54d75395a03208d309c937da6bf\gated_delta_bram.$proc$/Users/toprakgundogdu/qwen-ffn-rom/rtl/gated_delta_bram.v:146$1893'.
  created $dff cell `$procdff$6298' with positive edge clock.
Creating register for signal `$paramod$9159c8e2e0b7b54d75395a03208d309c937da6bf\gated_delta_bram.\delta[12]' using process `$paramod$9159c8e2e0b7b54d75395a03208d309c937da6bf\gated_delta_bram.$proc$/Users/toprakgundogdu/qwen-ffn-rom/rtl/gated_delta_bram.v:146$1893'.
  created $dff cell `$procdff$6299' with positive edge clock.
Creating register for signal `$paramod$9159c8e2e0b7b54d75395a03208d309c937da6bf\gated_delta_bram.\delta[13]' using process `$paramod$9159c8e2e0b7b54d75395a03208d309c937da6bf\gated_delta_bram.$proc$/Users/toprakgundogdu/qwen-ffn-rom/rtl/gated_delta_bram.v:146$1893'.
  created $dff cell `$procdff$6300' with positive edge clock.
Creating register for signal `$paramod$9159c8e2e0b7b54d75395a03208d309c937da6bf\gated_delta_bram.\delta[14]' using process `$paramod$9159c8e2e0b7b54d75395a03208d309c937da6bf\gated_delta_bram.$proc$/Users/toprakgundogdu/qwen-ffn-rom/rtl/gated_delta_bram.v:146$1893'.
  created $dff cell `$procdff$6301' with positive edge clock.
Creating register for signal `$paramod$9159c8e2e0b7b54d75395a03208d309c937da6bf\gated_delta_bram.\delta[15]' using process `$paramod$9159c8e2e0b7b54d75395a03208d309c937da6bf\gated_delta_bram.$proc$/Users/toprakgundogdu/qwen-ffn-rom/rtl/gated_delta_bram.v:146$1893'.
  created $dff cell `$procdff$6302' with positive edge clock.
Creating register for signal `$paramod$9159c8e2e0b7b54d75395a03208d309c937da6bf\gated_delta_bram.\acc[0]' using process `$paramod$9159c8e2e0b7b54d75395a03208d309c937da6bf\gated_delta_bram.$proc$/Users/toprakgundogdu/qwen-ffn-rom/rtl/gated_delta_bram.v:146$1893'.
  created $dff cell `$procdff$6303' with positive edge clock.
Creating register for signal `$paramod$9159c8e2e0b7b54d75395a03208d309c937da6bf\gated_delta_bram.\acc[1]' using process `$paramod$9159c8e2e0b7b54d75395a03208d309c937da6bf\gated_delta_bram.$proc$/Users/toprakgundogdu/qwen-ffn-rom/rtl/gated_delta_bram.v:146$1893'.
  created $dff cell `$procdff$6304' with positive edge clock.
Creating register for signal `$paramod$9159c8e2e0b7b54d75395a03208d309c937da6bf\gated_delta_bram.\acc[2]' using process `$paramod$9159c8e2e0b7b54d75395a03208d309c937da6bf\gated_delta_bram.$proc$/Users/toprakgundogdu/qwen-ffn-rom/rtl/gated_delta_bram.v:146$1893'.
  created $dff cell `$procdff$6305' with positive edge clock.
Creating register for signal `$paramod$9159c8e2e0b7b54d75395a03208d309c937da6bf\gated_delta_bram.\acc[3]' using process `$paramod$9159c8e2e0b7b54d75395a03208d309c937da6bf\gated_delta_bram.$proc$/Users/toprakgundogdu/qwen-ffn-rom/rtl/gated_delta_bram.v:146$1893'.
  created $dff cell `$procdff$6306' with positive edge clock.
Creating register for signal `$paramod$9159c8e2e0b7b54d75395a03208d309c937da6bf\gated_delta_bram.\acc[4]' using process `$paramod$9159c8e2e0b7b54d75395a03208d309c937da6bf\gated_delta_bram.$proc$/Users/toprakgundogdu/qwen-ffn-rom/rtl/gated_delta_bram.v:146$1893'.
  created $dff cell `$procdff$6307' with positive edge clock.
Creating register for signal `$paramod$9159c8e2e0b7b54d75395a03208d309c937da6bf\gated_delta_bram.\acc[5]' using process `$paramod$9159c8e2e0b7b54d75395a03208d309c937da6bf\gated_delta_bram.$proc$/Users/toprakgundogdu/qwen-ffn-rom/rtl/gated_delta_bram.v:146$1893'.
  created $dff cell `$procdff$6308' with positive edge clock.
Creating register for signal `$paramod$9159c8e2e0b7b54d75395a03208d309c937da6bf\gated_delta_bram.\acc[6]' using process `$paramod$9159c8e2e0b7b54d75395a03208d309c937da6bf\gated_delta_bram.$proc$/Users/toprakgundogdu/qwen-ffn-rom/rtl/gated_delta_bram.v:146$1893'.
  created $dff cell `$procdff$6309' with positive edge clock.
Creating register for signal `$paramod$9159c8e2e0b7b54d75395a03208d309c937da6bf\gated_delta_bram.\acc[7]' using process `$paramod$9159c8e2e0b7b54d75395a03208d309c937da6bf\gated_delta_bram.$proc$/Users/toprakgundogdu/qwen-ffn-rom/rtl/gated_delta_bram.v:146$1893'.
  created $dff cell `$procdff$6310' with positive edge clock.
Creating register for signal `$paramod$9159c8e2e0b7b54d75395a03208d309c937da6bf\gated_delta_bram.\acc[8]' using process `$paramod$9159c8e2e0b7b54d75395a03208d309c937da6bf\gated_delta_bram.$proc$/Users/toprakgundogdu/qwen-ffn-rom/rtl/gated_delta_bram.v:146$1893'.
  created $dff cell `$procdff$6311' with positive edge clock.
Creating register for signal `$paramod$9159c8e2e0b7b54d75395a03208d309c937da6bf\gated_delta_bram.\acc[9]' using process `$paramod$9159c8e2e0b7b54d75395a03208d309c937da6bf\gated_delta_bram.$proc$/Users/toprakgundogdu/qwen-ffn-rom/rtl/gated_delta_bram.v:146$1893'.
  created $dff cell `$procdff$6312' with positive edge clock.
Creating register for signal `$paramod$9159c8e2e0b7b54d75395a03208d309c937da6bf\gated_delta_bram.\acc[10]' using process `$paramod$9159c8e2e0b7b54d75395a03208d309c937da6bf\gated_delta_bram.$proc$/Users/toprakgundogdu/qwen-ffn-rom/rtl/gated_delta_bram.v:146$1893'.
  created $dff cell `$procdff$6313' with positive edge clock.
Creating register for signal `$paramod$9159c8e2e0b7b54d75395a03208d309c937da6bf\gated_delta_bram.\acc[11]' using process `$paramod$9159c8e2e0b7b54d75395a03208d309c937da6bf\gated_delta_bram.$proc$/Users/toprakgundogdu/qwen-ffn-rom/rtl/gated_delta_bram.v:146$1893'.
  created $dff cell `$procdff$6314' with positive edge clock.
Creating register for signal `$paramod$9159c8e2e0b7b54d75395a03208d309c937da6bf\gated_delta_bram.\acc[12]' using process `$paramod$9159c8e2e0b7b54d75395a03208d309c937da6bf\gated_delta_bram.$proc$/Users/toprakgundogdu/qwen-ffn-rom/rtl/gated_delta_bram.v:146$1893'.
  created $dff cell `$procdff$6315' with positive edge clock.
Creating register for signal `$paramod$9159c8e2e0b7b54d75395a03208d309c937da6bf\gated_delta_bram.\acc[13]' using process `$paramod$9159c8e2e0b7b54d75395a03208d309c937da6bf\gated_delta_bram.$proc$/Users/toprakgundogdu/qwen-ffn-rom/rtl/gated_delta_bram.v:146$1893'.
  created $dff cell `$procdff$6316' with positive edge clock.
Creating register for signal `$paramod$9159c8e2e0b7b54d75395a03208d309c937da6bf\gated_delta_bram.\acc[14]' using process `$paramod$9159c8e2e0b7b54d75395a03208d309c937da6bf\gated_delta_bram.$proc$/Users/toprakgundogdu/qwen-ffn-rom/rtl/gated_delta_bram.v:146$1893'.
  created $dff cell `$procdff$6317' with positive edge clock.
Creating register for signal `$paramod$9159c8e2e0b7b54d75395a03208d309c937da6bf\gated_delta_bram.\acc[15]' using process `$paramod$9159c8e2e0b7b54d75395a03208d309c937da6bf\gated_delta_bram.$proc$/Users/toprakgundogdu/qwen-ffn-rom/rtl/gated_delta_bram.v:146$1893'.
  created $dff cell `$procdff$6318' with positive edge clock.
Creating register for signal `$paramod$9159c8e2e0b7b54d75395a03208d309c937da6bf\gated_delta_bram.\o_r[0]' using process `$paramod$9159c8e2e0b7b54d75395a03208d309c937da6bf\gated_delta_bram.$proc$/Users/toprakgundogdu/qwen-ffn-rom/rtl/gated_delta_bram.v:146$1893'.
  created $dff cell `$procdff$6319' with positive edge clock.
Creating register for signal `$paramod$9159c8e2e0b7b54d75395a03208d309c937da6bf\gated_delta_bram.\o_r[1]' using process `$paramod$9159c8e2e0b7b54d75395a03208d309c937da6bf\gated_delta_bram.$proc$/Users/toprakgundogdu/qwen-ffn-rom/rtl/gated_delta_bram.v:146$1893'.
  created $dff cell `$procdff$6320' with positive edge clock.
Creating register for signal `$paramod$9159c8e2e0b7b54d75395a03208d309c937da6bf\gated_delta_bram.\o_r[2]' using process `$paramod$9159c8e2e0b7b54d75395a03208d309c937da6bf\gated_delta_bram.$proc$/Users/toprakgundogdu/qwen-ffn-rom/rtl/gated_delta_bram.v:146$1893'.
  created $dff cell `$procdff$6321' with positive edge clock.
Creating register for signal `$paramod$9159c8e2e0b7b54d75395a03208d309c937da6bf\gated_delta_bram.\o_r[3]' using process `$paramod$9159c8e2e0b7b54d75395a03208d309c937da6bf\gated_delta_bram.$proc$/Users/toprakgundogdu/qwen-ffn-rom/rtl/gated_delta_bram.v:146$1893'.
  created $dff cell `$procdff$6322' with positive edge clock.
Creating register for signal `$paramod$9159c8e2e0b7b54d75395a03208d309c937da6bf\gated_delta_bram.\o_r[4]' using process `$paramod$9159c8e2e0b7b54d75395a03208d309c937da6bf\gated_delta_bram.$proc$/Users/toprakgundogdu/qwen-ffn-rom/rtl/gated_delta_bram.v:146$1893'.
  created $dff cell `$procdff$6323' with positive edge clock.
Creating register for signal `$paramod$9159c8e2e0b7b54d75395a03208d309c937da6bf\gated_delta_bram.\o_r[5]' using process `$paramod$9159c8e2e0b7b54d75395a03208d309c937da6bf\gated_delta_bram.$proc$/Users/toprakgundogdu/qwen-ffn-rom/rtl/gated_delta_bram.v:146$1893'.
  created $dff cell `$procdff$6324' with positive edge clock.
Creating register for signal `$paramod$9159c8e2e0b7b54d75395a03208d309c937da6bf\gated_delta_bram.\o_r[6]' using process `$paramod$9159c8e2e0b7b54d75395a03208d309c937da6bf\gated_delta_bram.$proc$/Users/toprakgundogdu/qwen-ffn-rom/rtl/gated_delta_bram.v:146$1893'.
  created $dff cell `$procdff$6325' with positive edge clock.
Creating register for signal `$paramod$9159c8e2e0b7b54d75395a03208d309c937da6bf\gated_delta_bram.\o_r[7]' using process `$paramod$9159c8e2e0b7b54d75395a03208d309c937da6bf\gated_delta_bram.$proc$/Users/toprakgundogdu/qwen-ffn-rom/rtl/gated_delta_bram.v:146$1893'.
  created $dff cell `$procdff$6326' with positive edge clock.
Creating register for signal `$paramod$9159c8e2e0b7b54d75395a03208d309c937da6bf\gated_delta_bram.\o_r[8]' using process `$paramod$9159c8e2e0b7b54d75395a03208d309c937da6bf\gated_delta_bram.$proc$/Users/toprakgundogdu/qwen-ffn-rom/rtl/gated_delta_bram.v:146$1893'.
  created $dff cell `$procdff$6327' with positive edge clock.
Creating register for signal `$paramod$9159c8e2e0b7b54d75395a03208d309c937da6bf\gated_delta_bram.\o_r[9]' using process `$paramod$9159c8e2e0b7b54d75395a03208d309c937da6bf\gated_delta_bram.$proc$/Users/toprakgundogdu/qwen-ffn-rom/rtl/gated_delta_bram.v:146$1893'.
  created $dff cell `$procdff$6328' with positive edge clock.
Creating register for signal `$paramod$9159c8e2e0b7b54d75395a03208d309c937da6bf\gated_delta_bram.\o_r[10]' using process `$paramod$9159c8e2e0b7b54d75395a03208d309c937da6bf\gated_delta_bram.$proc$/Users/toprakgundogdu/qwen-ffn-rom/rtl/gated_delta_bram.v:146$1893'.
  created $dff cell `$procdff$6329' with positive edge clock.
Creating register for signal `$paramod$9159c8e2e0b7b54d75395a03208d309c937da6bf\gated_delta_bram.\o_r[11]' using process `$paramod$9159c8e2e0b7b54d75395a03208d309c937da6bf\gated_delta_bram.$proc$/Users/toprakgundogdu/qwen-ffn-rom/rtl/gated_delta_bram.v:146$1893'.
  created $dff cell `$procdff$6330' with positive edge clock.
Creating register for signal `$paramod$9159c8e2e0b7b54d75395a03208d309c937da6bf\gated_delta_bram.\o_r[12]' using process `$paramod$9159c8e2e0b7b54d75395a03208d309c937da6bf\gated_delta_bram.$proc$/Users/toprakgundogdu/qwen-ffn-rom/rtl/gated_delta_bram.v:146$1893'.
  created $dff cell `$procdff$6331' with positive edge clock.
Creating register for signal `$paramod$9159c8e2e0b7b54d75395a03208d309c937da6bf\gated_delta_bram.\o_r[13]' using process `$paramod$9159c8e2e0b7b54d75395a03208d309c937da6bf\gated_delta_bram.$proc$/Users/toprakgundogdu/qwen-ffn-rom/rtl/gated_delta_bram.v:146$1893'.
  created $dff cell `$procdff$6332' with positive edge clock.
Creating register for signal `$paramod$9159c8e2e0b7b54d75395a03208d309c937da6bf\gated_delta_bram.\o_r[14]' using process `$paramod$9159c8e2e0b7b54d75395a03208d309c937da6bf\gated_delta_bram.$proc$/Users/toprakgundogdu/qwen-ffn-rom/rtl/gated_delta_bram.v:146$1893'.
  created $dff cell `$procdff$6333' with positive edge clock.
Creating register for signal `$paramod$9159c8e2e0b7b54d75395a03208d309c937da6bf\gated_delta_bram.\o_r[15]' using process `$paramod$9159c8e2e0b7b54d75395a03208d309c937da6bf\gated_delta_bram.$proc$/Users/toprakgundogdu/qwen-ffn-rom/rtl/gated_delta_bram.v:146$1893'.
  created $dff cell `$procdff$6334' with positive edge clock.
Creating register for signal `$paramod$9159c8e2e0b7b54d75395a03208d309c937da6bf\gated_delta_bram.\q_r[0]' using process `$paramod$9159c8e2e0b7b54d75395a03208d309c937da6bf\gated_delta_bram.$proc$/Users/toprakgundogdu/qwen-ffn-rom/rtl/gated_delta_bram.v:146$1893'.
  created $dff cell `$procdff$6335' with positive edge clock.
Creating register for signal `$paramod$9159c8e2e0b7b54d75395a03208d309c937da6bf\gated_delta_bram.\q_r[1]' using process `$paramod$9159c8e2e0b7b54d75395a03208d309c937da6bf\gated_delta_bram.$proc$/Users/toprakgundogdu/qwen-ffn-rom/rtl/gated_delta_bram.v:146$1893'.
  created $dff cell `$procdff$6336' with positive edge clock.
Creating register for signal `$paramod$9159c8e2e0b7b54d75395a03208d309c937da6bf\gated_delta_bram.\q_r[2]' using process `$paramod$9159c8e2e0b7b54d75395a03208d309c937da6bf\gated_delta_bram.$proc$/Users/toprakgundogdu/qwen-ffn-rom/rtl/gated_delta_bram.v:146$1893'.
  created $dff cell `$procdff$6337' with positive edge clock.
Creating register for signal `$paramod$9159c8e2e0b7b54d75395a03208d309c937da6bf\gated_delta_bram.\q_r[3]' using process `$paramod$9159c8e2e0b7b54d75395a03208d309c937da6bf\gated_delta_bram.$proc$/Users/toprakgundogdu/qwen-ffn-rom/rtl/gated_delta_bram.v:146$1893'.
  created $dff cell `$procdff$6338' with positive edge clock.
Creating register for signal `$paramod$9159c8e2e0b7b54d75395a03208d309c937da6bf\gated_delta_bram.\q_r[4]' using process `$paramod$9159c8e2e0b7b54d75395a03208d309c937da6bf\gated_delta_bram.$proc$/Users/toprakgundogdu/qwen-ffn-rom/rtl/gated_delta_bram.v:146$1893'.
  created $dff cell `$procdff$6339' with positive edge clock.
Creating register for signal `$paramod$9159c8e2e0b7b54d75395a03208d309c937da6bf\gated_delta_bram.\q_r[5]' using process `$paramod$9159c8e2e0b7b54d75395a03208d309c937da6bf\gated_delta_bram.$proc$/Users/toprakgundogdu/qwen-ffn-rom/rtl/gated_delta_bram.v:146$1893'.
  created $dff cell `$procdff$6340' with positive edge clock.
Creating register for signal `$paramod$9159c8e2e0b7b54d75395a03208d309c937da6bf\gated_delta_bram.\q_r[6]' using process `$paramod$9159c8e2e0b7b54d75395a03208d309c937da6bf\gated_delta_bram.$proc$/Users/toprakgundogdu/qwen-ffn-rom/rtl/gated_delta_bram.v:146$1893'.
  created $dff cell `$procdff$6341' with positive edge clock.
Creating register for signal `$paramod$9159c8e2e0b7b54d75395a03208d309c937da6bf\gated_delta_bram.\q_r[7]' using process `$paramod$9159c8e2e0b7b54d75395a03208d309c937da6bf\gated_delta_bram.$proc$/Users/toprakgundogdu/qwen-ffn-rom/rtl/gated_delta_bram.v:146$1893'.
  created $dff cell `$procdff$6342' with positive edge clock.
Creating register for signal `$paramod$9159c8e2e0b7b54d75395a03208d309c937da6bf\gated_delta_bram.\q_r[8]' using process `$paramod$9159c8e2e0b7b54d75395a03208d309c937da6bf\gated_delta_bram.$proc$/Users/toprakgundogdu/qwen-ffn-rom/rtl/gated_delta_bram.v:146$1893'.
  created $dff cell `$procdff$6343' with positive edge clock.
Creating register for signal `$paramod$9159c8e2e0b7b54d75395a03208d309c937da6bf\gated_delta_bram.\q_r[9]' using process `$paramod$9159c8e2e0b7b54d75395a03208d309c937da6bf\gated_delta_bram.$proc$/Users/toprakgundogdu/qwen-ffn-rom/rtl/gated_delta_bram.v:146$1893'.
  created $dff cell `$procdff$6344' with positive edge clock.
Creating register for signal `$paramod$9159c8e2e0b7b54d75395a03208d309c937da6bf\gated_delta_bram.\q_r[10]' using process `$paramod$9159c8e2e0b7b54d75395a03208d309c937da6bf\gated_delta_bram.$proc$/Users/toprakgundogdu/qwen-ffn-rom/rtl/gated_delta_bram.v:146$1893'.
  created $dff cell `$procdff$6345' with positive edge clock.
Creating register for signal `$paramod$9159c8e2e0b7b54d75395a03208d309c937da6bf\gated_delta_bram.\q_r[11]' using process `$paramod$9159c8e2e0b7b54d75395a03208d309c937da6bf\gated_delta_bram.$proc$/Users/toprakgundogdu/qwen-ffn-rom/rtl/gated_delta_bram.v:146$1893'.
  created $dff cell `$procdff$6346' with positive edge clock.
Creating register for signal `$paramod$9159c8e2e0b7b54d75395a03208d309c937da6bf\gated_delta_bram.\q_r[12]' using process `$paramod$9159c8e2e0b7b54d75395a03208d309c937da6bf\gated_delta_bram.$proc$/Users/toprakgundogdu/qwen-ffn-rom/rtl/gated_delta_bram.v:146$1893'.
  created $dff cell `$procdff$6347' with positive edge clock.
Creating register for signal `$paramod$9159c8e2e0b7b54d75395a03208d309c937da6bf\gated_delta_bram.\q_r[13]' using process `$paramod$9159c8e2e0b7b54d75395a03208d309c937da6bf\gated_delta_bram.$proc$/Users/toprakgundogdu/qwen-ffn-rom/rtl/gated_delta_bram.v:146$1893'.
  created $dff cell `$procdff$6348' with positive edge clock.
Creating register for signal `$paramod$9159c8e2e0b7b54d75395a03208d309c937da6bf\gated_delta_bram.\q_r[14]' using process `$paramod$9159c8e2e0b7b54d75395a03208d309c937da6bf\gated_delta_bram.$proc$/Users/toprakgundogdu/qwen-ffn-rom/rtl/gated_delta_bram.v:146$1893'.
  created $dff cell `$procdff$6349' with positive edge clock.
Creating register for signal `$paramod$9159c8e2e0b7b54d75395a03208d309c937da6bf\gated_delta_bram.\q_r[15]' using process `$paramod$9159c8e2e0b7b54d75395a03208d309c937da6bf\gated_delta_bram.$proc$/Users/toprakgundogdu/qwen-ffn-rom/rtl/gated_delta_bram.v:146$1893'.
  created $dff cell `$procdff$6350' with positive edge clock.
Creating register for signal `$paramod$9159c8e2e0b7b54d75395a03208d309c937da6bf\gated_delta_bram.\k_r[0]' using process `$paramod$9159c8e2e0b7b54d75395a03208d309c937da6bf\gated_delta_bram.$proc$/Users/toprakgundogdu/qwen-ffn-rom/rtl/gated_delta_bram.v:146$1893'.
  created $dff cell `$procdff$6351' with positive edge clock.
Creating register for signal `$paramod$9159c8e2e0b7b54d75395a03208d309c937da6bf\gated_delta_bram.\k_r[1]' using process `$paramod$9159c8e2e0b7b54d75395a03208d309c937da6bf\gated_delta_bram.$proc$/Users/toprakgundogdu/qwen-ffn-rom/rtl/gated_delta_bram.v:146$1893'.
  created $dff cell `$procdff$6352' with positive edge clock.
Creating register for signal `$paramod$9159c8e2e0b7b54d75395a03208d309c937da6bf\gated_delta_bram.\k_r[2]' using process `$paramod$9159c8e2e0b7b54d75395a03208d309c937da6bf\gated_delta_bram.$proc$/Users/toprakgundogdu/qwen-ffn-rom/rtl/gated_delta_bram.v:146$1893'.
  created $dff cell `$procdff$6353' with positive edge clock.
Creating register for signal `$paramod$9159c8e2e0b7b54d75395a03208d309c937da6bf\gated_delta_bram.\k_r[3]' using process `$paramod$9159c8e2e0b7b54d75395a03208d309c937da6bf\gated_delta_bram.$proc$/Users/toprakgundogdu/qwen-ffn-rom/rtl/gated_delta_bram.v:146$1893'.
  created $dff cell `$procdff$6354' with positive edge clock.
Creating register for signal `$paramod$9159c8e2e0b7b54d75395a03208d309c937da6bf\gated_delta_bram.\k_r[4]' using process `$paramod$9159c8e2e0b7b54d75395a03208d309c937da6bf\gated_delta_bram.$proc$/Users/toprakgundogdu/qwen-ffn-rom/rtl/gated_delta_bram.v:146$1893'.
  created $dff cell `$procdff$6355' with positive edge clock.
Creating register for signal `$paramod$9159c8e2e0b7b54d75395a03208d309c937da6bf\gated_delta_bram.\k_r[5]' using process `$paramod$9159c8e2e0b7b54d75395a03208d309c937da6bf\gated_delta_bram.$proc$/Users/toprakgundogdu/qwen-ffn-rom/rtl/gated_delta_bram.v:146$1893'.
  created $dff cell `$procdff$6356' with positive edge clock.
Creating register for signal `$paramod$9159c8e2e0b7b54d75395a03208d309c937da6bf\gated_delta_bram.\k_r[6]' using process `$paramod$9159c8e2e0b7b54d75395a03208d309c937da6bf\gated_delta_bram.$proc$/Users/toprakgundogdu/qwen-ffn-rom/rtl/gated_delta_bram.v:146$1893'.
  created $dff cell `$procdff$6357' with positive edge clock.
Creating register for signal `$paramod$9159c8e2e0b7b54d75395a03208d309c937da6bf\gated_delta_bram.\k_r[7]' using process `$paramod$9159c8e2e0b7b54d75395a03208d309c937da6bf\gated_delta_bram.$proc$/Users/toprakgundogdu/qwen-ffn-rom/rtl/gated_delta_bram.v:146$1893'.
  created $dff cell `$procdff$6358' with positive edge clock.
Creating register for signal `$paramod$9159c8e2e0b7b54d75395a03208d309c937da6bf\gated_delta_bram.\k_r[8]' using process `$paramod$9159c8e2e0b7b54d75395a03208d309c937da6bf\gated_delta_bram.$proc$/Users/toprakgundogdu/qwen-ffn-rom/rtl/gated_delta_bram.v:146$1893'.
  created $dff cell `$procdff$6359' with positive edge clock.
Creating register for signal `$paramod$9159c8e2e0b7b54d75395a03208d309c937da6bf\gated_delta_bram.\k_r[9]' using process `$paramod$9159c8e2e0b7b54d75395a03208d309c937da6bf\gated_delta_bram.$proc$/Users/toprakgundogdu/qwen-ffn-rom/rtl/gated_delta_bram.v:146$1893'.
  created $dff cell `$procdff$6360' with positive edge clock.
Creating register for signal `$paramod$9159c8e2e0b7b54d75395a03208d309c937da6bf\gated_delta_bram.\k_r[10]' using process `$paramod$9159c8e2e0b7b54d75395a03208d309c937da6bf\gated_delta_bram.$proc$/Users/toprakgundogdu/qwen-ffn-rom/rtl/gated_delta_bram.v:146$1893'.
  created $dff cell `$procdff$6361' with positive edge clock.
Creating register for signal `$paramod$9159c8e2e0b7b54d75395a03208d309c937da6bf\gated_delta_bram.\k_r[11]' using process `$paramod$9159c8e2e0b7b54d75395a03208d309c937da6bf\gated_delta_bram.$proc$/Users/toprakgundogdu/qwen-ffn-rom/rtl/gated_delta_bram.v:146$1893'.
  created $dff cell `$procdff$6362' with positive edge clock.
Creating register for signal `$paramod$9159c8e2e0b7b54d75395a03208d309c937da6bf\gated_delta_bram.\k_r[12]' using process `$paramod$9159c8e2e0b7b54d75395a03208d309c937da6bf\gated_delta_bram.$proc$/Users/toprakgundogdu/qwen-ffn-rom/rtl/gated_delta_bram.v:146$1893'.
  created $dff cell `$procdff$6363' with positive edge clock.
Creating register for signal `$paramod$9159c8e2e0b7b54d75395a03208d309c937da6bf\gated_delta_bram.\k_r[13]' using process `$paramod$9159c8e2e0b7b54d75395a03208d309c937da6bf\gated_delta_bram.$proc$/Users/toprakgundogdu/qwen-ffn-rom/rtl/gated_delta_bram.v:146$1893'.
  created $dff cell `$procdff$6364' with positive edge clock.
Creating register for signal `$paramod$9159c8e2e0b7b54d75395a03208d309c937da6bf\gated_delta_bram.\k_r[14]' using process `$paramod$9159c8e2e0b7b54d75395a03208d309c937da6bf\gated_delta_bram.$proc$/Users/toprakgundogdu/qwen-ffn-rom/rtl/gated_delta_bram.v:146$1893'.
  created $dff cell `$procdff$6365' with positive edge clock.
Creating register for signal `$paramod$9159c8e2e0b7b54d75395a03208d309c937da6bf\gated_delta_bram.\k_r[15]' using process `$paramod$9159c8e2e0b7b54d75395a03208d309c937da6bf\gated_delta_bram.$proc$/Users/toprakgundogdu/qwen-ffn-rom/rtl/gated_delta_bram.v:146$1893'.
  created $dff cell `$procdff$6366' with positive edge clock.
Creating register for signal `$paramod$9159c8e2e0b7b54d75395a03208d309c937da6bf\gated_delta_bram.\v_r[0]' using process `$paramod$9159c8e2e0b7b54d75395a03208d309c937da6bf\gated_delta_bram.$proc$/Users/toprakgundogdu/qwen-ffn-rom/rtl/gated_delta_bram.v:146$1893'.
  created $dff cell `$procdff$6367' with positive edge clock.
Creating register for signal `$paramod$9159c8e2e0b7b54d75395a03208d309c937da6bf\gated_delta_bram.\v_r[1]' using process `$paramod$9159c8e2e0b7b54d75395a03208d309c937da6bf\gated_delta_bram.$proc$/Users/toprakgundogdu/qwen-ffn-rom/rtl/gated_delta_bram.v:146$1893'.
  created $dff cell `$procdff$6368' with positive edge clock.
Creating register for signal `$paramod$9159c8e2e0b7b54d75395a03208d309c937da6bf\gated_delta_bram.\v_r[2]' using process `$paramod$9159c8e2e0b7b54d75395a03208d309c937da6bf\gated_delta_bram.$proc$/Users/toprakgundogdu/qwen-ffn-rom/rtl/gated_delta_bram.v:146$1893'.
  created $dff cell `$procdff$6369' with positive edge clock.
Creating register for signal `$paramod$9159c8e2e0b7b54d75395a03208d309c937da6bf\gated_delta_bram.\v_r[3]' using process `$paramod$9159c8e2e0b7b54d75395a03208d309c937da6bf\gated_delta_bram.$proc$/Users/toprakgundogdu/qwen-ffn-rom/rtl/gated_delta_bram.v:146$1893'.
  created $dff cell `$procdff$6370' with positive edge clock.
Creating register for signal `$paramod$9159c8e2e0b7b54d75395a03208d309c937da6bf\gated_delta_bram.\v_r[4]' using process `$paramod$9159c8e2e0b7b54d75395a03208d309c937da6bf\gated_delta_bram.$proc$/Users/toprakgundogdu/qwen-ffn-rom/rtl/gated_delta_bram.v:146$1893'.
  created $dff cell `$procdff$6371' with positive edge clock.
Creating register for signal `$paramod$9159c8e2e0b7b54d75395a03208d309c937da6bf\gated_delta_bram.\v_r[5]' using process `$paramod$9159c8e2e0b7b54d75395a03208d309c937da6bf\gated_delta_bram.$proc$/Users/toprakgundogdu/qwen-ffn-rom/rtl/gated_delta_bram.v:146$1893'.
  created $dff cell `$procdff$6372' with positive edge clock.
Creating register for signal `$paramod$9159c8e2e0b7b54d75395a03208d309c937da6bf\gated_delta_bram.\v_r[6]' using process `$paramod$9159c8e2e0b7b54d75395a03208d309c937da6bf\gated_delta_bram.$proc$/Users/toprakgundogdu/qwen-ffn-rom/rtl/gated_delta_bram.v:146$1893'.
  created $dff cell `$procdff$6373' with positive edge clock.
Creating register for signal `$paramod$9159c8e2e0b7b54d75395a03208d309c937da6bf\gated_delta_bram.\v_r[7]' using process `$paramod$9159c8e2e0b7b54d75395a03208d309c937da6bf\gated_delta_bram.$proc$/Users/toprakgundogdu/qwen-ffn-rom/rtl/gated_delta_bram.v:146$1893'.
  created $dff cell `$procdff$6374' with positive edge clock.
Creating register for signal `$paramod$9159c8e2e0b7b54d75395a03208d309c937da6bf\gated_delta_bram.\v_r[8]' using process `$paramod$9159c8e2e0b7b54d75395a03208d309c937da6bf\gated_delta_bram.$proc$/Users/toprakgundogdu/qwen-ffn-rom/rtl/gated_delta_bram.v:146$1893'.
  created $dff cell `$procdff$6375' with positive edge clock.
Creating register for signal `$paramod$9159c8e2e0b7b54d75395a03208d309c937da6bf\gated_delta_bram.\v_r[9]' using process `$paramod$9159c8e2e0b7b54d75395a03208d309c937da6bf\gated_delta_bram.$proc$/Users/toprakgundogdu/qwen-ffn-rom/rtl/gated_delta_bram.v:146$1893'.
  created $dff cell `$procdff$6376' with positive edge clock.
Creating register for signal `$paramod$9159c8e2e0b7b54d75395a03208d309c937da6bf\gated_delta_bram.\v_r[10]' using process `$paramod$9159c8e2e0b7b54d75395a03208d309c937da6bf\gated_delta_bram.$proc$/Users/toprakgundogdu/qwen-ffn-rom/rtl/gated_delta_bram.v:146$1893'.
  created $dff cell `$procdff$6377' with positive edge clock.
Creating register for signal `$paramod$9159c8e2e0b7b54d75395a03208d309c937da6bf\gated_delta_bram.\v_r[11]' using process `$paramod$9159c8e2e0b7b54d75395a03208d309c937da6bf\gated_delta_bram.$proc$/Users/toprakgundogdu/qwen-ffn-rom/rtl/gated_delta_bram.v:146$1893'.
  created $dff cell `$procdff$6378' with positive edge clock.
Creating register for signal `$paramod$9159c8e2e0b7b54d75395a03208d309c937da6bf\gated_delta_bram.\v_r[12]' using process `$paramod$9159c8e2e0b7b54d75395a03208d309c937da6bf\gated_delta_bram.$proc$/Users/toprakgundogdu/qwen-ffn-rom/rtl/gated_delta_bram.v:146$1893'.
  created $dff cell `$procdff$6379' with positive edge clock.
Creating register for signal `$paramod$9159c8e2e0b7b54d75395a03208d309c937da6bf\gated_delta_bram.\v_r[13]' using process `$paramod$9159c8e2e0b7b54d75395a03208d309c937da6bf\gated_delta_bram.$proc$/Users/toprakgundogdu/qwen-ffn-rom/rtl/gated_delta_bram.v:146$1893'.
  created $dff cell `$procdff$6380' with positive edge clock.
Creating register for signal `$paramod$9159c8e2e0b7b54d75395a03208d309c937da6bf\gated_delta_bram.\v_r[14]' using process `$paramod$9159c8e2e0b7b54d75395a03208d309c937da6bf\gated_delta_bram.$proc$/Users/toprakgundogdu/qwen-ffn-rom/rtl/gated_delta_bram.v:146$1893'.
  created $dff cell `$procdff$6381' with positive edge clock.
Creating register for signal `$paramod$9159c8e2e0b7b54d75395a03208d309c937da6bf\gated_delta_bram.\v_r[15]' using process `$paramod$9159c8e2e0b7b54d75395a03208d309c937da6bf\gated_delta_bram.$proc$/Users/toprakgundogdu/qwen-ffn-rom/rtl/gated_delta_bram.v:146$1893'.
  created $dff cell `$procdff$6382' with positive edge clock.
Creating register for signal `$paramod$9159c8e2e0b7b54d75395a03208d309c937da6bf\gated_delta_bram.\s_hold[0]' using process `$paramod$9159c8e2e0b7b54d75395a03208d309c937da6bf\gated_delta_bram.$proc$/Users/toprakgundogdu/qwen-ffn-rom/rtl/gated_delta_bram.v:146$1893'.
  created $dff cell `$procdff$6383' with positive edge clock.
Creating register for signal `$paramod$9159c8e2e0b7b54d75395a03208d309c937da6bf\gated_delta_bram.\s_hold[1]' using process `$paramod$9159c8e2e0b7b54d75395a03208d309c937da6bf\gated_delta_bram.$proc$/Users/toprakgundogdu/qwen-ffn-rom/rtl/gated_delta_bram.v:146$1893'.
  created $dff cell `$procdff$6384' with positive edge clock.
Creating register for signal `$paramod$9159c8e2e0b7b54d75395a03208d309c937da6bf\gated_delta_bram.\s_hold[2]' using process `$paramod$9159c8e2e0b7b54d75395a03208d309c937da6bf\gated_delta_bram.$proc$/Users/toprakgundogdu/qwen-ffn-rom/rtl/gated_delta_bram.v:146$1893'.
  created $dff cell `$procdff$6385' with positive edge clock.
Creating register for signal `$paramod$9159c8e2e0b7b54d75395a03208d309c937da6bf\gated_delta_bram.\s_hold[3]' using process `$paramod$9159c8e2e0b7b54d75395a03208d309c937da6bf\gated_delta_bram.$proc$/Users/toprakgundogdu/qwen-ffn-rom/rtl/gated_delta_bram.v:146$1893'.
  created $dff cell `$procdff$6386' with positive edge clock.
Creating register for signal `$paramod$9159c8e2e0b7b54d75395a03208d309c937da6bf\gated_delta_bram.\s_hold[4]' using process `$paramod$9159c8e2e0b7b54d75395a03208d309c937da6bf\gated_delta_bram.$proc$/Users/toprakgundogdu/qwen-ffn-rom/rtl/gated_delta_bram.v:146$1893'.
  created $dff cell `$procdff$6387' with positive edge clock.
Creating register for signal `$paramod$9159c8e2e0b7b54d75395a03208d309c937da6bf\gated_delta_bram.\s_hold[5]' using process `$paramod$9159c8e2e0b7b54d75395a03208d309c937da6bf\gated_delta_bram.$proc$/Users/toprakgundogdu/qwen-ffn-rom/rtl/gated_delta_bram.v:146$1893'.
  created $dff cell `$procdff$6388' with positive edge clock.
Creating register for signal `$paramod$9159c8e2e0b7b54d75395a03208d309c937da6bf\gated_delta_bram.\s_hold[6]' using process `$paramod$9159c8e2e0b7b54d75395a03208d309c937da6bf\gated_delta_bram.$proc$/Users/toprakgundogdu/qwen-ffn-rom/rtl/gated_delta_bram.v:146$1893'.
  created $dff cell `$procdff$6389' with positive edge clock.
Creating register for signal `$paramod$9159c8e2e0b7b54d75395a03208d309c937da6bf\gated_delta_bram.\s_hold[7]' using process `$paramod$9159c8e2e0b7b54d75395a03208d309c937da6bf\gated_delta_bram.$proc$/Users/toprakgundogdu/qwen-ffn-rom/rtl/gated_delta_bram.v:146$1893'.
  created $dff cell `$procdff$6390' with positive edge clock.
Creating register for signal `$paramod$9159c8e2e0b7b54d75395a03208d309c937da6bf\gated_delta_bram.\s_hold[8]' using process `$paramod$9159c8e2e0b7b54d75395a03208d309c937da6bf\gated_delta_bram.$proc$/Users/toprakgundogdu/qwen-ffn-rom/rtl/gated_delta_bram.v:146$1893'.
  created $dff cell `$procdff$6391' with positive edge clock.
Creating register for signal `$paramod$9159c8e2e0b7b54d75395a03208d309c937da6bf\gated_delta_bram.\s_hold[9]' using process `$paramod$9159c8e2e0b7b54d75395a03208d309c937da6bf\gated_delta_bram.$proc$/Users/toprakgundogdu/qwen-ffn-rom/rtl/gated_delta_bram.v:146$1893'.
  created $dff cell `$procdff$6392' with positive edge clock.
Creating register for signal `$paramod$9159c8e2e0b7b54d75395a03208d309c937da6bf\gated_delta_bram.\s_hold[10]' using process `$paramod$9159c8e2e0b7b54d75395a03208d309c937da6bf\gated_delta_bram.$proc$/Users/toprakgundogdu/qwen-ffn-rom/rtl/gated_delta_bram.v:146$1893'.
  created $dff cell `$procdff$6393' with positive edge clock.
Creating register for signal `$paramod$9159c8e2e0b7b54d75395a03208d309c937da6bf\gated_delta_bram.\s_hold[11]' using process `$paramod$9159c8e2e0b7b54d75395a03208d309c937da6bf\gated_delta_bram.$proc$/Users/toprakgundogdu/qwen-ffn-rom/rtl/gated_delta_bram.v:146$1893'.
  created $dff cell `$procdff$6394' with positive edge clock.
Creating register for signal `$paramod$9159c8e2e0b7b54d75395a03208d309c937da6bf\gated_delta_bram.\s_hold[12]' using process `$paramod$9159c8e2e0b7b54d75395a03208d309c937da6bf\gated_delta_bram.$proc$/Users/toprakgundogdu/qwen-ffn-rom/rtl/gated_delta_bram.v:146$1893'.
  created $dff cell `$procdff$6395' with positive edge clock.
Creating register for signal `$paramod$9159c8e2e0b7b54d75395a03208d309c937da6bf\gated_delta_bram.\s_hold[13]' using process `$paramod$9159c8e2e0b7b54d75395a03208d309c937da6bf\gated_delta_bram.$proc$/Users/toprakgundogdu/qwen-ffn-rom/rtl/gated_delta_bram.v:146$1893'.
  created $dff cell `$procdff$6396' with positive edge clock.
Creating register for signal `$paramod$9159c8e2e0b7b54d75395a03208d309c937da6bf\gated_delta_bram.\s_hold[14]' using process `$paramod$9159c8e2e0b7b54d75395a03208d309c937da6bf\gated_delta_bram.$proc$/Users/toprakgundogdu/qwen-ffn-rom/rtl/gated_delta_bram.v:146$1893'.
  created $dff cell `$procdff$6397' with positive edge clock.
Creating register for signal `$paramod$9159c8e2e0b7b54d75395a03208d309c937da6bf\gated_delta_bram.\s_hold[15]' using process `$paramod$9159c8e2e0b7b54d75395a03208d309c937da6bf\gated_delta_bram.$proc$/Users/toprakgundogdu/qwen-ffn-rom/rtl/gated_delta_bram.v:146$1893'.
  created $dff cell `$procdff$6398' with positive edge clock.
Creating register for signal `$paramod$9159c8e2e0b7b54d75395a03208d309c937da6bf\gated_delta_bram.\prod[0]' using process `$paramod$9159c8e2e0b7b54d75395a03208d309c937da6bf\gated_delta_bram.$proc$/Users/toprakgundogdu/qwen-ffn-rom/rtl/gated_delta_bram.v:146$1893'.
  created $dff cell `$procdff$6399' with positive edge clock.
Creating register for signal `$paramod$9159c8e2e0b7b54d75395a03208d309c937da6bf\gated_delta_bram.\prod[1]' using process `$paramod$9159c8e2e0b7b54d75395a03208d309c937da6bf\gated_delta_bram.$proc$/Users/toprakgundogdu/qwen-ffn-rom/rtl/gated_delta_bram.v:146$1893'.
  created $dff cell `$procdff$6400' with positive edge clock.
Creating register for signal `$paramod$9159c8e2e0b7b54d75395a03208d309c937da6bf\gated_delta_bram.\prod[2]' using process `$paramod$9159c8e2e0b7b54d75395a03208d309c937da6bf\gated_delta_bram.$proc$/Users/toprakgundogdu/qwen-ffn-rom/rtl/gated_delta_bram.v:146$1893'.
  created $dff cell `$procdff$6401' with positive edge clock.
Creating register for signal `$paramod$9159c8e2e0b7b54d75395a03208d309c937da6bf\gated_delta_bram.\prod[3]' using process `$paramod$9159c8e2e0b7b54d75395a03208d309c937da6bf\gated_delta_bram.$proc$/Users/toprakgundogdu/qwen-ffn-rom/rtl/gated_delta_bram.v:146$1893'.
  created $dff cell `$procdff$6402' with positive edge clock.
Creating register for signal `$paramod$9159c8e2e0b7b54d75395a03208d309c937da6bf\gated_delta_bram.\prod[4]' using process `$paramod$9159c8e2e0b7b54d75395a03208d309c937da6bf\gated_delta_bram.$proc$/Users/toprakgundogdu/qwen-ffn-rom/rtl/gated_delta_bram.v:146$1893'.
  created $dff cell `$procdff$6403' with positive edge clock.
Creating register for signal `$paramod$9159c8e2e0b7b54d75395a03208d309c937da6bf\gated_delta_bram.\prod[5]' using process `$paramod$9159c8e2e0b7b54d75395a03208d309c937da6bf\gated_delta_bram.$proc$/Users/toprakgundogdu/qwen-ffn-rom/rtl/gated_delta_bram.v:146$1893'.
  created $dff cell `$procdff$6404' with positive edge clock.
Creating register for signal `$paramod$9159c8e2e0b7b54d75395a03208d309c937da6bf\gated_delta_bram.\prod[6]' using process `$paramod$9159c8e2e0b7b54d75395a03208d309c937da6bf\gated_delta_bram.$proc$/Users/toprakgundogdu/qwen-ffn-rom/rtl/gated_delta_bram.v:146$1893'.
  created $dff cell `$procdff$6405' with positive edge clock.
Creating register for signal `$paramod$9159c8e2e0b7b54d75395a03208d309c937da6bf\gated_delta_bram.\prod[7]' using process `$paramod$9159c8e2e0b7b54d75395a03208d309c937da6bf\gated_delta_bram.$proc$/Users/toprakgundogdu/qwen-ffn-rom/rtl/gated_delta_bram.v:146$1893'.
  created $dff cell `$procdff$6406' with positive edge clock.
Creating register for signal `$paramod$9159c8e2e0b7b54d75395a03208d309c937da6bf\gated_delta_bram.\prod[8]' using process `$paramod$9159c8e2e0b7b54d75395a03208d309c937da6bf\gated_delta_bram.$proc$/Users/toprakgundogdu/qwen-ffn-rom/rtl/gated_delta_bram.v:146$1893'.
  created $dff cell `$procdff$6407' with positive edge clock.
Creating register for signal `$paramod$9159c8e2e0b7b54d75395a03208d309c937da6bf\gated_delta_bram.\prod[9]' using process `$paramod$9159c8e2e0b7b54d75395a03208d309c937da6bf\gated_delta_bram.$proc$/Users/toprakgundogdu/qwen-ffn-rom/rtl/gated_delta_bram.v:146$1893'.
  created $dff cell `$procdff$6408' with positive edge clock.
Creating register for signal `$paramod$9159c8e2e0b7b54d75395a03208d309c937da6bf\gated_delta_bram.\prod[10]' using process `$paramod$9159c8e2e0b7b54d75395a03208d309c937da6bf\gated_delta_bram.$proc$/Users/toprakgundogdu/qwen-ffn-rom/rtl/gated_delta_bram.v:146$1893'.
  created $dff cell `$procdff$6409' with positive edge clock.
Creating register for signal `$paramod$9159c8e2e0b7b54d75395a03208d309c937da6bf\gated_delta_bram.\prod[11]' using process `$paramod$9159c8e2e0b7b54d75395a03208d309c937da6bf\gated_delta_bram.$proc$/Users/toprakgundogdu/qwen-ffn-rom/rtl/gated_delta_bram.v:146$1893'.
  created $dff cell `$procdff$6410' with positive edge clock.
Creating register for signal `$paramod$9159c8e2e0b7b54d75395a03208d309c937da6bf\gated_delta_bram.\prod[12]' using process `$paramod$9159c8e2e0b7b54d75395a03208d309c937da6bf\gated_delta_bram.$proc$/Users/toprakgundogdu/qwen-ffn-rom/rtl/gated_delta_bram.v:146$1893'.
  created $dff cell `$procdff$6411' with positive edge clock.
Creating register for signal `$paramod$9159c8e2e0b7b54d75395a03208d309c937da6bf\gated_delta_bram.\prod[13]' using process `$paramod$9159c8e2e0b7b54d75395a03208d309c937da6bf\gated_delta_bram.$proc$/Users/toprakgundogdu/qwen-ffn-rom/rtl/gated_delta_bram.v:146$1893'.
  created $dff cell `$procdff$6412' with positive edge clock.
Creating register for signal `$paramod$9159c8e2e0b7b54d75395a03208d309c937da6bf\gated_delta_bram.\prod[14]' using process `$paramod$9159c8e2e0b7b54d75395a03208d309c937da6bf\gated_delta_bram.$proc$/Users/toprakgundogdu/qwen-ffn-rom/rtl/gated_delta_bram.v:146$1893'.
  created $dff cell `$procdff$6413' with positive edge clock.
Creating register for signal `$paramod$9159c8e2e0b7b54d75395a03208d309c937da6bf\gated_delta_bram.\prod[15]' using process `$paramod$9159c8e2e0b7b54d75395a03208d309c937da6bf\gated_delta_bram.$proc$/Users/toprakgundogdu/qwen-ffn-rom/rtl/gated_delta_bram.v:146$1893'.
  created $dff cell `$procdff$6414' with positive edge clock.
Creating register for signal `$paramod$9159c8e2e0b7b54d75395a03208d309c937da6bf\gated_delta_bram.\wdata_c[0]' using process `$paramod$9159c8e2e0b7b54d75395a03208d309c937da6bf\gated_delta_bram.$proc$/Users/toprakgundogdu/qwen-ffn-rom/rtl/gated_delta_bram.v:146$1893'.
  created $dff cell `$procdff$6415' with positive edge clock.
Creating register for signal `$paramod$9159c8e2e0b7b54d75395a03208d309c937da6bf\gated_delta_bram.\wdata_c[1]' using process `$paramod$9159c8e2e0b7b54d75395a03208d309c937da6bf\gated_delta_bram.$proc$/Users/toprakgundogdu/qwen-ffn-rom/rtl/gated_delta_bram.v:146$1893'.
  created $dff cell `$procdff$6416' with positive edge clock.
Creating register for signal `$paramod$9159c8e2e0b7b54d75395a03208d309c937da6bf\gated_delta_bram.\wdata_c[2]' using process `$paramod$9159c8e2e0b7b54d75395a03208d309c937da6bf\gated_delta_bram.$proc$/Users/toprakgundogdu/qwen-ffn-rom/rtl/gated_delta_bram.v:146$1893'.
  created $dff cell `$procdff$6417' with positive edge clock.
Creating register for signal `$paramod$9159c8e2e0b7b54d75395a03208d309c937da6bf\gated_delta_bram.\wdata_c[3]' using process `$paramod$9159c8e2e0b7b54d75395a03208d309c937da6bf\gated_delta_bram.$proc$/Users/toprakgundogdu/qwen-ffn-rom/rtl/gated_delta_bram.v:146$1893'.
  created $dff cell `$procdff$6418' with positive edge clock.
Creating register for signal `$paramod$9159c8e2e0b7b54d75395a03208d309c937da6bf\gated_delta_bram.\wdata_c[4]' using process `$paramod$9159c8e2e0b7b54d75395a03208d309c937da6bf\gated_delta_bram.$proc$/Users/toprakgundogdu/qwen-ffn-rom/rtl/gated_delta_bram.v:146$1893'.
  created $dff cell `$procdff$6419' with positive edge clock.
Creating register for signal `$paramod$9159c8e2e0b7b54d75395a03208d309c937da6bf\gated_delta_bram.\wdata_c[5]' using process `$paramod$9159c8e2e0b7b54d75395a03208d309c937da6bf\gated_delta_bram.$proc$/Users/toprakgundogdu/qwen-ffn-rom/rtl/gated_delta_bram.v:146$1893'.
  created $dff cell `$procdff$6420' with positive edge clock.
Creating register for signal `$paramod$9159c8e2e0b7b54d75395a03208d309c937da6bf\gated_delta_bram.\wdata_c[6]' using process `$paramod$9159c8e2e0b7b54d75395a03208d309c937da6bf\gated_delta_bram.$proc$/Users/toprakgundogdu/qwen-ffn-rom/rtl/gated_delta_bram.v:146$1893'.
  created $dff cell `$procdff$6421' with positive edge clock.
Creating register for signal `$paramod$9159c8e2e0b7b54d75395a03208d309c937da6bf\gated_delta_bram.\wdata_c[7]' using process `$paramod$9159c8e2e0b7b54d75395a03208d309c937da6bf\gated_delta_bram.$proc$/Users/toprakgundogdu/qwen-ffn-rom/rtl/gated_delta_bram.v:146$1893'.
  created $dff cell `$procdff$6422' with positive edge clock.
Creating register for signal `$paramod$9159c8e2e0b7b54d75395a03208d309c937da6bf\gated_delta_bram.\wdata_c[8]' using process `$paramod$9159c8e2e0b7b54d75395a03208d309c937da6bf\gated_delta_bram.$proc$/Users/toprakgundogdu/qwen-ffn-rom/rtl/gated_delta_bram.v:146$1893'.
  created $dff cell `$procdff$6423' with positive edge clock.
Creating register for signal `$paramod$9159c8e2e0b7b54d75395a03208d309c937da6bf\gated_delta_bram.\wdata_c[9]' using process `$paramod$9159c8e2e0b7b54d75395a03208d309c937da6bf\gated_delta_bram.$proc$/Users/toprakgundogdu/qwen-ffn-rom/rtl/gated_delta_bram.v:146$1893'.
  created $dff cell `$procdff$6424' with positive edge clock.
Creating register for signal `$paramod$9159c8e2e0b7b54d75395a03208d309c937da6bf\gated_delta_bram.\wdata_c[10]' using process `$paramod$9159c8e2e0b7b54d75395a03208d309c937da6bf\gated_delta_bram.$proc$/Users/toprakgundogdu/qwen-ffn-rom/rtl/gated_delta_bram.v:146$1893'.
  created $dff cell `$procdff$6425' with positive edge clock.
Creating register for signal `$paramod$9159c8e2e0b7b54d75395a03208d309c937da6bf\gated_delta_bram.\wdata_c[11]' using process `$paramod$9159c8e2e0b7b54d75395a03208d309c937da6bf\gated_delta_bram.$proc$/Users/toprakgundogdu/qwen-ffn-rom/rtl/gated_delta_bram.v:146$1893'.
  created $dff cell `$procdff$6426' with positive edge clock.
Creating register for signal `$paramod$9159c8e2e0b7b54d75395a03208d309c937da6bf\gated_delta_bram.\wdata_c[12]' using process `$paramod$9159c8e2e0b7b54d75395a03208d309c937da6bf\gated_delta_bram.$proc$/Users/toprakgundogdu/qwen-ffn-rom/rtl/gated_delta_bram.v:146$1893'.
  created $dff cell `$procdff$6427' with positive edge clock.
Creating register for signal `$paramod$9159c8e2e0b7b54d75395a03208d309c937da6bf\gated_delta_bram.\wdata_c[13]' using process `$paramod$9159c8e2e0b7b54d75395a03208d309c937da6bf\gated_delta_bram.$proc$/Users/toprakgundogdu/qwen-ffn-rom/rtl/gated_delta_bram.v:146$1893'.
  created $dff cell `$procdff$6428' with positive edge clock.
Creating register for signal `$paramod$9159c8e2e0b7b54d75395a03208d309c937da6bf\gated_delta_bram.\wdata_c[14]' using process `$paramod$9159c8e2e0b7b54d75395a03208d309c937da6bf\gated_delta_bram.$proc$/Users/toprakgundogdu/qwen-ffn-rom/rtl/gated_delta_bram.v:146$1893'.
  created $dff cell `$procdff$6429' with positive edge clock.
Creating register for signal `$paramod$9159c8e2e0b7b54d75395a03208d309c937da6bf\gated_delta_bram.\wdata_c[15]' using process `$paramod$9159c8e2e0b7b54d75395a03208d309c937da6bf\gated_delta_bram.$proc$/Users/toprakgundogdu/qwen-ffn-rom/rtl/gated_delta_bram.v:146$1893'.
  created $dff cell `$procdff$6430' with positive edge clock.

5.10. Executing PROC_MEMWR pass (convert process memory writes to cells).

5.11. Executing PROC_CLEAN pass (remove empty switches from decision trees).
Removing empty process `$paramod$0af7322157a0cb9528e4c21e617f7308440e4612\delta_s_col_ram.$proc$/Users/toprakgundogdu/qwen-ffn-rom/rtl/delta_s_col_ram.v:22$938'.
Found and cleaned up 1 empty switch in `$paramod$0af7322157a0cb9528e4c21e617f7308440e4612\delta_s_col_ram.$proc$/Users/toprakgundogdu/qwen-ffn-rom/rtl/delta_s_col_ram.v:26$914'.
Removing empty process `$paramod$0af7322157a0cb9528e4c21e617f7308440e4612\delta_s_col_ram.$proc$/Users/toprakgundogdu/qwen-ffn-rom/rtl/delta_s_col_ram.v:26$914'.
Removing empty process `$paramod$9159c8e2e0b7b54d75395a03208d309c937da6bf\gated_delta_bram.$proc$/Users/toprakgundogdu/qwen-ffn-rom/rtl/gated_delta_bram.v:139$2695'.
Removing empty process `$paramod$9159c8e2e0b7b54d75395a03208d309c937da6bf\gated_delta_bram.$proc$/Users/toprakgundogdu/qwen-ffn-rom/rtl/gated_delta_bram.v:136$2690'.
Removing empty process `$paramod$9159c8e2e0b7b54d75395a03208d309c937da6bf\gated_delta_bram.$proc$/Users/toprakgundogdu/qwen-ffn-rom/rtl/gated_delta_bram.v:129$2681'.
Removing empty process `$paramod$9159c8e2e0b7b54d75395a03208d309c937da6bf\gated_delta_bram.$proc$/Users/toprakgundogdu/qwen-ffn-rom/rtl/gated_delta_bram.v:123$2672'.
Found and cleaned up 1 empty switch in `$paramod$9159c8e2e0b7b54d75395a03208d309c937da6bf\gated_delta_bram.$proc$/Users/toprakgundogdu/qwen-ffn-rom/rtl/gated_delta_bram.v:118$2669'.
Removing empty process `$paramod$9159c8e2e0b7b54d75395a03208d309c937da6bf\gated_delta_bram.$proc$/Users/toprakgundogdu/qwen-ffn-rom/rtl/gated_delta_bram.v:118$2669'.
Found and cleaned up 1 empty switch in `$paramod$9159c8e2e0b7b54d75395a03208d309c937da6bf\gated_delta_bram.$proc$/Users/toprakgundogdu/qwen-ffn-rom/rtl/gated_delta_bram.v:117$2666'.
Removing empty process `$paramod$9159c8e2e0b7b54d75395a03208d309c937da6bf\gated_delta_bram.$proc$/Users/toprakgundogdu/qwen-ffn-rom/rtl/gated_delta_bram.v:117$2666'.
Removing empty process `$paramod$9159c8e2e0b7b54d75395a03208d309c937da6bf\gated_delta_bram.$proc$/Users/toprakgundogdu/qwen-ffn-rom/rtl/gated_delta_bram.v:114$2665'.
Removing empty process `$paramod$9159c8e2e0b7b54d75395a03208d309c937da6bf\gated_delta_bram.$proc$/Users/toprakgundogdu/qwen-ffn-rom/rtl/gated_delta_bram.v:113$2664'.
Removing empty process `$paramod$9159c8e2e0b7b54d75395a03208d309c937da6bf\gated_delta_bram.$proc$/Users/toprakgundogdu/qwen-ffn-rom/rtl/gated_delta_bram.v:109$2663'.
Removing empty process `$paramod$9159c8e2e0b7b54d75395a03208d309c937da6bf\gated_delta_bram.$proc$/Users/toprakgundogdu/qwen-ffn-rom/rtl/gated_delta_bram.v:139$2661'.
Removing empty process `$paramod$9159c8e2e0b7b54d75395a03208d309c937da6bf\gated_delta_bram.$proc$/Users/toprakgundogdu/qwen-ffn-rom/rtl/gated_delta_bram.v:136$2656'.
Removing empty process `$paramod$9159c8e2e0b7b54d75395a03208d309c937da6bf\gated_delta_bram.$proc$/Users/toprakgundogdu/qwen-ffn-rom/rtl/gated_delta_bram.v:129$2647'.
Removing empty process `$paramod$9159c8e2e0b7b54d75395a03208d309c937da6bf\gated_delta_bram.$proc$/Users/toprakgundogdu/qwen-ffn-rom/rtl/gated_delta_bram.v:123$2638'.
Found and cleaned up 1 empty switch in `$paramod$9159c8e2e0b7b54d75395a03208d309c937da6bf\gated_delta_bram.$proc$/Users/toprakgundogdu/qwen-ffn-rom/rtl/gated_delta_bram.v:118$2635'.
Removing empty process `$paramod$9159c8e2e0b7b54d75395a03208d309c937da6bf\gated_delta_bram.$proc$/Users/toprakgundogdu/qwen-ffn-rom/rtl/gated_delta_bram.v:118$2635'.
Found and cleaned up 1 empty switch in `$paramod$9159c8e2e0b7b54d75395a03208d309c937da6bf\gated_delta_bram.$proc$/Users/toprakgundogdu/qwen-ffn-rom/rtl/gated_delta_bram.v:117$2632'.
Removing empty process `$paramod$9159c8e2e0b7b54d75395a03208d309c937da6bf\gated_delta_bram.$proc$/Users/toprakgundogdu/qwen-ffn-rom/rtl/gated_delta_bram.v:117$2632'.
Removing empty process `$paramod$9159c8e2e0b7b54d75395a03208d309c937da6bf\gated_delta_bram.$proc$/Users/toprakgundogdu/qwen-ffn-rom/rtl/gated_delta_bram.v:114$2631'.
Removing empty process `$paramod$9159c8e2e0b7b54d75395a03208d309c937da6bf\gated_delta_bram.$proc$/Users/toprakgundogdu/qwen-ffn-rom/rtl/gated_delta_bram.v:113$2630'.
Removing empty process `$paramod$9159c8e2e0b7b54d75395a03208d309c937da6bf\gated_delta_bram.$proc$/Users/toprakgundogdu/qwen-ffn-rom/rtl/gated_delta_bram.v:109$2629'.
Removing empty process `$paramod$9159c8e2e0b7b54d75395a03208d309c937da6bf\gated_delta_bram.$proc$/Users/toprakgundogdu/qwen-ffn-rom/rtl/gated_delta_bram.v:139$2627'.
Removing empty process `$paramod$9159c8e2e0b7b54d75395a03208d309c937da6bf\gated_delta_bram.$proc$/Users/toprakgundogdu/qwen-ffn-rom/rtl/gated_delta_bram.v:136$2622'.
Removing empty process `$paramod$9159c8e2e0b7b54d75395a03208d309c937da6bf\gated_delta_bram.$proc$/Users/toprakgundogdu/qwen-ffn-rom/rtl/gated_delta_bram.v:129$2613'.
Removing empty process `$paramod$9159c8e2e0b7b54d75395a03208d309c937da6bf\gated_delta_bram.$proc$/Users/toprakgundogdu/qwen-ffn-rom/rtl/gated_delta_bram.v:123$2604'.
Found and cleaned up 1 empty switch in `$paramod$9159c8e2e0b7b54d75395a03208d309c937da6bf\gated_delta_bram.$proc$/Users/toprakgundogdu/qwen-ffn-rom/rtl/gated_delta_bram.v:118$2601'.
Removing empty process `$paramod$9159c8e2e0b7b54d75395a03208d309c937da6bf\gated_delta_bram.$proc$/Users/toprakgundogdu/qwen-ffn-rom/rtl/gated_delta_bram.v:118$2601'.
Found and cleaned up 1 empty switch in `$paramod$9159c8e2e0b7b54d75395a03208d309c937da6bf\gated_delta_bram.$proc$/Users/toprakgundogdu/qwen-ffn-rom/rtl/gated_delta_bram.v:117$2598'.
Removing empty process `$paramod$9159c8e2e0b7b54d75395a03208d309c937da6bf\gated_delta_bram.$proc$/Users/toprakgundogdu/qwen-ffn-rom/rtl/gated_delta_bram.v:117$2598'.
Removing empty process `$paramod$9159c8e2e0b7b54d75395a03208d309c937da6bf\gated_delta_bram.$proc$/Users/toprakgundogdu/qwen-ffn-rom/rtl/gated_delta_bram.v:114$2597'.
Removing empty process `$paramod$9159c8e2e0b7b54d75395a03208d309c937da6bf\gated_delta_bram.$proc$/Users/toprakgundogdu/qwen-ffn-rom/rtl/gated_delta_bram.v:113$2596'.
Removing empty process `$paramod$9159c8e2e0b7b54d75395a03208d309c937da6bf\gated_delta_bram.$proc$/Users/toprakgundogdu/qwen-ffn-rom/rtl/gated_delta_bram.v:109$2595'.
Removing empty process `$paramod$9159c8e2e0b7b54d75395a03208d309c937da6bf\gated_delta_bram.$proc$/Users/toprakgundogdu/qwen-ffn-rom/rtl/gated_delta_bram.v:139$2593'.
Removing empty process `$paramod$9159c8e2e0b7b54d75395a03208d309c937da6bf\gated_delta_bram.$proc$/Users/toprakgundogdu/qwen-ffn-rom/rtl/gated_delta_bram.v:136$2588'.
Removing empty process `$paramod$9159c8e2e0b7b54d75395a03208d309c937da6bf\gated_delta_bram.$proc$/Users/toprakgundogdu/qwen-ffn-rom/rtl/gated_delta_bram.v:129$2579'.
Removing empty process `$paramod$9159c8e2e0b7b54d75395a03208d309c937da6bf\gated_delta_bram.$proc$/Users/toprakgundogdu/qwen-ffn-rom/rtl/gated_delta_bram.v:123$2570'.
Found and cleaned up 1 empty switch in `$paramod$9159c8e2e0b7b54d75395a03208d309c937da6bf\gated_delta_bram.$proc$/Users/toprakgundogdu/qwen-ffn-rom/rtl/gated_delta_bram.v:118$2567'.
Removing empty process `$paramod$9159c8e2e0b7b54d75395a03208d309c937da6bf\gated_delta_bram.$proc$/Users/toprakgundogdu/qwen-ffn-rom/rtl/gated_delta_bram.v:118$2567'.
Found and cleaned up 1 empty switch in `$paramod$9159c8e2e0b7b54d75395a03208d309c937da6bf\gated_delta_bram.$proc$/Users/toprakgundogdu/qwen-ffn-rom/rtl/gated_delta_bram.v:117$2564'.
Removing empty process `$paramod$9159c8e2e0b7b54d75395a03208d309c937da6bf\gated_delta_bram.$proc$/Users/toprakgundogdu/qwen-ffn-rom/rtl/gated_delta_bram.v:117$2564'.
Removing empty process `$paramod$9159c8e2e0b7b54d75395a03208d309c937da6bf\gated_delta_bram.$proc$/Users/toprakgundogdu/qwen-ffn-rom/rtl/gated_delta_bram.v:114$2563'.
Removing empty process `$paramod$9159c8e2e0b7b54d75395a03208d309c937da6bf\gated_delta_bram.$proc$/Users/toprakgundogdu/qwen-ffn-rom/rtl/gated_delta_bram.v:113$2562'.
Removing empty process `$paramod$9159c8e2e0b7b54d75395a03208d309c937da6bf\gated_delta_bram.$proc$/Users/toprakgundogdu/qwen-ffn-rom/rtl/gated_delta_bram.v:109$2561'.
Removing empty process `$paramod$9159c8e2e0b7b54d75395a03208d309c937da6bf\gated_delta_bram.$proc$/Users/toprakgundogdu/qwen-ffn-rom/rtl/gated_delta_bram.v:139$2559'.
Removing empty process `$paramod$9159c8e2e0b7b54d75395a03208d309c937da6bf\gated_delta_bram.$proc$/Users/toprakgundogdu/qwen-ffn-rom/rtl/gated_delta_bram.v:136$2554'.
Removing empty process `$paramod$9159c8e2e0b7b54d75395a03208d309c937da6bf\gated_delta_bram.$proc$/Users/toprakgundogdu/qwen-ffn-rom/rtl/gated_delta_bram.v:129$2545'.
Removing empty process `$paramod$9159c8e2e0b7b54d75395a03208d309c937da6bf\gated_delta_bram.$proc$/Users/toprakgundogdu/qwen-ffn-rom/rtl/gated_delta_bram.v:123$2536'.
Found and cleaned up 1 empty switch in `$paramod$9159c8e2e0b7b54d75395a03208d309c937da6bf\gated_delta_bram.$proc$/Users/toprakgundogdu/qwen-ffn-rom/rtl/gated_delta_bram.v:118$2533'.
Removing empty process `$paramod$9159c8e2e0b7b54d75395a03208d309c937da6bf\gated_delta_bram.$proc$/Users/toprakgundogdu/qwen-ffn-rom/rtl/gated_delta_bram.v:118$2533'.
Found and cleaned up 1 empty switch in `$paramod$9159c8e2e0b7b54d75395a03208d309c937da6bf\gated_delta_bram.$proc$/Users/toprakgundogdu/qwen-ffn-rom/rtl/gated_delta_bram.v:117$2530'.
Removing empty process `$paramod$9159c8e2e0b7b54d75395a03208d309c937da6bf\gated_delta_bram.$proc$/Users/toprakgundogdu/qwen-ffn-rom/rtl/gated_delta_bram.v:117$2530'.
Removing empty process `$paramod$9159c8e2e0b7b54d75395a03208d309c937da6bf\gated_delta_bram.$proc$/Users/toprakgundogdu/qwen-ffn-rom/rtl/gated_delta_bram.v:114$2529'.
Removing empty process `$paramod$9159c8e2e0b7b54d75395a03208d309c937da6bf\gated_delta_bram.$proc$/Users/toprakgundogdu/qwen-ffn-rom/rtl/gated_delta_bram.v:113$2528'.
Removing empty process `$paramod$9159c8e2e0b7b54d75395a03208d309c937da6bf\gated_delta_bram.$proc$/Users/toprakgundogdu/qwen-ffn-rom/rtl/gated_delta_bram.v:109$2527'.
Removing empty process `$paramod$9159c8e2e0b7b54d75395a03208d309c937da6bf\gated_delta_bram.$proc$/Users/toprakgundogdu/qwen-ffn-rom/rtl/gated_delta_bram.v:139$2525'.
Removing empty process `$paramod$9159c8e2e0b7b54d75395a03208d309c937da6bf\gated_delta_bram.$proc$/Users/toprakgundogdu/qwen-ffn-rom/rtl/gated_delta_bram.v:136$2520'.
Removing empty process `$paramod$9159c8e2e0b7b54d75395a03208d309c937da6bf\gated_delta_bram.$proc$/Users/toprakgundogdu/qwen-ffn-rom/rtl/gated_delta_bram.v:129$2511'.
Removing empty process `$paramod$9159c8e2e0b7b54d75395a03208d309c937da6bf\gated_delta_bram.$proc$/Users/toprakgundogdu/qwen-ffn-rom/rtl/gated_delta_bram.v:123$2502'.
Found and cleaned up 1 empty switch in `$paramod$9159c8e2e0b7b54d75395a03208d309c937da6bf\gated_delta_bram.$proc$/Users/toprakgundogdu/qwen-ffn-rom/rtl/gated_delta_bram.v:118$2499'.
Removing empty process `$paramod$9159c8e2e0b7b54d75395a03208d309c937da6bf\gated_delta_bram.$proc$/Users/toprakgundogdu/qwen-ffn-rom/rtl/gated_delta_bram.v:118$2499'.
Found and cleaned up 1 empty switch in `$paramod$9159c8e2e0b7b54d75395a03208d309c937da6bf\gated_delta_bram.$proc$/Users/toprakgundogdu/qwen-ffn-rom/rtl/gated_delta_bram.v:117$2496'.
Removing empty process `$paramod$9159c8e2e0b7b54d75395a03208d309c937da6bf\gated_delta_bram.$proc$/Users/toprakgundogdu/qwen-ffn-rom/rtl/gated_delta_bram.v:117$2496'.
Removing empty process `$paramod$9159c8e2e0b7b54d75395a03208d309c937da6bf\gated_delta_bram.$proc$/Users/toprakgundogdu/qwen-ffn-rom/rtl/gated_delta_bram.v:114$2495'.
Removing empty process `$paramod$9159c8e2e0b7b54d75395a03208d309c937da6bf\gated_delta_bram.$proc$/Users/toprakgundogdu/qwen-ffn-rom/rtl/gated_delta_bram.v:113$2494'.
Removing empty process `$paramod$9159c8e2e0b7b54d75395a03208d309c937da6bf\gated_delta_bram.$proc$/Users/toprakgundogdu/qwen-ffn-rom/rtl/gated_delta_bram.v:109$2493'.
Removing empty process `$paramod$9159c8e2e0b7b54d75395a03208d309c937da6bf\gated_delta_bram.$proc$/Users/toprakgundogdu/qwen-ffn-rom/rtl/gated_delta_bram.v:139$2491'.
Removing empty process `$paramod$9159c8e2e0b7b54d75395a03208d309c937da6bf\gated_delta_bram.$proc$/Users/toprakgundogdu/qwen-ffn-rom/rtl/gated_delta_bram.v:136$2486'.
Removing empty process `$paramod$9159c8e2e0b7b54d75395a03208d309c937da6bf\gated_delta_bram.$proc$/Users/toprakgundogdu/qwen-ffn-rom/rtl/gated_delta_bram.v:129$2477'.
Removing empty process `$paramod$9159c8e2e0b7b54d75395a03208d309c937da6bf\gated_delta_bram.$proc$/Users/toprakgundogdu/qwen-ffn-rom/rtl/gated_delta_bram.v:123$2468'.
Found and cleaned up 1 empty switch in `$paramod$9159c8e2e0b7b54d75395a03208d309c937da6bf\gated_delta_bram.$proc$/Users/toprakgundogdu/qwen-ffn-rom/rtl/gated_delta_bram.v:118$2465'.
Removing empty process `$paramod$9159c8e2e0b7b54d75395a03208d309c937da6bf\gated_delta_bram.$proc$/Users/toprakgundogdu/qwen-ffn-rom/rtl/gated_delta_bram.v:118$2465'.
Found and cleaned up 1 empty switch in `$paramod$9159c8e2e0b7b54d75395a03208d309c937da6bf\gated_delta_bram.$proc$/Users/toprakgundogdu/qwen-ffn-rom/rtl/gated_delta_bram.v:117$2462'.
Removing empty process `$paramod$9159c8e2e0b7b54d75395a03208d309c937da6bf\gated_delta_bram.$proc$/Users/toprakgundogdu/qwen-ffn-rom/rtl/gated_delta_bram.v:117$2462'.
Removing empty process `$paramod$9159c8e2e0b7b54d75395a03208d309c937da6bf\gated_delta_bram.$proc$/Users/toprakgundogdu/qwen-ffn-rom/rtl/gated_delta_bram.v:114$2461'.
Removing empty process `$paramod$9159c8e2e0b7b54d75395a03208d309c937da6bf\gated_delta_bram.$proc$/Users/toprakgundogdu/qwen-ffn-rom/rtl/gated_delta_bram.v:113$2460'.
Removing empty process `$paramod$9159c8e2e0b7b54d75395a03208d309c937da6bf\gated_delta_bram.$proc$/Users/toprakgundogdu/qwen-ffn-rom/rtl/gated_delta_bram.v:109$2459'.
Removing empty process `$paramod$9159c8e2e0b7b54d75395a03208d309c937da6bf\gated_delta_bram.$proc$/Users/toprakgundogdu/qwen-ffn-rom/rtl/gated_delta_bram.v:139$2457'.
Removing empty process `$paramod$9159c8e2e0b7b54d75395a03208d309c937da6bf\gated_delta_bram.$proc$/Users/toprakgundogdu/qwen-ffn-rom/rtl/gated_delta_bram.v:136$2452'.
Removing empty process `$paramod$9159c8e2e0b7b54d75395a03208d309c937da6bf\gated_delta_bram.$proc$/Users/toprakgundogdu/qwen-ffn-rom/rtl/gated_delta_bram.v:129$2443'.
Removing empty process `$paramod$9159c8e2e0b7b54d75395a03208d309c937da6bf\gated_delta_bram.$proc$/Users/toprakgundogdu/qwen-ffn-rom/rtl/gated_delta_bram.v:123$2434'.
Found and cleaned up 1 empty switch in `$paramod$9159c8e2e0b7b54d75395a03208d309c937da6bf\gated_delta_bram.$proc$/Users/toprakgundogdu/qwen-ffn-rom/rtl/gated_delta_bram.v:118$2431'.
Removing empty process `$paramod$9159c8e2e0b7b54d75395a03208d309c937da6bf\gated_delta_bram.$proc$/Users/toprakgundogdu/qwen-ffn-rom/rtl/gated_delta_bram.v:118$2431'.
Found and cleaned up 1 empty switch in `$paramod$9159c8e2e0b7b54d75395a03208d309c937da6bf\gated_delta_bram.$proc$/Users/toprakgundogdu/qwen-ffn-rom/rtl/gated_delta_bram.v:117$2428'.
Removing empty process `$paramod$9159c8e2e0b7b54d75395a03208d309c937da6bf\gated_delta_bram.$proc$/Users/toprakgundogdu/qwen-ffn-rom/rtl/gated_delta_bram.v:117$2428'.
Removing empty process `$paramod$9159c8e2e0b7b54d75395a03208d309c937da6bf\gated_delta_bram.$proc$/Users/toprakgundogdu/qwen-ffn-rom/rtl/gated_delta_bram.v:114$2427'.
Removing empty process `$paramod$9159c8e2e0b7b54d75395a03208d309c937da6bf\gated_delta_bram.$proc$/Users/toprakgundogdu/qwen-ffn-rom/rtl/gated_delta_bram.v:113$2426'.
Removing empty process `$paramod$9159c8e2e0b7b54d75395a03208d309c937da6bf\gated_delta_bram.$proc$/Users/toprakgundogdu/qwen-ffn-rom/rtl/gated_delta_bram.v:109$2425'.
Removing empty process `$paramod$9159c8e2e0b7b54d75395a03208d309c937da6bf\gated_delta_bram.$proc$/Users/toprakgundogdu/qwen-ffn-rom/rtl/gated_delta_bram.v:139$2423'.
Removing empty process `$paramod$9159c8e2e0b7b54d75395a03208d309c937da6bf\gated_delta_bram.$proc$/Users/toprakgundogdu/qwen-ffn-rom/rtl/gated_delta_bram.v:136$2418'.
Removing empty process `$paramod$9159c8e2e0b7b54d75395a03208d309c937da6bf\gated_delta_bram.$proc$/Users/toprakgundogdu/qwen-ffn-rom/rtl/gated_delta_bram.v:129$2409'.
Removing empty process `$paramod$9159c8e2e0b7b54d75395a03208d309c937da6bf\gated_delta_bram.$proc$/Users/toprakgundogdu/qwen-ffn-rom/rtl/gated_delta_bram.v:123$2400'.
Found and cleaned up 1 empty switch in `$paramod$9159c8e2e0b7b54d75395a03208d309c937da6bf\gated_delta_bram.$proc$/Users/toprakgundogdu/qwen-ffn-rom/rtl/gated_delta_bram.v:118$2397'.
Removing empty process `$paramod$9159c8e2e0b7b54d75395a03208d309c937da6bf\gated_delta_bram.$proc$/Users/toprakgundogdu/qwen-ffn-rom/rtl/gated_delta_bram.v:118$2397'.
Found and cleaned up 1 empty switch in `$paramod$9159c8e2e0b7b54d75395a03208d309c937da6bf\gated_delta_bram.$proc$/Users/toprakgundogdu/qwen-ffn-rom/rtl/gated_delta_bram.v:117$2394'.
Removing empty process `$paramod$9159c8e2e0b7b54d75395a03208d309c937da6bf\gated_delta_bram.$proc$/Users/toprakgundogdu/qwen-ffn-rom/rtl/gated_delta_bram.v:117$2394'.
Removing empty process `$paramod$9159c8e2e0b7b54d75395a03208d309c937da6bf\gated_delta_bram.$proc$/Users/toprakgundogdu/qwen-ffn-rom/rtl/gated_delta_bram.v:114$2393'.
Removing empty process `$paramod$9159c8e2e0b7b54d75395a03208d309c937da6bf\gated_delta_bram.$proc$/Users/toprakgundogdu/qwen-ffn-rom/rtl/gated_delta_bram.v:113$2392'.
Removing empty process `$paramod$9159c8e2e0b7b54d75395a03208d309c937da6bf\gated_delta_bram.$proc$/Users/toprakgundogdu/qwen-ffn-rom/rtl/gated_delta_bram.v:109$2391'.
Removing empty process `$paramod$9159c8e2e0b7b54d75395a03208d309c937da6bf\gated_delta_bram.$proc$/Users/toprakgundogdu/qwen-ffn-rom/rtl/gated_delta_bram.v:139$2389'.
Removing empty process `$paramod$9159c8e2e0b7b54d75395a03208d309c937da6bf\gated_delta_bram.$proc$/Users/toprakgundogdu/qwen-ffn-rom/rtl/gated_delta_bram.v:136$2384'.
Removing empty process `$paramod$9159c8e2e0b7b54d75395a03208d309c937da6bf\gated_delta_bram.$proc$/Users/toprakgundogdu/qwen-ffn-rom/rtl/gated_delta_bram.v:129$2375'.
Removing empty process `$paramod$9159c8e2e0b7b54d75395a03208d309c937da6bf\gated_delta_bram.$proc$/Users/toprakgundogdu/qwen-ffn-rom/rtl/gated_delta_bram.v:123$2366'.
Found and cleaned up 1 empty switch in `$paramod$9159c8e2e0b7b54d75395a03208d309c937da6bf\gated_delta_bram.$proc$/Users/toprakgundogdu/qwen-ffn-rom/rtl/gated_delta_bram.v:118$2363'.
Removing empty process `$paramod$9159c8e2e0b7b54d75395a03208d309c937da6bf\gated_delta_bram.$proc$/Users/toprakgundogdu/qwen-ffn-rom/rtl/gated_delta_bram.v:118$2363'.
Found and cleaned up 1 empty switch in `$paramod$9159c8e2e0b7b54d75395a03208d309c937da6bf\gated_delta_bram.$proc$/Users/toprakgundogdu/qwen-ffn-rom/rtl/gated_delta_bram.v:117$2360'.
Removing empty process `$paramod$9159c8e2e0b7b54d75395a03208d309c937da6bf\gated_delta_bram.$proc$/Users/toprakgundogdu/qwen-ffn-rom/rtl/gated_delta_bram.v:117$2360'.
Removing empty process `$paramod$9159c8e2e0b7b54d75395a03208d309c937da6bf\gated_delta_bram.$proc$/Users/toprakgundogdu/qwen-ffn-rom/rtl/gated_delta_bram.v:114$2359'.
Removing empty process `$paramod$9159c8e2e0b7b54d75395a03208d309c937da6bf\gated_delta_bram.$proc$/Users/toprakgundogdu/qwen-ffn-rom/rtl/gated_delta_bram.v:113$2358'.
Removing empty process `$paramod$9159c8e2e0b7b54d75395a03208d309c937da6bf\gated_delta_bram.$proc$/Users/toprakgundogdu/qwen-ffn-rom/rtl/gated_delta_bram.v:109$2357'.
Removing empty process `$paramod$9159c8e2e0b7b54d75395a03208d309c937da6bf\gated_delta_bram.$proc$/Users/toprakgundogdu/qwen-ffn-rom/rtl/gated_delta_bram.v:139$2355'.
Removing empty process `$paramod$9159c8e2e0b7b54d75395a03208d309c937da6bf\gated_delta_bram.$proc$/Users/toprakgundogdu/qwen-ffn-rom/rtl/gated_delta_bram.v:136$2350'.
Removing empty process `$paramod$9159c8e2e0b7b54d75395a03208d309c937da6bf\gated_delta_bram.$proc$/Users/toprakgundogdu/qwen-ffn-rom/rtl/gated_delta_bram.v:129$2341'.
Removing empty process `$paramod$9159c8e2e0b7b54d75395a03208d309c937da6bf\gated_delta_bram.$proc$/Users/toprakgundogdu/qwen-ffn-rom/rtl/gated_delta_bram.v:123$2332'.
Found and cleaned up 1 empty switch in `$paramod$9159c8e2e0b7b54d75395a03208d309c937da6bf\gated_delta_bram.$proc$/Users/toprakgundogdu/qwen-ffn-rom/rtl/gated_delta_bram.v:118$2329'.
Removing empty process `$paramod$9159c8e2e0b7b54d75395a03208d309c937da6bf\gated_delta_bram.$proc$/Users/toprakgundogdu/qwen-ffn-rom/rtl/gated_delta_bram.v:118$2329'.
Found and cleaned up 1 empty switch in `$paramod$9159c8e2e0b7b54d75395a03208d309c937da6bf\gated_delta_bram.$proc$/Users/toprakgundogdu/qwen-ffn-rom/rtl/gated_delta_bram.v:117$2326'.
Removing empty process `$paramod$9159c8e2e0b7b54d75395a03208d309c937da6bf\gated_delta_bram.$proc$/Users/toprakgundogdu/qwen-ffn-rom/rtl/gated_delta_bram.v:117$2326'.
Removing empty process `$paramod$9159c8e2e0b7b54d75395a03208d309c937da6bf\gated_delta_bram.$proc$/Users/toprakgundogdu/qwen-ffn-rom/rtl/gated_delta_bram.v:114$2325'.
Removing empty process `$paramod$9159c8e2e0b7b54d75395a03208d309c937da6bf\gated_delta_bram.$proc$/Users/toprakgundogdu/qwen-ffn-rom/rtl/gated_delta_bram.v:113$2324'.
Removing empty process `$paramod$9159c8e2e0b7b54d75395a03208d309c937da6bf\gated_delta_bram.$proc$/Users/toprakgundogdu/qwen-ffn-rom/rtl/gated_delta_bram.v:109$2323'.
Removing empty process `$paramod$9159c8e2e0b7b54d75395a03208d309c937da6bf\gated_delta_bram.$proc$/Users/toprakgundogdu/qwen-ffn-rom/rtl/gated_delta_bram.v:139$2321'.
Removing empty process `$paramod$9159c8e2e0b7b54d75395a03208d309c937da6bf\gated_delta_bram.$proc$/Users/toprakgundogdu/qwen-ffn-rom/rtl/gated_delta_bram.v:136$2316'.
Removing empty process `$paramod$9159c8e2e0b7b54d75395a03208d309c937da6bf\gated_delta_bram.$proc$/Users/toprakgundogdu/qwen-ffn-rom/rtl/gated_delta_bram.v:129$2307'.
Removing empty process `$paramod$9159c8e2e0b7b54d75395a03208d309c937da6bf\gated_delta_bram.$proc$/Users/toprakgundogdu/qwen-ffn-rom/rtl/gated_delta_bram.v:123$2298'.
Found and cleaned up 1 empty switch in `$paramod$9159c8e2e0b7b54d75395a03208d309c937da6bf\gated_delta_bram.$proc$/Users/toprakgundogdu/qwen-ffn-rom/rtl/gated_delta_bram.v:118$2295'.
Removing empty process `$paramod$9159c8e2e0b7b54d75395a03208d309c937da6bf\gated_delta_bram.$proc$/Users/toprakgundogdu/qwen-ffn-rom/rtl/gated_delta_bram.v:118$2295'.
Found and cleaned up 1 empty switch in `$paramod$9159c8e2e0b7b54d75395a03208d309c937da6bf\gated_delta_bram.$proc$/Users/toprakgundogdu/qwen-ffn-rom/rtl/gated_delta_bram.v:117$2292'.
Removing empty process `$paramod$9159c8e2e0b7b54d75395a03208d309c937da6bf\gated_delta_bram.$proc$/Users/toprakgundogdu/qwen-ffn-rom/rtl/gated_delta_bram.v:117$2292'.
Removing empty process `$paramod$9159c8e2e0b7b54d75395a03208d309c937da6bf\gated_delta_bram.$proc$/Users/toprakgundogdu/qwen-ffn-rom/rtl/gated_delta_bram.v:114$2291'.
Removing empty process `$paramod$9159c8e2e0b7b54d75395a03208d309c937da6bf\gated_delta_bram.$proc$/Users/toprakgundogdu/qwen-ffn-rom/rtl/gated_delta_bram.v:113$2290'.
Removing empty process `$paramod$9159c8e2e0b7b54d75395a03208d309c937da6bf\gated_delta_bram.$proc$/Users/toprakgundogdu/qwen-ffn-rom/rtl/gated_delta_bram.v:109$2289'.
Removing empty process `$paramod$9159c8e2e0b7b54d75395a03208d309c937da6bf\gated_delta_bram.$proc$/Users/toprakgundogdu/qwen-ffn-rom/rtl/gated_delta_bram.v:139$2287'.
Removing empty process `$paramod$9159c8e2e0b7b54d75395a03208d309c937da6bf\gated_delta_bram.$proc$/Users/toprakgundogdu/qwen-ffn-rom/rtl/gated_delta_bram.v:136$2282'.
Removing empty process `$paramod$9159c8e2e0b7b54d75395a03208d309c937da6bf\gated_delta_bram.$proc$/Users/toprakgundogdu/qwen-ffn-rom/rtl/gated_delta_bram.v:129$2273'.
Removing empty process `$paramod$9159c8e2e0b7b54d75395a03208d309c937da6bf\gated_delta_bram.$proc$/Users/toprakgundogdu/qwen-ffn-rom/rtl/gated_delta_bram.v:123$2264'.
Found and cleaned up 1 empty switch in `$paramod$9159c8e2e0b7b54d75395a03208d309c937da6bf\gated_delta_bram.$proc$/Users/toprakgundogdu/qwen-ffn-rom/rtl/gated_delta_bram.v:118$2261'.
Removing empty process `$paramod$9159c8e2e0b7b54d75395a03208d309c937da6bf\gated_delta_bram.$proc$/Users/toprakgundogdu/qwen-ffn-rom/rtl/gated_delta_bram.v:118$2261'.
Found and cleaned up 1 empty switch in `$paramod$9159c8e2e0b7b54d75395a03208d309c937da6bf\gated_delta_bram.$proc$/Users/toprakgundogdu/qwen-ffn-rom/rtl/gated_delta_bram.v:117$2258'.
Removing empty process `$paramod$9159c8e2e0b7b54d75395a03208d309c937da6bf\gated_delta_bram.$proc$/Users/toprakgundogdu/qwen-ffn-rom/rtl/gated_delta_bram.v:117$2258'.
Removing empty process `$paramod$9159c8e2e0b7b54d75395a03208d309c937da6bf\gated_delta_bram.$proc$/Users/toprakgundogdu/qwen-ffn-rom/rtl/gated_delta_bram.v:114$2257'.
Removing empty process `$paramod$9159c8e2e0b7b54d75395a03208d309c937da6bf\gated_delta_bram.$proc$/Users/toprakgundogdu/qwen-ffn-rom/rtl/gated_delta_bram.v:113$2256'.
Removing empty process `$paramod$9159c8e2e0b7b54d75395a03208d309c937da6bf\gated_delta_bram.$proc$/Users/toprakgundogdu/qwen-ffn-rom/rtl/gated_delta_bram.v:109$2255'.
Removing empty process `$paramod$9159c8e2e0b7b54d75395a03208d309c937da6bf\gated_delta_bram.$proc$/Users/toprakgundogdu/qwen-ffn-rom/rtl/gated_delta_bram.v:139$2253'.
Removing empty process `$paramod$9159c8e2e0b7b54d75395a03208d309c937da6bf\gated_delta_bram.$proc$/Users/toprakgundogdu/qwen-ffn-rom/rtl/gated_delta_bram.v:136$2248'.
Removing empty process `$paramod$9159c8e2e0b7b54d75395a03208d309c937da6bf\gated_delta_bram.$proc$/Users/toprakgundogdu/qwen-ffn-rom/rtl/gated_delta_bram.v:129$2239'.
Removing empty process `$paramod$9159c8e2e0b7b54d75395a03208d309c937da6bf\gated_delta_bram.$proc$/Users/toprakgundogdu/qwen-ffn-rom/rtl/gated_delta_bram.v:123$2230'.
Found and cleaned up 1 empty switch in `$paramod$9159c8e2e0b7b54d75395a03208d309c937da6bf\gated_delta_bram.$proc$/Users/toprakgundogdu/qwen-ffn-rom/rtl/gated_delta_bram.v:118$2227'.
Removing empty process `$paramod$9159c8e2e0b7b54d75395a03208d309c937da6bf\gated_delta_bram.$proc$/Users/toprakgundogdu/qwen-ffn-rom/rtl/gated_delta_bram.v:118$2227'.
Found and cleaned up 1 empty switch in `$paramod$9159c8e2e0b7b54d75395a03208d309c937da6bf\gated_delta_bram.$proc$/Users/toprakgundogdu/qwen-ffn-rom/rtl/gated_delta_bram.v:117$2224'.
Removing empty process `$paramod$9159c8e2e0b7b54d75395a03208d309c937da6bf\gated_delta_bram.$proc$/Users/toprakgundogdu/qwen-ffn-rom/rtl/gated_delta_bram.v:117$2224'.
Removing empty process `$paramod$9159c8e2e0b7b54d75395a03208d309c937da6bf\gated_delta_bram.$proc$/Users/toprakgundogdu/qwen-ffn-rom/rtl/gated_delta_bram.v:114$2223'.
Removing empty process `$paramod$9159c8e2e0b7b54d75395a03208d309c937da6bf\gated_delta_bram.$proc$/Users/toprakgundogdu/qwen-ffn-rom/rtl/gated_delta_bram.v:113$2222'.
Removing empty process `$paramod$9159c8e2e0b7b54d75395a03208d309c937da6bf\gated_delta_bram.$proc$/Users/toprakgundogdu/qwen-ffn-rom/rtl/gated_delta_bram.v:109$2221'.
Removing empty process `$paramod$9159c8e2e0b7b54d75395a03208d309c937da6bf\gated_delta_bram.$proc$/Users/toprakgundogdu/qwen-ffn-rom/rtl/gated_delta_bram.v:139$2219'.
Removing empty process `$paramod$9159c8e2e0b7b54d75395a03208d309c937da6bf\gated_delta_bram.$proc$/Users/toprakgundogdu/qwen-ffn-rom/rtl/gated_delta_bram.v:136$2214'.
Removing empty process `$paramod$9159c8e2e0b7b54d75395a03208d309c937da6bf\gated_delta_bram.$proc$/Users/toprakgundogdu/qwen-ffn-rom/rtl/gated_delta_bram.v:129$2205'.
Removing empty process `$paramod$9159c8e2e0b7b54d75395a03208d309c937da6bf\gated_delta_bram.$proc$/Users/toprakgundogdu/qwen-ffn-rom/rtl/gated_delta_bram.v:123$2196'.
Found and cleaned up 1 empty switch in `$paramod$9159c8e2e0b7b54d75395a03208d309c937da6bf\gated_delta_bram.$proc$/Users/toprakgundogdu/qwen-ffn-rom/rtl/gated_delta_bram.v:118$2193'.
Removing empty process `$paramod$9159c8e2e0b7b54d75395a03208d309c937da6bf\gated_delta_bram.$proc$/Users/toprakgundogdu/qwen-ffn-rom/rtl/gated_delta_bram.v:118$2193'.
Found and cleaned up 1 empty switch in `$paramod$9159c8e2e0b7b54d75395a03208d309c937da6bf\gated_delta_bram.$proc$/Users/toprakgundogdu/qwen-ffn-rom/rtl/gated_delta_bram.v:117$2190'.
Removing empty process `$paramod$9159c8e2e0b7b54d75395a03208d309c937da6bf\gated_delta_bram.$proc$/Users/toprakgundogdu/qwen-ffn-rom/rtl/gated_delta_bram.v:117$2190'.
Removing empty process `$paramod$9159c8e2e0b7b54d75395a03208d309c937da6bf\gated_delta_bram.$proc$/Users/toprakgundogdu/qwen-ffn-rom/rtl/gated_delta_bram.v:114$2189'.
Removing empty process `$paramod$9159c8e2e0b7b54d75395a03208d309c937da6bf\gated_delta_bram.$proc$/Users/toprakgundogdu/qwen-ffn-rom/rtl/gated_delta_bram.v:113$2188'.
Removing empty process `$paramod$9159c8e2e0b7b54d75395a03208d309c937da6bf\gated_delta_bram.$proc$/Users/toprakgundogdu/qwen-ffn-rom/rtl/gated_delta_bram.v:109$2187'.
Removing empty process `$paramod$9159c8e2e0b7b54d75395a03208d309c937da6bf\gated_delta_bram.$proc$/Users/toprakgundogdu/qwen-ffn-rom/rtl/gated_delta_bram.v:139$2185'.
Removing empty process `$paramod$9159c8e2e0b7b54d75395a03208d309c937da6bf\gated_delta_bram.$proc$/Users/toprakgundogdu/qwen-ffn-rom/rtl/gated_delta_bram.v:136$2180'.
Removing empty process `$paramod$9159c8e2e0b7b54d75395a03208d309c937da6bf\gated_delta_bram.$proc$/Users/toprakgundogdu/qwen-ffn-rom/rtl/gated_delta_bram.v:129$2171'.
Removing empty process `$paramod$9159c8e2e0b7b54d75395a03208d309c937da6bf\gated_delta_bram.$proc$/Users/toprakgundogdu/qwen-ffn-rom/rtl/gated_delta_bram.v:123$2162'.
Found and cleaned up 1 empty switch in `$paramod$9159c8e2e0b7b54d75395a03208d309c937da6bf\gated_delta_bram.$proc$/Users/toprakgundogdu/qwen-ffn-rom/rtl/gated_delta_bram.v:118$2159'.
Removing empty process `$paramod$9159c8e2e0b7b54d75395a03208d309c937da6bf\gated_delta_bram.$proc$/Users/toprakgundogdu/qwen-ffn-rom/rtl/gated_delta_bram.v:118$2159'.
Found and cleaned up 1 empty switch in `$paramod$9159c8e2e0b7b54d75395a03208d309c937da6bf\gated_delta_bram.$proc$/Users/toprakgundogdu/qwen-ffn-rom/rtl/gated_delta_bram.v:117$2156'.
Removing empty process `$paramod$9159c8e2e0b7b54d75395a03208d309c937da6bf\gated_delta_bram.$proc$/Users/toprakgundogdu/qwen-ffn-rom/rtl/gated_delta_bram.v:117$2156'.
Removing empty process `$paramod$9159c8e2e0b7b54d75395a03208d309c937da6bf\gated_delta_bram.$proc$/Users/toprakgundogdu/qwen-ffn-rom/rtl/gated_delta_bram.v:114$2155'.
Removing empty process `$paramod$9159c8e2e0b7b54d75395a03208d309c937da6bf\gated_delta_bram.$proc$/Users/toprakgundogdu/qwen-ffn-rom/rtl/gated_delta_bram.v:113$2154'.
Removing empty process `$paramod$9159c8e2e0b7b54d75395a03208d309c937da6bf\gated_delta_bram.$proc$/Users/toprakgundogdu/qwen-ffn-rom/rtl/gated_delta_bram.v:109$2153'.
Removing empty process `$paramod$9159c8e2e0b7b54d75395a03208d309c937da6bf\gated_delta_bram.$proc$/Users/toprakgundogdu/qwen-ffn-rom/rtl/gated_delta_bram.v:60$2152'.
Removing empty process `$paramod$9159c8e2e0b7b54d75395a03208d309c937da6bf\gated_delta_bram.$proc$/Users/toprakgundogdu/qwen-ffn-rom/rtl/gated_delta_bram.v:59$2151'.
Removing empty process `$paramod$9159c8e2e0b7b54d75395a03208d309c937da6bf\gated_delta_bram.$proc$/Users/toprakgundogdu/qwen-ffn-rom/rtl/gated_delta_bram.v:58$2150'.
Removing empty process `$paramod$9159c8e2e0b7b54d75395a03208d309c937da6bf\gated_delta_bram.$proc$/Users/toprakgundogdu/qwen-ffn-rom/rtl/gated_delta_bram.v:60$2149'.
Removing empty process `$paramod$9159c8e2e0b7b54d75395a03208d309c937da6bf\gated_delta_bram.$proc$/Users/toprakgundogdu/qwen-ffn-rom/rtl/gated_delta_bram.v:59$2148'.
Removing empty process `$paramod$9159c8e2e0b7b54d75395a03208d309c937da6bf\gated_delta_bram.$proc$/Users/toprakgundogdu/qwen-ffn-rom/rtl/gated_delta_bram.v:58$2147'.
Removing empty process `$paramod$9159c8e2e0b7b54d75395a03208d309c937da6bf\gated_delta_bram.$proc$/Users/toprakgundogdu/qwen-ffn-rom/rtl/gated_delta_bram.v:60$2146'.
Removing empty process `$paramod$9159c8e2e0b7b54d75395a03208d309c937da6bf\gated_delta_bram.$proc$/Users/toprakgundogdu/qwen-ffn-rom/rtl/gated_delta_bram.v:59$2145'.
Removing empty process `$paramod$9159c8e2e0b7b54d75395a03208d309c937da6bf\gated_delta_bram.$proc$/Users/toprakgundogdu/qwen-ffn-rom/rtl/gated_delta_bram.v:58$2144'.
Removing empty process `$paramod$9159c8e2e0b7b54d75395a03208d309c937da6bf\gated_delta_bram.$proc$/Users/toprakgundogdu/qwen-ffn-rom/rtl/gated_delta_bram.v:60$2143'.
Removing empty process `$paramod$9159c8e2e0b7b54d75395a03208d309c937da6bf\gated_delta_bram.$proc$/Users/toprakgundogdu/qwen-ffn-rom/rtl/gated_delta_bram.v:59$2142'.
Removing empty process `$paramod$9159c8e2e0b7b54d75395a03208d309c937da6bf\gated_delta_bram.$proc$/Users/toprakgundogdu/qwen-ffn-rom/rtl/gated_delta_bram.v:58$2141'.
Removing empty process `$paramod$9159c8e2e0b7b54d75395a03208d309c937da6bf\gated_delta_bram.$proc$/Users/toprakgundogdu/qwen-ffn-rom/rtl/gated_delta_bram.v:60$2140'.
Removing empty process `$paramod$9159c8e2e0b7b54d75395a03208d309c937da6bf\gated_delta_bram.$proc$/Users/toprakgundogdu/qwen-ffn-rom/rtl/gated_delta_bram.v:59$2139'.
Removing empty process `$paramod$9159c8e2e0b7b54d75395a03208d309c937da6bf\gated_delta_bram.$proc$/Users/toprakgundogdu/qwen-ffn-rom/rtl/gated_delta_bram.v:58$2138'.
Removing empty process `$paramod$9159c8e2e0b7b54d75395a03208d309c937da6bf\gated_delta_bram.$proc$/Users/toprakgundogdu/qwen-ffn-rom/rtl/gated_delta_bram.v:60$2137'.
Removing empty process `$paramod$9159c8e2e0b7b54d75395a03208d309c937da6bf\gated_delta_bram.$proc$/Users/toprakgundogdu/qwen-ffn-rom/rtl/gated_delta_bram.v:59$2136'.
Removing empty process `$paramod$9159c8e2e0b7b54d75395a03208d309c937da6bf\gated_delta_bram.$proc$/Users/toprakgundogdu/qwen-ffn-rom/rtl/gated_delta_bram.v:58$2135'.
Removing empty process `$paramod$9159c8e2e0b7b54d75395a03208d309c937da6bf\gated_delta_bram.$proc$/Users/toprakgundogdu/qwen-ffn-rom/rtl/gated_delta_bram.v:60$2134'.
Removing empty process `$paramod$9159c8e2e0b7b54d75395a03208d309c937da6bf\gated_delta_bram.$proc$/Users/toprakgundogdu/qwen-ffn-rom/rtl/gated_delta_bram.v:59$2133'.
Removing empty process `$paramod$9159c8e2e0b7b54d75395a03208d309c937da6bf\gated_delta_bram.$proc$/Users/toprakgundogdu/qwen-ffn-rom/rtl/gated_delta_bram.v:58$2132'.
Removing empty process `$paramod$9159c8e2e0b7b54d75395a03208d309c937da6bf\gated_delta_bram.$proc$/Users/toprakgundogdu/qwen-ffn-rom/rtl/gated_delta_bram.v:60$2131'.
Removing empty process `$paramod$9159c8e2e0b7b54d75395a03208d309c937da6bf\gated_delta_bram.$proc$/Users/toprakgundogdu/qwen-ffn-rom/rtl/gated_delta_bram.v:59$2130'.
Removing empty process `$paramod$9159c8e2e0b7b54d75395a03208d309c937da6bf\gated_delta_bram.$proc$/Users/toprakgundogdu/qwen-ffn-rom/rtl/gated_delta_bram.v:58$2129'.
Removing empty process `$paramod$9159c8e2e0b7b54d75395a03208d309c937da6bf\gated_delta_bram.$proc$/Users/toprakgundogdu/qwen-ffn-rom/rtl/gated_delta_bram.v:60$2128'.
Removing empty process `$paramod$9159c8e2e0b7b54d75395a03208d309c937da6bf\gated_delta_bram.$proc$/Users/toprakgundogdu/qwen-ffn-rom/rtl/gated_delta_bram.v:59$2127'.
Removing empty process `$paramod$9159c8e2e0b7b54d75395a03208d309c937da6bf\gated_delta_bram.$proc$/Users/toprakgundogdu/qwen-ffn-rom/rtl/gated_delta_bram.v:58$2126'.
Removing empty process `$paramod$9159c8e2e0b7b54d75395a03208d309c937da6bf\gated_delta_bram.$proc$/Users/toprakgundogdu/qwen-ffn-rom/rtl/gated_delta_bram.v:60$2125'.
Removing empty process `$paramod$9159c8e2e0b7b54d75395a03208d309c937da6bf\gated_delta_bram.$proc$/Users/toprakgundogdu/qwen-ffn-rom/rtl/gated_delta_bram.v:59$2124'.
Removing empty process `$paramod$9159c8e2e0b7b54d75395a03208d309c937da6bf\gated_delta_bram.$proc$/Users/toprakgundogdu/qwen-ffn-rom/rtl/gated_delta_bram.v:58$2123'.
Removing empty process `$paramod$9159c8e2e0b7b54d75395a03208d309c937da6bf\gated_delta_bram.$proc$/Users/toprakgundogdu/qwen-ffn-rom/rtl/gated_delta_bram.v:60$2122'.
Removing empty process `$paramod$9159c8e2e0b7b54d75395a03208d309c937da6bf\gated_delta_bram.$proc$/Users/toprakgundogdu/qwen-ffn-rom/rtl/gated_delta_bram.v:59$2121'.
Removing empty process `$paramod$9159c8e2e0b7b54d75395a03208d309c937da6bf\gated_delta_bram.$proc$/Users/toprakgundogdu/qwen-ffn-rom/rtl/gated_delta_bram.v:58$2120'.
Removing empty process `$paramod$9159c8e2e0b7b54d75395a03208d309c937da6bf\gated_delta_bram.$proc$/Users/toprakgundogdu/qwen-ffn-rom/rtl/gated_delta_bram.v:60$2119'.
Removing empty process `$paramod$9159c8e2e0b7b54d75395a03208d309c937da6bf\gated_delta_bram.$proc$/Users/toprakgundogdu/qwen-ffn-rom/rtl/gated_delta_bram.v:59$2118'.
Removing empty process `$paramod$9159c8e2e0b7b54d75395a03208d309c937da6bf\gated_delta_bram.$proc$/Users/toprakgundogdu/qwen-ffn-rom/rtl/gated_delta_bram.v:58$2117'.
Removing empty process `$paramod$9159c8e2e0b7b54d75395a03208d309c937da6bf\gated_delta_bram.$proc$/Users/toprakgundogdu/qwen-ffn-rom/rtl/gated_delta_bram.v:60$2116'.
Removing empty process `$paramod$9159c8e2e0b7b54d75395a03208d309c937da6bf\gated_delta_bram.$proc$/Users/toprakgundogdu/qwen-ffn-rom/rtl/gated_delta_bram.v:59$2115'.
Removing empty process `$paramod$9159c8e2e0b7b54d75395a03208d309c937da6bf\gated_delta_bram.$proc$/Users/toprakgundogdu/qwen-ffn-rom/rtl/gated_delta_bram.v:58$2114'.
Removing empty process `$paramod$9159c8e2e0b7b54d75395a03208d309c937da6bf\gated_delta_bram.$proc$/Users/toprakgundogdu/qwen-ffn-rom/rtl/gated_delta_bram.v:60$2113'.
Removing empty process `$paramod$9159c8e2e0b7b54d75395a03208d309c937da6bf\gated_delta_bram.$proc$/Users/toprakgundogdu/qwen-ffn-rom/rtl/gated_delta_bram.v:59$2112'.
Removing empty process `$paramod$9159c8e2e0b7b54d75395a03208d309c937da6bf\gated_delta_bram.$proc$/Users/toprakgundogdu/qwen-ffn-rom/rtl/gated_delta_bram.v:58$2111'.
Removing empty process `$paramod$9159c8e2e0b7b54d75395a03208d309c937da6bf\gated_delta_bram.$proc$/Users/toprakgundogdu/qwen-ffn-rom/rtl/gated_delta_bram.v:60$2110'.
Removing empty process `$paramod$9159c8e2e0b7b54d75395a03208d309c937da6bf\gated_delta_bram.$proc$/Users/toprakgundogdu/qwen-ffn-rom/rtl/gated_delta_bram.v:59$2109'.
Removing empty process `$paramod$9159c8e2e0b7b54d75395a03208d309c937da6bf\gated_delta_bram.$proc$/Users/toprakgundogdu/qwen-ffn-rom/rtl/gated_delta_bram.v:58$2108'.
Removing empty process `$paramod$9159c8e2e0b7b54d75395a03208d309c937da6bf\gated_delta_bram.$proc$/Users/toprakgundogdu/qwen-ffn-rom/rtl/gated_delta_bram.v:60$2107'.
Removing empty process `$paramod$9159c8e2e0b7b54d75395a03208d309c937da6bf\gated_delta_bram.$proc$/Users/toprakgundogdu/qwen-ffn-rom/rtl/gated_delta_bram.v:59$2106'.
Removing empty process `$paramod$9159c8e2e0b7b54d75395a03208d309c937da6bf\gated_delta_bram.$proc$/Users/toprakgundogdu/qwen-ffn-rom/rtl/gated_delta_bram.v:58$2105'.
Found and cleaned up 16 empty switches in `$paramod$9159c8e2e0b7b54d75395a03208d309c937da6bf\gated_delta_bram.$proc$/Users/toprakgundogdu/qwen-ffn-rom/rtl/gated_delta_bram.v:146$1893'.
Removing empty process `$paramod$9159c8e2e0b7b54d75395a03208d309c937da6bf\gated_delta_bram.$proc$/Users/toprakgundogdu/qwen-ffn-rom/rtl/gated_delta_bram.v:146$1893'.
Cleaned up 49 empty switches.

5.12. Executing OPT_EXPR pass (perform const folding).
Optimizing module gated_delta_d16_bram.
Optimizing module $paramod$0af7322157a0cb9528e4c21e617f7308440e4612\delta_s_col_ram.
Optimizing module $paramod$9159c8e2e0b7b54d75395a03208d309c937da6bf\gated_delta_bram.
<suppressed ~370 debug messages>

6. Executing FLATTEN pass (flatten design).
Deleting now unused module $paramod$0af7322157a0cb9528e4c21e617f7308440e4612\delta_s_col_ram.
Deleting now unused module $paramod$9159c8e2e0b7b54d75395a03208d309c937da6bf\gated_delta_bram.
<suppressed ~17 debug messages>

7. Executing OPT_EXPR pass (perform const folding).
Optimizing module gated_delta_d16_bram.
<suppressed ~6 debug messages>

8. Executing OPT_CLEAN pass (remove unused cells and wires).
Finding unused cells or wires in module \gated_delta_d16_bram..
Removed 163 unused cells and 2130 unused wires.
<suppressed ~165 debug messages>

9. Executing SYNTH_XILINX pass.

9.1. Executing Verilog-2005 frontend: /opt/homebrew/bin/../share/yosys/xilinx/cells_sim.v
Parsing Verilog input from `/opt/homebrew/bin/../share/yosys/xilinx/cells_sim.v' to AST representation.
Generating RTLIL representation for module `\VCC'.
Generating RTLIL representation for module `\GND'.
Generating RTLIL representation for module `\IBUF'.
Generating RTLIL representation for module `\IBUFG'.
Generating RTLIL representation for module `\OBUF'.
Generating RTLIL representation for module `\IOBUF'.
Generating RTLIL representation for module `\OBUFT'.
Generating RTLIL representation for module `\BUFG'.
Generating RTLIL representation for module `\BUFGCTRL'.
Generating RTLIL representation for module `\BUFHCE'.
Generating RTLIL representation for module `\INV'.
Generating RTLIL representation for module `\LUT1'.
Generating RTLIL representation for module `\LUT2'.
Generating RTLIL representation for module `\LUT3'.
Generating RTLIL representation for module `\LUT4'.
Generating RTLIL representation for module `\LUT5'.
Generating RTLIL representation for module `\LUT6'.
Generating RTLIL representation for module `\LUT6_2'.
Generating RTLIL representation for module `\$__ABC9_LUT7'.
Generating RTLIL representation for module `\$__ABC9_LUT8'.
Generating RTLIL representation for module `\MUXCY'.
Generating RTLIL representation for module `\MUXF5'.
Generating RTLIL representation for module `\MUXF6'.
Generating RTLIL representation for module `\MUXF7'.
Generating RTLIL representation for module `\MUXF8'.
Generating RTLIL representation for module `\MUXF9'.
Generating RTLIL representation for module `\XORCY'.
Generating RTLIL representation for module `\CARRY4'.
Generating RTLIL representation for module `\CARRY8'.
Generating RTLIL representation for module `\ORCY'.
Generating RTLIL representation for module `\MULT_AND'.
Generating RTLIL representation for module `\FDRE'.
Generating RTLIL representation for module `\FDRE_1'.
Generating RTLIL representation for module `\FDSE'.
Generating RTLIL representation for module `\FDSE_1'.
Generating RTLIL representation for module `\FDRSE'.
Generating RTLIL representation for module `\FDRSE_1'.
Generating RTLIL representation for module `\FDCE'.
Generating RTLIL representation for module `\FDCE_1'.
Generating RTLIL representation for module `\FDPE'.
Generating RTLIL representation for module `\FDPE_1'.
Generating RTLIL representation for module `\FDCPE'.
Generating RTLIL representation for module `\FDCPE_1'.
Generating RTLIL representation for module `\LDCE'.
Generating RTLIL representation for module `\LDPE'.
Generating RTLIL representation for module `\LDCPE'.
Generating RTLIL representation for module `\AND2B1L'.
Generating RTLIL representation for module `\OR2L'.
Generating RTLIL representation for module `\RAM16X1S'.
Generating RTLIL representation for module `\RAM16X1S_1'.
Generating RTLIL representation for module `\RAM32X1S'.
Generating RTLIL representation for module `\RAM32X1S_1'.
Generating RTLIL representation for module `\RAM64X1S'.
Generating RTLIL representation for module `\RAM64X1S_1'.
Generating RTLIL representation for module `\RAM128X1S'.
Generating RTLIL representation for module `\RAM128X1S_1'.
Generating RTLIL representation for module `\RAM256X1S'.
Generating RTLIL representation for module `\RAM512X1S'.
Generating RTLIL representation for module `\RAM16X2S'.
Generating RTLIL representation for module `\RAM32X2S'.
Generating RTLIL representation for module `\RAM64X2S'.
Generating RTLIL representation for module `\RAM16X4S'.
Generating RTLIL representation for module `\RAM32X4S'.
Generating RTLIL representation for module `\RAM16X8S'.
Generating RTLIL representation for module `\RAM32X8S'.
Generating RTLIL representation for module `\RAM16X1D'.
Generating RTLIL representation for module `\RAM16X1D_1'.
Generating RTLIL representation for module `\RAM32X1D'.
Generating RTLIL representation for module `\RAM32X1D_1'.
Generating RTLIL representation for module `\RAM64X1D'.
Generating RTLIL representation for module `\RAM64X1D_1'.
Generating RTLIL representation for module `\RAM128X1D'.
Generating RTLIL representation for module `\RAM256X1D'.
Generating RTLIL representation for module `\RAM32M'.
Generating RTLIL representation for module `\RAM32M16'.
Generating RTLIL representation for module `\RAM64M'.
Generating RTLIL representation for module `\RAM64M8'.
Generating RTLIL representation for module `\RAM32X16DR8'.
Generating RTLIL representation for module `\RAM64X8SW'.
Generating RTLIL representation for module `\ROM16X1'.
Generating RTLIL representation for module `\ROM32X1'.
Generating RTLIL representation for module `\ROM64X1'.
Generating RTLIL representation for module `\ROM128X1'.
Generating RTLIL representation for module `\ROM256X1'.
Generating RTLIL representation for module `\SRL16'.
Generating RTLIL representation for module `\SRL16E'.
Generating RTLIL representation for module `\SRLC16'.
Generating RTLIL representation for module `\SRLC16E'.
Generating RTLIL representation for module `\SRLC32E'.
Generating RTLIL representation for module `\CFGLUT5'.
Generating RTLIL representation for module `\MULT18X18'.
Generating RTLIL representation for module `\MULT18X18S'.
Generating RTLIL representation for module `\MULT18X18SIO'.
Generating RTLIL representation for module `\DSP48A'.
Generating RTLIL representation for module `\DSP48A1'.
Generating RTLIL representation for module `\DSP48'.
Generating RTLIL representation for module `\DSP48E1'.
Generating RTLIL representation for module `\RAMB18E1'.
Generating RTLIL representation for module `\RAMB36E1'.
Successfully finished Verilog frontend.

9.2. Executing Verilog-2005 frontend: /opt/homebrew/bin/../share/yosys/xilinx/cells_xtra.v
Parsing Verilog input from `/opt/homebrew/bin/../share/yosys/xilinx/cells_xtra.v' to AST representation.
Generating RTLIL representation for module `\RAMB4_S1'.
Generating RTLIL representation for module `\RAMB4_S2'.
Generating RTLIL representation for module `\RAMB4_S4'.
Generating RTLIL representation for module `\RAMB4_S8'.
Generating RTLIL representation for module `\RAMB4_S16'.
Generating RTLIL representation for module `\RAMB4_S1_S1'.
Generating RTLIL representation for module `\RAMB4_S1_S2'.
Generating RTLIL representation for module `\RAMB4_S1_S4'.
Generating RTLIL representation for module `\RAMB4_S1_S8'.
Generating RTLIL representation for module `\RAMB4_S1_S16'.
Generating RTLIL representation for module `\RAMB4_S2_S2'.
Generating RTLIL representation for module `\RAMB4_S2_S4'.
Generating RTLIL representation for module `\RAMB4_S2_S8'.
Generating RTLIL representation for module `\RAMB4_S2_S16'.
Generating RTLIL representation for module `\RAMB4_S4_S4'.
Generating RTLIL representation for module `\RAMB4_S4_S8'.
Generating RTLIL representation for module `\RAMB4_S4_S16'.
Generating RTLIL representation for module `\RAMB4_S8_S8'.
Generating RTLIL representation for module `\RAMB4_S8_S16'.
Generating RTLIL representation for module `\RAMB4_S16_S16'.
Generating RTLIL representation for module `\RAMB16_S1'.
Generating RTLIL representation for module `\RAMB16_S2'.
Generating RTLIL representation for module `\RAMB16_S4'.
Generating RTLIL representation for module `\RAMB16_S9'.
Generating RTLIL representation for module `\RAMB16_S18'.
Generating RTLIL representation for module `\RAMB16_S36'.
Generating RTLIL representation for module `\RAMB16_S1_S1'.
Generating RTLIL representation for module `\RAMB16_S1_S2'.
Generating RTLIL representation for module `\RAMB16_S1_S4'.
Generating RTLIL representation for module `\RAMB16_S1_S9'.
Generating RTLIL representation for module `\RAMB16_S1_S18'.
Generating RTLIL representation for module `\RAMB16_S1_S36'.
Generating RTLIL representation for module `\RAMB16_S2_S2'.
Generating RTLIL representation for module `\RAMB16_S2_S4'.
Generating RTLIL representation for module `\RAMB16_S2_S9'.
Generating RTLIL representation for module `\RAMB16_S2_S18'.
Generating RTLIL representation for module `\RAMB16_S2_S36'.
Generating RTLIL representation for module `\RAMB16_S4_S4'.
Generating RTLIL representation for module `\RAMB16_S4_S9'.
Generating RTLIL representation for module `\RAMB16_S4_S18'.
Generating RTLIL representation for module `\RAMB16_S4_S36'.
Generating RTLIL representation for module `\RAMB16_S9_S9'.
Generating RTLIL representation for module `\RAMB16_S9_S18'.
Generating RTLIL representation for module `\RAMB16_S9_S36'.
Generating RTLIL representation for module `\RAMB16_S18_S18'.
Generating RTLIL representation for module `\RAMB16_S18_S36'.
Generating RTLIL representation for module `\RAMB16_S36_S36'.
Generating RTLIL representation for module `\RAMB16BWE_S18'.
Generating RTLIL representation for module `\RAMB16BWE_S36'.
Generating RTLIL representation for module `\RAMB16BWE_S18_S9'.
Generating RTLIL representation for module `\RAMB16BWE_S18_S18'.
Generating RTLIL representation for module `\RAMB16BWE_S36_S9'.
Generating RTLIL representation for module `\RAMB16BWE_S36_S18'.
Generating RTLIL representation for module `\RAMB16BWE_S36_S36'.
Generating RTLIL representation for module `\RAMB16BWER'.
Generating RTLIL representation for module `\RAMB8BWER'.
Generating RTLIL representation for module `\FIFO16'.
Generating RTLIL representation for module `\RAMB16'.
Generating RTLIL representation for module `\RAMB32_S64_ECC'.
Generating RTLIL representation for module `\FIFO18'.
Generating RTLIL representation for module `\FIFO18_36'.
Generating RTLIL representation for module `\FIFO36'.
Generating RTLIL representation for module `\FIFO36_72'.
Generating RTLIL representation for module `\RAMB18'.
Generating RTLIL representation for module `\RAMB36'.
Generating RTLIL representation for module `\RAMB18SDP'.
Generating RTLIL representation for module `\RAMB36SDP'.
Generating RTLIL representation for module `\FIFO18E1'.
Generating RTLIL representation for module `\FIFO36E1'.
Generating RTLIL representation for module `\FIFO18E2'.
Generating RTLIL representation for module `\FIFO36E2'.
Generating RTLIL representation for module `\RAMB18E2'.
Generating RTLIL representation for module `\RAMB36E2'.
Generating RTLIL representation for module `\URAM288'.
Generating RTLIL representation for module `\URAM288_BASE'.
Generating RTLIL representation for module `\DSP48E'.
Generating RTLIL representation for module `\DSP48E2'.
Generating RTLIL representation for module `\FDDRCPE'.
Generating RTLIL representation for module `\FDDRRSE'.
Generating RTLIL representation for module `\IFDDRCPE'.
Generating RTLIL representation for module `\IFDDRRSE'.
Generating RTLIL representation for module `\OFDDRCPE'.
Generating RTLIL representation for module `\OFDDRRSE'.
Generating RTLIL representation for module `\OFDDRTCPE'.
Generating RTLIL representation for module `\OFDDRTRSE'.
Generating RTLIL representation for module `\IDDR2'.
Generating RTLIL representation for module `\ODDR2'.
Generating RTLIL representation for module `\IDDR'.
Generating RTLIL representation for module `\IDDR_2CLK'.
Generating RTLIL representation for module `\ODDR'.
Generating RTLIL representation for module `\IDELAYCTRL'.
Generating RTLIL representation for module `\IDELAY'.
Generating RTLIL representation for module `\ISERDES'.
Generating RTLIL representation for module `\OSERDES'.
Generating RTLIL representation for module `\IODELAY'.
Generating RTLIL representation for module `\ISERDES_NODELAY'.
Generating RTLIL representation for module `\IODELAYE1'.
Generating RTLIL representation for module `\ISERDESE1'.
Generating RTLIL representation for module `\OSERDESE1'.
Generating RTLIL representation for module `\IDELAYE2'.
Generating RTLIL representation for module `\ODELAYE2'.
Generating RTLIL representation for module `\ISERDESE2'.
Generating RTLIL representation for module `\OSERDESE2'.
Generating RTLIL representation for module `\PHASER_IN'.
Generating RTLIL representation for module `\PHASER_IN_PHY'.
Generating RTLIL representation for module `\PHASER_OUT'.
Generating RTLIL representation for module `\PHASER_OUT_PHY'.
Generating RTLIL representation for module `\PHASER_REF'.
Generating RTLIL representation for module `\PHY_CONTROL'.
Generating RTLIL representation for module `\IDDRE1'.
Generating RTLIL representation for module `\ODDRE1'.
Generating RTLIL representation for module `\IDELAYE3'.
Generating RTLIL representation for module `\ODELAYE3'.
Generating RTLIL representation for module `\ISERDESE3'.
Generating RTLIL representation for module `\OSERDESE3'.
Generating RTLIL representation for module `\BITSLICE_CONTROL'.
Generating RTLIL representation for module `\RIU_OR'.
Generating RTLIL representation for module `\RX_BITSLICE'.
Generating RTLIL representation for module `\RXTX_BITSLICE'.
Generating RTLIL representation for module `\TX_BITSLICE'.
Generating RTLIL representation for module `\TX_BITSLICE_TRI'.
Generating RTLIL representation for module `\IODELAY2'.
Generating RTLIL representation for module `\IODRP2'.
Generating RTLIL representation for module `\IODRP2_MCB'.
Generating RTLIL representation for module `\ISERDES2'.
Generating RTLIL representation for module `\OSERDES2'.
Generating RTLIL representation for module `\IBUF_DLY_ADJ'.
Generating RTLIL representation for module `\IBUF_IBUFDISABLE'.
Generating RTLIL representation for module `\IBUF_INTERMDISABLE'.
Generating RTLIL representation for module `\IBUF_ANALOG'.
Generating RTLIL representation for module `\IBUFE3'.
Generating RTLIL representation for module `\IBUFDS'.
Generating RTLIL representation for module `\IBUFDS_DLY_ADJ'.
Generating RTLIL representation for module `\IBUFDS_IBUFDISABLE'.
Generating RTLIL representation for module `\IBUFDS_INTERMDISABLE'.
Generating RTLIL representation for module `\IBUFDS_DIFF_OUT'.
Generating RTLIL representation for module `\IBUFDS_DIFF_OUT_IBUFDISABLE'.
Generating RTLIL representation for module `\IBUFDS_DIFF_OUT_INTERMDISABLE'.
Generating RTLIL representation for module `\IBUFDSE3'.
Generating RTLIL representation for module `\IBUFDS_DPHY'.
Generating RTLIL representation for module `\IBUFGDS'.
Generating RTLIL representation for module `\IBUFGDS_DIFF_OUT'.
Generating RTLIL representation for module `\IOBUF_DCIEN'.
Generating RTLIL representation for module `\IOBUF_INTERMDISABLE'.
Generating RTLIL representation for module `\IOBUFE3'.
Generating RTLIL representation for module `\IOBUFDS'.
Generating RTLIL representation for module `\IOBUFDS_DCIEN'.
Generating RTLIL representation for module `\IOBUFDS_INTERMDISABLE'.
Generating RTLIL representation for module `\IOBUFDS_DIFF_OUT'.
Generating RTLIL representation for module `\IOBUFDS_DIFF_OUT_DCIEN'.
Generating RTLIL representation for module `\IOBUFDS_DIFF_OUT_INTERMDISABLE'.
Generating RTLIL representation for module `\IOBUFDSE3'.
Generating RTLIL representation for module `\OBUFDS'.
Generating RTLIL representation for module `\OBUFDS_DPHY'.
Generating RTLIL representation for module `\OBUFTDS'.
Generating RTLIL representation for module `\KEEPER'.
Generating RTLIL representation for module `\PULLDOWN'.
Generating RTLIL representation for module `\PULLUP'.
Generating RTLIL representation for module `\DCIRESET'.
Generating RTLIL representation for module `\HPIO_VREF'.
Generating RTLIL representation for module `\BUFGCE'.
Generating RTLIL representation for module `\BUFGCE_1'.
Generating RTLIL representation for module `\BUFGMUX'.
Generating RTLIL representation for module `\BUFGMUX_1'.
Generating RTLIL representation for module `\BUFGMUX_CTRL'.
Generating RTLIL representation for module `\BUFGMUX_VIRTEX4'.
Generating RTLIL representation for module `\BUFG_GT'.
Generating RTLIL representation for module `\BUFG_GT_SYNC'.
Generating RTLIL representation for module `\BUFG_PS'.
Generating RTLIL representation for module `\BUFGCE_DIV'.
Generating RTLIL representation for module `\BUFH'.
Generating RTLIL representation for module `\BUFIO2'.
Generating RTLIL representation for module `\BUFIO2_2CLK'.
Generating RTLIL representation for module `\BUFIO2FB'.
Generating RTLIL representation for module `\BUFPLL'.
Generating RTLIL representation for module `\BUFPLL_MCB'.
Generating RTLIL representation for module `\BUFIO'.
Generating RTLIL representation for module `\BUFIODQS'.
Generating RTLIL representation for module `\BUFR'.
Generating RTLIL representation for module `\BUFMR'.
Generating RTLIL representation for module `\BUFMRCE'.
Generating RTLIL representation for module `\DCM'.
Generating RTLIL representation for module `\DCM_SP'.
Generating RTLIL representation for module `\DCM_CLKGEN'.
Generating RTLIL representation for module `\DCM_ADV'.
Generating RTLIL representation for module `\DCM_BASE'.
Generating RTLIL representation for module `\DCM_PS'.
Generating RTLIL representation for module `\PMCD'.
Generating RTLIL representation for module `\PLL_ADV'.
Generating RTLIL representation for module `\PLL_BASE'.
Generating RTLIL representation for module `\MMCM_ADV'.
Generating RTLIL representation for module `\MMCM_BASE'.
Generating RTLIL representation for module `\MMCME2_ADV'.
Generating RTLIL representation for module `\MMCME2_BASE'.
Generating RTLIL representation for module `\PLLE2_ADV'.
Generating RTLIL representation for module `\PLLE2_BASE'.
Generating RTLIL representation for module `\MMCME3_ADV'.
Generating RTLIL representation for module `\MMCME3_BASE'.
Generating RTLIL representation for module `\PLLE3_ADV'.
Generating RTLIL representation for module `\PLLE3_BASE'.
Generating RTLIL representation for module `\MMCME4_ADV'.
Generating RTLIL representation for module `\MMCME4_BASE'.
Generating RTLIL representation for module `\PLLE4_ADV'.
Generating RTLIL representation for module `\PLLE4_BASE'.
Generating RTLIL representation for module `\BUFT'.
Generating RTLIL representation for module `\IN_FIFO'.
Generating RTLIL representation for module `\OUT_FIFO'.
Generating RTLIL representation for module `\HARD_SYNC'.
Generating RTLIL representation for module `\STARTUP_SPARTAN3'.
Generating RTLIL representation for module `\STARTUP_SPARTAN3E'.
Generating RTLIL representation for module `\STARTUP_SPARTAN3A'.
Generating RTLIL representation for module `\STARTUP_SPARTAN6'.
Generating RTLIL representation for module `\STARTUP_VIRTEX4'.
Generating RTLIL representation for module `\STARTUP_VIRTEX5'.
Generating RTLIL representation for module `\STARTUP_VIRTEX6'.
Generating RTLIL representation for module `\STARTUPE2'.
Generating RTLIL representation for module `\STARTUPE3'.
Generating RTLIL representation for module `\CAPTURE_SPARTAN3'.
Generating RTLIL representation for module `\CAPTURE_SPARTAN3A'.
Generating RTLIL representation for module `\CAPTURE_VIRTEX4'.
Generating RTLIL representation for module `\CAPTURE_VIRTEX5'.
Generating RTLIL representation for module `\CAPTURE_VIRTEX6'.
Generating RTLIL representation for module `\CAPTUREE2'.
Generating RTLIL representation for module `\ICAP_SPARTAN3A'.
Generating RTLIL representation for module `\ICAP_SPARTAN6'.
Generating RTLIL representation for module `\ICAP_VIRTEX4'.
Generating RTLIL representation for module `\ICAP_VIRTEX5'.
Generating RTLIL representation for module `\ICAP_VIRTEX6'.
Generating RTLIL representation for module `\ICAPE2'.
Generating RTLIL representation for module `\ICAPE3'.
Generating RTLIL representation for module `\BSCAN_SPARTAN3'.
Generating RTLIL representation for module `\BSCAN_SPARTAN3A'.
Generating RTLIL representation for module `\BSCAN_SPARTAN6'.
Generating RTLIL representation for module `\BSCAN_VIRTEX4'.
Generating RTLIL representation for module `\BSCAN_VIRTEX5'.
Generating RTLIL representation for module `\BSCAN_VIRTEX6'.
Generating RTLIL representation for module `\BSCANE2'.
Generating RTLIL representation for module `\DNA_PORT'.
Generating RTLIL representation for module `\DNA_PORTE2'.
Generating RTLIL representation for module `\FRAME_ECC_VIRTEX4'.
Generating RTLIL representation for module `\FRAME_ECC_VIRTEX5'.
Generating RTLIL representation for module `\FRAME_ECC_VIRTEX6'.
Generating RTLIL representation for module `\FRAME_ECCE2'.
Generating RTLIL representation for module `\FRAME_ECCE3'.
Generating RTLIL representation for module `\FRAME_ECCE4'.
Generating RTLIL representation for module `\USR_ACCESS_VIRTEX4'.
Generating RTLIL representation for module `\USR_ACCESS_VIRTEX5'.
Generating RTLIL representation for module `\USR_ACCESS_VIRTEX6'.
Generating RTLIL representation for module `\USR_ACCESSE2'.
Generating RTLIL representation for module `\POST_CRC_INTERNAL'.
Generating RTLIL representation for module `\SUSPEND_SYNC'.
Generating RTLIL representation for module `\KEY_CLEAR'.
Generating RTLIL representation for module `\MASTER_JTAG'.
Generating RTLIL representation for module `\SPI_ACCESS'.
Generating RTLIL representation for module `\EFUSE_USR'.
Generating RTLIL representation for module `\SYSMON'.
Generating RTLIL representation for module `\XADC'.
Generating RTLIL representation for module `\SYSMONE1'.
Generating RTLIL representation for module `\SYSMONE4'.
Generating RTLIL representation for module `\GTPA1_DUAL'.
Generating RTLIL representation for module `\GT11_CUSTOM'.
Generating RTLIL representation for module `\GT11_DUAL'.
Generating RTLIL representation for module `\GT11CLK'.
Generating RTLIL representation for module `\GT11CLK_MGT'.
Generating RTLIL representation for module `\GTP_DUAL'.
Generating RTLIL representation for module `\GTX_DUAL'.
Generating RTLIL representation for module `\CRC32'.
Generating RTLIL representation for module `\CRC64'.
Generating RTLIL representation for module `\GTHE1_QUAD'.
Generating RTLIL representation for module `\GTXE1'.
Generating RTLIL representation for module `\IBUFDS_GTXE1'.
Generating RTLIL representation for module `\IBUFDS_GTHE1'.
Generating RTLIL representation for module `\GTHE2_CHANNEL'.
Generating RTLIL representation for module `\GTHE2_COMMON'.
Generating RTLIL representation for module `\GTPE2_CHANNEL'.
Generating RTLIL representation for module `\GTPE2_COMMON'.
Generating RTLIL representation for module `\GTXE2_CHANNEL'.
Generating RTLIL representation for module `\GTXE2_COMMON'.
Generating RTLIL representation for module `\IBUFDS_GTE2'.
Generating RTLIL representation for module `\GTHE3_CHANNEL'.
Generating RTLIL representation for module `\GTHE3_COMMON'.
Generating RTLIL representation for module `\GTYE3_CHANNEL'.
Generating RTLIL representation for module `\GTYE3_COMMON'.
Generating RTLIL representation for module `\IBUFDS_GTE3'.
Generating RTLIL representation for module `\OBUFDS_GTE3'.
Generating RTLIL representation for module `\OBUFDS_GTE3_ADV'.
Generating RTLIL representation for module `\GTHE4_CHANNEL'.
Generating RTLIL representation for module `\GTHE4_COMMON'.
Generating RTLIL representation for module `\GTYE4_CHANNEL'.
Generating RTLIL representation for module `\GTYE4_COMMON'.
Generating RTLIL representation for module `\IBUFDS_GTE4'.
Generating RTLIL representation for module `\OBUFDS_GTE4'.
Generating RTLIL representation for module `\OBUFDS_GTE4_ADV'.
Generating RTLIL representation for module `\GTM_DUAL'.
Generating RTLIL representation for module `\IBUFDS_GTM'.
Generating RTLIL representation for module `\OBUFDS_GTM'.
Generating RTLIL representation for module `\OBUFDS_GTM_ADV'.
Generating RTLIL representation for module `\HSDAC'.
Generating RTLIL representation for module `\HSADC'.
Generating RTLIL representation for module `\RFDAC'.
Generating RTLIL representation for module `\RFADC'.
Generating RTLIL representation for module `\PCIE_A1'.
Generating RTLIL representation for module `\PCIE_EP'.
Generating RTLIL representation for module `\PCIE_2_0'.
Generating RTLIL representation for module `\PCIE_2_1'.
Generating RTLIL representation for module `\PCIE_3_0'.
Generating RTLIL representation for module `\PCIE_3_1'.
Generating RTLIL representation for module `\PCIE40E4'.
Generating RTLIL representation for module `\PCIE4CE4'.
Generating RTLIL representation for module `\EMAC'.
Generating RTLIL representation for module `\TEMAC'.
Generating RTLIL representation for module `\TEMAC_SINGLE'.
Generating RTLIL representation for module `\CMAC'.
Generating RTLIL representation for module `\CMACE4'.
Generating RTLIL representation for module `\MCB'.
Generating RTLIL representation for module `\HBM_REF_CLK'.
Generating RTLIL representation for module `\HBM_SNGLBLI_INTF_APB'.
Generating RTLIL representation for module `\HBM_SNGLBLI_INTF_AXI'.
Generating RTLIL representation for module `\HBM_ONE_STACK_INTF'.
Generating RTLIL representation for module `\HBM_TWO_STACK_INTF'.
Generating RTLIL representation for module `\PPC405_ADV'.
Generating RTLIL representation for module `\PPC440'.
Generating RTLIL representation for module `\PS7'.
Generating RTLIL representation for module `\PS8'.
Generating RTLIL representation for module `\ILKN'.
Generating RTLIL representation for module `\ILKNE4'.
Generating RTLIL representation for module `\VCU'.
Generating RTLIL representation for module `\FE'.
Successfully finished Verilog frontend.

9.3. Executing HIERARCHY pass (managing design hierarchy).

9.3.1. Analyzing design hierarchy..
Top module:  \gated_delta_d16_bram

9.3.2. Analyzing design hierarchy..
Top module:  \gated_delta_d16_bram
Removed 0 unused modules.

9.4. Executing PROC pass (convert processes to netlists).

9.4.1. Executing PROC_CLEAN pass (remove empty switches from decision trees).
Cleaned up 0 empty switches.

9.4.2. Executing PROC_RMDEAD pass (remove dead branches from decision trees).
Removed a total of 0 dead cases.

9.4.3. Executing PROC_PRUNE pass (remove redundant assignments in processes).
Removed 0 redundant assignments.
Promoted 0 assignments to connections.

9.4.4. Executing PROC_INIT pass (extract init attributes).

9.4.5. Executing PROC_ARST pass (detect async resets in processes).

9.4.6. Executing PROC_ROM pass (convert switches to ROMs).
Converted 0 switches.

9.4.7. Executing PROC_MUX pass (convert decision trees to multiplexers).

9.4.8. Executing PROC_DLATCH pass (convert process syncs to latches).

9.4.9. Executing PROC_DFF pass (convert process syncs to FFs).

9.4.10. Executing PROC_MEMWR pass (convert process memory writes to cells).

9.4.11. Executing PROC_CLEAN pass (remove empty switches from decision trees).
Cleaned up 0 empty switches.

9.4.12. Executing OPT_EXPR pass (perform const folding).
Optimizing module gated_delta_d16_bram.

9.5. Executing TRIBUF pass.

9.6. Executing DEMINOUT pass (demote inout ports to input or output).

9.7. Executing OPT_EXPR pass (perform const folding).
Optimizing module gated_delta_d16_bram.

9.8. Executing OPT_CLEAN pass (remove unused cells and wires).
Finding unused cells or wires in module \gated_delta_d16_bram..

9.9. Executing CHECK pass (checking for obvious problems).
Checking module gated_delta_d16_bram...
Found and reported 0 problems.

9.10. Executing OPT pass (performing simple optimizations).

9.10.1. Executing OPT_EXPR pass (perform const folding).
Optimizing module gated_delta_d16_bram.

9.10.2. Executing OPT_MERGE pass (detect identical cells).
Finding identical cells in module `\gated_delta_d16_bram'.
Computing hashes of 3128 cells of `\gated_delta_d16_bram'.
Finding duplicate cells in `\gated_delta_d16_bram'.
Computing hashes of 1836 cells of `\gated_delta_d16_bram'.
Finding duplicate cells in `\gated_delta_d16_bram'.
Computing hashes of 1736 cells of `\gated_delta_d16_bram'.
Finding duplicate cells in `\gated_delta_d16_bram'.
<suppressed ~4176 debug messages>
Removed a total of 1392 cells.

9.10.3. Executing OPT_MUXTREE pass (detect dead branches in mux trees).
Running muxtree optimizer on module \gated_delta_d16_bram..
  Creating internal representation of mux trees.
  Evaluating internal representation of mux trees.
  Analyzing evaluation results.
Removed 0 multiplexer ports.
<suppressed ~1414 debug messages>

9.10.4. Executing OPT_REDUCE pass (consolidate $*mux and $reduce_* inputs).
  Optimizing cells in module \gated_delta_d16_bram.
    New ctrl vector for $pmux cell $flatten\u_pe.$procmux$6142: { $auto$opt_reduce.cc:137:opt_pmux$7546 $flatten\u_pe.$procmux$3828_CTRL }
    New ctrl vector for $pmux cell $flatten\u_pe.$procmux$6156: { $auto$opt_reduce.cc:137:opt_pmux$7548 $flatten\u_pe.$procmux$3828_CTRL }
    Consolidated identical input bits for $mux cell $flatten\u_pe.\lanes[0].u_s.$procmux$2698:
      Old ports: A=16'0000000000000000, B=16'1111111111111111, Y=$flatten\u_pe.\lanes[0].u_s.$0$memwr$\mem$/Users/toprakgundogdu/qwen-ffn-rom/rtl/delta_s_col_ram.v:28$913_EN[15:0]$917
      New ports: A=1'0, B=1'1, Y=$flatten\u_pe.\lanes[0].u_s.$0$memwr$\mem$/Users/toprakgundogdu/qwen-ffn-rom/rtl/delta_s_col_ram.v:28$913_EN[15:0]$917 [0]
      New connections: $flatten\u_pe.\lanes[0].u_s.$0$memwr$\mem$/Users/toprakgundogdu/qwen-ffn-rom/rtl/delta_s_col_ram.v:28$913_EN[15:0]$917 [15:1] = { $flatten\u_pe.\lanes[0].u_s.$0$memwr$\mem$/Users/toprakgundogdu/qwen-ffn-rom/rtl/delta_s_col_ram.v:28$913_EN[15:0]$917 [0] $flatten\u_pe.\lanes[0].u_s.$0$memwr$\mem$/Users/toprakgundogdu/qwen-ffn-rom/rtl/delta_s_col_ram.v:28$913_EN[15:0]$917 [0] $flatten\u_pe.\lanes[0].u_s.$0$memwr$\mem$/Users/toprakgundogdu/qwen-ffn-rom/rtl/delta_s_col_ram.v:28$913_EN[15:0]$917 [0] $flatten\u_pe.\lanes[0].u_s.$0$memwr$\mem$/Users/toprakgundogdu/qwen-ffn-rom/rtl/delta_s_col_ram.v:28$913_EN[15:0]$917 [0] $flatten\u_pe.\lanes[0].u_s.$0$memwr$\mem$/Users/toprakgundogdu/qwen-ffn-rom/rtl/delta_s_col_ram.v:28$913_EN[15:0]$917 [0] $flatten\u_pe.\lanes[0].u_s.$0$memwr$\mem$/Users/toprakgundogdu/qwen-ffn-rom/rtl/delta_s_col_ram.v:28$913_EN[15:0]$917 [0] $flatten\u_pe.\lanes[0].u_s.$0$memwr$\mem$/Users/toprakgundogdu/qwen-ffn-rom/rtl/delta_s_col_ram.v:28$913_EN[15:0]$917 [0] $flatten\u_pe.\lanes[0].u_s.$0$memwr$\mem$/Users/toprakgundogdu/qwen-ffn-rom/rtl/delta_s_col_ram.v:28$913_EN[15:0]$917 [0] $flatten\u_pe.\lanes[0].u_s.$0$memwr$\mem$/Users/toprakgundogdu/qwen-ffn-rom/rtl/delta_s_col_ram.v:28$913_EN[15:0]$917 [0] $flatten\u_pe.\lanes[0].u_s.$0$memwr$\mem$/Users/toprakgundogdu/qwen-ffn-rom/rtl/delta_s_col_ram.v:28$913_EN[15:0]$917 [0] $flatten\u_pe.\lanes[0].u_s.$0$memwr$\mem$/Users/toprakgundogdu/qwen-ffn-rom/rtl/delta_s_col_ram.v:28$913_EN[15:0]$917 [0] $flatten\u_pe.\lanes[0].u_s.$0$memwr$\mem$/Users/toprakgundogdu/qwen-ffn-rom/rtl/delta_s_col_ram.v:28$913_EN[15:0]$917 [0] $flatten\u_pe.\lanes[0].u_s.$0$memwr$\mem$/Users/toprakgundogdu/qwen-ffn-rom/rtl/delta_s_col_ram.v:28$913_EN[15:0]$917 [0] $flatten\u_pe.\lanes[0].u_s.$0$memwr$\mem$/Users/toprakgundogdu/qwen-ffn-rom/rtl/delta_s_col_ram.v:28$913_EN[15:0]$917 [0] $flatten\u_pe.\lanes[0].u_s.$0$memwr$\mem$/Users/toprakgundogdu/qwen-ffn-rom/rtl/delta_s_col_ram.v:28$913_EN[15:0]$917 [0] }
    Consolidated identical input bits for $mux cell $flatten\u_pe.\lanes[1].u_s.$procmux$2698:
      Old ports: A=16'0000000000000000, B=16'1111111111111111, Y=$flatten\u_pe.\lanes[1].u_s.$0$memwr$\mem$/Users/toprakgundogdu/qwen-ffn-rom/rtl/delta_s_col_ram.v:28$913_EN[15:0]$917
      New ports: A=1'0, B=1'1, Y=$flatten\u_pe.\lanes[1].u_s.$0$memwr$\mem$/Users/toprakgundogdu/qwen-ffn-rom/rtl/delta_s_col_ram.v:28$913_EN[15:0]$917 [0]
      New connections: $flatten\u_pe.\lanes[1].u_s.$0$memwr$\mem$/Users/toprakgundogdu/qwen-ffn-rom/rtl/delta_s_col_ram.v:28$913_EN[15:0]$917 [15:1] = { $flatten\u_pe.\lanes[1].u_s.$0$memwr$\mem$/Users/toprakgundogdu/qwen-ffn-rom/rtl/delta_s_col_ram.v:28$913_EN[15:0]$917 [0] $flatten\u_pe.\lanes[1].u_s.$0$memwr$\mem$/Users/toprakgundogdu/qwen-ffn-rom/rtl/delta_s_col_ram.v:28$913_EN[15:0]$917 [0] $flatten\u_pe.\lanes[1].u_s.$0$memwr$\mem$/Users/toprakgundogdu/qwen-ffn-rom/rtl/delta_s_col_ram.v:28$913_EN[15:0]$917 [0] $flatten\u_pe.\lanes[1].u_s.$0$memwr$\mem$/Users/toprakgundogdu/qwen-ffn-rom/rtl/delta_s_col_ram.v:28$913_EN[15:0]$917 [0] $flatten\u_pe.\lanes[1].u_s.$0$memwr$\mem$/Users/toprakgundogdu/qwen-ffn-rom/rtl/delta_s_col_ram.v:28$913_EN[15:0]$917 [0] $flatten\u_pe.\lanes[1].u_s.$0$memwr$\mem$/Users/toprakgundogdu/qwen-ffn-rom/rtl/delta_s_col_ram.v:28$913_EN[15:0]$917 [0] $flatten\u_pe.\lanes[1].u_s.$0$memwr$\mem$/Users/toprakgundogdu/qwen-ffn-rom/rtl/delta_s_col_ram.v:28$913_EN[15:0]$917 [0] $flatten\u_pe.\lanes[1].u_s.$0$memwr$\mem$/Users/toprakgundogdu/qwen-ffn-rom/rtl/delta_s_col_ram.v:28$913_EN[15:0]$917 [0] $flatten\u_pe.\lanes[1].u_s.$0$memwr$\mem$/Users/toprakgundogdu/qwen-ffn-rom/rtl/delta_s_col_ram.v:28$913_EN[15:0]$917 [0] $flatten\u_pe.\lanes[1].u_s.$0$memwr$\mem$/Users/toprakgundogdu/qwen-ffn-rom/rtl/delta_s_col_ram.v:28$913_EN[15:0]$917 [0] $flatten\u_pe.\lanes[1].u_s.$0$memwr$\mem$/Users/toprakgundogdu/qwen-ffn-rom/rtl/delta_s_col_ram.v:28$913_EN[15:0]$917 [0] $flatten\u_pe.\lanes[1].u_s.$0$memwr$\mem$/Users/toprakgundogdu/qwen-ffn-rom/rtl/delta_s_col_ram.v:28$913_EN[15:0]$917 [0] $flatten\u_pe.\lanes[1].u_s.$0$memwr$\mem$/Users/toprakgundogdu/qwen-ffn-rom/rtl/delta_s_col_ram.v:28$913_EN[15:0]$917 [0] $flatten\u_pe.\lanes[1].u_s.$0$memwr$\mem$/Users/toprakgundogdu/qwen-ffn-rom/rtl/delta_s_col_ram.v:28$913_EN[15:0]$917 [0] $flatten\u_pe.\lanes[1].u_s.$0$memwr$\mem$/Users/toprakgundogdu/qwen-ffn-rom/rtl/delta_s_col_ram.v:28$913_EN[15:0]$917 [0] }
    Consolidated identical input bits for $mux cell $flatten\u_pe.\lanes[2].u_s.$procmux$2698:
      Old ports: A=16'0000000000000000, B=16'1111111111111111, Y=$flatten\u_pe.\lanes[2].u_s.$0$memwr$\mem$/Users/toprakgundogdu/qwen-ffn-rom/rtl/delta_s_col_ram.v:28$913_EN[15:0]$917
      New ports: A=1'0, B=1'1, Y=$flatten\u_pe.\lanes[2].u_s.$0$memwr$\mem$/Users/toprakgundogdu/qwen-ffn-rom/rtl/delta_s_col_ram.v:28$913_EN[15:0]$917 [0]
      New connections: $flatten\u_pe.\lanes[2].u_s.$0$memwr$\mem$/Users/toprakgundogdu/qwen-ffn-rom/rtl/delta_s_col_ram.v:28$913_EN[15:0]$917 [15:1] = { $flatten\u_pe.\lanes[2].u_s.$0$memwr$\mem$/Users/toprakgundogdu/qwen-ffn-rom/rtl/delta_s_col_ram.v:28$913_EN[15:0]$917 [0] $flatten\u_pe.\lanes[2].u_s.$0$memwr$\mem$/Users/toprakgundogdu/qwen-ffn-rom/rtl/delta_s_col_ram.v:28$913_EN[15:0]$917 [0] $flatten\u_pe.\lanes[2].u_s.$0$memwr$\mem$/Users/toprakgundogdu/qwen-ffn-rom/rtl/delta_s_col_ram.v:28$913_EN[15:0]$917 [0] $flatten\u_pe.\lanes[2].u_s.$0$memwr$\mem$/Users/toprakgundogdu/qwen-ffn-rom/rtl/delta_s_col_ram.v:28$913_EN[15:0]$917 [0] $flatten\u_pe.\lanes[2].u_s.$0$memwr$\mem$/Users/toprakgundogdu/qwen-ffn-rom/rtl/delta_s_col_ram.v:28$913_EN[15:0]$917 [0] $flatten\u_pe.\lanes[2].u_s.$0$memwr$\mem$/Users/toprakgundogdu/qwen-ffn-rom/rtl/delta_s_col_ram.v:28$913_EN[15:0]$917 [0] $flatten\u_pe.\lanes[2].u_s.$0$memwr$\mem$/Users/toprakgundogdu/qwen-ffn-rom/rtl/delta_s_col_ram.v:28$913_EN[15:0]$917 [0] $flatten\u_pe.\lanes[2].u_s.$0$memwr$\mem$/Users/toprakgundogdu/qwen-ffn-rom/rtl/delta_s_col_ram.v:28$913_EN[15:0]$917 [0] $flatten\u_pe.\lanes[2].u_s.$0$memwr$\mem$/Users/toprakgundogdu/qwen-ffn-rom/rtl/delta_s_col_ram.v:28$913_EN[15:0]$917 [0] $flatten\u_pe.\lanes[2].u_s.$0$memwr$\mem$/Users/toprakgundogdu/qwen-ffn-rom/rtl/delta_s_col_ram.v:28$913_EN[15:0]$917 [0] $flatten\u_pe.\lanes[2].u_s.$0$memwr$\mem$/Users/toprakgundogdu/qwen-ffn-rom/rtl/delta_s_col_ram.v:28$913_EN[15:0]$917 [0] $flatten\u_pe.\lanes[2].u_s.$0$memwr$\mem$/Users/toprakgundogdu/qwen-ffn-rom/rtl/delta_s_col_ram.v:28$913_EN[15:0]$917 [0] $flatten\u_pe.\lanes[2].u_s.$0$memwr$\mem$/Users/toprakgundogdu/qwen-ffn-rom/rtl/delta_s_col_ram.v:28$913_EN[15:0]$917 [0] $flatten\u_pe.\lanes[2].u_s.$0$memwr$\mem$/Users/toprakgundogdu/qwen-ffn-rom/rtl/delta_s_col_ram.v:28$913_EN[15:0]$917 [0] $flatten\u_pe.\lanes[2].u_s.$0$memwr$\mem$/Users/toprakgundogdu/qwen-ffn-rom/rtl/delta_s_col_ram.v:28$913_EN[15:0]$917 [0] }
    Consolidated identical input bits for $mux cell $flatten\u_pe.\lanes[3].u_s.$procmux$2698:
      Old ports: A=16'0000000000000000, B=16'1111111111111111, Y=$flatten\u_pe.\lanes[3].u_s.$0$memwr$\mem$/Users/toprakgundogdu/qwen-ffn-rom/rtl/delta_s_col_ram.v:28$913_EN[15:0]$917
      New ports: A=1'0, B=1'1, Y=$flatten\u_pe.\lanes[3].u_s.$0$memwr$\mem$/Users/toprakgundogdu/qwen-ffn-rom/rtl/delta_s_col_ram.v:28$913_EN[15:0]$917 [0]
      New connections: $flatten\u_pe.\lanes[3].u_s.$0$memwr$\mem$/Users/toprakgundogdu/qwen-ffn-rom/rtl/delta_s_col_ram.v:28$913_EN[15:0]$917 [15:1] = { $flatten\u_pe.\lanes[3].u_s.$0$memwr$\mem$/Users/toprakgundogdu/qwen-ffn-rom/rtl/delta_s_col_ram.v:28$913_EN[15:0]$917 [0] $flatten\u_pe.\lanes[3].u_s.$0$memwr$\mem$/Users/toprakgundogdu/qwen-ffn-rom/rtl/delta_s_col_ram.v:28$913_EN[15:0]$917 [0] $flatten\u_pe.\lanes[3].u_s.$0$memwr$\mem$/Users/toprakgundogdu/qwen-ffn-rom/rtl/delta_s_col_ram.v:28$913_EN[15:0]$917 [0] $flatten\u_pe.\lanes[3].u_s.$0$memwr$\mem$/Users/toprakgundogdu/qwen-ffn-rom/rtl/delta_s_col_ram.v:28$913_EN[15:0]$917 [0] $flatten\u_pe.\lanes[3].u_s.$0$memwr$\mem$/Users/toprakgundogdu/qwen-ffn-rom/rtl/delta_s_col_ram.v:28$913_EN[15:0]$917 [0] $flatten\u_pe.\lanes[3].u_s.$0$memwr$\mem$/Users/toprakgundogdu/qwen-ffn-rom/rtl/delta_s_col_ram.v:28$913_EN[15:0]$917 [0] $flatten\u_pe.\lanes[3].u_s.$0$memwr$\mem$/Users/toprakgundogdu/qwen-ffn-rom/rtl/delta_s_col_ram.v:28$913_EN[15:0]$917 [0] $flatten\u_pe.\lanes[3].u_s.$0$memwr$\mem$/Users/toprakgundogdu/qwen-ffn-rom/rtl/delta_s_col_ram.v:28$913_EN[15:0]$917 [0] $flatten\u_pe.\lanes[3].u_s.$0$memwr$\mem$/Users/toprakgundogdu/qwen-ffn-rom/rtl/delta_s_col_ram.v:28$913_EN[15:0]$917 [0] $flatten\u_pe.\lanes[3].u_s.$0$memwr$\mem$/Users/toprakgundogdu/qwen-ffn-rom/rtl/delta_s_col_ram.v:28$913_EN[15:0]$917 [0] $flatten\u_pe.\lanes[3].u_s.$0$memwr$\mem$/Users/toprakgundogdu/qwen-ffn-rom/rtl/delta_s_col_ram.v:28$913_EN[15:0]$917 [0] $flatten\u_pe.\lanes[3].u_s.$0$memwr$\mem$/Users/toprakgundogdu/qwen-ffn-rom/rtl/delta_s_col_ram.v:28$913_EN[15:0]$917 [0] $flatten\u_pe.\lanes[3].u_s.$0$memwr$\mem$/Users/toprakgundogdu/qwen-ffn-rom/rtl/delta_s_col_ram.v:28$913_EN[15:0]$917 [0] $flatten\u_pe.\lanes[3].u_s.$0$memwr$\mem$/Users/toprakgundogdu/qwen-ffn-rom/rtl/delta_s_col_ram.v:28$913_EN[15:0]$917 [0] $flatten\u_pe.\lanes[3].u_s.$0$memwr$\mem$/Users/toprakgundogdu/qwen-ffn-rom/rtl/delta_s_col_ram.v:28$913_EN[15:0]$917 [0] }
    Consolidated identical input bits for $mux cell $flatten\u_pe.\lanes[4].u_s.$procmux$2698:
      Old ports: A=16'0000000000000000, B=16'1111111111111111, Y=$flatten\u_pe.\lanes[4].u_s.$0$memwr$\mem$/Users/toprakgundogdu/qwen-ffn-rom/rtl/delta_s_col_ram.v:28$913_EN[15:0]$917
      New ports: A=1'0, B=1'1, Y=$flatten\u_pe.\lanes[4].u_s.$0$memwr$\mem$/Users/toprakgundogdu/qwen-ffn-rom/rtl/delta_s_col_ram.v:28$913_EN[15:0]$917 [0]
      New connections: $flatten\u_pe.\lanes[4].u_s.$0$memwr$\mem$/Users/toprakgundogdu/qwen-ffn-rom/rtl/delta_s_col_ram.v:28$913_EN[15:0]$917 [15:1] = { $flatten\u_pe.\lanes[4].u_s.$0$memwr$\mem$/Users/toprakgundogdu/qwen-ffn-rom/rtl/delta_s_col_ram.v:28$913_EN[15:0]$917 [0] $flatten\u_pe.\lanes[4].u_s.$0$memwr$\mem$/Users/toprakgundogdu/qwen-ffn-rom/rtl/delta_s_col_ram.v:28$913_EN[15:0]$917 [0] $flatten\u_pe.\lanes[4].u_s.$0$memwr$\mem$/Users/toprakgundogdu/qwen-ffn-rom/rtl/delta_s_col_ram.v:28$913_EN[15:0]$917 [0] $flatten\u_pe.\lanes[4].u_s.$0$memwr$\mem$/Users/toprakgundogdu/qwen-ffn-rom/rtl/delta_s_col_ram.v:28$913_EN[15:0]$917 [0] $flatten\u_pe.\lanes[4].u_s.$0$memwr$\mem$/Users/toprakgundogdu/qwen-ffn-rom/rtl/delta_s_col_ram.v:28$913_EN[15:0]$917 [0] $flatten\u_pe.\lanes[4].u_s.$0$memwr$\mem$/Users/toprakgundogdu/qwen-ffn-rom/rtl/delta_s_col_ram.v:28$913_EN[15:0]$917 [0] $flatten\u_pe.\lanes[4].u_s.$0$memwr$\mem$/Users/toprakgundogdu/qwen-ffn-rom/rtl/delta_s_col_ram.v:28$913_EN[15:0]$917 [0] $flatten\u_pe.\lanes[4].u_s.$0$memwr$\mem$/Users/toprakgundogdu/qwen-ffn-rom/rtl/delta_s_col_ram.v:28$913_EN[15:0]$917 [0] $flatten\u_pe.\lanes[4].u_s.$0$memwr$\mem$/Users/toprakgundogdu/qwen-ffn-rom/rtl/delta_s_col_ram.v:28$913_EN[15:0]$917 [0] $flatten\u_pe.\lanes[4].u_s.$0$memwr$\mem$/Users/toprakgundogdu/qwen-ffn-rom/rtl/delta_s_col_ram.v:28$913_EN[15:0]$917 [0] $flatten\u_pe.\lanes[4].u_s.$0$memwr$\mem$/Users/toprakgundogdu/qwen-ffn-rom/rtl/delta_s_col_ram.v:28$913_EN[15:0]$917 [0] $flatten\u_pe.\lanes[4].u_s.$0$memwr$\mem$/Users/toprakgundogdu/qwen-ffn-rom/rtl/delta_s_col_ram.v:28$913_EN[15:0]$917 [0] $flatten\u_pe.\lanes[4].u_s.$0$memwr$\mem$/Users/toprakgundogdu/qwen-ffn-rom/rtl/delta_s_col_ram.v:28$913_EN[15:0]$917 [0] $flatten\u_pe.\lanes[4].u_s.$0$memwr$\mem$/Users/toprakgundogdu/qwen-ffn-rom/rtl/delta_s_col_ram.v:28$913_EN[15:0]$917 [0] $flatten\u_pe.\lanes[4].u_s.$0$memwr$\mem$/Users/toprakgundogdu/qwen-ffn-rom/rtl/delta_s_col_ram.v:28$913_EN[15:0]$917 [0] }
    Consolidated identical input bits for $mux cell $flatten\u_pe.\lanes[5].u_s.$procmux$2698:
      Old ports: A=16'0000000000000000, B=16'1111111111111111, Y=$flatten\u_pe.\lanes[5].u_s.$0$memwr$\mem$/Users/toprakgundogdu/qwen-ffn-rom/rtl/delta_s_col_ram.v:28$913_EN[15:0]$917
      New ports: A=1'0, B=1'1, Y=$flatten\u_pe.\lanes[5].u_s.$0$memwr$\mem$/Users/toprakgundogdu/qwen-ffn-rom/rtl/delta_s_col_ram.v:28$913_EN[15:0]$917 [0]
      New connections: $flatten\u_pe.\lanes[5].u_s.$0$memwr$\mem$/Users/toprakgundogdu/qwen-ffn-rom/rtl/delta_s_col_ram.v:28$913_EN[15:0]$917 [15:1] = { $flatten\u_pe.\lanes[5].u_s.$0$memwr$\mem$/Users/toprakgundogdu/qwen-ffn-rom/rtl/delta_s_col_ram.v:28$913_EN[15:0]$917 [0] $flatten\u_pe.\lanes[5].u_s.$0$memwr$\mem$/Users/toprakgundogdu/qwen-ffn-rom/rtl/delta_s_col_ram.v:28$913_EN[15:0]$917 [0] $flatten\u_pe.\lanes[5].u_s.$0$memwr$\mem$/Users/toprakgundogdu/qwen-ffn-rom/rtl/delta_s_col_ram.v:28$913_EN[15:0]$917 [0] $flatten\u_pe.\lanes[5].u_s.$0$memwr$\mem$/Users/toprakgundogdu/qwen-ffn-rom/rtl/delta_s_col_ram.v:28$913_EN[15:0]$917 [0] $flatten\u_pe.\lanes[5].u_s.$0$memwr$\mem$/Users/toprakgundogdu/qwen-ffn-rom/rtl/delta_s_col_ram.v:28$913_EN[15:0]$917 [0] $flatten\u_pe.\lanes[5].u_s.$0$memwr$\mem$/Users/toprakgundogdu/qwen-ffn-rom/rtl/delta_s_col_ram.v:28$913_EN[15:0]$917 [0] $flatten\u_pe.\lanes[5].u_s.$0$memwr$\mem$/Users/toprakgundogdu/qwen-ffn-rom/rtl/delta_s_col_ram.v:28$913_EN[15:0]$917 [0] $flatten\u_pe.\lanes[5].u_s.$0$memwr$\mem$/Users/toprakgundogdu/qwen-ffn-rom/rtl/delta_s_col_ram.v:28$913_EN[15:0]$917 [0] $flatten\u_pe.\lanes[5].u_s.$0$memwr$\mem$/Users/toprakgundogdu/qwen-ffn-rom/rtl/delta_s_col_ram.v:28$913_EN[15:0]$917 [0] $flatten\u_pe.\lanes[5].u_s.$0$memwr$\mem$/Users/toprakgundogdu/qwen-ffn-rom/rtl/delta_s_col_ram.v:28$913_EN[15:0]$917 [0] $flatten\u_pe.\lanes[5].u_s.$0$memwr$\mem$/Users/toprakgundogdu/qwen-ffn-rom/rtl/delta_s_col_ram.v:28$913_EN[15:0]$917 [0] $flatten\u_pe.\lanes[5].u_s.$0$memwr$\mem$/Users/toprakgundogdu/qwen-ffn-rom/rtl/delta_s_col_ram.v:28$913_EN[15:0]$917 [0] $flatten\u_pe.\lanes[5].u_s.$0$memwr$\mem$/Users/toprakgundogdu/qwen-ffn-rom/rtl/delta_s_col_ram.v:28$913_EN[15:0]$917 [0] $flatten\u_pe.\lanes[5].u_s.$0$memwr$\mem$/Users/toprakgundogdu/qwen-ffn-rom/rtl/delta_s_col_ram.v:28$913_EN[15:0]$917 [0] $flatten\u_pe.\lanes[5].u_s.$0$memwr$\mem$/Users/toprakgundogdu/qwen-ffn-rom/rtl/delta_s_col_ram.v:28$913_EN[15:0]$917 [0] }
    Consolidated identical input bits for $mux cell $flatten\u_pe.\lanes[6].u_s.$procmux$2698:
      Old ports: A=16'0000000000000000, B=16'1111111111111111, Y=$flatten\u_pe.\lanes[6].u_s.$0$memwr$\mem$/Users/toprakgundogdu/qwen-ffn-rom/rtl/delta_s_col_ram.v:28$913_EN[15:0]$917
      New ports: A=1'0, B=1'1, Y=$flatten\u_pe.\lanes[6].u_s.$0$memwr$\mem$/Users/toprakgundogdu/qwen-ffn-rom/rtl/delta_s_col_ram.v:28$913_EN[15:0]$917 [0]
      New connections: $flatten\u_pe.\lanes[6].u_s.$0$memwr$\mem$/Users/toprakgundogdu/qwen-ffn-rom/rtl/delta_s_col_ram.v:28$913_EN[15:0]$917 [15:1] = { $flatten\u_pe.\lanes[6].u_s.$0$memwr$\mem$/Users/toprakgundogdu/qwen-ffn-rom/rtl/delta_s_col_ram.v:28$913_EN[15:0]$917 [0] $flatten\u_pe.\lanes[6].u_s.$0$memwr$\mem$/Users/toprakgundogdu/qwen-ffn-rom/rtl/delta_s_col_ram.v:28$913_EN[15:0]$917 [0] $flatten\u_pe.\lanes[6].u_s.$0$memwr$\mem$/Users/toprakgundogdu/qwen-ffn-rom/rtl/delta_s_col_ram.v:28$913_EN[15:0]$917 [0] $flatten\u_pe.\lanes[6].u_s.$0$memwr$\mem$/Users/toprakgundogdu/qwen-ffn-rom/rtl/delta_s_col_ram.v:28$913_EN[15:0]$917 [0] $flatten\u_pe.\lanes[6].u_s.$0$memwr$\mem$/Users/toprakgundogdu/qwen-ffn-rom/rtl/delta_s_col_ram.v:28$913_EN[15:0]$917 [0] $flatten\u_pe.\lanes[6].u_s.$0$memwr$\mem$/Users/toprakgundogdu/qwen-ffn-rom/rtl/delta_s_col_ram.v:28$913_EN[15:0]$917 [0] $flatten\u_pe.\lanes[6].u_s.$0$memwr$\mem$/Users/toprakgundogdu/qwen-ffn-rom/rtl/delta_s_col_ram.v:28$913_EN[15:0]$917 [0] $flatten\u_pe.\lanes[6].u_s.$0$memwr$\mem$/Users/toprakgundogdu/qwen-ffn-rom/rtl/delta_s_col_ram.v:28$913_EN[15:0]$917 [0] $flatten\u_pe.\lanes[6].u_s.$0$memwr$\mem$/Users/toprakgundogdu/qwen-ffn-rom/rtl/delta_s_col_ram.v:28$913_EN[15:0]$917 [0] $flatten\u_pe.\lanes[6].u_s.$0$memwr$\mem$/Users/toprakgundogdu/qwen-ffn-rom/rtl/delta_s_col_ram.v:28$913_EN[15:0]$917 [0] $flatten\u_pe.\lanes[6].u_s.$0$memwr$\mem$/Users/toprakgundogdu/qwen-ffn-rom/rtl/delta_s_col_ram.v:28$913_EN[15:0]$917 [0] $flatten\u_pe.\lanes[6].u_s.$0$memwr$\mem$/Users/toprakgundogdu/qwen-ffn-rom/rtl/delta_s_col_ram.v:28$913_EN[15:0]$917 [0] $flatten\u_pe.\lanes[6].u_s.$0$memwr$\mem$/Users/toprakgundogdu/qwen-ffn-rom/rtl/delta_s_col_ram.v:28$913_EN[15:0]$917 [0] $flatten\u_pe.\lanes[6].u_s.$0$memwr$\mem$/Users/toprakgundogdu/qwen-ffn-rom/rtl/delta_s_col_ram.v:28$913_EN[15:0]$917 [0] $flatten\u_pe.\lanes[6].u_s.$0$memwr$\mem$/Users/toprakgundogdu/qwen-ffn-rom/rtl/delta_s_col_ram.v:28$913_EN[15:0]$917 [0] }
    Consolidated identical input bits for $mux cell $flatten\u_pe.\lanes[7].u_s.$procmux$2698:
      Old ports: A=16'0000000000000000, B=16'1111111111111111, Y=$flatten\u_pe.\lanes[7].u_s.$0$memwr$\mem$/Users/toprakgundogdu/qwen-ffn-rom/rtl/delta_s_col_ram.v:28$913_EN[15:0]$917
      New ports: A=1'0, B=1'1, Y=$flatten\u_pe.\lanes[7].u_s.$0$memwr$\mem$/Users/toprakgundogdu/qwen-ffn-rom/rtl/delta_s_col_ram.v:28$913_EN[15:0]$917 [0]
      New connections: $flatten\u_pe.\lanes[7].u_s.$0$memwr$\mem$/Users/toprakgundogdu/qwen-ffn-rom/rtl/delta_s_col_ram.v:28$913_EN[15:0]$917 [15:1] = { $flatten\u_pe.\lanes[7].u_s.$0$memwr$\mem$/Users/toprakgundogdu/qwen-ffn-rom/rtl/delta_s_col_ram.v:28$913_EN[15:0]$917 [0] $flatten\u_pe.\lanes[7].u_s.$0$memwr$\mem$/Users/toprakgundogdu/qwen-ffn-rom/rtl/delta_s_col_ram.v:28$913_EN[15:0]$917 [0] $flatten\u_pe.\lanes[7].u_s.$0$memwr$\mem$/Users/toprakgundogdu/qwen-ffn-rom/rtl/delta_s_col_ram.v:28$913_EN[15:0]$917 [0] $flatten\u_pe.\lanes[7].u_s.$0$memwr$\mem$/Users/toprakgundogdu/qwen-ffn-rom/rtl/delta_s_col_ram.v:28$913_EN[15:0]$917 [0] $flatten\u_pe.\lanes[7].u_s.$0$memwr$\mem$/Users/toprakgundogdu/qwen-ffn-rom/rtl/delta_s_col_ram.v:28$913_EN[15:0]$917 [0] $flatten\u_pe.\lanes[7].u_s.$0$memwr$\mem$/Users/toprakgundogdu/qwen-ffn-rom/rtl/delta_s_col_ram.v:28$913_EN[15:0]$917 [0] $flatten\u_pe.\lanes[7].u_s.$0$memwr$\mem$/Users/toprakgundogdu/qwen-ffn-rom/rtl/delta_s_col_ram.v:28$913_EN[15:0]$917 [0] $flatten\u_pe.\lanes[7].u_s.$0$memwr$\mem$/Users/toprakgundogdu/qwen-ffn-rom/rtl/delta_s_col_ram.v:28$913_EN[15:0]$917 [0] $flatten\u_pe.\lanes[7].u_s.$0$memwr$\mem$/Users/toprakgundogdu/qwen-ffn-rom/rtl/delta_s_col_ram.v:28$913_EN[15:0]$917 [0] $flatten\u_pe.\lanes[7].u_s.$0$memwr$\mem$/Users/toprakgundogdu/qwen-ffn-rom/rtl/delta_s_col_ram.v:28$913_EN[15:0]$917 [0] $flatten\u_pe.\lanes[7].u_s.$0$memwr$\mem$/Users/toprakgundogdu/qwen-ffn-rom/rtl/delta_s_col_ram.v:28$913_EN[15:0]$917 [0] $flatten\u_pe.\lanes[7].u_s.$0$memwr$\mem$/Users/toprakgundogdu/qwen-ffn-rom/rtl/delta_s_col_ram.v:28$913_EN[15:0]$917 [0] $flatten\u_pe.\lanes[7].u_s.$0$memwr$\mem$/Users/toprakgundogdu/qwen-ffn-rom/rtl/delta_s_col_ram.v:28$913_EN[15:0]$917 [0] $flatten\u_pe.\lanes[7].u_s.$0$memwr$\mem$/Users/toprakgundogdu/qwen-ffn-rom/rtl/delta_s_col_ram.v:28$913_EN[15:0]$917 [0] $flatten\u_pe.\lanes[7].u_s.$0$memwr$\mem$/Users/toprakgundogdu/qwen-ffn-rom/rtl/delta_s_col_ram.v:28$913_EN[15:0]$917 [0] }
    Consolidated identical input bits for $mux cell $flatten\u_pe.\lanes[8].u_s.$procmux$2698:
      Old ports: A=16'0000000000000000, B=16'1111111111111111, Y=$flatten\u_pe.\lanes[8].u_s.$0$memwr$\mem$/Users/toprakgundogdu/qwen-ffn-rom/rtl/delta_s_col_ram.v:28$913_EN[15:0]$917
      New ports: A=1'0, B=1'1, Y=$flatten\u_pe.\lanes[8].u_s.$0$memwr$\mem$/Users/toprakgundogdu/qwen-ffn-rom/rtl/delta_s_col_ram.v:28$913_EN[15:0]$917 [0]
      New connections: $flatten\u_pe.\lanes[8].u_s.$0$memwr$\mem$/Users/toprakgundogdu/qwen-ffn-rom/rtl/delta_s_col_ram.v:28$913_EN[15:0]$917 [15:1] = { $flatten\u_pe.\lanes[8].u_s.$0$memwr$\mem$/Users/toprakgundogdu/qwen-ffn-rom/rtl/delta_s_col_ram.v:28$913_EN[15:0]$917 [0] $flatten\u_pe.\lanes[8].u_s.$0$memwr$\mem$/Users/toprakgundogdu/qwen-ffn-rom/rtl/delta_s_col_ram.v:28$913_EN[15:0]$917 [0] $flatten\u_pe.\lanes[8].u_s.$0$memwr$\mem$/Users/toprakgundogdu/qwen-ffn-rom/rtl/delta_s_col_ram.v:28$913_EN[15:0]$917 [0] $flatten\u_pe.\lanes[8].u_s.$0$memwr$\mem$/Users/toprakgundogdu/qwen-ffn-rom/rtl/delta_s_col_ram.v:28$913_EN[15:0]$917 [0] $flatten\u_pe.\lanes[8].u_s.$0$memwr$\mem$/Users/toprakgundogdu/qwen-ffn-rom/rtl/delta_s_col_ram.v:28$913_EN[15:0]$917 [0] $flatten\u_pe.\lanes[8].u_s.$0$memwr$\mem$/Users/toprakgundogdu/qwen-ffn-rom/rtl/delta_s_col_ram.v:28$913_EN[15:0]$917 [0] $flatten\u_pe.\lanes[8].u_s.$0$memwr$\mem$/Users/toprakgundogdu/qwen-ffn-rom/rtl/delta_s_col_ram.v:28$913_EN[15:0]$917 [0] $flatten\u_pe.\lanes[8].u_s.$0$memwr$\mem$/Users/toprakgundogdu/qwen-ffn-rom/rtl/delta_s_col_ram.v:28$913_EN[15:0]$917 [0] $flatten\u_pe.\lanes[8].u_s.$0$memwr$\mem$/Users/toprakgundogdu/qwen-ffn-rom/rtl/delta_s_col_ram.v:28$913_EN[15:0]$917 [0] $flatten\u_pe.\lanes[8].u_s.$0$memwr$\mem$/Users/toprakgundogdu/qwen-ffn-rom/rtl/delta_s_col_ram.v:28$913_EN[15:0]$917 [0] $flatten\u_pe.\lanes[8].u_s.$0$memwr$\mem$/Users/toprakgundogdu/qwen-ffn-rom/rtl/delta_s_col_ram.v:28$913_EN[15:0]$917 [0] $flatten\u_pe.\lanes[8].u_s.$0$memwr$\mem$/Users/toprakgundogdu/qwen-ffn-rom/rtl/delta_s_col_ram.v:28$913_EN[15:0]$917 [0] $flatten\u_pe.\lanes[8].u_s.$0$memwr$\mem$/Users/toprakgundogdu/qwen-ffn-rom/rtl/delta_s_col_ram.v:28$913_EN[15:0]$917 [0] $flatten\u_pe.\lanes[8].u_s.$0$memwr$\mem$/Users/toprakgundogdu/qwen-ffn-rom/rtl/delta_s_col_ram.v:28$913_EN[15:0]$917 [0] $flatten\u_pe.\lanes[8].u_s.$0$memwr$\mem$/Users/toprakgundogdu/qwen-ffn-rom/rtl/delta_s_col_ram.v:28$913_EN[15:0]$917 [0] }
    Consolidated identical input bits for $mux cell $flatten\u_pe.\lanes[9].u_s.$procmux$2698:
      Old ports: A=16'0000000000000000, B=16'1111111111111111, Y=$flatten\u_pe.\lanes[9].u_s.$0$memwr$\mem$/Users/toprakgundogdu/qwen-ffn-rom/rtl/delta_s_col_ram.v:28$913_EN[15:0]$917
      New ports: A=1'0, B=1'1, Y=$flatten\u_pe.\lanes[9].u_s.$0$memwr$\mem$/Users/toprakgundogdu/qwen-ffn-rom/rtl/delta_s_col_ram.v:28$913_EN[15:0]$917 [0]
      New connections: $flatten\u_pe.\lanes[9].u_s.$0$memwr$\mem$/Users/toprakgundogdu/qwen-ffn-rom/rtl/delta_s_col_ram.v:28$913_EN[15:0]$917 [15:1] = { $flatten\u_pe.\lanes[9].u_s.$0$memwr$\mem$/Users/toprakgundogdu/qwen-ffn-rom/rtl/delta_s_col_ram.v:28$913_EN[15:0]$917 [0] $flatten\u_pe.\lanes[9].u_s.$0$memwr$\mem$/Users/toprakgundogdu/qwen-ffn-rom/rtl/delta_s_col_ram.v:28$913_EN[15:0]$917 [0] $flatten\u_pe.\lanes[9].u_s.$0$memwr$\mem$/Users/toprakgundogdu/qwen-ffn-rom/rtl/delta_s_col_ram.v:28$913_EN[15:0]$917 [0] $flatten\u_pe.\lanes[9].u_s.$0$memwr$\mem$/Users/toprakgundogdu/qwen-ffn-rom/rtl/delta_s_col_ram.v:28$913_EN[15:0]$917 [0] $flatten\u_pe.\lanes[9].u_s.$0$memwr$\mem$/Users/toprakgundogdu/qwen-ffn-rom/rtl/delta_s_col_ram.v:28$913_EN[15:0]$917 [0] $flatten\u_pe.\lanes[9].u_s.$0$memwr$\mem$/Users/toprakgundogdu/qwen-ffn-rom/rtl/delta_s_col_ram.v:28$913_EN[15:0]$917 [0] $flatten\u_pe.\lanes[9].u_s.$0$memwr$\mem$/Users/toprakgundogdu/qwen-ffn-rom/rtl/delta_s_col_ram.v:28$913_EN[15:0]$917 [0] $flatten\u_pe.\lanes[9].u_s.$0$memwr$\mem$/Users/toprakgundogdu/qwen-ffn-rom/rtl/delta_s_col_ram.v:28$913_EN[15:0]$917 [0] $flatten\u_pe.\lanes[9].u_s.$0$memwr$\mem$/Users/toprakgundogdu/qwen-ffn-rom/rtl/delta_s_col_ram.v:28$913_EN[15:0]$917 [0] $flatten\u_pe.\lanes[9].u_s.$0$memwr$\mem$/Users/toprakgundogdu/qwen-ffn-rom/rtl/delta_s_col_ram.v:28$913_EN[15:0]$917 [0] $flatten\u_pe.\lanes[9].u_s.$0$memwr$\mem$/Users/toprakgundogdu/qwen-ffn-rom/rtl/delta_s_col_ram.v:28$913_EN[15:0]$917 [0] $flatten\u_pe.\lanes[9].u_s.$0$memwr$\mem$/Users/toprakgundogdu/qwen-ffn-rom/rtl/delta_s_col_ram.v:28$913_EN[15:0]$917 [0] $flatten\u_pe.\lanes[9].u_s.$0$memwr$\mem$/Users/toprakgundogdu/qwen-ffn-rom/rtl/delta_s_col_ram.v:28$913_EN[15:0]$917 [0] $flatten\u_pe.\lanes[9].u_s.$0$memwr$\mem$/Users/toprakgundogdu/qwen-ffn-rom/rtl/delta_s_col_ram.v:28$913_EN[15:0]$917 [0] $flatten\u_pe.\lanes[9].u_s.$0$memwr$\mem$/Users/toprakgundogdu/qwen-ffn-rom/rtl/delta_s_col_ram.v:28$913_EN[15:0]$917 [0] }
    Consolidated identical input bits for $mux cell $flatten\u_pe.\lanes[10].u_s.$procmux$2698:
      Old ports: A=16'0000000000000000, B=16'1111111111111111, Y=$flatten\u_pe.\lanes[10].u_s.$0$memwr$\mem$/Users/toprakgundogdu/qwen-ffn-rom/rtl/delta_s_col_ram.v:28$913_EN[15:0]$917
      New ports: A=1'0, B=1'1, Y=$flatten\u_pe.\lanes[10].u_s.$0$memwr$\mem$/Users/toprakgundogdu/qwen-ffn-rom/rtl/delta_s_col_ram.v:28$913_EN[15:0]$917 [0]
      New connections: $flatten\u_pe.\lanes[10].u_s.$0$memwr$\mem$/Users/toprakgundogdu/qwen-ffn-rom/rtl/delta_s_col_ram.v:28$913_EN[15:0]$917 [15:1] = { $flatten\u_pe.\lanes[10].u_s.$0$memwr$\mem$/Users/toprakgundogdu/qwen-ffn-rom/rtl/delta_s_col_ram.v:28$913_EN[15:0]$917 [0] $flatten\u_pe.\lanes[10].u_s.$0$memwr$\mem$/Users/toprakgundogdu/qwen-ffn-rom/rtl/delta_s_col_ram.v:28$913_EN[15:0]$917 [0] $flatten\u_pe.\lanes[10].u_s.$0$memwr$\mem$/Users/toprakgundogdu/qwen-ffn-rom/rtl/delta_s_col_ram.v:28$913_EN[15:0]$917 [0] $flatten\u_pe.\lanes[10].u_s.$0$memwr$\mem$/Users/toprakgundogdu/qwen-ffn-rom/rtl/delta_s_col_ram.v:28$913_EN[15:0]$917 [0] $flatten\u_pe.\lanes[10].u_s.$0$memwr$\mem$/Users/toprakgundogdu/qwen-ffn-rom/rtl/delta_s_col_ram.v:28$913_EN[15:0]$917 [0] $flatten\u_pe.\lanes[10].u_s.$0$memwr$\mem$/Users/toprakgundogdu/qwen-ffn-rom/rtl/delta_s_col_ram.v:28$913_EN[15:0]$917 [0] $flatten\u_pe.\lanes[10].u_s.$0$memwr$\mem$/Users/toprakgundogdu/qwen-ffn-rom/rtl/delta_s_col_ram.v:28$913_EN[15:0]$917 [0] $flatten\u_pe.\lanes[10].u_s.$0$memwr$\mem$/Users/toprakgundogdu/qwen-ffn-rom/rtl/delta_s_col_ram.v:28$913_EN[15:0]$917 [0] $flatten\u_pe.\lanes[10].u_s.$0$memwr$\mem$/Users/toprakgundogdu/qwen-ffn-rom/rtl/delta_s_col_ram.v:28$913_EN[15:0]$917 [0] $flatten\u_pe.\lanes[10].u_s.$0$memwr$\mem$/Users/toprakgundogdu/qwen-ffn-rom/rtl/delta_s_col_ram.v:28$913_EN[15:0]$917 [0] $flatten\u_pe.\lanes[10].u_s.$0$memwr$\mem$/Users/toprakgundogdu/qwen-ffn-rom/rtl/delta_s_col_ram.v:28$913_EN[15:0]$917 [0] $flatten\u_pe.\lanes[10].u_s.$0$memwr$\mem$/Users/toprakgundogdu/qwen-ffn-rom/rtl/delta_s_col_ram.v:28$913_EN[15:0]$917 [0] $flatten\u_pe.\lanes[10].u_s.$0$memwr$\mem$/Users/toprakgundogdu/qwen-ffn-rom/rtl/delta_s_col_ram.v:28$913_EN[15:0]$917 [0] $flatten\u_pe.\lanes[10].u_s.$0$memwr$\mem$/Users/toprakgundogdu/qwen-ffn-rom/rtl/delta_s_col_ram.v:28$913_EN[15:0]$917 [0] $flatten\u_pe.\lanes[10].u_s.$0$memwr$\mem$/Users/toprakgundogdu/qwen-ffn-rom/rtl/delta_s_col_ram.v:28$913_EN[15:0]$917 [0] }
    Consolidated identical input bits for $mux cell $flatten\u_pe.\lanes[11].u_s.$procmux$2698:
      Old ports: A=16'0000000000000000, B=16'1111111111111111, Y=$flatten\u_pe.\lanes[11].u_s.$0$memwr$\mem$/Users/toprakgundogdu/qwen-ffn-rom/rtl/delta_s_col_ram.v:28$913_EN[15:0]$917
      New ports: A=1'0, B=1'1, Y=$flatten\u_pe.\lanes[11].u_s.$0$memwr$\mem$/Users/toprakgundogdu/qwen-ffn-rom/rtl/delta_s_col_ram.v:28$913_EN[15:0]$917 [0]
      New connections: $flatten\u_pe.\lanes[11].u_s.$0$memwr$\mem$/Users/toprakgundogdu/qwen-ffn-rom/rtl/delta_s_col_ram.v:28$913_EN[15:0]$917 [15:1] = { $flatten\u_pe.\lanes[11].u_s.$0$memwr$\mem$/Users/toprakgundogdu/qwen-ffn-rom/rtl/delta_s_col_ram.v:28$913_EN[15:0]$917 [0] $flatten\u_pe.\lanes[11].u_s.$0$memwr$\mem$/Users/toprakgundogdu/qwen-ffn-rom/rtl/delta_s_col_ram.v:28$913_EN[15:0]$917 [0] $flatten\u_pe.\lanes[11].u_s.$0$memwr$\mem$/Users/toprakgundogdu/qwen-ffn-rom/rtl/delta_s_col_ram.v:28$913_EN[15:0]$917 [0] $flatten\u_pe.\lanes[11].u_s.$0$memwr$\mem$/Users/toprakgundogdu/qwen-ffn-rom/rtl/delta_s_col_ram.v:28$913_EN[15:0]$917 [0] $flatten\u_pe.\lanes[11].u_s.$0$memwr$\mem$/Users/toprakgundogdu/qwen-ffn-rom/rtl/delta_s_col_ram.v:28$913_EN[15:0]$917 [0] $flatten\u_pe.\lanes[11].u_s.$0$memwr$\mem$/Users/toprakgundogdu/qwen-ffn-rom/rtl/delta_s_col_ram.v:28$913_EN[15:0]$917 [0] $flatten\u_pe.\lanes[11].u_s.$0$memwr$\mem$/Users/toprakgundogdu/qwen-ffn-rom/rtl/delta_s_col_ram.v:28$913_EN[15:0]$917 [0] $flatten\u_pe.\lanes[11].u_s.$0$memwr$\mem$/Users/toprakgundogdu/qwen-ffn-rom/rtl/delta_s_col_ram.v:28$913_EN[15:0]$917 [0] $flatten\u_pe.\lanes[11].u_s.$0$memwr$\mem$/Users/toprakgundogdu/qwen-ffn-rom/rtl/delta_s_col_ram.v:28$913_EN[15:0]$917 [0] $flatten\u_pe.\lanes[11].u_s.$0$memwr$\mem$/Users/toprakgundogdu/qwen-ffn-rom/rtl/delta_s_col_ram.v:28$913_EN[15:0]$917 [0] $flatten\u_pe.\lanes[11].u_s.$0$memwr$\mem$/Users/toprakgundogdu/qwen-ffn-rom/rtl/delta_s_col_ram.v:28$913_EN[15:0]$917 [0] $flatten\u_pe.\lanes[11].u_s.$0$memwr$\mem$/Users/toprakgundogdu/qwen-ffn-rom/rtl/delta_s_col_ram.v:28$913_EN[15:0]$917 [0] $flatten\u_pe.\lanes[11].u_s.$0$memwr$\mem$/Users/toprakgundogdu/qwen-ffn-rom/rtl/delta_s_col_ram.v:28$913_EN[15:0]$917 [0] $flatten\u_pe.\lanes[11].u_s.$0$memwr$\mem$/Users/toprakgundogdu/qwen-ffn-rom/rtl/delta_s_col_ram.v:28$913_EN[15:0]$917 [0] $flatten\u_pe.\lanes[11].u_s.$0$memwr$\mem$/Users/toprakgundogdu/qwen-ffn-rom/rtl/delta_s_col_ram.v:28$913_EN[15:0]$917 [0] }
    Consolidated identical input bits for $mux cell $flatten\u_pe.\lanes[12].u_s.$procmux$2698:
      Old ports: A=16'0000000000000000, B=16'1111111111111111, Y=$flatten\u_pe.\lanes[12].u_s.$0$memwr$\mem$/Users/toprakgundogdu/qwen-ffn-rom/rtl/delta_s_col_ram.v:28$913_EN[15:0]$917
      New ports: A=1'0, B=1'1, Y=$flatten\u_pe.\lanes[12].u_s.$0$memwr$\mem$/Users/toprakgundogdu/qwen-ffn-rom/rtl/delta_s_col_ram.v:28$913_EN[15:0]$917 [0]
      New connections: $flatten\u_pe.\lanes[12].u_s.$0$memwr$\mem$/Users/toprakgundogdu/qwen-ffn-rom/rtl/delta_s_col_ram.v:28$913_EN[15:0]$917 [15:1] = { $flatten\u_pe.\lanes[12].u_s.$0$memwr$\mem$/Users/toprakgundogdu/qwen-ffn-rom/rtl/delta_s_col_ram.v:28$913_EN[15:0]$917 [0] $flatten\u_pe.\lanes[12].u_s.$0$memwr$\mem$/Users/toprakgundogdu/qwen-ffn-rom/rtl/delta_s_col_ram.v:28$913_EN[15:0]$917 [0] $flatten\u_pe.\lanes[12].u_s.$0$memwr$\mem$/Users/toprakgundogdu/qwen-ffn-rom/rtl/delta_s_col_ram.v:28$913_EN[15:0]$917 [0] $flatten\u_pe.\lanes[12].u_s.$0$memwr$\mem$/Users/toprakgundogdu/qwen-ffn-rom/rtl/delta_s_col_ram.v:28$913_EN[15:0]$917 [0] $flatten\u_pe.\lanes[12].u_s.$0$memwr$\mem$/Users/toprakgundogdu/qwen-ffn-rom/rtl/delta_s_col_ram.v:28$913_EN[15:0]$917 [0] $flatten\u_pe.\lanes[12].u_s.$0$memwr$\mem$/Users/toprakgundogdu/qwen-ffn-rom/rtl/delta_s_col_ram.v:28$913_EN[15:0]$917 [0] $flatten\u_pe.\lanes[12].u_s.$0$memwr$\mem$/Users/toprakgundogdu/qwen-ffn-rom/rtl/delta_s_col_ram.v:28$913_EN[15:0]$917 [0] $flatten\u_pe.\lanes[12].u_s.$0$memwr$\mem$/Users/toprakgundogdu/qwen-ffn-rom/rtl/delta_s_col_ram.v:28$913_EN[15:0]$917 [0] $flatten\u_pe.\lanes[12].u_s.$0$memwr$\mem$/Users/toprakgundogdu/qwen-ffn-rom/rtl/delta_s_col_ram.v:28$913_EN[15:0]$917 [0] $flatten\u_pe.\lanes[12].u_s.$0$memwr$\mem$/Users/toprakgundogdu/qwen-ffn-rom/rtl/delta_s_col_ram.v:28$913_EN[15:0]$917 [0] $flatten\u_pe.\lanes[12].u_s.$0$memwr$\mem$/Users/toprakgundogdu/qwen-ffn-rom/rtl/delta_s_col_ram.v:28$913_EN[15:0]$917 [0] $flatten\u_pe.\lanes[12].u_s.$0$memwr$\mem$/Users/toprakgundogdu/qwen-ffn-rom/rtl/delta_s_col_ram.v:28$913_EN[15:0]$917 [0] $flatten\u_pe.\lanes[12].u_s.$0$memwr$\mem$/Users/toprakgundogdu/qwen-ffn-rom/rtl/delta_s_col_ram.v:28$913_EN[15:0]$917 [0] $flatten\u_pe.\lanes[12].u_s.$0$memwr$\mem$/Users/toprakgundogdu/qwen-ffn-rom/rtl/delta_s_col_ram.v:28$913_EN[15:0]$917 [0] $flatten\u_pe.\lanes[12].u_s.$0$memwr$\mem$/Users/toprakgundogdu/qwen-ffn-rom/rtl/delta_s_col_ram.v:28$913_EN[15:0]$917 [0] }
    Consolidated identical input bits for $mux cell $flatten\u_pe.\lanes[13].u_s.$procmux$2698:
      Old ports: A=16'0000000000000000, B=16'1111111111111111, Y=$flatten\u_pe.\lanes[13].u_s.$0$memwr$\mem$/Users/toprakgundogdu/qwen-ffn-rom/rtl/delta_s_col_ram.v:28$913_EN[15:0]$917
      New ports: A=1'0, B=1'1, Y=$flatten\u_pe.\lanes[13].u_s.$0$memwr$\mem$/Users/toprakgundogdu/qwen-ffn-rom/rtl/delta_s_col_ram.v:28$913_EN[15:0]$917 [0]
      New connections: $flatten\u_pe.\lanes[13].u_s.$0$memwr$\mem$/Users/toprakgundogdu/qwen-ffn-rom/rtl/delta_s_col_ram.v:28$913_EN[15:0]$917 [15:1] = { $flatten\u_pe.\lanes[13].u_s.$0$memwr$\mem$/Users/toprakgundogdu/qwen-ffn-rom/rtl/delta_s_col_ram.v:28$913_EN[15:0]$917 [0] $flatten\u_pe.\lanes[13].u_s.$0$memwr$\mem$/Users/toprakgundogdu/qwen-ffn-rom/rtl/delta_s_col_ram.v:28$913_EN[15:0]$917 [0] $flatten\u_pe.\lanes[13].u_s.$0$memwr$\mem$/Users/toprakgundogdu/qwen-ffn-rom/rtl/delta_s_col_ram.v:28$913_EN[15:0]$917 [0] $flatten\u_pe.\lanes[13].u_s.$0$memwr$\mem$/Users/toprakgundogdu/qwen-ffn-rom/rtl/delta_s_col_ram.v:28$913_EN[15:0]$917 [0] $flatten\u_pe.\lanes[13].u_s.$0$memwr$\mem$/Users/toprakgundogdu/qwen-ffn-rom/rtl/delta_s_col_ram.v:28$913_EN[15:0]$917 [0] $flatten\u_pe.\lanes[13].u_s.$0$memwr$\mem$/Users/toprakgundogdu/qwen-ffn-rom/rtl/delta_s_col_ram.v:28$913_EN[15:0]$917 [0] $flatten\u_pe.\lanes[13].u_s.$0$memwr$\mem$/Users/toprakgundogdu/qwen-ffn-rom/rtl/delta_s_col_ram.v:28$913_EN[15:0]$917 [0] $flatten\u_pe.\lanes[13].u_s.$0$memwr$\mem$/Users/toprakgundogdu/qwen-ffn-rom/rtl/delta_s_col_ram.v:28$913_EN[15:0]$917 [0] $flatten\u_pe.\lanes[13].u_s.$0$memwr$\mem$/Users/toprakgundogdu/qwen-ffn-rom/rtl/delta_s_col_ram.v:28$913_EN[15:0]$917 [0] $flatten\u_pe.\lanes[13].u_s.$0$memwr$\mem$/Users/toprakgundogdu/qwen-ffn-rom/rtl/delta_s_col_ram.v:28$913_EN[15:0]$917 [0] $flatten\u_pe.\lanes[13].u_s.$0$memwr$\mem$/Users/toprakgundogdu/qwen-ffn-rom/rtl/delta_s_col_ram.v:28$913_EN[15:0]$917 [0] $flatten\u_pe.\lanes[13].u_s.$0$memwr$\mem$/Users/toprakgundogdu/qwen-ffn-rom/rtl/delta_s_col_ram.v:28$913_EN[15:0]$917 [0] $flatten\u_pe.\lanes[13].u_s.$0$memwr$\mem$/Users/toprakgundogdu/qwen-ffn-rom/rtl/delta_s_col_ram.v:28$913_EN[15:0]$917 [0] $flatten\u_pe.\lanes[13].u_s.$0$memwr$\mem$/Users/toprakgundogdu/qwen-ffn-rom/rtl/delta_s_col_ram.v:28$913_EN[15:0]$917 [0] $flatten\u_pe.\lanes[13].u_s.$0$memwr$\mem$/Users/toprakgundogdu/qwen-ffn-rom/rtl/delta_s_col_ram.v:28$913_EN[15:0]$917 [0] }
    Consolidated identical input bits for $mux cell $flatten\u_pe.\lanes[14].u_s.$procmux$2698:
      Old ports: A=16'0000000000000000, B=16'1111111111111111, Y=$flatten\u_pe.\lanes[14].u_s.$0$memwr$\mem$/Users/toprakgundogdu/qwen-ffn-rom/rtl/delta_s_col_ram.v:28$913_EN[15:0]$917
      New ports: A=1'0, B=1'1, Y=$flatten\u_pe.\lanes[14].u_s.$0$memwr$\mem$/Users/toprakgundogdu/qwen-ffn-rom/rtl/delta_s_col_ram.v:28$913_EN[15:0]$917 [0]
      New connections: $flatten\u_pe.\lanes[14].u_s.$0$memwr$\mem$/Users/toprakgundogdu/qwen-ffn-rom/rtl/delta_s_col_ram.v:28$913_EN[15:0]$917 [15:1] = { $flatten\u_pe.\lanes[14].u_s.$0$memwr$\mem$/Users/toprakgundogdu/qwen-ffn-rom/rtl/delta_s_col_ram.v:28$913_EN[15:0]$917 [0] $flatten\u_pe.\lanes[14].u_s.$0$memwr$\mem$/Users/toprakgundogdu/qwen-ffn-rom/rtl/delta_s_col_ram.v:28$913_EN[15:0]$917 [0] $flatten\u_pe.\lanes[14].u_s.$0$memwr$\mem$/Users/toprakgundogdu/qwen-ffn-rom/rtl/delta_s_col_ram.v:28$913_EN[15:0]$917 [0] $flatten\u_pe.\lanes[14].u_s.$0$memwr$\mem$/Users/toprakgundogdu/qwen-ffn-rom/rtl/delta_s_col_ram.v:28$913_EN[15:0]$917 [0] $flatten\u_pe.\lanes[14].u_s.$0$memwr$\mem$/Users/toprakgundogdu/qwen-ffn-rom/rtl/delta_s_col_ram.v:28$913_EN[15:0]$917 [0] $flatten\u_pe.\lanes[14].u_s.$0$memwr$\mem$/Users/toprakgundogdu/qwen-ffn-rom/rtl/delta_s_col_ram.v:28$913_EN[15:0]$917 [0] $flatten\u_pe.\lanes[14].u_s.$0$memwr$\mem$/Users/toprakgundogdu/qwen-ffn-rom/rtl/delta_s_col_ram.v:28$913_EN[15:0]$917 [0] $flatten\u_pe.\lanes[14].u_s.$0$memwr$\mem$/Users/toprakgundogdu/qwen-ffn-rom/rtl/delta_s_col_ram.v:28$913_EN[15:0]$917 [0] $flatten\u_pe.\lanes[14].u_s.$0$memwr$\mem$/Users/toprakgundogdu/qwen-ffn-rom/rtl/delta_s_col_ram.v:28$913_EN[15:0]$917 [0] $flatten\u_pe.\lanes[14].u_s.$0$memwr$\mem$/Users/toprakgundogdu/qwen-ffn-rom/rtl/delta_s_col_ram.v:28$913_EN[15:0]$917 [0] $flatten\u_pe.\lanes[14].u_s.$0$memwr$\mem$/Users/toprakgundogdu/qwen-ffn-rom/rtl/delta_s_col_ram.v:28$913_EN[15:0]$917 [0] $flatten\u_pe.\lanes[14].u_s.$0$memwr$\mem$/Users/toprakgundogdu/qwen-ffn-rom/rtl/delta_s_col_ram.v:28$913_EN[15:0]$917 [0] $flatten\u_pe.\lanes[14].u_s.$0$memwr$\mem$/Users/toprakgundogdu/qwen-ffn-rom/rtl/delta_s_col_ram.v:28$913_EN[15:0]$917 [0] $flatten\u_pe.\lanes[14].u_s.$0$memwr$\mem$/Users/toprakgundogdu/qwen-ffn-rom/rtl/delta_s_col_ram.v:28$913_EN[15:0]$917 [0] $flatten\u_pe.\lanes[14].u_s.$0$memwr$\mem$/Users/toprakgundogdu/qwen-ffn-rom/rtl/delta_s_col_ram.v:28$913_EN[15:0]$917 [0] }
    Consolidated identical input bits for $mux cell $flatten\u_pe.\lanes[15].u_s.$procmux$2698:
      Old ports: A=16'0000000000000000, B=16'1111111111111111, Y=$flatten\u_pe.\lanes[15].u_s.$0$memwr$\mem$/Users/toprakgundogdu/qwen-ffn-rom/rtl/delta_s_col_ram.v:28$913_EN[15:0]$917
      New ports: A=1'0, B=1'1, Y=$flatten\u_pe.\lanes[15].u_s.$0$memwr$\mem$/Users/toprakgundogdu/qwen-ffn-rom/rtl/delta_s_col_ram.v:28$913_EN[15:0]$917 [0]
      New connections: $flatten\u_pe.\lanes[15].u_s.$0$memwr$\mem$/Users/toprakgundogdu/qwen-ffn-rom/rtl/delta_s_col_ram.v:28$913_EN[15:0]$917 [15:1] = { $flatten\u_pe.\lanes[15].u_s.$0$memwr$\mem$/Users/toprakgundogdu/qwen-ffn-rom/rtl/delta_s_col_ram.v:28$913_EN[15:0]$917 [0] $flatten\u_pe.\lanes[15].u_s.$0$memwr$\mem$/Users/toprakgundogdu/qwen-ffn-rom/rtl/delta_s_col_ram.v:28$913_EN[15:0]$917 [0] $flatten\u_pe.\lanes[15].u_s.$0$memwr$\mem$/Users/toprakgundogdu/qwen-ffn-rom/rtl/delta_s_col_ram.v:28$913_EN[15:0]$917 [0] $flatten\u_pe.\lanes[15].u_s.$0$memwr$\mem$/Users/toprakgundogdu/qwen-ffn-rom/rtl/delta_s_col_ram.v:28$913_EN[15:0]$917 [0] $flatten\u_pe.\lanes[15].u_s.$0$memwr$\mem$/Users/toprakgundogdu/qwen-ffn-rom/rtl/delta_s_col_ram.v:28$913_EN[15:0]$917 [0] $flatten\u_pe.\lanes[15].u_s.$0$memwr$\mem$/Users/toprakgundogdu/qwen-ffn-rom/rtl/delta_s_col_ram.v:28$913_EN[15:0]$917 [0] $flatten\u_pe.\lanes[15].u_s.$0$memwr$\mem$/Users/toprakgundogdu/qwen-ffn-rom/rtl/delta_s_col_ram.v:28$913_EN[15:0]$917 [0] $flatten\u_pe.\lanes[15].u_s.$0$memwr$\mem$/Users/toprakgundogdu/qwen-ffn-rom/rtl/delta_s_col_ram.v:28$913_EN[15:0]$917 [0] $flatten\u_pe.\lanes[15].u_s.$0$memwr$\mem$/Users/toprakgundogdu/qwen-ffn-rom/rtl/delta_s_col_ram.v:28$913_EN[15:0]$917 [0] $flatten\u_pe.\lanes[15].u_s.$0$memwr$\mem$/Users/toprakgundogdu/qwen-ffn-rom/rtl/delta_s_col_ram.v:28$913_EN[15:0]$917 [0] $flatten\u_pe.\lanes[15].u_s.$0$memwr$\mem$/Users/toprakgundogdu/qwen-ffn-rom/rtl/delta_s_col_ram.v:28$913_EN[15:0]$917 [0] $flatten\u_pe.\lanes[15].u_s.$0$memwr$\mem$/Users/toprakgundogdu/qwen-ffn-rom/rtl/delta_s_col_ram.v:28$913_EN[15:0]$917 [0] $flatten\u_pe.\lanes[15].u_s.$0$memwr$\mem$/Users/toprakgundogdu/qwen-ffn-rom/rtl/delta_s_col_ram.v:28$913_EN[15:0]$917 [0] $flatten\u_pe.\lanes[15].u_s.$0$memwr$\mem$/Users/toprakgundogdu/qwen-ffn-rom/rtl/delta_s_col_ram.v:28$913_EN[15:0]$917 [0] $flatten\u_pe.\lanes[15].u_s.$0$memwr$\mem$/Users/toprakgundogdu/qwen-ffn-rom/rtl/delta_s_col_ram.v:28$913_EN[15:0]$917 [0] }
  Optimizing cells in module \gated_delta_d16_bram.
Performed a total of 18 changes.

9.10.5. Executing OPT_MERGE pass (detect identical cells).
Finding identical cells in module `\gated_delta_d16_bram'.
Computing hashes of 1738 cells of `\gated_delta_d16_bram'.
Finding duplicate cells in `\gated_delta_d16_bram'.
Computing hashes of 1661 cells of `\gated_delta_d16_bram'.
Finding duplicate cells in `\gated_delta_d16_bram'.
Computing hashes of 1630 cells of `\gated_delta_d16_bram'.
Finding duplicate cells in `\gated_delta_d16_bram'.
<suppressed ~324 debug messages>
Removed a total of 108 cells.

9.10.6. Executing OPT_DFF pass (perform DFF optimizations).

9.10.7. Executing OPT_CLEAN pass (remove unused cells and wires).
Finding unused cells or wires in module \gated_delta_d16_bram..
Removed 0 unused cells and 1167 unused wires.
<suppressed ~1 debug messages>

9.10.8. Executing OPT_EXPR pass (perform const folding).
Optimizing module gated_delta_d16_bram.

9.10.9. Rerunning OPT passes. (Maybe there is more to do..)

9.10.10. Executing OPT_MUXTREE pass (detect dead branches in mux trees).
Running muxtree optimizer on module \gated_delta_d16_bram..
  Creating internal representation of mux trees.
  Evaluating internal representation of mux trees.
  Analyzing evaluation results.
Removed 0 multiplexer ports.
<suppressed ~1375 debug messages>

9.10.11. Executing OPT_REDUCE pass (consolidate $*mux and $reduce_* inputs).
  Optimizing cells in module \gated_delta_d16_bram.
Performed a total of 0 changes.

9.10.12. Executing OPT_MERGE pass (detect identical cells).
Finding identical cells in module `\gated_delta_d16_bram'.
Computing hashes of 1630 cells of `\gated_delta_d16_bram'.
Finding duplicate cells in `\gated_delta_d16_bram'.
Removed a total of 0 cells.

9.10.13. Executing OPT_DFF pass (perform DFF optimizations).

9.10.14. Executing OPT_CLEAN pass (remove unused cells and wires).
Finding unused cells or wires in module \gated_delta_d16_bram..

9.10.15. Executing OPT_EXPR pass (perform const folding).
Optimizing module gated_delta_d16_bram.

9.10.16. Finished fast OPT passes. (There is nothing left to do.)

9.11. Executing FSM pass (extract and optimize FSM).

9.11.1. Executing FSM_DETECT pass (finding FSMs in design).
Found FSM state register gated_delta_d16_bram.u_pe.ph.
Found FSM state register gated_delta_d16_bram.u_pe.st.

9.11.2. Executing FSM_EXTRACT pass (extracting FSM from design).
Extracting FSM `\u_pe.ph' from module `\gated_delta_d16_bram'.
  found $dff cell for state register: $flatten\u_pe.$procdff$6266
  root of input selection tree: $flatten\u_pe.$0\ph[1:0]
  found reset state: 2'00 (guessed from mux tree)
  found ctrl input: \rst_n
  found state code: 2'00
  found ctrl input: $flatten\u_pe.$procmux$3501_CTRL
  found ctrl input: $auto$opt_reduce.cc:137:opt_pmux$7546
  found ctrl input: $flatten\u_pe.$procmux$3887_CMP
  found ctrl input: $flatten\u_pe.$procmux$6162_CMP
  found state code: 2'10
  found state code: 2'01
  found ctrl output: $flatten\u_pe.$procmux$6162_CMP
  found ctrl output: $flatten\u_pe.$procmux$3887_CMP
  found ctrl output: $flatten\u_pe.$procmux$3499_CMP
  ctrl inputs: { $flatten\u_pe.$procmux$3501_CTRL \rst_n $auto$opt_reduce.cc:137:opt_pmux$7546 }
  ctrl outputs: { $flatten\u_pe.$0\ph[1:0] $flatten\u_pe.$procmux$3499_CMP $flatten\u_pe.$procmux$3887_CMP $flatten\u_pe.$procmux$6162_CMP }
  transition:       2'00 3'-0- ->       2'00 5'00001
  transition:       2'00 3'010 ->       2'00 5'00001
  transition:       2'00 3'-11 ->       2'00 5'00001
  transition:       2'00 3'11- ->       2'01 5'01001
  transition:       2'10 3'-0- ->       2'00 5'00100
  transition:       2'10 3'010 ->       2'10 5'10100
  transition:       2'10 3'-11 ->       2'00 5'00100
  transition:       2'10 3'11- ->       2'00 5'00100
  transition:       2'01 3'-0- ->       2'00 5'00010
  transition:       2'01 3'010 ->       2'01 5'01010
  transition:       2'01 3'-11 ->       2'00 5'00010
  transition:       2'01 3'11- ->       2'10 5'10010
Extracting FSM `\u_pe.st' from module `\gated_delta_d16_bram'.
  found $dff cell for state register: $flatten\u_pe.$procdff$6265
  root of input selection tree: $flatten\u_pe.$0\st[2:0]
  found reset state: 3'111 (guessed from mux tree)
  found ctrl input: \rst_n
  found state code: 3'111
  found ctrl input: $flatten\u_pe.$procmux$3251_CMP
  found ctrl input: $flatten\u_pe.$procmux$5660_CMP
  found ctrl input: $flatten\u_pe.$procmux$3501_CTRL
  found ctrl input: \ready
  found ctrl input: $flatten\u_pe.$procmux$3505_CMP
  found state code: 3'000
  found state code: 3'100
  found ctrl input: $flatten\u_pe.$procmux$3499_CMP
  found ctrl input: $flatten\u_pe.$eq$/Users/toprakgundogdu/qwen-ffn-rom/rtl/gated_delta_bram.v:224$1918_Y
  found ctrl input: $flatten\u_pe.$eq$/Users/toprakgundogdu/qwen-ffn-rom/rtl/gated_delta_bram.v:124$2163_Y
  found ctrl input: $flatten\u_pe.$eq$/Users/toprakgundogdu/qwen-ffn-rom/rtl/gated_delta_bram.v:125$2164_Y
  found ctrl input: $flatten\u_pe.$eq$/Users/toprakgundogdu/qwen-ffn-rom/rtl/gated_delta_bram.v:126$2165_Y
  found state code: 3'110
  found state code: 3'101
  found state code: 3'011
  found state code: 3'010
  found ctrl input: \en
  found state code: 3'001
  found ctrl input: $flatten\u_pe.$lt$/Users/toprakgundogdu/qwen-ffn-rom/rtl/gated_delta_bram.v:174$1895_Y
  found ctrl output: $flatten\u_pe.$procmux$5660_CMP
  found ctrl output: \ready
  found ctrl output: $flatten\u_pe.$procmux$3505_CMP
  found ctrl output: $flatten\u_pe.$procmux$3251_CMP
  found ctrl output: $flatten\u_pe.$eq$/Users/toprakgundogdu/qwen-ffn-rom/rtl/gated_delta_bram.v:127$2166_Y
  found ctrl output: $flatten\u_pe.$eq$/Users/toprakgundogdu/qwen-ffn-rom/rtl/gated_delta_bram.v:126$2165_Y
  found ctrl output: $flatten\u_pe.$eq$/Users/toprakgundogdu/qwen-ffn-rom/rtl/gated_delta_bram.v:125$2164_Y
  found ctrl output: $flatten\u_pe.$eq$/Users/toprakgundogdu/qwen-ffn-rom/rtl/gated_delta_bram.v:124$2163_Y
  ctrl inputs: { $flatten\u_pe.$lt$/Users/toprakgundogdu/qwen-ffn-rom/rtl/gated_delta_bram.v:174$1895_Y $flatten\u_pe.$eq$/Users/toprakgundogdu/qwen-ffn-rom/rtl/gated_delta_bram.v:224$1918_Y $flatten\u_pe.$procmux$3499_CMP $flatten\u_pe.$procmux$3501_CTRL \en \rst_n }
  ctrl outputs: { $flatten\u_pe.$0\st[2:0] $flatten\u_pe.$eq$/Users/toprakgundogdu/qwen-ffn-rom/rtl/gated_delta_bram.v:124$2163_Y $flatten\u_pe.$eq$/Users/toprakgundogdu/qwen-ffn-rom/rtl/gated_delta_bram.v:125$2164_Y $flatten\u_pe.$eq$/Users/toprakgundogdu/qwen-ffn-rom/rtl/gated_delta_bram.v:126$2165_Y $flatten\u_pe.$eq$/Users/toprakgundogdu/qwen-ffn-rom/rtl/gated_delta_bram.v:127$2166_Y $flatten\u_pe.$procmux$3251_CMP $flatten\u_pe.$procmux$3505_CMP $flatten\u_pe.$procmux$5660_CMP \ready }
  transition:      3'000 6'-----0 ->      3'111 11'11100000001
  transition:      3'000 6'----01 ->      3'000 11'00000000001
  transition:      3'000 6'----11 ->      3'001 11'00100000001
  transition:      3'100 6'-----0 ->      3'111 11'11100100000
  transition:      3'100 6'--0--1 ->      3'100 11'10000100000
  transition:      3'100 6'-01--1 ->      3'100 11'10000100000
  transition:      3'100 6'-11--1 ->      3'101 11'10100100000
  transition:      3'010 6'-----0 ->      3'111 11'11101000000
  transition:      3'010 6'--0--1 ->      3'010 11'01001000000
  transition:      3'010 6'-01--1 ->      3'010 11'01001000000
  transition:      3'010 6'-11--1 ->      3'011 11'01101000000
  transition:      3'110 6'-----0 ->      3'111 11'11100001000
  transition:      3'110 6'-----1 ->      3'000 11'00000001000
  transition:      3'001 6'-----0 ->      3'111 11'11110000000
  transition:      3'001 6'--0--1 ->      3'001 11'00110000000
  transition:      3'001 6'-01--1 ->      3'001 11'00110000000
  transition:      3'001 6'-11--1 ->      3'010 11'01010000000
  transition:      3'101 6'-----0 ->      3'111 11'11100010000
  transition:      3'101 6'--0--1 ->      3'101 11'10100010000
  transition:      3'101 6'-01--1 ->      3'101 11'10100010000
  transition:      3'101 6'-11--1 ->      3'110 11'11000010000
  transition:      3'011 6'-----0 ->      3'111 11'11100000010
  transition:      3'011 6'-----1 ->      3'100 11'10000000010
  transition:      3'111 6'-----0 ->      3'111 11'11100000100
  transition:      3'111 6'0----1 ->      3'000 11'00000000100
  transition:      3'111 6'1----1 ->      3'111 11'11100000100

9.11.3. Executing FSM_OPT pass (simple optimizations of FSMs).
Optimizing FSM `$fsm$\u_pe.st$7554' from module `\gated_delta_d16_bram'.
  Removing unused input signal $flatten\u_pe.$procmux$3501_CTRL.
Optimizing FSM `$fsm$\u_pe.ph$7549' from module `\gated_delta_d16_bram'.

9.11.4. Executing OPT_CLEAN pass (remove unused cells and wires).
Finding unused cells or wires in module \gated_delta_d16_bram..
Removed 25 unused cells and 25 unused wires.
<suppressed ~26 debug messages>

9.11.5. Executing FSM_OPT pass (simple optimizations of FSMs).
Optimizing FSM `$fsm$\u_pe.ph$7549' from module `\gated_delta_d16_bram'.
  Removing unused output signal $flatten\u_pe.$procmux$6162_CMP.
  Removing unused output signal $flatten\u_pe.$0\ph[1:0] [0].
  Removing unused output signal $flatten\u_pe.$0\ph[1:0] [1].
Optimizing FSM `$fsm$\u_pe.st$7554' from module `\gated_delta_d16_bram'.
  Removing unused output signal $flatten\u_pe.$0\st[2:0] [0].
  Removing unused output signal $flatten\u_pe.$0\st[2:0] [1].
  Removing unused output signal $flatten\u_pe.$0\st[2:0] [2].

9.11.6. Executing FSM_RECODE pass (re-assigning FSM state encoding).
Recoding FSM `$fsm$\u_pe.ph$7549' from module `\gated_delta_d16_bram' using `auto' encoding:
  mapping auto encoding to `one-hot` for this FSM.
  00 -> --1
  10 -> -1-
  01 -> 1--
Recoding FSM `$fsm$\u_pe.st$7554' from module `\gated_delta_d16_bram' using `auto' encoding:
  mapping auto encoding to `one-hot` for this FSM.
  000 -> ------1-
  100 -> -----1--
  010 -> ----1---
  110 -> ---1----
  001 -> --1-----
  101 -> -1------
  011 -> 1-------
  111 -> -------1

9.11.7. Executing FSM_INFO pass (dumping all available information on FSM cells).

FSM `$fsm$\u_pe.ph$7549' from module `gated_delta_d16_bram':
-------------------------------------

  Information on FSM $fsm$\u_pe.ph$7549 (\u_pe.ph):

  Number of input signals:    3
  Number of output signals:   2
  Number of state bits:       3

  Input signals:
    0: $auto$opt_reduce.cc:137:opt_pmux$7546
    1: \rst_n
    2: $flatten\u_pe.$procmux$3501_CTRL

  Output signals:
    0: $flatten\u_pe.$procmux$3887_CMP
    1: $flatten\u_pe.$procmux$3499_CMP

  State encoding:
    0:      3'--1  <RESET STATE>
    1:      3'-1-
    2:      3'1--

  Transition Table (state_in, ctrl_in, state_out, ctrl_out):
      0:     0 3'010   ->     0 2'00
      1:     0 3'-11   ->     0 2'00
      2:     0 3'-0-   ->     0 2'00
      3:     0 3'11-   ->     2 2'00
      4:     1 3'-11   ->     0 2'10
      5:     1 3'-0-   ->     0 2'10
      6:     1 3'11-   ->     0 2'10
      7:     1 3'010   ->     1 2'10
      8:     2 3'-11   ->     0 2'01
      9:     2 3'-0-   ->     0 2'01
     10:     2 3'11-   ->     1 2'01
     11:     2 3'010   ->     2 2'01

-------------------------------------

FSM `$fsm$\u_pe.st$7554' from module `gated_delta_d16_bram':
-------------------------------------

  Information on FSM $fsm$\u_pe.st$7554 (\u_pe.st):

  Number of input signals:    5
  Number of output signals:   8
  Number of state bits:       8

  Input signals:
    0: \rst_n
    1: \en
    2: $flatten\u_pe.$procmux$3499_CMP
    3: $flatten\u_pe.$eq$/Users/toprakgundogdu/qwen-ffn-rom/rtl/gated_delta_bram.v:224$1918_Y
    4: $flatten\u_pe.$lt$/Users/toprakgundogdu/qwen-ffn-rom/rtl/gated_delta_bram.v:174$1895_Y

  Output signals:
    0: \ready
    1: $flatten\u_pe.$procmux$5660_CMP
    2: $flatten\u_pe.$procmux$3505_CMP
    3: $flatten\u_pe.$procmux$3251_CMP
    4: $flatten\u_pe.$eq$/Users/toprakgundogdu/qwen-ffn-rom/rtl/gated_delta_bram.v:127$2166_Y
    5: $flatten\u_pe.$eq$/Users/toprakgundogdu/qwen-ffn-rom/rtl/gated_delta_bram.v:126$2165_Y
    6: $flatten\u_pe.$eq$/Users/toprakgundogdu/qwen-ffn-rom/rtl/gated_delta_bram.v:125$2164_Y
    7: $flatten\u_pe.$eq$/Users/toprakgundogdu/qwen-ffn-rom/rtl/gated_delta_bram.v:124$2163_Y

  State encoding:
    0: 8'------1-
    1: 8'-----1--
    2: 8'----1---
    3: 8'---1----
    4: 8'--1-----
    5: 8'-1------
    6: 8'1-------
    7: 8'-------1  <RESET STATE>

  Transition Table (state_in, ctrl_in, state_out, ctrl_out):
      0:     0 5'---01   ->     0 8'00000001
      1:     0 5'---11   ->     4 8'00000001
      2:     0 5'----0   ->     7 8'00000001
      3:     1 5'--0-1   ->     1 8'00100000
      4:     1 5'-01-1   ->     1 8'00100000
      5:     1 5'-11-1   ->     5 8'00100000
      6:     1 5'----0   ->     7 8'00100000
      7:     2 5'--0-1   ->     2 8'01000000
      8:     2 5'-01-1   ->     2 8'01000000
      9:     2 5'-11-1   ->     6 8'01000000
     10:     2 5'----0   ->     7 8'01000000
     11:     3 5'----1   ->     0 8'00001000
     12:     3 5'----0   ->     7 8'00001000
     13:     4 5'-11-1   ->     2 8'10000000
     14:     4 5'--0-1   ->     4 8'10000000
     15:     4 5'-01-1   ->     4 8'10000000
     16:     4 5'----0   ->     7 8'10000000
     17:     5 5'-11-1   ->     3 8'00010000
     18:     5 5'--0-1   ->     5 8'00010000
     19:     5 5'-01-1   ->     5 8'00010000
     20:     5 5'----0   ->     7 8'00010000
     21:     6 5'----1   ->     1 8'00000010
     22:     6 5'----0   ->     7 8'00000010
     23:     7 5'0---1   ->     0 8'00000100
     24:     7 5'----0   ->     7 8'00000100
     25:     7 5'1---1   ->     7 8'00000100

-------------------------------------

9.11.8. Executing FSM_MAP pass (mapping FSMs to basic logic).
Mapping FSM `$fsm$\u_pe.ph$7549' from module `\gated_delta_d16_bram'.
Mapping FSM `$fsm$\u_pe.st$7554' from module `\gated_delta_d16_bram'.

9.12. Executing OPT pass (performing simple optimizations).

9.12.1. Executing OPT_EXPR pass (perform const folding).
Optimizing module gated_delta_d16_bram.
<suppressed ~4 debug messages>

9.12.2. Executing OPT_MERGE pass (detect identical cells).
Finding identical cells in module `\gated_delta_d16_bram'.
Computing hashes of 1665 cells of `\gated_delta_d16_bram'.
Finding duplicate cells in `\gated_delta_d16_bram'.
Computing hashes of 1651 cells of `\gated_delta_d16_bram'.
Finding duplicate cells in `\gated_delta_d16_bram'.
<suppressed ~42 debug messages>
Removed a total of 14 cells.

9.12.3. Executing OPT_MUXTREE pass (detect dead branches in mux trees).
Running muxtree optimizer on module \gated_delta_d16_bram..
  Creating internal representation of mux trees.
  Evaluating internal representation of mux trees.
  Analyzing evaluation results.
Removed 0 multiplexer ports.
<suppressed ~1361 debug messages>

9.12.4. Executing OPT_REDUCE pass (consolidate $*mux and $reduce_* inputs).
  Optimizing cells in module \gated_delta_d16_bram.
Performed a total of 0 changes.

9.12.5. Executing OPT_MERGE pass (detect identical cells).
Finding identical cells in module `\gated_delta_d16_bram'.
Computing hashes of 1651 cells of `\gated_delta_d16_bram'.
Finding duplicate cells in `\gated_delta_d16_bram'.
Removed a total of 0 cells.

9.12.6. Executing OPT_DFF pass (perform DFF optimizations).
Adding SRST signal on $flatten\u_pe.$procdff$6373 ($dff) from module gated_delta_d16_bram (D = $flatten\u_pe.$procmux$4339_Y, Q = \u_pe.v_r[6], rval = 8'00000000).
Adding EN signal on $auto$ff.cc:337:slice$7683 ($sdff) from module gated_delta_d16_bram (D = \v_flat [55:48], Q = \u_pe.v_r[6]).
Adding SRST signal on $flatten\u_pe.$procdff$6368 ($dff) from module gated_delta_d16_bram (D = $flatten\u_pe.$procmux$4394_Y, Q = \u_pe.v_r[1], rval = 8'00000000).
Adding EN signal on $auto$ff.cc:337:slice$7687 ($sdff) from module gated_delta_d16_bram (D = \v_flat [15:8], Q = \u_pe.v_r[1]).
Adding SRST signal on $flatten\u_pe.$procdff$6361 ($dff) from module gated_delta_d16_bram (D = $flatten\u_pe.$procmux$4471_Y, Q = \u_pe.k_r[10], rval = 8'00000000).
Adding EN signal on $auto$ff.cc:337:slice$7691 ($sdff) from module gated_delta_d16_bram (D = \k_flat [87:80], Q = \u_pe.k_r[10]).
Adding SRST signal on $flatten\u_pe.$procdff$6369 ($dff) from module gated_delta_d16_bram (D = $flatten\u_pe.$procmux$4383_Y, Q = \u_pe.v_r[2], rval = 8'00000000).
Adding EN signal on $auto$ff.cc:337:slice$7695 ($sdff) from module gated_delta_d16_bram (D = \v_flat [23:16], Q = \u_pe.v_r[2]).
Adding SRST signal on $flatten\u_pe.$procdff$6430 ($dff) from module gated_delta_d16_bram (D = $flatten\u_pe.$procmux$3528_Y, Q = \u_pe.wdata_c[15], rval = 16'0000000000000000).
Adding EN signal on $auto$ff.cc:337:slice$7699 ($sdff) from module gated_delta_d16_bram (D = $flatten\u_pe.$procmux$3528_Y, Q = \u_pe.wdata_c[15]).
Adding SRST signal on $flatten\u_pe.$procdff$6429 ($dff) from module gated_delta_d16_bram (D = $flatten\u_pe.$procmux$3551_Y, Q = \u_pe.wdata_c[14], rval = 16'0000000000000000).
Adding EN signal on $auto$ff.cc:337:slice$7713 ($sdff) from module gated_delta_d16_bram (D = $flatten\u_pe.$procmux$3551_Y, Q = \u_pe.wdata_c[14]).
Adding SRST signal on $flatten\u_pe.$procdff$6428 ($dff) from module gated_delta_d16_bram (D = $flatten\u_pe.$procmux$3574_Y, Q = \u_pe.wdata_c[13], rval = 16'0000000000000000).
Adding EN signal on $auto$ff.cc:337:slice$7727 ($sdff) from module gated_delta_d16_bram (D = $flatten\u_pe.$procmux$3574_Y, Q = \u_pe.wdata_c[13]).
Adding SRST signal on $flatten\u_pe.$procdff$6427 ($dff) from module gated_delta_d16_bram (D = $flatten\u_pe.$procmux$3597_Y, Q = \u_pe.wdata_c[12], rval = 16'0000000000000000).
Adding EN signal on $auto$ff.cc:337:slice$7741 ($sdff) from module gated_delta_d16_bram (D = $flatten\u_pe.$procmux$3597_Y, Q = \u_pe.wdata_c[12]).
Adding SRST signal on $flatten\u_pe.$procdff$6370 ($dff) from module gated_delta_d16_bram (D = $flatten\u_pe.$procmux$4372_Y, Q = \u_pe.v_r[3], rval = 8'00000000).
Adding EN signal on $auto$ff.cc:337:slice$7755 ($sdff) from module gated_delta_d16_bram (D = \v_flat [31:24], Q = \u_pe.v_r[3]).
Adding SRST signal on $flatten\u_pe.$procdff$6426 ($dff) from module gated_delta_d16_bram (D = $flatten\u_pe.$procmux$3620_Y, Q = \u_pe.wdata_c[11], rval = 16'0000000000000000).
Adding EN signal on $auto$ff.cc:337:slice$7759 ($sdff) from module gated_delta_d16_bram (D = $flatten\u_pe.$procmux$3620_Y, Q = \u_pe.wdata_c[11]).
Adding SRST signal on $flatten\u_pe.$procdff$6425 ($dff) from module gated_delta_d16_bram (D = $flatten\u_pe.$procmux$3643_Y, Q = \u_pe.wdata_c[10], rval = 16'0000000000000000).
Adding EN signal on $auto$ff.cc:337:slice$7773 ($sdff) from module gated_delta_d16_bram (D = $flatten\u_pe.$procmux$3643_Y, Q = \u_pe.wdata_c[10]).
Adding SRST signal on $flatten\u_pe.$procdff$6424 ($dff) from module gated_delta_d16_bram (D = $flatten\u_pe.$procmux$3666_Y, Q = \u_pe.wdata_c[9], rval = 16'0000000000000000).
Adding EN signal on $auto$ff.cc:337:slice$7787 ($sdff) from module gated_delta_d16_bram (D = $flatten\u_pe.$procmux$3666_Y, Q = \u_pe.wdata_c[9]).
Adding SRST signal on $flatten\u_pe.$procdff$6423 ($dff) from module gated_delta_d16_bram (D = $flatten\u_pe.$procmux$3689_Y, Q = \u_pe.wdata_c[8], rval = 16'0000000000000000).
Adding EN signal on $auto$ff.cc:337:slice$7801 ($sdff) from module gated_delta_d16_bram (D = $flatten\u_pe.$procmux$3689_Y, Q = \u_pe.wdata_c[8]).
Adding SRST signal on $flatten\u_pe.$procdff$6360 ($dff) from module gated_delta_d16_bram (D = $flatten\u_pe.$procmux$4482_Y, Q = \u_pe.k_r[9], rval = 8'00000000).
Adding EN signal on $auto$ff.cc:337:slice$7815 ($sdff) from module gated_delta_d16_bram (D = \k_flat [79:72], Q = \u_pe.k_r[9]).
Adding SRST signal on $flatten\u_pe.$procdff$6422 ($dff) from module gated_delta_d16_bram (D = $flatten\u_pe.$procmux$3712_Y, Q = \u_pe.wdata_c[7], rval = 16'0000000000000000).
Adding EN signal on $auto$ff.cc:337:slice$7819 ($sdff) from module gated_delta_d16_bram (D = $flatten\u_pe.$procmux$3712_Y, Q = \u_pe.wdata_c[7]).
Adding SRST signal on $flatten\u_pe.$procdff$6421 ($dff) from module gated_delta_d16_bram (D = $flatten\u_pe.$procmux$3735_Y, Q = \u_pe.wdata_c[6], rval = 16'0000000000000000).
Adding EN signal on $auto$ff.cc:337:slice$7833 ($sdff) from module gated_delta_d16_bram (D = $flatten\u_pe.$procmux$3735_Y, Q = \u_pe.wdata_c[6]).
Adding SRST signal on $flatten\u_pe.$procdff$6420 ($dff) from module gated_delta_d16_bram (D = $flatten\u_pe.$procmux$3758_Y, Q = \u_pe.wdata_c[5], rval = 16'0000000000000000).
Adding EN signal on $auto$ff.cc:337:slice$7847 ($sdff) from module gated_delta_d16_bram (D = $flatten\u_pe.$procmux$3758_Y, Q = \u_pe.wdata_c[5]).
Adding SRST signal on $flatten\u_pe.$procdff$6350 ($dff) from module gated_delta_d16_bram (D = $flatten\u_pe.$procmux$4592_Y, Q = \u_pe.q_r[15], rval = 8'00000000).
Adding EN signal on $auto$ff.cc:337:slice$7861 ($sdff) from module gated_delta_d16_bram (D = \q_flat [127:120], Q = \u_pe.q_r[15]).
Adding SRST signal on $flatten\u_pe.$procdff$6349 ($dff) from module gated_delta_d16_bram (D = $flatten\u_pe.$procmux$4603_Y, Q = \u_pe.q_r[14], rval = 8'00000000).
Adding EN signal on $auto$ff.cc:337:slice$7865 ($sdff) from module gated_delta_d16_bram (D = \q_flat [119:112], Q = \u_pe.q_r[14]).
Adding SRST signal on $flatten\u_pe.$procdff$6348 ($dff) from module gated_delta_d16_bram (D = $flatten\u_pe.$procmux$4614_Y, Q = \u_pe.q_r[13], rval = 8'00000000).
Adding EN signal on $auto$ff.cc:337:slice$7869 ($sdff) from module gated_delta_d16_bram (D = \q_flat [111:104], Q = \u_pe.q_r[13]).
Adding SRST signal on $flatten\u_pe.$procdff$6347 ($dff) from module gated_delta_d16_bram (D = $flatten\u_pe.$procmux$4625_Y, Q = \u_pe.q_r[12], rval = 8'00000000).
Adding EN signal on $auto$ff.cc:337:slice$7873 ($sdff) from module gated_delta_d16_bram (D = \q_flat [103:96], Q = \u_pe.q_r[12]).
Adding SRST signal on $flatten\u_pe.$procdff$6346 ($dff) from module gated_delta_d16_bram (D = $flatten\u_pe.$procmux$4636_Y, Q = \u_pe.q_r[11], rval = 8'00000000).
Adding EN signal on $auto$ff.cc:337:slice$7877 ($sdff) from module gated_delta_d16_bram (D = \q_flat [95:88], Q = \u_pe.q_r[11]).
Adding SRST signal on $flatten\u_pe.$procdff$6345 ($dff) from module gated_delta_d16_bram (D = $flatten\u_pe.$procmux$4647_Y, Q = \u_pe.q_r[10], rval = 8'00000000).
Adding EN signal on $auto$ff.cc:337:slice$7881 ($sdff) from module gated_delta_d16_bram (D = \q_flat [87:80], Q = \u_pe.q_r[10]).
Adding SRST signal on $flatten\u_pe.$procdff$6344 ($dff) from module gated_delta_d16_bram (D = $flatten\u_pe.$procmux$4658_Y, Q = \u_pe.q_r[9], rval = 8'00000000).
Adding EN signal on $auto$ff.cc:337:slice$7885 ($sdff) from module gated_delta_d16_bram (D = \q_flat [79:72], Q = \u_pe.q_r[9]).
Adding SRST signal on $flatten\u_pe.$procdff$6343 ($dff) from module gated_delta_d16_bram (D = $flatten\u_pe.$procmux$4669_Y, Q = \u_pe.q_r[8], rval = 8'00000000).
Adding EN signal on $auto$ff.cc:337:slice$7889 ($sdff) from module gated_delta_d16_bram (D = \q_flat [71:64], Q = \u_pe.q_r[8]).
Adding SRST signal on $flatten\u_pe.$procdff$6342 ($dff) from module gated_delta_d16_bram (D = $flatten\u_pe.$procmux$4680_Y, Q = \u_pe.q_r[7], rval = 8'00000000).
Adding EN signal on $auto$ff.cc:337:slice$7893 ($sdff) from module gated_delta_d16_bram (D = \q_flat [63:56], Q = \u_pe.q_r[7]).
Adding SRST signal on $flatten\u_pe.$procdff$6341 ($dff) from module gated_delta_d16_bram (D = $flatten\u_pe.$procmux$4691_Y, Q = \u_pe.q_r[6], rval = 8'00000000).
Adding EN signal on $auto$ff.cc:337:slice$7897 ($sdff) from module gated_delta_d16_bram (D = \q_flat [55:48], Q = \u_pe.q_r[6]).
Adding SRST signal on $flatten\u_pe.$procdff$6340 ($dff) from module gated_delta_d16_bram (D = $flatten\u_pe.$procmux$4702_Y, Q = \u_pe.q_r[5], rval = 8'00000000).
Adding EN signal on $auto$ff.cc:337:slice$7901 ($sdff) from module gated_delta_d16_bram (D = \q_flat [47:40], Q = \u_pe.q_r[5]).
Adding SRST signal on $flatten\u_pe.$procdff$6339 ($dff) from module gated_delta_d16_bram (D = $flatten\u_pe.$procmux$4713_Y, Q = \u_pe.q_r[4], rval = 8'00000000).
Adding EN signal on $auto$ff.cc:337:slice$7905 ($sdff) from module gated_delta_d16_bram (D = \q_flat [39:32], Q = \u_pe.q_r[4]).
Adding SRST signal on $flatten\u_pe.$procdff$6338 ($dff) from module gated_delta_d16_bram (D = $flatten\u_pe.$procmux$4724_Y, Q = \u_pe.q_r[3], rval = 8'00000000).
Adding EN signal on $auto$ff.cc:337:slice$7909 ($sdff) from module gated_delta_d16_bram (D = \q_flat [31:24], Q = \u_pe.q_r[3]).
Adding SRST signal on $flatten\u_pe.$procdff$6337 ($dff) from module gated_delta_d16_bram (D = $flatten\u_pe.$procmux$4735_Y, Q = \u_pe.q_r[2], rval = 8'00000000).
Adding EN signal on $auto$ff.cc:337:slice$7913 ($sdff) from module gated_delta_d16_bram (D = \q_flat [23:16], Q = \u_pe.q_r[2]).
Adding SRST signal on $flatten\u_pe.$procdff$6336 ($dff) from module gated_delta_d16_bram (D = $flatten\u_pe.$procmux$4746_Y, Q = \u_pe.q_r[1], rval = 8'00000000).
Adding EN signal on $auto$ff.cc:337:slice$7917 ($sdff) from module gated_delta_d16_bram (D = \q_flat [15:8], Q = \u_pe.q_r[1]).
Adding SRST signal on $flatten\u_pe.$procdff$6335 ($dff) from module gated_delta_d16_bram (D = $flatten\u_pe.$procmux$4757_Y, Q = \u_pe.q_r[0], rval = 8'00000000).
Adding EN signal on $auto$ff.cc:337:slice$7921 ($sdff) from module gated_delta_d16_bram (D = \q_flat [7:0], Q = \u_pe.q_r[0]).
Adding SRST signal on $flatten\u_pe.$procdff$6334 ($dff) from module gated_delta_d16_bram (D = $flatten\u_pe.$procmux$4782_Y, Q = \u_pe.o_r[15], rval = 24'000000000000000000000000).
Adding EN signal on $auto$ff.cc:337:slice$7925 ($sdff) from module gated_delta_d16_bram (D = $flatten\u_pe.$add$/Users/toprakgundogdu/qwen-ffn-rom/rtl/gated_delta_bram.v:226$1949_Y [31:8], Q = \u_pe.o_r[15]).
Adding SRST signal on $flatten\u_pe.$procdff$6333 ($dff) from module gated_delta_d16_bram (D = $flatten\u_pe.$procmux$4807_Y, Q = \u_pe.o_r[14], rval = 24'000000000000000000000000).
Adding EN signal on $auto$ff.cc:337:slice$7937 ($sdff) from module gated_delta_d16_bram (D = $flatten\u_pe.$add$/Users/toprakgundogdu/qwen-ffn-rom/rtl/gated_delta_bram.v:226$1947_Y [31:8], Q = \u_pe.o_r[14]).
Adding SRST signal on $flatten\u_pe.$procdff$6332 ($dff) from module gated_delta_d16_bram (D = $flatten\u_pe.$procmux$4832_Y, Q = \u_pe.o_r[13], rval = 24'000000000000000000000000).
Adding EN signal on $auto$ff.cc:337:slice$7949 ($sdff) from module gated_delta_d16_bram (D = $flatten\u_pe.$add$/Users/toprakgundogdu/qwen-ffn-rom/rtl/gated_delta_bram.v:226$1945_Y [31:8], Q = \u_pe.o_r[13]).
Adding SRST signal on $flatten\u_pe.$procdff$6331 ($dff) from module gated_delta_d16_bram (D = $flatten\u_pe.$procmux$4857_Y, Q = \u_pe.o_r[12], rval = 24'000000000000000000000000).
Adding EN signal on $auto$ff.cc:337:slice$7961 ($sdff) from module gated_delta_d16_bram (D = $flatten\u_pe.$add$/Users/toprakgundogdu/qwen-ffn-rom/rtl/gated_delta_bram.v:226$1943_Y [31:8], Q = \u_pe.o_r[12]).
Adding SRST signal on $flatten\u_pe.$procdff$6330 ($dff) from module gated_delta_d16_bram (D = $flatten\u_pe.$procmux$4882_Y, Q = \u_pe.o_r[11], rval = 24'000000000000000000000000).
Adding EN signal on $auto$ff.cc:337:slice$7973 ($sdff) from module gated_delta_d16_bram (D = $flatten\u_pe.$add$/Users/toprakgundogdu/qwen-ffn-rom/rtl/gated_delta_bram.v:226$1941_Y [31:8], Q = \u_pe.o_r[11]).
Adding SRST signal on $flatten\u_pe.$procdff$6329 ($dff) from module gated_delta_d16_bram (D = $flatten\u_pe.$procmux$4907_Y, Q = \u_pe.o_r[10], rval = 24'000000000000000000000000).
Adding EN signal on $auto$ff.cc:337:slice$7985 ($sdff) from module gated_delta_d16_bram (D = $flatten\u_pe.$add$/Users/toprakgundogdu/qwen-ffn-rom/rtl/gated_delta_bram.v:226$1939_Y [31:8], Q = \u_pe.o_r[10]).
Adding SRST signal on $flatten\u_pe.$procdff$6328 ($dff) from module gated_delta_d16_bram (D = $flatten\u_pe.$procmux$4932_Y, Q = \u_pe.o_r[9], rval = 24'000000000000000000000000).
Adding EN signal on $auto$ff.cc:337:slice$7997 ($sdff) from module gated_delta_d16_bram (D = $flatten\u_pe.$add$/Users/toprakgundogdu/qwen-ffn-rom/rtl/gated_delta_bram.v:226$1937_Y [31:8], Q = \u_pe.o_r[9]).
Adding SRST signal on $flatten\u_pe.$procdff$6327 ($dff) from module gated_delta_d16_bram (D = $flatten\u_pe.$procmux$4957_Y, Q = \u_pe.o_r[8], rval = 24'000000000000000000000000).
Adding EN signal on $auto$ff.cc:337:slice$8009 ($sdff) from module gated_delta_d16_bram (D = $flatten\u_pe.$add$/Users/toprakgundogdu/qwen-ffn-rom/rtl/gated_delta_bram.v:226$1935_Y [31:8], Q = \u_pe.o_r[8]).
Adding SRST signal on $flatten\u_pe.$procdff$6326 ($dff) from module gated_delta_d16_bram (D = $flatten\u_pe.$procmux$4982_Y, Q = \u_pe.o_r[7], rval = 24'000000000000000000000000).
Adding EN signal on $auto$ff.cc:337:slice$8021 ($sdff) from module gated_delta_d16_bram (D = $flatten\u_pe.$add$/Users/toprakgundogdu/qwen-ffn-rom/rtl/gated_delta_bram.v:226$1933_Y [31:8], Q = \u_pe.o_r[7]).
Adding SRST signal on $flatten\u_pe.$procdff$6325 ($dff) from module gated_delta_d16_bram (D = $flatten\u_pe.$procmux$5007_Y, Q = \u_pe.o_r[6], rval = 24'000000000000000000000000).
Adding EN signal on $auto$ff.cc:337:slice$8033 ($sdff) from module gated_delta_d16_bram (D = $flatten\u_pe.$add$/Users/toprakgundogdu/qwen-ffn-rom/rtl/gated_delta_bram.v:226$1931_Y [31:8], Q = \u_pe.o_r[6]).
Adding SRST signal on $flatten\u_pe.$procdff$6324 ($dff) from module gated_delta_d16_bram (D = $flatten\u_pe.$procmux$5032_Y, Q = \u_pe.o_r[5], rval = 24'000000000000000000000000).
Adding EN signal on $auto$ff.cc:337:slice$8045 ($sdff) from module gated_delta_d16_bram (D = $flatten\u_pe.$add$/Users/toprakgundogdu/qwen-ffn-rom/rtl/gated_delta_bram.v:226$1929_Y [31:8], Q = \u_pe.o_r[5]).
Adding SRST signal on $flatten\u_pe.$procdff$6323 ($dff) from module gated_delta_d16_bram (D = $flatten\u_pe.$procmux$5057_Y, Q = \u_pe.o_r[4], rval = 24'000000000000000000000000).
Adding EN signal on $auto$ff.cc:337:slice$8057 ($sdff) from module gated_delta_d16_bram (D = $flatten\u_pe.$add$/Users/toprakgundogdu/qwen-ffn-rom/rtl/gated_delta_bram.v:226$1927_Y [31:8], Q = \u_pe.o_r[4]).
Adding SRST signal on $flatten\u_pe.$procdff$6322 ($dff) from module gated_delta_d16_bram (D = $flatten\u_pe.$procmux$5082_Y, Q = \u_pe.o_r[3], rval = 24'000000000000000000000000).
Adding EN signal on $auto$ff.cc:337:slice$8069 ($sdff) from module gated_delta_d16_bram (D = $flatten\u_pe.$add$/Users/toprakgundogdu/qwen-ffn-rom/rtl/gated_delta_bram.v:226$1925_Y [31:8], Q = \u_pe.o_r[3]).
Adding SRST signal on $flatten\u_pe.$procdff$6321 ($dff) from module gated_delta_d16_bram (D = $flatten\u_pe.$procmux$5107_Y, Q = \u_pe.o_r[2], rval = 24'000000000000000000000000).
Adding EN signal on $auto$ff.cc:337:slice$8081 ($sdff) from module gated_delta_d16_bram (D = $flatten\u_pe.$add$/Users/toprakgundogdu/qwen-ffn-rom/rtl/gated_delta_bram.v:226$1923_Y [31:8], Q = \u_pe.o_r[2]).
Adding SRST signal on $flatten\u_pe.$procdff$6320 ($dff) from module gated_delta_d16_bram (D = $flatten\u_pe.$procmux$5132_Y, Q = \u_pe.o_r[1], rval = 24'000000000000000000000000).
Adding EN signal on $auto$ff.cc:337:slice$8093 ($sdff) from module gated_delta_d16_bram (D = $flatten\u_pe.$add$/Users/toprakgundogdu/qwen-ffn-rom/rtl/gated_delta_bram.v:226$1921_Y [31:8], Q = \u_pe.o_r[1]).
Adding SRST signal on $flatten\u_pe.$procdff$6319 ($dff) from module gated_delta_d16_bram (D = $flatten\u_pe.$procmux$5157_Y, Q = \u_pe.o_r[0], rval = 24'000000000000000000000000).
Adding EN signal on $auto$ff.cc:337:slice$8105 ($sdff) from module gated_delta_d16_bram (D = $flatten\u_pe.$add$/Users/toprakgundogdu/qwen-ffn-rom/rtl/gated_delta_bram.v:226$1919_Y [31:8], Q = \u_pe.o_r[0]).
Adding SRST signal on $flatten\u_pe.$procdff$6318 ($dff) from module gated_delta_d16_bram (D = $flatten\u_pe.$procmux$5188_Y, Q = \u_pe.acc[15], rval = 0).
Adding EN signal on $auto$ff.cc:337:slice$8117 ($sdff) from module gated_delta_d16_bram (D = $flatten\u_pe.$procmux$5181_Y, Q = \u_pe.acc[15]).
Adding SRST signal on $flatten\u_pe.$procdff$6317 ($dff) from module gated_delta_d16_bram (D = $flatten\u_pe.$procmux$5219_Y, Q = \u_pe.acc[14], rval = 0).
Adding EN signal on $auto$ff.cc:337:slice$8125 ($sdff) from module gated_delta_d16_bram (D = $flatten\u_pe.$procmux$5212_Y, Q = \u_pe.acc[14]).
Adding SRST signal on $flatten\u_pe.$procdff$6316 ($dff) from module gated_delta_d16_bram (D = $flatten\u_pe.$procmux$5250_Y, Q = \u_pe.acc[13], rval = 0).
Adding EN signal on $auto$ff.cc:337:slice$8133 ($sdff) from module gated_delta_d16_bram (D = $flatten\u_pe.$procmux$5243_Y, Q = \u_pe.acc[13]).
Adding SRST signal on $flatten\u_pe.$procdff$6315 ($dff) from module gated_delta_d16_bram (D = $flatten\u_pe.$procmux$5281_Y, Q = \u_pe.acc[12], rval = 0).
Adding EN signal on $auto$ff.cc:337:slice$8141 ($sdff) from module gated_delta_d16_bram (D = $flatten\u_pe.$procmux$5274_Y, Q = \u_pe.acc[12]).
Adding SRST signal on $flatten\u_pe.$procdff$6314 ($dff) from module gated_delta_d16_bram (D = $flatten\u_pe.$procmux$5312_Y, Q = \u_pe.acc[11], rval = 0).
Adding EN signal on $auto$ff.cc:337:slice$8149 ($sdff) from module gated_delta_d16_bram (D = $flatten\u_pe.$procmux$5305_Y, Q = \u_pe.acc[11]).
Adding SRST signal on $flatten\u_pe.$procdff$6313 ($dff) from module gated_delta_d16_bram (D = $flatten\u_pe.$procmux$5343_Y, Q = \u_pe.acc[10], rval = 0).
Adding EN signal on $auto$ff.cc:337:slice$8157 ($sdff) from module gated_delta_d16_bram (D = $flatten\u_pe.$procmux$5336_Y, Q = \u_pe.acc[10]).
Adding SRST signal on $flatten\u_pe.$procdff$6312 ($dff) from module gated_delta_d16_bram (D = $flatten\u_pe.$procmux$5374_Y, Q = \u_pe.acc[9], rval = 0).
Adding EN signal on $auto$ff.cc:337:slice$8165 ($sdff) from module gated_delta_d16_bram (D = $flatten\u_pe.$procmux$5367_Y, Q = \u_pe.acc[9]).
Adding SRST signal on $flatten\u_pe.$procdff$6311 ($dff) from module gated_delta_d16_bram (D = $flatten\u_pe.$procmux$5405_Y, Q = \u_pe.acc[8], rval = 0).
Adding EN signal on $auto$ff.cc:337:slice$8173 ($sdff) from module gated_delta_d16_bram (D = $flatten\u_pe.$procmux$5398_Y, Q = \u_pe.acc[8]).
Adding SRST signal on $flatten\u_pe.$procdff$6310 ($dff) from module gated_delta_d16_bram (D = $flatten\u_pe.$procmux$5436_Y, Q = \u_pe.acc[7], rval = 0).
Adding EN signal on $auto$ff.cc:337:slice$8181 ($sdff) from module gated_delta_d16_bram (D = $flatten\u_pe.$procmux$5429_Y, Q = \u_pe.acc[7]).
Adding SRST signal on $flatten\u_pe.$procdff$6309 ($dff) from module gated_delta_d16_bram (D = $flatten\u_pe.$procmux$5467_Y, Q = \u_pe.acc[6], rval = 0).
Adding EN signal on $auto$ff.cc:337:slice$8189 ($sdff) from module gated_delta_d16_bram (D = $flatten\u_pe.$procmux$5460_Y, Q = \u_pe.acc[6]).
Adding SRST signal on $flatten\u_pe.$procdff$6308 ($dff) from module gated_delta_d16_bram (D = $flatten\u_pe.$procmux$5498_Y, Q = \u_pe.acc[5], rval = 0).
Adding EN signal on $auto$ff.cc:337:slice$8197 ($sdff) from module gated_delta_d16_bram (D = $flatten\u_pe.$procmux$5491_Y, Q = \u_pe.acc[5]).
Adding SRST signal on $flatten\u_pe.$procdff$6307 ($dff) from module gated_delta_d16_bram (D = $flatten\u_pe.$procmux$5529_Y, Q = \u_pe.acc[4], rval = 0).
Adding EN signal on $auto$ff.cc:337:slice$8205 ($sdff) from module gated_delta_d16_bram (D = $flatten\u_pe.$procmux$5522_Y, Q = \u_pe.acc[4]).
Adding SRST signal on $flatten\u_pe.$procdff$6306 ($dff) from module gated_delta_d16_bram (D = $flatten\u_pe.$procmux$5560_Y, Q = \u_pe.acc[3], rval = 0).
Adding EN signal on $auto$ff.cc:337:slice$8213 ($sdff) from module gated_delta_d16_bram (D = $flatten\u_pe.$procmux$5553_Y, Q = \u_pe.acc[3]).
Adding SRST signal on $flatten\u_pe.$procdff$6305 ($dff) from module gated_delta_d16_bram (D = $flatten\u_pe.$procmux$5591_Y, Q = \u_pe.acc[2], rval = 0).
Adding EN signal on $auto$ff.cc:337:slice$8221 ($sdff) from module gated_delta_d16_bram (D = $flatten\u_pe.$procmux$5584_Y, Q = \u_pe.acc[2]).
Adding SRST signal on $flatten\u_pe.$procdff$6304 ($dff) from module gated_delta_d16_bram (D = $flatten\u_pe.$procmux$5622_Y, Q = \u_pe.acc[1], rval = 0).
Adding EN signal on $auto$ff.cc:337:slice$8229 ($sdff) from module gated_delta_d16_bram (D = $flatten\u_pe.$procmux$5615_Y, Q = \u_pe.acc[1]).
Adding SRST signal on $flatten\u_pe.$procdff$6303 ($dff) from module gated_delta_d16_bram (D = $flatten\u_pe.$procmux$5653_Y, Q = \u_pe.acc[0], rval = 0).
Adding EN signal on $auto$ff.cc:337:slice$8237 ($sdff) from module gated_delta_d16_bram (D = $flatten\u_pe.$procmux$5646_Y, Q = \u_pe.acc[0]).
Adding SRST signal on $flatten\u_pe.$procdff$6302 ($dff) from module gated_delta_d16_bram (D = $flatten\u_pe.$procmux$5659_Y, Q = \u_pe.delta[15], rval = 0).
Adding EN signal on $auto$ff.cc:337:slice$8245 ($sdff) from module gated_delta_d16_bram (D = { $flatten\u_pe.$mul$/Users/toprakgundogdu/qwen-ffn-rom/rtl/gated_delta_bram.v:269$2071_Y [31] $flatten\u_pe.$mul$/Users/toprakgundogdu/qwen-ffn-rom/rtl/gated_delta_bram.v:269$2071_Y [31] $flatten\u_pe.$mul$/Users/toprakgundogdu/qwen-ffn-rom/rtl/gated_delta_bram.v:269$2071_Y [31] $flatten\u_pe.$mul$/Users/toprakgundogdu/qwen-ffn-rom/rtl/gated_delta_bram.v:269$2071_Y [31] $flatten\u_pe.$mul$/Users/toprakgundogdu/qwen-ffn-rom/rtl/gated_delta_bram.v:269$2071_Y [31] $flatten\u_pe.$mul$/Users/toprakgundogdu/qwen-ffn-rom/rtl/gated_delta_bram.v:269$2071_Y [31] $flatten\u_pe.$mul$/Users/toprakgundogdu/qwen-ffn-rom/rtl/gated_delta_bram.v:269$2071_Y [31] $flatten\u_pe.$mul$/Users/toprakgundogdu/qwen-ffn-rom/rtl/gated_delta_bram.v:269$2071_Y [31] $flatten\u_pe.$mul$/Users/toprakgundogdu/qwen-ffn-rom/rtl/gated_delta_bram.v:269$2071_Y [31:8] }, Q = \u_pe.delta[15]).
Adding SRST signal on $flatten\u_pe.$procdff$6301 ($dff) from module gated_delta_d16_bram (D = $flatten\u_pe.$procmux$5665_Y, Q = \u_pe.delta[14], rval = 0).
Adding EN signal on $auto$ff.cc:337:slice$8247 ($sdff) from module gated_delta_d16_bram (D = { $flatten\u_pe.$mul$/Users/toprakgundogdu/qwen-ffn-rom/rtl/gated_delta_bram.v:269$2068_Y [31] $flatten\u_pe.$mul$/Users/toprakgundogdu/qwen-ffn-rom/rtl/gated_delta_bram.v:269$2068_Y [31] $flatten\u_pe.$mul$/Users/toprakgundogdu/qwen-ffn-rom/rtl/gated_delta_bram.v:269$2068_Y [31] $flatten\u_pe.$mul$/Users/toprakgundogdu/qwen-ffn-rom/rtl/gated_delta_bram.v:269$2068_Y [31] $flatten\u_pe.$mul$/Users/toprakgundogdu/qwen-ffn-rom/rtl/gated_delta_bram.v:269$2068_Y [31] $flatten\u_pe.$mul$/Users/toprakgundogdu/qwen-ffn-rom/rtl/gated_delta_bram.v:269$2068_Y [31] $flatten\u_pe.$mul$/Users/toprakgundogdu/qwen-ffn-rom/rtl/gated_delta_bram.v:269$2068_Y [31] $flatten\u_pe.$mul$/Users/toprakgundogdu/qwen-ffn-rom/rtl/gated_delta_bram.v:269$2068_Y [31] $flatten\u_pe.$mul$/Users/toprakgundogdu/qwen-ffn-rom/rtl/gated_delta_bram.v:269$2068_Y [31:8] }, Q = \u_pe.delta[14]).
Adding SRST signal on $flatten\u_pe.$procdff$6300 ($dff) from module gated_delta_d16_bram (D = $flatten\u_pe.$procmux$5671_Y, Q = \u_pe.delta[13], rval = 0).
Adding EN signal on $auto$ff.cc:337:slice$8249 ($sdff) from module gated_delta_d16_bram (D = { $flatten\u_pe.$mul$/Users/toprakgundogdu/qwen-ffn-rom/rtl/gated_delta_bram.v:269$2065_Y [31] $flatten\u_pe.$mul$/Users/toprakgundogdu/qwen-ffn-rom/rtl/gated_delta_bram.v:269$2065_Y [31] $flatten\u_pe.$mul$/Users/toprakgundogdu/qwen-ffn-rom/rtl/gated_delta_bram.v:269$2065_Y [31] $flatten\u_pe.$mul$/Users/toprakgundogdu/qwen-ffn-rom/rtl/gated_delta_bram.v:269$2065_Y [31] $flatten\u_pe.$mul$/Users/toprakgundogdu/qwen-ffn-rom/rtl/gated_delta_bram.v:269$2065_Y [31] $flatten\u_pe.$mul$/Users/toprakgundogdu/qwen-ffn-rom/rtl/gated_delta_bram.v:269$2065_Y [31] $flatten\u_pe.$mul$/Users/toprakgundogdu/qwen-ffn-rom/rtl/gated_delta_bram.v:269$2065_Y [31] $flatten\u_pe.$mul$/Users/toprakgundogdu/qwen-ffn-rom/rtl/gated_delta_bram.v:269$2065_Y [31] $flatten\u_pe.$mul$/Users/toprakgundogdu/qwen-ffn-rom/rtl/gated_delta_bram.v:269$2065_Y [31:8] }, Q = \u_pe.delta[13]).
Adding SRST signal on $flatten\u_pe.$procdff$6299 ($dff) from module gated_delta_d16_bram (D = $flatten\u_pe.$procmux$5677_Y, Q = \u_pe.delta[12], rval = 0).
Adding EN signal on $auto$ff.cc:337:slice$8251 ($sdff) from module gated_delta_d16_bram (D = { $flatten\u_pe.$mul$/Users/toprakgundogdu/qwen-ffn-rom/rtl/gated_delta_bram.v:269$2062_Y [31] $flatten\u_pe.$mul$/Users/toprakgundogdu/qwen-ffn-rom/rtl/gated_delta_bram.v:269$2062_Y [31] $flatten\u_pe.$mul$/Users/toprakgundogdu/qwen-ffn-rom/rtl/gated_delta_bram.v:269$2062_Y [31] $flatten\u_pe.$mul$/Users/toprakgundogdu/qwen-ffn-rom/rtl/gated_delta_bram.v:269$2062_Y [31] $flatten\u_pe.$mul$/Users/toprakgundogdu/qwen-ffn-rom/rtl/gated_delta_bram.v:269$2062_Y [31] $flatten\u_pe.$mul$/Users/toprakgundogdu/qwen-ffn-rom/rtl/gated_delta_bram.v:269$2062_Y [31] $flatten\u_pe.$mul$/Users/toprakgundogdu/qwen-ffn-rom/rtl/gated_delta_bram.v:269$2062_Y [31] $flatten\u_pe.$mul$/Users/toprakgundogdu/qwen-ffn-rom/rtl/gated_delta_bram.v:269$2062_Y [31] $flatten\u_pe.$mul$/Users/toprakgundogdu/qwen-ffn-rom/rtl/gated_delta_bram.v:269$2062_Y [31:8] }, Q = \u_pe.delta[12]).
Adding SRST signal on $flatten\u_pe.$procdff$6298 ($dff) from module gated_delta_d16_bram (D = $flatten\u_pe.$procmux$5683_Y, Q = \u_pe.delta[11], rval = 0).
Adding EN signal on $auto$ff.cc:337:slice$8253 ($sdff) from module gated_delta_d16_bram (D = { $flatten\u_pe.$mul$/Users/toprakgundogdu/qwen-ffn-rom/rtl/gated_delta_bram.v:269$2059_Y [31] $flatten\u_pe.$mul$/Users/toprakgundogdu/qwen-ffn-rom/rtl/gated_delta_bram.v:269$2059_Y [31] $flatten\u_pe.$mul$/Users/toprakgundogdu/qwen-ffn-rom/rtl/gated_delta_bram.v:269$2059_Y [31] $flatten\u_pe.$mul$/Users/toprakgundogdu/qwen-ffn-rom/rtl/gated_delta_bram.v:269$2059_Y [31] $flatten\u_pe.$mul$/Users/toprakgundogdu/qwen-ffn-rom/rtl/gated_delta_bram.v:269$2059_Y [31] $flatten\u_pe.$mul$/Users/toprakgundogdu/qwen-ffn-rom/rtl/gated_delta_bram.v:269$2059_Y [31] $flatten\u_pe.$mul$/Users/toprakgundogdu/qwen-ffn-rom/rtl/gated_delta_bram.v:269$2059_Y [31] $flatten\u_pe.$mul$/Users/toprakgundogdu/qwen-ffn-rom/rtl/gated_delta_bram.v:269$2059_Y [31] $flatten\u_pe.$mul$/Users/toprakgundogdu/qwen-ffn-rom/rtl/gated_delta_bram.v:269$2059_Y [31:8] }, Q = \u_pe.delta[11]).
Adding SRST signal on $flatten\u_pe.$procdff$6297 ($dff) from module gated_delta_d16_bram (D = $flatten\u_pe.$procmux$5689_Y, Q = \u_pe.delta[10], rval = 0).
Adding EN signal on $auto$ff.cc:337:slice$8255 ($sdff) from module gated_delta_d16_bram (D = { $flatten\u_pe.$mul$/Users/toprakgundogdu/qwen-ffn-rom/rtl/gated_delta_bram.v:269$2056_Y [31] $flatten\u_pe.$mul$/Users/toprakgundogdu/qwen-ffn-rom/rtl/gated_delta_bram.v:269$2056_Y [31] $flatten\u_pe.$mul$/Users/toprakgundogdu/qwen-ffn-rom/rtl/gated_delta_bram.v:269$2056_Y [31] $flatten\u_pe.$mul$/Users/toprakgundogdu/qwen-ffn-rom/rtl/gated_delta_bram.v:269$2056_Y [31] $flatten\u_pe.$mul$/Users/toprakgundogdu/qwen-ffn-rom/rtl/gated_delta_bram.v:269$2056_Y [31] $flatten\u_pe.$mul$/Users/toprakgundogdu/qwen-ffn-rom/rtl/gated_delta_bram.v:269$2056_Y [31] $flatten\u_pe.$mul$/Users/toprakgundogdu/qwen-ffn-rom/rtl/gated_delta_bram.v:269$2056_Y [31] $flatten\u_pe.$mul$/Users/toprakgundogdu/qwen-ffn-rom/rtl/gated_delta_bram.v:269$2056_Y [31] $flatten\u_pe.$mul$/Users/toprakgundogdu/qwen-ffn-rom/rtl/gated_delta_bram.v:269$2056_Y [31:8] }, Q = \u_pe.delta[10]).
Adding SRST signal on $flatten\u_pe.$procdff$6296 ($dff) from module gated_delta_d16_bram (D = $flatten\u_pe.$procmux$5695_Y, Q = \u_pe.delta[9], rval = 0).
Adding EN signal on $auto$ff.cc:337:slice$8257 ($sdff) from module gated_delta_d16_bram (D = { $flatten\u_pe.$mul$/Users/toprakgundogdu/qwen-ffn-rom/rtl/gated_delta_bram.v:269$2053_Y [31] $flatten\u_pe.$mul$/Users/toprakgundogdu/qwen-ffn-rom/rtl/gated_delta_bram.v:269$2053_Y [31] $flatten\u_pe.$mul$/Users/toprakgundogdu/qwen-ffn-rom/rtl/gated_delta_bram.v:269$2053_Y [31] $flatten\u_pe.$mul$/Users/toprakgundogdu/qwen-ffn-rom/rtl/gated_delta_bram.v:269$2053_Y [31] $flatten\u_pe.$mul$/Users/toprakgundogdu/qwen-ffn-rom/rtl/gated_delta_bram.v:269$2053_Y [31] $flatten\u_pe.$mul$/Users/toprakgundogdu/qwen-ffn-rom/rtl/gated_delta_bram.v:269$2053_Y [31] $flatten\u_pe.$mul$/Users/toprakgundogdu/qwen-ffn-rom/rtl/gated_delta_bram.v:269$2053_Y [31] $flatten\u_pe.$mul$/Users/toprakgundogdu/qwen-ffn-rom/rtl/gated_delta_bram.v:269$2053_Y [31] $flatten\u_pe.$mul$/Users/toprakgundogdu/qwen-ffn-rom/rtl/gated_delta_bram.v:269$2053_Y [31:8] }, Q = \u_pe.delta[9]).
Adding SRST signal on $flatten\u_pe.$procdff$6295 ($dff) from module gated_delta_d16_bram (D = $flatten\u_pe.$procmux$5701_Y, Q = \u_pe.delta[8], rval = 0).
Adding EN signal on $auto$ff.cc:337:slice$8259 ($sdff) from module gated_delta_d16_bram (D = { $flatten\u_pe.$mul$/Users/toprakgundogdu/qwen-ffn-rom/rtl/gated_delta_bram.v:269$2050_Y [31] $flatten\u_pe.$mul$/Users/toprakgundogdu/qwen-ffn-rom/rtl/gated_delta_bram.v:269$2050_Y [31] $flatten\u_pe.$mul$/Users/toprakgundogdu/qwen-ffn-rom/rtl/gated_delta_bram.v:269$2050_Y [31] $flatten\u_pe.$mul$/Users/toprakgundogdu/qwen-ffn-rom/rtl/gated_delta_bram.v:269$2050_Y [31] $flatten\u_pe.$mul$/Users/toprakgundogdu/qwen-ffn-rom/rtl/gated_delta_bram.v:269$2050_Y [31] $flatten\u_pe.$mul$/Users/toprakgundogdu/qwen-ffn-rom/rtl/gated_delta_bram.v:269$2050_Y [31] $flatten\u_pe.$mul$/Users/toprakgundogdu/qwen-ffn-rom/rtl/gated_delta_bram.v:269$2050_Y [31] $flatten\u_pe.$mul$/Users/toprakgundogdu/qwen-ffn-rom/rtl/gated_delta_bram.v:269$2050_Y [31] $flatten\u_pe.$mul$/Users/toprakgundogdu/qwen-ffn-rom/rtl/gated_delta_bram.v:269$2050_Y [31:8] }, Q = \u_pe.delta[8]).
Adding SRST signal on $flatten\u_pe.$procdff$6294 ($dff) from module gated_delta_d16_bram (D = $flatten\u_pe.$procmux$5707_Y, Q = \u_pe.delta[7], rval = 0).
Adding EN signal on $auto$ff.cc:337:slice$8261 ($sdff) from module gated_delta_d16_bram (D = { $flatten\u_pe.$mul$/Users/toprakgundogdu/qwen-ffn-rom/rtl/gated_delta_bram.v:269$2047_Y [31] $flatten\u_pe.$mul$/Users/toprakgundogdu/qwen-ffn-rom/rtl/gated_delta_bram.v:269$2047_Y [31] $flatten\u_pe.$mul$/Users/toprakgundogdu/qwen-ffn-rom/rtl/gated_delta_bram.v:269$2047_Y [31] $flatten\u_pe.$mul$/Users/toprakgundogdu/qwen-ffn-rom/rtl/gated_delta_bram.v:269$2047_Y [31] $flatten\u_pe.$mul$/Users/toprakgundogdu/qwen-ffn-rom/rtl/gated_delta_bram.v:269$2047_Y [31] $flatten\u_pe.$mul$/Users/toprakgundogdu/qwen-ffn-rom/rtl/gated_delta_bram.v:269$2047_Y [31] $flatten\u_pe.$mul$/Users/toprakgundogdu/qwen-ffn-rom/rtl/gated_delta_bram.v:269$2047_Y [31] $flatten\u_pe.$mul$/Users/toprakgundogdu/qwen-ffn-rom/rtl/gated_delta_bram.v:269$2047_Y [31] $flatten\u_pe.$mul$/Users/toprakgundogdu/qwen-ffn-rom/rtl/gated_delta_bram.v:269$2047_Y [31:8] }, Q = \u_pe.delta[7]).
Adding SRST signal on $flatten\u_pe.$procdff$6293 ($dff) from module gated_delta_d16_bram (D = $flatten\u_pe.$procmux$5713_Y, Q = \u_pe.delta[6], rval = 0).
Adding EN signal on $auto$ff.cc:337:slice$8263 ($sdff) from module gated_delta_d16_bram (D = { $flatten\u_pe.$mul$/Users/toprakgundogdu/qwen-ffn-rom/rtl/gated_delta_bram.v:269$2044_Y [31] $flatten\u_pe.$mul$/Users/toprakgundogdu/qwen-ffn-rom/rtl/gated_delta_bram.v:269$2044_Y [31] $flatten\u_pe.$mul$/Users/toprakgundogdu/qwen-ffn-rom/rtl/gated_delta_bram.v:269$2044_Y [31] $flatten\u_pe.$mul$/Users/toprakgundogdu/qwen-ffn-rom/rtl/gated_delta_bram.v:269$2044_Y [31] $flatten\u_pe.$mul$/Users/toprakgundogdu/qwen-ffn-rom/rtl/gated_delta_bram.v:269$2044_Y [31] $flatten\u_pe.$mul$/Users/toprakgundogdu/qwen-ffn-rom/rtl/gated_delta_bram.v:269$2044_Y [31] $flatten\u_pe.$mul$/Users/toprakgundogdu/qwen-ffn-rom/rtl/gated_delta_bram.v:269$2044_Y [31] $flatten\u_pe.$mul$/Users/toprakgundogdu/qwen-ffn-rom/rtl/gated_delta_bram.v:269$2044_Y [31] $flatten\u_pe.$mul$/Users/toprakgundogdu/qwen-ffn-rom/rtl/gated_delta_bram.v:269$2044_Y [31:8] }, Q = \u_pe.delta[6]).
Adding SRST signal on $flatten\u_pe.$procdff$6292 ($dff) from module gated_delta_d16_bram (D = $flatten\u_pe.$procmux$5719_Y, Q = \u_pe.delta[5], rval = 0).
Adding EN signal on $auto$ff.cc:337:slice$8265 ($sdff) from module gated_delta_d16_bram (D = { $flatten\u_pe.$mul$/Users/toprakgundogdu/qwen-ffn-rom/rtl/gated_delta_bram.v:269$2041_Y [31] $flatten\u_pe.$mul$/Users/toprakgundogdu/qwen-ffn-rom/rtl/gated_delta_bram.v:269$2041_Y [31] $flatten\u_pe.$mul$/Users/toprakgundogdu/qwen-ffn-rom/rtl/gated_delta_bram.v:269$2041_Y [31] $flatten\u_pe.$mul$/Users/toprakgundogdu/qwen-ffn-rom/rtl/gated_delta_bram.v:269$2041_Y [31] $flatten\u_pe.$mul$/Users/toprakgundogdu/qwen-ffn-rom/rtl/gated_delta_bram.v:269$2041_Y [31] $flatten\u_pe.$mul$/Users/toprakgundogdu/qwen-ffn-rom/rtl/gated_delta_bram.v:269$2041_Y [31] $flatten\u_pe.$mul$/Users/toprakgundogdu/qwen-ffn-rom/rtl/gated_delta_bram.v:269$2041_Y [31] $flatten\u_pe.$mul$/Users/toprakgundogdu/qwen-ffn-rom/rtl/gated_delta_bram.v:269$2041_Y [31] $flatten\u_pe.$mul$/Users/toprakgundogdu/qwen-ffn-rom/rtl/gated_delta_bram.v:269$2041_Y [31:8] }, Q = \u_pe.delta[5]).
Adding SRST signal on $flatten\u_pe.$procdff$6291 ($dff) from module gated_delta_d16_bram (D = $flatten\u_pe.$procmux$5725_Y, Q = \u_pe.delta[4], rval = 0).
Adding EN signal on $auto$ff.cc:337:slice$8267 ($sdff) from module gated_delta_d16_bram (D = { $flatten\u_pe.$mul$/Users/toprakgundogdu/qwen-ffn-rom/rtl/gated_delta_bram.v:269$2038_Y [31] $flatten\u_pe.$mul$/Users/toprakgundogdu/qwen-ffn-rom/rtl/gated_delta_bram.v:269$2038_Y [31] $flatten\u_pe.$mul$/Users/toprakgundogdu/qwen-ffn-rom/rtl/gated_delta_bram.v:269$2038_Y [31] $flatten\u_pe.$mul$/Users/toprakgundogdu/qwen-ffn-rom/rtl/gated_delta_bram.v:269$2038_Y [31] $flatten\u_pe.$mul$/Users/toprakgundogdu/qwen-ffn-rom/rtl/gated_delta_bram.v:269$2038_Y [31] $flatten\u_pe.$mul$/Users/toprakgundogdu/qwen-ffn-rom/rtl/gated_delta_bram.v:269$2038_Y [31] $flatten\u_pe.$mul$/Users/toprakgundogdu/qwen-ffn-rom/rtl/gated_delta_bram.v:269$2038_Y [31] $flatten\u_pe.$mul$/Users/toprakgundogdu/qwen-ffn-rom/rtl/gated_delta_bram.v:269$2038_Y [31] $flatten\u_pe.$mul$/Users/toprakgundogdu/qwen-ffn-rom/rtl/gated_delta_bram.v:269$2038_Y [31:8] }, Q = \u_pe.delta[4]).
Adding SRST signal on $flatten\u_pe.$procdff$6290 ($dff) from module gated_delta_d16_bram (D = $flatten\u_pe.$procmux$5731_Y, Q = \u_pe.delta[3], rval = 0).
Adding EN signal on $auto$ff.cc:337:slice$8269 ($sdff) from module gated_delta_d16_bram (D = { $flatten\u_pe.$mul$/Users/toprakgundogdu/qwen-ffn-rom/rtl/gated_delta_bram.v:269$2035_Y [31] $flatten\u_pe.$mul$/Users/toprakgundogdu/qwen-ffn-rom/rtl/gated_delta_bram.v:269$2035_Y [31] $flatten\u_pe.$mul$/Users/toprakgundogdu/qwen-ffn-rom/rtl/gated_delta_bram.v:269$2035_Y [31] $flatten\u_pe.$mul$/Users/toprakgundogdu/qwen-ffn-rom/rtl/gated_delta_bram.v:269$2035_Y [31] $flatten\u_pe.$mul$/Users/toprakgundogdu/qwen-ffn-rom/rtl/gated_delta_bram.v:269$2035_Y [31] $flatten\u_pe.$mul$/Users/toprakgundogdu/qwen-ffn-rom/rtl/gated_delta_bram.v:269$2035_Y [31] $flatten\u_pe.$mul$/Users/toprakgundogdu/qwen-ffn-rom/rtl/gated_delta_bram.v:269$2035_Y [31] $flatten\u_pe.$mul$/Users/toprakgundogdu/qwen-ffn-rom/rtl/gated_delta_bram.v:269$2035_Y [31] $flatten\u_pe.$mul$/Users/toprakgundogdu/qwen-ffn-rom/rtl/gated_delta_bram.v:269$2035_Y [31:8] }, Q = \u_pe.delta[3]).
Adding SRST signal on $flatten\u_pe.$procdff$6289 ($dff) from module gated_delta_d16_bram (D = $flatten\u_pe.$procmux$5737_Y, Q = \u_pe.delta[2], rval = 0).
Adding EN signal on $auto$ff.cc:337:slice$8271 ($sdff) from module gated_delta_d16_bram (D = { $flatten\u_pe.$mul$/Users/toprakgundogdu/qwen-ffn-rom/rtl/gated_delta_bram.v:269$2032_Y [31] $flatten\u_pe.$mul$/Users/toprakgundogdu/qwen-ffn-rom/rtl/gated_delta_bram.v:269$2032_Y [31] $flatten\u_pe.$mul$/Users/toprakgundogdu/qwen-ffn-rom/rtl/gated_delta_bram.v:269$2032_Y [31] $flatten\u_pe.$mul$/Users/toprakgundogdu/qwen-ffn-rom/rtl/gated_delta_bram.v:269$2032_Y [31] $flatten\u_pe.$mul$/Users/toprakgundogdu/qwen-ffn-rom/rtl/gated_delta_bram.v:269$2032_Y [31] $flatten\u_pe.$mul$/Users/toprakgundogdu/qwen-ffn-rom/rtl/gated_delta_bram.v:269$2032_Y [31] $flatten\u_pe.$mul$/Users/toprakgundogdu/qwen-ffn-rom/rtl/gated_delta_bram.v:269$2032_Y [31] $flatten\u_pe.$mul$/Users/toprakgundogdu/qwen-ffn-rom/rtl/gated_delta_bram.v:269$2032_Y [31] $flatten\u_pe.$mul$/Users/toprakgundogdu/qwen-ffn-rom/rtl/gated_delta_bram.v:269$2032_Y [31:8] }, Q = \u_pe.delta[2]).
Adding SRST signal on $flatten\u_pe.$procdff$6288 ($dff) from module gated_delta_d16_bram (D = $flatten\u_pe.$procmux$5743_Y, Q = \u_pe.delta[1], rval = 0).
Adding EN signal on $auto$ff.cc:337:slice$8273 ($sdff) from module gated_delta_d16_bram (D = { $flatten\u_pe.$mul$/Users/toprakgundogdu/qwen-ffn-rom/rtl/gated_delta_bram.v:269$2029_Y [31] $flatten\u_pe.$mul$/Users/toprakgundogdu/qwen-ffn-rom/rtl/gated_delta_bram.v:269$2029_Y [31] $flatten\u_pe.$mul$/Users/toprakgundogdu/qwen-ffn-rom/rtl/gated_delta_bram.v:269$2029_Y [31] $flatten\u_pe.$mul$/Users/toprakgundogdu/qwen-ffn-rom/rtl/gated_delta_bram.v:269$2029_Y [31] $flatten\u_pe.$mul$/Users/toprakgundogdu/qwen-ffn-rom/rtl/gated_delta_bram.v:269$2029_Y [31] $flatten\u_pe.$mul$/Users/toprakgundogdu/qwen-ffn-rom/rtl/gated_delta_bram.v:269$2029_Y [31] $flatten\u_pe.$mul$/Users/toprakgundogdu/qwen-ffn-rom/rtl/gated_delta_bram.v:269$2029_Y [31] $flatten\u_pe.$mul$/Users/toprakgundogdu/qwen-ffn-rom/rtl/gated_delta_bram.v:269$2029_Y [31] $flatten\u_pe.$mul$/Users/toprakgundogdu/qwen-ffn-rom/rtl/gated_delta_bram.v:269$2029_Y [31:8] }, Q = \u_pe.delta[1]).
Adding SRST signal on $flatten\u_pe.$procdff$6287 ($dff) from module gated_delta_d16_bram (D = $flatten\u_pe.$procmux$5749_Y, Q = \u_pe.delta[0], rval = 0).
Adding EN signal on $auto$ff.cc:337:slice$8275 ($sdff) from module gated_delta_d16_bram (D = { $flatten\u_pe.$mul$/Users/toprakgundogdu/qwen-ffn-rom/rtl/gated_delta_bram.v:269$2026_Y [31] $flatten\u_pe.$mul$/Users/toprakgundogdu/qwen-ffn-rom/rtl/gated_delta_bram.v:269$2026_Y [31] $flatten\u_pe.$mul$/Users/toprakgundogdu/qwen-ffn-rom/rtl/gated_delta_bram.v:269$2026_Y [31] $flatten\u_pe.$mul$/Users/toprakgundogdu/qwen-ffn-rom/rtl/gated_delta_bram.v:269$2026_Y [31] $flatten\u_pe.$mul$/Users/toprakgundogdu/qwen-ffn-rom/rtl/gated_delta_bram.v:269$2026_Y [31] $flatten\u_pe.$mul$/Users/toprakgundogdu/qwen-ffn-rom/rtl/gated_delta_bram.v:269$2026_Y [31] $flatten\u_pe.$mul$/Users/toprakgundogdu/qwen-ffn-rom/rtl/gated_delta_bram.v:269$2026_Y [31] $flatten\u_pe.$mul$/Users/toprakgundogdu/qwen-ffn-rom/rtl/gated_delta_bram.v:269$2026_Y [31] $flatten\u_pe.$mul$/Users/toprakgundogdu/qwen-ffn-rom/rtl/gated_delta_bram.v:269$2026_Y [31:8] }, Q = \u_pe.delta[0]).
Adding SRST signal on $flatten\u_pe.$procdff$6286 ($dff) from module gated_delta_d16_bram (D = $flatten\u_pe.$procmux$5771_Y, Q = \u_pe.kv[15], rval = 0).
Adding EN signal on $auto$ff.cc:337:slice$8277 ($sdff) from module gated_delta_d16_bram (D = { $flatten\u_pe.$add$/Users/toprakgundogdu/qwen-ffn-rom/rtl/gated_delta_bram.v:226$1949_Y [31] $flatten\u_pe.$add$/Users/toprakgundogdu/qwen-ffn-rom/rtl/gated_delta_bram.v:226$1949_Y [31] $flatten\u_pe.$add$/Users/toprakgundogdu/qwen-ffn-rom/rtl/gated_delta_bram.v:226$1949_Y [31] $flatten\u_pe.$add$/Users/toprakgundogdu/qwen-ffn-rom/rtl/gated_delta_bram.v:226$1949_Y [31] $flatten\u_pe.$add$/Users/toprakgundogdu/qwen-ffn-rom/rtl/gated_delta_bram.v:226$1949_Y [31] $flatten\u_pe.$add$/Users/toprakgundogdu/qwen-ffn-rom/rtl/gated_delta_bram.v:226$1949_Y [31] $flatten\u_pe.$add$/Users/toprakgundogdu/qwen-ffn-rom/rtl/gated_delta_bram.v:226$1949_Y [31] $flatten\u_pe.$add$/Users/toprakgundogdu/qwen-ffn-rom/rtl/gated_delta_bram.v:226$1949_Y [31] $flatten\u_pe.$add$/Users/toprakgundogdu/qwen-ffn-rom/rtl/gated_delta_bram.v:226$1949_Y [31:8] }, Q = \u_pe.kv[15]).
Adding SRST signal on $flatten\u_pe.$procdff$6285 ($dff) from module gated_delta_d16_bram (D = $flatten\u_pe.$procmux$5793_Y, Q = \u_pe.kv[14], rval = 0).
Adding EN signal on $auto$ff.cc:337:slice$8285 ($sdff) from module gated_delta_d16_bram (D = { $flatten\u_pe.$add$/Users/toprakgundogdu/qwen-ffn-rom/rtl/gated_delta_bram.v:226$1947_Y [31] $flatten\u_pe.$add$/Users/toprakgundogdu/qwen-ffn-rom/rtl/gated_delta_bram.v:226$1947_Y [31] $flatten\u_pe.$add$/Users/toprakgundogdu/qwen-ffn-rom/rtl/gated_delta_bram.v:226$1947_Y [31] $flatten\u_pe.$add$/Users/toprakgundogdu/qwen-ffn-rom/rtl/gated_delta_bram.v:226$1947_Y [31] $flatten\u_pe.$add$/Users/toprakgundogdu/qwen-ffn-rom/rtl/gated_delta_bram.v:226$1947_Y [31] $flatten\u_pe.$add$/Users/toprakgundogdu/qwen-ffn-rom/rtl/gated_delta_bram.v:226$1947_Y [31] $flatten\u_pe.$add$/Users/toprakgundogdu/qwen-ffn-rom/rtl/gated_delta_bram.v:226$1947_Y [31] $flatten\u_pe.$add$/Users/toprakgundogdu/qwen-ffn-rom/rtl/gated_delta_bram.v:226$1947_Y [31] $flatten\u_pe.$add$/Users/toprakgundogdu/qwen-ffn-rom/rtl/gated_delta_bram.v:226$1947_Y [31:8] }, Q = \u_pe.kv[14]).
Adding SRST signal on $flatten\u_pe.$procdff$6284 ($dff) from module gated_delta_d16_bram (D = $flatten\u_pe.$procmux$5815_Y, Q = \u_pe.kv[13], rval = 0).
Adding EN signal on $auto$ff.cc:337:slice$8293 ($sdff) from module gated_delta_d16_bram (D = { $flatten\u_pe.$add$/Users/toprakgundogdu/qwen-ffn-rom/rtl/gated_delta_bram.v:226$1945_Y [31] $flatten\u_pe.$add$/Users/toprakgundogdu/qwen-ffn-rom/rtl/gated_delta_bram.v:226$1945_Y [31] $flatten\u_pe.$add$/Users/toprakgundogdu/qwen-ffn-rom/rtl/gated_delta_bram.v:226$1945_Y [31] $flatten\u_pe.$add$/Users/toprakgundogdu/qwen-ffn-rom/rtl/gated_delta_bram.v:226$1945_Y [31] $flatten\u_pe.$add$/Users/toprakgundogdu/qwen-ffn-rom/rtl/gated_delta_bram.v:226$1945_Y [31] $flatten\u_pe.$add$/Users/toprakgundogdu/qwen-ffn-rom/rtl/gated_delta_bram.v:226$1945_Y [31] $flatten\u_pe.$add$/Users/toprakgundogdu/qwen-ffn-rom/rtl/gated_delta_bram.v:226$1945_Y [31] $flatten\u_pe.$add$/Users/toprakgundogdu/qwen-ffn-rom/rtl/gated_delta_bram.v:226$1945_Y [31] $flatten\u_pe.$add$/Users/toprakgundogdu/qwen-ffn-rom/rtl/gated_delta_bram.v:226$1945_Y [31:8] }, Q = \u_pe.kv[13]).
Adding SRST signal on $flatten\u_pe.$procdff$6283 ($dff) from module gated_delta_d16_bram (D = $flatten\u_pe.$procmux$5837_Y, Q = \u_pe.kv[12], rval = 0).
Adding EN signal on $auto$ff.cc:337:slice$8301 ($sdff) from module gated_delta_d16_bram (D = { $flatten\u_pe.$add$/Users/toprakgundogdu/qwen-ffn-rom/rtl/gated_delta_bram.v:226$1943_Y [31] $flatten\u_pe.$add$/Users/toprakgundogdu/qwen-ffn-rom/rtl/gated_delta_bram.v:226$1943_Y [31] $flatten\u_pe.$add$/Users/toprakgundogdu/qwen-ffn-rom/rtl/gated_delta_bram.v:226$1943_Y [31] $flatten\u_pe.$add$/Users/toprakgundogdu/qwen-ffn-rom/rtl/gated_delta_bram.v:226$1943_Y [31] $flatten\u_pe.$add$/Users/toprakgundogdu/qwen-ffn-rom/rtl/gated_delta_bram.v:226$1943_Y [31] $flatten\u_pe.$add$/Users/toprakgundogdu/qwen-ffn-rom/rtl/gated_delta_bram.v:226$1943_Y [31] $flatten\u_pe.$add$/Users/toprakgundogdu/qwen-ffn-rom/rtl/gated_delta_bram.v:226$1943_Y [31] $flatten\u_pe.$add$/Users/toprakgundogdu/qwen-ffn-rom/rtl/gated_delta_bram.v:226$1943_Y [31] $flatten\u_pe.$add$/Users/toprakgundogdu/qwen-ffn-rom/rtl/gated_delta_bram.v:226$1943_Y [31:8] }, Q = \u_pe.kv[12]).
Adding SRST signal on $flatten\u_pe.$procdff$6282 ($dff) from module gated_delta_d16_bram (D = $flatten\u_pe.$procmux$5859_Y, Q = \u_pe.kv[11], rval = 0).
Adding EN signal on $auto$ff.cc:337:slice$8309 ($sdff) from module gated_delta_d16_bram (D = { $flatten\u_pe.$add$/Users/toprakgundogdu/qwen-ffn-rom/rtl/gated_delta_bram.v:226$1941_Y [31] $flatten\u_pe.$add$/Users/toprakgundogdu/qwen-ffn-rom/rtl/gated_delta_bram.v:226$1941_Y [31] $flatten\u_pe.$add$/Users/toprakgundogdu/qwen-ffn-rom/rtl/gated_delta_bram.v:226$1941_Y [31] $flatten\u_pe.$add$/Users/toprakgundogdu/qwen-ffn-rom/rtl/gated_delta_bram.v:226$1941_Y [31] $flatten\u_pe.$add$/Users/toprakgundogdu/qwen-ffn-rom/rtl/gated_delta_bram.v:226$1941_Y [31] $flatten\u_pe.$add$/Users/toprakgundogdu/qwen-ffn-rom/rtl/gated_delta_bram.v:226$1941_Y [31] $flatten\u_pe.$add$/Users/toprakgundogdu/qwen-ffn-rom/rtl/gated_delta_bram.v:226$1941_Y [31] $flatten\u_pe.$add$/Users/toprakgundogdu/qwen-ffn-rom/rtl/gated_delta_bram.v:226$1941_Y [31] $flatten\u_pe.$add$/Users/toprakgundogdu/qwen-ffn-rom/rtl/gated_delta_bram.v:226$1941_Y [31:8] }, Q = \u_pe.kv[11]).
Adding SRST signal on $flatten\u_pe.$procdff$6281 ($dff) from module gated_delta_d16_bram (D = $flatten\u_pe.$procmux$5881_Y, Q = \u_pe.kv[10], rval = 0).
Adding EN signal on $auto$ff.cc:337:slice$8317 ($sdff) from module gated_delta_d16_bram (D = { $flatten\u_pe.$add$/Users/toprakgundogdu/qwen-ffn-rom/rtl/gated_delta_bram.v:226$1939_Y [31] $flatten\u_pe.$add$/Users/toprakgundogdu/qwen-ffn-rom/rtl/gated_delta_bram.v:226$1939_Y [31] $flatten\u_pe.$add$/Users/toprakgundogdu/qwen-ffn-rom/rtl/gated_delta_bram.v:226$1939_Y [31] $flatten\u_pe.$add$/Users/toprakgundogdu/qwen-ffn-rom/rtl/gated_delta_bram.v:226$1939_Y [31] $flatten\u_pe.$add$/Users/toprakgundogdu/qwen-ffn-rom/rtl/gated_delta_bram.v:226$1939_Y [31] $flatten\u_pe.$add$/Users/toprakgundogdu/qwen-ffn-rom/rtl/gated_delta_bram.v:226$1939_Y [31] $flatten\u_pe.$add$/Users/toprakgundogdu/qwen-ffn-rom/rtl/gated_delta_bram.v:226$1939_Y [31] $flatten\u_pe.$add$/Users/toprakgundogdu/qwen-ffn-rom/rtl/gated_delta_bram.v:226$1939_Y [31] $flatten\u_pe.$add$/Users/toprakgundogdu/qwen-ffn-rom/rtl/gated_delta_bram.v:226$1939_Y [31:8] }, Q = \u_pe.kv[10]).
Adding SRST signal on $flatten\u_pe.$procdff$6280 ($dff) from module gated_delta_d16_bram (D = $flatten\u_pe.$procmux$5903_Y, Q = \u_pe.kv[9], rval = 0).
Adding EN signal on $auto$ff.cc:337:slice$8325 ($sdff) from module gated_delta_d16_bram (D = { $flatten\u_pe.$add$/Users/toprakgundogdu/qwen-ffn-rom/rtl/gated_delta_bram.v:226$1937_Y [31] $flatten\u_pe.$add$/Users/toprakgundogdu/qwen-ffn-rom/rtl/gated_delta_bram.v:226$1937_Y [31] $flatten\u_pe.$add$/Users/toprakgundogdu/qwen-ffn-rom/rtl/gated_delta_bram.v:226$1937_Y [31] $flatten\u_pe.$add$/Users/toprakgundogdu/qwen-ffn-rom/rtl/gated_delta_bram.v:226$1937_Y [31] $flatten\u_pe.$add$/Users/toprakgundogdu/qwen-ffn-rom/rtl/gated_delta_bram.v:226$1937_Y [31] $flatten\u_pe.$add$/Users/toprakgundogdu/qwen-ffn-rom/rtl/gated_delta_bram.v:226$1937_Y [31] $flatten\u_pe.$add$/Users/toprakgundogdu/qwen-ffn-rom/rtl/gated_delta_bram.v:226$1937_Y [31] $flatten\u_pe.$add$/Users/toprakgundogdu/qwen-ffn-rom/rtl/gated_delta_bram.v:226$1937_Y [31] $flatten\u_pe.$add$/Users/toprakgundogdu/qwen-ffn-rom/rtl/gated_delta_bram.v:226$1937_Y [31:8] }, Q = \u_pe.kv[9]).
Adding SRST signal on $flatten\u_pe.$procdff$6279 ($dff) from module gated_delta_d16_bram (D = $flatten\u_pe.$procmux$5925_Y, Q = \u_pe.kv[8], rval = 0).
Adding EN signal on $auto$ff.cc:337:slice$8333 ($sdff) from module gated_delta_d16_bram (D = { $flatten\u_pe.$add$/Users/toprakgundogdu/qwen-ffn-rom/rtl/gated_delta_bram.v:226$1935_Y [31] $flatten\u_pe.$add$/Users/toprakgundogdu/qwen-ffn-rom/rtl/gated_delta_bram.v:226$1935_Y [31] $flatten\u_pe.$add$/Users/toprakgundogdu/qwen-ffn-rom/rtl/gated_delta_bram.v:226$1935_Y [31] $flatten\u_pe.$add$/Users/toprakgundogdu/qwen-ffn-rom/rtl/gated_delta_bram.v:226$1935_Y [31] $flatten\u_pe.$add$/Users/toprakgundogdu/qwen-ffn-rom/rtl/gated_delta_bram.v:226$1935_Y [31] $flatten\u_pe.$add$/Users/toprakgundogdu/qwen-ffn-rom/rtl/gated_delta_bram.v:226$1935_Y [31] $flatten\u_pe.$add$/Users/toprakgundogdu/qwen-ffn-rom/rtl/gated_delta_bram.v:226$1935_Y [31] $flatten\u_pe.$add$/Users/toprakgundogdu/qwen-ffn-rom/rtl/gated_delta_bram.v:226$1935_Y [31] $flatten\u_pe.$add$/Users/toprakgundogdu/qwen-ffn-rom/rtl/gated_delta_bram.v:226$1935_Y [31:8] }, Q = \u_pe.kv[8]).
Adding SRST signal on $flatten\u_pe.$procdff$6278 ($dff) from module gated_delta_d16_bram (D = $flatten\u_pe.$procmux$5947_Y, Q = \u_pe.kv[7], rval = 0).
Adding EN signal on $auto$ff.cc:337:slice$8341 ($sdff) from module gated_delta_d16_bram (D = { $flatten\u_pe.$add$/Users/toprakgundogdu/qwen-ffn-rom/rtl/gated_delta_bram.v:226$1933_Y [31] $flatten\u_pe.$add$/Users/toprakgundogdu/qwen-ffn-rom/rtl/gated_delta_bram.v:226$1933_Y [31] $flatten\u_pe.$add$/Users/toprakgundogdu/qwen-ffn-rom/rtl/gated_delta_bram.v:226$1933_Y [31] $flatten\u_pe.$add$/Users/toprakgundogdu/qwen-ffn-rom/rtl/gated_delta_bram.v:226$1933_Y [31] $flatten\u_pe.$add$/Users/toprakgundogdu/qwen-ffn-rom/rtl/gated_delta_bram.v:226$1933_Y [31] $flatten\u_pe.$add$/Users/toprakgundogdu/qwen-ffn-rom/rtl/gated_delta_bram.v:226$1933_Y [31] $flatten\u_pe.$add$/Users/toprakgundogdu/qwen-ffn-rom/rtl/gated_delta_bram.v:226$1933_Y [31] $flatten\u_pe.$add$/Users/toprakgundogdu/qwen-ffn-rom/rtl/gated_delta_bram.v:226$1933_Y [31] $flatten\u_pe.$add$/Users/toprakgundogdu/qwen-ffn-rom/rtl/gated_delta_bram.v:226$1933_Y [31:8] }, Q = \u_pe.kv[7]).
Adding SRST signal on $flatten\u_pe.$procdff$6277 ($dff) from module gated_delta_d16_bram (D = $flatten\u_pe.$procmux$5969_Y, Q = \u_pe.kv[6], rval = 0).
Adding EN signal on $auto$ff.cc:337:slice$8349 ($sdff) from module gated_delta_d16_bram (D = { $flatten\u_pe.$add$/Users/toprakgundogdu/qwen-ffn-rom/rtl/gated_delta_bram.v:226$1931_Y [31] $flatten\u_pe.$add$/Users/toprakgundogdu/qwen-ffn-rom/rtl/gated_delta_bram.v:226$1931_Y [31] $flatten\u_pe.$add$/Users/toprakgundogdu/qwen-ffn-rom/rtl/gated_delta_bram.v:226$1931_Y [31] $flatten\u_pe.$add$/Users/toprakgundogdu/qwen-ffn-rom/rtl/gated_delta_bram.v:226$1931_Y [31] $flatten\u_pe.$add$/Users/toprakgundogdu/qwen-ffn-rom/rtl/gated_delta_bram.v:226$1931_Y [31] $flatten\u_pe.$add$/Users/toprakgundogdu/qwen-ffn-rom/rtl/gated_delta_bram.v:226$1931_Y [31] $flatten\u_pe.$add$/Users/toprakgundogdu/qwen-ffn-rom/rtl/gated_delta_bram.v:226$1931_Y [31] $flatten\u_pe.$add$/Users/toprakgundogdu/qwen-ffn-rom/rtl/gated_delta_bram.v:226$1931_Y [31] $flatten\u_pe.$add$/Users/toprakgundogdu/qwen-ffn-rom/rtl/gated_delta_bram.v:226$1931_Y [31:8] }, Q = \u_pe.kv[6]).
Adding SRST signal on $flatten\u_pe.$procdff$6276 ($dff) from module gated_delta_d16_bram (D = $flatten\u_pe.$procmux$5991_Y, Q = \u_pe.kv[5], rval = 0).
Adding EN signal on $auto$ff.cc:337:slice$8357 ($sdff) from module gated_delta_d16_bram (D = { $flatten\u_pe.$add$/Users/toprakgundogdu/qwen-ffn-rom/rtl/gated_delta_bram.v:226$1929_Y [31] $flatten\u_pe.$add$/Users/toprakgundogdu/qwen-ffn-rom/rtl/gated_delta_bram.v:226$1929_Y [31] $flatten\u_pe.$add$/Users/toprakgundogdu/qwen-ffn-rom/rtl/gated_delta_bram.v:226$1929_Y [31] $flatten\u_pe.$add$/Users/toprakgundogdu/qwen-ffn-rom/rtl/gated_delta_bram.v:226$1929_Y [31] $flatten\u_pe.$add$/Users/toprakgundogdu/qwen-ffn-rom/rtl/gated_delta_bram.v:226$1929_Y [31] $flatten\u_pe.$add$/Users/toprakgundogdu/qwen-ffn-rom/rtl/gated_delta_bram.v:226$1929_Y [31] $flatten\u_pe.$add$/Users/toprakgundogdu/qwen-ffn-rom/rtl/gated_delta_bram.v:226$1929_Y [31] $flatten\u_pe.$add$/Users/toprakgundogdu/qwen-ffn-rom/rtl/gated_delta_bram.v:226$1929_Y [31] $flatten\u_pe.$add$/Users/toprakgundogdu/qwen-ffn-rom/rtl/gated_delta_bram.v:226$1929_Y [31:8] }, Q = \u_pe.kv[5]).
Adding SRST signal on $flatten\u_pe.$procdff$6275 ($dff) from module gated_delta_d16_bram (D = $flatten\u_pe.$procmux$6013_Y, Q = \u_pe.kv[4], rval = 0).
Adding EN signal on $auto$ff.cc:337:slice$8365 ($sdff) from module gated_delta_d16_bram (D = { $flatten\u_pe.$add$/Users/toprakgundogdu/qwen-ffn-rom/rtl/gated_delta_bram.v:226$1927_Y [31] $flatten\u_pe.$add$/Users/toprakgundogdu/qwen-ffn-rom/rtl/gated_delta_bram.v:226$1927_Y [31] $flatten\u_pe.$add$/Users/toprakgundogdu/qwen-ffn-rom/rtl/gated_delta_bram.v:226$1927_Y [31] $flatten\u_pe.$add$/Users/toprakgundogdu/qwen-ffn-rom/rtl/gated_delta_bram.v:226$1927_Y [31] $flatten\u_pe.$add$/Users/toprakgundogdu/qwen-ffn-rom/rtl/gated_delta_bram.v:226$1927_Y [31] $flatten\u_pe.$add$/Users/toprakgundogdu/qwen-ffn-rom/rtl/gated_delta_bram.v:226$1927_Y [31] $flatten\u_pe.$add$/Users/toprakgundogdu/qwen-ffn-rom/rtl/gated_delta_bram.v:226$1927_Y [31] $flatten\u_pe.$add$/Users/toprakgundogdu/qwen-ffn-rom/rtl/gated_delta_bram.v:226$1927_Y [31] $flatten\u_pe.$add$/Users/toprakgundogdu/qwen-ffn-rom/rtl/gated_delta_bram.v:226$1927_Y [31:8] }, Q = \u_pe.kv[4]).
Adding SRST signal on $flatten\u_pe.$procdff$6274 ($dff) from module gated_delta_d16_bram (D = $flatten\u_pe.$procmux$6035_Y, Q = \u_pe.kv[3], rval = 0).
Adding EN signal on $auto$ff.cc:337:slice$8373 ($sdff) from module gated_delta_d16_bram (D = { $flatten\u_pe.$add$/Users/toprakgundogdu/qwen-ffn-rom/rtl/gated_delta_bram.v:226$1925_Y [31] $flatten\u_pe.$add$/Users/toprakgundogdu/qwen-ffn-rom/rtl/gated_delta_bram.v:226$1925_Y [31] $flatten\u_pe.$add$/Users/toprakgundogdu/qwen-ffn-rom/rtl/gated_delta_bram.v:226$1925_Y [31] $flatten\u_pe.$add$/Users/toprakgundogdu/qwen-ffn-rom/rtl/gated_delta_bram.v:226$1925_Y [31] $flatten\u_pe.$add$/Users/toprakgundogdu/qwen-ffn-rom/rtl/gated_delta_bram.v:226$1925_Y [31] $flatten\u_pe.$add$/Users/toprakgundogdu/qwen-ffn-rom/rtl/gated_delta_bram.v:226$1925_Y [31] $flatten\u_pe.$add$/Users/toprakgundogdu/qwen-ffn-rom/rtl/gated_delta_bram.v:226$1925_Y [31] $flatten\u_pe.$add$/Users/toprakgundogdu/qwen-ffn-rom/rtl/gated_delta_bram.v:226$1925_Y [31] $flatten\u_pe.$add$/Users/toprakgundogdu/qwen-ffn-rom/rtl/gated_delta_bram.v:226$1925_Y [31:8] }, Q = \u_pe.kv[3]).
Adding SRST signal on $flatten\u_pe.$procdff$6273 ($dff) from module gated_delta_d16_bram (D = $flatten\u_pe.$procmux$6057_Y, Q = \u_pe.kv[2], rval = 0).
Adding EN signal on $auto$ff.cc:337:slice$8381 ($sdff) from module gated_delta_d16_bram (D = { $flatten\u_pe.$add$/Users/toprakgundogdu/qwen-ffn-rom/rtl/gated_delta_bram.v:226$1923_Y [31] $flatten\u_pe.$add$/Users/toprakgundogdu/qwen-ffn-rom/rtl/gated_delta_bram.v:226$1923_Y [31] $flatten\u_pe.$add$/Users/toprakgundogdu/qwen-ffn-rom/rtl/gated_delta_bram.v:226$1923_Y [31] $flatten\u_pe.$add$/Users/toprakgundogdu/qwen-ffn-rom/rtl/gated_delta_bram.v:226$1923_Y [31] $flatten\u_pe.$add$/Users/toprakgundogdu/qwen-ffn-rom/rtl/gated_delta_bram.v:226$1923_Y [31] $flatten\u_pe.$add$/Users/toprakgundogdu/qwen-ffn-rom/rtl/gated_delta_bram.v:226$1923_Y [31] $flatten\u_pe.$add$/Users/toprakgundogdu/qwen-ffn-rom/rtl/gated_delta_bram.v:226$1923_Y [31] $flatten\u_pe.$add$/Users/toprakgundogdu/qwen-ffn-rom/rtl/gated_delta_bram.v:226$1923_Y [31] $flatten\u_pe.$add$/Users/toprakgundogdu/qwen-ffn-rom/rtl/gated_delta_bram.v:226$1923_Y [31:8] }, Q = \u_pe.kv[2]).
Adding SRST signal on $flatten\u_pe.$procdff$6272 ($dff) from module gated_delta_d16_bram (D = $flatten\u_pe.$procmux$6079_Y, Q = \u_pe.kv[1], rval = 0).
Adding EN signal on $auto$ff.cc:337:slice$8389 ($sdff) from module gated_delta_d16_bram (D = { $flatten\u_pe.$add$/Users/toprakgundogdu/qwen-ffn-rom/rtl/gated_delta_bram.v:226$1921_Y [31] $flatten\u_pe.$add$/Users/toprakgundogdu/qwen-ffn-rom/rtl/gated_delta_bram.v:226$1921_Y [31] $flatten\u_pe.$add$/Users/toprakgundogdu/qwen-ffn-rom/rtl/gated_delta_bram.v:226$1921_Y [31] $flatten\u_pe.$add$/Users/toprakgundogdu/qwen-ffn-rom/rtl/gated_delta_bram.v:226$1921_Y [31] $flatten\u_pe.$add$/Users/toprakgundogdu/qwen-ffn-rom/rtl/gated_delta_bram.v:226$1921_Y [31] $flatten\u_pe.$add$/Users/toprakgundogdu/qwen-ffn-rom/rtl/gated_delta_bram.v:226$1921_Y [31] $flatten\u_pe.$add$/Users/toprakgundogdu/qwen-ffn-rom/rtl/gated_delta_bram.v:226$1921_Y [31] $flatten\u_pe.$add$/Users/toprakgundogdu/qwen-ffn-rom/rtl/gated_delta_bram.v:226$1921_Y [31] $flatten\u_pe.$add$/Users/toprakgundogdu/qwen-ffn-rom/rtl/gated_delta_bram.v:226$1921_Y [31:8] }, Q = \u_pe.kv[1]).
Adding SRST signal on $flatten\u_pe.$procdff$6271 ($dff) from module gated_delta_d16_bram (D = $flatten\u_pe.$procmux$6101_Y, Q = \u_pe.kv[0], rval = 0).
Adding EN signal on $auto$ff.cc:337:slice$8397 ($sdff) from module gated_delta_d16_bram (D = { $flatten\u_pe.$add$/Users/toprakgundogdu/qwen-ffn-rom/rtl/gated_delta_bram.v:226$1919_Y [31] $flatten\u_pe.$add$/Users/toprakgundogdu/qwen-ffn-rom/rtl/gated_delta_bram.v:226$1919_Y [31] $flatten\u_pe.$add$/Users/toprakgundogdu/qwen-ffn-rom/rtl/gated_delta_bram.v:226$1919_Y [31] $flatten\u_pe.$add$/Users/toprakgundogdu/qwen-ffn-rom/rtl/gated_delta_bram.v:226$1919_Y [31] $flatten\u_pe.$add$/Users/toprakgundogdu/qwen-ffn-rom/rtl/gated_delta_bram.v:226$1919_Y [31] $flatten\u_pe.$add$/Users/toprakgundogdu/qwen-ffn-rom/rtl/gated_delta_bram.v:226$1919_Y [31] $flatten\u_pe.$add$/Users/toprakgundogdu/qwen-ffn-rom/rtl/gated_delta_bram.v:226$1919_Y [31] $flatten\u_pe.$add$/Users/toprakgundogdu/qwen-ffn-rom/rtl/gated_delta_bram.v:226$1919_Y [31] $flatten\u_pe.$add$/Users/toprakgundogdu/qwen-ffn-rom/rtl/gated_delta_bram.v:226$1919_Y [31:8] }, Q = \u_pe.kv[0]).
Adding SRST signal on $flatten\u_pe.$procdff$6419 ($dff) from module gated_delta_d16_bram (D = $flatten\u_pe.$procmux$3781_Y, Q = \u_pe.wdata_c[4], rval = 16'0000000000000000).
Adding EN signal on $auto$ff.cc:337:slice$8405 ($sdff) from module gated_delta_d16_bram (D = $flatten\u_pe.$procmux$3781_Y, Q = \u_pe.wdata_c[4]).
Adding SRST signal on $flatten\u_pe.$procdff$6269 ($dff) from module gated_delta_d16_bram (D = $flatten\u_pe.$procmux$6120_Y, Q = \u_pe.waddr_r, rval = 4'0000).
Adding EN signal on $auto$ff.cc:337:slice$8419 ($sdff) from module gated_delta_d16_bram (D = $flatten\u_pe.$procmux$6120_Y, Q = \u_pe.waddr_r).
Adding SRST signal on $flatten\u_pe.$procdff$6268 ($dff) from module gated_delta_d16_bram (D = $flatten\u_pe.$procmux$6136_Y, Q = \u_pe.clr_i, rval = 5'00000).
Adding EN signal on $auto$ff.cc:337:slice$8433 ($sdff) from module gated_delta_d16_bram (D = $flatten\u_pe.$procmux$6134_Y, Q = \u_pe.clr_i).
Adding SRST signal on $flatten\u_pe.$procdff$6267 ($dff) from module gated_delta_d16_bram (D = $flatten\u_pe.$procmux$6142_Y, Q = \u_pe.row, rval = 4'0000).
Adding EN signal on $auto$ff.cc:337:slice$8435 ($sdff) from module gated_delta_d16_bram (D = $flatten\u_pe.$procmux$6142_Y, Q = \u_pe.row).
Adding SRST signal on $flatten\u_pe.$procdff$6264 ($dff) from module gated_delta_d16_bram (D = $flatten\u_pe.$procmux$6204_Y, Q = \u_pe.layer_r, rval = 1'0).
Adding EN signal on $auto$ff.cc:337:slice$8443 ($sdff) from module gated_delta_d16_bram (D = 1'0, Q = \u_pe.layer_r).
Adding SRST signal on $flatten\u_pe.$procdff$6263 ($dff) from module gated_delta_d16_bram (D = $flatten\u_pe.$procmux$6215_Y, Q = \u_pe.beta_r, rval = 9'000000000).
Adding EN signal on $auto$ff.cc:337:slice$8447 ($sdff) from module gated_delta_d16_bram (D = { 1'0 \beta }, Q = \u_pe.beta_r).
Adding SRST signal on $flatten\u_pe.$procdff$6262 ($dff) from module gated_delta_d16_bram (D = $flatten\u_pe.$procmux$6226_Y, Q = \u_pe.g_r, rval = 9'000000000).
Adding EN signal on $auto$ff.cc:337:slice$8451 ($sdff) from module gated_delta_d16_bram (D = { 1'0 \g }, Q = \u_pe.g_r).
Adding SRST signal on $flatten\u_pe.$procdff$6261 ($dff) from module gated_delta_d16_bram (D = $flatten\u_pe.$procmux$3509_Y, Q = \u_pe.done, rval = 1'0).
Adding SRST signal on $flatten\u_pe.$procdff$6260 ($dff) from module gated_delta_d16_bram (D = { $flatten\u_pe.$procmux$3250_Y $flatten\u_pe.$procmux$3255_Y $flatten\u_pe.$procmux$3260_Y $flatten\u_pe.$procmux$3265_Y $flatten\u_pe.$procmux$3270_Y $flatten\u_pe.$procmux$3275_Y $flatten\u_pe.$procmux$3280_Y $flatten\u_pe.$procmux$3285_Y $flatten\u_pe.$procmux$3290_Y $flatten\u_pe.$procmux$3295_Y $flatten\u_pe.$procmux$3300_Y $flatten\u_pe.$procmux$3305_Y $flatten\u_pe.$procmux$3310_Y $flatten\u_pe.$procmux$3315_Y $flatten\u_pe.$procmux$3320_Y $flatten\u_pe.$procmux$3325_Y }, Q = \u_pe.o_flat, rval = 384'000000000000000000000000000000000000000000000000000000000000000000000000000000000000000000000000000000000000000000000000000000000000000000000000000000000000000000000000000000000000000000000000000000000000000000000000000000000000000000000000000000000000000000000000000000000000000000000000000000000000000000000000000000000000000000000000000000000000000000000000000000000000000000000000).
Adding EN signal on $auto$ff.cc:337:slice$8456 ($sdff) from module gated_delta_d16_bram (D = { \u_pe.o_r[15] \u_pe.o_r[14] \u_pe.o_r[13] \u_pe.o_r[12] \u_pe.o_r[11] \u_pe.o_r[10] \u_pe.o_r[9] \u_pe.o_r[8] \u_pe.o_r[7] \u_pe.o_r[6] \u_pe.o_r[5] \u_pe.o_r[4] \u_pe.o_r[3] \u_pe.o_r[2] \u_pe.o_r[1] \u_pe.o_r[0] }, Q = \u_pe.o_flat).
Adding SRST signal on $flatten\u_pe.$procdff$6259 ($dff) from module gated_delta_d16_bram (D = $flatten\u_pe.$procmux$3500_Y, Q = \u_pe.we, rval = 1'0).
Adding SRST signal on $flatten\u_pe.$procdff$6418 ($dff) from module gated_delta_d16_bram (D = $flatten\u_pe.$procmux$3804_Y, Q = \u_pe.wdata_c[3], rval = 16'0000000000000000).
Adding EN signal on $auto$ff.cc:337:slice$8459 ($sdff) from module gated_delta_d16_bram (D = $flatten\u_pe.$procmux$3804_Y, Q = \u_pe.wdata_c[3]).
Adding SRST signal on $flatten\u_pe.$procdff$6379 ($dff) from module gated_delta_d16_bram (D = $flatten\u_pe.$procmux$4273_Y, Q = \u_pe.v_r[12], rval = 8'00000000).
Adding EN signal on $auto$ff.cc:337:slice$8473 ($sdff) from module gated_delta_d16_bram (D = \v_flat [103:96], Q = \u_pe.v_r[12]).
Adding SRST signal on $flatten\u_pe.$procdff$6417 ($dff) from module gated_delta_d16_bram (D = $flatten\u_pe.$procmux$3827_Y, Q = \u_pe.wdata_c[2], rval = 16'0000000000000000).
Adding EN signal on $auto$ff.cc:337:slice$8477 ($sdff) from module gated_delta_d16_bram (D = $flatten\u_pe.$procmux$3827_Y, Q = \u_pe.wdata_c[2]).
Adding SRST signal on $flatten\u_pe.$procdff$6416 ($dff) from module gated_delta_d16_bram (D = $flatten\u_pe.$procmux$3850_Y, Q = \u_pe.wdata_c[1], rval = 16'0000000000000000).
Adding EN signal on $auto$ff.cc:337:slice$8491 ($sdff) from module gated_delta_d16_bram (D = $flatten\u_pe.$procmux$3850_Y, Q = \u_pe.wdata_c[1]).
Adding SRST signal on $flatten\u_pe.$procdff$6415 ($dff) from module gated_delta_d16_bram (D = $flatten\u_pe.$procmux$3873_Y, Q = \u_pe.wdata_c[0], rval = 16'0000000000000000).
Adding EN signal on $auto$ff.cc:337:slice$8505 ($sdff) from module gated_delta_d16_bram (D = $flatten\u_pe.$procmux$3873_Y, Q = \u_pe.wdata_c[0]).
Adding SRST signal on $flatten\u_pe.$procdff$6358 ($dff) from module gated_delta_d16_bram (D = $flatten\u_pe.$procmux$4504_Y, Q = \u_pe.k_r[7], rval = 8'00000000).
Adding EN signal on $auto$ff.cc:337:slice$8519 ($sdff) from module gated_delta_d16_bram (D = \k_flat [63:56], Q = \u_pe.k_r[7]).
Adding SRST signal on $flatten\u_pe.$procdff$6380 ($dff) from module gated_delta_d16_bram (D = $flatten\u_pe.$procmux$4262_Y, Q = \u_pe.v_r[13], rval = 8'00000000).
Adding EN signal on $auto$ff.cc:337:slice$8523 ($sdff) from module gated_delta_d16_bram (D = \v_flat [111:104], Q = \u_pe.v_r[13]).
Adding SRST signal on $flatten\u_pe.$procdff$6381 ($dff) from module gated_delta_d16_bram (D = $flatten\u_pe.$procmux$4251_Y, Q = \u_pe.v_r[14], rval = 8'00000000).
Adding EN signal on $auto$ff.cc:337:slice$8527 ($sdff) from module gated_delta_d16_bram (D = \v_flat [119:112], Q = \u_pe.v_r[14]).
Adding SRST signal on $flatten\u_pe.$procdff$6364 ($dff) from module gated_delta_d16_bram (D = $flatten\u_pe.$procmux$4438_Y, Q = \u_pe.k_r[13], rval = 8'00000000).
Adding EN signal on $auto$ff.cc:337:slice$8531 ($sdff) from module gated_delta_d16_bram (D = \k_flat [111:104], Q = \u_pe.k_r[13]).
Adding SRST signal on $flatten\u_pe.$procdff$6363 ($dff) from module gated_delta_d16_bram (D = $flatten\u_pe.$procmux$4449_Y, Q = \u_pe.k_r[12], rval = 8'00000000).
Adding EN signal on $auto$ff.cc:337:slice$8535 ($sdff) from module gated_delta_d16_bram (D = \k_flat [103:96], Q = \u_pe.k_r[12]).
Adding SRST signal on $flatten\u_pe.$procdff$6351 ($dff) from module gated_delta_d16_bram (D = $flatten\u_pe.$procmux$4581_Y, Q = \u_pe.k_r[0], rval = 8'00000000).
Adding EN signal on $auto$ff.cc:337:slice$8539 ($sdff) from module gated_delta_d16_bram (D = \k_flat [7:0], Q = \u_pe.k_r[0]).
Adding SRST signal on $flatten\u_pe.$procdff$6374 ($dff) from module gated_delta_d16_bram (D = $flatten\u_pe.$procmux$4328_Y, Q = \u_pe.v_r[7], rval = 8'00000000).
Adding EN signal on $auto$ff.cc:337:slice$8543 ($sdff) from module gated_delta_d16_bram (D = \v_flat [63:56], Q = \u_pe.v_r[7]).
Adding SRST signal on $flatten\u_pe.$procdff$6352 ($dff) from module gated_delta_d16_bram (D = $flatten\u_pe.$procmux$4570_Y, Q = \u_pe.k_r[1], rval = 8'00000000).
Adding EN signal on $auto$ff.cc:337:slice$8547 ($sdff) from module gated_delta_d16_bram (D = \k_flat [15:8], Q = \u_pe.k_r[1]).
Adding SRST signal on $flatten\u_pe.$procdff$6375 ($dff) from module gated_delta_d16_bram (D = $flatten\u_pe.$procmux$4317_Y, Q = \u_pe.v_r[8], rval = 8'00000000).
Adding EN signal on $auto$ff.cc:337:slice$8551 ($sdff) from module gated_delta_d16_bram (D = \v_flat [71:64], Q = \u_pe.v_r[8]).
Adding SRST signal on $flatten\u_pe.$procdff$6382 ($dff) from module gated_delta_d16_bram (D = $flatten\u_pe.$procmux$4240_Y, Q = \u_pe.v_r[15], rval = 8'00000000).
Adding EN signal on $auto$ff.cc:337:slice$8555 ($sdff) from module gated_delta_d16_bram (D = \v_flat [127:120], Q = \u_pe.v_r[15]).
Adding SRST signal on $flatten\u_pe.$procdff$6378 ($dff) from module gated_delta_d16_bram (D = $flatten\u_pe.$procmux$4284_Y, Q = \u_pe.v_r[11], rval = 8'00000000).
Adding EN signal on $auto$ff.cc:337:slice$8559 ($sdff) from module gated_delta_d16_bram (D = \v_flat [95:88], Q = \u_pe.v_r[11]).
Adding SRST signal on $flatten\u_pe.$procdff$6362 ($dff) from module gated_delta_d16_bram (D = $flatten\u_pe.$procmux$4460_Y, Q = \u_pe.k_r[11], rval = 8'00000000).
Adding EN signal on $auto$ff.cc:337:slice$8563 ($sdff) from module gated_delta_d16_bram (D = \k_flat [95:88], Q = \u_pe.k_r[11]).
Adding SRST signal on $flatten\u_pe.$procdff$6367 ($dff) from module gated_delta_d16_bram (D = $flatten\u_pe.$procmux$4405_Y, Q = \u_pe.v_r[0], rval = 8'00000000).
Adding EN signal on $auto$ff.cc:337:slice$8567 ($sdff) from module gated_delta_d16_bram (D = \v_flat [7:0], Q = \u_pe.v_r[0]).
Adding SRST signal on $flatten\u_pe.$procdff$6383 ($dff) from module gated_delta_d16_bram (D = $flatten\u_pe.$procmux$4229_Y, Q = \u_pe.s_hold[0], rval = 16'0000000000000000).
Adding EN signal on $auto$ff.cc:337:slice$8571 ($sdff) from module gated_delta_d16_bram (D = \u_pe.lanes[0].u_s.rdata, Q = \u_pe.s_hold[0]).
Adding SRST signal on $flatten\u_pe.$procdff$6353 ($dff) from module gated_delta_d16_bram (D = $flatten\u_pe.$procmux$4559_Y, Q = \u_pe.k_r[2], rval = 8'00000000).
Adding EN signal on $auto$ff.cc:337:slice$8575 ($sdff) from module gated_delta_d16_bram (D = \k_flat [23:16], Q = \u_pe.k_r[2]).
Adding SRST signal on $flatten\u_pe.$procdff$6371 ($dff) from module gated_delta_d16_bram (D = $flatten\u_pe.$procmux$4361_Y, Q = \u_pe.v_r[4], rval = 8'00000000).
Adding EN signal on $auto$ff.cc:337:slice$8579 ($sdff) from module gated_delta_d16_bram (D = \v_flat [39:32], Q = \u_pe.v_r[4]).
Adding SRST signal on $flatten\u_pe.$procdff$6359 ($dff) from module gated_delta_d16_bram (D = $flatten\u_pe.$procmux$4493_Y, Q = \u_pe.k_r[8], rval = 8'00000000).
Adding EN signal on $auto$ff.cc:337:slice$8583 ($sdff) from module gated_delta_d16_bram (D = \k_flat [71:64], Q = \u_pe.k_r[8]).
Adding SRST signal on $flatten\u_pe.$procdff$6384 ($dff) from module gated_delta_d16_bram (D = $flatten\u_pe.$procmux$4218_Y, Q = \u_pe.s_hold[1], rval = 16'0000000000000000).
Adding EN signal on $auto$ff.cc:337:slice$8587 ($sdff) from module gated_delta_d16_bram (D = \u_pe.lanes[1].u_s.rdata, Q = \u_pe.s_hold[1]).
Adding SRST signal on $flatten\u_pe.$procdff$6414 ($dff) from module gated_delta_d16_bram (D = $flatten\u_pe.$procmux$3888_Y, Q = \u_pe.prod[15], rval = 0).
Adding EN signal on $auto$ff.cc:337:slice$8591 ($sdff) from module gated_delta_d16_bram (D = $flatten\u_pe.$mul$/Users/toprakgundogdu/qwen-ffn-rom/rtl/gated_delta_bram.v:209$1912_Y, Q = \u_pe.prod[15]).
Adding SRST signal on $flatten\u_pe.$procdff$6365 ($dff) from module gated_delta_d16_bram (D = $flatten\u_pe.$procmux$4427_Y, Q = \u_pe.k_r[14], rval = 8'00000000).
Adding EN signal on $auto$ff.cc:337:slice$8595 ($sdff) from module gated_delta_d16_bram (D = \k_flat [119:112], Q = \u_pe.k_r[14]).
Adding SRST signal on $flatten\u_pe.$procdff$6413 ($dff) from module gated_delta_d16_bram (D = $flatten\u_pe.$procmux$3899_Y, Q = \u_pe.prod[14], rval = 0).
Adding EN signal on $auto$ff.cc:337:slice$8599 ($sdff) from module gated_delta_d16_bram (D = $flatten\u_pe.$mul$/Users/toprakgundogdu/qwen-ffn-rom/rtl/gated_delta_bram.v:209$1911_Y, Q = \u_pe.prod[14]).
Adding SRST signal on $flatten\u_pe.$procdff$6412 ($dff) from module gated_delta_d16_bram (D = $flatten\u_pe.$procmux$3910_Y, Q = \u_pe.prod[13], rval = 0).
Adding EN signal on $auto$ff.cc:337:slice$8603 ($sdff) from module gated_delta_d16_bram (D = $flatten\u_pe.$mul$/Users/toprakgundogdu/qwen-ffn-rom/rtl/gated_delta_bram.v:209$1910_Y, Q = \u_pe.prod[13]).
Adding SRST signal on $flatten\u_pe.$procdff$6411 ($dff) from module gated_delta_d16_bram (D = $flatten\u_pe.$procmux$3921_Y, Q = \u_pe.prod[12], rval = 0).
Adding EN signal on $auto$ff.cc:337:slice$8607 ($sdff) from module gated_delta_d16_bram (D = $flatten\u_pe.$mul$/Users/toprakgundogdu/qwen-ffn-rom/rtl/gated_delta_bram.v:209$1909_Y, Q = \u_pe.prod[12]).
Adding SRST signal on $flatten\u_pe.$procdff$6410 ($dff) from module gated_delta_d16_bram (D = $flatten\u_pe.$procmux$3932_Y, Q = \u_pe.prod[11], rval = 0).
Adding EN signal on $auto$ff.cc:337:slice$8611 ($sdff) from module gated_delta_d16_bram (D = $flatten\u_pe.$mul$/Users/toprakgundogdu/qwen-ffn-rom/rtl/gated_delta_bram.v:209$1908_Y, Q = \u_pe.prod[11]).
Adding SRST signal on $flatten\u_pe.$procdff$6409 ($dff) from module gated_delta_d16_bram (D = $flatten\u_pe.$procmux$3943_Y, Q = \u_pe.prod[10], rval = 0).
Adding EN signal on $auto$ff.cc:337:slice$8615 ($sdff) from module gated_delta_d16_bram (D = $flatten\u_pe.$mul$/Users/toprakgundogdu/qwen-ffn-rom/rtl/gated_delta_bram.v:209$1907_Y, Q = \u_pe.prod[10]).
Adding SRST signal on $flatten\u_pe.$procdff$6408 ($dff) from module gated_delta_d16_bram (D = $flatten\u_pe.$procmux$3954_Y, Q = \u_pe.prod[9], rval = 0).
Adding EN signal on $auto$ff.cc:337:slice$8619 ($sdff) from module gated_delta_d16_bram (D = $flatten\u_pe.$mul$/Users/toprakgundogdu/qwen-ffn-rom/rtl/gated_delta_bram.v:209$1906_Y, Q = \u_pe.prod[9]).
Adding SRST signal on $flatten\u_pe.$procdff$6407 ($dff) from module gated_delta_d16_bram (D = $flatten\u_pe.$procmux$3965_Y, Q = \u_pe.prod[8], rval = 0).
Adding EN signal on $auto$ff.cc:337:slice$8623 ($sdff) from module gated_delta_d16_bram (D = $flatten\u_pe.$mul$/Users/toprakgundogdu/qwen-ffn-rom/rtl/gated_delta_bram.v:209$1905_Y, Q = \u_pe.prod[8]).
Adding SRST signal on $flatten\u_pe.$procdff$6406 ($dff) from module gated_delta_d16_bram (D = $flatten\u_pe.$procmux$3976_Y, Q = \u_pe.prod[7], rval = 0).
Adding EN signal on $auto$ff.cc:337:slice$8627 ($sdff) from module gated_delta_d16_bram (D = $flatten\u_pe.$mul$/Users/toprakgundogdu/qwen-ffn-rom/rtl/gated_delta_bram.v:209$1904_Y, Q = \u_pe.prod[7]).
Adding SRST signal on $flatten\u_pe.$procdff$6405 ($dff) from module gated_delta_d16_bram (D = $flatten\u_pe.$procmux$3987_Y, Q = \u_pe.prod[6], rval = 0).
Adding EN signal on $auto$ff.cc:337:slice$8631 ($sdff) from module gated_delta_d16_bram (D = $flatten\u_pe.$mul$/Users/toprakgundogdu/qwen-ffn-rom/rtl/gated_delta_bram.v:209$1903_Y, Q = \u_pe.prod[6]).
Adding SRST signal on $flatten\u_pe.$procdff$6404 ($dff) from module gated_delta_d16_bram (D = $flatten\u_pe.$procmux$3998_Y, Q = \u_pe.prod[5], rval = 0).
Adding EN signal on $auto$ff.cc:337:slice$8635 ($sdff) from module gated_delta_d16_bram (D = $flatten\u_pe.$mul$/Users/toprakgundogdu/qwen-ffn-rom/rtl/gated_delta_bram.v:209$1902_Y, Q = \u_pe.prod[5]).
Adding SRST signal on $flatten\u_pe.$procdff$6354 ($dff) from module gated_delta_d16_bram (D = $flatten\u_pe.$procmux$4548_Y, Q = \u_pe.k_r[3], rval = 8'00000000).
Adding EN signal on $auto$ff.cc:337:slice$8639 ($sdff) from module gated_delta_d16_bram (D = \k_flat [31:24], Q = \u_pe.k_r[3]).
Adding SRST signal on $flatten\u_pe.$procdff$6403 ($dff) from module gated_delta_d16_bram (D = $flatten\u_pe.$procmux$4009_Y, Q = \u_pe.prod[4], rval = 0).
Adding EN signal on $auto$ff.cc:337:slice$8643 ($sdff) from module gated_delta_d16_bram (D = $flatten\u_pe.$mul$/Users/toprakgundogdu/qwen-ffn-rom/rtl/gated_delta_bram.v:209$1901_Y, Q = \u_pe.prod[4]).
Adding SRST signal on $flatten\u_pe.$procdff$6402 ($dff) from module gated_delta_d16_bram (D = $flatten\u_pe.$procmux$4020_Y, Q = \u_pe.prod[3], rval = 0).
Adding EN signal on $auto$ff.cc:337:slice$8647 ($sdff) from module gated_delta_d16_bram (D = $flatten\u_pe.$mul$/Users/toprakgundogdu/qwen-ffn-rom/rtl/gated_delta_bram.v:209$1900_Y, Q = \u_pe.prod[3]).
Adding SRST signal on $flatten\u_pe.$procdff$6401 ($dff) from module gated_delta_d16_bram (D = $flatten\u_pe.$procmux$4031_Y, Q = \u_pe.prod[2], rval = 0).
Adding EN signal on $auto$ff.cc:337:slice$8651 ($sdff) from module gated_delta_d16_bram (D = $flatten\u_pe.$mul$/Users/toprakgundogdu/qwen-ffn-rom/rtl/gated_delta_bram.v:209$1899_Y, Q = \u_pe.prod[2]).
Adding SRST signal on $flatten\u_pe.$procdff$6400 ($dff) from module gated_delta_d16_bram (D = $flatten\u_pe.$procmux$4042_Y, Q = \u_pe.prod[1], rval = 0).
Adding EN signal on $auto$ff.cc:337:slice$8655 ($sdff) from module gated_delta_d16_bram (D = $flatten\u_pe.$mul$/Users/toprakgundogdu/qwen-ffn-rom/rtl/gated_delta_bram.v:209$1898_Y, Q = \u_pe.prod[1]).
Adding SRST signal on $flatten\u_pe.$procdff$6399 ($dff) from module gated_delta_d16_bram (D = $flatten\u_pe.$procmux$4053_Y, Q = \u_pe.prod[0], rval = 0).
Adding EN signal on $auto$ff.cc:337:slice$8659 ($sdff) from module gated_delta_d16_bram (D = $flatten\u_pe.$mul$/Users/toprakgundogdu/qwen-ffn-rom/rtl/gated_delta_bram.v:209$1897_Y, Q = \u_pe.prod[0]).
Adding SRST signal on $flatten\u_pe.$procdff$6398 ($dff) from module gated_delta_d16_bram (D = $flatten\u_pe.$procmux$4064_Y, Q = \u_pe.s_hold[15], rval = 16'0000000000000000).
Adding EN signal on $auto$ff.cc:337:slice$8663 ($sdff) from module gated_delta_d16_bram (D = \u_pe.lanes[15].u_s.rdata, Q = \u_pe.s_hold[15]).
Adding SRST signal on $flatten\u_pe.$procdff$6397 ($dff) from module gated_delta_d16_bram (D = $flatten\u_pe.$procmux$4075_Y, Q = \u_pe.s_hold[14], rval = 16'0000000000000000).
Adding EN signal on $auto$ff.cc:337:slice$8667 ($sdff) from module gated_delta_d16_bram (D = \u_pe.lanes[14].u_s.rdata, Q = \u_pe.s_hold[14]).
Adding SRST signal on $flatten\u_pe.$procdff$6396 ($dff) from module gated_delta_d16_bram (D = $flatten\u_pe.$procmux$4086_Y, Q = \u_pe.s_hold[13], rval = 16'0000000000000000).
Adding EN signal on $auto$ff.cc:337:slice$8671 ($sdff) from module gated_delta_d16_bram (D = \u_pe.lanes[13].u_s.rdata, Q = \u_pe.s_hold[13]).
Adding SRST signal on $flatten\u_pe.$procdff$6395 ($dff) from module gated_delta_d16_bram (D = $flatten\u_pe.$procmux$4097_Y, Q = \u_pe.s_hold[12], rval = 16'0000000000000000).
Adding EN signal on $auto$ff.cc:337:slice$8675 ($sdff) from module gated_delta_d16_bram (D = \u_pe.lanes[12].u_s.rdata, Q = \u_pe.s_hold[12]).
Adding SRST signal on $flatten\u_pe.$procdff$6394 ($dff) from module gated_delta_d16_bram (D = $flatten\u_pe.$procmux$4108_Y, Q = \u_pe.s_hold[11], rval = 16'0000000000000000).
Adding EN signal on $auto$ff.cc:337:slice$8679 ($sdff) from module gated_delta_d16_bram (D = \u_pe.lanes[11].u_s.rdata, Q = \u_pe.s_hold[11]).
Adding SRST signal on $flatten\u_pe.$procdff$6376 ($dff) from module gated_delta_d16_bram (D = $flatten\u_pe.$procmux$4306_Y, Q = \u_pe.v_r[9], rval = 8'00000000).
Adding EN signal on $auto$ff.cc:337:slice$8683 ($sdff) from module gated_delta_d16_bram (D = \v_flat [79:72], Q = \u_pe.v_r[9]).
Adding SRST signal on $flatten\u_pe.$procdff$6393 ($dff) from module gated_delta_d16_bram (D = $flatten\u_pe.$procmux$4119_Y, Q = \u_pe.s_hold[10], rval = 16'0000000000000000).
Adding EN signal on $auto$ff.cc:337:slice$8687 ($sdff) from module gated_delta_d16_bram (D = \u_pe.lanes[10].u_s.rdata, Q = \u_pe.s_hold[10]).
Adding SRST signal on $flatten\u_pe.$procdff$6392 ($dff) from module gated_delta_d16_bram (D = $flatten\u_pe.$procmux$4130_Y, Q = \u_pe.s_hold[9], rval = 16'0000000000000000).
Adding EN signal on $auto$ff.cc:337:slice$8691 ($sdff) from module gated_delta_d16_bram (D = \u_pe.lanes[9].u_s.rdata, Q = \u_pe.s_hold[9]).
Adding SRST signal on $flatten\u_pe.$procdff$6391 ($dff) from module gated_delta_d16_bram (D = $flatten\u_pe.$procmux$4141_Y, Q = \u_pe.s_hold[8], rval = 16'0000000000000000).
Adding EN signal on $auto$ff.cc:337:slice$8695 ($sdff) from module gated_delta_d16_bram (D = \u_pe.lanes[8].u_s.rdata, Q = \u_pe.s_hold[8]).
Adding SRST signal on $flatten\u_pe.$procdff$6390 ($dff) from module gated_delta_d16_bram (D = $flatten\u_pe.$procmux$4152_Y, Q = \u_pe.s_hold[7], rval = 16'0000000000000000).
Adding EN signal on $auto$ff.cc:337:slice$8699 ($sdff) from module gated_delta_d16_bram (D = \u_pe.lanes[7].u_s.rdata, Q = \u_pe.s_hold[7]).
Adding SRST signal on $flatten\u_pe.$procdff$6389 ($dff) from module gated_delta_d16_bram (D = $flatten\u_pe.$procmux$4163_Y, Q = \u_pe.s_hold[6], rval = 16'0000000000000000).
Adding EN signal on $auto$ff.cc:337:slice$8703 ($sdff) from module gated_delta_d16_bram (D = \u_pe.lanes[6].u_s.rdata, Q = \u_pe.s_hold[6]).
Adding SRST signal on $flatten\u_pe.$procdff$6385 ($dff) from module gated_delta_d16_bram (D = $flatten\u_pe.$procmux$4207_Y, Q = \u_pe.s_hold[2], rval = 16'0000000000000000).
Adding EN signal on $auto$ff.cc:337:slice$8707 ($sdff) from module gated_delta_d16_bram (D = \u_pe.lanes[2].u_s.rdata, Q = \u_pe.s_hold[2]).
Adding SRST signal on $flatten\u_pe.$procdff$6355 ($dff) from module gated_delta_d16_bram (D = $flatten\u_pe.$procmux$4537_Y, Q = \u_pe.k_r[4], rval = 8'00000000).
Adding EN signal on $auto$ff.cc:337:slice$8711 ($sdff) from module gated_delta_d16_bram (D = \k_flat [39:32], Q = \u_pe.k_r[4]).
Adding SRST signal on $flatten\u_pe.$procdff$6386 ($dff) from module gated_delta_d16_bram (D = $flatten\u_pe.$procmux$4196_Y, Q = \u_pe.s_hold[3], rval = 16'0000000000000000).
Adding EN signal on $auto$ff.cc:337:slice$8715 ($sdff) from module gated_delta_d16_bram (D = \u_pe.lanes[3].u_s.rdata, Q = \u_pe.s_hold[3]).
Adding SRST signal on $flatten\u_pe.$procdff$6377 ($dff) from module gated_delta_d16_bram (D = $flatten\u_pe.$procmux$4295_Y, Q = \u_pe.v_r[10], rval = 8'00000000).
Adding EN signal on $auto$ff.cc:337:slice$8719 ($sdff) from module gated_delta_d16_bram (D = \v_flat [87:80], Q = \u_pe.v_r[10]).
Adding SRST signal on $flatten\u_pe.$procdff$6366 ($dff) from module gated_delta_d16_bram (D = $flatten\u_pe.$procmux$4416_Y, Q = \u_pe.k_r[15], rval = 8'00000000).
Adding EN signal on $auto$ff.cc:337:slice$8723 ($sdff) from module gated_delta_d16_bram (D = \k_flat [127:120], Q = \u_pe.k_r[15]).
Adding SRST signal on $flatten\u_pe.$procdff$6356 ($dff) from module gated_delta_d16_bram (D = $flatten\u_pe.$procmux$4526_Y, Q = \u_pe.k_r[5], rval = 8'00000000).
Adding EN signal on $auto$ff.cc:337:slice$8727 ($sdff) from module gated_delta_d16_bram (D = \k_flat [47:40], Q = \u_pe.k_r[5]).
Adding SRST signal on $flatten\u_pe.$procdff$6357 ($dff) from module gated_delta_d16_bram (D = $flatten\u_pe.$procmux$4515_Y, Q = \u_pe.k_r[6], rval = 8'00000000).
Adding EN signal on $auto$ff.cc:337:slice$8731 ($sdff) from module gated_delta_d16_bram (D = \k_flat [55:48], Q = \u_pe.k_r[6]).
Adding SRST signal on $flatten\u_pe.$procdff$6372 ($dff) from module gated_delta_d16_bram (D = $flatten\u_pe.$procmux$4350_Y, Q = \u_pe.v_r[5], rval = 8'00000000).
Adding EN signal on $auto$ff.cc:337:slice$8735 ($sdff) from module gated_delta_d16_bram (D = \v_flat [47:40], Q = \u_pe.v_r[5]).
Adding SRST signal on $flatten\u_pe.$procdff$6387 ($dff) from module gated_delta_d16_bram (D = $flatten\u_pe.$procmux$4185_Y, Q = \u_pe.s_hold[4], rval = 16'0000000000000000).
Adding EN signal on $auto$ff.cc:337:slice$8739 ($sdff) from module gated_delta_d16_bram (D = \u_pe.lanes[4].u_s.rdata, Q = \u_pe.s_hold[4]).
Adding SRST signal on $flatten\u_pe.$procdff$6388 ($dff) from module gated_delta_d16_bram (D = $flatten\u_pe.$procmux$4174_Y, Q = \u_pe.s_hold[5], rval = 16'0000000000000000).
Adding EN signal on $auto$ff.cc:337:slice$8743 ($sdff) from module gated_delta_d16_bram (D = \u_pe.lanes[5].u_s.rdata, Q = \u_pe.s_hold[5]).
Setting constant 0-bit at position 8 on $auto$ff.cc:337:slice$8452 ($sdffe) from module gated_delta_d16_bram.
Setting constant 0-bit at position 8 on $auto$ff.cc:337:slice$8448 ($sdffe) from module gated_delta_d16_bram.
Setting constant 0-bit at position 0 on $auto$ff.cc:337:slice$8444 ($sdffe) from module gated_delta_d16_bram.

9.12.7. Executing OPT_CLEAN pass (remove unused cells and wires).
Finding unused cells or wires in module \gated_delta_d16_bram..
Removed 640 unused cells and 657 unused wires.
<suppressed ~641 debug messages>

9.12.8. Executing OPT_EXPR pass (perform const folding).
Optimizing module gated_delta_d16_bram.
<suppressed ~19 debug messages>

9.12.9. Rerunning OPT passes. (Maybe there is more to do..)

9.12.10. Executing OPT_MUXTREE pass (detect dead branches in mux trees).
Running muxtree optimizer on module \gated_delta_d16_bram..
  Creating internal representation of mux trees.
  Evaluating internal representation of mux trees.
  Analyzing evaluation results.
Removed 0 multiplexer ports.
<suppressed ~575 debug messages>

9.12.11. Executing OPT_REDUCE pass (consolidate $*mux and $reduce_* inputs).
  Optimizing cells in module \gated_delta_d16_bram.
Performed a total of 0 changes.

9.12.12. Executing OPT_MERGE pass (detect identical cells).
Finding identical cells in module `\gated_delta_d16_bram'.
Computing hashes of 1374 cells of `\gated_delta_d16_bram'.
Finding duplicate cells in `\gated_delta_d16_bram'.
Computing hashes of 1075 cells of `\gated_delta_d16_bram'.
Finding duplicate cells in `\gated_delta_d16_bram'.
Computing hashes of 1014 cells of `\gated_delta_d16_bram'.
Finding duplicate cells in `\gated_delta_d16_bram'.
<suppressed ~1080 debug messages>
Removed a total of 360 cells.

9.12.13. Executing OPT_DFF pass (perform DFF optimizations).

9.12.14. Executing OPT_CLEAN pass (remove unused cells and wires).
Finding unused cells or wires in module \gated_delta_d16_bram..
Removed 0 unused cells and 361 unused wires.
<suppressed ~2 debug messages>

9.12.15. Executing OPT_EXPR pass (perform const folding).
Optimizing module gated_delta_d16_bram.

9.12.16. Rerunning OPT passes. (Maybe there is more to do..)

9.12.17. Executing OPT_MUXTREE pass (detect dead branches in mux trees).
Running muxtree optimizer on module \gated_delta_d16_bram..
  Creating internal representation of mux trees.
  Evaluating internal representation of mux trees.
  Analyzing evaluation results.
Removed 0 multiplexer ports.
<suppressed ~577 debug messages>

9.12.18. Executing OPT_REDUCE pass (consolidate $*mux and $reduce_* inputs).
  Optimizing cells in module \gated_delta_d16_bram.
Performed a total of 0 changes.

9.12.19. Executing OPT_MERGE pass (detect identical cells).
Finding identical cells in module `\gated_delta_d16_bram'.
Computing hashes of 1013 cells of `\gated_delta_d16_bram'.
Finding duplicate cells in `\gated_delta_d16_bram'.
Removed a total of 0 cells.

9.12.20. Executing OPT_DFF pass (perform DFF optimizations).

9.12.21. Executing OPT_CLEAN pass (remove unused cells and wires).
Finding unused cells or wires in module \gated_delta_d16_bram..

9.12.22. Executing OPT_EXPR pass (perform const folding).
Optimizing module gated_delta_d16_bram.

9.12.23. Finished fast OPT passes. (There is nothing left to do.)

9.13. Executing WREDUCE pass (reducing word size of cells).
Removed top 28 address bits (of 32) from memory init port gated_delta_d16_bram.$flatten\u_pe.\lanes[0].u_s.$meminit$\mem$/Users/toprakgundogdu/qwen-ffn-rom/rtl/delta_s_col_ram.v:24$937 (u_pe.lanes[0].u_s.mem).
Removed top 28 address bits (of 32) from memory init port gated_delta_d16_bram.$flatten\u_pe.\lanes[0].u_s.$meminit$\mem$/Users/toprakgundogdu/qwen-ffn-rom/rtl/delta_s_col_ram.v:24$936 (u_pe.lanes[0].u_s.mem).
Removed top 28 address bits (of 32) from memory init port gated_delta_d16_bram.$flatten\u_pe.\lanes[0].u_s.$meminit$\mem$/Users/toprakgundogdu/qwen-ffn-rom/rtl/delta_s_col_ram.v:24$935 (u_pe.lanes[0].u_s.mem).
Removed top 28 address bits (of 32) from memory init port gated_delta_d16_bram.$flatten\u_pe.\lanes[0].u_s.$meminit$\mem$/Users/toprakgundogdu/qwen-ffn-rom/rtl/delta_s_col_ram.v:24$934 (u_pe.lanes[0].u_s.mem).
Removed top 28 address bits (of 32) from memory init port gated_delta_d16_bram.$flatten\u_pe.\lanes[0].u_s.$meminit$\mem$/Users/toprakgundogdu/qwen-ffn-rom/rtl/delta_s_col_ram.v:24$933 (u_pe.lanes[0].u_s.mem).
Removed top 28 address bits (of 32) from memory init port gated_delta_d16_bram.$flatten\u_pe.\lanes[0].u_s.$meminit$\mem$/Users/toprakgundogdu/qwen-ffn-rom/rtl/delta_s_col_ram.v:24$932 (u_pe.lanes[0].u_s.mem).
Removed top 28 address bits (of 32) from memory init port gated_delta_d16_bram.$flatten\u_pe.\lanes[0].u_s.$meminit$\mem$/Users/toprakgundogdu/qwen-ffn-rom/rtl/delta_s_col_ram.v:24$931 (u_pe.lanes[0].u_s.mem).
Removed top 28 address bits (of 32) from memory init port gated_delta_d16_bram.$flatten\u_pe.\lanes[0].u_s.$meminit$\mem$/Users/toprakgundogdu/qwen-ffn-rom/rtl/delta_s_col_ram.v:24$930 (u_pe.lanes[0].u_s.mem).
Removed top 28 address bits (of 32) from memory init port gated_delta_d16_bram.$flatten\u_pe.\lanes[0].u_s.$meminit$\mem$/Users/toprakgundogdu/qwen-ffn-rom/rtl/delta_s_col_ram.v:24$929 (u_pe.lanes[0].u_s.mem).
Removed top 28 address bits (of 32) from memory init port gated_delta_d16_bram.$flatten\u_pe.\lanes[0].u_s.$meminit$\mem$/Users/toprakgundogdu/qwen-ffn-rom/rtl/delta_s_col_ram.v:24$928 (u_pe.lanes[0].u_s.mem).
Removed top 28 address bits (of 32) from memory init port gated_delta_d16_bram.$flatten\u_pe.\lanes[0].u_s.$meminit$\mem$/Users/toprakgundogdu/qwen-ffn-rom/rtl/delta_s_col_ram.v:24$927 (u_pe.lanes[0].u_s.mem).
Removed top 28 address bits (of 32) from memory init port gated_delta_d16_bram.$flatten\u_pe.\lanes[0].u_s.$meminit$\mem$/Users/toprakgundogdu/qwen-ffn-rom/rtl/delta_s_col_ram.v:24$926 (u_pe.lanes[0].u_s.mem).
Removed top 28 address bits (of 32) from memory init port gated_delta_d16_bram.$flatten\u_pe.\lanes[0].u_s.$meminit$\mem$/Users/toprakgundogdu/qwen-ffn-rom/rtl/delta_s_col_ram.v:24$925 (u_pe.lanes[0].u_s.mem).
Removed top 28 address bits (of 32) from memory init port gated_delta_d16_bram.$flatten\u_pe.\lanes[0].u_s.$meminit$\mem$/Users/toprakgundogdu/qwen-ffn-rom/rtl/delta_s_col_ram.v:24$924 (u_pe.lanes[0].u_s.mem).
Removed top 28 address bits (of 32) from memory init port gated_delta_d16_bram.$flatten\u_pe.\lanes[0].u_s.$meminit$\mem$/Users/toprakgundogdu/qwen-ffn-rom/rtl/delta_s_col_ram.v:24$923 (u_pe.lanes[0].u_s.mem).
Removed top 28 address bits (of 32) from memory init port gated_delta_d16_bram.$flatten\u_pe.\lanes[0].u_s.$meminit$\mem$/Users/toprakgundogdu/qwen-ffn-rom/rtl/delta_s_col_ram.v:24$922 (u_pe.lanes[0].u_s.mem).
Removed top 28 address bits (of 32) from memory init port gated_delta_d16_bram.$flatten\u_pe.\lanes[1].u_s.$meminit$\mem$/Users/toprakgundogdu/qwen-ffn-rom/rtl/delta_s_col_ram.v:24$937 (u_pe.lanes[1].u_s.mem).
Removed top 28 address bits (of 32) from memory init port gated_delta_d16_bram.$flatten\u_pe.\lanes[1].u_s.$meminit$\mem$/Users/toprakgundogdu/qwen-ffn-rom/rtl/delta_s_col_ram.v:24$936 (u_pe.lanes[1].u_s.mem).
Removed top 28 address bits (of 32) from memory init port gated_delta_d16_bram.$flatten\u_pe.\lanes[1].u_s.$meminit$\mem$/Users/toprakgundogdu/qwen-ffn-rom/rtl/delta_s_col_ram.v:24$935 (u_pe.lanes[1].u_s.mem).
Removed top 28 address bits (of 32) from memory init port gated_delta_d16_bram.$flatten\u_pe.\lanes[1].u_s.$meminit$\mem$/Users/toprakgundogdu/qwen-ffn-rom/rtl/delta_s_col_ram.v:24$934 (u_pe.lanes[1].u_s.mem).
Removed top 28 address bits (of 32) from memory init port gated_delta_d16_bram.$flatten\u_pe.\lanes[1].u_s.$meminit$\mem$/Users/toprakgundogdu/qwen-ffn-rom/rtl/delta_s_col_ram.v:24$933 (u_pe.lanes[1].u_s.mem).
Removed top 28 address bits (of 32) from memory init port gated_delta_d16_bram.$flatten\u_pe.\lanes[1].u_s.$meminit$\mem$/Users/toprakgundogdu/qwen-ffn-rom/rtl/delta_s_col_ram.v:24$932 (u_pe.lanes[1].u_s.mem).
Removed top 28 address bits (of 32) from memory init port gated_delta_d16_bram.$flatten\u_pe.\lanes[1].u_s.$meminit$\mem$/Users/toprakgundogdu/qwen-ffn-rom/rtl/delta_s_col_ram.v:24$931 (u_pe.lanes[1].u_s.mem).
Removed top 28 address bits (of 32) from memory init port gated_delta_d16_bram.$flatten\u_pe.\lanes[1].u_s.$meminit$\mem$/Users/toprakgundogdu/qwen-ffn-rom/rtl/delta_s_col_ram.v:24$930 (u_pe.lanes[1].u_s.mem).
Removed top 28 address bits (of 32) from memory init port gated_delta_d16_bram.$flatten\u_pe.\lanes[1].u_s.$meminit$\mem$/Users/toprakgundogdu/qwen-ffn-rom/rtl/delta_s_col_ram.v:24$929 (u_pe.lanes[1].u_s.mem).
Removed top 28 address bits (of 32) from memory init port gated_delta_d16_bram.$flatten\u_pe.\lanes[1].u_s.$meminit$\mem$/Users/toprakgundogdu/qwen-ffn-rom/rtl/delta_s_col_ram.v:24$928 (u_pe.lanes[1].u_s.mem).
Removed top 28 address bits (of 32) from memory init port gated_delta_d16_bram.$flatten\u_pe.\lanes[1].u_s.$meminit$\mem$/Users/toprakgundogdu/qwen-ffn-rom/rtl/delta_s_col_ram.v:24$927 (u_pe.lanes[1].u_s.mem).
Removed top 28 address bits (of 32) from memory init port gated_delta_d16_bram.$flatten\u_pe.\lanes[1].u_s.$meminit$\mem$/Users/toprakgundogdu/qwen-ffn-rom/rtl/delta_s_col_ram.v:24$926 (u_pe.lanes[1].u_s.mem).
Removed top 28 address bits (of 32) from memory init port gated_delta_d16_bram.$flatten\u_pe.\lanes[1].u_s.$meminit$\mem$/Users/toprakgundogdu/qwen-ffn-rom/rtl/delta_s_col_ram.v:24$925 (u_pe.lanes[1].u_s.mem).
Removed top 28 address bits (of 32) from memory init port gated_delta_d16_bram.$flatten\u_pe.\lanes[1].u_s.$meminit$\mem$/Users/toprakgundogdu/qwen-ffn-rom/rtl/delta_s_col_ram.v:24$924 (u_pe.lanes[1].u_s.mem).
Removed top 28 address bits (of 32) from memory init port gated_delta_d16_bram.$flatten\u_pe.\lanes[1].u_s.$meminit$\mem$/Users/toprakgundogdu/qwen-ffn-rom/rtl/delta_s_col_ram.v:24$923 (u_pe.lanes[1].u_s.mem).
Removed top 28 address bits (of 32) from memory init port gated_delta_d16_bram.$flatten\u_pe.\lanes[1].u_s.$meminit$\mem$/Users/toprakgundogdu/qwen-ffn-rom/rtl/delta_s_col_ram.v:24$922 (u_pe.lanes[1].u_s.mem).
Removed top 28 address bits (of 32) from memory init port gated_delta_d16_bram.$flatten\u_pe.\lanes[2].u_s.$meminit$\mem$/Users/toprakgundogdu/qwen-ffn-rom/rtl/delta_s_col_ram.v:24$937 (u_pe.lanes[2].u_s.mem).
Removed top 28 address bits (of 32) from memory init port gated_delta_d16_bram.$flatten\u_pe.\lanes[2].u_s.$meminit$\mem$/Users/toprakgundogdu/qwen-ffn-rom/rtl/delta_s_col_ram.v:24$936 (u_pe.lanes[2].u_s.mem).
Removed top 28 address bits (of 32) from memory init port gated_delta_d16_bram.$flatten\u_pe.\lanes[2].u_s.$meminit$\mem$/Users/toprakgundogdu/qwen-ffn-rom/rtl/delta_s_col_ram.v:24$935 (u_pe.lanes[2].u_s.mem).
Removed top 28 address bits (of 32) from memory init port gated_delta_d16_bram.$flatten\u_pe.\lanes[2].u_s.$meminit$\mem$/Users/toprakgundogdu/qwen-ffn-rom/rtl/delta_s_col_ram.v:24$934 (u_pe.lanes[2].u_s.mem).
Removed top 28 address bits (of 32) from memory init port gated_delta_d16_bram.$flatten\u_pe.\lanes[2].u_s.$meminit$\mem$/Users/toprakgundogdu/qwen-ffn-rom/rtl/delta_s_col_ram.v:24$933 (u_pe.lanes[2].u_s.mem).
Removed top 28 address bits (of 32) from memory init port gated_delta_d16_bram.$flatten\u_pe.\lanes[2].u_s.$meminit$\mem$/Users/toprakgundogdu/qwen-ffn-rom/rtl/delta_s_col_ram.v:24$932 (u_pe.lanes[2].u_s.mem).
Removed top 28 address bits (of 32) from memory init port gated_delta_d16_bram.$flatten\u_pe.\lanes[2].u_s.$meminit$\mem$/Users/toprakgundogdu/qwen-ffn-rom/rtl/delta_s_col_ram.v:24$931 (u_pe.lanes[2].u_s.mem).
Removed top 28 address bits (of 32) from memory init port gated_delta_d16_bram.$flatten\u_pe.\lanes[2].u_s.$meminit$\mem$/Users/toprakgundogdu/qwen-ffn-rom/rtl/delta_s_col_ram.v:24$930 (u_pe.lanes[2].u_s.mem).
Removed top 28 address bits (of 32) from memory init port gated_delta_d16_bram.$flatten\u_pe.\lanes[2].u_s.$meminit$\mem$/Users/toprakgundogdu/qwen-ffn-rom/rtl/delta_s_col_ram.v:24$929 (u_pe.lanes[2].u_s.mem).
Removed top 28 address bits (of 32) from memory init port gated_delta_d16_bram.$flatten\u_pe.\lanes[2].u_s.$meminit$\mem$/Users/toprakgundogdu/qwen-ffn-rom/rtl/delta_s_col_ram.v:24$928 (u_pe.lanes[2].u_s.mem).
Removed top 28 address bits (of 32) from memory init port gated_delta_d16_bram.$flatten\u_pe.\lanes[2].u_s.$meminit$\mem$/Users/toprakgundogdu/qwen-ffn-rom/rtl/delta_s_col_ram.v:24$927 (u_pe.lanes[2].u_s.mem).
Removed top 28 address bits (of 32) from memory init port gated_delta_d16_bram.$flatten\u_pe.\lanes[2].u_s.$meminit$\mem$/Users/toprakgundogdu/qwen-ffn-rom/rtl/delta_s_col_ram.v:24$926 (u_pe.lanes[2].u_s.mem).
Removed top 28 address bits (of 32) from memory init port gated_delta_d16_bram.$flatten\u_pe.\lanes[2].u_s.$meminit$\mem$/Users/toprakgundogdu/qwen-ffn-rom/rtl/delta_s_col_ram.v:24$925 (u_pe.lanes[2].u_s.mem).
Removed top 28 address bits (of 32) from memory init port gated_delta_d16_bram.$flatten\u_pe.\lanes[2].u_s.$meminit$\mem$/Users/toprakgundogdu/qwen-ffn-rom/rtl/delta_s_col_ram.v:24$924 (u_pe.lanes[2].u_s.mem).
Removed top 28 address bits (of 32) from memory init port gated_delta_d16_bram.$flatten\u_pe.\lanes[2].u_s.$meminit$\mem$/Users/toprakgundogdu/qwen-ffn-rom/rtl/delta_s_col_ram.v:24$923 (u_pe.lanes[2].u_s.mem).
Removed top 28 address bits (of 32) from memory init port gated_delta_d16_bram.$flatten\u_pe.\lanes[2].u_s.$meminit$\mem$/Users/toprakgundogdu/qwen-ffn-rom/rtl/delta_s_col_ram.v:24$922 (u_pe.lanes[2].u_s.mem).
Removed top 28 address bits (of 32) from memory init port gated_delta_d16_bram.$flatten\u_pe.\lanes[3].u_s.$meminit$\mem$/Users/toprakgundogdu/qwen-ffn-rom/rtl/delta_s_col_ram.v:24$937 (u_pe.lanes[3].u_s.mem).
Removed top 28 address bits (of 32) from memory init port gated_delta_d16_bram.$flatten\u_pe.\lanes[3].u_s.$meminit$\mem$/Users/toprakgundogdu/qwen-ffn-rom/rtl/delta_s_col_ram.v:24$936 (u_pe.lanes[3].u_s.mem).
Removed top 28 address bits (of 32) from memory init port gated_delta_d16_bram.$flatten\u_pe.\lanes[3].u_s.$meminit$\mem$/Users/toprakgundogdu/qwen-ffn-rom/rtl/delta_s_col_ram.v:24$935 (u_pe.lanes[3].u_s.mem).
Removed top 28 address bits (of 32) from memory init port gated_delta_d16_bram.$flatten\u_pe.\lanes[3].u_s.$meminit$\mem$/Users/toprakgundogdu/qwen-ffn-rom/rtl/delta_s_col_ram.v:24$934 (u_pe.lanes[3].u_s.mem).
Removed top 28 address bits (of 32) from memory init port gated_delta_d16_bram.$flatten\u_pe.\lanes[3].u_s.$meminit$\mem$/Users/toprakgundogdu/qwen-ffn-rom/rtl/delta_s_col_ram.v:24$933 (u_pe.lanes[3].u_s.mem).
Removed top 28 address bits (of 32) from memory init port gated_delta_d16_bram.$flatten\u_pe.\lanes[3].u_s.$meminit$\mem$/Users/toprakgundogdu/qwen-ffn-rom/rtl/delta_s_col_ram.v:24$932 (u_pe.lanes[3].u_s.mem).
Removed top 28 address bits (of 32) from memory init port gated_delta_d16_bram.$flatten\u_pe.\lanes[3].u_s.$meminit$\mem$/Users/toprakgundogdu/qwen-ffn-rom/rtl/delta_s_col_ram.v:24$931 (u_pe.lanes[3].u_s.mem).
Removed top 28 address bits (of 32) from memory init port gated_delta_d16_bram.$flatten\u_pe.\lanes[3].u_s.$meminit$\mem$/Users/toprakgundogdu/qwen-ffn-rom/rtl/delta_s_col_ram.v:24$930 (u_pe.lanes[3].u_s.mem).
Removed top 28 address bits (of 32) from memory init port gated_delta_d16_bram.$flatten\u_pe.\lanes[3].u_s.$meminit$\mem$/Users/toprakgundogdu/qwen-ffn-rom/rtl/delta_s_col_ram.v:24$929 (u_pe.lanes[3].u_s.mem).
Removed top 28 address bits (of 32) from memory init port gated_delta_d16_bram.$flatten\u_pe.\lanes[3].u_s.$meminit$\mem$/Users/toprakgundogdu/qwen-ffn-rom/rtl/delta_s_col_ram.v:24$928 (u_pe.lanes[3].u_s.mem).
Removed top 28 address bits (of 32) from memory init port gated_delta_d16_bram.$flatten\u_pe.\lanes[3].u_s.$meminit$\mem$/Users/toprakgundogdu/qwen-ffn-rom/rtl/delta_s_col_ram.v:24$927 (u_pe.lanes[3].u_s.mem).
Removed top 28 address bits (of 32) from memory init port gated_delta_d16_bram.$flatten\u_pe.\lanes[3].u_s.$meminit$\mem$/Users/toprakgundogdu/qwen-ffn-rom/rtl/delta_s_col_ram.v:24$926 (u_pe.lanes[3].u_s.mem).
Removed top 28 address bits (of 32) from memory init port gated_delta_d16_bram.$flatten\u_pe.\lanes[3].u_s.$meminit$\mem$/Users/toprakgundogdu/qwen-ffn-rom/rtl/delta_s_col_ram.v:24$925 (u_pe.lanes[3].u_s.mem).
Removed top 28 address bits (of 32) from memory init port gated_delta_d16_bram.$flatten\u_pe.\lanes[3].u_s.$meminit$\mem$/Users/toprakgundogdu/qwen-ffn-rom/rtl/delta_s_col_ram.v:24$924 (u_pe.lanes[3].u_s.mem).
Removed top 28 address bits (of 32) from memory init port gated_delta_d16_bram.$flatten\u_pe.\lanes[3].u_s.$meminit$\mem$/Users/toprakgundogdu/qwen-ffn-rom/rtl/delta_s_col_ram.v:24$923 (u_pe.lanes[3].u_s.mem).
Removed top 28 address bits (of 32) from memory init port gated_delta_d16_bram.$flatten\u_pe.\lanes[3].u_s.$meminit$\mem$/Users/toprakgundogdu/qwen-ffn-rom/rtl/delta_s_col_ram.v:24$922 (u_pe.lanes[3].u_s.mem).
Removed top 28 address bits (of 32) from memory init port gated_delta_d16_bram.$flatten\u_pe.\lanes[4].u_s.$meminit$\mem$/Users/toprakgundogdu/qwen-ffn-rom/rtl/delta_s_col_ram.v:24$937 (u_pe.lanes[4].u_s.mem).
Removed top 28 address bits (of 32) from memory init port gated_delta_d16_bram.$flatten\u_pe.\lanes[4].u_s.$meminit$\mem$/Users/toprakgundogdu/qwen-ffn-rom/rtl/delta_s_col_ram.v:24$936 (u_pe.lanes[4].u_s.mem).
Removed top 28 address bits (of 32) from memory init port gated_delta_d16_bram.$flatten\u_pe.\lanes[4].u_s.$meminit$\mem$/Users/toprakgundogdu/qwen-ffn-rom/rtl/delta_s_col_ram.v:24$935 (u_pe.lanes[4].u_s.mem).
Removed top 28 address bits (of 32) from memory init port gated_delta_d16_bram.$flatten\u_pe.\lanes[4].u_s.$meminit$\mem$/Users/toprakgundogdu/qwen-ffn-rom/rtl/delta_s_col_ram.v:24$934 (u_pe.lanes[4].u_s.mem).
Removed top 28 address bits (of 32) from memory init port gated_delta_d16_bram.$flatten\u_pe.\lanes[4].u_s.$meminit$\mem$/Users/toprakgundogdu/qwen-ffn-rom/rtl/delta_s_col_ram.v:24$933 (u_pe.lanes[4].u_s.mem).
Removed top 28 address bits (of 32) from memory init port gated_delta_d16_bram.$flatten\u_pe.\lanes[4].u_s.$meminit$\mem$/Users/toprakgundogdu/qwen-ffn-rom/rtl/delta_s_col_ram.v:24$932 (u_pe.lanes[4].u_s.mem).
Removed top 28 address bits (of 32) from memory init port gated_delta_d16_bram.$flatten\u_pe.\lanes[4].u_s.$meminit$\mem$/Users/toprakgundogdu/qwen-ffn-rom/rtl/delta_s_col_ram.v:24$931 (u_pe.lanes[4].u_s.mem).
Removed top 28 address bits (of 32) from memory init port gated_delta_d16_bram.$flatten\u_pe.\lanes[4].u_s.$meminit$\mem$/Users/toprakgundogdu/qwen-ffn-rom/rtl/delta_s_col_ram.v:24$930 (u_pe.lanes[4].u_s.mem).
Removed top 28 address bits (of 32) from memory init port gated_delta_d16_bram.$flatten\u_pe.\lanes[4].u_s.$meminit$\mem$/Users/toprakgundogdu/qwen-ffn-rom/rtl/delta_s_col_ram.v:24$929 (u_pe.lanes[4].u_s.mem).
Removed top 28 address bits (of 32) from memory init port gated_delta_d16_bram.$flatten\u_pe.\lanes[4].u_s.$meminit$\mem$/Users/toprakgundogdu/qwen-ffn-rom/rtl/delta_s_col_ram.v:24$928 (u_pe.lanes[4].u_s.mem).
Removed top 28 address bits (of 32) from memory init port gated_delta_d16_bram.$flatten\u_pe.\lanes[4].u_s.$meminit$\mem$/Users/toprakgundogdu/qwen-ffn-rom/rtl/delta_s_col_ram.v:24$927 (u_pe.lanes[4].u_s.mem).
Removed top 28 address bits (of 32) from memory init port gated_delta_d16_bram.$flatten\u_pe.\lanes[4].u_s.$meminit$\mem$/Users/toprakgundogdu/qwen-ffn-rom/rtl/delta_s_col_ram.v:24$926 (u_pe.lanes[4].u_s.mem).
Removed top 28 address bits (of 32) from memory init port gated_delta_d16_bram.$flatten\u_pe.\lanes[4].u_s.$meminit$\mem$/Users/toprakgundogdu/qwen-ffn-rom/rtl/delta_s_col_ram.v:24$925 (u_pe.lanes[4].u_s.mem).
Removed top 28 address bits (of 32) from memory init port gated_delta_d16_bram.$flatten\u_pe.\lanes[4].u_s.$meminit$\mem$/Users/toprakgundogdu/qwen-ffn-rom/rtl/delta_s_col_ram.v:24$924 (u_pe.lanes[4].u_s.mem).
Removed top 28 address bits (of 32) from memory init port gated_delta_d16_bram.$flatten\u_pe.\lanes[4].u_s.$meminit$\mem$/Users/toprakgundogdu/qwen-ffn-rom/rtl/delta_s_col_ram.v:24$923 (u_pe.lanes[4].u_s.mem).
Removed top 28 address bits (of 32) from memory init port gated_delta_d16_bram.$flatten\u_pe.\lanes[4].u_s.$meminit$\mem$/Users/toprakgundogdu/qwen-ffn-rom/rtl/delta_s_col_ram.v:24$922 (u_pe.lanes[4].u_s.mem).
Removed top 28 address bits (of 32) from memory init port gated_delta_d16_bram.$flatten\u_pe.\lanes[5].u_s.$meminit$\mem$/Users/toprakgundogdu/qwen-ffn-rom/rtl/delta_s_col_ram.v:24$937 (u_pe.lanes[5].u_s.mem).
Removed top 28 address bits (of 32) from memory init port gated_delta_d16_bram.$flatten\u_pe.\lanes[5].u_s.$meminit$\mem$/Users/toprakgundogdu/qwen-ffn-rom/rtl/delta_s_col_ram.v:24$936 (u_pe.lanes[5].u_s.mem).
Removed top 28 address bits (of 32) from memory init port gated_delta_d16_bram.$flatten\u_pe.\lanes[5].u_s.$meminit$\mem$/Users/toprakgundogdu/qwen-ffn-rom/rtl/delta_s_col_ram.v:24$935 (u_pe.lanes[5].u_s.mem).
Removed top 28 address bits (of 32) from memory init port gated_delta_d16_bram.$flatten\u_pe.\lanes[5].u_s.$meminit$\mem$/Users/toprakgundogdu/qwen-ffn-rom/rtl/delta_s_col_ram.v:24$934 (u_pe.lanes[5].u_s.mem).
Removed top 28 address bits (of 32) from memory init port gated_delta_d16_bram.$flatten\u_pe.\lanes[5].u_s.$meminit$\mem$/Users/toprakgundogdu/qwen-ffn-rom/rtl/delta_s_col_ram.v:24$933 (u_pe.lanes[5].u_s.mem).
Removed top 28 address bits (of 32) from memory init port gated_delta_d16_bram.$flatten\u_pe.\lanes[5].u_s.$meminit$\mem$/Users/toprakgundogdu/qwen-ffn-rom/rtl/delta_s_col_ram.v:24$932 (u_pe.lanes[5].u_s.mem).
Removed top 28 address bits (of 32) from memory init port gated_delta_d16_bram.$flatten\u_pe.\lanes[5].u_s.$meminit$\mem$/Users/toprakgundogdu/qwen-ffn-rom/rtl/delta_s_col_ram.v:24$931 (u_pe.lanes[5].u_s.mem).
Removed top 28 address bits (of 32) from memory init port gated_delta_d16_bram.$flatten\u_pe.\lanes[5].u_s.$meminit$\mem$/Users/toprakgundogdu/qwen-ffn-rom/rtl/delta_s_col_ram.v:24$930 (u_pe.lanes[5].u_s.mem).
Removed top 28 address bits (of 32) from memory init port gated_delta_d16_bram.$flatten\u_pe.\lanes[5].u_s.$meminit$\mem$/Users/toprakgundogdu/qwen-ffn-rom/rtl/delta_s_col_ram.v:24$929 (u_pe.lanes[5].u_s.mem).
Removed top 28 address bits (of 32) from memory init port gated_delta_d16_bram.$flatten\u_pe.\lanes[5].u_s.$meminit$\mem$/Users/toprakgundogdu/qwen-ffn-rom/rtl/delta_s_col_ram.v:24$928 (u_pe.lanes[5].u_s.mem).
Removed top 28 address bits (of 32) from memory init port gated_delta_d16_bram.$flatten\u_pe.\lanes[5].u_s.$meminit$\mem$/Users/toprakgundogdu/qwen-ffn-rom/rtl/delta_s_col_ram.v:24$927 (u_pe.lanes[5].u_s.mem).
Removed top 28 address bits (of 32) from memory init port gated_delta_d16_bram.$flatten\u_pe.\lanes[5].u_s.$meminit$\mem$/Users/toprakgundogdu/qwen-ffn-rom/rtl/delta_s_col_ram.v:24$926 (u_pe.lanes[5].u_s.mem).
Removed top 28 address bits (of 32) from memory init port gated_delta_d16_bram.$flatten\u_pe.\lanes[5].u_s.$meminit$\mem$/Users/toprakgundogdu/qwen-ffn-rom/rtl/delta_s_col_ram.v:24$925 (u_pe.lanes[5].u_s.mem).
Removed top 28 address bits (of 32) from memory init port gated_delta_d16_bram.$flatten\u_pe.\lanes[5].u_s.$meminit$\mem$/Users/toprakgundogdu/qwen-ffn-rom/rtl/delta_s_col_ram.v:24$924 (u_pe.lanes[5].u_s.mem).
Removed top 28 address bits (of 32) from memory init port gated_delta_d16_bram.$flatten\u_pe.\lanes[5].u_s.$meminit$\mem$/Users/toprakgundogdu/qwen-ffn-rom/rtl/delta_s_col_ram.v:24$923 (u_pe.lanes[5].u_s.mem).
Removed top 28 address bits (of 32) from memory init port gated_delta_d16_bram.$flatten\u_pe.\lanes[5].u_s.$meminit$\mem$/Users/toprakgundogdu/qwen-ffn-rom/rtl/delta_s_col_ram.v:24$922 (u_pe.lanes[5].u_s.mem).
Removed top 28 address bits (of 32) from memory init port gated_delta_d16_bram.$flatten\u_pe.\lanes[6].u_s.$meminit$\mem$/Users/toprakgundogdu/qwen-ffn-rom/rtl/delta_s_col_ram.v:24$937 (u_pe.lanes[6].u_s.mem).
Removed top 28 address bits (of 32) from memory init port gated_delta_d16_bram.$flatten\u_pe.\lanes[6].u_s.$meminit$\mem$/Users/toprakgundogdu/qwen-ffn-rom/rtl/delta_s_col_ram.v:24$936 (u_pe.lanes[6].u_s.mem).
Removed top 28 address bits (of 32) from memory init port gated_delta_d16_bram.$flatten\u_pe.\lanes[6].u_s.$meminit$\mem$/Users/toprakgundogdu/qwen-ffn-rom/rtl/delta_s_col_ram.v:24$935 (u_pe.lanes[6].u_s.mem).
Removed top 28 address bits (of 32) from memory init port gated_delta_d16_bram.$flatten\u_pe.\lanes[6].u_s.$meminit$\mem$/Users/toprakgundogdu/qwen-ffn-rom/rtl/delta_s_col_ram.v:24$934 (u_pe.lanes[6].u_s.mem).
Removed top 28 address bits (of 32) from memory init port gated_delta_d16_bram.$flatten\u_pe.\lanes[6].u_s.$meminit$\mem$/Users/toprakgundogdu/qwen-ffn-rom/rtl/delta_s_col_ram.v:24$933 (u_pe.lanes[6].u_s.mem).
Removed top 28 address bits (of 32) from memory init port gated_delta_d16_bram.$flatten\u_pe.\lanes[6].u_s.$meminit$\mem$/Users/toprakgundogdu/qwen-ffn-rom/rtl/delta_s_col_ram.v:24$932 (u_pe.lanes[6].u_s.mem).
Removed top 28 address bits (of 32) from memory init port gated_delta_d16_bram.$flatten\u_pe.\lanes[6].u_s.$meminit$\mem$/Users/toprakgundogdu/qwen-ffn-rom/rtl/delta_s_col_ram.v:24$931 (u_pe.lanes[6].u_s.mem).
Removed top 28 address bits (of 32) from memory init port gated_delta_d16_bram.$flatten\u_pe.\lanes[6].u_s.$meminit$\mem$/Users/toprakgundogdu/qwen-ffn-rom/rtl/delta_s_col_ram.v:24$930 (u_pe.lanes[6].u_s.mem).
Removed top 28 address bits (of 32) from memory init port gated_delta_d16_bram.$flatten\u_pe.\lanes[6].u_s.$meminit$\mem$/Users/toprakgundogdu/qwen-ffn-rom/rtl/delta_s_col_ram.v:24$929 (u_pe.lanes[6].u_s.mem).
Removed top 28 address bits (of 32) from memory init port gated_delta_d16_bram.$flatten\u_pe.\lanes[6].u_s.$meminit$\mem$/Users/toprakgundogdu/qwen-ffn-rom/rtl/delta_s_col_ram.v:24$928 (u_pe.lanes[6].u_s.mem).
Removed top 28 address bits (of 32) from memory init port gated_delta_d16_bram.$flatten\u_pe.\lanes[6].u_s.$meminit$\mem$/Users/toprakgundogdu/qwen-ffn-rom/rtl/delta_s_col_ram.v:24$927 (u_pe.lanes[6].u_s.mem).
Removed top 28 address bits (of 32) from memory init port gated_delta_d16_bram.$flatten\u_pe.\lanes[6].u_s.$meminit$\mem$/Users/toprakgundogdu/qwen-ffn-rom/rtl/delta_s_col_ram.v:24$926 (u_pe.lanes[6].u_s.mem).
Removed top 28 address bits (of 32) from memory init port gated_delta_d16_bram.$flatten\u_pe.\lanes[6].u_s.$meminit$\mem$/Users/toprakgundogdu/qwen-ffn-rom/rtl/delta_s_col_ram.v:24$925 (u_pe.lanes[6].u_s.mem).
Removed top 28 address bits (of 32) from memory init port gated_delta_d16_bram.$flatten\u_pe.\lanes[6].u_s.$meminit$\mem$/Users/toprakgundogdu/qwen-ffn-rom/rtl/delta_s_col_ram.v:24$924 (u_pe.lanes[6].u_s.mem).
Removed top 28 address bits (of 32) from memory init port gated_delta_d16_bram.$flatten\u_pe.\lanes[6].u_s.$meminit$\mem$/Users/toprakgundogdu/qwen-ffn-rom/rtl/delta_s_col_ram.v:24$923 (u_pe.lanes[6].u_s.mem).
Removed top 28 address bits (of 32) from memory init port gated_delta_d16_bram.$flatten\u_pe.\lanes[6].u_s.$meminit$\mem$/Users/toprakgundogdu/qwen-ffn-rom/rtl/delta_s_col_ram.v:24$922 (u_pe.lanes[6].u_s.mem).
Removed top 28 address bits (of 32) from memory init port gated_delta_d16_bram.$flatten\u_pe.\lanes[7].u_s.$meminit$\mem$/Users/toprakgundogdu/qwen-ffn-rom/rtl/delta_s_col_ram.v:24$937 (u_pe.lanes[7].u_s.mem).
Removed top 28 address bits (of 32) from memory init port gated_delta_d16_bram.$flatten\u_pe.\lanes[7].u_s.$meminit$\mem$/Users/toprakgundogdu/qwen-ffn-rom/rtl/delta_s_col_ram.v:24$936 (u_pe.lanes[7].u_s.mem).
Removed top 28 address bits (of 32) from memory init port gated_delta_d16_bram.$flatten\u_pe.\lanes[7].u_s.$meminit$\mem$/Users/toprakgundogdu/qwen-ffn-rom/rtl/delta_s_col_ram.v:24$935 (u_pe.lanes[7].u_s.mem).
Removed top 28 address bits (of 32) from memory init port gated_delta_d16_bram.$flatten\u_pe.\lanes[7].u_s.$meminit$\mem$/Users/toprakgundogdu/qwen-ffn-rom/rtl/delta_s_col_ram.v:24$934 (u_pe.lanes[7].u_s.mem).
Removed top 28 address bits (of 32) from memory init port gated_delta_d16_bram.$flatten\u_pe.\lanes[7].u_s.$meminit$\mem$/Users/toprakgundogdu/qwen-ffn-rom/rtl/delta_s_col_ram.v:24$933 (u_pe.lanes[7].u_s.mem).
Removed top 28 address bits (of 32) from memory init port gated_delta_d16_bram.$flatten\u_pe.\lanes[7].u_s.$meminit$\mem$/Users/toprakgundogdu/qwen-ffn-rom/rtl/delta_s_col_ram.v:24$932 (u_pe.lanes[7].u_s.mem).
Removed top 28 address bits (of 32) from memory init port gated_delta_d16_bram.$flatten\u_pe.\lanes[7].u_s.$meminit$\mem$/Users/toprakgundogdu/qwen-ffn-rom/rtl/delta_s_col_ram.v:24$931 (u_pe.lanes[7].u_s.mem).
Removed top 28 address bits (of 32) from memory init port gated_delta_d16_bram.$flatten\u_pe.\lanes[7].u_s.$meminit$\mem$/Users/toprakgundogdu/qwen-ffn-rom/rtl/delta_s_col_ram.v:24$930 (u_pe.lanes[7].u_s.mem).
Removed top 28 address bits (of 32) from memory init port gated_delta_d16_bram.$flatten\u_pe.\lanes[7].u_s.$meminit$\mem$/Users/toprakgundogdu/qwen-ffn-rom/rtl/delta_s_col_ram.v:24$929 (u_pe.lanes[7].u_s.mem).
Removed top 28 address bits (of 32) from memory init port gated_delta_d16_bram.$flatten\u_pe.\lanes[7].u_s.$meminit$\mem$/Users/toprakgundogdu/qwen-ffn-rom/rtl/delta_s_col_ram.v:24$928 (u_pe.lanes[7].u_s.mem).
Removed top 28 address bits (of 32) from memory init port gated_delta_d16_bram.$flatten\u_pe.\lanes[7].u_s.$meminit$\mem$/Users/toprakgundogdu/qwen-ffn-rom/rtl/delta_s_col_ram.v:24$927 (u_pe.lanes[7].u_s.mem).
Removed top 28 address bits (of 32) from memory init port gated_delta_d16_bram.$flatten\u_pe.\lanes[7].u_s.$meminit$\mem$/Users/toprakgundogdu/qwen-ffn-rom/rtl/delta_s_col_ram.v:24$926 (u_pe.lanes[7].u_s.mem).
Removed top 28 address bits (of 32) from memory init port gated_delta_d16_bram.$flatten\u_pe.\lanes[7].u_s.$meminit$\mem$/Users/toprakgundogdu/qwen-ffn-rom/rtl/delta_s_col_ram.v:24$925 (u_pe.lanes[7].u_s.mem).
Removed top 28 address bits (of 32) from memory init port gated_delta_d16_bram.$flatten\u_pe.\lanes[7].u_s.$meminit$\mem$/Users/toprakgundogdu/qwen-ffn-rom/rtl/delta_s_col_ram.v:24$924 (u_pe.lanes[7].u_s.mem).
Removed top 28 address bits (of 32) from memory init port gated_delta_d16_bram.$flatten\u_pe.\lanes[7].u_s.$meminit$\mem$/Users/toprakgundogdu/qwen-ffn-rom/rtl/delta_s_col_ram.v:24$923 (u_pe.lanes[7].u_s.mem).
Removed top 28 address bits (of 32) from memory init port gated_delta_d16_bram.$flatten\u_pe.\lanes[7].u_s.$meminit$\mem$/Users/toprakgundogdu/qwen-ffn-rom/rtl/delta_s_col_ram.v:24$922 (u_pe.lanes[7].u_s.mem).
Removed top 28 address bits (of 32) from memory init port gated_delta_d16_bram.$flatten\u_pe.\lanes[8].u_s.$meminit$\mem$/Users/toprakgundogdu/qwen-ffn-rom/rtl/delta_s_col_ram.v:24$937 (u_pe.lanes[8].u_s.mem).
Removed top 28 address bits (of 32) from memory init port gated_delta_d16_bram.$flatten\u_pe.\lanes[8].u_s.$meminit$\mem$/Users/toprakgundogdu/qwen-ffn-rom/rtl/delta_s_col_ram.v:24$936 (u_pe.lanes[8].u_s.mem).
Removed top 28 address bits (of 32) from memory init port gated_delta_d16_bram.$flatten\u_pe.\lanes[8].u_s.$meminit$\mem$/Users/toprakgundogdu/qwen-ffn-rom/rtl/delta_s_col_ram.v:24$935 (u_pe.lanes[8].u_s.mem).
Removed top 28 address bits (of 32) from memory init port gated_delta_d16_bram.$flatten\u_pe.\lanes[8].u_s.$meminit$\mem$/Users/toprakgundogdu/qwen-ffn-rom/rtl/delta_s_col_ram.v:24$934 (u_pe.lanes[8].u_s.mem).
Removed top 28 address bits (of 32) from memory init port gated_delta_d16_bram.$flatten\u_pe.\lanes[8].u_s.$meminit$\mem$/Users/toprakgundogdu/qwen-ffn-rom/rtl/delta_s_col_ram.v:24$933 (u_pe.lanes[8].u_s.mem).
Removed top 28 address bits (of 32) from memory init port gated_delta_d16_bram.$flatten\u_pe.\lanes[8].u_s.$meminit$\mem$/Users/toprakgundogdu/qwen-ffn-rom/rtl/delta_s_col_ram.v:24$932 (u_pe.lanes[8].u_s.mem).
Removed top 28 address bits (of 32) from memory init port gated_delta_d16_bram.$flatten\u_pe.\lanes[8].u_s.$meminit$\mem$/Users/toprakgundogdu/qwen-ffn-rom/rtl/delta_s_col_ram.v:24$931 (u_pe.lanes[8].u_s.mem).
Removed top 28 address bits (of 32) from memory init port gated_delta_d16_bram.$flatten\u_pe.\lanes[8].u_s.$meminit$\mem$/Users/toprakgundogdu/qwen-ffn-rom/rtl/delta_s_col_ram.v:24$930 (u_pe.lanes[8].u_s.mem).
Removed top 28 address bits (of 32) from memory init port gated_delta_d16_bram.$flatten\u_pe.\lanes[8].u_s.$meminit$\mem$/Users/toprakgundogdu/qwen-ffn-rom/rtl/delta_s_col_ram.v:24$929 (u_pe.lanes[8].u_s.mem).
Removed top 28 address bits (of 32) from memory init port gated_delta_d16_bram.$flatten\u_pe.\lanes[8].u_s.$meminit$\mem$/Users/toprakgundogdu/qwen-ffn-rom/rtl/delta_s_col_ram.v:24$928 (u_pe.lanes[8].u_s.mem).
Removed top 28 address bits (of 32) from memory init port gated_delta_d16_bram.$flatten\u_pe.\lanes[8].u_s.$meminit$\mem$/Users/toprakgundogdu/qwen-ffn-rom/rtl/delta_s_col_ram.v:24$927 (u_pe.lanes[8].u_s.mem).
Removed top 28 address bits (of 32) from memory init port gated_delta_d16_bram.$flatten\u_pe.\lanes[8].u_s.$meminit$\mem$/Users/toprakgundogdu/qwen-ffn-rom/rtl/delta_s_col_ram.v:24$926 (u_pe.lanes[8].u_s.mem).
Removed top 28 address bits (of 32) from memory init port gated_delta_d16_bram.$flatten\u_pe.\lanes[8].u_s.$meminit$\mem$/Users/toprakgundogdu/qwen-ffn-rom/rtl/delta_s_col_ram.v:24$925 (u_pe.lanes[8].u_s.mem).
Removed top 28 address bits (of 32) from memory init port gated_delta_d16_bram.$flatten\u_pe.\lanes[8].u_s.$meminit$\mem$/Users/toprakgundogdu/qwen-ffn-rom/rtl/delta_s_col_ram.v:24$924 (u_pe.lanes[8].u_s.mem).
Removed top 28 address bits (of 32) from memory init port gated_delta_d16_bram.$flatten\u_pe.\lanes[8].u_s.$meminit$\mem$/Users/toprakgundogdu/qwen-ffn-rom/rtl/delta_s_col_ram.v:24$923 (u_pe.lanes[8].u_s.mem).
Removed top 28 address bits (of 32) from memory init port gated_delta_d16_bram.$flatten\u_pe.\lanes[8].u_s.$meminit$\mem$/Users/toprakgundogdu/qwen-ffn-rom/rtl/delta_s_col_ram.v:24$922 (u_pe.lanes[8].u_s.mem).
Removed top 28 address bits (of 32) from memory init port gated_delta_d16_bram.$flatten\u_pe.\lanes[9].u_s.$meminit$\mem$/Users/toprakgundogdu/qwen-ffn-rom/rtl/delta_s_col_ram.v:24$937 (u_pe.lanes[9].u_s.mem).
Removed top 28 address bits (of 32) from memory init port gated_delta_d16_bram.$flatten\u_pe.\lanes[9].u_s.$meminit$\mem$/Users/toprakgundogdu/qwen-ffn-rom/rtl/delta_s_col_ram.v:24$936 (u_pe.lanes[9].u_s.mem).
Removed top 28 address bits (of 32) from memory init port gated_delta_d16_bram.$flatten\u_pe.\lanes[9].u_s.$meminit$\mem$/Users/toprakgundogdu/qwen-ffn-rom/rtl/delta_s_col_ram.v:24$935 (u_pe.lanes[9].u_s.mem).
Removed top 28 address bits (of 32) from memory init port gated_delta_d16_bram.$flatten\u_pe.\lanes[9].u_s.$meminit$\mem$/Users/toprakgundogdu/qwen-ffn-rom/rtl/delta_s_col_ram.v:24$934 (u_pe.lanes[9].u_s.mem).
Removed top 28 address bits (of 32) from memory init port gated_delta_d16_bram.$flatten\u_pe.\lanes[9].u_s.$meminit$\mem$/Users/toprakgundogdu/qwen-ffn-rom/rtl/delta_s_col_ram.v:24$933 (u_pe.lanes[9].u_s.mem).
Removed top 28 address bits (of 32) from memory init port gated_delta_d16_bram.$flatten\u_pe.\lanes[9].u_s.$meminit$\mem$/Users/toprakgundogdu/qwen-ffn-rom/rtl/delta_s_col_ram.v:24$932 (u_pe.lanes[9].u_s.mem).
Removed top 28 address bits (of 32) from memory init port gated_delta_d16_bram.$flatten\u_pe.\lanes[9].u_s.$meminit$\mem$/Users/toprakgundogdu/qwen-ffn-rom/rtl/delta_s_col_ram.v:24$931 (u_pe.lanes[9].u_s.mem).
Removed top 28 address bits (of 32) from memory init port gated_delta_d16_bram.$flatten\u_pe.\lanes[9].u_s.$meminit$\mem$/Users/toprakgundogdu/qwen-ffn-rom/rtl/delta_s_col_ram.v:24$930 (u_pe.lanes[9].u_s.mem).
Removed top 28 address bits (of 32) from memory init port gated_delta_d16_bram.$flatten\u_pe.\lanes[9].u_s.$meminit$\mem$/Users/toprakgundogdu/qwen-ffn-rom/rtl/delta_s_col_ram.v:24$929 (u_pe.lanes[9].u_s.mem).
Removed top 28 address bits (of 32) from memory init port gated_delta_d16_bram.$flatten\u_pe.\lanes[9].u_s.$meminit$\mem$/Users/toprakgundogdu/qwen-ffn-rom/rtl/delta_s_col_ram.v:24$928 (u_pe.lanes[9].u_s.mem).
Removed top 28 address bits (of 32) from memory init port gated_delta_d16_bram.$flatten\u_pe.\lanes[9].u_s.$meminit$\mem$/Users/toprakgundogdu/qwen-ffn-rom/rtl/delta_s_col_ram.v:24$927 (u_pe.lanes[9].u_s.mem).
Removed top 28 address bits (of 32) from memory init port gated_delta_d16_bram.$flatten\u_pe.\lanes[9].u_s.$meminit$\mem$/Users/toprakgundogdu/qwen-ffn-rom/rtl/delta_s_col_ram.v:24$926 (u_pe.lanes[9].u_s.mem).
Removed top 28 address bits (of 32) from memory init port gated_delta_d16_bram.$flatten\u_pe.\lanes[9].u_s.$meminit$\mem$/Users/toprakgundogdu/qwen-ffn-rom/rtl/delta_s_col_ram.v:24$925 (u_pe.lanes[9].u_s.mem).
Removed top 28 address bits (of 32) from memory init port gated_delta_d16_bram.$flatten\u_pe.\lanes[9].u_s.$meminit$\mem$/Users/toprakgundogdu/qwen-ffn-rom/rtl/delta_s_col_ram.v:24$924 (u_pe.lanes[9].u_s.mem).
Removed top 28 address bits (of 32) from memory init port gated_delta_d16_bram.$flatten\u_pe.\lanes[9].u_s.$meminit$\mem$/Users/toprakgundogdu/qwen-ffn-rom/rtl/delta_s_col_ram.v:24$923 (u_pe.lanes[9].u_s.mem).
Removed top 28 address bits (of 32) from memory init port gated_delta_d16_bram.$flatten\u_pe.\lanes[9].u_s.$meminit$\mem$/Users/toprakgundogdu/qwen-ffn-rom/rtl/delta_s_col_ram.v:24$922 (u_pe.lanes[9].u_s.mem).
Removed top 28 address bits (of 32) from memory init port gated_delta_d16_bram.$flatten\u_pe.\lanes[10].u_s.$meminit$\mem$/Users/toprakgundogdu/qwen-ffn-rom/rtl/delta_s_col_ram.v:24$937 (u_pe.lanes[10].u_s.mem).
Removed top 28 address bits (of 32) from memory init port gated_delta_d16_bram.$flatten\u_pe.\lanes[10].u_s.$meminit$\mem$/Users/toprakgundogdu/qwen-ffn-rom/rtl/delta_s_col_ram.v:24$936 (u_pe.lanes[10].u_s.mem).
Removed top 28 address bits (of 32) from memory init port gated_delta_d16_bram.$flatten\u_pe.\lanes[10].u_s.$meminit$\mem$/Users/toprakgundogdu/qwen-ffn-rom/rtl/delta_s_col_ram.v:24$935 (u_pe.lanes[10].u_s.mem).
Removed top 28 address bits (of 32) from memory init port gated_delta_d16_bram.$flatten\u_pe.\lanes[10].u_s.$meminit$\mem$/Users/toprakgundogdu/qwen-ffn-rom/rtl/delta_s_col_ram.v:24$934 (u_pe.lanes[10].u_s.mem).
Removed top 28 address bits (of 32) from memory init port gated_delta_d16_bram.$flatten\u_pe.\lanes[10].u_s.$meminit$\mem$/Users/toprakgundogdu/qwen-ffn-rom/rtl/delta_s_col_ram.v:24$933 (u_pe.lanes[10].u_s.mem).
Removed top 28 address bits (of 32) from memory init port gated_delta_d16_bram.$flatten\u_pe.\lanes[10].u_s.$meminit$\mem$/Users/toprakgundogdu/qwen-ffn-rom/rtl/delta_s_col_ram.v:24$932 (u_pe.lanes[10].u_s.mem).
Removed top 28 address bits (of 32) from memory init port gated_delta_d16_bram.$flatten\u_pe.\lanes[10].u_s.$meminit$\mem$/Users/toprakgundogdu/qwen-ffn-rom/rtl/delta_s_col_ram.v:24$931 (u_pe.lanes[10].u_s.mem).
Removed top 28 address bits (of 32) from memory init port gated_delta_d16_bram.$flatten\u_pe.\lanes[10].u_s.$meminit$\mem$/Users/toprakgundogdu/qwen-ffn-rom/rtl/delta_s_col_ram.v:24$930 (u_pe.lanes[10].u_s.mem).
Removed top 28 address bits (of 32) from memory init port gated_delta_d16_bram.$flatten\u_pe.\lanes[10].u_s.$meminit$\mem$/Users/toprakgundogdu/qwen-ffn-rom/rtl/delta_s_col_ram.v:24$929 (u_pe.lanes[10].u_s.mem).
Removed top 28 address bits (of 32) from memory init port gated_delta_d16_bram.$flatten\u_pe.\lanes[10].u_s.$meminit$\mem$/Users/toprakgundogdu/qwen-ffn-rom/rtl/delta_s_col_ram.v:24$928 (u_pe.lanes[10].u_s.mem).
Removed top 28 address bits (of 32) from memory init port gated_delta_d16_bram.$flatten\u_pe.\lanes[10].u_s.$meminit$\mem$/Users/toprakgundogdu/qwen-ffn-rom/rtl/delta_s_col_ram.v:24$927 (u_pe.lanes[10].u_s.mem).
Removed top 28 address bits (of 32) from memory init port gated_delta_d16_bram.$flatten\u_pe.\lanes[10].u_s.$meminit$\mem$/Users/toprakgundogdu/qwen-ffn-rom/rtl/delta_s_col_ram.v:24$926 (u_pe.lanes[10].u_s.mem).
Removed top 28 address bits (of 32) from memory init port gated_delta_d16_bram.$flatten\u_pe.\lanes[10].u_s.$meminit$\mem$/Users/toprakgundogdu/qwen-ffn-rom/rtl/delta_s_col_ram.v:24$925 (u_pe.lanes[10].u_s.mem).
Removed top 28 address bits (of 32) from memory init port gated_delta_d16_bram.$flatten\u_pe.\lanes[10].u_s.$meminit$\mem$/Users/toprakgundogdu/qwen-ffn-rom/rtl/delta_s_col_ram.v:24$924 (u_pe.lanes[10].u_s.mem).
Removed top 28 address bits (of 32) from memory init port gated_delta_d16_bram.$flatten\u_pe.\lanes[10].u_s.$meminit$\mem$/Users/toprakgundogdu/qwen-ffn-rom/rtl/delta_s_col_ram.v:24$923 (u_pe.lanes[10].u_s.mem).
Removed top 28 address bits (of 32) from memory init port gated_delta_d16_bram.$flatten\u_pe.\lanes[10].u_s.$meminit$\mem$/Users/toprakgundogdu/qwen-ffn-rom/rtl/delta_s_col_ram.v:24$922 (u_pe.lanes[10].u_s.mem).
Removed top 28 address bits (of 32) from memory init port gated_delta_d16_bram.$flatten\u_pe.\lanes[11].u_s.$meminit$\mem$/Users/toprakgundogdu/qwen-ffn-rom/rtl/delta_s_col_ram.v:24$937 (u_pe.lanes[11].u_s.mem).
Removed top 28 address bits (of 32) from memory init port gated_delta_d16_bram.$flatten\u_pe.\lanes[11].u_s.$meminit$\mem$/Users/toprakgundogdu/qwen-ffn-rom/rtl/delta_s_col_ram.v:24$936 (u_pe.lanes[11].u_s.mem).
Removed top 28 address bits (of 32) from memory init port gated_delta_d16_bram.$flatten\u_pe.\lanes[11].u_s.$meminit$\mem$/Users/toprakgundogdu/qwen-ffn-rom/rtl/delta_s_col_ram.v:24$935 (u_pe.lanes[11].u_s.mem).
Removed top 28 address bits (of 32) from memory init port gated_delta_d16_bram.$flatten\u_pe.\lanes[11].u_s.$meminit$\mem$/Users/toprakgundogdu/qwen-ffn-rom/rtl/delta_s_col_ram.v:24$934 (u_pe.lanes[11].u_s.mem).
Removed top 28 address bits (of 32) from memory init port gated_delta_d16_bram.$flatten\u_pe.\lanes[11].u_s.$meminit$\mem$/Users/toprakgundogdu/qwen-ffn-rom/rtl/delta_s_col_ram.v:24$933 (u_pe.lanes[11].u_s.mem).
Removed top 28 address bits (of 32) from memory init port gated_delta_d16_bram.$flatten\u_pe.\lanes[11].u_s.$meminit$\mem$/Users/toprakgundogdu/qwen-ffn-rom/rtl/delta_s_col_ram.v:24$932 (u_pe.lanes[11].u_s.mem).
Removed top 28 address bits (of 32) from memory init port gated_delta_d16_bram.$flatten\u_pe.\lanes[11].u_s.$meminit$\mem$/Users/toprakgundogdu/qwen-ffn-rom/rtl/delta_s_col_ram.v:24$931 (u_pe.lanes[11].u_s.mem).
Removed top 28 address bits (of 32) from memory init port gated_delta_d16_bram.$flatten\u_pe.\lanes[11].u_s.$meminit$\mem$/Users/toprakgundogdu/qwen-ffn-rom/rtl/delta_s_col_ram.v:24$930 (u_pe.lanes[11].u_s.mem).
Removed top 28 address bits (of 32) from memory init port gated_delta_d16_bram.$flatten\u_pe.\lanes[11].u_s.$meminit$\mem$/Users/toprakgundogdu/qwen-ffn-rom/rtl/delta_s_col_ram.v:24$929 (u_pe.lanes[11].u_s.mem).
Removed top 28 address bits (of 32) from memory init port gated_delta_d16_bram.$flatten\u_pe.\lanes[11].u_s.$meminit$\mem$/Users/toprakgundogdu/qwen-ffn-rom/rtl/delta_s_col_ram.v:24$928 (u_pe.lanes[11].u_s.mem).
Removed top 28 address bits (of 32) from memory init port gated_delta_d16_bram.$flatten\u_pe.\lanes[11].u_s.$meminit$\mem$/Users/toprakgundogdu/qwen-ffn-rom/rtl/delta_s_col_ram.v:24$927 (u_pe.lanes[11].u_s.mem).
Removed top 28 address bits (of 32) from memory init port gated_delta_d16_bram.$flatten\u_pe.\lanes[11].u_s.$meminit$\mem$/Users/toprakgundogdu/qwen-ffn-rom/rtl/delta_s_col_ram.v:24$926 (u_pe.lanes[11].u_s.mem).
Removed top 28 address bits (of 32) from memory init port gated_delta_d16_bram.$flatten\u_pe.\lanes[11].u_s.$meminit$\mem$/Users/toprakgundogdu/qwen-ffn-rom/rtl/delta_s_col_ram.v:24$925 (u_pe.lanes[11].u_s.mem).
Removed top 28 address bits (of 32) from memory init port gated_delta_d16_bram.$flatten\u_pe.\lanes[11].u_s.$meminit$\mem$/Users/toprakgundogdu/qwen-ffn-rom/rtl/delta_s_col_ram.v:24$924 (u_pe.lanes[11].u_s.mem).
Removed top 28 address bits (of 32) from memory init port gated_delta_d16_bram.$flatten\u_pe.\lanes[11].u_s.$meminit$\mem$/Users/toprakgundogdu/qwen-ffn-rom/rtl/delta_s_col_ram.v:24$923 (u_pe.lanes[11].u_s.mem).
Removed top 28 address bits (of 32) from memory init port gated_delta_d16_bram.$flatten\u_pe.\lanes[11].u_s.$meminit$\mem$/Users/toprakgundogdu/qwen-ffn-rom/rtl/delta_s_col_ram.v:24$922 (u_pe.lanes[11].u_s.mem).
Removed top 28 address bits (of 32) from memory init port gated_delta_d16_bram.$flatten\u_pe.\lanes[12].u_s.$meminit$\mem$/Users/toprakgundogdu/qwen-ffn-rom/rtl/delta_s_col_ram.v:24$937 (u_pe.lanes[12].u_s.mem).
Removed top 28 address bits (of 32) from memory init port gated_delta_d16_bram.$flatten\u_pe.\lanes[12].u_s.$meminit$\mem$/Users/toprakgundogdu/qwen-ffn-rom/rtl/delta_s_col_ram.v:24$936 (u_pe.lanes[12].u_s.mem).
Removed top 28 address bits (of 32) from memory init port gated_delta_d16_bram.$flatten\u_pe.\lanes[12].u_s.$meminit$\mem$/Users/toprakgundogdu/qwen-ffn-rom/rtl/delta_s_col_ram.v:24$935 (u_pe.lanes[12].u_s.mem).
Removed top 28 address bits (of 32) from memory init port gated_delta_d16_bram.$flatten\u_pe.\lanes[12].u_s.$meminit$\mem$/Users/toprakgundogdu/qwen-ffn-rom/rtl/delta_s_col_ram.v:24$934 (u_pe.lanes[12].u_s.mem).
Removed top 28 address bits (of 32) from memory init port gated_delta_d16_bram.$flatten\u_pe.\lanes[12].u_s.$meminit$\mem$/Users/toprakgundogdu/qwen-ffn-rom/rtl/delta_s_col_ram.v:24$933 (u_pe.lanes[12].u_s.mem).
Removed top 28 address bits (of 32) from memory init port gated_delta_d16_bram.$flatten\u_pe.\lanes[12].u_s.$meminit$\mem$/Users/toprakgundogdu/qwen-ffn-rom/rtl/delta_s_col_ram.v:24$932 (u_pe.lanes[12].u_s.mem).
Removed top 28 address bits (of 32) from memory init port gated_delta_d16_bram.$flatten\u_pe.\lanes[12].u_s.$meminit$\mem$/Users/toprakgundogdu/qwen-ffn-rom/rtl/delta_s_col_ram.v:24$931 (u_pe.lanes[12].u_s.mem).
Removed top 28 address bits (of 32) from memory init port gated_delta_d16_bram.$flatten\u_pe.\lanes[12].u_s.$meminit$\mem$/Users/toprakgundogdu/qwen-ffn-rom/rtl/delta_s_col_ram.v:24$930 (u_pe.lanes[12].u_s.mem).
Removed top 28 address bits (of 32) from memory init port gated_delta_d16_bram.$flatten\u_pe.\lanes[12].u_s.$meminit$\mem$/Users/toprakgundogdu/qwen-ffn-rom/rtl/delta_s_col_ram.v:24$929 (u_pe.lanes[12].u_s.mem).
Removed top 28 address bits (of 32) from memory init port gated_delta_d16_bram.$flatten\u_pe.\lanes[12].u_s.$meminit$\mem$/Users/toprakgundogdu/qwen-ffn-rom/rtl/delta_s_col_ram.v:24$928 (u_pe.lanes[12].u_s.mem).
Removed top 28 address bits (of 32) from memory init port gated_delta_d16_bram.$flatten\u_pe.\lanes[12].u_s.$meminit$\mem$/Users/toprakgundogdu/qwen-ffn-rom/rtl/delta_s_col_ram.v:24$927 (u_pe.lanes[12].u_s.mem).
Removed top 28 address bits (of 32) from memory init port gated_delta_d16_bram.$flatten\u_pe.\lanes[12].u_s.$meminit$\mem$/Users/toprakgundogdu/qwen-ffn-rom/rtl/delta_s_col_ram.v:24$926 (u_pe.lanes[12].u_s.mem).
Removed top 28 address bits (of 32) from memory init port gated_delta_d16_bram.$flatten\u_pe.\lanes[12].u_s.$meminit$\mem$/Users/toprakgundogdu/qwen-ffn-rom/rtl/delta_s_col_ram.v:24$925 (u_pe.lanes[12].u_s.mem).
Removed top 28 address bits (of 32) from memory init port gated_delta_d16_bram.$flatten\u_pe.\lanes[12].u_s.$meminit$\mem$/Users/toprakgundogdu/qwen-ffn-rom/rtl/delta_s_col_ram.v:24$924 (u_pe.lanes[12].u_s.mem).
Removed top 28 address bits (of 32) from memory init port gated_delta_d16_bram.$flatten\u_pe.\lanes[12].u_s.$meminit$\mem$/Users/toprakgundogdu/qwen-ffn-rom/rtl/delta_s_col_ram.v:24$923 (u_pe.lanes[12].u_s.mem).
Removed top 28 address bits (of 32) from memory init port gated_delta_d16_bram.$flatten\u_pe.\lanes[12].u_s.$meminit$\mem$/Users/toprakgundogdu/qwen-ffn-rom/rtl/delta_s_col_ram.v:24$922 (u_pe.lanes[12].u_s.mem).
Removed top 28 address bits (of 32) from memory init port gated_delta_d16_bram.$flatten\u_pe.\lanes[13].u_s.$meminit$\mem$/Users/toprakgundogdu/qwen-ffn-rom/rtl/delta_s_col_ram.v:24$937 (u_pe.lanes[13].u_s.mem).
Removed top 28 address bits (of 32) from memory init port gated_delta_d16_bram.$flatten\u_pe.\lanes[13].u_s.$meminit$\mem$/Users/toprakgundogdu/qwen-ffn-rom/rtl/delta_s_col_ram.v:24$936 (u_pe.lanes[13].u_s.mem).
Removed top 28 address bits (of 32) from memory init port gated_delta_d16_bram.$flatten\u_pe.\lanes[13].u_s.$meminit$\mem$/Users/toprakgundogdu/qwen-ffn-rom/rtl/delta_s_col_ram.v:24$935 (u_pe.lanes[13].u_s.mem).
Removed top 28 address bits (of 32) from memory init port gated_delta_d16_bram.$flatten\u_pe.\lanes[13].u_s.$meminit$\mem$/Users/toprakgundogdu/qwen-ffn-rom/rtl/delta_s_col_ram.v:24$934 (u_pe.lanes[13].u_s.mem).
Removed top 28 address bits (of 32) from memory init port gated_delta_d16_bram.$flatten\u_pe.\lanes[13].u_s.$meminit$\mem$/Users/toprakgundogdu/qwen-ffn-rom/rtl/delta_s_col_ram.v:24$933 (u_pe.lanes[13].u_s.mem).
Removed top 28 address bits (of 32) from memory init port gated_delta_d16_bram.$flatten\u_pe.\lanes[13].u_s.$meminit$\mem$/Users/toprakgundogdu/qwen-ffn-rom/rtl/delta_s_col_ram.v:24$932 (u_pe.lanes[13].u_s.mem).
Removed top 28 address bits (of 32) from memory init port gated_delta_d16_bram.$flatten\u_pe.\lanes[13].u_s.$meminit$\mem$/Users/toprakgundogdu/qwen-ffn-rom/rtl/delta_s_col_ram.v:24$931 (u_pe.lanes[13].u_s.mem).
Removed top 28 address bits (of 32) from memory init port gated_delta_d16_bram.$flatten\u_pe.\lanes[13].u_s.$meminit$\mem$/Users/toprakgundogdu/qwen-ffn-rom/rtl/delta_s_col_ram.v:24$930 (u_pe.lanes[13].u_s.mem).
Removed top 28 address bits (of 32) from memory init port gated_delta_d16_bram.$flatten\u_pe.\lanes[13].u_s.$meminit$\mem$/Users/toprakgundogdu/qwen-ffn-rom/rtl/delta_s_col_ram.v:24$929 (u_pe.lanes[13].u_s.mem).
Removed top 28 address bits (of 32) from memory init port gated_delta_d16_bram.$flatten\u_pe.\lanes[13].u_s.$meminit$\mem$/Users/toprakgundogdu/qwen-ffn-rom/rtl/delta_s_col_ram.v:24$928 (u_pe.lanes[13].u_s.mem).
Removed top 28 address bits (of 32) from memory init port gated_delta_d16_bram.$flatten\u_pe.\lanes[13].u_s.$meminit$\mem$/Users/toprakgundogdu/qwen-ffn-rom/rtl/delta_s_col_ram.v:24$927 (u_pe.lanes[13].u_s.mem).
Removed top 28 address bits (of 32) from memory init port gated_delta_d16_bram.$flatten\u_pe.\lanes[13].u_s.$meminit$\mem$/Users/toprakgundogdu/qwen-ffn-rom/rtl/delta_s_col_ram.v:24$926 (u_pe.lanes[13].u_s.mem).
Removed top 28 address bits (of 32) from memory init port gated_delta_d16_bram.$flatten\u_pe.\lanes[13].u_s.$meminit$\mem$/Users/toprakgundogdu/qwen-ffn-rom/rtl/delta_s_col_ram.v:24$925 (u_pe.lanes[13].u_s.mem).
Removed top 28 address bits (of 32) from memory init port gated_delta_d16_bram.$flatten\u_pe.\lanes[13].u_s.$meminit$\mem$/Users/toprakgundogdu/qwen-ffn-rom/rtl/delta_s_col_ram.v:24$924 (u_pe.lanes[13].u_s.mem).
Removed top 28 address bits (of 32) from memory init port gated_delta_d16_bram.$flatten\u_pe.\lanes[13].u_s.$meminit$\mem$/Users/toprakgundogdu/qwen-ffn-rom/rtl/delta_s_col_ram.v:24$923 (u_pe.lanes[13].u_s.mem).
Removed top 28 address bits (of 32) from memory init port gated_delta_d16_bram.$flatten\u_pe.\lanes[13].u_s.$meminit$\mem$/Users/toprakgundogdu/qwen-ffn-rom/rtl/delta_s_col_ram.v:24$922 (u_pe.lanes[13].u_s.mem).
Removed top 28 address bits (of 32) from memory init port gated_delta_d16_bram.$flatten\u_pe.\lanes[14].u_s.$meminit$\mem$/Users/toprakgundogdu/qwen-ffn-rom/rtl/delta_s_col_ram.v:24$937 (u_pe.lanes[14].u_s.mem).
Removed top 28 address bits (of 32) from memory init port gated_delta_d16_bram.$flatten\u_pe.\lanes[14].u_s.$meminit$\mem$/Users/toprakgundogdu/qwen-ffn-rom/rtl/delta_s_col_ram.v:24$936 (u_pe.lanes[14].u_s.mem).
Removed top 28 address bits (of 32) from memory init port gated_delta_d16_bram.$flatten\u_pe.\lanes[14].u_s.$meminit$\mem$/Users/toprakgundogdu/qwen-ffn-rom/rtl/delta_s_col_ram.v:24$935 (u_pe.lanes[14].u_s.mem).
Removed top 28 address bits (of 32) from memory init port gated_delta_d16_bram.$flatten\u_pe.\lanes[14].u_s.$meminit$\mem$/Users/toprakgundogdu/qwen-ffn-rom/rtl/delta_s_col_ram.v:24$934 (u_pe.lanes[14].u_s.mem).
Removed top 28 address bits (of 32) from memory init port gated_delta_d16_bram.$flatten\u_pe.\lanes[14].u_s.$meminit$\mem$/Users/toprakgundogdu/qwen-ffn-rom/rtl/delta_s_col_ram.v:24$933 (u_pe.lanes[14].u_s.mem).
Removed top 28 address bits (of 32) from memory init port gated_delta_d16_bram.$flatten\u_pe.\lanes[14].u_s.$meminit$\mem$/Users/toprakgundogdu/qwen-ffn-rom/rtl/delta_s_col_ram.v:24$932 (u_pe.lanes[14].u_s.mem).
Removed top 28 address bits (of 32) from memory init port gated_delta_d16_bram.$flatten\u_pe.\lanes[14].u_s.$meminit$\mem$/Users/toprakgundogdu/qwen-ffn-rom/rtl/delta_s_col_ram.v:24$931 (u_pe.lanes[14].u_s.mem).
Removed top 28 address bits (of 32) from memory init port gated_delta_d16_bram.$flatten\u_pe.\lanes[14].u_s.$meminit$\mem$/Users/toprakgundogdu/qwen-ffn-rom/rtl/delta_s_col_ram.v:24$930 (u_pe.lanes[14].u_s.mem).
Removed top 28 address bits (of 32) from memory init port gated_delta_d16_bram.$flatten\u_pe.\lanes[14].u_s.$meminit$\mem$/Users/toprakgundogdu/qwen-ffn-rom/rtl/delta_s_col_ram.v:24$929 (u_pe.lanes[14].u_s.mem).
Removed top 28 address bits (of 32) from memory init port gated_delta_d16_bram.$flatten\u_pe.\lanes[14].u_s.$meminit$\mem$/Users/toprakgundogdu/qwen-ffn-rom/rtl/delta_s_col_ram.v:24$928 (u_pe.lanes[14].u_s.mem).
Removed top 28 address bits (of 32) from memory init port gated_delta_d16_bram.$flatten\u_pe.\lanes[14].u_s.$meminit$\mem$/Users/toprakgundogdu/qwen-ffn-rom/rtl/delta_s_col_ram.v:24$927 (u_pe.lanes[14].u_s.mem).
Removed top 28 address bits (of 32) from memory init port gated_delta_d16_bram.$flatten\u_pe.\lanes[14].u_s.$meminit$\mem$/Users/toprakgundogdu/qwen-ffn-rom/rtl/delta_s_col_ram.v:24$926 (u_pe.lanes[14].u_s.mem).
Removed top 28 address bits (of 32) from memory init port gated_delta_d16_bram.$flatten\u_pe.\lanes[14].u_s.$meminit$\mem$/Users/toprakgundogdu/qwen-ffn-rom/rtl/delta_s_col_ram.v:24$925 (u_pe.lanes[14].u_s.mem).
Removed top 28 address bits (of 32) from memory init port gated_delta_d16_bram.$flatten\u_pe.\lanes[14].u_s.$meminit$\mem$/Users/toprakgundogdu/qwen-ffn-rom/rtl/delta_s_col_ram.v:24$924 (u_pe.lanes[14].u_s.mem).
Removed top 28 address bits (of 32) from memory init port gated_delta_d16_bram.$flatten\u_pe.\lanes[14].u_s.$meminit$\mem$/Users/toprakgundogdu/qwen-ffn-rom/rtl/delta_s_col_ram.v:24$923 (u_pe.lanes[14].u_s.mem).
Removed top 28 address bits (of 32) from memory init port gated_delta_d16_bram.$flatten\u_pe.\lanes[14].u_s.$meminit$\mem$/Users/toprakgundogdu/qwen-ffn-rom/rtl/delta_s_col_ram.v:24$922 (u_pe.lanes[14].u_s.mem).
Removed top 28 address bits (of 32) from memory init port gated_delta_d16_bram.$flatten\u_pe.\lanes[15].u_s.$meminit$\mem$/Users/toprakgundogdu/qwen-ffn-rom/rtl/delta_s_col_ram.v:24$937 (u_pe.lanes[15].u_s.mem).
Removed top 28 address bits (of 32) from memory init port gated_delta_d16_bram.$flatten\u_pe.\lanes[15].u_s.$meminit$\mem$/Users/toprakgundogdu/qwen-ffn-rom/rtl/delta_s_col_ram.v:24$936 (u_pe.lanes[15].u_s.mem).
Removed top 28 address bits (of 32) from memory init port gated_delta_d16_bram.$flatten\u_pe.\lanes[15].u_s.$meminit$\mem$/Users/toprakgundogdu/qwen-ffn-rom/rtl/delta_s_col_ram.v:24$935 (u_pe.lanes[15].u_s.mem).
Removed top 28 address bits (of 32) from memory init port gated_delta_d16_bram.$flatten\u_pe.\lanes[15].u_s.$meminit$\mem$/Users/toprakgundogdu/qwen-ffn-rom/rtl/delta_s_col_ram.v:24$934 (u_pe.lanes[15].u_s.mem).
Removed top 28 address bits (of 32) from memory init port gated_delta_d16_bram.$flatten\u_pe.\lanes[15].u_s.$meminit$\mem$/Users/toprakgundogdu/qwen-ffn-rom/rtl/delta_s_col_ram.v:24$933 (u_pe.lanes[15].u_s.mem).
Removed top 28 address bits (of 32) from memory init port gated_delta_d16_bram.$flatten\u_pe.\lanes[15].u_s.$meminit$\mem$/Users/toprakgundogdu/qwen-ffn-rom/rtl/delta_s_col_ram.v:24$932 (u_pe.lanes[15].u_s.mem).
Removed top 28 address bits (of 32) from memory init port gated_delta_d16_bram.$flatten\u_pe.\lanes[15].u_s.$meminit$\mem$/Users/toprakgundogdu/qwen-ffn-rom/rtl/delta_s_col_ram.v:24$931 (u_pe.lanes[15].u_s.mem).
Removed top 28 address bits (of 32) from memory init port gated_delta_d16_bram.$flatten\u_pe.\lanes[15].u_s.$meminit$\mem$/Users/toprakgundogdu/qwen-ffn-rom/rtl/delta_s_col_ram.v:24$930 (u_pe.lanes[15].u_s.mem).
Removed top 28 address bits (of 32) from memory init port gated_delta_d16_bram.$flatten\u_pe.\lanes[15].u_s.$meminit$\mem$/Users/toprakgundogdu/qwen-ffn-rom/rtl/delta_s_col_ram.v:24$929 (u_pe.lanes[15].u_s.mem).
Removed top 28 address bits (of 32) from memory init port gated_delta_d16_bram.$flatten\u_pe.\lanes[15].u_s.$meminit$\mem$/Users/toprakgundogdu/qwen-ffn-rom/rtl/delta_s_col_ram.v:24$928 (u_pe.lanes[15].u_s.mem).
Removed top 28 address bits (of 32) from memory init port gated_delta_d16_bram.$flatten\u_pe.\lanes[15].u_s.$meminit$\mem$/Users/toprakgundogdu/qwen-ffn-rom/rtl/delta_s_col_ram.v:24$927 (u_pe.lanes[15].u_s.mem).
Removed top 28 address bits (of 32) from memory init port gated_delta_d16_bram.$flatten\u_pe.\lanes[15].u_s.$meminit$\mem$/Users/toprakgundogdu/qwen-ffn-rom/rtl/delta_s_col_ram.v:24$926 (u_pe.lanes[15].u_s.mem).
Removed top 28 address bits (of 32) from memory init port gated_delta_d16_bram.$flatten\u_pe.\lanes[15].u_s.$meminit$\mem$/Users/toprakgundogdu/qwen-ffn-rom/rtl/delta_s_col_ram.v:24$925 (u_pe.lanes[15].u_s.mem).
Removed top 28 address bits (of 32) from memory init port gated_delta_d16_bram.$flatten\u_pe.\lanes[15].u_s.$meminit$\mem$/Users/toprakgundogdu/qwen-ffn-rom/rtl/delta_s_col_ram.v:24$924 (u_pe.lanes[15].u_s.mem).
Removed top 28 address bits (of 32) from memory init port gated_delta_d16_bram.$flatten\u_pe.\lanes[15].u_s.$meminit$\mem$/Users/toprakgundogdu/qwen-ffn-rom/rtl/delta_s_col_ram.v:24$923 (u_pe.lanes[15].u_s.mem).
Removed top 28 address bits (of 32) from memory init port gated_delta_d16_bram.$flatten\u_pe.\lanes[15].u_s.$meminit$\mem$/Users/toprakgundogdu/qwen-ffn-rom/rtl/delta_s_col_ram.v:24$922 (u_pe.lanes[15].u_s.mem).
Removed top 8 bits (of 32) from FF cell gated_delta_d16_bram.$auto$ff.cc:337:slice$8398 ($sdffe).
Removed top 8 bits (of 32) from FF cell gated_delta_d16_bram.$auto$ff.cc:337:slice$8390 ($sdffe).
Removed top 8 bits (of 32) from FF cell gated_delta_d16_bram.$auto$ff.cc:337:slice$8382 ($sdffe).
Removed top 8 bits (of 32) from FF cell gated_delta_d16_bram.$auto$ff.cc:337:slice$8374 ($sdffe).
Removed top 8 bits (of 32) from FF cell gated_delta_d16_bram.$auto$ff.cc:337:slice$8366 ($sdffe).
Removed top 8 bits (of 32) from FF cell gated_delta_d16_bram.$auto$ff.cc:337:slice$8358 ($sdffe).
Removed top 8 bits (of 32) from FF cell gated_delta_d16_bram.$auto$ff.cc:337:slice$8350 ($sdffe).
Removed top 8 bits (of 32) from FF cell gated_delta_d16_bram.$auto$ff.cc:337:slice$8342 ($sdffe).
Removed top 8 bits (of 32) from FF cell gated_delta_d16_bram.$auto$ff.cc:337:slice$8334 ($sdffe).
Removed top 8 bits (of 32) from FF cell gated_delta_d16_bram.$auto$ff.cc:337:slice$8326 ($sdffe).
Removed top 8 bits (of 32) from FF cell gated_delta_d16_bram.$auto$ff.cc:337:slice$8318 ($sdffe).
Removed top 8 bits (of 32) from FF cell gated_delta_d16_bram.$auto$ff.cc:337:slice$8310 ($sdffe).
Removed top 8 bits (of 32) from FF cell gated_delta_d16_bram.$auto$ff.cc:337:slice$8302 ($sdffe).
Removed top 8 bits (of 32) from FF cell gated_delta_d16_bram.$auto$ff.cc:337:slice$8294 ($sdffe).
Removed top 8 bits (of 32) from FF cell gated_delta_d16_bram.$auto$ff.cc:337:slice$8286 ($sdffe).
Removed top 8 bits (of 32) from FF cell gated_delta_d16_bram.$auto$ff.cc:337:slice$8278 ($sdffe).
Removed top 8 bits (of 32) from FF cell gated_delta_d16_bram.$auto$ff.cc:337:slice$8276 ($sdffe).
Removed top 8 bits (of 32) from FF cell gated_delta_d16_bram.$auto$ff.cc:337:slice$8274 ($sdffe).
Removed top 8 bits (of 32) from FF cell gated_delta_d16_bram.$auto$ff.cc:337:slice$8272 ($sdffe).
Removed top 8 bits (of 32) from FF cell gated_delta_d16_bram.$auto$ff.cc:337:slice$8270 ($sdffe).
Removed top 8 bits (of 32) from FF cell gated_delta_d16_bram.$auto$ff.cc:337:slice$8268 ($sdffe).
Removed top 8 bits (of 32) from FF cell gated_delta_d16_bram.$auto$ff.cc:337:slice$8266 ($sdffe).
Removed top 8 bits (of 32) from FF cell gated_delta_d16_bram.$auto$ff.cc:337:slice$8264 ($sdffe).
Removed top 8 bits (of 32) from FF cell gated_delta_d16_bram.$auto$ff.cc:337:slice$8262 ($sdffe).
Removed top 8 bits (of 32) from FF cell gated_delta_d16_bram.$auto$ff.cc:337:slice$8260 ($sdffe).
Removed top 8 bits (of 32) from FF cell gated_delta_d16_bram.$auto$ff.cc:337:slice$8258 ($sdffe).
Removed top 8 bits (of 32) from FF cell gated_delta_d16_bram.$auto$ff.cc:337:slice$8256 ($sdffe).
Removed top 8 bits (of 32) from FF cell gated_delta_d16_bram.$auto$ff.cc:337:slice$8254 ($sdffe).
Removed top 8 bits (of 32) from FF cell gated_delta_d16_bram.$auto$ff.cc:337:slice$8252 ($sdffe).
Removed top 8 bits (of 32) from FF cell gated_delta_d16_bram.$auto$ff.cc:337:slice$8250 ($sdffe).
Removed top 8 bits (of 32) from FF cell gated_delta_d16_bram.$auto$ff.cc:337:slice$8248 ($sdffe).
Removed top 8 bits (of 32) from FF cell gated_delta_d16_bram.$auto$ff.cc:337:slice$8246 ($sdffe).
Removed top 1 bits (of 2) from port B of cell gated_delta_d16_bram.$auto$opt_dff.cc:320:make_patterns_logic$8120 ($ne).
Removed top 1 bits (of 3) from port B of cell gated_delta_d16_bram.$auto$opt_dff.cc:320:make_patterns_logic$7708 ($ne).
Removed top 2 bits (of 3) from port B of cell gated_delta_d16_bram.$auto$opt_dff.cc:320:make_patterns_logic$7706 ($ne).
Removed top 1 bits (of 2) from port B of cell gated_delta_d16_bram.$auto$opt_dff.cc:320:make_patterns_logic$7704 ($ne).
Removed top 1 bits (of 3) from port B of cell gated_delta_d16_bram.$auto$fsm_map.cc:77:implement_pattern_cache$7664 ($eq).
Removed top 1 bits (of 2) from port B of cell gated_delta_d16_bram.$auto$fsm_map.cc:77:implement_pattern_cache$7660 ($eq).
Removed top 1 bits (of 2) from port B of cell gated_delta_d16_bram.$auto$fsm_map.cc:77:implement_pattern_cache$7608 ($eq).
Removed top 1 bits (of 2) from port B of cell gated_delta_d16_bram.$auto$fsm_map.cc:77:implement_pattern_cache$7604 ($eq).
Removed top 1 bits (of 3) from port B of cell gated_delta_d16_bram.$auto$fsm_map.cc:77:implement_pattern_cache$7591 ($eq).
Removed top 3 bits (of 4) from port B of cell gated_delta_d16_bram.$flatten\u_pe.$procmux$2721_CMP0 ($eq).
Removed top 2 bits (of 4) from port B of cell gated_delta_d16_bram.$flatten\u_pe.$procmux$2720_CMP0 ($eq).
Removed top 2 bits (of 4) from port B of cell gated_delta_d16_bram.$flatten\u_pe.$procmux$2719_CMP0 ($eq).
Removed top 1 bits (of 4) from port B of cell gated_delta_d16_bram.$flatten\u_pe.$procmux$2718_CMP0 ($eq).
Removed top 1 bits (of 4) from port B of cell gated_delta_d16_bram.$flatten\u_pe.$procmux$2717_CMP0 ($eq).
Removed top 1 bits (of 4) from port B of cell gated_delta_d16_bram.$flatten\u_pe.$procmux$2716_CMP0 ($eq).
Removed top 1 bits (of 4) from port B of cell gated_delta_d16_bram.$flatten\u_pe.$procmux$2715_CMP0 ($eq).
Removed top 16 bits (of 32) from port B of cell gated_delta_d16_bram.$flatten\u_pe.$lt$/Users/toprakgundogdu/qwen-ffn-rom/rtl/gated_delta_bram.v:137$2692 ($lt).
Removed top 16 bits (of 32) from port B of cell gated_delta_d16_bram.$flatten\u_pe.$gt$/Users/toprakgundogdu/qwen-ffn-rom/rtl/gated_delta_bram.v:136$2691 ($gt).
Removed top 16 bits (of 32) from port B of cell gated_delta_d16_bram.$flatten\u_pe.$lt$/Users/toprakgundogdu/qwen-ffn-rom/rtl/gated_delta_bram.v:137$2658 ($lt).
Removed top 16 bits (of 32) from port B of cell gated_delta_d16_bram.$flatten\u_pe.$gt$/Users/toprakgundogdu/qwen-ffn-rom/rtl/gated_delta_bram.v:136$2657 ($gt).
Removed top 16 bits (of 32) from port B of cell gated_delta_d16_bram.$flatten\u_pe.$lt$/Users/toprakgundogdu/qwen-ffn-rom/rtl/gated_delta_bram.v:137$2624 ($lt).
Removed top 16 bits (of 32) from port B of cell gated_delta_d16_bram.$flatten\u_pe.$gt$/Users/toprakgundogdu/qwen-ffn-rom/rtl/gated_delta_bram.v:136$2623 ($gt).
Removed top 16 bits (of 32) from port B of cell gated_delta_d16_bram.$flatten\u_pe.$lt$/Users/toprakgundogdu/qwen-ffn-rom/rtl/gated_delta_bram.v:137$2590 ($lt).
Removed top 16 bits (of 32) from port B of cell gated_delta_d16_bram.$flatten\u_pe.$gt$/Users/toprakgundogdu/qwen-ffn-rom/rtl/gated_delta_bram.v:136$2589 ($gt).
Removed top 16 bits (of 32) from port B of cell gated_delta_d16_bram.$flatten\u_pe.$lt$/Users/toprakgundogdu/qwen-ffn-rom/rtl/gated_delta_bram.v:137$2556 ($lt).
Removed top 16 bits (of 32) from port B of cell gated_delta_d16_bram.$flatten\u_pe.$gt$/Users/toprakgundogdu/qwen-ffn-rom/rtl/gated_delta_bram.v:136$2555 ($gt).
Removed top 16 bits (of 32) from port B of cell gated_delta_d16_bram.$flatten\u_pe.$lt$/Users/toprakgundogdu/qwen-ffn-rom/rtl/gated_delta_bram.v:137$2522 ($lt).
Removed top 16 bits (of 32) from port B of cell gated_delta_d16_bram.$flatten\u_pe.$gt$/Users/toprakgundogdu/qwen-ffn-rom/rtl/gated_delta_bram.v:136$2521 ($gt).
Removed top 16 bits (of 32) from port B of cell gated_delta_d16_bram.$flatten\u_pe.$lt$/Users/toprakgundogdu/qwen-ffn-rom/rtl/gated_delta_bram.v:137$2488 ($lt).
Removed top 16 bits (of 32) from port B of cell gated_delta_d16_bram.$flatten\u_pe.$gt$/Users/toprakgundogdu/qwen-ffn-rom/rtl/gated_delta_bram.v:136$2487 ($gt).
Removed top 16 bits (of 32) from port B of cell gated_delta_d16_bram.$flatten\u_pe.$lt$/Users/toprakgundogdu/qwen-ffn-rom/rtl/gated_delta_bram.v:137$2454 ($lt).
Removed top 16 bits (of 32) from port B of cell gated_delta_d16_bram.$flatten\u_pe.$gt$/Users/toprakgundogdu/qwen-ffn-rom/rtl/gated_delta_bram.v:136$2453 ($gt).
Removed top 16 bits (of 32) from port B of cell gated_delta_d16_bram.$flatten\u_pe.$lt$/Users/toprakgundogdu/qwen-ffn-rom/rtl/gated_delta_bram.v:137$2420 ($lt).
Removed top 16 bits (of 32) from port B of cell gated_delta_d16_bram.$flatten\u_pe.$gt$/Users/toprakgundogdu/qwen-ffn-rom/rtl/gated_delta_bram.v:136$2419 ($gt).
Removed top 16 bits (of 32) from port B of cell gated_delta_d16_bram.$flatten\u_pe.$lt$/Users/toprakgundogdu/qwen-ffn-rom/rtl/gated_delta_bram.v:137$2386 ($lt).
Removed top 16 bits (of 32) from port B of cell gated_delta_d16_bram.$flatten\u_pe.$gt$/Users/toprakgundogdu/qwen-ffn-rom/rtl/gated_delta_bram.v:136$2385 ($gt).
Removed top 16 bits (of 32) from port B of cell gated_delta_d16_bram.$flatten\u_pe.$lt$/Users/toprakgundogdu/qwen-ffn-rom/rtl/gated_delta_bram.v:137$2352 ($lt).
Removed top 16 bits (of 32) from port B of cell gated_delta_d16_bram.$flatten\u_pe.$gt$/Users/toprakgundogdu/qwen-ffn-rom/rtl/gated_delta_bram.v:136$2351 ($gt).
Removed top 16 bits (of 32) from port B of cell gated_delta_d16_bram.$flatten\u_pe.$lt$/Users/toprakgundogdu/qwen-ffn-rom/rtl/gated_delta_bram.v:137$2318 ($lt).
Removed top 16 bits (of 32) from port B of cell gated_delta_d16_bram.$flatten\u_pe.$gt$/Users/toprakgundogdu/qwen-ffn-rom/rtl/gated_delta_bram.v:136$2317 ($gt).
Removed top 16 bits (of 32) from port B of cell gated_delta_d16_bram.$flatten\u_pe.$lt$/Users/toprakgundogdu/qwen-ffn-rom/rtl/gated_delta_bram.v:137$2284 ($lt).
Removed top 16 bits (of 32) from port B of cell gated_delta_d16_bram.$flatten\u_pe.$gt$/Users/toprakgundogdu/qwen-ffn-rom/rtl/gated_delta_bram.v:136$2283 ($gt).
Removed top 16 bits (of 32) from port B of cell gated_delta_d16_bram.$flatten\u_pe.$lt$/Users/toprakgundogdu/qwen-ffn-rom/rtl/gated_delta_bram.v:137$2250 ($lt).
Removed top 16 bits (of 32) from port B of cell gated_delta_d16_bram.$flatten\u_pe.$gt$/Users/toprakgundogdu/qwen-ffn-rom/rtl/gated_delta_bram.v:136$2249 ($gt).
Removed top 16 bits (of 32) from port B of cell gated_delta_d16_bram.$flatten\u_pe.$lt$/Users/toprakgundogdu/qwen-ffn-rom/rtl/gated_delta_bram.v:137$2216 ($lt).
Removed top 16 bits (of 32) from port B of cell gated_delta_d16_bram.$flatten\u_pe.$gt$/Users/toprakgundogdu/qwen-ffn-rom/rtl/gated_delta_bram.v:136$2215 ($gt).
Removed top 16 bits (of 32) from port B of cell gated_delta_d16_bram.$flatten\u_pe.$lt$/Users/toprakgundogdu/qwen-ffn-rom/rtl/gated_delta_bram.v:137$2182 ($lt).
Removed top 16 bits (of 32) from port B of cell gated_delta_d16_bram.$flatten\u_pe.$gt$/Users/toprakgundogdu/qwen-ffn-rom/rtl/gated_delta_bram.v:136$2181 ($gt).
Converting cell gated_delta_d16_bram.$flatten\u_pe.$add$/Users/toprakgundogdu/qwen-ffn-rom/rtl/gated_delta_bram.v:121$2104 ($add) from unsigned to signed.
Removed top 16 bits (of 32) from port A of cell gated_delta_d16_bram.$flatten\u_pe.$add$/Users/toprakgundogdu/qwen-ffn-rom/rtl/gated_delta_bram.v:121$2104 ($add).
Removed top 8 bits (of 32) from port B of cell gated_delta_d16_bram.$flatten\u_pe.$add$/Users/toprakgundogdu/qwen-ffn-rom/rtl/gated_delta_bram.v:121$2104 ($add).
Removed top 7 bits (of 32) from port Y of cell gated_delta_d16_bram.$flatten\u_pe.$add$/Users/toprakgundogdu/qwen-ffn-rom/rtl/gated_delta_bram.v:121$2104 ($add).
Converting cell gated_delta_d16_bram.$flatten\u_pe.$add$/Users/toprakgundogdu/qwen-ffn-rom/rtl/gated_delta_bram.v:121$2102 ($add) from unsigned to signed.
Removed top 16 bits (of 32) from port A of cell gated_delta_d16_bram.$flatten\u_pe.$add$/Users/toprakgundogdu/qwen-ffn-rom/rtl/gated_delta_bram.v:121$2102 ($add).
Removed top 8 bits (of 32) from port B of cell gated_delta_d16_bram.$flatten\u_pe.$add$/Users/toprakgundogdu/qwen-ffn-rom/rtl/gated_delta_bram.v:121$2102 ($add).
Removed top 7 bits (of 32) from port Y of cell gated_delta_d16_bram.$flatten\u_pe.$add$/Users/toprakgundogdu/qwen-ffn-rom/rtl/gated_delta_bram.v:121$2102 ($add).
Converting cell gated_delta_d16_bram.$flatten\u_pe.$add$/Users/toprakgundogdu/qwen-ffn-rom/rtl/gated_delta_bram.v:121$2100 ($add) from unsigned to signed.
Removed top 16 bits (of 32) from port A of cell gated_delta_d16_bram.$flatten\u_pe.$add$/Users/toprakgundogdu/qwen-ffn-rom/rtl/gated_delta_bram.v:121$2100 ($add).
Removed top 8 bits (of 32) from port B of cell gated_delta_d16_bram.$flatten\u_pe.$add$/Users/toprakgundogdu/qwen-ffn-rom/rtl/gated_delta_bram.v:121$2100 ($add).
Removed top 7 bits (of 32) from port Y of cell gated_delta_d16_bram.$flatten\u_pe.$add$/Users/toprakgundogdu/qwen-ffn-rom/rtl/gated_delta_bram.v:121$2100 ($add).
Converting cell gated_delta_d16_bram.$flatten\u_pe.$add$/Users/toprakgundogdu/qwen-ffn-rom/rtl/gated_delta_bram.v:121$2098 ($add) from unsigned to signed.
Removed top 16 bits (of 32) from port A of cell gated_delta_d16_bram.$flatten\u_pe.$add$/Users/toprakgundogdu/qwen-ffn-rom/rtl/gated_delta_bram.v:121$2098 ($add).
Removed top 8 bits (of 32) from port B of cell gated_delta_d16_bram.$flatten\u_pe.$add$/Users/toprakgundogdu/qwen-ffn-rom/rtl/gated_delta_bram.v:121$2098 ($add).
Removed top 7 bits (of 32) from port Y of cell gated_delta_d16_bram.$flatten\u_pe.$add$/Users/toprakgundogdu/qwen-ffn-rom/rtl/gated_delta_bram.v:121$2098 ($add).
Converting cell gated_delta_d16_bram.$flatten\u_pe.$add$/Users/toprakgundogdu/qwen-ffn-rom/rtl/gated_delta_bram.v:121$2096 ($add) from unsigned to signed.
Removed top 16 bits (of 32) from port A of cell gated_delta_d16_bram.$flatten\u_pe.$add$/Users/toprakgundogdu/qwen-ffn-rom/rtl/gated_delta_bram.v:121$2096 ($add).
Removed top 8 bits (of 32) from port B of cell gated_delta_d16_bram.$flatten\u_pe.$add$/Users/toprakgundogdu/qwen-ffn-rom/rtl/gated_delta_bram.v:121$2096 ($add).
Removed top 7 bits (of 32) from port Y of cell gated_delta_d16_bram.$flatten\u_pe.$add$/Users/toprakgundogdu/qwen-ffn-rom/rtl/gated_delta_bram.v:121$2096 ($add).
Converting cell gated_delta_d16_bram.$flatten\u_pe.$add$/Users/toprakgundogdu/qwen-ffn-rom/rtl/gated_delta_bram.v:121$2094 ($add) from unsigned to signed.
Removed top 16 bits (of 32) from port A of cell gated_delta_d16_bram.$flatten\u_pe.$add$/Users/toprakgundogdu/qwen-ffn-rom/rtl/gated_delta_bram.v:121$2094 ($add).
Removed top 8 bits (of 32) from port B of cell gated_delta_d16_bram.$flatten\u_pe.$add$/Users/toprakgundogdu/qwen-ffn-rom/rtl/gated_delta_bram.v:121$2094 ($add).
Removed top 7 bits (of 32) from port Y of cell gated_delta_d16_bram.$flatten\u_pe.$add$/Users/toprakgundogdu/qwen-ffn-rom/rtl/gated_delta_bram.v:121$2094 ($add).
Converting cell gated_delta_d16_bram.$flatten\u_pe.$add$/Users/toprakgundogdu/qwen-ffn-rom/rtl/gated_delta_bram.v:121$2092 ($add) from unsigned to signed.
Removed top 16 bits (of 32) from port A of cell gated_delta_d16_bram.$flatten\u_pe.$add$/Users/toprakgundogdu/qwen-ffn-rom/rtl/gated_delta_bram.v:121$2092 ($add).
Removed top 8 bits (of 32) from port B of cell gated_delta_d16_bram.$flatten\u_pe.$add$/Users/toprakgundogdu/qwen-ffn-rom/rtl/gated_delta_bram.v:121$2092 ($add).
Removed top 7 bits (of 32) from port Y of cell gated_delta_d16_bram.$flatten\u_pe.$add$/Users/toprakgundogdu/qwen-ffn-rom/rtl/gated_delta_bram.v:121$2092 ($add).
Converting cell gated_delta_d16_bram.$flatten\u_pe.$add$/Users/toprakgundogdu/qwen-ffn-rom/rtl/gated_delta_bram.v:121$2090 ($add) from unsigned to signed.
Removed top 16 bits (of 32) from port A of cell gated_delta_d16_bram.$flatten\u_pe.$add$/Users/toprakgundogdu/qwen-ffn-rom/rtl/gated_delta_bram.v:121$2090 ($add).
Removed top 8 bits (of 32) from port B of cell gated_delta_d16_bram.$flatten\u_pe.$add$/Users/toprakgundogdu/qwen-ffn-rom/rtl/gated_delta_bram.v:121$2090 ($add).
Removed top 7 bits (of 32) from port Y of cell gated_delta_d16_bram.$flatten\u_pe.$add$/Users/toprakgundogdu/qwen-ffn-rom/rtl/gated_delta_bram.v:121$2090 ($add).
Converting cell gated_delta_d16_bram.$flatten\u_pe.$add$/Users/toprakgundogdu/qwen-ffn-rom/rtl/gated_delta_bram.v:121$2088 ($add) from unsigned to signed.
Removed top 16 bits (of 32) from port A of cell gated_delta_d16_bram.$flatten\u_pe.$add$/Users/toprakgundogdu/qwen-ffn-rom/rtl/gated_delta_bram.v:121$2088 ($add).
Removed top 8 bits (of 32) from port B of cell gated_delta_d16_bram.$flatten\u_pe.$add$/Users/toprakgundogdu/qwen-ffn-rom/rtl/gated_delta_bram.v:121$2088 ($add).
Removed top 7 bits (of 32) from port Y of cell gated_delta_d16_bram.$flatten\u_pe.$add$/Users/toprakgundogdu/qwen-ffn-rom/rtl/gated_delta_bram.v:121$2088 ($add).
Converting cell gated_delta_d16_bram.$flatten\u_pe.$add$/Users/toprakgundogdu/qwen-ffn-rom/rtl/gated_delta_bram.v:121$2086 ($add) from unsigned to signed.
Removed top 16 bits (of 32) from port A of cell gated_delta_d16_bram.$flatten\u_pe.$add$/Users/toprakgundogdu/qwen-ffn-rom/rtl/gated_delta_bram.v:121$2086 ($add).
Removed top 8 bits (of 32) from port B of cell gated_delta_d16_bram.$flatten\u_pe.$add$/Users/toprakgundogdu/qwen-ffn-rom/rtl/gated_delta_bram.v:121$2086 ($add).
Removed top 7 bits (of 32) from port Y of cell gated_delta_d16_bram.$flatten\u_pe.$add$/Users/toprakgundogdu/qwen-ffn-rom/rtl/gated_delta_bram.v:121$2086 ($add).
Converting cell gated_delta_d16_bram.$flatten\u_pe.$add$/Users/toprakgundogdu/qwen-ffn-rom/rtl/gated_delta_bram.v:121$2084 ($add) from unsigned to signed.
Removed top 16 bits (of 32) from port A of cell gated_delta_d16_bram.$flatten\u_pe.$add$/Users/toprakgundogdu/qwen-ffn-rom/rtl/gated_delta_bram.v:121$2084 ($add).
Removed top 8 bits (of 32) from port B of cell gated_delta_d16_bram.$flatten\u_pe.$add$/Users/toprakgundogdu/qwen-ffn-rom/rtl/gated_delta_bram.v:121$2084 ($add).
Removed top 7 bits (of 32) from port Y of cell gated_delta_d16_bram.$flatten\u_pe.$add$/Users/toprakgundogdu/qwen-ffn-rom/rtl/gated_delta_bram.v:121$2084 ($add).
Converting cell gated_delta_d16_bram.$flatten\u_pe.$add$/Users/toprakgundogdu/qwen-ffn-rom/rtl/gated_delta_bram.v:121$2082 ($add) from unsigned to signed.
Removed top 16 bits (of 32) from port A of cell gated_delta_d16_bram.$flatten\u_pe.$add$/Users/toprakgundogdu/qwen-ffn-rom/rtl/gated_delta_bram.v:121$2082 ($add).
Removed top 8 bits (of 32) from port B of cell gated_delta_d16_bram.$flatten\u_pe.$add$/Users/toprakgundogdu/qwen-ffn-rom/rtl/gated_delta_bram.v:121$2082 ($add).
Removed top 7 bits (of 32) from port Y of cell gated_delta_d16_bram.$flatten\u_pe.$add$/Users/toprakgundogdu/qwen-ffn-rom/rtl/gated_delta_bram.v:121$2082 ($add).
Converting cell gated_delta_d16_bram.$flatten\u_pe.$add$/Users/toprakgundogdu/qwen-ffn-rom/rtl/gated_delta_bram.v:121$2080 ($add) from unsigned to signed.
Removed top 16 bits (of 32) from port A of cell gated_delta_d16_bram.$flatten\u_pe.$add$/Users/toprakgundogdu/qwen-ffn-rom/rtl/gated_delta_bram.v:121$2080 ($add).
Removed top 8 bits (of 32) from port B of cell gated_delta_d16_bram.$flatten\u_pe.$add$/Users/toprakgundogdu/qwen-ffn-rom/rtl/gated_delta_bram.v:121$2080 ($add).
Removed top 7 bits (of 32) from port Y of cell gated_delta_d16_bram.$flatten\u_pe.$add$/Users/toprakgundogdu/qwen-ffn-rom/rtl/gated_delta_bram.v:121$2080 ($add).
Converting cell gated_delta_d16_bram.$flatten\u_pe.$add$/Users/toprakgundogdu/qwen-ffn-rom/rtl/gated_delta_bram.v:121$2078 ($add) from unsigned to signed.
Removed top 16 bits (of 32) from port A of cell gated_delta_d16_bram.$flatten\u_pe.$add$/Users/toprakgundogdu/qwen-ffn-rom/rtl/gated_delta_bram.v:121$2078 ($add).
Removed top 8 bits (of 32) from port B of cell gated_delta_d16_bram.$flatten\u_pe.$add$/Users/toprakgundogdu/qwen-ffn-rom/rtl/gated_delta_bram.v:121$2078 ($add).
Removed top 7 bits (of 32) from port Y of cell gated_delta_d16_bram.$flatten\u_pe.$add$/Users/toprakgundogdu/qwen-ffn-rom/rtl/gated_delta_bram.v:121$2078 ($add).
Converting cell gated_delta_d16_bram.$flatten\u_pe.$add$/Users/toprakgundogdu/qwen-ffn-rom/rtl/gated_delta_bram.v:121$2076 ($add) from unsigned to signed.
Removed top 16 bits (of 32) from port A of cell gated_delta_d16_bram.$flatten\u_pe.$add$/Users/toprakgundogdu/qwen-ffn-rom/rtl/gated_delta_bram.v:121$2076 ($add).
Removed top 8 bits (of 32) from port B of cell gated_delta_d16_bram.$flatten\u_pe.$add$/Users/toprakgundogdu/qwen-ffn-rom/rtl/gated_delta_bram.v:121$2076 ($add).
Removed top 7 bits (of 32) from port Y of cell gated_delta_d16_bram.$flatten\u_pe.$add$/Users/toprakgundogdu/qwen-ffn-rom/rtl/gated_delta_bram.v:121$2076 ($add).
Converting cell gated_delta_d16_bram.$flatten\u_pe.$add$/Users/toprakgundogdu/qwen-ffn-rom/rtl/gated_delta_bram.v:121$2074 ($add) from unsigned to signed.
Removed top 16 bits (of 32) from port A of cell gated_delta_d16_bram.$flatten\u_pe.$add$/Users/toprakgundogdu/qwen-ffn-rom/rtl/gated_delta_bram.v:121$2074 ($add).
Removed top 8 bits (of 32) from port B of cell gated_delta_d16_bram.$flatten\u_pe.$add$/Users/toprakgundogdu/qwen-ffn-rom/rtl/gated_delta_bram.v:121$2074 ($add).
Removed top 7 bits (of 32) from port Y of cell gated_delta_d16_bram.$flatten\u_pe.$add$/Users/toprakgundogdu/qwen-ffn-rom/rtl/gated_delta_bram.v:121$2074 ($add).
Removed top 23 bits (of 32) from port A of cell gated_delta_d16_bram.$flatten\u_pe.$mul$/Users/toprakgundogdu/qwen-ffn-rom/rtl/gated_delta_bram.v:269$2071 ($mul).
Converting cell gated_delta_d16_bram.$flatten\u_pe.$sub$/Users/toprakgundogdu/qwen-ffn-rom/rtl/gated_delta_bram.v:269$2070 ($sub) from unsigned to signed.
Removed top 24 bits (of 32) from port A of cell gated_delta_d16_bram.$flatten\u_pe.$sub$/Users/toprakgundogdu/qwen-ffn-rom/rtl/gated_delta_bram.v:269$2070 ($sub).
Removed top 8 bits (of 32) from port B of cell gated_delta_d16_bram.$flatten\u_pe.$sub$/Users/toprakgundogdu/qwen-ffn-rom/rtl/gated_delta_bram.v:269$2070 ($sub).
Removed top 7 bits (of 32) from port Y of cell gated_delta_d16_bram.$flatten\u_pe.$sub$/Users/toprakgundogdu/qwen-ffn-rom/rtl/gated_delta_bram.v:269$2070 ($sub).
Removed top 23 bits (of 32) from port A of cell gated_delta_d16_bram.$flatten\u_pe.$mul$/Users/toprakgundogdu/qwen-ffn-rom/rtl/gated_delta_bram.v:269$2068 ($mul).
Converting cell gated_delta_d16_bram.$flatten\u_pe.$sub$/Users/toprakgundogdu/qwen-ffn-rom/rtl/gated_delta_bram.v:269$2067 ($sub) from unsigned to signed.
Removed top 24 bits (of 32) from port A of cell gated_delta_d16_bram.$flatten\u_pe.$sub$/Users/toprakgundogdu/qwen-ffn-rom/rtl/gated_delta_bram.v:269$2067 ($sub).
Removed top 8 bits (of 32) from port B of cell gated_delta_d16_bram.$flatten\u_pe.$sub$/Users/toprakgundogdu/qwen-ffn-rom/rtl/gated_delta_bram.v:269$2067 ($sub).
Removed top 7 bits (of 32) from port Y of cell gated_delta_d16_bram.$flatten\u_pe.$sub$/Users/toprakgundogdu/qwen-ffn-rom/rtl/gated_delta_bram.v:269$2067 ($sub).
Removed top 23 bits (of 32) from port A of cell gated_delta_d16_bram.$flatten\u_pe.$mul$/Users/toprakgundogdu/qwen-ffn-rom/rtl/gated_delta_bram.v:269$2065 ($mul).
Converting cell gated_delta_d16_bram.$flatten\u_pe.$sub$/Users/toprakgundogdu/qwen-ffn-rom/rtl/gated_delta_bram.v:269$2064 ($sub) from unsigned to signed.
Removed top 24 bits (of 32) from port A of cell gated_delta_d16_bram.$flatten\u_pe.$sub$/Users/toprakgundogdu/qwen-ffn-rom/rtl/gated_delta_bram.v:269$2064 ($sub).
Removed top 8 bits (of 32) from port B of cell gated_delta_d16_bram.$flatten\u_pe.$sub$/Users/toprakgundogdu/qwen-ffn-rom/rtl/gated_delta_bram.v:269$2064 ($sub).
Removed top 7 bits (of 32) from port Y of cell gated_delta_d16_bram.$flatten\u_pe.$sub$/Users/toprakgundogdu/qwen-ffn-rom/rtl/gated_delta_bram.v:269$2064 ($sub).
Removed top 23 bits (of 32) from port A of cell gated_delta_d16_bram.$flatten\u_pe.$mul$/Users/toprakgundogdu/qwen-ffn-rom/rtl/gated_delta_bram.v:269$2062 ($mul).
Converting cell gated_delta_d16_bram.$flatten\u_pe.$sub$/Users/toprakgundogdu/qwen-ffn-rom/rtl/gated_delta_bram.v:269$2061 ($sub) from unsigned to signed.
Removed top 24 bits (of 32) from port A of cell gated_delta_d16_bram.$flatten\u_pe.$sub$/Users/toprakgundogdu/qwen-ffn-rom/rtl/gated_delta_bram.v:269$2061 ($sub).
Removed top 8 bits (of 32) from port B of cell gated_delta_d16_bram.$flatten\u_pe.$sub$/Users/toprakgundogdu/qwen-ffn-rom/rtl/gated_delta_bram.v:269$2061 ($sub).
Removed top 7 bits (of 32) from port Y of cell gated_delta_d16_bram.$flatten\u_pe.$sub$/Users/toprakgundogdu/qwen-ffn-rom/rtl/gated_delta_bram.v:269$2061 ($sub).
Removed top 23 bits (of 32) from port A of cell gated_delta_d16_bram.$flatten\u_pe.$mul$/Users/toprakgundogdu/qwen-ffn-rom/rtl/gated_delta_bram.v:269$2059 ($mul).
Converting cell gated_delta_d16_bram.$flatten\u_pe.$sub$/Users/toprakgundogdu/qwen-ffn-rom/rtl/gated_delta_bram.v:269$2058 ($sub) from unsigned to signed.
Removed top 24 bits (of 32) from port A of cell gated_delta_d16_bram.$flatten\u_pe.$sub$/Users/toprakgundogdu/qwen-ffn-rom/rtl/gated_delta_bram.v:269$2058 ($sub).
Removed top 8 bits (of 32) from port B of cell gated_delta_d16_bram.$flatten\u_pe.$sub$/Users/toprakgundogdu/qwen-ffn-rom/rtl/gated_delta_bram.v:269$2058 ($sub).
Removed top 7 bits (of 32) from port Y of cell gated_delta_d16_bram.$flatten\u_pe.$sub$/Users/toprakgundogdu/qwen-ffn-rom/rtl/gated_delta_bram.v:269$2058 ($sub).
Removed top 23 bits (of 32) from port A of cell gated_delta_d16_bram.$flatten\u_pe.$mul$/Users/toprakgundogdu/qwen-ffn-rom/rtl/gated_delta_bram.v:269$2056 ($mul).
Converting cell gated_delta_d16_bram.$flatten\u_pe.$sub$/Users/toprakgundogdu/qwen-ffn-rom/rtl/gated_delta_bram.v:269$2055 ($sub) from unsigned to signed.
Removed top 24 bits (of 32) from port A of cell gated_delta_d16_bram.$flatten\u_pe.$sub$/Users/toprakgundogdu/qwen-ffn-rom/rtl/gated_delta_bram.v:269$2055 ($sub).
Removed top 8 bits (of 32) from port B of cell gated_delta_d16_bram.$flatten\u_pe.$sub$/Users/toprakgundogdu/qwen-ffn-rom/rtl/gated_delta_bram.v:269$2055 ($sub).
Removed top 7 bits (of 32) from port Y of cell gated_delta_d16_bram.$flatten\u_pe.$sub$/Users/toprakgundogdu/qwen-ffn-rom/rtl/gated_delta_bram.v:269$2055 ($sub).
Removed top 23 bits (of 32) from port A of cell gated_delta_d16_bram.$flatten\u_pe.$mul$/Users/toprakgundogdu/qwen-ffn-rom/rtl/gated_delta_bram.v:269$2053 ($mul).
Converting cell gated_delta_d16_bram.$flatten\u_pe.$sub$/Users/toprakgundogdu/qwen-ffn-rom/rtl/gated_delta_bram.v:269$2052 ($sub) from unsigned to signed.
Removed top 24 bits (of 32) from port A of cell gated_delta_d16_bram.$flatten\u_pe.$sub$/Users/toprakgundogdu/qwen-ffn-rom/rtl/gated_delta_bram.v:269$2052 ($sub).
Removed top 8 bits (of 32) from port B of cell gated_delta_d16_bram.$flatten\u_pe.$sub$/Users/toprakgundogdu/qwen-ffn-rom/rtl/gated_delta_bram.v:269$2052 ($sub).
Removed top 7 bits (of 32) from port Y of cell gated_delta_d16_bram.$flatten\u_pe.$sub$/Users/toprakgundogdu/qwen-ffn-rom/rtl/gated_delta_bram.v:269$2052 ($sub).
Removed top 23 bits (of 32) from port A of cell gated_delta_d16_bram.$flatten\u_pe.$mul$/Users/toprakgundogdu/qwen-ffn-rom/rtl/gated_delta_bram.v:269$2050 ($mul).
Converting cell gated_delta_d16_bram.$flatten\u_pe.$sub$/Users/toprakgundogdu/qwen-ffn-rom/rtl/gated_delta_bram.v:269$2049 ($sub) from unsigned to signed.
Removed top 24 bits (of 32) from port A of cell gated_delta_d16_bram.$flatten\u_pe.$sub$/Users/toprakgundogdu/qwen-ffn-rom/rtl/gated_delta_bram.v:269$2049 ($sub).
Removed top 8 bits (of 32) from port B of cell gated_delta_d16_bram.$flatten\u_pe.$sub$/Users/toprakgundogdu/qwen-ffn-rom/rtl/gated_delta_bram.v:269$2049 ($sub).
Removed top 7 bits (of 32) from port Y of cell gated_delta_d16_bram.$flatten\u_pe.$sub$/Users/toprakgundogdu/qwen-ffn-rom/rtl/gated_delta_bram.v:269$2049 ($sub).
Removed top 23 bits (of 32) from port A of cell gated_delta_d16_bram.$flatten\u_pe.$mul$/Users/toprakgundogdu/qwen-ffn-rom/rtl/gated_delta_bram.v:269$2047 ($mul).
Converting cell gated_delta_d16_bram.$flatten\u_pe.$sub$/Users/toprakgundogdu/qwen-ffn-rom/rtl/gated_delta_bram.v:269$2046 ($sub) from unsigned to signed.
Removed top 24 bits (of 32) from port A of cell gated_delta_d16_bram.$flatten\u_pe.$sub$/Users/toprakgundogdu/qwen-ffn-rom/rtl/gated_delta_bram.v:269$2046 ($sub).
Removed top 8 bits (of 32) from port B of cell gated_delta_d16_bram.$flatten\u_pe.$sub$/Users/toprakgundogdu/qwen-ffn-rom/rtl/gated_delta_bram.v:269$2046 ($sub).
Removed top 7 bits (of 32) from port Y of cell gated_delta_d16_bram.$flatten\u_pe.$sub$/Users/toprakgundogdu/qwen-ffn-rom/rtl/gated_delta_bram.v:269$2046 ($sub).
Removed top 23 bits (of 32) from port A of cell gated_delta_d16_bram.$flatten\u_pe.$mul$/Users/toprakgundogdu/qwen-ffn-rom/rtl/gated_delta_bram.v:269$2044 ($mul).
Converting cell gated_delta_d16_bram.$flatten\u_pe.$sub$/Users/toprakgundogdu/qwen-ffn-rom/rtl/gated_delta_bram.v:269$2043 ($sub) from unsigned to signed.
Removed top 24 bits (of 32) from port A of cell gated_delta_d16_bram.$flatten\u_pe.$sub$/Users/toprakgundogdu/qwen-ffn-rom/rtl/gated_delta_bram.v:269$2043 ($sub).
Removed top 8 bits (of 32) from port B of cell gated_delta_d16_bram.$flatten\u_pe.$sub$/Users/toprakgundogdu/qwen-ffn-rom/rtl/gated_delta_bram.v:269$2043 ($sub).
Removed top 7 bits (of 32) from port Y of cell gated_delta_d16_bram.$flatten\u_pe.$sub$/Users/toprakgundogdu/qwen-ffn-rom/rtl/gated_delta_bram.v:269$2043 ($sub).
Removed top 23 bits (of 32) from port A of cell gated_delta_d16_bram.$flatten\u_pe.$mul$/Users/toprakgundogdu/qwen-ffn-rom/rtl/gated_delta_bram.v:269$2041 ($mul).
Converting cell gated_delta_d16_bram.$flatten\u_pe.$sub$/Users/toprakgundogdu/qwen-ffn-rom/rtl/gated_delta_bram.v:269$2040 ($sub) from unsigned to signed.
Removed top 24 bits (of 32) from port A of cell gated_delta_d16_bram.$flatten\u_pe.$sub$/Users/toprakgundogdu/qwen-ffn-rom/rtl/gated_delta_bram.v:269$2040 ($sub).
Removed top 8 bits (of 32) from port B of cell gated_delta_d16_bram.$flatten\u_pe.$sub$/Users/toprakgundogdu/qwen-ffn-rom/rtl/gated_delta_bram.v:269$2040 ($sub).
Removed top 7 bits (of 32) from port Y of cell gated_delta_d16_bram.$flatten\u_pe.$sub$/Users/toprakgundogdu/qwen-ffn-rom/rtl/gated_delta_bram.v:269$2040 ($sub).
Removed top 23 bits (of 32) from port A of cell gated_delta_d16_bram.$flatten\u_pe.$mul$/Users/toprakgundogdu/qwen-ffn-rom/rtl/gated_delta_bram.v:269$2038 ($mul).
Converting cell gated_delta_d16_bram.$flatten\u_pe.$sub$/Users/toprakgundogdu/qwen-ffn-rom/rtl/gated_delta_bram.v:269$2037 ($sub) from unsigned to signed.
Removed top 24 bits (of 32) from port A of cell gated_delta_d16_bram.$flatten\u_pe.$sub$/Users/toprakgundogdu/qwen-ffn-rom/rtl/gated_delta_bram.v:269$2037 ($sub).
Removed top 8 bits (of 32) from port B of cell gated_delta_d16_bram.$flatten\u_pe.$sub$/Users/toprakgundogdu/qwen-ffn-rom/rtl/gated_delta_bram.v:269$2037 ($sub).
Removed top 7 bits (of 32) from port Y of cell gated_delta_d16_bram.$flatten\u_pe.$sub$/Users/toprakgundogdu/qwen-ffn-rom/rtl/gated_delta_bram.v:269$2037 ($sub).
Removed top 23 bits (of 32) from port A of cell gated_delta_d16_bram.$flatten\u_pe.$mul$/Users/toprakgundogdu/qwen-ffn-rom/rtl/gated_delta_bram.v:269$2035 ($mul).
Converting cell gated_delta_d16_bram.$flatten\u_pe.$sub$/Users/toprakgundogdu/qwen-ffn-rom/rtl/gated_delta_bram.v:269$2034 ($sub) from unsigned to signed.
Removed top 24 bits (of 32) from port A of cell gated_delta_d16_bram.$flatten\u_pe.$sub$/Users/toprakgundogdu/qwen-ffn-rom/rtl/gated_delta_bram.v:269$2034 ($sub).
Removed top 8 bits (of 32) from port B of cell gated_delta_d16_bram.$flatten\u_pe.$sub$/Users/toprakgundogdu/qwen-ffn-rom/rtl/gated_delta_bram.v:269$2034 ($sub).
Removed top 7 bits (of 32) from port Y of cell gated_delta_d16_bram.$flatten\u_pe.$sub$/Users/toprakgundogdu/qwen-ffn-rom/rtl/gated_delta_bram.v:269$2034 ($sub).
Removed top 23 bits (of 32) from port A of cell gated_delta_d16_bram.$flatten\u_pe.$mul$/Users/toprakgundogdu/qwen-ffn-rom/rtl/gated_delta_bram.v:269$2032 ($mul).
Converting cell gated_delta_d16_bram.$flatten\u_pe.$sub$/Users/toprakgundogdu/qwen-ffn-rom/rtl/gated_delta_bram.v:269$2031 ($sub) from unsigned to signed.
Removed top 24 bits (of 32) from port A of cell gated_delta_d16_bram.$flatten\u_pe.$sub$/Users/toprakgundogdu/qwen-ffn-rom/rtl/gated_delta_bram.v:269$2031 ($sub).
Removed top 8 bits (of 32) from port B of cell gated_delta_d16_bram.$flatten\u_pe.$sub$/Users/toprakgundogdu/qwen-ffn-rom/rtl/gated_delta_bram.v:269$2031 ($sub).
Removed top 7 bits (of 32) from port Y of cell gated_delta_d16_bram.$flatten\u_pe.$sub$/Users/toprakgundogdu/qwen-ffn-rom/rtl/gated_delta_bram.v:269$2031 ($sub).
Removed top 23 bits (of 32) from port A of cell gated_delta_d16_bram.$flatten\u_pe.$mul$/Users/toprakgundogdu/qwen-ffn-rom/rtl/gated_delta_bram.v:269$2029 ($mul).
Converting cell gated_delta_d16_bram.$flatten\u_pe.$sub$/Users/toprakgundogdu/qwen-ffn-rom/rtl/gated_delta_bram.v:269$2028 ($sub) from unsigned to signed.
Removed top 24 bits (of 32) from port A of cell gated_delta_d16_bram.$flatten\u_pe.$sub$/Users/toprakgundogdu/qwen-ffn-rom/rtl/gated_delta_bram.v:269$2028 ($sub).
Removed top 8 bits (of 32) from port B of cell gated_delta_d16_bram.$flatten\u_pe.$sub$/Users/toprakgundogdu/qwen-ffn-rom/rtl/gated_delta_bram.v:269$2028 ($sub).
Removed top 7 bits (of 32) from port Y of cell gated_delta_d16_bram.$flatten\u_pe.$sub$/Users/toprakgundogdu/qwen-ffn-rom/rtl/gated_delta_bram.v:269$2028 ($sub).
Removed top 23 bits (of 32) from port A of cell gated_delta_d16_bram.$flatten\u_pe.$mul$/Users/toprakgundogdu/qwen-ffn-rom/rtl/gated_delta_bram.v:269$2026 ($mul).
Converting cell gated_delta_d16_bram.$flatten\u_pe.$sub$/Users/toprakgundogdu/qwen-ffn-rom/rtl/gated_delta_bram.v:269$2025 ($sub) from unsigned to signed.
Removed top 24 bits (of 32) from port A of cell gated_delta_d16_bram.$flatten\u_pe.$sub$/Users/toprakgundogdu/qwen-ffn-rom/rtl/gated_delta_bram.v:269$2025 ($sub).
Removed top 8 bits (of 32) from port B of cell gated_delta_d16_bram.$flatten\u_pe.$sub$/Users/toprakgundogdu/qwen-ffn-rom/rtl/gated_delta_bram.v:269$2025 ($sub).
Removed top 7 bits (of 32) from port Y of cell gated_delta_d16_bram.$flatten\u_pe.$sub$/Users/toprakgundogdu/qwen-ffn-rom/rtl/gated_delta_bram.v:269$2025 ($sub).
Removed top 27 bits (of 32) from port B of cell gated_delta_d16_bram.$flatten\u_pe.$lt$/Users/toprakgundogdu/qwen-ffn-rom/rtl/gated_delta_bram.v:174$1895 ($lt).
Removed top 7 bits (of 32) from port B of cell gated_delta_d16_bram.$flatten\u_pe.$mul$/Users/toprakgundogdu/qwen-ffn-rom/rtl/gated_delta_bram.v:269$2071 ($mul).
Removed top 7 bits (of 32) from port B of cell gated_delta_d16_bram.$flatten\u_pe.$mul$/Users/toprakgundogdu/qwen-ffn-rom/rtl/gated_delta_bram.v:269$2068 ($mul).
Removed top 7 bits (of 32) from port B of cell gated_delta_d16_bram.$flatten\u_pe.$mul$/Users/toprakgundogdu/qwen-ffn-rom/rtl/gated_delta_bram.v:269$2065 ($mul).
Removed top 7 bits (of 32) from port B of cell gated_delta_d16_bram.$flatten\u_pe.$mul$/Users/toprakgundogdu/qwen-ffn-rom/rtl/gated_delta_bram.v:269$2062 ($mul).
Removed top 7 bits (of 32) from port B of cell gated_delta_d16_bram.$flatten\u_pe.$mul$/Users/toprakgundogdu/qwen-ffn-rom/rtl/gated_delta_bram.v:269$2059 ($mul).
Removed top 7 bits (of 32) from port B of cell gated_delta_d16_bram.$flatten\u_pe.$mul$/Users/toprakgundogdu/qwen-ffn-rom/rtl/gated_delta_bram.v:269$2056 ($mul).
Removed top 7 bits (of 32) from port B of cell gated_delta_d16_bram.$flatten\u_pe.$mul$/Users/toprakgundogdu/qwen-ffn-rom/rtl/gated_delta_bram.v:269$2053 ($mul).
Removed top 7 bits (of 32) from port B of cell gated_delta_d16_bram.$flatten\u_pe.$mul$/Users/toprakgundogdu/qwen-ffn-rom/rtl/gated_delta_bram.v:269$2050 ($mul).
Removed top 7 bits (of 32) from port B of cell gated_delta_d16_bram.$flatten\u_pe.$mul$/Users/toprakgundogdu/qwen-ffn-rom/rtl/gated_delta_bram.v:269$2047 ($mul).
Removed top 7 bits (of 32) from port B of cell gated_delta_d16_bram.$flatten\u_pe.$mul$/Users/toprakgundogdu/qwen-ffn-rom/rtl/gated_delta_bram.v:269$2044 ($mul).
Removed top 7 bits (of 32) from port B of cell gated_delta_d16_bram.$flatten\u_pe.$mul$/Users/toprakgundogdu/qwen-ffn-rom/rtl/gated_delta_bram.v:269$2041 ($mul).
Removed top 7 bits (of 32) from port B of cell gated_delta_d16_bram.$flatten\u_pe.$mul$/Users/toprakgundogdu/qwen-ffn-rom/rtl/gated_delta_bram.v:269$2038 ($mul).
Removed top 7 bits (of 32) from port B of cell gated_delta_d16_bram.$flatten\u_pe.$mul$/Users/toprakgundogdu/qwen-ffn-rom/rtl/gated_delta_bram.v:269$2035 ($mul).
Removed top 7 bits (of 32) from port B of cell gated_delta_d16_bram.$flatten\u_pe.$mul$/Users/toprakgundogdu/qwen-ffn-rom/rtl/gated_delta_bram.v:269$2032 ($mul).
Removed top 7 bits (of 32) from port B of cell gated_delta_d16_bram.$flatten\u_pe.$mul$/Users/toprakgundogdu/qwen-ffn-rom/rtl/gated_delta_bram.v:269$2029 ($mul).
Removed top 7 bits (of 32) from port B of cell gated_delta_d16_bram.$flatten\u_pe.$mul$/Users/toprakgundogdu/qwen-ffn-rom/rtl/gated_delta_bram.v:269$2026 ($mul).

9.14. Executing PEEPOPT pass (run peephole optimizers).

9.15. Executing OPT_CLEAN pass (remove unused cells and wires).
Finding unused cells or wires in module \gated_delta_d16_bram..

9.16. Executing PMUX2SHIFTX pass.
Inspecting $pmux cell gated_delta_d16_bram/$flatten\u_pe.$procmux$3114.
  data width: 8 (next power-of-2 = 8, log2 = 3)
  checking ctrl signal \u_pe.row
    best permutation: \u_pe.row
    best xor mask: 4'0000
      0: 4'1111 -> 4'1111 -> 4'1111: \u_pe.q_r[15]
      1: 4'1110 -> 4'1110 -> 4'1110: \u_pe.q_r[14]
      2: 4'1101 -> 4'1101 -> 4'1101: \u_pe.q_r[13]
      3: 4'1100 -> 4'1100 -> 4'1100: \u_pe.q_r[12]
      4: 4'1011 -> 4'1011 -> 4'1011: \u_pe.q_r[11]
      5: 4'1010 -> 4'1010 -> 4'1010: \u_pe.q_r[10]
      6: 4'1001 -> 4'1001 -> 4'1001: \u_pe.q_r[9]
      7: 4'1000 -> 4'1000 -> 4'1000: \u_pe.q_r[8]
      8: 4'0111 -> 4'0111 -> 4'0111: \u_pe.q_r[7]
      9: 4'0110 -> 4'0110 -> 4'0110: \u_pe.q_r[6]
     10: 4'0101 -> 4'0101 -> 4'0101: \u_pe.q_r[5]
     11: 4'0100 -> 4'0100 -> 4'0100: \u_pe.q_r[4]
     12: 4'0011 -> 4'0011 -> 4'0011: \u_pe.q_r[3]
     13: 4'0010 -> 4'0010 -> 4'0010: \u_pe.q_r[2]
     14: 4'0001 -> 4'0001 -> 4'0001: \u_pe.q_r[1]
     15: 4'0000 -> 4'0000 -> 4'0000: \u_pe.q_r[0]
    choices: 16
    min choice: 0
    max choice: 15
    range density: 100%
    absolute density: 100%
    full density: 100%
    update to full case.
    new min choice: 0
    new max choice: 15
    full case: true
    created $shiftx cell $auto$pmux2shiftx.cc:714:execute$8750.
Inspecting $pmux cell gated_delta_d16_bram/$flatten\u_pe.$procmux$3131.
  data width: 8 (next power-of-2 = 8, log2 = 3)
  checking ctrl signal \u_pe.row
    best permutation: \u_pe.row
    best xor mask: 4'0000
      0: 4'1111 -> 4'1111 -> 4'1111: \u_pe.k_r[15]
      1: 4'1110 -> 4'1110 -> 4'1110: \u_pe.k_r[14]
      2: 4'1101 -> 4'1101 -> 4'1101: \u_pe.k_r[13]
      3: 4'1100 -> 4'1100 -> 4'1100: \u_pe.k_r[12]
      4: 4'1011 -> 4'1011 -> 4'1011: \u_pe.k_r[11]
      5: 4'1010 -> 4'1010 -> 4'1010: \u_pe.k_r[10]
      6: 4'1001 -> 4'1001 -> 4'1001: \u_pe.k_r[9]
      7: 4'1000 -> 4'1000 -> 4'1000: \u_pe.k_r[8]
      8: 4'0111 -> 4'0111 -> 4'0111: \u_pe.k_r[7]
      9: 4'0110 -> 4'0110 -> 4'0110: \u_pe.k_r[6]
     10: 4'0101 -> 4'0101 -> 4'0101: \u_pe.k_r[5]
     11: 4'0100 -> 4'0100 -> 4'0100: \u_pe.k_r[4]
     12: 4'0011 -> 4'0011 -> 4'0011: \u_pe.k_r[3]
     13: 4'0010 -> 4'0010 -> 4'0010: \u_pe.k_r[2]
     14: 4'0001 -> 4'0001 -> 4'0001: \u_pe.k_r[1]
     15: 4'0000 -> 4'0000 -> 4'0000: \u_pe.k_r[0]
    choices: 16
    min choice: 0
    max choice: 15
    range density: 100%
    absolute density: 100%
    full density: 100%
    update to full case.
    new min choice: 0
    new max choice: 15
    full case: true
    created $shiftx cell $auto$pmux2shiftx.cc:714:execute$8752.
Removed 14 unused cells and 14 unused wires.

9.17. Executing SORT pass.

9.18. Executing MEMORY_DFF pass (merging $dff cells to $memrd).
Checking read port `\u_pe.lanes[0].u_s.mem'[0] in module `\gated_delta_d16_bram': merging output FF to cell.
    Write port 0: non-transparent.
Checking read port `\u_pe.lanes[10].u_s.mem'[0] in module `\gated_delta_d16_bram': merging output FF to cell.
    Write port 0: non-transparent.
Checking read port `\u_pe.lanes[11].u_s.mem'[0] in module `\gated_delta_d16_bram': merging output FF to cell.
    Write port 0: non-transparent.
Checking read port `\u_pe.lanes[12].u_s.mem'[0] in module `\gated_delta_d16_bram': merging output FF to cell.
    Write port 0: non-transparent.
Checking read port `\u_pe.lanes[13].u_s.mem'[0] in module `\gated_delta_d16_bram': merging output FF to cell.
    Write port 0: non-transparent.
Checking read port `\u_pe.lanes[14].u_s.mem'[0] in module `\gated_delta_d16_bram': merging output FF to cell.
    Write port 0: non-transparent.
Checking read port `\u_pe.lanes[15].u_s.mem'[0] in module `\gated_delta_d16_bram': merging output FF to cell.
    Write port 0: non-transparent.
Checking read port `\u_pe.lanes[1].u_s.mem'[0] in module `\gated_delta_d16_bram': merging output FF to cell.
    Write port 0: non-transparent.
Checking read port `\u_pe.lanes[2].u_s.mem'[0] in module `\gated_delta_d16_bram': merging output FF to cell.
    Write port 0: non-transparent.
Checking read port `\u_pe.lanes[3].u_s.mem'[0] in module `\gated_delta_d16_bram': merging output FF to cell.
    Write port 0: non-transparent.
Checking read port `\u_pe.lanes[4].u_s.mem'[0] in module `\gated_delta_d16_bram': merging output FF to cell.
    Write port 0: non-transparent.
Checking read port `\u_pe.lanes[5].u_s.mem'[0] in module `\gated_delta_d16_bram': merging output FF to cell.
    Write port 0: non-transparent.
Checking read port `\u_pe.lanes[6].u_s.mem'[0] in module `\gated_delta_d16_bram': merging output FF to cell.
    Write port 0: non-transparent.
Checking read port `\u_pe.lanes[7].u_s.mem'[0] in module `\gated_delta_d16_bram': merging output FF to cell.
    Write port 0: non-transparent.
Checking read port `\u_pe.lanes[8].u_s.mem'[0] in module `\gated_delta_d16_bram': merging output FF to cell.
    Write port 0: non-transparent.
Checking read port `\u_pe.lanes[9].u_s.mem'[0] in module `\gated_delta_d16_bram': merging output FF to cell.
    Write port 0: non-transparent.

9.19. Executing TECHMAP pass (map to technology primitives).

9.19.1. Executing Verilog-2005 frontend: /opt/homebrew/bin/../share/yosys/mul2dsp.v
Parsing Verilog input from `/opt/homebrew/bin/../share/yosys/mul2dsp.v' to AST representation.
Generating RTLIL representation for module `\_80_mul'.
Generating RTLIL representation for module `\_90_soft_mul'.
Successfully finished Verilog frontend.

9.19.2. Executing Verilog-2005 frontend: /opt/homebrew/bin/../share/yosys/xilinx/xc7_dsp_map.v
Parsing Verilog input from `/opt/homebrew/bin/../share/yosys/xilinx/xc7_dsp_map.v' to AST representation.
Generating RTLIL representation for module `$__MUL25X18'.
Successfully finished Verilog frontend.

9.19.3. Continuing TECHMAP pass.
Using template $paramod$dc46c3ed97a5247093cd744a1c19e7b88d352960\_80_mul for cells of type $mul.
Using template $paramod$9af6eabf92bac0762cbdc1ac5dde4de77d7a4a2b\_80_mul for cells of type $mul.
Using template $paramod$9a1cb6e288a314d418a6b0f23def4b27695349df\_80_mul for cells of type $__mul.
Using template $paramod$8358aa7f411020b59edf5c8d8f907fa29aa178ea\_80_mul for cells of type $__mul.
Using template $paramod$9ae7d9d5d3f3cb145df3e4c8d80c2239a8214c2a\_80_mul for cells of type $mul.
Using template $paramod$aaae69e6de023b07ad35936aca2bd1a45a9c4a26\_80_mul for cells of type $__mul.
Using template $paramod$054307b1cd031cce8e59fb1237b1c69060d4148b\_80_mul for cells of type $__mul.
Using template $paramod$b326ef45623603cb0c298ae1eaab5028a2154cf7\_80_mul for cells of type $__mul.
Using template $paramod$7501678ae3760962b25a849efeb48508399ea479\_80_mul for cells of type $__mul.
Using template $paramod$f906d7f261f5ce278e10550e2aba0dd6ea30f97e$__MUL25X18 for cells of type $__MUL25X18.
Using template $paramod$f2e2bad94cfdd8f5f7938f46611dae767f3f6cf3$__MUL25X18 for cells of type $__MUL25X18.
Using template $paramod$d789cfd40e9249bf4ee0c028d004ab5445fb938e$__MUL25X18 for cells of type $__MUL25X18.
No more expansions possible.
<suppressed ~971 debug messages>

9.20. Executing OPT_EXPR pass (perform const folding).
Optimizing module gated_delta_d16_bram.
<suppressed ~48 debug messages>

9.21. Executing WREDUCE pass (reducing word size of cells).
Removed top 14 bits (of 30) from port B of cell gated_delta_d16_bram.$techmap$flatten\u_pe.$mul$/Users/toprakgundogdu/qwen-ffn-rom/rtl/gated_delta_bram.v:209$1912.genblk1.genblk1.genblk1.genblk1.genblk1.genblk1.genblk1.sliceA.last.$add$/opt/homebrew/bin/../share/yosys/mul2dsp.v:232$9052 ($add).
Removed top 17 bits (of 30) from port Y of cell gated_delta_d16_bram.$techmap$flatten\u_pe.$mul$/Users/toprakgundogdu/qwen-ffn-rom/rtl/gated_delta_bram.v:209$1912.genblk1.genblk1.genblk1.genblk1.genblk1.genblk1.genblk1.sliceA.last.$add$/opt/homebrew/bin/../share/yosys/mul2dsp.v:232$9052 ($add).
Removed top 17 bits (of 30) from port A of cell gated_delta_d16_bram.$techmap$flatten\u_pe.$mul$/Users/toprakgundogdu/qwen-ffn-rom/rtl/gated_delta_bram.v:209$1912.genblk1.genblk1.genblk1.genblk1.genblk1.genblk1.genblk1.sliceA.last.$add$/opt/homebrew/bin/../share/yosys/mul2dsp.v:232$9052 ($add).
Removed top 3 bits (of 16) from port B of cell gated_delta_d16_bram.$techmap$flatten\u_pe.$mul$/Users/toprakgundogdu/qwen-ffn-rom/rtl/gated_delta_bram.v:209$1912.genblk1.genblk1.genblk1.genblk1.genblk1.genblk1.genblk1.sliceA.last.$add$/opt/homebrew/bin/../share/yosys/mul2dsp.v:232$9052 ($add).
Removed top 1 bits (of 16) from port Y of cell gated_delta_d16_bram.$techmap$flatten\u_pe.$mul$/Users/toprakgundogdu/qwen-ffn-rom/rtl/gated_delta_bram.v:209$1912.genblk1.genblk1.genblk1.genblk1.genblk1.genblk1.genblk1.sliceA[0].mul.$add$/opt/homebrew/bin/../share/yosys/mul2dsp.v:232$9048 ($add).
Removed top 1 bits (of 16) from port A of cell gated_delta_d16_bram.$techmap$flatten\u_pe.$mul$/Users/toprakgundogdu/qwen-ffn-rom/rtl/gated_delta_bram.v:209$1912.genblk1.genblk1.genblk1.genblk1.genblk1.genblk1.genblk1.sliceA[0].mul.$add$/opt/homebrew/bin/../share/yosys/mul2dsp.v:232$9048 ($add).
Removed top 14 bits (of 30) from port B of cell gated_delta_d16_bram.$techmap$flatten\u_pe.$mul$/Users/toprakgundogdu/qwen-ffn-rom/rtl/gated_delta_bram.v:209$1911.genblk1.genblk1.genblk1.genblk1.genblk1.genblk1.genblk1.sliceA.last.$add$/opt/homebrew/bin/../share/yosys/mul2dsp.v:232$9052 ($add).
Removed top 17 bits (of 30) from port Y of cell gated_delta_d16_bram.$techmap$flatten\u_pe.$mul$/Users/toprakgundogdu/qwen-ffn-rom/rtl/gated_delta_bram.v:209$1911.genblk1.genblk1.genblk1.genblk1.genblk1.genblk1.genblk1.sliceA.last.$add$/opt/homebrew/bin/../share/yosys/mul2dsp.v:232$9052 ($add).
Removed top 17 bits (of 30) from port A of cell gated_delta_d16_bram.$techmap$flatten\u_pe.$mul$/Users/toprakgundogdu/qwen-ffn-rom/rtl/gated_delta_bram.v:209$1911.genblk1.genblk1.genblk1.genblk1.genblk1.genblk1.genblk1.sliceA.last.$add$/opt/homebrew/bin/../share/yosys/mul2dsp.v:232$9052 ($add).
Removed top 3 bits (of 16) from port B of cell gated_delta_d16_bram.$techmap$flatten\u_pe.$mul$/Users/toprakgundogdu/qwen-ffn-rom/rtl/gated_delta_bram.v:209$1911.genblk1.genblk1.genblk1.genblk1.genblk1.genblk1.genblk1.sliceA.last.$add$/opt/homebrew/bin/../share/yosys/mul2dsp.v:232$9052 ($add).
Removed top 1 bits (of 16) from port Y of cell gated_delta_d16_bram.$techmap$flatten\u_pe.$mul$/Users/toprakgundogdu/qwen-ffn-rom/rtl/gated_delta_bram.v:209$1911.genblk1.genblk1.genblk1.genblk1.genblk1.genblk1.genblk1.sliceA[0].mul.$add$/opt/homebrew/bin/../share/yosys/mul2dsp.v:232$9048 ($add).
Removed top 1 bits (of 16) from port A of cell gated_delta_d16_bram.$techmap$flatten\u_pe.$mul$/Users/toprakgundogdu/qwen-ffn-rom/rtl/gated_delta_bram.v:209$1911.genblk1.genblk1.genblk1.genblk1.genblk1.genblk1.genblk1.sliceA[0].mul.$add$/opt/homebrew/bin/../share/yosys/mul2dsp.v:232$9048 ($add).
Removed top 14 bits (of 30) from port B of cell gated_delta_d16_bram.$techmap$flatten\u_pe.$mul$/Users/toprakgundogdu/qwen-ffn-rom/rtl/gated_delta_bram.v:209$1910.genblk1.genblk1.genblk1.genblk1.genblk1.genblk1.genblk1.sliceA.last.$add$/opt/homebrew/bin/../share/yosys/mul2dsp.v:232$9052 ($add).
Removed top 17 bits (of 30) from port Y of cell gated_delta_d16_bram.$techmap$flatten\u_pe.$mul$/Users/toprakgundogdu/qwen-ffn-rom/rtl/gated_delta_bram.v:209$1910.genblk1.genblk1.genblk1.genblk1.genblk1.genblk1.genblk1.sliceA.last.$add$/opt/homebrew/bin/../share/yosys/mul2dsp.v:232$9052 ($add).
Removed top 17 bits (of 30) from port A of cell gated_delta_d16_bram.$techmap$flatten\u_pe.$mul$/Users/toprakgundogdu/qwen-ffn-rom/rtl/gated_delta_bram.v:209$1910.genblk1.genblk1.genblk1.genblk1.genblk1.genblk1.genblk1.sliceA.last.$add$/opt/homebrew/bin/../share/yosys/mul2dsp.v:232$9052 ($add).
Removed top 3 bits (of 16) from port B of cell gated_delta_d16_bram.$techmap$flatten\u_pe.$mul$/Users/toprakgundogdu/qwen-ffn-rom/rtl/gated_delta_bram.v:209$1910.genblk1.genblk1.genblk1.genblk1.genblk1.genblk1.genblk1.sliceA.last.$add$/opt/homebrew/bin/../share/yosys/mul2dsp.v:232$9052 ($add).
Removed top 1 bits (of 16) from port Y of cell gated_delta_d16_bram.$techmap$flatten\u_pe.$mul$/Users/toprakgundogdu/qwen-ffn-rom/rtl/gated_delta_bram.v:209$1910.genblk1.genblk1.genblk1.genblk1.genblk1.genblk1.genblk1.sliceA[0].mul.$add$/opt/homebrew/bin/../share/yosys/mul2dsp.v:232$9048 ($add).
Removed top 1 bits (of 16) from port A of cell gated_delta_d16_bram.$techmap$flatten\u_pe.$mul$/Users/toprakgundogdu/qwen-ffn-rom/rtl/gated_delta_bram.v:209$1910.genblk1.genblk1.genblk1.genblk1.genblk1.genblk1.genblk1.sliceA[0].mul.$add$/opt/homebrew/bin/../share/yosys/mul2dsp.v:232$9048 ($add).
Removed top 14 bits (of 30) from port B of cell gated_delta_d16_bram.$techmap$flatten\u_pe.$mul$/Users/toprakgundogdu/qwen-ffn-rom/rtl/gated_delta_bram.v:209$1909.genblk1.genblk1.genblk1.genblk1.genblk1.genblk1.genblk1.sliceA.last.$add$/opt/homebrew/bin/../share/yosys/mul2dsp.v:232$9052 ($add).
Removed top 17 bits (of 30) from port Y of cell gated_delta_d16_bram.$techmap$flatten\u_pe.$mul$/Users/toprakgundogdu/qwen-ffn-rom/rtl/gated_delta_bram.v:209$1909.genblk1.genblk1.genblk1.genblk1.genblk1.genblk1.genblk1.sliceA.last.$add$/opt/homebrew/bin/../share/yosys/mul2dsp.v:232$9052 ($add).
Removed top 17 bits (of 30) from port A of cell gated_delta_d16_bram.$techmap$flatten\u_pe.$mul$/Users/toprakgundogdu/qwen-ffn-rom/rtl/gated_delta_bram.v:209$1909.genblk1.genblk1.genblk1.genblk1.genblk1.genblk1.genblk1.sliceA.last.$add$/opt/homebrew/bin/../share/yosys/mul2dsp.v:232$9052 ($add).
Removed top 3 bits (of 16) from port B of cell gated_delta_d16_bram.$techmap$flatten\u_pe.$mul$/Users/toprakgundogdu/qwen-ffn-rom/rtl/gated_delta_bram.v:209$1909.genblk1.genblk1.genblk1.genblk1.genblk1.genblk1.genblk1.sliceA.last.$add$/opt/homebrew/bin/../share/yosys/mul2dsp.v:232$9052 ($add).
Removed top 1 bits (of 16) from port Y of cell gated_delta_d16_bram.$techmap$flatten\u_pe.$mul$/Users/toprakgundogdu/qwen-ffn-rom/rtl/gated_delta_bram.v:209$1909.genblk1.genblk1.genblk1.genblk1.genblk1.genblk1.genblk1.sliceA[0].mul.$add$/opt/homebrew/bin/../share/yosys/mul2dsp.v:232$9048 ($add).
Removed top 1 bits (of 16) from port A of cell gated_delta_d16_bram.$techmap$flatten\u_pe.$mul$/Users/toprakgundogdu/qwen-ffn-rom/rtl/gated_delta_bram.v:209$1909.genblk1.genblk1.genblk1.genblk1.genblk1.genblk1.genblk1.sliceA[0].mul.$add$/opt/homebrew/bin/../share/yosys/mul2dsp.v:232$9048 ($add).
Removed top 14 bits (of 30) from port B of cell gated_delta_d16_bram.$techmap$flatten\u_pe.$mul$/Users/toprakgundogdu/qwen-ffn-rom/rtl/gated_delta_bram.v:209$1908.genblk1.genblk1.genblk1.genblk1.genblk1.genblk1.genblk1.sliceA.last.$add$/opt/homebrew/bin/../share/yosys/mul2dsp.v:232$9052 ($add).
Removed top 17 bits (of 30) from port Y of cell gated_delta_d16_bram.$techmap$flatten\u_pe.$mul$/Users/toprakgundogdu/qwen-ffn-rom/rtl/gated_delta_bram.v:209$1908.genblk1.genblk1.genblk1.genblk1.genblk1.genblk1.genblk1.sliceA.last.$add$/opt/homebrew/bin/../share/yosys/mul2dsp.v:232$9052 ($add).
Removed top 17 bits (of 30) from port A of cell gated_delta_d16_bram.$techmap$flatten\u_pe.$mul$/Users/toprakgundogdu/qwen-ffn-rom/rtl/gated_delta_bram.v:209$1908.genblk1.genblk1.genblk1.genblk1.genblk1.genblk1.genblk1.sliceA.last.$add$/opt/homebrew/bin/../share/yosys/mul2dsp.v:232$9052 ($add).
Removed top 3 bits (of 16) from port B of cell gated_delta_d16_bram.$techmap$flatten\u_pe.$mul$/Users/toprakgundogdu/qwen-ffn-rom/rtl/gated_delta_bram.v:209$1908.genblk1.genblk1.genblk1.genblk1.genblk1.genblk1.genblk1.sliceA.last.$add$/opt/homebrew/bin/../share/yosys/mul2dsp.v:232$9052 ($add).
Removed top 1 bits (of 16) from port Y of cell gated_delta_d16_bram.$techmap$flatten\u_pe.$mul$/Users/toprakgundogdu/qwen-ffn-rom/rtl/gated_delta_bram.v:209$1908.genblk1.genblk1.genblk1.genblk1.genblk1.genblk1.genblk1.sliceA[0].mul.$add$/opt/homebrew/bin/../share/yosys/mul2dsp.v:232$9048 ($add).
Removed top 1 bits (of 16) from port A of cell gated_delta_d16_bram.$techmap$flatten\u_pe.$mul$/Users/toprakgundogdu/qwen-ffn-rom/rtl/gated_delta_bram.v:209$1908.genblk1.genblk1.genblk1.genblk1.genblk1.genblk1.genblk1.sliceA[0].mul.$add$/opt/homebrew/bin/../share/yosys/mul2dsp.v:232$9048 ($add).
Removed top 14 bits (of 30) from port B of cell gated_delta_d16_bram.$techmap$flatten\u_pe.$mul$/Users/toprakgundogdu/qwen-ffn-rom/rtl/gated_delta_bram.v:209$1907.genblk1.genblk1.genblk1.genblk1.genblk1.genblk1.genblk1.sliceA.last.$add$/opt/homebrew/bin/../share/yosys/mul2dsp.v:232$9052 ($add).
Removed top 17 bits (of 30) from port Y of cell gated_delta_d16_bram.$techmap$flatten\u_pe.$mul$/Users/toprakgundogdu/qwen-ffn-rom/rtl/gated_delta_bram.v:209$1907.genblk1.genblk1.genblk1.genblk1.genblk1.genblk1.genblk1.sliceA.last.$add$/opt/homebrew/bin/../share/yosys/mul2dsp.v:232$9052 ($add).
Removed top 17 bits (of 30) from port A of cell gated_delta_d16_bram.$techmap$flatten\u_pe.$mul$/Users/toprakgundogdu/qwen-ffn-rom/rtl/gated_delta_bram.v:209$1907.genblk1.genblk1.genblk1.genblk1.genblk1.genblk1.genblk1.sliceA.last.$add$/opt/homebrew/bin/../share/yosys/mul2dsp.v:232$9052 ($add).
Removed top 3 bits (of 16) from port B of cell gated_delta_d16_bram.$techmap$flatten\u_pe.$mul$/Users/toprakgundogdu/qwen-ffn-rom/rtl/gated_delta_bram.v:209$1907.genblk1.genblk1.genblk1.genblk1.genblk1.genblk1.genblk1.sliceA.last.$add$/opt/homebrew/bin/../share/yosys/mul2dsp.v:232$9052 ($add).
Removed top 1 bits (of 16) from port Y of cell gated_delta_d16_bram.$techmap$flatten\u_pe.$mul$/Users/toprakgundogdu/qwen-ffn-rom/rtl/gated_delta_bram.v:209$1907.genblk1.genblk1.genblk1.genblk1.genblk1.genblk1.genblk1.sliceA[0].mul.$add$/opt/homebrew/bin/../share/yosys/mul2dsp.v:232$9048 ($add).
Removed top 1 bits (of 16) from port A of cell gated_delta_d16_bram.$techmap$flatten\u_pe.$mul$/Users/toprakgundogdu/qwen-ffn-rom/rtl/gated_delta_bram.v:209$1907.genblk1.genblk1.genblk1.genblk1.genblk1.genblk1.genblk1.sliceA[0].mul.$add$/opt/homebrew/bin/../share/yosys/mul2dsp.v:232$9048 ($add).
Removed top 14 bits (of 30) from port B of cell gated_delta_d16_bram.$techmap$flatten\u_pe.$mul$/Users/toprakgundogdu/qwen-ffn-rom/rtl/gated_delta_bram.v:209$1906.genblk1.genblk1.genblk1.genblk1.genblk1.genblk1.genblk1.sliceA.last.$add$/opt/homebrew/bin/../share/yosys/mul2dsp.v:232$9052 ($add).
Removed top 17 bits (of 30) from port Y of cell gated_delta_d16_bram.$techmap$flatten\u_pe.$mul$/Users/toprakgundogdu/qwen-ffn-rom/rtl/gated_delta_bram.v:209$1906.genblk1.genblk1.genblk1.genblk1.genblk1.genblk1.genblk1.sliceA.last.$add$/opt/homebrew/bin/../share/yosys/mul2dsp.v:232$9052 ($add).
Removed top 17 bits (of 30) from port A of cell gated_delta_d16_bram.$techmap$flatten\u_pe.$mul$/Users/toprakgundogdu/qwen-ffn-rom/rtl/gated_delta_bram.v:209$1906.genblk1.genblk1.genblk1.genblk1.genblk1.genblk1.genblk1.sliceA.last.$add$/opt/homebrew/bin/../share/yosys/mul2dsp.v:232$9052 ($add).
Removed top 3 bits (of 16) from port B of cell gated_delta_d16_bram.$techmap$flatten\u_pe.$mul$/Users/toprakgundogdu/qwen-ffn-rom/rtl/gated_delta_bram.v:209$1906.genblk1.genblk1.genblk1.genblk1.genblk1.genblk1.genblk1.sliceA.last.$add$/opt/homebrew/bin/../share/yosys/mul2dsp.v:232$9052 ($add).
Removed top 1 bits (of 16) from port Y of cell gated_delta_d16_bram.$techmap$flatten\u_pe.$mul$/Users/toprakgundogdu/qwen-ffn-rom/rtl/gated_delta_bram.v:209$1906.genblk1.genblk1.genblk1.genblk1.genblk1.genblk1.genblk1.sliceA[0].mul.$add$/opt/homebrew/bin/../share/yosys/mul2dsp.v:232$9048 ($add).
Removed top 1 bits (of 16) from port A of cell gated_delta_d16_bram.$techmap$flatten\u_pe.$mul$/Users/toprakgundogdu/qwen-ffn-rom/rtl/gated_delta_bram.v:209$1906.genblk1.genblk1.genblk1.genblk1.genblk1.genblk1.genblk1.sliceA[0].mul.$add$/opt/homebrew/bin/../share/yosys/mul2dsp.v:232$9048 ($add).
Removed top 14 bits (of 30) from port B of cell gated_delta_d16_bram.$techmap$flatten\u_pe.$mul$/Users/toprakgundogdu/qwen-ffn-rom/rtl/gated_delta_bram.v:209$1905.genblk1.genblk1.genblk1.genblk1.genblk1.genblk1.genblk1.sliceA.last.$add$/opt/homebrew/bin/../share/yosys/mul2dsp.v:232$9052 ($add).
Removed top 17 bits (of 30) from port Y of cell gated_delta_d16_bram.$techmap$flatten\u_pe.$mul$/Users/toprakgundogdu/qwen-ffn-rom/rtl/gated_delta_bram.v:209$1905.genblk1.genblk1.genblk1.genblk1.genblk1.genblk1.genblk1.sliceA.last.$add$/opt/homebrew/bin/../share/yosys/mul2dsp.v:232$9052 ($add).
Removed top 17 bits (of 30) from port A of cell gated_delta_d16_bram.$techmap$flatten\u_pe.$mul$/Users/toprakgundogdu/qwen-ffn-rom/rtl/gated_delta_bram.v:209$1905.genblk1.genblk1.genblk1.genblk1.genblk1.genblk1.genblk1.sliceA.last.$add$/opt/homebrew/bin/../share/yosys/mul2dsp.v:232$9052 ($add).
Removed top 3 bits (of 16) from port B of cell gated_delta_d16_bram.$techmap$flatten\u_pe.$mul$/Users/toprakgundogdu/qwen-ffn-rom/rtl/gated_delta_bram.v:209$1905.genblk1.genblk1.genblk1.genblk1.genblk1.genblk1.genblk1.sliceA.last.$add$/opt/homebrew/bin/../share/yosys/mul2dsp.v:232$9052 ($add).
Removed top 1 bits (of 16) from port Y of cell gated_delta_d16_bram.$techmap$flatten\u_pe.$mul$/Users/toprakgundogdu/qwen-ffn-rom/rtl/gated_delta_bram.v:209$1905.genblk1.genblk1.genblk1.genblk1.genblk1.genblk1.genblk1.sliceA[0].mul.$add$/opt/homebrew/bin/../share/yosys/mul2dsp.v:232$9048 ($add).
Removed top 1 bits (of 16) from port A of cell gated_delta_d16_bram.$techmap$flatten\u_pe.$mul$/Users/toprakgundogdu/qwen-ffn-rom/rtl/gated_delta_bram.v:209$1905.genblk1.genblk1.genblk1.genblk1.genblk1.genblk1.genblk1.sliceA[0].mul.$add$/opt/homebrew/bin/../share/yosys/mul2dsp.v:232$9048 ($add).
Removed top 14 bits (of 30) from port B of cell gated_delta_d16_bram.$techmap$flatten\u_pe.$mul$/Users/toprakgundogdu/qwen-ffn-rom/rtl/gated_delta_bram.v:209$1904.genblk1.genblk1.genblk1.genblk1.genblk1.genblk1.genblk1.sliceA.last.$add$/opt/homebrew/bin/../share/yosys/mul2dsp.v:232$9052 ($add).
Removed top 17 bits (of 30) from port Y of cell gated_delta_d16_bram.$techmap$flatten\u_pe.$mul$/Users/toprakgundogdu/qwen-ffn-rom/rtl/gated_delta_bram.v:209$1904.genblk1.genblk1.genblk1.genblk1.genblk1.genblk1.genblk1.sliceA.last.$add$/opt/homebrew/bin/../share/yosys/mul2dsp.v:232$9052 ($add).
Removed top 17 bits (of 30) from port A of cell gated_delta_d16_bram.$techmap$flatten\u_pe.$mul$/Users/toprakgundogdu/qwen-ffn-rom/rtl/gated_delta_bram.v:209$1904.genblk1.genblk1.genblk1.genblk1.genblk1.genblk1.genblk1.sliceA.last.$add$/opt/homebrew/bin/../share/yosys/mul2dsp.v:232$9052 ($add).
Removed top 3 bits (of 16) from port B of cell gated_delta_d16_bram.$techmap$flatten\u_pe.$mul$/Users/toprakgundogdu/qwen-ffn-rom/rtl/gated_delta_bram.v:209$1904.genblk1.genblk1.genblk1.genblk1.genblk1.genblk1.genblk1.sliceA.last.$add$/opt/homebrew/bin/../share/yosys/mul2dsp.v:232$9052 ($add).
Removed top 1 bits (of 16) from port Y of cell gated_delta_d16_bram.$techmap$flatten\u_pe.$mul$/Users/toprakgundogdu/qwen-ffn-rom/rtl/gated_delta_bram.v:209$1904.genblk1.genblk1.genblk1.genblk1.genblk1.genblk1.genblk1.sliceA[0].mul.$add$/opt/homebrew/bin/../share/yosys/mul2dsp.v:232$9048 ($add).
Removed top 1 bits (of 16) from port A of cell gated_delta_d16_bram.$techmap$flatten\u_pe.$mul$/Users/toprakgundogdu/qwen-ffn-rom/rtl/gated_delta_bram.v:209$1904.genblk1.genblk1.genblk1.genblk1.genblk1.genblk1.genblk1.sliceA[0].mul.$add$/opt/homebrew/bin/../share/yosys/mul2dsp.v:232$9048 ($add).
Removed top 14 bits (of 30) from port B of cell gated_delta_d16_bram.$techmap$flatten\u_pe.$mul$/Users/toprakgundogdu/qwen-ffn-rom/rtl/gated_delta_bram.v:209$1903.genblk1.genblk1.genblk1.genblk1.genblk1.genblk1.genblk1.sliceA.last.$add$/opt/homebrew/bin/../share/yosys/mul2dsp.v:232$9052 ($add).
Removed top 17 bits (of 30) from port Y of cell gated_delta_d16_bram.$techmap$flatten\u_pe.$mul$/Users/toprakgundogdu/qwen-ffn-rom/rtl/gated_delta_bram.v:209$1903.genblk1.genblk1.genblk1.genblk1.genblk1.genblk1.genblk1.sliceA.last.$add$/opt/homebrew/bin/../share/yosys/mul2dsp.v:232$9052 ($add).
Removed top 17 bits (of 30) from port A of cell gated_delta_d16_bram.$techmap$flatten\u_pe.$mul$/Users/toprakgundogdu/qwen-ffn-rom/rtl/gated_delta_bram.v:209$1903.genblk1.genblk1.genblk1.genblk1.genblk1.genblk1.genblk1.sliceA.last.$add$/opt/homebrew/bin/../share/yosys/mul2dsp.v:232$9052 ($add).
Removed top 3 bits (of 16) from port B of cell gated_delta_d16_bram.$techmap$flatten\u_pe.$mul$/Users/toprakgundogdu/qwen-ffn-rom/rtl/gated_delta_bram.v:209$1903.genblk1.genblk1.genblk1.genblk1.genblk1.genblk1.genblk1.sliceA.last.$add$/opt/homebrew/bin/../share/yosys/mul2dsp.v:232$9052 ($add).
Removed top 1 bits (of 16) from port Y of cell gated_delta_d16_bram.$techmap$flatten\u_pe.$mul$/Users/toprakgundogdu/qwen-ffn-rom/rtl/gated_delta_bram.v:209$1903.genblk1.genblk1.genblk1.genblk1.genblk1.genblk1.genblk1.sliceA[0].mul.$add$/opt/homebrew/bin/../share/yosys/mul2dsp.v:232$9048 ($add).
Removed top 1 bits (of 16) from port A of cell gated_delta_d16_bram.$techmap$flatten\u_pe.$mul$/Users/toprakgundogdu/qwen-ffn-rom/rtl/gated_delta_bram.v:209$1903.genblk1.genblk1.genblk1.genblk1.genblk1.genblk1.genblk1.sliceA[0].mul.$add$/opt/homebrew/bin/../share/yosys/mul2dsp.v:232$9048 ($add).
Removed top 14 bits (of 30) from port B of cell gated_delta_d16_bram.$techmap$flatten\u_pe.$mul$/Users/toprakgundogdu/qwen-ffn-rom/rtl/gated_delta_bram.v:209$1902.genblk1.genblk1.genblk1.genblk1.genblk1.genblk1.genblk1.sliceA.last.$add$/opt/homebrew/bin/../share/yosys/mul2dsp.v:232$9052 ($add).
Removed top 17 bits (of 30) from port Y of cell gated_delta_d16_bram.$techmap$flatten\u_pe.$mul$/Users/toprakgundogdu/qwen-ffn-rom/rtl/gated_delta_bram.v:209$1902.genblk1.genblk1.genblk1.genblk1.genblk1.genblk1.genblk1.sliceA.last.$add$/opt/homebrew/bin/../share/yosys/mul2dsp.v:232$9052 ($add).
Removed top 17 bits (of 30) from port A of cell gated_delta_d16_bram.$techmap$flatten\u_pe.$mul$/Users/toprakgundogdu/qwen-ffn-rom/rtl/gated_delta_bram.v:209$1902.genblk1.genblk1.genblk1.genblk1.genblk1.genblk1.genblk1.sliceA.last.$add$/opt/homebrew/bin/../share/yosys/mul2dsp.v:232$9052 ($add).
Removed top 3 bits (of 16) from port B of cell gated_delta_d16_bram.$techmap$flatten\u_pe.$mul$/Users/toprakgundogdu/qwen-ffn-rom/rtl/gated_delta_bram.v:209$1902.genblk1.genblk1.genblk1.genblk1.genblk1.genblk1.genblk1.sliceA.last.$add$/opt/homebrew/bin/../share/yosys/mul2dsp.v:232$9052 ($add).
Removed top 1 bits (of 16) from port Y of cell gated_delta_d16_bram.$techmap$flatten\u_pe.$mul$/Users/toprakgundogdu/qwen-ffn-rom/rtl/gated_delta_bram.v:209$1902.genblk1.genblk1.genblk1.genblk1.genblk1.genblk1.genblk1.sliceA[0].mul.$add$/opt/homebrew/bin/../share/yosys/mul2dsp.v:232$9048 ($add).
Removed top 1 bits (of 16) from port A of cell gated_delta_d16_bram.$techmap$flatten\u_pe.$mul$/Users/toprakgundogdu/qwen-ffn-rom/rtl/gated_delta_bram.v:209$1902.genblk1.genblk1.genblk1.genblk1.genblk1.genblk1.genblk1.sliceA[0].mul.$add$/opt/homebrew/bin/../share/yosys/mul2dsp.v:232$9048 ($add).
Removed top 14 bits (of 30) from port B of cell gated_delta_d16_bram.$techmap$flatten\u_pe.$mul$/Users/toprakgundogdu/qwen-ffn-rom/rtl/gated_delta_bram.v:209$1901.genblk1.genblk1.genblk1.genblk1.genblk1.genblk1.genblk1.sliceA.last.$add$/opt/homebrew/bin/../share/yosys/mul2dsp.v:232$9052 ($add).
Removed top 17 bits (of 30) from port Y of cell gated_delta_d16_bram.$techmap$flatten\u_pe.$mul$/Users/toprakgundogdu/qwen-ffn-rom/rtl/gated_delta_bram.v:209$1901.genblk1.genblk1.genblk1.genblk1.genblk1.genblk1.genblk1.sliceA.last.$add$/opt/homebrew/bin/../share/yosys/mul2dsp.v:232$9052 ($add).
Removed top 17 bits (of 30) from port A of cell gated_delta_d16_bram.$techmap$flatten\u_pe.$mul$/Users/toprakgundogdu/qwen-ffn-rom/rtl/gated_delta_bram.v:209$1901.genblk1.genblk1.genblk1.genblk1.genblk1.genblk1.genblk1.sliceA.last.$add$/opt/homebrew/bin/../share/yosys/mul2dsp.v:232$9052 ($add).
Removed top 3 bits (of 16) from port B of cell gated_delta_d16_bram.$techmap$flatten\u_pe.$mul$/Users/toprakgundogdu/qwen-ffn-rom/rtl/gated_delta_bram.v:209$1901.genblk1.genblk1.genblk1.genblk1.genblk1.genblk1.genblk1.sliceA.last.$add$/opt/homebrew/bin/../share/yosys/mul2dsp.v:232$9052 ($add).
Removed top 1 bits (of 16) from port Y of cell gated_delta_d16_bram.$techmap$flatten\u_pe.$mul$/Users/toprakgundogdu/qwen-ffn-rom/rtl/gated_delta_bram.v:209$1901.genblk1.genblk1.genblk1.genblk1.genblk1.genblk1.genblk1.sliceA[0].mul.$add$/opt/homebrew/bin/../share/yosys/mul2dsp.v:232$9048 ($add).
Removed top 1 bits (of 16) from port A of cell gated_delta_d16_bram.$techmap$flatten\u_pe.$mul$/Users/toprakgundogdu/qwen-ffn-rom/rtl/gated_delta_bram.v:209$1901.genblk1.genblk1.genblk1.genblk1.genblk1.genblk1.genblk1.sliceA[0].mul.$add$/opt/homebrew/bin/../share/yosys/mul2dsp.v:232$9048 ($add).
Removed top 14 bits (of 30) from port B of cell gated_delta_d16_bram.$techmap$flatten\u_pe.$mul$/Users/toprakgundogdu/qwen-ffn-rom/rtl/gated_delta_bram.v:209$1900.genblk1.genblk1.genblk1.genblk1.genblk1.genblk1.genblk1.sliceA.last.$add$/opt/homebrew/bin/../share/yosys/mul2dsp.v:232$9052 ($add).
Removed top 17 bits (of 30) from port Y of cell gated_delta_d16_bram.$techmap$flatten\u_pe.$mul$/Users/toprakgundogdu/qwen-ffn-rom/rtl/gated_delta_bram.v:209$1900.genblk1.genblk1.genblk1.genblk1.genblk1.genblk1.genblk1.sliceA.last.$add$/opt/homebrew/bin/../share/yosys/mul2dsp.v:232$9052 ($add).
Removed top 17 bits (of 30) from port A of cell gated_delta_d16_bram.$techmap$flatten\u_pe.$mul$/Users/toprakgundogdu/qwen-ffn-rom/rtl/gated_delta_bram.v:209$1900.genblk1.genblk1.genblk1.genblk1.genblk1.genblk1.genblk1.sliceA.last.$add$/opt/homebrew/bin/../share/yosys/mul2dsp.v:232$9052 ($add).
Removed top 3 bits (of 16) from port B of cell gated_delta_d16_bram.$techmap$flatten\u_pe.$mul$/Users/toprakgundogdu/qwen-ffn-rom/rtl/gated_delta_bram.v:209$1900.genblk1.genblk1.genblk1.genblk1.genblk1.genblk1.genblk1.sliceA.last.$add$/opt/homebrew/bin/../share/yosys/mul2dsp.v:232$9052 ($add).
Removed top 1 bits (of 16) from port Y of cell gated_delta_d16_bram.$techmap$flatten\u_pe.$mul$/Users/toprakgundogdu/qwen-ffn-rom/rtl/gated_delta_bram.v:209$1900.genblk1.genblk1.genblk1.genblk1.genblk1.genblk1.genblk1.sliceA[0].mul.$add$/opt/homebrew/bin/../share/yosys/mul2dsp.v:232$9048 ($add).
Removed top 1 bits (of 16) from port A of cell gated_delta_d16_bram.$techmap$flatten\u_pe.$mul$/Users/toprakgundogdu/qwen-ffn-rom/rtl/gated_delta_bram.v:209$1900.genblk1.genblk1.genblk1.genblk1.genblk1.genblk1.genblk1.sliceA[0].mul.$add$/opt/homebrew/bin/../share/yosys/mul2dsp.v:232$9048 ($add).
Removed top 14 bits (of 30) from port B of cell gated_delta_d16_bram.$techmap$flatten\u_pe.$mul$/Users/toprakgundogdu/qwen-ffn-rom/rtl/gated_delta_bram.v:209$1899.genblk1.genblk1.genblk1.genblk1.genblk1.genblk1.genblk1.sliceA.last.$add$/opt/homebrew/bin/../share/yosys/mul2dsp.v:232$9052 ($add).
Removed top 17 bits (of 30) from port Y of cell gated_delta_d16_bram.$techmap$flatten\u_pe.$mul$/Users/toprakgundogdu/qwen-ffn-rom/rtl/gated_delta_bram.v:209$1899.genblk1.genblk1.genblk1.genblk1.genblk1.genblk1.genblk1.sliceA.last.$add$/opt/homebrew/bin/../share/yosys/mul2dsp.v:232$9052 ($add).
Removed top 17 bits (of 30) from port A of cell gated_delta_d16_bram.$techmap$flatten\u_pe.$mul$/Users/toprakgundogdu/qwen-ffn-rom/rtl/gated_delta_bram.v:209$1899.genblk1.genblk1.genblk1.genblk1.genblk1.genblk1.genblk1.sliceA.last.$add$/opt/homebrew/bin/../share/yosys/mul2dsp.v:232$9052 ($add).
Removed top 3 bits (of 16) from port B of cell gated_delta_d16_bram.$techmap$flatten\u_pe.$mul$/Users/toprakgundogdu/qwen-ffn-rom/rtl/gated_delta_bram.v:209$1899.genblk1.genblk1.genblk1.genblk1.genblk1.genblk1.genblk1.sliceA.last.$add$/opt/homebrew/bin/../share/yosys/mul2dsp.v:232$9052 ($add).
Removed top 1 bits (of 16) from port Y of cell gated_delta_d16_bram.$techmap$flatten\u_pe.$mul$/Users/toprakgundogdu/qwen-ffn-rom/rtl/gated_delta_bram.v:209$1899.genblk1.genblk1.genblk1.genblk1.genblk1.genblk1.genblk1.sliceA[0].mul.$add$/opt/homebrew/bin/../share/yosys/mul2dsp.v:232$9048 ($add).
Removed top 1 bits (of 16) from port A of cell gated_delta_d16_bram.$techmap$flatten\u_pe.$mul$/Users/toprakgundogdu/qwen-ffn-rom/rtl/gated_delta_bram.v:209$1899.genblk1.genblk1.genblk1.genblk1.genblk1.genblk1.genblk1.sliceA[0].mul.$add$/opt/homebrew/bin/../share/yosys/mul2dsp.v:232$9048 ($add).
Removed top 14 bits (of 30) from port B of cell gated_delta_d16_bram.$techmap$flatten\u_pe.$mul$/Users/toprakgundogdu/qwen-ffn-rom/rtl/gated_delta_bram.v:209$1898.genblk1.genblk1.genblk1.genblk1.genblk1.genblk1.genblk1.sliceA.last.$add$/opt/homebrew/bin/../share/yosys/mul2dsp.v:232$9052 ($add).
Removed top 17 bits (of 30) from port Y of cell gated_delta_d16_bram.$techmap$flatten\u_pe.$mul$/Users/toprakgundogdu/qwen-ffn-rom/rtl/gated_delta_bram.v:209$1898.genblk1.genblk1.genblk1.genblk1.genblk1.genblk1.genblk1.sliceA.last.$add$/opt/homebrew/bin/../share/yosys/mul2dsp.v:232$9052 ($add).
Removed top 17 bits (of 30) from port A of cell gated_delta_d16_bram.$techmap$flatten\u_pe.$mul$/Users/toprakgundogdu/qwen-ffn-rom/rtl/gated_delta_bram.v:209$1898.genblk1.genblk1.genblk1.genblk1.genblk1.genblk1.genblk1.sliceA.last.$add$/opt/homebrew/bin/../share/yosys/mul2dsp.v:232$9052 ($add).
Removed top 3 bits (of 16) from port B of cell gated_delta_d16_bram.$techmap$flatten\u_pe.$mul$/Users/toprakgundogdu/qwen-ffn-rom/rtl/gated_delta_bram.v:209$1898.genblk1.genblk1.genblk1.genblk1.genblk1.genblk1.genblk1.sliceA.last.$add$/opt/homebrew/bin/../share/yosys/mul2dsp.v:232$9052 ($add).
Removed top 1 bits (of 16) from port Y of cell gated_delta_d16_bram.$techmap$flatten\u_pe.$mul$/Users/toprakgundogdu/qwen-ffn-rom/rtl/gated_delta_bram.v:209$1898.genblk1.genblk1.genblk1.genblk1.genblk1.genblk1.genblk1.sliceA[0].mul.$add$/opt/homebrew/bin/../share/yosys/mul2dsp.v:232$9048 ($add).
Removed top 1 bits (of 16) from port A of cell gated_delta_d16_bram.$techmap$flatten\u_pe.$mul$/Users/toprakgundogdu/qwen-ffn-rom/rtl/gated_delta_bram.v:209$1898.genblk1.genblk1.genblk1.genblk1.genblk1.genblk1.genblk1.sliceA[0].mul.$add$/opt/homebrew/bin/../share/yosys/mul2dsp.v:232$9048 ($add).
Removed top 14 bits (of 30) from port B of cell gated_delta_d16_bram.$techmap$flatten\u_pe.$mul$/Users/toprakgundogdu/qwen-ffn-rom/rtl/gated_delta_bram.v:209$1897.genblk1.genblk1.genblk1.genblk1.genblk1.genblk1.genblk1.sliceA.last.$add$/opt/homebrew/bin/../share/yosys/mul2dsp.v:232$9052 ($add).
Removed top 17 bits (of 30) from port Y of cell gated_delta_d16_bram.$techmap$flatten\u_pe.$mul$/Users/toprakgundogdu/qwen-ffn-rom/rtl/gated_delta_bram.v:209$1897.genblk1.genblk1.genblk1.genblk1.genblk1.genblk1.genblk1.sliceA.last.$add$/opt/homebrew/bin/../share/yosys/mul2dsp.v:232$9052 ($add).
Removed top 17 bits (of 30) from port A of cell gated_delta_d16_bram.$techmap$flatten\u_pe.$mul$/Users/toprakgundogdu/qwen-ffn-rom/rtl/gated_delta_bram.v:209$1897.genblk1.genblk1.genblk1.genblk1.genblk1.genblk1.genblk1.sliceA.last.$add$/opt/homebrew/bin/../share/yosys/mul2dsp.v:232$9052 ($add).
Removed top 3 bits (of 16) from port B of cell gated_delta_d16_bram.$techmap$flatten\u_pe.$mul$/Users/toprakgundogdu/qwen-ffn-rom/rtl/gated_delta_bram.v:209$1897.genblk1.genblk1.genblk1.genblk1.genblk1.genblk1.genblk1.sliceA.last.$add$/opt/homebrew/bin/../share/yosys/mul2dsp.v:232$9052 ($add).
Removed top 1 bits (of 16) from port Y of cell gated_delta_d16_bram.$techmap$flatten\u_pe.$mul$/Users/toprakgundogdu/qwen-ffn-rom/rtl/gated_delta_bram.v:209$1897.genblk1.genblk1.genblk1.genblk1.genblk1.genblk1.genblk1.sliceA[0].mul.$add$/opt/homebrew/bin/../share/yosys/mul2dsp.v:232$9048 ($add).
Removed top 1 bits (of 16) from port A of cell gated_delta_d16_bram.$techmap$flatten\u_pe.$mul$/Users/toprakgundogdu/qwen-ffn-rom/rtl/gated_delta_bram.v:209$1897.genblk1.genblk1.genblk1.genblk1.genblk1.genblk1.genblk1.sliceA[0].mul.$add$/opt/homebrew/bin/../share/yosys/mul2dsp.v:232$9048 ($add).
Removed top 15 bits (of 30) from port Y of cell gated_delta_d16_bram.$techmap$flatten\u_pe.$mul$/Users/toprakgundogdu/qwen-ffn-rom/rtl/gated_delta_bram.v:209$1897.$add$/opt/homebrew/bin/../share/yosys/mul2dsp.v:175$9044 ($add).
Removed top 15 bits (of 30) from port A of cell gated_delta_d16_bram.$techmap$flatten\u_pe.$mul$/Users/toprakgundogdu/qwen-ffn-rom/rtl/gated_delta_bram.v:209$1897.$add$/opt/homebrew/bin/../share/yosys/mul2dsp.v:175$9044 ($add).
Removed top 15 bits (of 30) from port Y of cell gated_delta_d16_bram.$techmap$flatten\u_pe.$mul$/Users/toprakgundogdu/qwen-ffn-rom/rtl/gated_delta_bram.v:209$1898.$add$/opt/homebrew/bin/../share/yosys/mul2dsp.v:175$9044 ($add).
Removed top 15 bits (of 30) from port A of cell gated_delta_d16_bram.$techmap$flatten\u_pe.$mul$/Users/toprakgundogdu/qwen-ffn-rom/rtl/gated_delta_bram.v:209$1898.$add$/opt/homebrew/bin/../share/yosys/mul2dsp.v:175$9044 ($add).
Removed top 15 bits (of 30) from port Y of cell gated_delta_d16_bram.$techmap$flatten\u_pe.$mul$/Users/toprakgundogdu/qwen-ffn-rom/rtl/gated_delta_bram.v:209$1899.$add$/opt/homebrew/bin/../share/yosys/mul2dsp.v:175$9044 ($add).
Removed top 15 bits (of 30) from port A of cell gated_delta_d16_bram.$techmap$flatten\u_pe.$mul$/Users/toprakgundogdu/qwen-ffn-rom/rtl/gated_delta_bram.v:209$1899.$add$/opt/homebrew/bin/../share/yosys/mul2dsp.v:175$9044 ($add).
Removed top 15 bits (of 30) from port Y of cell gated_delta_d16_bram.$techmap$flatten\u_pe.$mul$/Users/toprakgundogdu/qwen-ffn-rom/rtl/gated_delta_bram.v:209$1900.$add$/opt/homebrew/bin/../share/yosys/mul2dsp.v:175$9044 ($add).
Removed top 15 bits (of 30) from port A of cell gated_delta_d16_bram.$techmap$flatten\u_pe.$mul$/Users/toprakgundogdu/qwen-ffn-rom/rtl/gated_delta_bram.v:209$1900.$add$/opt/homebrew/bin/../share/yosys/mul2dsp.v:175$9044 ($add).
Removed top 15 bits (of 30) from port Y of cell gated_delta_d16_bram.$techmap$flatten\u_pe.$mul$/Users/toprakgundogdu/qwen-ffn-rom/rtl/gated_delta_bram.v:209$1901.$add$/opt/homebrew/bin/../share/yosys/mul2dsp.v:175$9044 ($add).
Removed top 15 bits (of 30) from port A of cell gated_delta_d16_bram.$techmap$flatten\u_pe.$mul$/Users/toprakgundogdu/qwen-ffn-rom/rtl/gated_delta_bram.v:209$1901.$add$/opt/homebrew/bin/../share/yosys/mul2dsp.v:175$9044 ($add).
Removed top 15 bits (of 30) from port Y of cell gated_delta_d16_bram.$techmap$flatten\u_pe.$mul$/Users/toprakgundogdu/qwen-ffn-rom/rtl/gated_delta_bram.v:209$1902.$add$/opt/homebrew/bin/../share/yosys/mul2dsp.v:175$9044 ($add).
Removed top 15 bits (of 30) from port A of cell gated_delta_d16_bram.$techmap$flatten\u_pe.$mul$/Users/toprakgundogdu/qwen-ffn-rom/rtl/gated_delta_bram.v:209$1902.$add$/opt/homebrew/bin/../share/yosys/mul2dsp.v:175$9044 ($add).
Removed top 15 bits (of 30) from port Y of cell gated_delta_d16_bram.$techmap$flatten\u_pe.$mul$/Users/toprakgundogdu/qwen-ffn-rom/rtl/gated_delta_bram.v:209$1903.$add$/opt/homebrew/bin/../share/yosys/mul2dsp.v:175$9044 ($add).
Removed top 15 bits (of 30) from port A of cell gated_delta_d16_bram.$techmap$flatten\u_pe.$mul$/Users/toprakgundogdu/qwen-ffn-rom/rtl/gated_delta_bram.v:209$1903.$add$/opt/homebrew/bin/../share/yosys/mul2dsp.v:175$9044 ($add).
Removed top 15 bits (of 30) from port Y of cell gated_delta_d16_bram.$techmap$flatten\u_pe.$mul$/Users/toprakgundogdu/qwen-ffn-rom/rtl/gated_delta_bram.v:209$1904.$add$/opt/homebrew/bin/../share/yosys/mul2dsp.v:175$9044 ($add).
Removed top 15 bits (of 30) from port A of cell gated_delta_d16_bram.$techmap$flatten\u_pe.$mul$/Users/toprakgundogdu/qwen-ffn-rom/rtl/gated_delta_bram.v:209$1904.$add$/opt/homebrew/bin/../share/yosys/mul2dsp.v:175$9044 ($add).
Removed top 15 bits (of 30) from port Y of cell gated_delta_d16_bram.$techmap$flatten\u_pe.$mul$/Users/toprakgundogdu/qwen-ffn-rom/rtl/gated_delta_bram.v:209$1905.$add$/opt/homebrew/bin/../share/yosys/mul2dsp.v:175$9044 ($add).
Removed top 15 bits (of 30) from port A of cell gated_delta_d16_bram.$techmap$flatten\u_pe.$mul$/Users/toprakgundogdu/qwen-ffn-rom/rtl/gated_delta_bram.v:209$1905.$add$/opt/homebrew/bin/../share/yosys/mul2dsp.v:175$9044 ($add).
Removed top 15 bits (of 30) from port Y of cell gated_delta_d16_bram.$techmap$flatten\u_pe.$mul$/Users/toprakgundogdu/qwen-ffn-rom/rtl/gated_delta_bram.v:209$1906.$add$/opt/homebrew/bin/../share/yosys/mul2dsp.v:175$9044 ($add).
Removed top 15 bits (of 30) from port A of cell gated_delta_d16_bram.$techmap$flatten\u_pe.$mul$/Users/toprakgundogdu/qwen-ffn-rom/rtl/gated_delta_bram.v:209$1906.$add$/opt/homebrew/bin/../share/yosys/mul2dsp.v:175$9044 ($add).
Removed top 15 bits (of 30) from port Y of cell gated_delta_d16_bram.$techmap$flatten\u_pe.$mul$/Users/toprakgundogdu/qwen-ffn-rom/rtl/gated_delta_bram.v:209$1907.$add$/opt/homebrew/bin/../share/yosys/mul2dsp.v:175$9044 ($add).
Removed top 15 bits (of 30) from port A of cell gated_delta_d16_bram.$techmap$flatten\u_pe.$mul$/Users/toprakgundogdu/qwen-ffn-rom/rtl/gated_delta_bram.v:209$1907.$add$/opt/homebrew/bin/../share/yosys/mul2dsp.v:175$9044 ($add).
Removed top 15 bits (of 30) from port Y of cell gated_delta_d16_bram.$techmap$flatten\u_pe.$mul$/Users/toprakgundogdu/qwen-ffn-rom/rtl/gated_delta_bram.v:209$1908.$add$/opt/homebrew/bin/../share/yosys/mul2dsp.v:175$9044 ($add).
Removed top 15 bits (of 30) from port A of cell gated_delta_d16_bram.$techmap$flatten\u_pe.$mul$/Users/toprakgundogdu/qwen-ffn-rom/rtl/gated_delta_bram.v:209$1908.$add$/opt/homebrew/bin/../share/yosys/mul2dsp.v:175$9044 ($add).
Removed top 15 bits (of 30) from port Y of cell gated_delta_d16_bram.$techmap$flatten\u_pe.$mul$/Users/toprakgundogdu/qwen-ffn-rom/rtl/gated_delta_bram.v:209$1909.$add$/opt/homebrew/bin/../share/yosys/mul2dsp.v:175$9044 ($add).
Removed top 15 bits (of 30) from port A of cell gated_delta_d16_bram.$techmap$flatten\u_pe.$mul$/Users/toprakgundogdu/qwen-ffn-rom/rtl/gated_delta_bram.v:209$1909.$add$/opt/homebrew/bin/../share/yosys/mul2dsp.v:175$9044 ($add).
Removed top 15 bits (of 30) from port Y of cell gated_delta_d16_bram.$techmap$flatten\u_pe.$mul$/Users/toprakgundogdu/qwen-ffn-rom/rtl/gated_delta_bram.v:209$1910.$add$/opt/homebrew/bin/../share/yosys/mul2dsp.v:175$9044 ($add).
Removed top 15 bits (of 30) from port A of cell gated_delta_d16_bram.$techmap$flatten\u_pe.$mul$/Users/toprakgundogdu/qwen-ffn-rom/rtl/gated_delta_bram.v:209$1910.$add$/opt/homebrew/bin/../share/yosys/mul2dsp.v:175$9044 ($add).
Removed top 15 bits (of 30) from port Y of cell gated_delta_d16_bram.$techmap$flatten\u_pe.$mul$/Users/toprakgundogdu/qwen-ffn-rom/rtl/gated_delta_bram.v:209$1911.$add$/opt/homebrew/bin/../share/yosys/mul2dsp.v:175$9044 ($add).
Removed top 15 bits (of 30) from port A of cell gated_delta_d16_bram.$techmap$flatten\u_pe.$mul$/Users/toprakgundogdu/qwen-ffn-rom/rtl/gated_delta_bram.v:209$1911.$add$/opt/homebrew/bin/../share/yosys/mul2dsp.v:175$9044 ($add).
Removed top 15 bits (of 30) from port Y of cell gated_delta_d16_bram.$techmap$flatten\u_pe.$mul$/Users/toprakgundogdu/qwen-ffn-rom/rtl/gated_delta_bram.v:209$1912.$add$/opt/homebrew/bin/../share/yosys/mul2dsp.v:175$9044 ($add).
Removed top 15 bits (of 30) from port A of cell gated_delta_d16_bram.$techmap$flatten\u_pe.$mul$/Users/toprakgundogdu/qwen-ffn-rom/rtl/gated_delta_bram.v:209$1912.$add$/opt/homebrew/bin/../share/yosys/mul2dsp.v:175$9044 ($add).
Removed cell gated_delta_d16_bram.$techmap$flatten\u_pe.$mul$/Users/toprakgundogdu/qwen-ffn-rom/rtl/gated_delta_bram.v:209$1912.genblk1.genblk1.genblk1.genblk1.genblk1.genblk1.genblk1.sliceA.last.$add$/opt/homebrew/bin/../share/yosys/mul2dsp.v:232$9052 ($add).
Removed cell gated_delta_d16_bram.$techmap$flatten\u_pe.$mul$/Users/toprakgundogdu/qwen-ffn-rom/rtl/gated_delta_bram.v:209$1911.genblk1.genblk1.genblk1.genblk1.genblk1.genblk1.genblk1.sliceA.last.$add$/opt/homebrew/bin/../share/yosys/mul2dsp.v:232$9052 ($add).
Removed cell gated_delta_d16_bram.$techmap$flatten\u_pe.$mul$/Users/toprakgundogdu/qwen-ffn-rom/rtl/gated_delta_bram.v:209$1910.genblk1.genblk1.genblk1.genblk1.genblk1.genblk1.genblk1.sliceA.last.$add$/opt/homebrew/bin/../share/yosys/mul2dsp.v:232$9052 ($add).
Removed cell gated_delta_d16_bram.$techmap$flatten\u_pe.$mul$/Users/toprakgundogdu/qwen-ffn-rom/rtl/gated_delta_bram.v:209$1909.genblk1.genblk1.genblk1.genblk1.genblk1.genblk1.genblk1.sliceA.last.$add$/opt/homebrew/bin/../share/yosys/mul2dsp.v:232$9052 ($add).
Removed cell gated_delta_d16_bram.$techmap$flatten\u_pe.$mul$/Users/toprakgundogdu/qwen-ffn-rom/rtl/gated_delta_bram.v:209$1908.genblk1.genblk1.genblk1.genblk1.genblk1.genblk1.genblk1.sliceA.last.$add$/opt/homebrew/bin/../share/yosys/mul2dsp.v:232$9052 ($add).
Removed cell gated_delta_d16_bram.$techmap$flatten\u_pe.$mul$/Users/toprakgundogdu/qwen-ffn-rom/rtl/gated_delta_bram.v:209$1907.genblk1.genblk1.genblk1.genblk1.genblk1.genblk1.genblk1.sliceA.last.$add$/opt/homebrew/bin/../share/yosys/mul2dsp.v:232$9052 ($add).
Removed cell gated_delta_d16_bram.$techmap$flatten\u_pe.$mul$/Users/toprakgundogdu/qwen-ffn-rom/rtl/gated_delta_bram.v:209$1906.genblk1.genblk1.genblk1.genblk1.genblk1.genblk1.genblk1.sliceA.last.$add$/opt/homebrew/bin/../share/yosys/mul2dsp.v:232$9052 ($add).
Removed cell gated_delta_d16_bram.$techmap$flatten\u_pe.$mul$/Users/toprakgundogdu/qwen-ffn-rom/rtl/gated_delta_bram.v:209$1905.genblk1.genblk1.genblk1.genblk1.genblk1.genblk1.genblk1.sliceA.last.$add$/opt/homebrew/bin/../share/yosys/mul2dsp.v:232$9052 ($add).
Removed cell gated_delta_d16_bram.$techmap$flatten\u_pe.$mul$/Users/toprakgundogdu/qwen-ffn-rom/rtl/gated_delta_bram.v:209$1904.genblk1.genblk1.genblk1.genblk1.genblk1.genblk1.genblk1.sliceA.last.$add$/opt/homebrew/bin/../share/yosys/mul2dsp.v:232$9052 ($add).
Removed cell gated_delta_d16_bram.$techmap$flatten\u_pe.$mul$/Users/toprakgundogdu/qwen-ffn-rom/rtl/gated_delta_bram.v:209$1903.genblk1.genblk1.genblk1.genblk1.genblk1.genblk1.genblk1.sliceA.last.$add$/opt/homebrew/bin/../share/yosys/mul2dsp.v:232$9052 ($add).
Removed cell gated_delta_d16_bram.$techmap$flatten\u_pe.$mul$/Users/toprakgundogdu/qwen-ffn-rom/rtl/gated_delta_bram.v:209$1902.genblk1.genblk1.genblk1.genblk1.genblk1.genblk1.genblk1.sliceA.last.$add$/opt/homebrew/bin/../share/yosys/mul2dsp.v:232$9052 ($add).
Removed cell gated_delta_d16_bram.$techmap$flatten\u_pe.$mul$/Users/toprakgundogdu/qwen-ffn-rom/rtl/gated_delta_bram.v:209$1901.genblk1.genblk1.genblk1.genblk1.genblk1.genblk1.genblk1.sliceA.last.$add$/opt/homebrew/bin/../share/yosys/mul2dsp.v:232$9052 ($add).
Removed cell gated_delta_d16_bram.$techmap$flatten\u_pe.$mul$/Users/toprakgundogdu/qwen-ffn-rom/rtl/gated_delta_bram.v:209$1900.genblk1.genblk1.genblk1.genblk1.genblk1.genblk1.genblk1.sliceA.last.$add$/opt/homebrew/bin/../share/yosys/mul2dsp.v:232$9052 ($add).
Removed cell gated_delta_d16_bram.$techmap$flatten\u_pe.$mul$/Users/toprakgundogdu/qwen-ffn-rom/rtl/gated_delta_bram.v:209$1899.genblk1.genblk1.genblk1.genblk1.genblk1.genblk1.genblk1.sliceA.last.$add$/opt/homebrew/bin/../share/yosys/mul2dsp.v:232$9052 ($add).
Removed cell gated_delta_d16_bram.$techmap$flatten\u_pe.$mul$/Users/toprakgundogdu/qwen-ffn-rom/rtl/gated_delta_bram.v:209$1898.genblk1.genblk1.genblk1.genblk1.genblk1.genblk1.genblk1.sliceA.last.$add$/opt/homebrew/bin/../share/yosys/mul2dsp.v:232$9052 ($add).
Removed cell gated_delta_d16_bram.$techmap$flatten\u_pe.$mul$/Users/toprakgundogdu/qwen-ffn-rom/rtl/gated_delta_bram.v:209$1897.genblk1.genblk1.genblk1.genblk1.genblk1.genblk1.genblk1.sliceA.last.$add$/opt/homebrew/bin/../share/yosys/mul2dsp.v:232$9052 ($add).

9.22. Executing XILINX_DSP pass (pack resources into DSPs).
Analysing gated_delta_d16_bram.$flatten\u_pe.$mul$/Users/toprakgundogdu/qwen-ffn-rom/rtl/gated_delta_bram.v:209$1909.genblk1.genblk1.genblk1.genblk1.genblk1.genblk1.genblk1.sliceA[0].mul.genblk1.genblk1.genblk1.genblk1.genblk1.genblk1.genblk1.genblk1.mul_sliceB_last for Xilinx DSP packing.
  postadder $techmap$flatten\u_pe.$mul$/Users/toprakgundogdu/qwen-ffn-rom/rtl/gated_delta_bram.v:209$1909.genblk1.genblk1.genblk1.genblk1.genblk1.genblk1.genblk1.sliceA[0].mul.$add$/opt/homebrew/bin/../share/yosys/mul2dsp.v:232$9048 ($add)

Analysing gated_delta_d16_bram.$flatten\u_pe.$mul$/Users/toprakgundogdu/qwen-ffn-rom/rtl/gated_delta_bram.v:209$1912.genblk1.genblk1.genblk1.genblk1.genblk1.genblk1.genblk1.sliceA[0].mul.genblk1.genblk1.genblk1.genblk1.genblk1.genblk1.genblk1.genblk1.mul_sliceB_last for Xilinx DSP packing.
  postadder $techmap$flatten\u_pe.$mul$/Users/toprakgundogdu/qwen-ffn-rom/rtl/gated_delta_bram.v:209$1912.genblk1.genblk1.genblk1.genblk1.genblk1.genblk1.genblk1.sliceA[0].mul.$add$/opt/homebrew/bin/../share/yosys/mul2dsp.v:232$9048 ($add)

Analysing gated_delta_d16_bram.$flatten\u_pe.$mul$/Users/toprakgundogdu/qwen-ffn-rom/rtl/gated_delta_bram.v:209$1908.genblk1.genblk1.genblk1.genblk1.genblk1.genblk1.genblk1.sliceA[0].mul.genblk1.genblk1.genblk1.genblk1.genblk1.genblk1.genblk1.genblk1.mul_sliceB_last for Xilinx DSP packing.
  postadder $techmap$flatten\u_pe.$mul$/Users/toprakgundogdu/qwen-ffn-rom/rtl/gated_delta_bram.v:209$1908.genblk1.genblk1.genblk1.genblk1.genblk1.genblk1.genblk1.sliceA[0].mul.$add$/opt/homebrew/bin/../share/yosys/mul2dsp.v:232$9048 ($add)

Analysing gated_delta_d16_bram.$flatten\u_pe.$mul$/Users/toprakgundogdu/qwen-ffn-rom/rtl/gated_delta_bram.v:209$1897.genblk1.genblk1.genblk1.genblk1.genblk1.genblk1.genblk1.sliceA[0].mul.genblk1.genblk1.genblk1.genblk1.genblk1.genblk1.genblk1.genblk1.mul_sliceB_last for Xilinx DSP packing.
  postadder $techmap$flatten\u_pe.$mul$/Users/toprakgundogdu/qwen-ffn-rom/rtl/gated_delta_bram.v:209$1897.genblk1.genblk1.genblk1.genblk1.genblk1.genblk1.genblk1.sliceA[0].mul.$add$/opt/homebrew/bin/../share/yosys/mul2dsp.v:232$9048 ($add)

Analysing gated_delta_d16_bram.$flatten\u_pe.$mul$/Users/toprakgundogdu/qwen-ffn-rom/rtl/gated_delta_bram.v:209$1907.genblk1.genblk1.genblk1.genblk1.genblk1.genblk1.genblk1.sliceA[0].mul.genblk1.genblk1.genblk1.genblk1.genblk1.genblk1.genblk1.genblk1.mul_sliceB_last for Xilinx DSP packing.
  postadder $techmap$flatten\u_pe.$mul$/Users/toprakgundogdu/qwen-ffn-rom/rtl/gated_delta_bram.v:209$1907.genblk1.genblk1.genblk1.genblk1.genblk1.genblk1.genblk1.sliceA[0].mul.$add$/opt/homebrew/bin/../share/yosys/mul2dsp.v:232$9048 ($add)

Analysing gated_delta_d16_bram.$flatten\u_pe.$mul$/Users/toprakgundogdu/qwen-ffn-rom/rtl/gated_delta_bram.v:209$1906.genblk1.genblk1.genblk1.genblk1.genblk1.genblk1.genblk1.sliceA[0].mul.genblk1.genblk1.genblk1.genblk1.genblk1.genblk1.genblk1.genblk1.mul_sliceB_last for Xilinx DSP packing.
  postadder $techmap$flatten\u_pe.$mul$/Users/toprakgundogdu/qwen-ffn-rom/rtl/gated_delta_bram.v:209$1906.genblk1.genblk1.genblk1.genblk1.genblk1.genblk1.genblk1.sliceA[0].mul.$add$/opt/homebrew/bin/../share/yosys/mul2dsp.v:232$9048 ($add)

Analysing gated_delta_d16_bram.$flatten\u_pe.$mul$/Users/toprakgundogdu/qwen-ffn-rom/rtl/gated_delta_bram.v:209$1905.genblk1.genblk1.genblk1.genblk1.genblk1.genblk1.genblk1.sliceA[0].mul.genblk1.genblk1.genblk1.genblk1.genblk1.genblk1.genblk1.genblk1.mul_sliceB_last for Xilinx DSP packing.
  postadder $techmap$flatten\u_pe.$mul$/Users/toprakgundogdu/qwen-ffn-rom/rtl/gated_delta_bram.v:209$1905.genblk1.genblk1.genblk1.genblk1.genblk1.genblk1.genblk1.sliceA[0].mul.$add$/opt/homebrew/bin/../share/yosys/mul2dsp.v:232$9048 ($add)

Analysing gated_delta_d16_bram.$flatten\u_pe.$mul$/Users/toprakgundogdu/qwen-ffn-rom/rtl/gated_delta_bram.v:209$1911.genblk1.genblk1.genblk1.genblk1.genblk1.genblk1.genblk1.sliceA[0].mul.genblk1.genblk1.genblk1.genblk1.genblk1.genblk1.genblk1.genblk1.mul_sliceB_last for Xilinx DSP packing.
  postadder $techmap$flatten\u_pe.$mul$/Users/toprakgundogdu/qwen-ffn-rom/rtl/gated_delta_bram.v:209$1911.genblk1.genblk1.genblk1.genblk1.genblk1.genblk1.genblk1.sliceA[0].mul.$add$/opt/homebrew/bin/../share/yosys/mul2dsp.v:232$9048 ($add)

Analysing gated_delta_d16_bram.$flatten\u_pe.$mul$/Users/toprakgundogdu/qwen-ffn-rom/rtl/gated_delta_bram.v:209$1904.genblk1.genblk1.genblk1.genblk1.genblk1.genblk1.genblk1.sliceA[0].mul.genblk1.genblk1.genblk1.genblk1.genblk1.genblk1.genblk1.genblk1.mul_sliceB_last for Xilinx DSP packing.
  postadder $techmap$flatten\u_pe.$mul$/Users/toprakgundogdu/qwen-ffn-rom/rtl/gated_delta_bram.v:209$1904.genblk1.genblk1.genblk1.genblk1.genblk1.genblk1.genblk1.sliceA[0].mul.$add$/opt/homebrew/bin/../share/yosys/mul2dsp.v:232$9048 ($add)

Analysing gated_delta_d16_bram.$flatten\u_pe.$mul$/Users/toprakgundogdu/qwen-ffn-rom/rtl/gated_delta_bram.v:209$1903.genblk1.genblk1.genblk1.genblk1.genblk1.genblk1.genblk1.sliceA[0].mul.genblk1.genblk1.genblk1.genblk1.genblk1.genblk1.genblk1.genblk1.mul_sliceB_last for Xilinx DSP packing.
  postadder $techmap$flatten\u_pe.$mul$/Users/toprakgundogdu/qwen-ffn-rom/rtl/gated_delta_bram.v:209$1903.genblk1.genblk1.genblk1.genblk1.genblk1.genblk1.genblk1.sliceA[0].mul.$add$/opt/homebrew/bin/../share/yosys/mul2dsp.v:232$9048 ($add)

Analysing gated_delta_d16_bram.$flatten\u_pe.$mul$/Users/toprakgundogdu/qwen-ffn-rom/rtl/gated_delta_bram.v:209$1902.genblk1.genblk1.genblk1.genblk1.genblk1.genblk1.genblk1.sliceA[0].mul.genblk1.genblk1.genblk1.genblk1.genblk1.genblk1.genblk1.genblk1.mul_sliceB_last for Xilinx DSP packing.
  postadder $techmap$flatten\u_pe.$mul$/Users/toprakgundogdu/qwen-ffn-rom/rtl/gated_delta_bram.v:209$1902.genblk1.genblk1.genblk1.genblk1.genblk1.genblk1.genblk1.sliceA[0].mul.$add$/opt/homebrew/bin/../share/yosys/mul2dsp.v:232$9048 ($add)

Analysing gated_delta_d16_bram.$flatten\u_pe.$mul$/Users/toprakgundogdu/qwen-ffn-rom/rtl/gated_delta_bram.v:209$1901.genblk1.genblk1.genblk1.genblk1.genblk1.genblk1.genblk1.sliceA[0].mul.genblk1.genblk1.genblk1.genblk1.genblk1.genblk1.genblk1.genblk1.mul_sliceB_last for Xilinx DSP packing.
  postadder $techmap$flatten\u_pe.$mul$/Users/toprakgundogdu/qwen-ffn-rom/rtl/gated_delta_bram.v:209$1901.genblk1.genblk1.genblk1.genblk1.genblk1.genblk1.genblk1.sliceA[0].mul.$add$/opt/homebrew/bin/../share/yosys/mul2dsp.v:232$9048 ($add)

Analysing gated_delta_d16_bram.$flatten\u_pe.$mul$/Users/toprakgundogdu/qwen-ffn-rom/rtl/gated_delta_bram.v:209$1910.genblk1.genblk1.genblk1.genblk1.genblk1.genblk1.genblk1.sliceA[0].mul.genblk1.genblk1.genblk1.genblk1.genblk1.genblk1.genblk1.genblk1.mul_sliceB_last for Xilinx DSP packing.
  postadder $techmap$flatten\u_pe.$mul$/Users/toprakgundogdu/qwen-ffn-rom/rtl/gated_delta_bram.v:209$1910.genblk1.genblk1.genblk1.genblk1.genblk1.genblk1.genblk1.sliceA[0].mul.$add$/opt/homebrew/bin/../share/yosys/mul2dsp.v:232$9048 ($add)

Analysing gated_delta_d16_bram.$flatten\u_pe.$mul$/Users/toprakgundogdu/qwen-ffn-rom/rtl/gated_delta_bram.v:209$1900.genblk1.genblk1.genblk1.genblk1.genblk1.genblk1.genblk1.sliceA[0].mul.genblk1.genblk1.genblk1.genblk1.genblk1.genblk1.genblk1.genblk1.mul_sliceB_last for Xilinx DSP packing.
  postadder $techmap$flatten\u_pe.$mul$/Users/toprakgundogdu/qwen-ffn-rom/rtl/gated_delta_bram.v:209$1900.genblk1.genblk1.genblk1.genblk1.genblk1.genblk1.genblk1.sliceA[0].mul.$add$/opt/homebrew/bin/../share/yosys/mul2dsp.v:232$9048 ($add)

Analysing gated_delta_d16_bram.$flatten\u_pe.$mul$/Users/toprakgundogdu/qwen-ffn-rom/rtl/gated_delta_bram.v:209$1899.genblk1.genblk1.genblk1.genblk1.genblk1.genblk1.genblk1.sliceA[0].mul.genblk1.genblk1.genblk1.genblk1.genblk1.genblk1.genblk1.genblk1.mul_sliceB_last for Xilinx DSP packing.
  postadder $techmap$flatten\u_pe.$mul$/Users/toprakgundogdu/qwen-ffn-rom/rtl/gated_delta_bram.v:209$1899.genblk1.genblk1.genblk1.genblk1.genblk1.genblk1.genblk1.sliceA[0].mul.$add$/opt/homebrew/bin/../share/yosys/mul2dsp.v:232$9048 ($add)

Analysing gated_delta_d16_bram.$flatten\u_pe.$mul$/Users/toprakgundogdu/qwen-ffn-rom/rtl/gated_delta_bram.v:209$1898.genblk1.genblk1.genblk1.genblk1.genblk1.genblk1.genblk1.sliceA[0].mul.genblk1.genblk1.genblk1.genblk1.genblk1.genblk1.genblk1.genblk1.mul_sliceB_last for Xilinx DSP packing.
  postadder $techmap$flatten\u_pe.$mul$/Users/toprakgundogdu/qwen-ffn-rom/rtl/gated_delta_bram.v:209$1898.genblk1.genblk1.genblk1.genblk1.genblk1.genblk1.genblk1.sliceA[0].mul.$add$/opt/homebrew/bin/../share/yosys/mul2dsp.v:232$9048 ($add)

Analysing gated_delta_d16_bram.$flatten\u_pe.$mul$/Users/toprakgundogdu/qwen-ffn-rom/rtl/gated_delta_bram.v:209$1898.genblk1.genblk1.genblk1.genblk1.genblk1.genblk1.genblk1.sliceA[0].mul.genblk1.genblk1.genblk1.genblk1.genblk1.genblk1.genblk1.genblk1.sliceB[0].mul for Xilinx DSP packing.

Analysing gated_delta_d16_bram.$flatten\u_pe.$mul$/Users/toprakgundogdu/qwen-ffn-rom/rtl/gated_delta_bram.v:209$1899.genblk1.genblk1.genblk1.genblk1.genblk1.genblk1.genblk1.sliceA[0].mul.genblk1.genblk1.genblk1.genblk1.genblk1.genblk1.genblk1.genblk1.sliceB[0].mul for Xilinx DSP packing.

Analysing gated_delta_d16_bram.$flatten\u_pe.$mul$/Users/toprakgundogdu/qwen-ffn-rom/rtl/gated_delta_bram.v:209$1900.genblk1.genblk1.genblk1.genblk1.genblk1.genblk1.genblk1.sliceA[0].mul.genblk1.genblk1.genblk1.genblk1.genblk1.genblk1.genblk1.genblk1.sliceB[0].mul for Xilinx DSP packing.

Analysing gated_delta_d16_bram.$flatten\u_pe.$mul$/Users/toprakgundogdu/qwen-ffn-rom/rtl/gated_delta_bram.v:209$1901.genblk1.genblk1.genblk1.genblk1.genblk1.genblk1.genblk1.sliceA[0].mul.genblk1.genblk1.genblk1.genblk1.genblk1.genblk1.genblk1.genblk1.sliceB[0].mul for Xilinx DSP packing.

Analysing gated_delta_d16_bram.$flatten\u_pe.$mul$/Users/toprakgundogdu/qwen-ffn-rom/rtl/gated_delta_bram.v:209$1902.genblk1.genblk1.genblk1.genblk1.genblk1.genblk1.genblk1.sliceA[0].mul.genblk1.genblk1.genblk1.genblk1.genblk1.genblk1.genblk1.genblk1.sliceB[0].mul for Xilinx DSP packing.

Analysing gated_delta_d16_bram.$flatten\u_pe.$mul$/Users/toprakgundogdu/qwen-ffn-rom/rtl/gated_delta_bram.v:209$1903.genblk1.genblk1.genblk1.genblk1.genblk1.genblk1.genblk1.sliceA[0].mul.genblk1.genblk1.genblk1.genblk1.genblk1.genblk1.genblk1.genblk1.sliceB[0].mul for Xilinx DSP packing.

Analysing gated_delta_d16_bram.$flatten\u_pe.$mul$/Users/toprakgundogdu/qwen-ffn-rom/rtl/gated_delta_bram.v:209$1904.genblk1.genblk1.genblk1.genblk1.genblk1.genblk1.genblk1.sliceA[0].mul.genblk1.genblk1.genblk1.genblk1.genblk1.genblk1.genblk1.genblk1.sliceB[0].mul for Xilinx DSP packing.

Analysing gated_delta_d16_bram.$flatten\u_pe.$mul$/Users/toprakgundogdu/qwen-ffn-rom/rtl/gated_delta_bram.v:209$1905.genblk1.genblk1.genblk1.genblk1.genblk1.genblk1.genblk1.sliceA[0].mul.genblk1.genblk1.genblk1.genblk1.genblk1.genblk1.genblk1.genblk1.sliceB[0].mul for Xilinx DSP packing.

Analysing gated_delta_d16_bram.$flatten\u_pe.$mul$/Users/toprakgundogdu/qwen-ffn-rom/rtl/gated_delta_bram.v:209$1906.genblk1.genblk1.genblk1.genblk1.genblk1.genblk1.genblk1.sliceA[0].mul.genblk1.genblk1.genblk1.genblk1.genblk1.genblk1.genblk1.genblk1.sliceB[0].mul for Xilinx DSP packing.

Analysing gated_delta_d16_bram.$flatten\u_pe.$mul$/Users/toprakgundogdu/qwen-ffn-rom/rtl/gated_delta_bram.v:209$1907.genblk1.genblk1.genblk1.genblk1.genblk1.genblk1.genblk1.sliceA[0].mul.genblk1.genblk1.genblk1.genblk1.genblk1.genblk1.genblk1.genblk1.sliceB[0].mul for Xilinx DSP packing.

Analysing gated_delta_d16_bram.$flatten\u_pe.$mul$/Users/toprakgundogdu/qwen-ffn-rom/rtl/gated_delta_bram.v:209$1908.genblk1.genblk1.genblk1.genblk1.genblk1.genblk1.genblk1.sliceA[0].mul.genblk1.genblk1.genblk1.genblk1.genblk1.genblk1.genblk1.genblk1.sliceB[0].mul for Xilinx DSP packing.

Analysing gated_delta_d16_bram.$flatten\u_pe.$mul$/Users/toprakgundogdu/qwen-ffn-rom/rtl/gated_delta_bram.v:209$1909.genblk1.genblk1.genblk1.genblk1.genblk1.genblk1.genblk1.sliceA[0].mul.genblk1.genblk1.genblk1.genblk1.genblk1.genblk1.genblk1.genblk1.sliceB[0].mul for Xilinx DSP packing.

Analysing gated_delta_d16_bram.$flatten\u_pe.$mul$/Users/toprakgundogdu/qwen-ffn-rom/rtl/gated_delta_bram.v:209$1910.genblk1.genblk1.genblk1.genblk1.genblk1.genblk1.genblk1.sliceA[0].mul.genblk1.genblk1.genblk1.genblk1.genblk1.genblk1.genblk1.genblk1.sliceB[0].mul for Xilinx DSP packing.

Analysing gated_delta_d16_bram.$flatten\u_pe.$mul$/Users/toprakgundogdu/qwen-ffn-rom/rtl/gated_delta_bram.v:209$1911.genblk1.genblk1.genblk1.genblk1.genblk1.genblk1.genblk1.sliceA[0].mul.genblk1.genblk1.genblk1.genblk1.genblk1.genblk1.genblk1.genblk1.sliceB[0].mul for Xilinx DSP packing.

Analysing gated_delta_d16_bram.$flatten\u_pe.$mul$/Users/toprakgundogdu/qwen-ffn-rom/rtl/gated_delta_bram.v:209$1912.genblk1.genblk1.genblk1.genblk1.genblk1.genblk1.genblk1.sliceA[0].mul.genblk1.genblk1.genblk1.genblk1.genblk1.genblk1.genblk1.genblk1.sliceB[0].mul for Xilinx DSP packing.

Analysing gated_delta_d16_bram.$flatten\u_pe.$mul$/Users/toprakgundogdu/qwen-ffn-rom/rtl/gated_delta_bram.v:269$2029 for Xilinx DSP packing.
  preadder $flatten\u_pe.$sub$/Users/toprakgundogdu/qwen-ffn-rom/rtl/gated_delta_bram.v:269$2028 ($sub)
  clock: \clk (posedge) ffA2:$auto$ff.cc:337:slice$8390 ffB2:$auto$ff.cc:337:slice$8748 ffD:$auto$ff.cc:337:slice$7688
Analysing gated_delta_d16_bram.$flatten\u_pe.$mul$/Users/toprakgundogdu/qwen-ffn-rom/rtl/gated_delta_bram.v:269$2032 for Xilinx DSP packing.
  preadder $flatten\u_pe.$sub$/Users/toprakgundogdu/qwen-ffn-rom/rtl/gated_delta_bram.v:269$2031 ($sub)
  clock: \clk (posedge) ffA2:$auto$ff.cc:337:slice$8382 ffB2:$auto$ff.cc:337:slice$8748 ffD:$auto$ff.cc:337:slice$7696
Analysing gated_delta_d16_bram.$flatten\u_pe.$mul$/Users/toprakgundogdu/qwen-ffn-rom/rtl/gated_delta_bram.v:209$1897.genblk1.genblk1.genblk1.genblk1.genblk1.genblk1.genblk1.sliceA.last.genblk1.genblk1.genblk1.genblk1.genblk1.genblk1.genblk1.genblk1.sliceB[0].mul for Xilinx DSP packing.
  postadder $techmap$flatten\u_pe.$mul$/Users/toprakgundogdu/qwen-ffn-rom/rtl/gated_delta_bram.v:209$1897.$add$/opt/homebrew/bin/../share/yosys/mul2dsp.v:175$9044 ($add)
  clock: \clk (posedge) ffP:$auto$ff.cc:337:slice$8660
Analysing gated_delta_d16_bram.$flatten\u_pe.$mul$/Users/toprakgundogdu/qwen-ffn-rom/rtl/gated_delta_bram.v:209$1898.genblk1.genblk1.genblk1.genblk1.genblk1.genblk1.genblk1.sliceA.last.genblk1.genblk1.genblk1.genblk1.genblk1.genblk1.genblk1.genblk1.sliceB[0].mul for Xilinx DSP packing.
  postadder $techmap$flatten\u_pe.$mul$/Users/toprakgundogdu/qwen-ffn-rom/rtl/gated_delta_bram.v:209$1898.$add$/opt/homebrew/bin/../share/yosys/mul2dsp.v:175$9044 ($add)
  clock: \clk (posedge) ffP:$auto$ff.cc:337:slice$8656
Analysing gated_delta_d16_bram.$flatten\u_pe.$mul$/Users/toprakgundogdu/qwen-ffn-rom/rtl/gated_delta_bram.v:209$1899.genblk1.genblk1.genblk1.genblk1.genblk1.genblk1.genblk1.sliceA.last.genblk1.genblk1.genblk1.genblk1.genblk1.genblk1.genblk1.genblk1.sliceB[0].mul for Xilinx DSP packing.
  postadder $techmap$flatten\u_pe.$mul$/Users/toprakgundogdu/qwen-ffn-rom/rtl/gated_delta_bram.v:209$1899.$add$/opt/homebrew/bin/../share/yosys/mul2dsp.v:175$9044 ($add)
  clock: \clk (posedge) ffP:$auto$ff.cc:337:slice$8652
Analysing gated_delta_d16_bram.$flatten\u_pe.$mul$/Users/toprakgundogdu/qwen-ffn-rom/rtl/gated_delta_bram.v:209$1900.genblk1.genblk1.genblk1.genblk1.genblk1.genblk1.genblk1.sliceA.last.genblk1.genblk1.genblk1.genblk1.genblk1.genblk1.genblk1.genblk1.sliceB[0].mul for Xilinx DSP packing.
  postadder $techmap$flatten\u_pe.$mul$/Users/toprakgundogdu/qwen-ffn-rom/rtl/gated_delta_bram.v:209$1900.$add$/opt/homebrew/bin/../share/yosys/mul2dsp.v:175$9044 ($add)
  clock: \clk (posedge) ffP:$auto$ff.cc:337:slice$8648
Analysing gated_delta_d16_bram.$flatten\u_pe.$mul$/Users/toprakgundogdu/qwen-ffn-rom/rtl/gated_delta_bram.v:209$1901.genblk1.genblk1.genblk1.genblk1.genblk1.genblk1.genblk1.sliceA.last.genblk1.genblk1.genblk1.genblk1.genblk1.genblk1.genblk1.genblk1.sliceB[0].mul for Xilinx DSP packing.
  postadder $techmap$flatten\u_pe.$mul$/Users/toprakgundogdu/qwen-ffn-rom/rtl/gated_delta_bram.v:209$1901.$add$/opt/homebrew/bin/../share/yosys/mul2dsp.v:175$9044 ($add)
  clock: \clk (posedge) ffP:$auto$ff.cc:337:slice$8644
Analysing gated_delta_d16_bram.$flatten\u_pe.$mul$/Users/toprakgundogdu/qwen-ffn-rom/rtl/gated_delta_bram.v:209$1902.genblk1.genblk1.genblk1.genblk1.genblk1.genblk1.genblk1.sliceA.last.genblk1.genblk1.genblk1.genblk1.genblk1.genblk1.genblk1.genblk1.sliceB[0].mul for Xilinx DSP packing.
  postadder $techmap$flatten\u_pe.$mul$/Users/toprakgundogdu/qwen-ffn-rom/rtl/gated_delta_bram.v:209$1902.$add$/opt/homebrew/bin/../share/yosys/mul2dsp.v:175$9044 ($add)
  clock: \clk (posedge) ffP:$auto$ff.cc:337:slice$8636
Analysing gated_delta_d16_bram.$flatten\u_pe.$mul$/Users/toprakgundogdu/qwen-ffn-rom/rtl/gated_delta_bram.v:209$1903.genblk1.genblk1.genblk1.genblk1.genblk1.genblk1.genblk1.sliceA.last.genblk1.genblk1.genblk1.genblk1.genblk1.genblk1.genblk1.genblk1.sliceB[0].mul for Xilinx DSP packing.
  postadder $techmap$flatten\u_pe.$mul$/Users/toprakgundogdu/qwen-ffn-rom/rtl/gated_delta_bram.v:209$1903.$add$/opt/homebrew/bin/../share/yosys/mul2dsp.v:175$9044 ($add)
  clock: \clk (posedge) ffP:$auto$ff.cc:337:slice$8632
Analysing gated_delta_d16_bram.$flatten\u_pe.$mul$/Users/toprakgundogdu/qwen-ffn-rom/rtl/gated_delta_bram.v:209$1904.genblk1.genblk1.genblk1.genblk1.genblk1.genblk1.genblk1.sliceA.last.genblk1.genblk1.genblk1.genblk1.genblk1.genblk1.genblk1.genblk1.sliceB[0].mul for Xilinx DSP packing.
  postadder $techmap$flatten\u_pe.$mul$/Users/toprakgundogdu/qwen-ffn-rom/rtl/gated_delta_bram.v:209$1904.$add$/opt/homebrew/bin/../share/yosys/mul2dsp.v:175$9044 ($add)
  clock: \clk (posedge) ffP:$auto$ff.cc:337:slice$8628
Analysing gated_delta_d16_bram.$flatten\u_pe.$mul$/Users/toprakgundogdu/qwen-ffn-rom/rtl/gated_delta_bram.v:209$1905.genblk1.genblk1.genblk1.genblk1.genblk1.genblk1.genblk1.sliceA.last.genblk1.genblk1.genblk1.genblk1.genblk1.genblk1.genblk1.genblk1.sliceB[0].mul for Xilinx DSP packing.
  postadder $techmap$flatten\u_pe.$mul$/Users/toprakgundogdu/qwen-ffn-rom/rtl/gated_delta_bram.v:209$1905.$add$/opt/homebrew/bin/../share/yosys/mul2dsp.v:175$9044 ($add)
  clock: \clk (posedge) ffP:$auto$ff.cc:337:slice$8624
Analysing gated_delta_d16_bram.$flatten\u_pe.$mul$/Users/toprakgundogdu/qwen-ffn-rom/rtl/gated_delta_bram.v:209$1906.genblk1.genblk1.genblk1.genblk1.genblk1.genblk1.genblk1.sliceA.last.genblk1.genblk1.genblk1.genblk1.genblk1.genblk1.genblk1.genblk1.sliceB[0].mul for Xilinx DSP packing.
  postadder $techmap$flatten\u_pe.$mul$/Users/toprakgundogdu/qwen-ffn-rom/rtl/gated_delta_bram.v:209$1906.$add$/opt/homebrew/bin/../share/yosys/mul2dsp.v:175$9044 ($add)
  clock: \clk (posedge) ffP:$auto$ff.cc:337:slice$8620
Analysing gated_delta_d16_bram.$flatten\u_pe.$mul$/Users/toprakgundogdu/qwen-ffn-rom/rtl/gated_delta_bram.v:209$1907.genblk1.genblk1.genblk1.genblk1.genblk1.genblk1.genblk1.sliceA.last.genblk1.genblk1.genblk1.genblk1.genblk1.genblk1.genblk1.genblk1.sliceB[0].mul for Xilinx DSP packing.
  postadder $techmap$flatten\u_pe.$mul$/Users/toprakgundogdu/qwen-ffn-rom/rtl/gated_delta_bram.v:209$1907.$add$/opt/homebrew/bin/../share/yosys/mul2dsp.v:175$9044 ($add)
  clock: \clk (posedge) ffP:$auto$ff.cc:337:slice$8616
Analysing gated_delta_d16_bram.$flatten\u_pe.$mul$/Users/toprakgundogdu/qwen-ffn-rom/rtl/gated_delta_bram.v:209$1908.genblk1.genblk1.genblk1.genblk1.genblk1.genblk1.genblk1.sliceA.last.genblk1.genblk1.genblk1.genblk1.genblk1.genblk1.genblk1.genblk1.sliceB[0].mul for Xilinx DSP packing.
  postadder $techmap$flatten\u_pe.$mul$/Users/toprakgundogdu/qwen-ffn-rom/rtl/gated_delta_bram.v:209$1908.$add$/opt/homebrew/bin/../share/yosys/mul2dsp.v:175$9044 ($add)
  clock: \clk (posedge) ffP:$auto$ff.cc:337:slice$8612
Analysing gated_delta_d16_bram.$flatten\u_pe.$mul$/Users/toprakgundogdu/qwen-ffn-rom/rtl/gated_delta_bram.v:209$1909.genblk1.genblk1.genblk1.genblk1.genblk1.genblk1.genblk1.sliceA.last.genblk1.genblk1.genblk1.genblk1.genblk1.genblk1.genblk1.genblk1.sliceB[0].mul for Xilinx DSP packing.
  postadder $techmap$flatten\u_pe.$mul$/Users/toprakgundogdu/qwen-ffn-rom/rtl/gated_delta_bram.v:209$1909.$add$/opt/homebrew/bin/../share/yosys/mul2dsp.v:175$9044 ($add)
  clock: \clk (posedge) ffP:$auto$ff.cc:337:slice$8608
Analysing gated_delta_d16_bram.$flatten\u_pe.$mul$/Users/toprakgundogdu/qwen-ffn-rom/rtl/gated_delta_bram.v:209$1910.genblk1.genblk1.genblk1.genblk1.genblk1.genblk1.genblk1.sliceA.last.genblk1.genblk1.genblk1.genblk1.genblk1.genblk1.genblk1.genblk1.sliceB[0].mul for Xilinx DSP packing.
  postadder $techmap$flatten\u_pe.$mul$/Users/toprakgundogdu/qwen-ffn-rom/rtl/gated_delta_bram.v:209$1910.$add$/opt/homebrew/bin/../share/yosys/mul2dsp.v:175$9044 ($add)
  clock: \clk (posedge) ffP:$auto$ff.cc:337:slice$8604
Analysing gated_delta_d16_bram.$flatten\u_pe.$mul$/Users/toprakgundogdu/qwen-ffn-rom/rtl/gated_delta_bram.v:209$1911.genblk1.genblk1.genblk1.genblk1.genblk1.genblk1.genblk1.sliceA.last.genblk1.genblk1.genblk1.genblk1.genblk1.genblk1.genblk1.genblk1.sliceB[0].mul for Xilinx DSP packing.
  postadder $techmap$flatten\u_pe.$mul$/Users/toprakgundogdu/qwen-ffn-rom/rtl/gated_delta_bram.v:209$1911.$add$/opt/homebrew/bin/../share/yosys/mul2dsp.v:175$9044 ($add)
  clock: \clk (posedge) ffP:$auto$ff.cc:337:slice$8600
Analysing gated_delta_d16_bram.$flatten\u_pe.$mul$/Users/toprakgundogdu/qwen-ffn-rom/rtl/gated_delta_bram.v:209$1912.genblk1.genblk1.genblk1.genblk1.genblk1.genblk1.genblk1.sliceA.last.genblk1.genblk1.genblk1.genblk1.genblk1.genblk1.genblk1.genblk1.sliceB[0].mul for Xilinx DSP packing.
  postadder $techmap$flatten\u_pe.$mul$/Users/toprakgundogdu/qwen-ffn-rom/rtl/gated_delta_bram.v:209$1912.$add$/opt/homebrew/bin/../share/yosys/mul2dsp.v:175$9044 ($add)
  clock: \clk (posedge) ffP:$auto$ff.cc:337:slice$8592
Analysing gated_delta_d16_bram.$flatten\u_pe.$mul$/Users/toprakgundogdu/qwen-ffn-rom/rtl/gated_delta_bram.v:269$2035 for Xilinx DSP packing.
  preadder $flatten\u_pe.$sub$/Users/toprakgundogdu/qwen-ffn-rom/rtl/gated_delta_bram.v:269$2034 ($sub)
  clock: \clk (posedge) ffA2:$auto$ff.cc:337:slice$8374 ffB2:$auto$ff.cc:337:slice$8748 ffD:$auto$ff.cc:337:slice$7756
Analysing gated_delta_d16_bram.$flatten\u_pe.$mul$/Users/toprakgundogdu/qwen-ffn-rom/rtl/gated_delta_bram.v:269$2038 for Xilinx DSP packing.
  preadder $flatten\u_pe.$sub$/Users/toprakgundogdu/qwen-ffn-rom/rtl/gated_delta_bram.v:269$2037 ($sub)
  clock: \clk (posedge) ffA2:$auto$ff.cc:337:slice$8366 ffB2:$auto$ff.cc:337:slice$8748 ffD:$auto$ff.cc:337:slice$8580
Analysing gated_delta_d16_bram.$flatten\u_pe.$mul$/Users/toprakgundogdu/qwen-ffn-rom/rtl/gated_delta_bram.v:269$2041 for Xilinx DSP packing.
  preadder $flatten\u_pe.$sub$/Users/toprakgundogdu/qwen-ffn-rom/rtl/gated_delta_bram.v:269$2040 ($sub)
  clock: \clk (posedge) ffA2:$auto$ff.cc:337:slice$8358 ffB2:$auto$ff.cc:337:slice$8748 ffD:$auto$ff.cc:337:slice$8736
Analysing gated_delta_d16_bram.$flatten\u_pe.$mul$/Users/toprakgundogdu/qwen-ffn-rom/rtl/gated_delta_bram.v:269$2044 for Xilinx DSP packing.
  preadder $flatten\u_pe.$sub$/Users/toprakgundogdu/qwen-ffn-rom/rtl/gated_delta_bram.v:269$2043 ($sub)
  clock: \clk (posedge) ffA2:$auto$ff.cc:337:slice$8350 ffB2:$auto$ff.cc:337:slice$8748 ffD:$auto$ff.cc:337:slice$7684
Analysing gated_delta_d16_bram.$flatten\u_pe.$mul$/Users/toprakgundogdu/qwen-ffn-rom/rtl/gated_delta_bram.v:269$2047 for Xilinx DSP packing.
  preadder $flatten\u_pe.$sub$/Users/toprakgundogdu/qwen-ffn-rom/rtl/gated_delta_bram.v:269$2046 ($sub)
  clock: \clk (posedge) ffA2:$auto$ff.cc:337:slice$8342 ffB2:$auto$ff.cc:337:slice$8748 ffD:$auto$ff.cc:337:slice$8544
Analysing gated_delta_d16_bram.$flatten\u_pe.$mul$/Users/toprakgundogdu/qwen-ffn-rom/rtl/gated_delta_bram.v:269$2050 for Xilinx DSP packing.
  preadder $flatten\u_pe.$sub$/Users/toprakgundogdu/qwen-ffn-rom/rtl/gated_delta_bram.v:269$2049 ($sub)
  clock: \clk (posedge) ffA2:$auto$ff.cc:337:slice$8334 ffB2:$auto$ff.cc:337:slice$8748 ffD:$auto$ff.cc:337:slice$8552
Analysing gated_delta_d16_bram.$flatten\u_pe.$mul$/Users/toprakgundogdu/qwen-ffn-rom/rtl/gated_delta_bram.v:269$2053 for Xilinx DSP packing.
  preadder $flatten\u_pe.$sub$/Users/toprakgundogdu/qwen-ffn-rom/rtl/gated_delta_bram.v:269$2052 ($sub)
  clock: \clk (posedge) ffA2:$auto$ff.cc:337:slice$8326 ffB2:$auto$ff.cc:337:slice$8748 ffD:$auto$ff.cc:337:slice$8684
Analysing gated_delta_d16_bram.$flatten\u_pe.$mul$/Users/toprakgundogdu/qwen-ffn-rom/rtl/gated_delta_bram.v:269$2056 for Xilinx DSP packing.
  preadder $flatten\u_pe.$sub$/Users/toprakgundogdu/qwen-ffn-rom/rtl/gated_delta_bram.v:269$2055 ($sub)
  clock: \clk (posedge) ffA2:$auto$ff.cc:337:slice$8318 ffB2:$auto$ff.cc:337:slice$8748 ffD:$auto$ff.cc:337:slice$8720
Analysing gated_delta_d16_bram.$flatten\u_pe.$mul$/Users/toprakgundogdu/qwen-ffn-rom/rtl/gated_delta_bram.v:269$2059 for Xilinx DSP packing.
  preadder $flatten\u_pe.$sub$/Users/toprakgundogdu/qwen-ffn-rom/rtl/gated_delta_bram.v:269$2058 ($sub)
  clock: \clk (posedge) ffA2:$auto$ff.cc:337:slice$8310 ffB2:$auto$ff.cc:337:slice$8748 ffD:$auto$ff.cc:337:slice$8560
Analysing gated_delta_d16_bram.$flatten\u_pe.$mul$/Users/toprakgundogdu/qwen-ffn-rom/rtl/gated_delta_bram.v:269$2062 for Xilinx DSP packing.
  preadder $flatten\u_pe.$sub$/Users/toprakgundogdu/qwen-ffn-rom/rtl/gated_delta_bram.v:269$2061 ($sub)
  clock: \clk (posedge) ffA2:$auto$ff.cc:337:slice$8302 ffB2:$auto$ff.cc:337:slice$8748 ffD:$auto$ff.cc:337:slice$8474
Analysing gated_delta_d16_bram.$flatten\u_pe.$mul$/Users/toprakgundogdu/qwen-ffn-rom/rtl/gated_delta_bram.v:269$2065 for Xilinx DSP packing.
  preadder $flatten\u_pe.$sub$/Users/toprakgundogdu/qwen-ffn-rom/rtl/gated_delta_bram.v:269$2064 ($sub)
  clock: \clk (posedge) ffA2:$auto$ff.cc:337:slice$8294 ffB2:$auto$ff.cc:337:slice$8748 ffD:$auto$ff.cc:337:slice$8524
Analysing gated_delta_d16_bram.$flatten\u_pe.$mul$/Users/toprakgundogdu/qwen-ffn-rom/rtl/gated_delta_bram.v:269$2068 for Xilinx DSP packing.
  preadder $flatten\u_pe.$sub$/Users/toprakgundogdu/qwen-ffn-rom/rtl/gated_delta_bram.v:269$2067 ($sub)
  clock: \clk (posedge) ffA2:$auto$ff.cc:337:slice$8286 ffB2:$auto$ff.cc:337:slice$8748 ffD:$auto$ff.cc:337:slice$8528
Analysing gated_delta_d16_bram.$flatten\u_pe.$mul$/Users/toprakgundogdu/qwen-ffn-rom/rtl/gated_delta_bram.v:269$2071 for Xilinx DSP packing.
  preadder $flatten\u_pe.$sub$/Users/toprakgundogdu/qwen-ffn-rom/rtl/gated_delta_bram.v:269$2070 ($sub)
  clock: \clk (posedge) ffA2:$auto$ff.cc:337:slice$8278 ffB2:$auto$ff.cc:337:slice$8748 ffD:$auto$ff.cc:337:slice$8556
Analysing gated_delta_d16_bram.$flatten\u_pe.$mul$/Users/toprakgundogdu/qwen-ffn-rom/rtl/gated_delta_bram.v:209$1897.genblk1.genblk1.genblk1.genblk1.genblk1.genblk1.genblk1.sliceA[0].mul.genblk1.genblk1.genblk1.genblk1.genblk1.genblk1.genblk1.genblk1.sliceB[0].mul for Xilinx DSP packing.

Analysing gated_delta_d16_bram.$flatten\u_pe.$mul$/Users/toprakgundogdu/qwen-ffn-rom/rtl/gated_delta_bram.v:269$2026 for Xilinx DSP packing.
  preadder $flatten\u_pe.$sub$/Users/toprakgundogdu/qwen-ffn-rom/rtl/gated_delta_bram.v:269$2025 ($sub)
  clock: \clk (posedge) ffA2:$auto$ff.cc:337:slice$8398 ffB2:$auto$ff.cc:337:slice$8748 ffD:$auto$ff.cc:337:slice$8568
<suppressed ~944 debug messages>

9.23. Executing TECHMAP pass (map to technology primitives).

9.23.1. Executing Verilog-2005 frontend: /opt/homebrew/bin/../share/yosys/cmp2lut.v
Parsing Verilog input from `/opt/homebrew/bin/../share/yosys/cmp2lut.v' to AST representation.
Generating RTLIL representation for module `\_90_lut_cmp_'.
Successfully finished Verilog frontend.

9.23.2. Executing Verilog-2005 frontend: /opt/homebrew/bin/../share/yosys/cmp2lcu.v
Parsing Verilog input from `/opt/homebrew/bin/../share/yosys/cmp2lcu.v' to AST representation.
Generating RTLIL representation for module `\_80_lcu_cmp_'.
Generating RTLIL representation for module `$__CMP2LCU'.
Successfully finished Verilog frontend.

9.23.3. Continuing TECHMAP pass.
Using template $paramod$220a30b0caee29e28846a0c00a19deb775ca26b1\_80_lcu_cmp_ for cells of type $lt.
Using template $paramod$f0445b4c2fd6028579e8c302545805a970ec0649\_80_lcu_cmp_ for cells of type $gt.
Using template $paramod$36c6bbb319e5f3bcae874d9c1cc5c1a0139be9e5\_80_lcu_cmp_ for cells of type $lt.
Using template $paramod$6d2b8a01ef1b1818e774b6d3d2277e6144f440f8\_80_lcu_cmp_ for cells of type $gt.
Using template $paramod$40dbe51eed0eaf499e806c98ebfb7b0f20910e87$__CMP2LCU for cells of type $__CMP2LCU.
Using template $paramod$bf3c0f34320a9442e56b77e3d7d0a426b2be7240\_80_lcu_cmp_ for cells of type $gt.
Using template $paramod$cab5da8ce1eb00a5b0c00a0297680a2cef7c3810$__CMP2LCU for cells of type $__CMP2LCU.
Using template $paramod$bd15e0866483f6ec901c60e17d6b6b25d0941ff1$__CMP2LCU for cells of type $__CMP2LCU.
Using template $paramod$95f820c6ed67f73ff964da86805d856a674b330e$__CMP2LCU for cells of type $__CMP2LCU.
Using template $paramod$73df83b395198523f81fe31e28a5671a3b014662$__CMP2LCU for cells of type $__CMP2LCU.
Using template $paramod$fbd8746bf85c672a14034405cecc9fabdde41c8a$__CMP2LCU for cells of type $__CMP2LCU.
Using template $paramod$97c72784383392b81bbda90aa217c840ea5d1531$__CMP2LCU for cells of type $__CMP2LCU.
Using template $paramod$37e41d5e15206ab5ef2a3da7d4b4e75b4c574c7e$__CMP2LCU for cells of type $__CMP2LCU.
Using template $paramod$0d32cedddbaf00677987b9ab35cfa7a1c2c7edd4$__CMP2LCU for cells of type $__CMP2LCU.
Using template $paramod$c9380ced8f1b27d04a87fd01a55e000edacd5ab0$__CMP2LCU for cells of type $__CMP2LCU.
Using template $paramod$cc1c4287ccf923afc3807bed94b7d505cb151d05$__CMP2LCU for cells of type $__CMP2LCU.
Using template $paramod$470af4ad2a30c15bdb2fc7a5c7b2135d2c1c767f$__CMP2LCU for cells of type $__CMP2LCU.
Using template $paramod$bde44a3238be696c69d3ff627ba1bed70cd141a3$__CMP2LCU for cells of type $__CMP2LCU.
Using template $paramod$d747b53f795d861fc1843e49a594c628176b0b57$__CMP2LCU for cells of type $__CMP2LCU.
Using template $paramod$2b64f99649912061d13a23b71a19e0709347e753$__CMP2LCU for cells of type $__CMP2LCU.
Using template $paramod$80c38e214abc85a494a2724f541166d95fc93cdb$__CMP2LCU for cells of type $__CMP2LCU.
Using template $paramod$5ccfc7524a34be4434a16113cd6b37048307629c$__CMP2LCU for cells of type $__CMP2LCU.
Using template $paramod$93e51fb14c198ce13dba566b88633bd50bea3b0f$__CMP2LCU for cells of type $__CMP2LCU.
Using template $paramod$ec991cf227cbd275fcae82fcef557cac53ebe998$__CMP2LCU for cells of type $__CMP2LCU.
Using template $paramod$7ef0040872ddaad481487911923d77628fa57a17$__CMP2LCU for cells of type $__CMP2LCU.
Using template $paramod$a1524b4eff39241b762a0f0b7443a15d38737f4e$__CMP2LCU for cells of type $__CMP2LCU.
Using template $paramod$61208ab632185af59ead149c4035f6c934abc367$__CMP2LCU for cells of type $__CMP2LCU.
Using template $paramod$54d85df986a0ee86239e69422a8221edb908db50$__CMP2LCU for cells of type $__CMP2LCU.
Using template $paramod$5069b23bfd76bb14ed39e240939d946a99e3e904$__CMP2LCU for cells of type $__CMP2LCU.
Using template $paramod$d231f740a6f15f81ea40c323a3ff01e69ad5b13a$__CMP2LCU for cells of type $__CMP2LCU.
Using template $paramod$cdcc57c2611c6799c5156b576ab9ed8b53920cc7$__CMP2LCU for cells of type $__CMP2LCU.
Using template $paramod$7d26f0b42570464111739b6d2d371f25ce5b4725$__CMP2LCU for cells of type $__CMP2LCU.
Using template $paramod$ee4e9e949abde30f30eebe3c6e6153dced5583fe$__CMP2LCU for cells of type $__CMP2LCU.
Using template $paramod$de96ceb0b2f27160f9539c3b1bc5e04e9851e56d$__CMP2LCU for cells of type $__CMP2LCU.
Using template $paramod$ab14a6ed38b24b0aee8c7d4f5f869c7d7ec40c88$__CMP2LCU for cells of type $__CMP2LCU.
Using template $paramod$e7506bd3170e78b8cfed66b71b8e5cc54589f962$__CMP2LCU for cells of type $__CMP2LCU.
Using template $paramod$d0016fd9bb783edbef13f49385f45dd8039edea7$__CMP2LCU for cells of type $__CMP2LCU.
Using template $paramod$83b0ef01399b6b144df69a1fa774f1f02921533a$__CMP2LCU for cells of type $__CMP2LCU.
Using template $paramod$41861426664d1b356b4bbc9850091eccdff5d741$__CMP2LCU for cells of type $__CMP2LCU.
Using template $paramod$ada2f34747bd959fccd3e682d59dc5ef6a70f69d$__CMP2LCU for cells of type $__CMP2LCU.
Using template $paramod$b26d9d03ddc1d74d40ebddeddc862a3dcad5550d$__CMP2LCU for cells of type $__CMP2LCU.
Using template $paramod$f9e828a57ebfe7db1ce3ec77c09221cd548b5eef$__CMP2LCU for cells of type $__CMP2LCU.
Using template $paramod$f495116c442e7716e5280adcd69458fc3fca81e8$__CMP2LCU for cells of type $__CMP2LCU.
Using template $paramod$87755060d7bab14a0ae09770710d17a45e8a7161$__CMP2LCU for cells of type $__CMP2LCU.
Using template $paramod$9226394d6a135a3b5fc306d89be991e985be8942$__CMP2LCU for cells of type $__CMP2LCU.
Using template $paramod$f67a48139201151ff02b37968154afaa3bc7592e$__CMP2LCU for cells of type $__CMP2LCU.
Using template $paramod$841739d3cfae7b656a6b40bcb88a68fa843486d4$__CMP2LCU for cells of type $__CMP2LCU.
Using template $paramod$6df878298833ac57cf60bf191be594c9d1e05c7d$__CMP2LCU for cells of type $__CMP2LCU.
Using template $paramod$7fb6e881985721f3731c17fdbbd69297eab8800f$__CMP2LCU for cells of type $__CMP2LCU.
Using template $paramod$4c82ed82376c4635eb4b7bd4516020c734aed9ff$__CMP2LCU for cells of type $__CMP2LCU.
Using template $paramod$49b29c2b6b4a471eb552f937d64bb719c2fd09b9$__CMP2LCU for cells of type $__CMP2LCU.
Using template $paramod$f43a415cc0cab91cbf22a02fbbc99e03d57d11c9$__CMP2LCU for cells of type $__CMP2LCU.
Using template $paramod$cc6a8f26483f3937bf9cfdf04073f7aa70c4e3a5$__CMP2LCU for cells of type $__CMP2LCU.
Using template $paramod$c42e0be5c1b2ba96f11603b388ed66174ab821d6$__CMP2LCU for cells of type $__CMP2LCU.
Using template $paramod$1b207848c3e1035354f218a7053ab2252dde5fa8$__CMP2LCU for cells of type $__CMP2LCU.
Using template $paramod$195e06a7e59a45741021d44e984641f76ce12428$__CMP2LCU for cells of type $__CMP2LCU.
Using template $paramod$cd170a0edab3b42a181ed113f64eaef630932702$__CMP2LCU for cells of type $__CMP2LCU.
Using template $paramod$35046fdbcda3857031cd4fe2b8cb50088fd6c1b6$__CMP2LCU for cells of type $__CMP2LCU.
Using template $paramod$bcc13d36516676fab070eeae2ffa94ffd4d0df06$__CMP2LCU for cells of type $__CMP2LCU.
Using template $paramod$dc4ebb32faefca427205d689390da8f7223b0d26$__CMP2LCU for cells of type $__CMP2LCU.
Using template $paramod$8c5482fcdab80bee509f08f092a1c9cc8756faf2$__CMP2LCU for cells of type $__CMP2LCU.
Using template $paramod$d8f9bd6ee2bf87f87c4091a71ec5d3f52320a80f$__CMP2LCU for cells of type $__CMP2LCU.
Using template $paramod$b3a8e5fbe1fac3090108071f028463d655bce66b$__CMP2LCU for cells of type $__CMP2LCU.
Using template $paramod$0c53109ba26b5a3ca4d3d55f6391ff20c7599dd9$__CMP2LCU for cells of type $__CMP2LCU.
Using template $paramod$e84a4520001975b1f6300c239a579874b4710794$__CMP2LCU for cells of type $__CMP2LCU.
Using template $paramod$0a261c70c105a5281ee8dc1bbed1193fc5905763$__CMP2LCU for cells of type $__CMP2LCU.
Using template $paramod$00936dee3c8c434496164f387843d8c800f7aaeb$__CMP2LCU for cells of type $__CMP2LCU.
Using template $paramod$e60baae998317ac8b1698cf3594db12ecb822a0e$__CMP2LCU for cells of type $__CMP2LCU.
Using template $paramod$2fb84a6f22351665dfd46683e619c0674a5e70e8$__CMP2LCU for cells of type $__CMP2LCU.
Using template $paramod$8b0e00d8a058af0cc87c27979f4c102ca50da44c$__CMP2LCU for cells of type $__CMP2LCU.
Using template $paramod$5e710bcc57012316d91ea49cd1dff6b4c25086e6$__CMP2LCU for cells of type $__CMP2LCU.
Using template $paramod$6f47dbab84dc96d9fb55315ff6d3845c8526bd79$__CMP2LCU for cells of type $__CMP2LCU.
Using template $paramod$e00b5be5b6a42000d84c2a5e485602e5f76a7331$__CMP2LCU for cells of type $__CMP2LCU.
Using template $paramod$f2a076ea773b3fd81ee05e7acfaf82cd75fa3184$__CMP2LCU for cells of type $__CMP2LCU.
Using template $paramod$369c95e5c3d1152e5e13cb72ad4003c1f9984d85$__CMP2LCU for cells of type $__CMP2LCU.
Using template $paramod$e91c0b9ea2fa737eb64aa386d04ea51344d42d84$__CMP2LCU for cells of type $__CMP2LCU.
Using template $paramod$a6c37dc577941cee0a0a27c27da979b3e616e883$__CMP2LCU for cells of type $__CMP2LCU.
Using template $paramod$813a9a92592a20bd8c8f1e1f89e340315c7f616c$__CMP2LCU for cells of type $__CMP2LCU.
Using template $paramod$420ae6a9c4a8632127dddb72afd97ce955c7dbb9$__CMP2LCU for cells of type $__CMP2LCU.
Using template $paramod$5362deea77ffa38923445b6ed20aa0e1bf4e8edc$__CMP2LCU for cells of type $__CMP2LCU.
Using template $paramod$e3a1af1ca042f4213040691909a9f0ffea63121f$__CMP2LCU for cells of type $__CMP2LCU.
Using template $paramod$c3c004f9c07a46525f824e95852cb57d1df9e6a8$__CMP2LCU for cells of type $__CMP2LCU.
Using template $paramod$b049e40f84ae470a0e1d5addaaa6516cd59ef880$__CMP2LCU for cells of type $__CMP2LCU.
Using template $paramod$0369597e75c5e64c80f31dbcd66eba13687e13f7$__CMP2LCU for cells of type $__CMP2LCU.
Using template $paramod$32eaa22dbbf3ba9d05ce6f3b3330285f3e0f514f$__CMP2LCU for cells of type $__CMP2LCU.
Using template $paramod$958978196da32f112a582668a1d7787b67706636$__CMP2LCU for cells of type $__CMP2LCU.
No more expansions possible.
<suppressed ~3409 debug messages>

9.24. Executing ALUMACC pass (create $alu and $macc cells).
Extracting $alu and $macc cells in module gated_delta_d16_bram:
  creating $macc model for $flatten\u_pe.$add$/Users/toprakgundogdu/qwen-ffn-rom/rtl/gated_delta_bram.v:121$2074 ($add).
  creating $macc model for $flatten\u_pe.$add$/Users/toprakgundogdu/qwen-ffn-rom/rtl/gated_delta_bram.v:121$2076 ($add).
  creating $macc model for $flatten\u_pe.$add$/Users/toprakgundogdu/qwen-ffn-rom/rtl/gated_delta_bram.v:121$2078 ($add).
  creating $macc model for $flatten\u_pe.$add$/Users/toprakgundogdu/qwen-ffn-rom/rtl/gated_delta_bram.v:121$2080 ($add).
  creating $macc model for $flatten\u_pe.$add$/Users/toprakgundogdu/qwen-ffn-rom/rtl/gated_delta_bram.v:121$2082 ($add).
  creating $macc model for $flatten\u_pe.$add$/Users/toprakgundogdu/qwen-ffn-rom/rtl/gated_delta_bram.v:121$2084 ($add).
  creating $macc model for $flatten\u_pe.$add$/Users/toprakgundogdu/qwen-ffn-rom/rtl/gated_delta_bram.v:121$2086 ($add).
  creating $macc model for $flatten\u_pe.$add$/Users/toprakgundogdu/qwen-ffn-rom/rtl/gated_delta_bram.v:121$2088 ($add).
  creating $macc model for $flatten\u_pe.$add$/Users/toprakgundogdu/qwen-ffn-rom/rtl/gated_delta_bram.v:121$2090 ($add).
  creating $macc model for $flatten\u_pe.$add$/Users/toprakgundogdu/qwen-ffn-rom/rtl/gated_delta_bram.v:121$2092 ($add).
  creating $macc model for $flatten\u_pe.$add$/Users/toprakgundogdu/qwen-ffn-rom/rtl/gated_delta_bram.v:121$2094 ($add).
  creating $macc model for $flatten\u_pe.$add$/Users/toprakgundogdu/qwen-ffn-rom/rtl/gated_delta_bram.v:121$2096 ($add).
  creating $macc model for $flatten\u_pe.$add$/Users/toprakgundogdu/qwen-ffn-rom/rtl/gated_delta_bram.v:121$2098 ($add).
  creating $macc model for $flatten\u_pe.$add$/Users/toprakgundogdu/qwen-ffn-rom/rtl/gated_delta_bram.v:121$2100 ($add).
  creating $macc model for $flatten\u_pe.$add$/Users/toprakgundogdu/qwen-ffn-rom/rtl/gated_delta_bram.v:121$2102 ($add).
  creating $macc model for $flatten\u_pe.$add$/Users/toprakgundogdu/qwen-ffn-rom/rtl/gated_delta_bram.v:121$2104 ($add).
  creating $macc model for $flatten\u_pe.$add$/Users/toprakgundogdu/qwen-ffn-rom/rtl/gated_delta_bram.v:179$1896 ($add).
  creating $macc model for $flatten\u_pe.$add$/Users/toprakgundogdu/qwen-ffn-rom/rtl/gated_delta_bram.v:245$2004 ($add).
  creating $macc model for $flatten\u_pe.$add$/Users/toprakgundogdu/qwen-ffn-rom/rtl/gated_delta_bram.v:245$2005 ($add).
  creating $macc model for $flatten\u_pe.$add$/Users/toprakgundogdu/qwen-ffn-rom/rtl/gated_delta_bram.v:245$2006 ($add).
  creating $macc model for $flatten\u_pe.$add$/Users/toprakgundogdu/qwen-ffn-rom/rtl/gated_delta_bram.v:245$2007 ($add).
  creating $macc model for $flatten\u_pe.$add$/Users/toprakgundogdu/qwen-ffn-rom/rtl/gated_delta_bram.v:245$2008 ($add).
  creating $macc model for $flatten\u_pe.$add$/Users/toprakgundogdu/qwen-ffn-rom/rtl/gated_delta_bram.v:245$2009 ($add).
  creating $macc model for $flatten\u_pe.$add$/Users/toprakgundogdu/qwen-ffn-rom/rtl/gated_delta_bram.v:245$2010 ($add).
  creating $macc model for $flatten\u_pe.$add$/Users/toprakgundogdu/qwen-ffn-rom/rtl/gated_delta_bram.v:245$2011 ($add).
  creating $macc model for $flatten\u_pe.$add$/Users/toprakgundogdu/qwen-ffn-rom/rtl/gated_delta_bram.v:245$2012 ($add).
  creating $macc model for $flatten\u_pe.$add$/Users/toprakgundogdu/qwen-ffn-rom/rtl/gated_delta_bram.v:245$2013 ($add).
  creating $macc model for $flatten\u_pe.$add$/Users/toprakgundogdu/qwen-ffn-rom/rtl/gated_delta_bram.v:245$2014 ($add).
  creating $macc model for $flatten\u_pe.$add$/Users/toprakgundogdu/qwen-ffn-rom/rtl/gated_delta_bram.v:245$2015 ($add).
  creating $macc model for $flatten\u_pe.$add$/Users/toprakgundogdu/qwen-ffn-rom/rtl/gated_delta_bram.v:245$2016 ($add).
  creating $macc model for $flatten\u_pe.$add$/Users/toprakgundogdu/qwen-ffn-rom/rtl/gated_delta_bram.v:245$2017 ($add).
  creating $macc model for $flatten\u_pe.$add$/Users/toprakgundogdu/qwen-ffn-rom/rtl/gated_delta_bram.v:245$2018 ($add).
  creating $macc model for $flatten\u_pe.$add$/Users/toprakgundogdu/qwen-ffn-rom/rtl/gated_delta_bram.v:245$2019 ($add).
  creating $macc model for $flatten\u_pe.$add$/Users/toprakgundogdu/qwen-ffn-rom/rtl/gated_delta_bram.v:261$2024 ($add).
  creating $alu model for $macc $flatten\u_pe.$add$/Users/toprakgundogdu/qwen-ffn-rom/rtl/gated_delta_bram.v:261$2024.
  creating $alu model for $macc $flatten\u_pe.$add$/Users/toprakgundogdu/qwen-ffn-rom/rtl/gated_delta_bram.v:245$2019.
  creating $alu model for $macc $flatten\u_pe.$add$/Users/toprakgundogdu/qwen-ffn-rom/rtl/gated_delta_bram.v:245$2018.
  creating $alu model for $macc $flatten\u_pe.$add$/Users/toprakgundogdu/qwen-ffn-rom/rtl/gated_delta_bram.v:245$2017.
  creating $alu model for $macc $flatten\u_pe.$add$/Users/toprakgundogdu/qwen-ffn-rom/rtl/gated_delta_bram.v:245$2016.
  creating $alu model for $macc $flatten\u_pe.$add$/Users/toprakgundogdu/qwen-ffn-rom/rtl/gated_delta_bram.v:245$2015.
  creating $alu model for $macc $flatten\u_pe.$add$/Users/toprakgundogdu/qwen-ffn-rom/rtl/gated_delta_bram.v:245$2014.
  creating $alu model for $macc $flatten\u_pe.$add$/Users/toprakgundogdu/qwen-ffn-rom/rtl/gated_delta_bram.v:245$2013.
  creating $alu model for $macc $flatten\u_pe.$add$/Users/toprakgundogdu/qwen-ffn-rom/rtl/gated_delta_bram.v:245$2012.
  creating $alu model for $macc $flatten\u_pe.$add$/Users/toprakgundogdu/qwen-ffn-rom/rtl/gated_delta_bram.v:245$2011.
  creating $alu model for $macc $flatten\u_pe.$add$/Users/toprakgundogdu/qwen-ffn-rom/rtl/gated_delta_bram.v:245$2010.
  creating $alu model for $macc $flatten\u_pe.$add$/Users/toprakgundogdu/qwen-ffn-rom/rtl/gated_delta_bram.v:245$2009.
  creating $alu model for $macc $flatten\u_pe.$add$/Users/toprakgundogdu/qwen-ffn-rom/rtl/gated_delta_bram.v:245$2008.
  creating $alu model for $macc $flatten\u_pe.$add$/Users/toprakgundogdu/qwen-ffn-rom/rtl/gated_delta_bram.v:245$2007.
  creating $alu model for $macc $flatten\u_pe.$add$/Users/toprakgundogdu/qwen-ffn-rom/rtl/gated_delta_bram.v:245$2006.
  creating $alu model for $macc $flatten\u_pe.$add$/Users/toprakgundogdu/qwen-ffn-rom/rtl/gated_delta_bram.v:245$2005.
  creating $alu model for $macc $flatten\u_pe.$add$/Users/toprakgundogdu/qwen-ffn-rom/rtl/gated_delta_bram.v:245$2004.
  creating $alu model for $macc $flatten\u_pe.$add$/Users/toprakgundogdu/qwen-ffn-rom/rtl/gated_delta_bram.v:179$1896.
  creating $alu model for $macc $flatten\u_pe.$add$/Users/toprakgundogdu/qwen-ffn-rom/rtl/gated_delta_bram.v:121$2104.
  creating $alu model for $macc $flatten\u_pe.$add$/Users/toprakgundogdu/qwen-ffn-rom/rtl/gated_delta_bram.v:121$2102.
  creating $alu model for $macc $flatten\u_pe.$add$/Users/toprakgundogdu/qwen-ffn-rom/rtl/gated_delta_bram.v:121$2100.
  creating $alu model for $macc $flatten\u_pe.$add$/Users/toprakgundogdu/qwen-ffn-rom/rtl/gated_delta_bram.v:121$2098.
  creating $alu model for $macc $flatten\u_pe.$add$/Users/toprakgundogdu/qwen-ffn-rom/rtl/gated_delta_bram.v:121$2096.
  creating $alu model for $macc $flatten\u_pe.$add$/Users/toprakgundogdu/qwen-ffn-rom/rtl/gated_delta_bram.v:121$2094.
  creating $alu model for $macc $flatten\u_pe.$add$/Users/toprakgundogdu/qwen-ffn-rom/rtl/gated_delta_bram.v:121$2092.
  creating $alu model for $macc $flatten\u_pe.$add$/Users/toprakgundogdu/qwen-ffn-rom/rtl/gated_delta_bram.v:121$2090.
  creating $alu model for $macc $flatten\u_pe.$add$/Users/toprakgundogdu/qwen-ffn-rom/rtl/gated_delta_bram.v:121$2088.
  creating $alu model for $macc $flatten\u_pe.$add$/Users/toprakgundogdu/qwen-ffn-rom/rtl/gated_delta_bram.v:121$2086.
  creating $alu model for $macc $flatten\u_pe.$add$/Users/toprakgundogdu/qwen-ffn-rom/rtl/gated_delta_bram.v:121$2084.
  creating $alu model for $macc $flatten\u_pe.$add$/Users/toprakgundogdu/qwen-ffn-rom/rtl/gated_delta_bram.v:121$2082.
  creating $alu model for $macc $flatten\u_pe.$add$/Users/toprakgundogdu/qwen-ffn-rom/rtl/gated_delta_bram.v:121$2080.
  creating $alu model for $macc $flatten\u_pe.$add$/Users/toprakgundogdu/qwen-ffn-rom/rtl/gated_delta_bram.v:121$2078.
  creating $alu model for $macc $flatten\u_pe.$add$/Users/toprakgundogdu/qwen-ffn-rom/rtl/gated_delta_bram.v:121$2076.
  creating $alu model for $macc $flatten\u_pe.$add$/Users/toprakgundogdu/qwen-ffn-rom/rtl/gated_delta_bram.v:121$2074.
  creating $alu cell for $flatten\u_pe.$add$/Users/toprakgundogdu/qwen-ffn-rom/rtl/gated_delta_bram.v:121$2074: $auto$alumacc.cc:548:replace_alu$11154
  creating $alu cell for $flatten\u_pe.$add$/Users/toprakgundogdu/qwen-ffn-rom/rtl/gated_delta_bram.v:121$2076: $auto$alumacc.cc:548:replace_alu$11157
  creating $alu cell for $flatten\u_pe.$add$/Users/toprakgundogdu/qwen-ffn-rom/rtl/gated_delta_bram.v:121$2078: $auto$alumacc.cc:548:replace_alu$11160
  creating $alu cell for $flatten\u_pe.$add$/Users/toprakgundogdu/qwen-ffn-rom/rtl/gated_delta_bram.v:121$2080: $auto$alumacc.cc:548:replace_alu$11163
  creating $alu cell for $flatten\u_pe.$add$/Users/toprakgundogdu/qwen-ffn-rom/rtl/gated_delta_bram.v:121$2082: $auto$alumacc.cc:548:replace_alu$11166
  creating $alu cell for $flatten\u_pe.$add$/Users/toprakgundogdu/qwen-ffn-rom/rtl/gated_delta_bram.v:121$2084: $auto$alumacc.cc:548:replace_alu$11169
  creating $alu cell for $flatten\u_pe.$add$/Users/toprakgundogdu/qwen-ffn-rom/rtl/gated_delta_bram.v:121$2086: $auto$alumacc.cc:548:replace_alu$11172
  creating $alu cell for $flatten\u_pe.$add$/Users/toprakgundogdu/qwen-ffn-rom/rtl/gated_delta_bram.v:121$2088: $auto$alumacc.cc:548:replace_alu$11175
  creating $alu cell for $flatten\u_pe.$add$/Users/toprakgundogdu/qwen-ffn-rom/rtl/gated_delta_bram.v:121$2090: $auto$alumacc.cc:548:replace_alu$11178
  creating $alu cell for $flatten\u_pe.$add$/Users/toprakgundogdu/qwen-ffn-rom/rtl/gated_delta_bram.v:121$2092: $auto$alumacc.cc:548:replace_alu$11181
  creating $alu cell for $flatten\u_pe.$add$/Users/toprakgundogdu/qwen-ffn-rom/rtl/gated_delta_bram.v:121$2094: $auto$alumacc.cc:548:replace_alu$11184
  creating $alu cell for $flatten\u_pe.$add$/Users/toprakgundogdu/qwen-ffn-rom/rtl/gated_delta_bram.v:121$2096: $auto$alumacc.cc:548:replace_alu$11187
  creating $alu cell for $flatten\u_pe.$add$/Users/toprakgundogdu/qwen-ffn-rom/rtl/gated_delta_bram.v:121$2098: $auto$alumacc.cc:548:replace_alu$11190
  creating $alu cell for $flatten\u_pe.$add$/Users/toprakgundogdu/qwen-ffn-rom/rtl/gated_delta_bram.v:121$2100: $auto$alumacc.cc:548:replace_alu$11193
  creating $alu cell for $flatten\u_pe.$add$/Users/toprakgundogdu/qwen-ffn-rom/rtl/gated_delta_bram.v:121$2102: $auto$alumacc.cc:548:replace_alu$11196
  creating $alu cell for $flatten\u_pe.$add$/Users/toprakgundogdu/qwen-ffn-rom/rtl/gated_delta_bram.v:121$2104: $auto$alumacc.cc:548:replace_alu$11199
  creating $alu cell for $flatten\u_pe.$add$/Users/toprakgundogdu/qwen-ffn-rom/rtl/gated_delta_bram.v:179$1896: $auto$alumacc.cc:548:replace_alu$11202
  creating $alu cell for $flatten\u_pe.$add$/Users/toprakgundogdu/qwen-ffn-rom/rtl/gated_delta_bram.v:245$2004: $auto$alumacc.cc:548:replace_alu$11205
  creating $alu cell for $flatten\u_pe.$add$/Users/toprakgundogdu/qwen-ffn-rom/rtl/gated_delta_bram.v:245$2005: $auto$alumacc.cc:548:replace_alu$11208
  creating $alu cell for $flatten\u_pe.$add$/Users/toprakgundogdu/qwen-ffn-rom/rtl/gated_delta_bram.v:245$2006: $auto$alumacc.cc:548:replace_alu$11211
  creating $alu cell for $flatten\u_pe.$add$/Users/toprakgundogdu/qwen-ffn-rom/rtl/gated_delta_bram.v:245$2007: $auto$alumacc.cc:548:replace_alu$11214
  creating $alu cell for $flatten\u_pe.$add$/Users/toprakgundogdu/qwen-ffn-rom/rtl/gated_delta_bram.v:245$2008: $auto$alumacc.cc:548:replace_alu$11217
  creating $alu cell for $flatten\u_pe.$add$/Users/toprakgundogdu/qwen-ffn-rom/rtl/gated_delta_bram.v:245$2009: $auto$alumacc.cc:548:replace_alu$11220
  creating $alu cell for $flatten\u_pe.$add$/Users/toprakgundogdu/qwen-ffn-rom/rtl/gated_delta_bram.v:245$2010: $auto$alumacc.cc:548:replace_alu$11223
  creating $alu cell for $flatten\u_pe.$add$/Users/toprakgundogdu/qwen-ffn-rom/rtl/gated_delta_bram.v:245$2011: $auto$alumacc.cc:548:replace_alu$11226
  creating $alu cell for $flatten\u_pe.$add$/Users/toprakgundogdu/qwen-ffn-rom/rtl/gated_delta_bram.v:245$2012: $auto$alumacc.cc:548:replace_alu$11229
  creating $alu cell for $flatten\u_pe.$add$/Users/toprakgundogdu/qwen-ffn-rom/rtl/gated_delta_bram.v:245$2013: $auto$alumacc.cc:548:replace_alu$11232
  creating $alu cell for $flatten\u_pe.$add$/Users/toprakgundogdu/qwen-ffn-rom/rtl/gated_delta_bram.v:245$2014: $auto$alumacc.cc:548:replace_alu$11235
  creating $alu cell for $flatten\u_pe.$add$/Users/toprakgundogdu/qwen-ffn-rom/rtl/gated_delta_bram.v:245$2015: $auto$alumacc.cc:548:replace_alu$11238
  creating $alu cell for $flatten\u_pe.$add$/Users/toprakgundogdu/qwen-ffn-rom/rtl/gated_delta_bram.v:245$2016: $auto$alumacc.cc:548:replace_alu$11241
  creating $alu cell for $flatten\u_pe.$add$/Users/toprakgundogdu/qwen-ffn-rom/rtl/gated_delta_bram.v:245$2017: $auto$alumacc.cc:548:replace_alu$11244
  creating $alu cell for $flatten\u_pe.$add$/Users/toprakgundogdu/qwen-ffn-rom/rtl/gated_delta_bram.v:245$2018: $auto$alumacc.cc:548:replace_alu$11247
  creating $alu cell for $flatten\u_pe.$add$/Users/toprakgundogdu/qwen-ffn-rom/rtl/gated_delta_bram.v:245$2019: $auto$alumacc.cc:548:replace_alu$11250
  creating $alu cell for $flatten\u_pe.$add$/Users/toprakgundogdu/qwen-ffn-rom/rtl/gated_delta_bram.v:261$2024: $auto$alumacc.cc:548:replace_alu$11253
  created 34 $alu and 0 $macc cells.

9.25. Executing SHARE pass (SAT-based resource sharing).

9.26. Executing OPT pass (performing simple optimizations).

9.26.1. Executing OPT_EXPR pass (perform const folding).
Optimizing module gated_delta_d16_bram.
<suppressed ~4260 debug messages>

9.26.2. Executing OPT_MERGE pass (detect identical cells).
Finding identical cells in module `\gated_delta_d16_bram'.
Computing hashes of 3494 cells of `\gated_delta_d16_bram'.
Finding duplicate cells in `\gated_delta_d16_bram'.
Computing hashes of 2802 cells of `\gated_delta_d16_bram'.
Finding duplicate cells in `\gated_delta_d16_bram'.
Computing hashes of 2786 cells of `\gated_delta_d16_bram'.
Finding duplicate cells in `\gated_delta_d16_bram'.
<suppressed ~2124 debug messages>
Removed a total of 708 cells.

9.26.3. Executing OPT_MUXTREE pass (detect dead branches in mux trees).
Running muxtree optimizer on module \gated_delta_d16_bram..
  Creating internal representation of mux trees.
  Evaluating internal representation of mux trees.
  Analyzing evaluation results.
    dead port 1/18 on $pmux $flatten\u_pe.$procmux$3114.
    dead port 2/18 on $pmux $flatten\u_pe.$procmux$3114.
    dead port 3/18 on $pmux $flatten\u_pe.$procmux$3114.
    dead port 4/18 on $pmux $flatten\u_pe.$procmux$3114.
    dead port 5/18 on $pmux $flatten\u_pe.$procmux$3114.
    dead port 6/18 on $pmux $flatten\u_pe.$procmux$3114.
    dead port 7/18 on $pmux $flatten\u_pe.$procmux$3114.
    dead port 8/18 on $pmux $flatten\u_pe.$procmux$3114.
    dead port 9/18 on $pmux $flatten\u_pe.$procmux$3114.
    dead port 10/18 on $pmux $flatten\u_pe.$procmux$3114.
    dead port 11/18 on $pmux $flatten\u_pe.$procmux$3114.
    dead port 12/18 on $pmux $flatten\u_pe.$procmux$3114.
    dead port 13/18 on $pmux $flatten\u_pe.$procmux$3114.
    dead port 14/18 on $pmux $flatten\u_pe.$procmux$3114.
    dead port 15/18 on $pmux $flatten\u_pe.$procmux$3114.
    dead port 16/18 on $pmux $flatten\u_pe.$procmux$3114.
    dead port 18/18 on $pmux $flatten\u_pe.$procmux$3114.
    dead port 1/18 on $pmux $flatten\u_pe.$procmux$3131.
    dead port 2/18 on $pmux $flatten\u_pe.$procmux$3131.
    dead port 3/18 on $pmux $flatten\u_pe.$procmux$3131.
    dead port 4/18 on $pmux $flatten\u_pe.$procmux$3131.
    dead port 5/18 on $pmux $flatten\u_pe.$procmux$3131.
    dead port 6/18 on $pmux $flatten\u_pe.$procmux$3131.
    dead port 7/18 on $pmux $flatten\u_pe.$procmux$3131.
    dead port 8/18 on $pmux $flatten\u_pe.$procmux$3131.
    dead port 9/18 on $pmux $flatten\u_pe.$procmux$3131.
    dead port 10/18 on $pmux $flatten\u_pe.$procmux$3131.
    dead port 11/18 on $pmux $flatten\u_pe.$procmux$3131.
    dead port 12/18 on $pmux $flatten\u_pe.$procmux$3131.
    dead port 13/18 on $pmux $flatten\u_pe.$procmux$3131.
    dead port 14/18 on $pmux $flatten\u_pe.$procmux$3131.
    dead port 15/18 on $pmux $flatten\u_pe.$procmux$3131.
    dead port 16/18 on $pmux $flatten\u_pe.$procmux$3131.
    dead port 18/18 on $pmux $flatten\u_pe.$procmux$3131.
Removed 34 multiplexer ports.
<suppressed ~577 debug messages>

9.26.4. Executing OPT_REDUCE pass (consolidate $*mux and $reduce_* inputs).
  Optimizing cells in module \gated_delta_d16_bram.
Performed a total of 0 changes.

9.26.5. Executing OPT_MERGE pass (detect identical cells).
Finding identical cells in module `\gated_delta_d16_bram'.
Computing hashes of 2784 cells of `\gated_delta_d16_bram'.
Finding duplicate cells in `\gated_delta_d16_bram'.
Removed a total of 0 cells.

9.26.6. Executing OPT_DFF pass (perform DFF optimizations).

9.26.7. Executing OPT_CLEAN pass (remove unused cells and wires).
Finding unused cells or wires in module \gated_delta_d16_bram..
Removed 65 unused cells and 16965 unused wires.
<suppressed ~98 debug messages>

9.26.8. Executing OPT_EXPR pass (perform const folding).
Optimizing module gated_delta_d16_bram.
<suppressed ~192 debug messages>

9.26.9. Rerunning OPT passes. (Maybe there is more to do..)

9.26.10. Executing OPT_MUXTREE pass (detect dead branches in mux trees).
Running muxtree optimizer on module \gated_delta_d16_bram..
  Creating internal representation of mux trees.
  Evaluating internal representation of mux trees.
  Analyzing evaluation results.
Removed 0 multiplexer ports.
<suppressed ~526 debug messages>

9.26.11. Executing OPT_REDUCE pass (consolidate $*mux and $reduce_* inputs).
  Optimizing cells in module \gated_delta_d16_bram.
Performed a total of 0 changes.

9.26.12. Executing OPT_MERGE pass (detect identical cells).
Finding identical cells in module `\gated_delta_d16_bram'.
Computing hashes of 2527 cells of `\gated_delta_d16_bram'.
Finding duplicate cells in `\gated_delta_d16_bram'.
Removed a total of 0 cells.

9.26.13. Executing OPT_DFF pass (perform DFF optimizations).

9.26.14. Executing OPT_CLEAN pass (remove unused cells and wires).
Finding unused cells or wires in module \gated_delta_d16_bram..
Removed 0 unused cells and 192 unused wires.
<suppressed ~1 debug messages>

9.26.15. Executing OPT_EXPR pass (perform const folding).
Optimizing module gated_delta_d16_bram.

9.26.16. Rerunning OPT passes. (Maybe there is more to do..)

9.26.17. Executing OPT_MUXTREE pass (detect dead branches in mux trees).
Running muxtree optimizer on module \gated_delta_d16_bram..
  Creating internal representation of mux trees.
  Evaluating internal representation of mux trees.
  Analyzing evaluation results.
Removed 0 multiplexer ports.
<suppressed ~526 debug messages>

9.26.18. Executing OPT_REDUCE pass (consolidate $*mux and $reduce_* inputs).
  Optimizing cells in module \gated_delta_d16_bram.
Performed a total of 0 changes.

9.26.19. Executing OPT_MERGE pass (detect identical cells).
Finding identical cells in module `\gated_delta_d16_bram'.
Computing hashes of 2527 cells of `\gated_delta_d16_bram'.
Finding duplicate cells in `\gated_delta_d16_bram'.
Removed a total of 0 cells.

9.26.20. Executing OPT_DFF pass (perform DFF optimizations).

9.26.21. Executing OPT_CLEAN pass (remove unused cells and wires).
Finding unused cells or wires in module \gated_delta_d16_bram..

9.26.22. Executing OPT_EXPR pass (perform const folding).
Optimizing module gated_delta_d16_bram.

9.26.23. Finished fast OPT passes. (There is nothing left to do.)

9.27. Executing MEMORY pass.

9.27.1. Executing OPT_MEM pass (optimize memories).
Performed a total of 0 transformations.

9.27.2. Executing OPT_MEM_PRIORITY pass (removing unnecessary memory write priority relations).
Performed a total of 0 transformations.

9.27.3. Executing OPT_MEM_FEEDBACK pass (finding memory read-to-write feedback paths).

9.27.4. Executing MEMORY_BMUX2ROM pass (converting muxes to ROMs).

9.27.5. Executing MEMORY_DFF pass (merging $dff cells to $memrd).

9.27.6. Executing OPT_CLEAN pass (remove unused cells and wires).
Finding unused cells or wires in module \gated_delta_d16_bram..

9.27.7. Executing MEMORY_SHARE pass (consolidating $memrd/$memwr cells).

9.27.8. Executing OPT_MEM_WIDEN pass (optimize memories where all ports are wide).
Performed a total of 0 transformations.

9.27.9. Executing OPT_CLEAN pass (remove unused cells and wires).
Finding unused cells or wires in module \gated_delta_d16_bram..

9.27.10. Executing MEMORY_COLLECT pass (generating $mem cells).

9.28. Executing OPT_CLEAN pass (remove unused cells and wires).
Finding unused cells or wires in module \gated_delta_d16_bram..

9.29. Executing MEMORY_LIBMAP pass (mapping memories to cells).
found attribute 'ram_style = block' on memory gated_delta_d16_bram.u_pe.lanes[0].u_s.mem, forced mapping to block RAM
mapping memory gated_delta_d16_bram.u_pe.lanes[0].u_s.mem via $__XILINX_BLOCKRAM_TDP_
found attribute 'ram_style = block' on memory gated_delta_d16_bram.u_pe.lanes[10].u_s.mem, forced mapping to block RAM
mapping memory gated_delta_d16_bram.u_pe.lanes[10].u_s.mem via $__XILINX_BLOCKRAM_TDP_
found attribute 'ram_style = block' on memory gated_delta_d16_bram.u_pe.lanes[11].u_s.mem, forced mapping to block RAM
mapping memory gated_delta_d16_bram.u_pe.lanes[11].u_s.mem via $__XILINX_BLOCKRAM_TDP_
found attribute 'ram_style = block' on memory gated_delta_d16_bram.u_pe.lanes[12].u_s.mem, forced mapping to block RAM
mapping memory gated_delta_d16_bram.u_pe.lanes[12].u_s.mem via $__XILINX_BLOCKRAM_TDP_
found attribute 'ram_style = block' on memory gated_delta_d16_bram.u_pe.lanes[13].u_s.mem, forced mapping to block RAM
mapping memory gated_delta_d16_bram.u_pe.lanes[13].u_s.mem via $__XILINX_BLOCKRAM_TDP_
found attribute 'ram_style = block' on memory gated_delta_d16_bram.u_pe.lanes[14].u_s.mem, forced mapping to block RAM
mapping memory gated_delta_d16_bram.u_pe.lanes[14].u_s.mem via $__XILINX_BLOCKRAM_TDP_
found attribute 'ram_style = block' on memory gated_delta_d16_bram.u_pe.lanes[15].u_s.mem, forced mapping to block RAM
mapping memory gated_delta_d16_bram.u_pe.lanes[15].u_s.mem via $__XILINX_BLOCKRAM_TDP_
found attribute 'ram_style = block' on memory gated_delta_d16_bram.u_pe.lanes[1].u_s.mem, forced mapping to block RAM
mapping memory gated_delta_d16_bram.u_pe.lanes[1].u_s.mem via $__XILINX_BLOCKRAM_TDP_
found attribute 'ram_style = block' on memory gated_delta_d16_bram.u_pe.lanes[2].u_s.mem, forced mapping to block RAM
mapping memory gated_delta_d16_bram.u_pe.lanes[2].u_s.mem via $__XILINX_BLOCKRAM_TDP_
found attribute 'ram_style = block' on memory gated_delta_d16_bram.u_pe.lanes[3].u_s.mem, forced mapping to block RAM
mapping memory gated_delta_d16_bram.u_pe.lanes[3].u_s.mem via $__XILINX_BLOCKRAM_TDP_
found attribute 'ram_style = block' on memory gated_delta_d16_bram.u_pe.lanes[4].u_s.mem, forced mapping to block RAM
mapping memory gated_delta_d16_bram.u_pe.lanes[4].u_s.mem via $__XILINX_BLOCKRAM_TDP_
found attribute 'ram_style = block' on memory gated_delta_d16_bram.u_pe.lanes[5].u_s.mem, forced mapping to block RAM
mapping memory gated_delta_d16_bram.u_pe.lanes[5].u_s.mem via $__XILINX_BLOCKRAM_TDP_
found attribute 'ram_style = block' on memory gated_delta_d16_bram.u_pe.lanes[6].u_s.mem, forced mapping to block RAM
mapping memory gated_delta_d16_bram.u_pe.lanes[6].u_s.mem via $__XILINX_BLOCKRAM_TDP_
found attribute 'ram_style = block' on memory gated_delta_d16_bram.u_pe.lanes[7].u_s.mem, forced mapping to block RAM
mapping memory gated_delta_d16_bram.u_pe.lanes[7].u_s.mem via $__XILINX_BLOCKRAM_TDP_
found attribute 'ram_style = block' on memory gated_delta_d16_bram.u_pe.lanes[8].u_s.mem, forced mapping to block RAM
mapping memory gated_delta_d16_bram.u_pe.lanes[8].u_s.mem via $__XILINX_BLOCKRAM_TDP_
found attribute 'ram_style = block' on memory gated_delta_d16_bram.u_pe.lanes[9].u_s.mem, forced mapping to block RAM
mapping memory gated_delta_d16_bram.u_pe.lanes[9].u_s.mem via $__XILINX_BLOCKRAM_TDP_
<suppressed ~23872 debug messages>

9.30. Executing TECHMAP pass (map to technology primitives).

9.30.1. Executing Verilog-2005 frontend: /opt/homebrew/bin/../share/yosys/xilinx/lutrams_xc5v_map.v
Parsing Verilog input from `/opt/homebrew/bin/../share/yosys/xilinx/lutrams_xc5v_map.v' to AST representation.
Generating RTLIL representation for module `$__XILINX_LUTRAM_SP_'.
Generating RTLIL representation for module `$__XILINX_LUTRAM_DP_'.
Generating RTLIL representation for module `$__XILINX_LUTRAM_QP_'.
Generating RTLIL representation for module `$__XILINX_LUTRAM_OP_'.
Generating RTLIL representation for module `$__XILINX_LUTRAM_SDP_'.
Generating RTLIL representation for module `$__XILINX_LUTRAM_64X8SW_'.
Generating RTLIL representation for module `$__XILINX_LUTRAM_32X16DR8_'.
Successfully finished Verilog frontend.

9.30.2. Continuing TECHMAP pass.
No more expansions possible.
<suppressed ~9 debug messages>

9.31. Executing TECHMAP pass (map to technology primitives).

9.31.1. Executing Verilog-2005 frontend: /opt/homebrew/bin/../share/yosys/xilinx/brams_xc6v_map.v
Parsing Verilog input from `/opt/homebrew/bin/../share/yosys/xilinx/brams_xc6v_map.v' to AST representation.
Generating RTLIL representation for module `$__XILINX_BLOCKRAM_TDP_'.
Generating RTLIL representation for module `$__XILINX_BLOCKRAM_SDP_'.
Successfully finished Verilog frontend.

9.31.2. Continuing TECHMAP pass.
Using template $paramod$c0b50cb41b5f3845044c623d3c27a2c8d838401f$__XILINX_BLOCKRAM_TDP_ for cells of type $__XILINX_BLOCKRAM_TDP_.
No more expansions possible.
<suppressed ~67 debug messages>

9.32. Executing OPT pass (performing simple optimizations).

9.32.1. Executing OPT_EXPR pass (perform const folding).
Optimizing module gated_delta_d16_bram.
<suppressed ~452 debug messages>

9.32.2. Executing OPT_MERGE pass (detect identical cells).
Finding identical cells in module `\gated_delta_d16_bram'.
Computing hashes of 2147 cells of `\gated_delta_d16_bram'.
Finding duplicate cells in `\gated_delta_d16_bram'.
Removed a total of 0 cells.

9.32.3. Executing OPT_DFF pass (perform DFF optimizations).

9.32.4. Executing OPT_CLEAN pass (remove unused cells and wires).
Finding unused cells or wires in module \gated_delta_d16_bram..
Removed 0 unused cells and 444 unused wires.
<suppressed ~1 debug messages>

9.32.5. Finished fast OPT passes.

9.33. Executing MEMORY_MAP pass (converting memories to logic and flip-flops).

9.34. Executing OPT pass (performing simple optimizations).

9.34.1. Executing OPT_EXPR pass (perform const folding).
Optimizing module gated_delta_d16_bram.

9.34.2. Executing OPT_MERGE pass (detect identical cells).
Finding identical cells in module `\gated_delta_d16_bram'.
Computing hashes of 2147 cells of `\gated_delta_d16_bram'.
Finding duplicate cells in `\gated_delta_d16_bram'.
Removed a total of 0 cells.

9.34.3. Executing OPT_MUXTREE pass (detect dead branches in mux trees).
Running muxtree optimizer on module \gated_delta_d16_bram..
  Creating internal representation of mux trees.
  Evaluating internal representation of mux trees.
  Analyzing evaluation results.
Removed 0 multiplexer ports.
<suppressed ~301 debug messages>

9.34.4. Executing OPT_REDUCE pass (consolidate $*mux and $reduce_* inputs).
  Optimizing cells in module \gated_delta_d16_bram.
    Consolidated identical input bits for $mux cell $flatten\u_pe.$ternary$/Users/toprakgundogdu/qwen-ffn-rom/rtl/gated_delta_bram.v:127$2167:
      Old ports: A=0, B={ \u_pe.lanes[0].u_s.rdata [15] \u_pe.lanes[0].u_s.rdata [15] \u_pe.lanes[0].u_s.rdata [15] \u_pe.lanes[0].u_s.rdata [15] \u_pe.lanes[0].u_s.rdata [15] \u_pe.lanes[0].u_s.rdata [15] \u_pe.lanes[0].u_s.rdata [15] \u_pe.lanes[0].u_s.rdata [15] \u_pe.lanes[0].u_s.rdata [15] \u_pe.lanes[0].u_s.rdata [15] \u_pe.lanes[0].u_s.rdata [15] \u_pe.lanes[0].u_s.rdata [15] \u_pe.lanes[0].u_s.rdata [15] \u_pe.lanes[0].u_s.rdata [15] \u_pe.lanes[0].u_s.rdata [15] \u_pe.lanes[0].u_s.rdata [15] \u_pe.lanes[0].u_s.rdata }, Y=$flatten\u_pe.$ternary$/Users/toprakgundogdu/qwen-ffn-rom/rtl/gated_delta_bram.v:127$2167_Y
      New ports: A=16'0000000000000000, B=\u_pe.lanes[0].u_s.rdata, Y=$flatten\u_pe.$ternary$/Users/toprakgundogdu/qwen-ffn-rom/rtl/gated_delta_bram.v:127$2167_Y [15:0]
      New connections: $flatten\u_pe.$ternary$/Users/toprakgundogdu/qwen-ffn-rom/rtl/gated_delta_bram.v:127$2167_Y [31:16] = { $flatten\u_pe.$ternary$/Users/toprakgundogdu/qwen-ffn-rom/rtl/gated_delta_bram.v:127$2167_Y [15] $flatten\u_pe.$ternary$/Users/toprakgundogdu/qwen-ffn-rom/rtl/gated_delta_bram.v:127$2167_Y [15] $flatten\u_pe.$ternary$/Users/toprakgundogdu/qwen-ffn-rom/rtl/gated_delta_bram.v:127$2167_Y [15] $flatten\u_pe.$ternary$/Users/toprakgundogdu/qwen-ffn-rom/rtl/gated_delta_bram.v:127$2167_Y [15] $flatten\u_pe.$ternary$/Users/toprakgundogdu/qwen-ffn-rom/rtl/gated_delta_bram.v:127$2167_Y [15] $flatten\u_pe.$ternary$/Users/toprakgundogdu/qwen-ffn-rom/rtl/gated_delta_bram.v:127$2167_Y [15] $flatten\u_pe.$ternary$/Users/toprakgundogdu/qwen-ffn-rom/rtl/gated_delta_bram.v:127$2167_Y [15] $flatten\u_pe.$ternary$/Users/toprakgundogdu/qwen-ffn-rom/rtl/gated_delta_bram.v:127$2167_Y [15] $flatten\u_pe.$ternary$/Users/toprakgundogdu/qwen-ffn-rom/rtl/gated_delta_bram.v:127$2167_Y [15] $flatten\u_pe.$ternary$/Users/toprakgundogdu/qwen-ffn-rom/rtl/gated_delta_bram.v:127$2167_Y [15] $flatten\u_pe.$ternary$/Users/toprakgundogdu/qwen-ffn-rom/rtl/gated_delta_bram.v:127$2167_Y [15] $flatten\u_pe.$ternary$/Users/toprakgundogdu/qwen-ffn-rom/rtl/gated_delta_bram.v:127$2167_Y [15] $flatten\u_pe.$ternary$/Users/toprakgundogdu/qwen-ffn-rom/rtl/gated_delta_bram.v:127$2167_Y [15] $flatten\u_pe.$ternary$/Users/toprakgundogdu/qwen-ffn-rom/rtl/gated_delta_bram.v:127$2167_Y [15] $flatten\u_pe.$ternary$/Users/toprakgundogdu/qwen-ffn-rom/rtl/gated_delta_bram.v:127$2167_Y [15] $flatten\u_pe.$ternary$/Users/toprakgundogdu/qwen-ffn-rom/rtl/gated_delta_bram.v:127$2167_Y [15] }
    Consolidated identical input bits for $mux cell $flatten\u_pe.$ternary$/Users/toprakgundogdu/qwen-ffn-rom/rtl/gated_delta_bram.v:127$2201:
      Old ports: A=0, B={ \u_pe.lanes[1].u_s.rdata [15] \u_pe.lanes[1].u_s.rdata [15] \u_pe.lanes[1].u_s.rdata [15] \u_pe.lanes[1].u_s.rdata [15] \u_pe.lanes[1].u_s.rdata [15] \u_pe.lanes[1].u_s.rdata [15] \u_pe.lanes[1].u_s.rdata [15] \u_pe.lanes[1].u_s.rdata [15] \u_pe.lanes[1].u_s.rdata [15] \u_pe.lanes[1].u_s.rdata [15] \u_pe.lanes[1].u_s.rdata [15] \u_pe.lanes[1].u_s.rdata [15] \u_pe.lanes[1].u_s.rdata [15] \u_pe.lanes[1].u_s.rdata [15] \u_pe.lanes[1].u_s.rdata [15] \u_pe.lanes[1].u_s.rdata [15] \u_pe.lanes[1].u_s.rdata }, Y=$flatten\u_pe.$ternary$/Users/toprakgundogdu/qwen-ffn-rom/rtl/gated_delta_bram.v:127$2201_Y
      New ports: A=16'0000000000000000, B=\u_pe.lanes[1].u_s.rdata, Y=$flatten\u_pe.$ternary$/Users/toprakgundogdu/qwen-ffn-rom/rtl/gated_delta_bram.v:127$2201_Y [15:0]
      New connections: $flatten\u_pe.$ternary$/Users/toprakgundogdu/qwen-ffn-rom/rtl/gated_delta_bram.v:127$2201_Y [31:16] = { $flatten\u_pe.$ternary$/Users/toprakgundogdu/qwen-ffn-rom/rtl/gated_delta_bram.v:127$2201_Y [15] $flatten\u_pe.$ternary$/Users/toprakgundogdu/qwen-ffn-rom/rtl/gated_delta_bram.v:127$2201_Y [15] $flatten\u_pe.$ternary$/Users/toprakgundogdu/qwen-ffn-rom/rtl/gated_delta_bram.v:127$2201_Y [15] $flatten\u_pe.$ternary$/Users/toprakgundogdu/qwen-ffn-rom/rtl/gated_delta_bram.v:127$2201_Y [15] $flatten\u_pe.$ternary$/Users/toprakgundogdu/qwen-ffn-rom/rtl/gated_delta_bram.v:127$2201_Y [15] $flatten\u_pe.$ternary$/Users/toprakgundogdu/qwen-ffn-rom/rtl/gated_delta_bram.v:127$2201_Y [15] $flatten\u_pe.$ternary$/Users/toprakgundogdu/qwen-ffn-rom/rtl/gated_delta_bram.v:127$2201_Y [15] $flatten\u_pe.$ternary$/Users/toprakgundogdu/qwen-ffn-rom/rtl/gated_delta_bram.v:127$2201_Y [15] $flatten\u_pe.$ternary$/Users/toprakgundogdu/qwen-ffn-rom/rtl/gated_delta_bram.v:127$2201_Y [15] $flatten\u_pe.$ternary$/Users/toprakgundogdu/qwen-ffn-rom/rtl/gated_delta_bram.v:127$2201_Y [15] $flatten\u_pe.$ternary$/Users/toprakgundogdu/qwen-ffn-rom/rtl/gated_delta_bram.v:127$2201_Y [15] $flatten\u_pe.$ternary$/Users/toprakgundogdu/qwen-ffn-rom/rtl/gated_delta_bram.v:127$2201_Y [15] $flatten\u_pe.$ternary$/Users/toprakgundogdu/qwen-ffn-rom/rtl/gated_delta_bram.v:127$2201_Y [15] $flatten\u_pe.$ternary$/Users/toprakgundogdu/qwen-ffn-rom/rtl/gated_delta_bram.v:127$2201_Y [15] $flatten\u_pe.$ternary$/Users/toprakgundogdu/qwen-ffn-rom/rtl/gated_delta_bram.v:127$2201_Y [15] $flatten\u_pe.$ternary$/Users/toprakgundogdu/qwen-ffn-rom/rtl/gated_delta_bram.v:127$2201_Y [15] }
    Consolidated identical input bits for $mux cell $flatten\u_pe.$ternary$/Users/toprakgundogdu/qwen-ffn-rom/rtl/gated_delta_bram.v:127$2235:
      Old ports: A=0, B={ \u_pe.lanes[2].u_s.rdata [15] \u_pe.lanes[2].u_s.rdata [15] \u_pe.lanes[2].u_s.rdata [15] \u_pe.lanes[2].u_s.rdata [15] \u_pe.lanes[2].u_s.rdata [15] \u_pe.lanes[2].u_s.rdata [15] \u_pe.lanes[2].u_s.rdata [15] \u_pe.lanes[2].u_s.rdata [15] \u_pe.lanes[2].u_s.rdata [15] \u_pe.lanes[2].u_s.rdata [15] \u_pe.lanes[2].u_s.rdata [15] \u_pe.lanes[2].u_s.rdata [15] \u_pe.lanes[2].u_s.rdata [15] \u_pe.lanes[2].u_s.rdata [15] \u_pe.lanes[2].u_s.rdata [15] \u_pe.lanes[2].u_s.rdata [15] \u_pe.lanes[2].u_s.rdata }, Y=$flatten\u_pe.$ternary$/Users/toprakgundogdu/qwen-ffn-rom/rtl/gated_delta_bram.v:127$2235_Y
      New ports: A=16'0000000000000000, B=\u_pe.lanes[2].u_s.rdata, Y=$flatten\u_pe.$ternary$/Users/toprakgundogdu/qwen-ffn-rom/rtl/gated_delta_bram.v:127$2235_Y [15:0]
      New connections: $flatten\u_pe.$ternary$/Users/toprakgundogdu/qwen-ffn-rom/rtl/gated_delta_bram.v:127$2235_Y [31:16] = { $flatten\u_pe.$ternary$/Users/toprakgundogdu/qwen-ffn-rom/rtl/gated_delta_bram.v:127$2235_Y [15] $flatten\u_pe.$ternary$/Users/toprakgundogdu/qwen-ffn-rom/rtl/gated_delta_bram.v:127$2235_Y [15] $flatten\u_pe.$ternary$/Users/toprakgundogdu/qwen-ffn-rom/rtl/gated_delta_bram.v:127$2235_Y [15] $flatten\u_pe.$ternary$/Users/toprakgundogdu/qwen-ffn-rom/rtl/gated_delta_bram.v:127$2235_Y [15] $flatten\u_pe.$ternary$/Users/toprakgundogdu/qwen-ffn-rom/rtl/gated_delta_bram.v:127$2235_Y [15] $flatten\u_pe.$ternary$/Users/toprakgundogdu/qwen-ffn-rom/rtl/gated_delta_bram.v:127$2235_Y [15] $flatten\u_pe.$ternary$/Users/toprakgundogdu/qwen-ffn-rom/rtl/gated_delta_bram.v:127$2235_Y [15] $flatten\u_pe.$ternary$/Users/toprakgundogdu/qwen-ffn-rom/rtl/gated_delta_bram.v:127$2235_Y [15] $flatten\u_pe.$ternary$/Users/toprakgundogdu/qwen-ffn-rom/rtl/gated_delta_bram.v:127$2235_Y [15] $flatten\u_pe.$ternary$/Users/toprakgundogdu/qwen-ffn-rom/rtl/gated_delta_bram.v:127$2235_Y [15] $flatten\u_pe.$ternary$/Users/toprakgundogdu/qwen-ffn-rom/rtl/gated_delta_bram.v:127$2235_Y [15] $flatten\u_pe.$ternary$/Users/toprakgundogdu/qwen-ffn-rom/rtl/gated_delta_bram.v:127$2235_Y [15] $flatten\u_pe.$ternary$/Users/toprakgundogdu/qwen-ffn-rom/rtl/gated_delta_bram.v:127$2235_Y [15] $flatten\u_pe.$ternary$/Users/toprakgundogdu/qwen-ffn-rom/rtl/gated_delta_bram.v:127$2235_Y [15] $flatten\u_pe.$ternary$/Users/toprakgundogdu/qwen-ffn-rom/rtl/gated_delta_bram.v:127$2235_Y [15] $flatten\u_pe.$ternary$/Users/toprakgundogdu/qwen-ffn-rom/rtl/gated_delta_bram.v:127$2235_Y [15] }
    Consolidated identical input bits for $mux cell $flatten\u_pe.$ternary$/Users/toprakgundogdu/qwen-ffn-rom/rtl/gated_delta_bram.v:127$2269:
      Old ports: A=0, B={ \u_pe.lanes[3].u_s.rdata [15] \u_pe.lanes[3].u_s.rdata [15] \u_pe.lanes[3].u_s.rdata [15] \u_pe.lanes[3].u_s.rdata [15] \u_pe.lanes[3].u_s.rdata [15] \u_pe.lanes[3].u_s.rdata [15] \u_pe.lanes[3].u_s.rdata [15] \u_pe.lanes[3].u_s.rdata [15] \u_pe.lanes[3].u_s.rdata [15] \u_pe.lanes[3].u_s.rdata [15] \u_pe.lanes[3].u_s.rdata [15] \u_pe.lanes[3].u_s.rdata [15] \u_pe.lanes[3].u_s.rdata [15] \u_pe.lanes[3].u_s.rdata [15] \u_pe.lanes[3].u_s.rdata [15] \u_pe.lanes[3].u_s.rdata [15] \u_pe.lanes[3].u_s.rdata }, Y=$flatten\u_pe.$ternary$/Users/toprakgundogdu/qwen-ffn-rom/rtl/gated_delta_bram.v:127$2269_Y
      New ports: A=16'0000000000000000, B=\u_pe.lanes[3].u_s.rdata, Y=$flatten\u_pe.$ternary$/Users/toprakgundogdu/qwen-ffn-rom/rtl/gated_delta_bram.v:127$2269_Y [15:0]
      New connections: $flatten\u_pe.$ternary$/Users/toprakgundogdu/qwen-ffn-rom/rtl/gated_delta_bram.v:127$2269_Y [31:16] = { $flatten\u_pe.$ternary$/Users/toprakgundogdu/qwen-ffn-rom/rtl/gated_delta_bram.v:127$2269_Y [15] $flatten\u_pe.$ternary$/Users/toprakgundogdu/qwen-ffn-rom/rtl/gated_delta_bram.v:127$2269_Y [15] $flatten\u_pe.$ternary$/Users/toprakgundogdu/qwen-ffn-rom/rtl/gated_delta_bram.v:127$2269_Y [15] $flatten\u_pe.$ternary$/Users/toprakgundogdu/qwen-ffn-rom/rtl/gated_delta_bram.v:127$2269_Y [15] $flatten\u_pe.$ternary$/Users/toprakgundogdu/qwen-ffn-rom/rtl/gated_delta_bram.v:127$2269_Y [15] $flatten\u_pe.$ternary$/Users/toprakgundogdu/qwen-ffn-rom/rtl/gated_delta_bram.v:127$2269_Y [15] $flatten\u_pe.$ternary$/Users/toprakgundogdu/qwen-ffn-rom/rtl/gated_delta_bram.v:127$2269_Y [15] $flatten\u_pe.$ternary$/Users/toprakgundogdu/qwen-ffn-rom/rtl/gated_delta_bram.v:127$2269_Y [15] $flatten\u_pe.$ternary$/Users/toprakgundogdu/qwen-ffn-rom/rtl/gated_delta_bram.v:127$2269_Y [15] $flatten\u_pe.$ternary$/Users/toprakgundogdu/qwen-ffn-rom/rtl/gated_delta_bram.v:127$2269_Y [15] $flatten\u_pe.$ternary$/Users/toprakgundogdu/qwen-ffn-rom/rtl/gated_delta_bram.v:127$2269_Y [15] $flatten\u_pe.$ternary$/Users/toprakgundogdu/qwen-ffn-rom/rtl/gated_delta_bram.v:127$2269_Y [15] $flatten\u_pe.$ternary$/Users/toprakgundogdu/qwen-ffn-rom/rtl/gated_delta_bram.v:127$2269_Y [15] $flatten\u_pe.$ternary$/Users/toprakgundogdu/qwen-ffn-rom/rtl/gated_delta_bram.v:127$2269_Y [15] $flatten\u_pe.$ternary$/Users/toprakgundogdu/qwen-ffn-rom/rtl/gated_delta_bram.v:127$2269_Y [15] $flatten\u_pe.$ternary$/Users/toprakgundogdu/qwen-ffn-rom/rtl/gated_delta_bram.v:127$2269_Y [15] }
    Consolidated identical input bits for $mux cell $flatten\u_pe.$ternary$/Users/toprakgundogdu/qwen-ffn-rom/rtl/gated_delta_bram.v:127$2303:
      Old ports: A=0, B={ \u_pe.lanes[4].u_s.rdata [15] \u_pe.lanes[4].u_s.rdata [15] \u_pe.lanes[4].u_s.rdata [15] \u_pe.lanes[4].u_s.rdata [15] \u_pe.lanes[4].u_s.rdata [15] \u_pe.lanes[4].u_s.rdata [15] \u_pe.lanes[4].u_s.rdata [15] \u_pe.lanes[4].u_s.rdata [15] \u_pe.lanes[4].u_s.rdata [15] \u_pe.lanes[4].u_s.rdata [15] \u_pe.lanes[4].u_s.rdata [15] \u_pe.lanes[4].u_s.rdata [15] \u_pe.lanes[4].u_s.rdata [15] \u_pe.lanes[4].u_s.rdata [15] \u_pe.lanes[4].u_s.rdata [15] \u_pe.lanes[4].u_s.rdata [15] \u_pe.lanes[4].u_s.rdata }, Y=$flatten\u_pe.$ternary$/Users/toprakgundogdu/qwen-ffn-rom/rtl/gated_delta_bram.v:127$2303_Y
      New ports: A=16'0000000000000000, B=\u_pe.lanes[4].u_s.rdata, Y=$flatten\u_pe.$ternary$/Users/toprakgundogdu/qwen-ffn-rom/rtl/gated_delta_bram.v:127$2303_Y [15:0]
      New connections: $flatten\u_pe.$ternary$/Users/toprakgundogdu/qwen-ffn-rom/rtl/gated_delta_bram.v:127$2303_Y [31:16] = { $flatten\u_pe.$ternary$/Users/toprakgundogdu/qwen-ffn-rom/rtl/gated_delta_bram.v:127$2303_Y [15] $flatten\u_pe.$ternary$/Users/toprakgundogdu/qwen-ffn-rom/rtl/gated_delta_bram.v:127$2303_Y [15] $flatten\u_pe.$ternary$/Users/toprakgundogdu/qwen-ffn-rom/rtl/gated_delta_bram.v:127$2303_Y [15] $flatten\u_pe.$ternary$/Users/toprakgundogdu/qwen-ffn-rom/rtl/gated_delta_bram.v:127$2303_Y [15] $flatten\u_pe.$ternary$/Users/toprakgundogdu/qwen-ffn-rom/rtl/gated_delta_bram.v:127$2303_Y [15] $flatten\u_pe.$ternary$/Users/toprakgundogdu/qwen-ffn-rom/rtl/gated_delta_bram.v:127$2303_Y [15] $flatten\u_pe.$ternary$/Users/toprakgundogdu/qwen-ffn-rom/rtl/gated_delta_bram.v:127$2303_Y [15] $flatten\u_pe.$ternary$/Users/toprakgundogdu/qwen-ffn-rom/rtl/gated_delta_bram.v:127$2303_Y [15] $flatten\u_pe.$ternary$/Users/toprakgundogdu/qwen-ffn-rom/rtl/gated_delta_bram.v:127$2303_Y [15] $flatten\u_pe.$ternary$/Users/toprakgundogdu/qwen-ffn-rom/rtl/gated_delta_bram.v:127$2303_Y [15] $flatten\u_pe.$ternary$/Users/toprakgundogdu/qwen-ffn-rom/rtl/gated_delta_bram.v:127$2303_Y [15] $flatten\u_pe.$ternary$/Users/toprakgundogdu/qwen-ffn-rom/rtl/gated_delta_bram.v:127$2303_Y [15] $flatten\u_pe.$ternary$/Users/toprakgundogdu/qwen-ffn-rom/rtl/gated_delta_bram.v:127$2303_Y [15] $flatten\u_pe.$ternary$/Users/toprakgundogdu/qwen-ffn-rom/rtl/gated_delta_bram.v:127$2303_Y [15] $flatten\u_pe.$ternary$/Users/toprakgundogdu/qwen-ffn-rom/rtl/gated_delta_bram.v:127$2303_Y [15] $flatten\u_pe.$ternary$/Users/toprakgundogdu/qwen-ffn-rom/rtl/gated_delta_bram.v:127$2303_Y [15] }
    Consolidated identical input bits for $mux cell $flatten\u_pe.$ternary$/Users/toprakgundogdu/qwen-ffn-rom/rtl/gated_delta_bram.v:127$2337:
      Old ports: A=0, B={ \u_pe.lanes[5].u_s.rdata [15] \u_pe.lanes[5].u_s.rdata [15] \u_pe.lanes[5].u_s.rdata [15] \u_pe.lanes[5].u_s.rdata [15] \u_pe.lanes[5].u_s.rdata [15] \u_pe.lanes[5].u_s.rdata [15] \u_pe.lanes[5].u_s.rdata [15] \u_pe.lanes[5].u_s.rdata [15] \u_pe.lanes[5].u_s.rdata [15] \u_pe.lanes[5].u_s.rdata [15] \u_pe.lanes[5].u_s.rdata [15] \u_pe.lanes[5].u_s.rdata [15] \u_pe.lanes[5].u_s.rdata [15] \u_pe.lanes[5].u_s.rdata [15] \u_pe.lanes[5].u_s.rdata [15] \u_pe.lanes[5].u_s.rdata [15] \u_pe.lanes[5].u_s.rdata }, Y=$flatten\u_pe.$ternary$/Users/toprakgundogdu/qwen-ffn-rom/rtl/gated_delta_bram.v:127$2337_Y
      New ports: A=16'0000000000000000, B=\u_pe.lanes[5].u_s.rdata, Y=$flatten\u_pe.$ternary$/Users/toprakgundogdu/qwen-ffn-rom/rtl/gated_delta_bram.v:127$2337_Y [15:0]
      New connections: $flatten\u_pe.$ternary$/Users/toprakgundogdu/qwen-ffn-rom/rtl/gated_delta_bram.v:127$2337_Y [31:16] = { $flatten\u_pe.$ternary$/Users/toprakgundogdu/qwen-ffn-rom/rtl/gated_delta_bram.v:127$2337_Y [15] $flatten\u_pe.$ternary$/Users/toprakgundogdu/qwen-ffn-rom/rtl/gated_delta_bram.v:127$2337_Y [15] $flatten\u_pe.$ternary$/Users/toprakgundogdu/qwen-ffn-rom/rtl/gated_delta_bram.v:127$2337_Y [15] $flatten\u_pe.$ternary$/Users/toprakgundogdu/qwen-ffn-rom/rtl/gated_delta_bram.v:127$2337_Y [15] $flatten\u_pe.$ternary$/Users/toprakgundogdu/qwen-ffn-rom/rtl/gated_delta_bram.v:127$2337_Y [15] $flatten\u_pe.$ternary$/Users/toprakgundogdu/qwen-ffn-rom/rtl/gated_delta_bram.v:127$2337_Y [15] $flatten\u_pe.$ternary$/Users/toprakgundogdu/qwen-ffn-rom/rtl/gated_delta_bram.v:127$2337_Y [15] $flatten\u_pe.$ternary$/Users/toprakgundogdu/qwen-ffn-rom/rtl/gated_delta_bram.v:127$2337_Y [15] $flatten\u_pe.$ternary$/Users/toprakgundogdu/qwen-ffn-rom/rtl/gated_delta_bram.v:127$2337_Y [15] $flatten\u_pe.$ternary$/Users/toprakgundogdu/qwen-ffn-rom/rtl/gated_delta_bram.v:127$2337_Y [15] $flatten\u_pe.$ternary$/Users/toprakgundogdu/qwen-ffn-rom/rtl/gated_delta_bram.v:127$2337_Y [15] $flatten\u_pe.$ternary$/Users/toprakgundogdu/qwen-ffn-rom/rtl/gated_delta_bram.v:127$2337_Y [15] $flatten\u_pe.$ternary$/Users/toprakgundogdu/qwen-ffn-rom/rtl/gated_delta_bram.v:127$2337_Y [15] $flatten\u_pe.$ternary$/Users/toprakgundogdu/qwen-ffn-rom/rtl/gated_delta_bram.v:127$2337_Y [15] $flatten\u_pe.$ternary$/Users/toprakgundogdu/qwen-ffn-rom/rtl/gated_delta_bram.v:127$2337_Y [15] $flatten\u_pe.$ternary$/Users/toprakgundogdu/qwen-ffn-rom/rtl/gated_delta_bram.v:127$2337_Y [15] }
    Consolidated identical input bits for $mux cell $flatten\u_pe.$ternary$/Users/toprakgundogdu/qwen-ffn-rom/rtl/gated_delta_bram.v:127$2371:
      Old ports: A=0, B={ \u_pe.lanes[6].u_s.rdata [15] \u_pe.lanes[6].u_s.rdata [15] \u_pe.lanes[6].u_s.rdata [15] \u_pe.lanes[6].u_s.rdata [15] \u_pe.lanes[6].u_s.rdata [15] \u_pe.lanes[6].u_s.rdata [15] \u_pe.lanes[6].u_s.rdata [15] \u_pe.lanes[6].u_s.rdata [15] \u_pe.lanes[6].u_s.rdata [15] \u_pe.lanes[6].u_s.rdata [15] \u_pe.lanes[6].u_s.rdata [15] \u_pe.lanes[6].u_s.rdata [15] \u_pe.lanes[6].u_s.rdata [15] \u_pe.lanes[6].u_s.rdata [15] \u_pe.lanes[6].u_s.rdata [15] \u_pe.lanes[6].u_s.rdata [15] \u_pe.lanes[6].u_s.rdata }, Y=$flatten\u_pe.$ternary$/Users/toprakgundogdu/qwen-ffn-rom/rtl/gated_delta_bram.v:127$2371_Y
      New ports: A=16'0000000000000000, B=\u_pe.lanes[6].u_s.rdata, Y=$flatten\u_pe.$ternary$/Users/toprakgundogdu/qwen-ffn-rom/rtl/gated_delta_bram.v:127$2371_Y [15:0]
      New connections: $flatten\u_pe.$ternary$/Users/toprakgundogdu/qwen-ffn-rom/rtl/gated_delta_bram.v:127$2371_Y [31:16] = { $flatten\u_pe.$ternary$/Users/toprakgundogdu/qwen-ffn-rom/rtl/gated_delta_bram.v:127$2371_Y [15] $flatten\u_pe.$ternary$/Users/toprakgundogdu/qwen-ffn-rom/rtl/gated_delta_bram.v:127$2371_Y [15] $flatten\u_pe.$ternary$/Users/toprakgundogdu/qwen-ffn-rom/rtl/gated_delta_bram.v:127$2371_Y [15] $flatten\u_pe.$ternary$/Users/toprakgundogdu/qwen-ffn-rom/rtl/gated_delta_bram.v:127$2371_Y [15] $flatten\u_pe.$ternary$/Users/toprakgundogdu/qwen-ffn-rom/rtl/gated_delta_bram.v:127$2371_Y [15] $flatten\u_pe.$ternary$/Users/toprakgundogdu/qwen-ffn-rom/rtl/gated_delta_bram.v:127$2371_Y [15] $flatten\u_pe.$ternary$/Users/toprakgundogdu/qwen-ffn-rom/rtl/gated_delta_bram.v:127$2371_Y [15] $flatten\u_pe.$ternary$/Users/toprakgundogdu/qwen-ffn-rom/rtl/gated_delta_bram.v:127$2371_Y [15] $flatten\u_pe.$ternary$/Users/toprakgundogdu/qwen-ffn-rom/rtl/gated_delta_bram.v:127$2371_Y [15] $flatten\u_pe.$ternary$/Users/toprakgundogdu/qwen-ffn-rom/rtl/gated_delta_bram.v:127$2371_Y [15] $flatten\u_pe.$ternary$/Users/toprakgundogdu/qwen-ffn-rom/rtl/gated_delta_bram.v:127$2371_Y [15] $flatten\u_pe.$ternary$/Users/toprakgundogdu/qwen-ffn-rom/rtl/gated_delta_bram.v:127$2371_Y [15] $flatten\u_pe.$ternary$/Users/toprakgundogdu/qwen-ffn-rom/rtl/gated_delta_bram.v:127$2371_Y [15] $flatten\u_pe.$ternary$/Users/toprakgundogdu/qwen-ffn-rom/rtl/gated_delta_bram.v:127$2371_Y [15] $flatten\u_pe.$ternary$/Users/toprakgundogdu/qwen-ffn-rom/rtl/gated_delta_bram.v:127$2371_Y [15] $flatten\u_pe.$ternary$/Users/toprakgundogdu/qwen-ffn-rom/rtl/gated_delta_bram.v:127$2371_Y [15] }
    Consolidated identical input bits for $mux cell $flatten\u_pe.$ternary$/Users/toprakgundogdu/qwen-ffn-rom/rtl/gated_delta_bram.v:127$2405:
      Old ports: A=0, B={ \u_pe.lanes[7].u_s.rdata [15] \u_pe.lanes[7].u_s.rdata [15] \u_pe.lanes[7].u_s.rdata [15] \u_pe.lanes[7].u_s.rdata [15] \u_pe.lanes[7].u_s.rdata [15] \u_pe.lanes[7].u_s.rdata [15] \u_pe.lanes[7].u_s.rdata [15] \u_pe.lanes[7].u_s.rdata [15] \u_pe.lanes[7].u_s.rdata [15] \u_pe.lanes[7].u_s.rdata [15] \u_pe.lanes[7].u_s.rdata [15] \u_pe.lanes[7].u_s.rdata [15] \u_pe.lanes[7].u_s.rdata [15] \u_pe.lanes[7].u_s.rdata [15] \u_pe.lanes[7].u_s.rdata [15] \u_pe.lanes[7].u_s.rdata [15] \u_pe.lanes[7].u_s.rdata }, Y=$flatten\u_pe.$ternary$/Users/toprakgundogdu/qwen-ffn-rom/rtl/gated_delta_bram.v:127$2405_Y
      New ports: A=16'0000000000000000, B=\u_pe.lanes[7].u_s.rdata, Y=$flatten\u_pe.$ternary$/Users/toprakgundogdu/qwen-ffn-rom/rtl/gated_delta_bram.v:127$2405_Y [15:0]
      New connections: $flatten\u_pe.$ternary$/Users/toprakgundogdu/qwen-ffn-rom/rtl/gated_delta_bram.v:127$2405_Y [31:16] = { $flatten\u_pe.$ternary$/Users/toprakgundogdu/qwen-ffn-rom/rtl/gated_delta_bram.v:127$2405_Y [15] $flatten\u_pe.$ternary$/Users/toprakgundogdu/qwen-ffn-rom/rtl/gated_delta_bram.v:127$2405_Y [15] $flatten\u_pe.$ternary$/Users/toprakgundogdu/qwen-ffn-rom/rtl/gated_delta_bram.v:127$2405_Y [15] $flatten\u_pe.$ternary$/Users/toprakgundogdu/qwen-ffn-rom/rtl/gated_delta_bram.v:127$2405_Y [15] $flatten\u_pe.$ternary$/Users/toprakgundogdu/qwen-ffn-rom/rtl/gated_delta_bram.v:127$2405_Y [15] $flatten\u_pe.$ternary$/Users/toprakgundogdu/qwen-ffn-rom/rtl/gated_delta_bram.v:127$2405_Y [15] $flatten\u_pe.$ternary$/Users/toprakgundogdu/qwen-ffn-rom/rtl/gated_delta_bram.v:127$2405_Y [15] $flatten\u_pe.$ternary$/Users/toprakgundogdu/qwen-ffn-rom/rtl/gated_delta_bram.v:127$2405_Y [15] $flatten\u_pe.$ternary$/Users/toprakgundogdu/qwen-ffn-rom/rtl/gated_delta_bram.v:127$2405_Y [15] $flatten\u_pe.$ternary$/Users/toprakgundogdu/qwen-ffn-rom/rtl/gated_delta_bram.v:127$2405_Y [15] $flatten\u_pe.$ternary$/Users/toprakgundogdu/qwen-ffn-rom/rtl/gated_delta_bram.v:127$2405_Y [15] $flatten\u_pe.$ternary$/Users/toprakgundogdu/qwen-ffn-rom/rtl/gated_delta_bram.v:127$2405_Y [15] $flatten\u_pe.$ternary$/Users/toprakgundogdu/qwen-ffn-rom/rtl/gated_delta_bram.v:127$2405_Y [15] $flatten\u_pe.$ternary$/Users/toprakgundogdu/qwen-ffn-rom/rtl/gated_delta_bram.v:127$2405_Y [15] $flatten\u_pe.$ternary$/Users/toprakgundogdu/qwen-ffn-rom/rtl/gated_delta_bram.v:127$2405_Y [15] $flatten\u_pe.$ternary$/Users/toprakgundogdu/qwen-ffn-rom/rtl/gated_delta_bram.v:127$2405_Y [15] }
    Consolidated identical input bits for $mux cell $flatten\u_pe.$ternary$/Users/toprakgundogdu/qwen-ffn-rom/rtl/gated_delta_bram.v:127$2439:
      Old ports: A=0, B={ \u_pe.lanes[8].u_s.rdata [15] \u_pe.lanes[8].u_s.rdata [15] \u_pe.lanes[8].u_s.rdata [15] \u_pe.lanes[8].u_s.rdata [15] \u_pe.lanes[8].u_s.rdata [15] \u_pe.lanes[8].u_s.rdata [15] \u_pe.lanes[8].u_s.rdata [15] \u_pe.lanes[8].u_s.rdata [15] \u_pe.lanes[8].u_s.rdata [15] \u_pe.lanes[8].u_s.rdata [15] \u_pe.lanes[8].u_s.rdata [15] \u_pe.lanes[8].u_s.rdata [15] \u_pe.lanes[8].u_s.rdata [15] \u_pe.lanes[8].u_s.rdata [15] \u_pe.lanes[8].u_s.rdata [15] \u_pe.lanes[8].u_s.rdata [15] \u_pe.lanes[8].u_s.rdata }, Y=$flatten\u_pe.$ternary$/Users/toprakgundogdu/qwen-ffn-rom/rtl/gated_delta_bram.v:127$2439_Y
      New ports: A=16'0000000000000000, B=\u_pe.lanes[8].u_s.rdata, Y=$flatten\u_pe.$ternary$/Users/toprakgundogdu/qwen-ffn-rom/rtl/gated_delta_bram.v:127$2439_Y [15:0]
      New connections: $flatten\u_pe.$ternary$/Users/toprakgundogdu/qwen-ffn-rom/rtl/gated_delta_bram.v:127$2439_Y [31:16] = { $flatten\u_pe.$ternary$/Users/toprakgundogdu/qwen-ffn-rom/rtl/gated_delta_bram.v:127$2439_Y [15] $flatten\u_pe.$ternary$/Users/toprakgundogdu/qwen-ffn-rom/rtl/gated_delta_bram.v:127$2439_Y [15] $flatten\u_pe.$ternary$/Users/toprakgundogdu/qwen-ffn-rom/rtl/gated_delta_bram.v:127$2439_Y [15] $flatten\u_pe.$ternary$/Users/toprakgundogdu/qwen-ffn-rom/rtl/gated_delta_bram.v:127$2439_Y [15] $flatten\u_pe.$ternary$/Users/toprakgundogdu/qwen-ffn-rom/rtl/gated_delta_bram.v:127$2439_Y [15] $flatten\u_pe.$ternary$/Users/toprakgundogdu/qwen-ffn-rom/rtl/gated_delta_bram.v:127$2439_Y [15] $flatten\u_pe.$ternary$/Users/toprakgundogdu/qwen-ffn-rom/rtl/gated_delta_bram.v:127$2439_Y [15] $flatten\u_pe.$ternary$/Users/toprakgundogdu/qwen-ffn-rom/rtl/gated_delta_bram.v:127$2439_Y [15] $flatten\u_pe.$ternary$/Users/toprakgundogdu/qwen-ffn-rom/rtl/gated_delta_bram.v:127$2439_Y [15] $flatten\u_pe.$ternary$/Users/toprakgundogdu/qwen-ffn-rom/rtl/gated_delta_bram.v:127$2439_Y [15] $flatten\u_pe.$ternary$/Users/toprakgundogdu/qwen-ffn-rom/rtl/gated_delta_bram.v:127$2439_Y [15] $flatten\u_pe.$ternary$/Users/toprakgundogdu/qwen-ffn-rom/rtl/gated_delta_bram.v:127$2439_Y [15] $flatten\u_pe.$ternary$/Users/toprakgundogdu/qwen-ffn-rom/rtl/gated_delta_bram.v:127$2439_Y [15] $flatten\u_pe.$ternary$/Users/toprakgundogdu/qwen-ffn-rom/rtl/gated_delta_bram.v:127$2439_Y [15] $flatten\u_pe.$ternary$/Users/toprakgundogdu/qwen-ffn-rom/rtl/gated_delta_bram.v:127$2439_Y [15] $flatten\u_pe.$ternary$/Users/toprakgundogdu/qwen-ffn-rom/rtl/gated_delta_bram.v:127$2439_Y [15] }
    Consolidated identical input bits for $mux cell $flatten\u_pe.$ternary$/Users/toprakgundogdu/qwen-ffn-rom/rtl/gated_delta_bram.v:127$2473:
      Old ports: A=0, B={ \u_pe.lanes[9].u_s.rdata [15] \u_pe.lanes[9].u_s.rdata [15] \u_pe.lanes[9].u_s.rdata [15] \u_pe.lanes[9].u_s.rdata [15] \u_pe.lanes[9].u_s.rdata [15] \u_pe.lanes[9].u_s.rdata [15] \u_pe.lanes[9].u_s.rdata [15] \u_pe.lanes[9].u_s.rdata [15] \u_pe.lanes[9].u_s.rdata [15] \u_pe.lanes[9].u_s.rdata [15] \u_pe.lanes[9].u_s.rdata [15] \u_pe.lanes[9].u_s.rdata [15] \u_pe.lanes[9].u_s.rdata [15] \u_pe.lanes[9].u_s.rdata [15] \u_pe.lanes[9].u_s.rdata [15] \u_pe.lanes[9].u_s.rdata [15] \u_pe.lanes[9].u_s.rdata }, Y=$flatten\u_pe.$ternary$/Users/toprakgundogdu/qwen-ffn-rom/rtl/gated_delta_bram.v:127$2473_Y
      New ports: A=16'0000000000000000, B=\u_pe.lanes[9].u_s.rdata, Y=$flatten\u_pe.$ternary$/Users/toprakgundogdu/qwen-ffn-rom/rtl/gated_delta_bram.v:127$2473_Y [15:0]
      New connections: $flatten\u_pe.$ternary$/Users/toprakgundogdu/qwen-ffn-rom/rtl/gated_delta_bram.v:127$2473_Y [31:16] = { $flatten\u_pe.$ternary$/Users/toprakgundogdu/qwen-ffn-rom/rtl/gated_delta_bram.v:127$2473_Y [15] $flatten\u_pe.$ternary$/Users/toprakgundogdu/qwen-ffn-rom/rtl/gated_delta_bram.v:127$2473_Y [15] $flatten\u_pe.$ternary$/Users/toprakgundogdu/qwen-ffn-rom/rtl/gated_delta_bram.v:127$2473_Y [15] $flatten\u_pe.$ternary$/Users/toprakgundogdu/qwen-ffn-rom/rtl/gated_delta_bram.v:127$2473_Y [15] $flatten\u_pe.$ternary$/Users/toprakgundogdu/qwen-ffn-rom/rtl/gated_delta_bram.v:127$2473_Y [15] $flatten\u_pe.$ternary$/Users/toprakgundogdu/qwen-ffn-rom/rtl/gated_delta_bram.v:127$2473_Y [15] $flatten\u_pe.$ternary$/Users/toprakgundogdu/qwen-ffn-rom/rtl/gated_delta_bram.v:127$2473_Y [15] $flatten\u_pe.$ternary$/Users/toprakgundogdu/qwen-ffn-rom/rtl/gated_delta_bram.v:127$2473_Y [15] $flatten\u_pe.$ternary$/Users/toprakgundogdu/qwen-ffn-rom/rtl/gated_delta_bram.v:127$2473_Y [15] $flatten\u_pe.$ternary$/Users/toprakgundogdu/qwen-ffn-rom/rtl/gated_delta_bram.v:127$2473_Y [15] $flatten\u_pe.$ternary$/Users/toprakgundogdu/qwen-ffn-rom/rtl/gated_delta_bram.v:127$2473_Y [15] $flatten\u_pe.$ternary$/Users/toprakgundogdu/qwen-ffn-rom/rtl/gated_delta_bram.v:127$2473_Y [15] $flatten\u_pe.$ternary$/Users/toprakgundogdu/qwen-ffn-rom/rtl/gated_delta_bram.v:127$2473_Y [15] $flatten\u_pe.$ternary$/Users/toprakgundogdu/qwen-ffn-rom/rtl/gated_delta_bram.v:127$2473_Y [15] $flatten\u_pe.$ternary$/Users/toprakgundogdu/qwen-ffn-rom/rtl/gated_delta_bram.v:127$2473_Y [15] $flatten\u_pe.$ternary$/Users/toprakgundogdu/qwen-ffn-rom/rtl/gated_delta_bram.v:127$2473_Y [15] }
    Consolidated identical input bits for $mux cell $flatten\u_pe.$ternary$/Users/toprakgundogdu/qwen-ffn-rom/rtl/gated_delta_bram.v:127$2507:
      Old ports: A=0, B={ \u_pe.lanes[10].u_s.rdata [15] \u_pe.lanes[10].u_s.rdata [15] \u_pe.lanes[10].u_s.rdata [15] \u_pe.lanes[10].u_s.rdata [15] \u_pe.lanes[10].u_s.rdata [15] \u_pe.lanes[10].u_s.rdata [15] \u_pe.lanes[10].u_s.rdata [15] \u_pe.lanes[10].u_s.rdata [15] \u_pe.lanes[10].u_s.rdata [15] \u_pe.lanes[10].u_s.rdata [15] \u_pe.lanes[10].u_s.rdata [15] \u_pe.lanes[10].u_s.rdata [15] \u_pe.lanes[10].u_s.rdata [15] \u_pe.lanes[10].u_s.rdata [15] \u_pe.lanes[10].u_s.rdata [15] \u_pe.lanes[10].u_s.rdata [15] \u_pe.lanes[10].u_s.rdata }, Y=$flatten\u_pe.$ternary$/Users/toprakgundogdu/qwen-ffn-rom/rtl/gated_delta_bram.v:127$2507_Y
      New ports: A=16'0000000000000000, B=\u_pe.lanes[10].u_s.rdata, Y=$flatten\u_pe.$ternary$/Users/toprakgundogdu/qwen-ffn-rom/rtl/gated_delta_bram.v:127$2507_Y [15:0]
      New connections: $flatten\u_pe.$ternary$/Users/toprakgundogdu/qwen-ffn-rom/rtl/gated_delta_bram.v:127$2507_Y [31:16] = { $flatten\u_pe.$ternary$/Users/toprakgundogdu/qwen-ffn-rom/rtl/gated_delta_bram.v:127$2507_Y [15] $flatten\u_pe.$ternary$/Users/toprakgundogdu/qwen-ffn-rom/rtl/gated_delta_bram.v:127$2507_Y [15] $flatten\u_pe.$ternary$/Users/toprakgundogdu/qwen-ffn-rom/rtl/gated_delta_bram.v:127$2507_Y [15] $flatten\u_pe.$ternary$/Users/toprakgundogdu/qwen-ffn-rom/rtl/gated_delta_bram.v:127$2507_Y [15] $flatten\u_pe.$ternary$/Users/toprakgundogdu/qwen-ffn-rom/rtl/gated_delta_bram.v:127$2507_Y [15] $flatten\u_pe.$ternary$/Users/toprakgundogdu/qwen-ffn-rom/rtl/gated_delta_bram.v:127$2507_Y [15] $flatten\u_pe.$ternary$/Users/toprakgundogdu/qwen-ffn-rom/rtl/gated_delta_bram.v:127$2507_Y [15] $flatten\u_pe.$ternary$/Users/toprakgundogdu/qwen-ffn-rom/rtl/gated_delta_bram.v:127$2507_Y [15] $flatten\u_pe.$ternary$/Users/toprakgundogdu/qwen-ffn-rom/rtl/gated_delta_bram.v:127$2507_Y [15] $flatten\u_pe.$ternary$/Users/toprakgundogdu/qwen-ffn-rom/rtl/gated_delta_bram.v:127$2507_Y [15] $flatten\u_pe.$ternary$/Users/toprakgundogdu/qwen-ffn-rom/rtl/gated_delta_bram.v:127$2507_Y [15] $flatten\u_pe.$ternary$/Users/toprakgundogdu/qwen-ffn-rom/rtl/gated_delta_bram.v:127$2507_Y [15] $flatten\u_pe.$ternary$/Users/toprakgundogdu/qwen-ffn-rom/rtl/gated_delta_bram.v:127$2507_Y [15] $flatten\u_pe.$ternary$/Users/toprakgundogdu/qwen-ffn-rom/rtl/gated_delta_bram.v:127$2507_Y [15] $flatten\u_pe.$ternary$/Users/toprakgundogdu/qwen-ffn-rom/rtl/gated_delta_bram.v:127$2507_Y [15] $flatten\u_pe.$ternary$/Users/toprakgundogdu/qwen-ffn-rom/rtl/gated_delta_bram.v:127$2507_Y [15] }
    Consolidated identical input bits for $mux cell $flatten\u_pe.$ternary$/Users/toprakgundogdu/qwen-ffn-rom/rtl/gated_delta_bram.v:127$2541:
      Old ports: A=0, B={ \u_pe.lanes[11].u_s.rdata [15] \u_pe.lanes[11].u_s.rdata [15] \u_pe.lanes[11].u_s.rdata [15] \u_pe.lanes[11].u_s.rdata [15] \u_pe.lanes[11].u_s.rdata [15] \u_pe.lanes[11].u_s.rdata [15] \u_pe.lanes[11].u_s.rdata [15] \u_pe.lanes[11].u_s.rdata [15] \u_pe.lanes[11].u_s.rdata [15] \u_pe.lanes[11].u_s.rdata [15] \u_pe.lanes[11].u_s.rdata [15] \u_pe.lanes[11].u_s.rdata [15] \u_pe.lanes[11].u_s.rdata [15] \u_pe.lanes[11].u_s.rdata [15] \u_pe.lanes[11].u_s.rdata [15] \u_pe.lanes[11].u_s.rdata [15] \u_pe.lanes[11].u_s.rdata }, Y=$flatten\u_pe.$ternary$/Users/toprakgundogdu/qwen-ffn-rom/rtl/gated_delta_bram.v:127$2541_Y
      New ports: A=16'0000000000000000, B=\u_pe.lanes[11].u_s.rdata, Y=$flatten\u_pe.$ternary$/Users/toprakgundogdu/qwen-ffn-rom/rtl/gated_delta_bram.v:127$2541_Y [15:0]
      New connections: $flatten\u_pe.$ternary$/Users/toprakgundogdu/qwen-ffn-rom/rtl/gated_delta_bram.v:127$2541_Y [31:16] = { $flatten\u_pe.$ternary$/Users/toprakgundogdu/qwen-ffn-rom/rtl/gated_delta_bram.v:127$2541_Y [15] $flatten\u_pe.$ternary$/Users/toprakgundogdu/qwen-ffn-rom/rtl/gated_delta_bram.v:127$2541_Y [15] $flatten\u_pe.$ternary$/Users/toprakgundogdu/qwen-ffn-rom/rtl/gated_delta_bram.v:127$2541_Y [15] $flatten\u_pe.$ternary$/Users/toprakgundogdu/qwen-ffn-rom/rtl/gated_delta_bram.v:127$2541_Y [15] $flatten\u_pe.$ternary$/Users/toprakgundogdu/qwen-ffn-rom/rtl/gated_delta_bram.v:127$2541_Y [15] $flatten\u_pe.$ternary$/Users/toprakgundogdu/qwen-ffn-rom/rtl/gated_delta_bram.v:127$2541_Y [15] $flatten\u_pe.$ternary$/Users/toprakgundogdu/qwen-ffn-rom/rtl/gated_delta_bram.v:127$2541_Y [15] $flatten\u_pe.$ternary$/Users/toprakgundogdu/qwen-ffn-rom/rtl/gated_delta_bram.v:127$2541_Y [15] $flatten\u_pe.$ternary$/Users/toprakgundogdu/qwen-ffn-rom/rtl/gated_delta_bram.v:127$2541_Y [15] $flatten\u_pe.$ternary$/Users/toprakgundogdu/qwen-ffn-rom/rtl/gated_delta_bram.v:127$2541_Y [15] $flatten\u_pe.$ternary$/Users/toprakgundogdu/qwen-ffn-rom/rtl/gated_delta_bram.v:127$2541_Y [15] $flatten\u_pe.$ternary$/Users/toprakgundogdu/qwen-ffn-rom/rtl/gated_delta_bram.v:127$2541_Y [15] $flatten\u_pe.$ternary$/Users/toprakgundogdu/qwen-ffn-rom/rtl/gated_delta_bram.v:127$2541_Y [15] $flatten\u_pe.$ternary$/Users/toprakgundogdu/qwen-ffn-rom/rtl/gated_delta_bram.v:127$2541_Y [15] $flatten\u_pe.$ternary$/Users/toprakgundogdu/qwen-ffn-rom/rtl/gated_delta_bram.v:127$2541_Y [15] $flatten\u_pe.$ternary$/Users/toprakgundogdu/qwen-ffn-rom/rtl/gated_delta_bram.v:127$2541_Y [15] }
    Consolidated identical input bits for $mux cell $flatten\u_pe.$ternary$/Users/toprakgundogdu/qwen-ffn-rom/rtl/gated_delta_bram.v:127$2575:
      Old ports: A=0, B={ \u_pe.lanes[12].u_s.rdata [15] \u_pe.lanes[12].u_s.rdata [15] \u_pe.lanes[12].u_s.rdata [15] \u_pe.lanes[12].u_s.rdata [15] \u_pe.lanes[12].u_s.rdata [15] \u_pe.lanes[12].u_s.rdata [15] \u_pe.lanes[12].u_s.rdata [15] \u_pe.lanes[12].u_s.rdata [15] \u_pe.lanes[12].u_s.rdata [15] \u_pe.lanes[12].u_s.rdata [15] \u_pe.lanes[12].u_s.rdata [15] \u_pe.lanes[12].u_s.rdata [15] \u_pe.lanes[12].u_s.rdata [15] \u_pe.lanes[12].u_s.rdata [15] \u_pe.lanes[12].u_s.rdata [15] \u_pe.lanes[12].u_s.rdata [15] \u_pe.lanes[12].u_s.rdata }, Y=$flatten\u_pe.$ternary$/Users/toprakgundogdu/qwen-ffn-rom/rtl/gated_delta_bram.v:127$2575_Y
      New ports: A=16'0000000000000000, B=\u_pe.lanes[12].u_s.rdata, Y=$flatten\u_pe.$ternary$/Users/toprakgundogdu/qwen-ffn-rom/rtl/gated_delta_bram.v:127$2575_Y [15:0]
      New connections: $flatten\u_pe.$ternary$/Users/toprakgundogdu/qwen-ffn-rom/rtl/gated_delta_bram.v:127$2575_Y [31:16] = { $flatten\u_pe.$ternary$/Users/toprakgundogdu/qwen-ffn-rom/rtl/gated_delta_bram.v:127$2575_Y [15] $flatten\u_pe.$ternary$/Users/toprakgundogdu/qwen-ffn-rom/rtl/gated_delta_bram.v:127$2575_Y [15] $flatten\u_pe.$ternary$/Users/toprakgundogdu/qwen-ffn-rom/rtl/gated_delta_bram.v:127$2575_Y [15] $flatten\u_pe.$ternary$/Users/toprakgundogdu/qwen-ffn-rom/rtl/gated_delta_bram.v:127$2575_Y [15] $flatten\u_pe.$ternary$/Users/toprakgundogdu/qwen-ffn-rom/rtl/gated_delta_bram.v:127$2575_Y [15] $flatten\u_pe.$ternary$/Users/toprakgundogdu/qwen-ffn-rom/rtl/gated_delta_bram.v:127$2575_Y [15] $flatten\u_pe.$ternary$/Users/toprakgundogdu/qwen-ffn-rom/rtl/gated_delta_bram.v:127$2575_Y [15] $flatten\u_pe.$ternary$/Users/toprakgundogdu/qwen-ffn-rom/rtl/gated_delta_bram.v:127$2575_Y [15] $flatten\u_pe.$ternary$/Users/toprakgundogdu/qwen-ffn-rom/rtl/gated_delta_bram.v:127$2575_Y [15] $flatten\u_pe.$ternary$/Users/toprakgundogdu/qwen-ffn-rom/rtl/gated_delta_bram.v:127$2575_Y [15] $flatten\u_pe.$ternary$/Users/toprakgundogdu/qwen-ffn-rom/rtl/gated_delta_bram.v:127$2575_Y [15] $flatten\u_pe.$ternary$/Users/toprakgundogdu/qwen-ffn-rom/rtl/gated_delta_bram.v:127$2575_Y [15] $flatten\u_pe.$ternary$/Users/toprakgundogdu/qwen-ffn-rom/rtl/gated_delta_bram.v:127$2575_Y [15] $flatten\u_pe.$ternary$/Users/toprakgundogdu/qwen-ffn-rom/rtl/gated_delta_bram.v:127$2575_Y [15] $flatten\u_pe.$ternary$/Users/toprakgundogdu/qwen-ffn-rom/rtl/gated_delta_bram.v:127$2575_Y [15] $flatten\u_pe.$ternary$/Users/toprakgundogdu/qwen-ffn-rom/rtl/gated_delta_bram.v:127$2575_Y [15] }
    Consolidated identical input bits for $mux cell $flatten\u_pe.$ternary$/Users/toprakgundogdu/qwen-ffn-rom/rtl/gated_delta_bram.v:127$2609:
      Old ports: A=0, B={ \u_pe.lanes[13].u_s.rdata [15] \u_pe.lanes[13].u_s.rdata [15] \u_pe.lanes[13].u_s.rdata [15] \u_pe.lanes[13].u_s.rdata [15] \u_pe.lanes[13].u_s.rdata [15] \u_pe.lanes[13].u_s.rdata [15] \u_pe.lanes[13].u_s.rdata [15] \u_pe.lanes[13].u_s.rdata [15] \u_pe.lanes[13].u_s.rdata [15] \u_pe.lanes[13].u_s.rdata [15] \u_pe.lanes[13].u_s.rdata [15] \u_pe.lanes[13].u_s.rdata [15] \u_pe.lanes[13].u_s.rdata [15] \u_pe.lanes[13].u_s.rdata [15] \u_pe.lanes[13].u_s.rdata [15] \u_pe.lanes[13].u_s.rdata [15] \u_pe.lanes[13].u_s.rdata }, Y=$flatten\u_pe.$ternary$/Users/toprakgundogdu/qwen-ffn-rom/rtl/gated_delta_bram.v:127$2609_Y
      New ports: A=16'0000000000000000, B=\u_pe.lanes[13].u_s.rdata, Y=$flatten\u_pe.$ternary$/Users/toprakgundogdu/qwen-ffn-rom/rtl/gated_delta_bram.v:127$2609_Y [15:0]
      New connections: $flatten\u_pe.$ternary$/Users/toprakgundogdu/qwen-ffn-rom/rtl/gated_delta_bram.v:127$2609_Y [31:16] = { $flatten\u_pe.$ternary$/Users/toprakgundogdu/qwen-ffn-rom/rtl/gated_delta_bram.v:127$2609_Y [15] $flatten\u_pe.$ternary$/Users/toprakgundogdu/qwen-ffn-rom/rtl/gated_delta_bram.v:127$2609_Y [15] $flatten\u_pe.$ternary$/Users/toprakgundogdu/qwen-ffn-rom/rtl/gated_delta_bram.v:127$2609_Y [15] $flatten\u_pe.$ternary$/Users/toprakgundogdu/qwen-ffn-rom/rtl/gated_delta_bram.v:127$2609_Y [15] $flatten\u_pe.$ternary$/Users/toprakgundogdu/qwen-ffn-rom/rtl/gated_delta_bram.v:127$2609_Y [15] $flatten\u_pe.$ternary$/Users/toprakgundogdu/qwen-ffn-rom/rtl/gated_delta_bram.v:127$2609_Y [15] $flatten\u_pe.$ternary$/Users/toprakgundogdu/qwen-ffn-rom/rtl/gated_delta_bram.v:127$2609_Y [15] $flatten\u_pe.$ternary$/Users/toprakgundogdu/qwen-ffn-rom/rtl/gated_delta_bram.v:127$2609_Y [15] $flatten\u_pe.$ternary$/Users/toprakgundogdu/qwen-ffn-rom/rtl/gated_delta_bram.v:127$2609_Y [15] $flatten\u_pe.$ternary$/Users/toprakgundogdu/qwen-ffn-rom/rtl/gated_delta_bram.v:127$2609_Y [15] $flatten\u_pe.$ternary$/Users/toprakgundogdu/qwen-ffn-rom/rtl/gated_delta_bram.v:127$2609_Y [15] $flatten\u_pe.$ternary$/Users/toprakgundogdu/qwen-ffn-rom/rtl/gated_delta_bram.v:127$2609_Y [15] $flatten\u_pe.$ternary$/Users/toprakgundogdu/qwen-ffn-rom/rtl/gated_delta_bram.v:127$2609_Y [15] $flatten\u_pe.$ternary$/Users/toprakgundogdu/qwen-ffn-rom/rtl/gated_delta_bram.v:127$2609_Y [15] $flatten\u_pe.$ternary$/Users/toprakgundogdu/qwen-ffn-rom/rtl/gated_delta_bram.v:127$2609_Y [15] $flatten\u_pe.$ternary$/Users/toprakgundogdu/qwen-ffn-rom/rtl/gated_delta_bram.v:127$2609_Y [15] }
    Consolidated identical input bits for $mux cell $flatten\u_pe.$ternary$/Users/toprakgundogdu/qwen-ffn-rom/rtl/gated_delta_bram.v:127$2643:
      Old ports: A=0, B={ \u_pe.lanes[14].u_s.rdata [15] \u_pe.lanes[14].u_s.rdata [15] \u_pe.lanes[14].u_s.rdata [15] \u_pe.lanes[14].u_s.rdata [15] \u_pe.lanes[14].u_s.rdata [15] \u_pe.lanes[14].u_s.rdata [15] \u_pe.lanes[14].u_s.rdata [15] \u_pe.lanes[14].u_s.rdata [15] \u_pe.lanes[14].u_s.rdata [15] \u_pe.lanes[14].u_s.rdata [15] \u_pe.lanes[14].u_s.rdata [15] \u_pe.lanes[14].u_s.rdata [15] \u_pe.lanes[14].u_s.rdata [15] \u_pe.lanes[14].u_s.rdata [15] \u_pe.lanes[14].u_s.rdata [15] \u_pe.lanes[14].u_s.rdata [15] \u_pe.lanes[14].u_s.rdata }, Y=$flatten\u_pe.$ternary$/Users/toprakgundogdu/qwen-ffn-rom/rtl/gated_delta_bram.v:127$2643_Y
      New ports: A=16'0000000000000000, B=\u_pe.lanes[14].u_s.rdata, Y=$flatten\u_pe.$ternary$/Users/toprakgundogdu/qwen-ffn-rom/rtl/gated_delta_bram.v:127$2643_Y [15:0]
      New connections: $flatten\u_pe.$ternary$/Users/toprakgundogdu/qwen-ffn-rom/rtl/gated_delta_bram.v:127$2643_Y [31:16] = { $flatten\u_pe.$ternary$/Users/toprakgundogdu/qwen-ffn-rom/rtl/gated_delta_bram.v:127$2643_Y [15] $flatten\u_pe.$ternary$/Users/toprakgundogdu/qwen-ffn-rom/rtl/gated_delta_bram.v:127$2643_Y [15] $flatten\u_pe.$ternary$/Users/toprakgundogdu/qwen-ffn-rom/rtl/gated_delta_bram.v:127$2643_Y [15] $flatten\u_pe.$ternary$/Users/toprakgundogdu/qwen-ffn-rom/rtl/gated_delta_bram.v:127$2643_Y [15] $flatten\u_pe.$ternary$/Users/toprakgundogdu/qwen-ffn-rom/rtl/gated_delta_bram.v:127$2643_Y [15] $flatten\u_pe.$ternary$/Users/toprakgundogdu/qwen-ffn-rom/rtl/gated_delta_bram.v:127$2643_Y [15] $flatten\u_pe.$ternary$/Users/toprakgundogdu/qwen-ffn-rom/rtl/gated_delta_bram.v:127$2643_Y [15] $flatten\u_pe.$ternary$/Users/toprakgundogdu/qwen-ffn-rom/rtl/gated_delta_bram.v:127$2643_Y [15] $flatten\u_pe.$ternary$/Users/toprakgundogdu/qwen-ffn-rom/rtl/gated_delta_bram.v:127$2643_Y [15] $flatten\u_pe.$ternary$/Users/toprakgundogdu/qwen-ffn-rom/rtl/gated_delta_bram.v:127$2643_Y [15] $flatten\u_pe.$ternary$/Users/toprakgundogdu/qwen-ffn-rom/rtl/gated_delta_bram.v:127$2643_Y [15] $flatten\u_pe.$ternary$/Users/toprakgundogdu/qwen-ffn-rom/rtl/gated_delta_bram.v:127$2643_Y [15] $flatten\u_pe.$ternary$/Users/toprakgundogdu/qwen-ffn-rom/rtl/gated_delta_bram.v:127$2643_Y [15] $flatten\u_pe.$ternary$/Users/toprakgundogdu/qwen-ffn-rom/rtl/gated_delta_bram.v:127$2643_Y [15] $flatten\u_pe.$ternary$/Users/toprakgundogdu/qwen-ffn-rom/rtl/gated_delta_bram.v:127$2643_Y [15] $flatten\u_pe.$ternary$/Users/toprakgundogdu/qwen-ffn-rom/rtl/gated_delta_bram.v:127$2643_Y [15] }
    Consolidated identical input bits for $mux cell $flatten\u_pe.$ternary$/Users/toprakgundogdu/qwen-ffn-rom/rtl/gated_delta_bram.v:127$2677:
      Old ports: A=0, B={ \u_pe.lanes[15].u_s.rdata [15] \u_pe.lanes[15].u_s.rdata [15] \u_pe.lanes[15].u_s.rdata [15] \u_pe.lanes[15].u_s.rdata [15] \u_pe.lanes[15].u_s.rdata [15] \u_pe.lanes[15].u_s.rdata [15] \u_pe.lanes[15].u_s.rdata [15] \u_pe.lanes[15].u_s.rdata [15] \u_pe.lanes[15].u_s.rdata [15] \u_pe.lanes[15].u_s.rdata [15] \u_pe.lanes[15].u_s.rdata [15] \u_pe.lanes[15].u_s.rdata [15] \u_pe.lanes[15].u_s.rdata [15] \u_pe.lanes[15].u_s.rdata [15] \u_pe.lanes[15].u_s.rdata [15] \u_pe.lanes[15].u_s.rdata [15] \u_pe.lanes[15].u_s.rdata }, Y=$flatten\u_pe.$ternary$/Users/toprakgundogdu/qwen-ffn-rom/rtl/gated_delta_bram.v:127$2677_Y
      New ports: A=16'0000000000000000, B=\u_pe.lanes[15].u_s.rdata, Y=$flatten\u_pe.$ternary$/Users/toprakgundogdu/qwen-ffn-rom/rtl/gated_delta_bram.v:127$2677_Y [15:0]
      New connections: $flatten\u_pe.$ternary$/Users/toprakgundogdu/qwen-ffn-rom/rtl/gated_delta_bram.v:127$2677_Y [31:16] = { $flatten\u_pe.$ternary$/Users/toprakgundogdu/qwen-ffn-rom/rtl/gated_delta_bram.v:127$2677_Y [15] $flatten\u_pe.$ternary$/Users/toprakgundogdu/qwen-ffn-rom/rtl/gated_delta_bram.v:127$2677_Y [15] $flatten\u_pe.$ternary$/Users/toprakgundogdu/qwen-ffn-rom/rtl/gated_delta_bram.v:127$2677_Y [15] $flatten\u_pe.$ternary$/Users/toprakgundogdu/qwen-ffn-rom/rtl/gated_delta_bram.v:127$2677_Y [15] $flatten\u_pe.$ternary$/Users/toprakgundogdu/qwen-ffn-rom/rtl/gated_delta_bram.v:127$2677_Y [15] $flatten\u_pe.$ternary$/Users/toprakgundogdu/qwen-ffn-rom/rtl/gated_delta_bram.v:127$2677_Y [15] $flatten\u_pe.$ternary$/Users/toprakgundogdu/qwen-ffn-rom/rtl/gated_delta_bram.v:127$2677_Y [15] $flatten\u_pe.$ternary$/Users/toprakgundogdu/qwen-ffn-rom/rtl/gated_delta_bram.v:127$2677_Y [15] $flatten\u_pe.$ternary$/Users/toprakgundogdu/qwen-ffn-rom/rtl/gated_delta_bram.v:127$2677_Y [15] $flatten\u_pe.$ternary$/Users/toprakgundogdu/qwen-ffn-rom/rtl/gated_delta_bram.v:127$2677_Y [15] $flatten\u_pe.$ternary$/Users/toprakgundogdu/qwen-ffn-rom/rtl/gated_delta_bram.v:127$2677_Y [15] $flatten\u_pe.$ternary$/Users/toprakgundogdu/qwen-ffn-rom/rtl/gated_delta_bram.v:127$2677_Y [15] $flatten\u_pe.$ternary$/Users/toprakgundogdu/qwen-ffn-rom/rtl/gated_delta_bram.v:127$2677_Y [15] $flatten\u_pe.$ternary$/Users/toprakgundogdu/qwen-ffn-rom/rtl/gated_delta_bram.v:127$2677_Y [15] $flatten\u_pe.$ternary$/Users/toprakgundogdu/qwen-ffn-rom/rtl/gated_delta_bram.v:127$2677_Y [15] $flatten\u_pe.$ternary$/Users/toprakgundogdu/qwen-ffn-rom/rtl/gated_delta_bram.v:127$2677_Y [15] }
    Consolidated identical input bits for $mux cell $flatten\u_pe.$ternary$/Users/toprakgundogdu/qwen-ffn-rom/rtl/gated_delta_bram.v:133$2448:
      Old ports: A=0, B={ \u_pe.lanes[3].q_row [7] \u_pe.lanes[3].q_row [7] \u_pe.lanes[3].q_row [7] \u_pe.lanes[3].q_row [7] \u_pe.lanes[3].q_row [7] \u_pe.lanes[3].q_row [7] \u_pe.lanes[3].q_row [7] \u_pe.lanes[3].q_row [7] \u_pe.lanes[3].q_row [7] \u_pe.lanes[3].q_row [7] \u_pe.lanes[3].q_row [7] \u_pe.lanes[3].q_row [7] \u_pe.lanes[3].q_row [7] \u_pe.lanes[3].q_row [7] \u_pe.lanes[3].q_row [7] \u_pe.lanes[3].q_row [7] \u_pe.lanes[3].q_row [7] \u_pe.lanes[3].q_row [7] \u_pe.lanes[3].q_row [7] \u_pe.lanes[3].q_row [7] \u_pe.lanes[3].q_row [7] \u_pe.lanes[3].q_row [7] \u_pe.lanes[3].q_row [7] \u_pe.lanes[3].q_row [7] \u_pe.lanes[3].q_row [7:0] }, Y=$flatten\u_pe.$ternary$/Users/toprakgundogdu/qwen-ffn-rom/rtl/gated_delta_bram.v:133$2176_Y
      New ports: A=8'00000000, B=\u_pe.lanes[3].q_row [7:0], Y=$flatten\u_pe.$ternary$/Users/toprakgundogdu/qwen-ffn-rom/rtl/gated_delta_bram.v:133$2176_Y [7:0]
      New connections: $flatten\u_pe.$ternary$/Users/toprakgundogdu/qwen-ffn-rom/rtl/gated_delta_bram.v:133$2176_Y [31:8] = { $flatten\u_pe.$ternary$/Users/toprakgundogdu/qwen-ffn-rom/rtl/gated_delta_bram.v:133$2176_Y [7] $flatten\u_pe.$ternary$/Users/toprakgundogdu/qwen-ffn-rom/rtl/gated_delta_bram.v:133$2176_Y [7] $flatten\u_pe.$ternary$/Users/toprakgundogdu/qwen-ffn-rom/rtl/gated_delta_bram.v:133$2176_Y [7] $flatten\u_pe.$ternary$/Users/toprakgundogdu/qwen-ffn-rom/rtl/gated_delta_bram.v:133$2176_Y [7] $flatten\u_pe.$ternary$/Users/toprakgundogdu/qwen-ffn-rom/rtl/gated_delta_bram.v:133$2176_Y [7] $flatten\u_pe.$ternary$/Users/toprakgundogdu/qwen-ffn-rom/rtl/gated_delta_bram.v:133$2176_Y [7] $flatten\u_pe.$ternary$/Users/toprakgundogdu/qwen-ffn-rom/rtl/gated_delta_bram.v:133$2176_Y [7] $flatten\u_pe.$ternary$/Users/toprakgundogdu/qwen-ffn-rom/rtl/gated_delta_bram.v:133$2176_Y [7] $flatten\u_pe.$ternary$/Users/toprakgundogdu/qwen-ffn-rom/rtl/gated_delta_bram.v:133$2176_Y [7] $flatten\u_pe.$ternary$/Users/toprakgundogdu/qwen-ffn-rom/rtl/gated_delta_bram.v:133$2176_Y [7] $flatten\u_pe.$ternary$/Users/toprakgundogdu/qwen-ffn-rom/rtl/gated_delta_bram.v:133$2176_Y [7] $flatten\u_pe.$ternary$/Users/toprakgundogdu/qwen-ffn-rom/rtl/gated_delta_bram.v:133$2176_Y [7] $flatten\u_pe.$ternary$/Users/toprakgundogdu/qwen-ffn-rom/rtl/gated_delta_bram.v:133$2176_Y [7] $flatten\u_pe.$ternary$/Users/toprakgundogdu/qwen-ffn-rom/rtl/gated_delta_bram.v:133$2176_Y [7] $flatten\u_pe.$ternary$/Users/toprakgundogdu/qwen-ffn-rom/rtl/gated_delta_bram.v:133$2176_Y [7] $flatten\u_pe.$ternary$/Users/toprakgundogdu/qwen-ffn-rom/rtl/gated_delta_bram.v:133$2176_Y [7] $flatten\u_pe.$ternary$/Users/toprakgundogdu/qwen-ffn-rom/rtl/gated_delta_bram.v:133$2176_Y [7] $flatten\u_pe.$ternary$/Users/toprakgundogdu/qwen-ffn-rom/rtl/gated_delta_bram.v:133$2176_Y [7] $flatten\u_pe.$ternary$/Users/toprakgundogdu/qwen-ffn-rom/rtl/gated_delta_bram.v:133$2176_Y [7] $flatten\u_pe.$ternary$/Users/toprakgundogdu/qwen-ffn-rom/rtl/gated_delta_bram.v:133$2176_Y [7] $flatten\u_pe.$ternary$/Users/toprakgundogdu/qwen-ffn-rom/rtl/gated_delta_bram.v:133$2176_Y [7] $flatten\u_pe.$ternary$/Users/toprakgundogdu/qwen-ffn-rom/rtl/gated_delta_bram.v:133$2176_Y [7] $flatten\u_pe.$ternary$/Users/toprakgundogdu/qwen-ffn-rom/rtl/gated_delta_bram.v:133$2176_Y [7] $flatten\u_pe.$ternary$/Users/toprakgundogdu/qwen-ffn-rom/rtl/gated_delta_bram.v:133$2176_Y [7] }
  Optimizing cells in module \gated_delta_d16_bram.
    Consolidated identical input bits for $mux cell $flatten\u_pe.$ternary$/Users/toprakgundogdu/qwen-ffn-rom/rtl/gated_delta_bram.v:126$2168:
      Old ports: A=$flatten\u_pe.$ternary$/Users/toprakgundogdu/qwen-ffn-rom/rtl/gated_delta_bram.v:127$2167_Y, B={ \u_pe.lanes[0].k_row [7] \u_pe.lanes[0].k_row [7] \u_pe.lanes[0].k_row [7] \u_pe.lanes[0].k_row [7] \u_pe.lanes[0].k_row [7] \u_pe.lanes[0].k_row [7] \u_pe.lanes[0].k_row [7] \u_pe.lanes[0].k_row [7] \u_pe.lanes[0].k_row [7] \u_pe.lanes[0].k_row [7] \u_pe.lanes[0].k_row [7] \u_pe.lanes[0].k_row [7] \u_pe.lanes[0].k_row [7] \u_pe.lanes[0].k_row [7] \u_pe.lanes[0].k_row [7] \u_pe.lanes[0].k_row [7] \u_pe.lanes[0].k_row [7] \u_pe.lanes[0].k_row [7] \u_pe.lanes[0].k_row [7] \u_pe.lanes[0].k_row [7] \u_pe.lanes[0].k_row [7] \u_pe.lanes[0].k_row [7] \u_pe.lanes[0].k_row [7] \u_pe.lanes[0].k_row [7] \u_pe.lanes[0].k_row [7:0] }, Y=$flatten\u_pe.$ternary$/Users/toprakgundogdu/qwen-ffn-rom/rtl/gated_delta_bram.v:126$2168_Y
      New ports: A=$flatten\u_pe.$ternary$/Users/toprakgundogdu/qwen-ffn-rom/rtl/gated_delta_bram.v:127$2167_Y [15:0], B={ \u_pe.lanes[0].k_row [7] \u_pe.lanes[0].k_row [7] \u_pe.lanes[0].k_row [7] \u_pe.lanes[0].k_row [7] \u_pe.lanes[0].k_row [7] \u_pe.lanes[0].k_row [7] \u_pe.lanes[0].k_row [7] \u_pe.lanes[0].k_row [7] \u_pe.lanes[0].k_row [7:0] }, Y=$flatten\u_pe.$ternary$/Users/toprakgundogdu/qwen-ffn-rom/rtl/gated_delta_bram.v:126$2168_Y [15:0]
      New connections: $flatten\u_pe.$ternary$/Users/toprakgundogdu/qwen-ffn-rom/rtl/gated_delta_bram.v:126$2168_Y [31:16] = { $flatten\u_pe.$ternary$/Users/toprakgundogdu/qwen-ffn-rom/rtl/gated_delta_bram.v:126$2168_Y [15] $flatten\u_pe.$ternary$/Users/toprakgundogdu/qwen-ffn-rom/rtl/gated_delta_bram.v:126$2168_Y [15] $flatten\u_pe.$ternary$/Users/toprakgundogdu/qwen-ffn-rom/rtl/gated_delta_bram.v:126$2168_Y [15] $flatten\u_pe.$ternary$/Users/toprakgundogdu/qwen-ffn-rom/rtl/gated_delta_bram.v:126$2168_Y [15] $flatten\u_pe.$ternary$/Users/toprakgundogdu/qwen-ffn-rom/rtl/gated_delta_bram.v:126$2168_Y [15] $flatten\u_pe.$ternary$/Users/toprakgundogdu/qwen-ffn-rom/rtl/gated_delta_bram.v:126$2168_Y [15] $flatten\u_pe.$ternary$/Users/toprakgundogdu/qwen-ffn-rom/rtl/gated_delta_bram.v:126$2168_Y [15] $flatten\u_pe.$ternary$/Users/toprakgundogdu/qwen-ffn-rom/rtl/gated_delta_bram.v:126$2168_Y [15] $flatten\u_pe.$ternary$/Users/toprakgundogdu/qwen-ffn-rom/rtl/gated_delta_bram.v:126$2168_Y [15] $flatten\u_pe.$ternary$/Users/toprakgundogdu/qwen-ffn-rom/rtl/gated_delta_bram.v:126$2168_Y [15] $flatten\u_pe.$ternary$/Users/toprakgundogdu/qwen-ffn-rom/rtl/gated_delta_bram.v:126$2168_Y [15] $flatten\u_pe.$ternary$/Users/toprakgundogdu/qwen-ffn-rom/rtl/gated_delta_bram.v:126$2168_Y [15] $flatten\u_pe.$ternary$/Users/toprakgundogdu/qwen-ffn-rom/rtl/gated_delta_bram.v:126$2168_Y [15] $flatten\u_pe.$ternary$/Users/toprakgundogdu/qwen-ffn-rom/rtl/gated_delta_bram.v:126$2168_Y [15] $flatten\u_pe.$ternary$/Users/toprakgundogdu/qwen-ffn-rom/rtl/gated_delta_bram.v:126$2168_Y [15] $flatten\u_pe.$ternary$/Users/toprakgundogdu/qwen-ffn-rom/rtl/gated_delta_bram.v:126$2168_Y [15] }
    Consolidated identical input bits for $mux cell $flatten\u_pe.$ternary$/Users/toprakgundogdu/qwen-ffn-rom/rtl/gated_delta_bram.v:126$2202:
      Old ports: A=$flatten\u_pe.$ternary$/Users/toprakgundogdu/qwen-ffn-rom/rtl/gated_delta_bram.v:127$2201_Y, B={ \u_pe.lanes[0].k_row [7] \u_pe.lanes[0].k_row [7] \u_pe.lanes[0].k_row [7] \u_pe.lanes[0].k_row [7] \u_pe.lanes[0].k_row [7] \u_pe.lanes[0].k_row [7] \u_pe.lanes[0].k_row [7] \u_pe.lanes[0].k_row [7] \u_pe.lanes[0].k_row [7] \u_pe.lanes[0].k_row [7] \u_pe.lanes[0].k_row [7] \u_pe.lanes[0].k_row [7] \u_pe.lanes[0].k_row [7] \u_pe.lanes[0].k_row [7] \u_pe.lanes[0].k_row [7] \u_pe.lanes[0].k_row [7] \u_pe.lanes[0].k_row [7] \u_pe.lanes[0].k_row [7] \u_pe.lanes[0].k_row [7] \u_pe.lanes[0].k_row [7] \u_pe.lanes[0].k_row [7] \u_pe.lanes[0].k_row [7] \u_pe.lanes[0].k_row [7] \u_pe.lanes[0].k_row [7] \u_pe.lanes[0].k_row [7:0] }, Y=$flatten\u_pe.$ternary$/Users/toprakgundogdu/qwen-ffn-rom/rtl/gated_delta_bram.v:126$2202_Y
      New ports: A=$flatten\u_pe.$ternary$/Users/toprakgundogdu/qwen-ffn-rom/rtl/gated_delta_bram.v:127$2201_Y [15:0], B={ \u_pe.lanes[0].k_row [7] \u_pe.lanes[0].k_row [7] \u_pe.lanes[0].k_row [7] \u_pe.lanes[0].k_row [7] \u_pe.lanes[0].k_row [7] \u_pe.lanes[0].k_row [7] \u_pe.lanes[0].k_row [7] \u_pe.lanes[0].k_row [7] \u_pe.lanes[0].k_row [7:0] }, Y=$flatten\u_pe.$ternary$/Users/toprakgundogdu/qwen-ffn-rom/rtl/gated_delta_bram.v:126$2202_Y [15:0]
      New connections: $flatten\u_pe.$ternary$/Users/toprakgundogdu/qwen-ffn-rom/rtl/gated_delta_bram.v:126$2202_Y [31:16] = { $flatten\u_pe.$ternary$/Users/toprakgundogdu/qwen-ffn-rom/rtl/gated_delta_bram.v:126$2202_Y [15] $flatten\u_pe.$ternary$/Users/toprakgundogdu/qwen-ffn-rom/rtl/gated_delta_bram.v:126$2202_Y [15] $flatten\u_pe.$ternary$/Users/toprakgundogdu/qwen-ffn-rom/rtl/gated_delta_bram.v:126$2202_Y [15] $flatten\u_pe.$ternary$/Users/toprakgundogdu/qwen-ffn-rom/rtl/gated_delta_bram.v:126$2202_Y [15] $flatten\u_pe.$ternary$/Users/toprakgundogdu/qwen-ffn-rom/rtl/gated_delta_bram.v:126$2202_Y [15] $flatten\u_pe.$ternary$/Users/toprakgundogdu/qwen-ffn-rom/rtl/gated_delta_bram.v:126$2202_Y [15] $flatten\u_pe.$ternary$/Users/toprakgundogdu/qwen-ffn-rom/rtl/gated_delta_bram.v:126$2202_Y [15] $flatten\u_pe.$ternary$/Users/toprakgundogdu/qwen-ffn-rom/rtl/gated_delta_bram.v:126$2202_Y [15] $flatten\u_pe.$ternary$/Users/toprakgundogdu/qwen-ffn-rom/rtl/gated_delta_bram.v:126$2202_Y [15] $flatten\u_pe.$ternary$/Users/toprakgundogdu/qwen-ffn-rom/rtl/gated_delta_bram.v:126$2202_Y [15] $flatten\u_pe.$ternary$/Users/toprakgundogdu/qwen-ffn-rom/rtl/gated_delta_bram.v:126$2202_Y [15] $flatten\u_pe.$ternary$/Users/toprakgundogdu/qwen-ffn-rom/rtl/gated_delta_bram.v:126$2202_Y [15] $flatten\u_pe.$ternary$/Users/toprakgundogdu/qwen-ffn-rom/rtl/gated_delta_bram.v:126$2202_Y [15] $flatten\u_pe.$ternary$/Users/toprakgundogdu/qwen-ffn-rom/rtl/gated_delta_bram.v:126$2202_Y [15] $flatten\u_pe.$ternary$/Users/toprakgundogdu/qwen-ffn-rom/rtl/gated_delta_bram.v:126$2202_Y [15] $flatten\u_pe.$ternary$/Users/toprakgundogdu/qwen-ffn-rom/rtl/gated_delta_bram.v:126$2202_Y [15] }
    Consolidated identical input bits for $mux cell $flatten\u_pe.$ternary$/Users/toprakgundogdu/qwen-ffn-rom/rtl/gated_delta_bram.v:126$2236:
      Old ports: A=$flatten\u_pe.$ternary$/Users/toprakgundogdu/qwen-ffn-rom/rtl/gated_delta_bram.v:127$2235_Y, B={ \u_pe.lanes[0].k_row [7] \u_pe.lanes[0].k_row [7] \u_pe.lanes[0].k_row [7] \u_pe.lanes[0].k_row [7] \u_pe.lanes[0].k_row [7] \u_pe.lanes[0].k_row [7] \u_pe.lanes[0].k_row [7] \u_pe.lanes[0].k_row [7] \u_pe.lanes[0].k_row [7] \u_pe.lanes[0].k_row [7] \u_pe.lanes[0].k_row [7] \u_pe.lanes[0].k_row [7] \u_pe.lanes[0].k_row [7] \u_pe.lanes[0].k_row [7] \u_pe.lanes[0].k_row [7] \u_pe.lanes[0].k_row [7] \u_pe.lanes[0].k_row [7] \u_pe.lanes[0].k_row [7] \u_pe.lanes[0].k_row [7] \u_pe.lanes[0].k_row [7] \u_pe.lanes[0].k_row [7] \u_pe.lanes[0].k_row [7] \u_pe.lanes[0].k_row [7] \u_pe.lanes[0].k_row [7] \u_pe.lanes[0].k_row [7:0] }, Y=$flatten\u_pe.$ternary$/Users/toprakgundogdu/qwen-ffn-rom/rtl/gated_delta_bram.v:126$2236_Y
      New ports: A=$flatten\u_pe.$ternary$/Users/toprakgundogdu/qwen-ffn-rom/rtl/gated_delta_bram.v:127$2235_Y [15:0], B={ \u_pe.lanes[0].k_row [7] \u_pe.lanes[0].k_row [7] \u_pe.lanes[0].k_row [7] \u_pe.lanes[0].k_row [7] \u_pe.lanes[0].k_row [7] \u_pe.lanes[0].k_row [7] \u_pe.lanes[0].k_row [7] \u_pe.lanes[0].k_row [7] \u_pe.lanes[0].k_row [7:0] }, Y=$flatten\u_pe.$ternary$/Users/toprakgundogdu/qwen-ffn-rom/rtl/gated_delta_bram.v:126$2236_Y [15:0]
      New connections: $flatten\u_pe.$ternary$/Users/toprakgundogdu/qwen-ffn-rom/rtl/gated_delta_bram.v:126$2236_Y [31:16] = { $flatten\u_pe.$ternary$/Users/toprakgundogdu/qwen-ffn-rom/rtl/gated_delta_bram.v:126$2236_Y [15] $flatten\u_pe.$ternary$/Users/toprakgundogdu/qwen-ffn-rom/rtl/gated_delta_bram.v:126$2236_Y [15] $flatten\u_pe.$ternary$/Users/toprakgundogdu/qwen-ffn-rom/rtl/gated_delta_bram.v:126$2236_Y [15] $flatten\u_pe.$ternary$/Users/toprakgundogdu/qwen-ffn-rom/rtl/gated_delta_bram.v:126$2236_Y [15] $flatten\u_pe.$ternary$/Users/toprakgundogdu/qwen-ffn-rom/rtl/gated_delta_bram.v:126$2236_Y [15] $flatten\u_pe.$ternary$/Users/toprakgundogdu/qwen-ffn-rom/rtl/gated_delta_bram.v:126$2236_Y [15] $flatten\u_pe.$ternary$/Users/toprakgundogdu/qwen-ffn-rom/rtl/gated_delta_bram.v:126$2236_Y [15] $flatten\u_pe.$ternary$/Users/toprakgundogdu/qwen-ffn-rom/rtl/gated_delta_bram.v:126$2236_Y [15] $flatten\u_pe.$ternary$/Users/toprakgundogdu/qwen-ffn-rom/rtl/gated_delta_bram.v:126$2236_Y [15] $flatten\u_pe.$ternary$/Users/toprakgundogdu/qwen-ffn-rom/rtl/gated_delta_bram.v:126$2236_Y [15] $flatten\u_pe.$ternary$/Users/toprakgundogdu/qwen-ffn-rom/rtl/gated_delta_bram.v:126$2236_Y [15] $flatten\u_pe.$ternary$/Users/toprakgundogdu/qwen-ffn-rom/rtl/gated_delta_bram.v:126$2236_Y [15] $flatten\u_pe.$ternary$/Users/toprakgundogdu/qwen-ffn-rom/rtl/gated_delta_bram.v:126$2236_Y [15] $flatten\u_pe.$ternary$/Users/toprakgundogdu/qwen-ffn-rom/rtl/gated_delta_bram.v:126$2236_Y [15] $flatten\u_pe.$ternary$/Users/toprakgundogdu/qwen-ffn-rom/rtl/gated_delta_bram.v:126$2236_Y [15] $flatten\u_pe.$ternary$/Users/toprakgundogdu/qwen-ffn-rom/rtl/gated_delta_bram.v:126$2236_Y [15] }
    Consolidated identical input bits for $mux cell $flatten\u_pe.$ternary$/Users/toprakgundogdu/qwen-ffn-rom/rtl/gated_delta_bram.v:126$2270:
      Old ports: A=$flatten\u_pe.$ternary$/Users/toprakgundogdu/qwen-ffn-rom/rtl/gated_delta_bram.v:127$2269_Y, B={ \u_pe.lanes[0].k_row [7] \u_pe.lanes[0].k_row [7] \u_pe.lanes[0].k_row [7] \u_pe.lanes[0].k_row [7] \u_pe.lanes[0].k_row [7] \u_pe.lanes[0].k_row [7] \u_pe.lanes[0].k_row [7] \u_pe.lanes[0].k_row [7] \u_pe.lanes[0].k_row [7] \u_pe.lanes[0].k_row [7] \u_pe.lanes[0].k_row [7] \u_pe.lanes[0].k_row [7] \u_pe.lanes[0].k_row [7] \u_pe.lanes[0].k_row [7] \u_pe.lanes[0].k_row [7] \u_pe.lanes[0].k_row [7] \u_pe.lanes[0].k_row [7] \u_pe.lanes[0].k_row [7] \u_pe.lanes[0].k_row [7] \u_pe.lanes[0].k_row [7] \u_pe.lanes[0].k_row [7] \u_pe.lanes[0].k_row [7] \u_pe.lanes[0].k_row [7] \u_pe.lanes[0].k_row [7] \u_pe.lanes[0].k_row [7:0] }, Y=$flatten\u_pe.$ternary$/Users/toprakgundogdu/qwen-ffn-rom/rtl/gated_delta_bram.v:126$2270_Y
      New ports: A=$flatten\u_pe.$ternary$/Users/toprakgundogdu/qwen-ffn-rom/rtl/gated_delta_bram.v:127$2269_Y [15:0], B={ \u_pe.lanes[0].k_row [7] \u_pe.lanes[0].k_row [7] \u_pe.lanes[0].k_row [7] \u_pe.lanes[0].k_row [7] \u_pe.lanes[0].k_row [7] \u_pe.lanes[0].k_row [7] \u_pe.lanes[0].k_row [7] \u_pe.lanes[0].k_row [7] \u_pe.lanes[0].k_row [7:0] }, Y=$flatten\u_pe.$ternary$/Users/toprakgundogdu/qwen-ffn-rom/rtl/gated_delta_bram.v:126$2270_Y [15:0]
      New connections: $flatten\u_pe.$ternary$/Users/toprakgundogdu/qwen-ffn-rom/rtl/gated_delta_bram.v:126$2270_Y [31:16] = { $flatten\u_pe.$ternary$/Users/toprakgundogdu/qwen-ffn-rom/rtl/gated_delta_bram.v:126$2270_Y [15] $flatten\u_pe.$ternary$/Users/toprakgundogdu/qwen-ffn-rom/rtl/gated_delta_bram.v:126$2270_Y [15] $flatten\u_pe.$ternary$/Users/toprakgundogdu/qwen-ffn-rom/rtl/gated_delta_bram.v:126$2270_Y [15] $flatten\u_pe.$ternary$/Users/toprakgundogdu/qwen-ffn-rom/rtl/gated_delta_bram.v:126$2270_Y [15] $flatten\u_pe.$ternary$/Users/toprakgundogdu/qwen-ffn-rom/rtl/gated_delta_bram.v:126$2270_Y [15] $flatten\u_pe.$ternary$/Users/toprakgundogdu/qwen-ffn-rom/rtl/gated_delta_bram.v:126$2270_Y [15] $flatten\u_pe.$ternary$/Users/toprakgundogdu/qwen-ffn-rom/rtl/gated_delta_bram.v:126$2270_Y [15] $flatten\u_pe.$ternary$/Users/toprakgundogdu/qwen-ffn-rom/rtl/gated_delta_bram.v:126$2270_Y [15] $flatten\u_pe.$ternary$/Users/toprakgundogdu/qwen-ffn-rom/rtl/gated_delta_bram.v:126$2270_Y [15] $flatten\u_pe.$ternary$/Users/toprakgundogdu/qwen-ffn-rom/rtl/gated_delta_bram.v:126$2270_Y [15] $flatten\u_pe.$ternary$/Users/toprakgundogdu/qwen-ffn-rom/rtl/gated_delta_bram.v:126$2270_Y [15] $flatten\u_pe.$ternary$/Users/toprakgundogdu/qwen-ffn-rom/rtl/gated_delta_bram.v:126$2270_Y [15] $flatten\u_pe.$ternary$/Users/toprakgundogdu/qwen-ffn-rom/rtl/gated_delta_bram.v:126$2270_Y [15] $flatten\u_pe.$ternary$/Users/toprakgundogdu/qwen-ffn-rom/rtl/gated_delta_bram.v:126$2270_Y [15] $flatten\u_pe.$ternary$/Users/toprakgundogdu/qwen-ffn-rom/rtl/gated_delta_bram.v:126$2270_Y [15] $flatten\u_pe.$ternary$/Users/toprakgundogdu/qwen-ffn-rom/rtl/gated_delta_bram.v:126$2270_Y [15] }
    Consolidated identical input bits for $mux cell $flatten\u_pe.$ternary$/Users/toprakgundogdu/qwen-ffn-rom/rtl/gated_delta_bram.v:126$2304:
      Old ports: A=$flatten\u_pe.$ternary$/Users/toprakgundogdu/qwen-ffn-rom/rtl/gated_delta_bram.v:127$2303_Y, B={ \u_pe.lanes[0].k_row [7] \u_pe.lanes[0].k_row [7] \u_pe.lanes[0].k_row [7] \u_pe.lanes[0].k_row [7] \u_pe.lanes[0].k_row [7] \u_pe.lanes[0].k_row [7] \u_pe.lanes[0].k_row [7] \u_pe.lanes[0].k_row [7] \u_pe.lanes[0].k_row [7] \u_pe.lanes[0].k_row [7] \u_pe.lanes[0].k_row [7] \u_pe.lanes[0].k_row [7] \u_pe.lanes[0].k_row [7] \u_pe.lanes[0].k_row [7] \u_pe.lanes[0].k_row [7] \u_pe.lanes[0].k_row [7] \u_pe.lanes[0].k_row [7] \u_pe.lanes[0].k_row [7] \u_pe.lanes[0].k_row [7] \u_pe.lanes[0].k_row [7] \u_pe.lanes[0].k_row [7] \u_pe.lanes[0].k_row [7] \u_pe.lanes[0].k_row [7] \u_pe.lanes[0].k_row [7] \u_pe.lanes[0].k_row [7:0] }, Y=$flatten\u_pe.$ternary$/Users/toprakgundogdu/qwen-ffn-rom/rtl/gated_delta_bram.v:126$2304_Y
      New ports: A=$flatten\u_pe.$ternary$/Users/toprakgundogdu/qwen-ffn-rom/rtl/gated_delta_bram.v:127$2303_Y [15:0], B={ \u_pe.lanes[0].k_row [7] \u_pe.lanes[0].k_row [7] \u_pe.lanes[0].k_row [7] \u_pe.lanes[0].k_row [7] \u_pe.lanes[0].k_row [7] \u_pe.lanes[0].k_row [7] \u_pe.lanes[0].k_row [7] \u_pe.lanes[0].k_row [7] \u_pe.lanes[0].k_row [7:0] }, Y=$flatten\u_pe.$ternary$/Users/toprakgundogdu/qwen-ffn-rom/rtl/gated_delta_bram.v:126$2304_Y [15:0]
      New connections: $flatten\u_pe.$ternary$/Users/toprakgundogdu/qwen-ffn-rom/rtl/gated_delta_bram.v:126$2304_Y [31:16] = { $flatten\u_pe.$ternary$/Users/toprakgundogdu/qwen-ffn-rom/rtl/gated_delta_bram.v:126$2304_Y [15] $flatten\u_pe.$ternary$/Users/toprakgundogdu/qwen-ffn-rom/rtl/gated_delta_bram.v:126$2304_Y [15] $flatten\u_pe.$ternary$/Users/toprakgundogdu/qwen-ffn-rom/rtl/gated_delta_bram.v:126$2304_Y [15] $flatten\u_pe.$ternary$/Users/toprakgundogdu/qwen-ffn-rom/rtl/gated_delta_bram.v:126$2304_Y [15] $flatten\u_pe.$ternary$/Users/toprakgundogdu/qwen-ffn-rom/rtl/gated_delta_bram.v:126$2304_Y [15] $flatten\u_pe.$ternary$/Users/toprakgundogdu/qwen-ffn-rom/rtl/gated_delta_bram.v:126$2304_Y [15] $flatten\u_pe.$ternary$/Users/toprakgundogdu/qwen-ffn-rom/rtl/gated_delta_bram.v:126$2304_Y [15] $flatten\u_pe.$ternary$/Users/toprakgundogdu/qwen-ffn-rom/rtl/gated_delta_bram.v:126$2304_Y [15] $flatten\u_pe.$ternary$/Users/toprakgundogdu/qwen-ffn-rom/rtl/gated_delta_bram.v:126$2304_Y [15] $flatten\u_pe.$ternary$/Users/toprakgundogdu/qwen-ffn-rom/rtl/gated_delta_bram.v:126$2304_Y [15] $flatten\u_pe.$ternary$/Users/toprakgundogdu/qwen-ffn-rom/rtl/gated_delta_bram.v:126$2304_Y [15] $flatten\u_pe.$ternary$/Users/toprakgundogdu/qwen-ffn-rom/rtl/gated_delta_bram.v:126$2304_Y [15] $flatten\u_pe.$ternary$/Users/toprakgundogdu/qwen-ffn-rom/rtl/gated_delta_bram.v:126$2304_Y [15] $flatten\u_pe.$ternary$/Users/toprakgundogdu/qwen-ffn-rom/rtl/gated_delta_bram.v:126$2304_Y [15] $flatten\u_pe.$ternary$/Users/toprakgundogdu/qwen-ffn-rom/rtl/gated_delta_bram.v:126$2304_Y [15] $flatten\u_pe.$ternary$/Users/toprakgundogdu/qwen-ffn-rom/rtl/gated_delta_bram.v:126$2304_Y [15] }
    Consolidated identical input bits for $mux cell $flatten\u_pe.$ternary$/Users/toprakgundogdu/qwen-ffn-rom/rtl/gated_delta_bram.v:126$2338:
      Old ports: A=$flatten\u_pe.$ternary$/Users/toprakgundogdu/qwen-ffn-rom/rtl/gated_delta_bram.v:127$2337_Y, B={ \u_pe.lanes[0].k_row [7] \u_pe.lanes[0].k_row [7] \u_pe.lanes[0].k_row [7] \u_pe.lanes[0].k_row [7] \u_pe.lanes[0].k_row [7] \u_pe.lanes[0].k_row [7] \u_pe.lanes[0].k_row [7] \u_pe.lanes[0].k_row [7] \u_pe.lanes[0].k_row [7] \u_pe.lanes[0].k_row [7] \u_pe.lanes[0].k_row [7] \u_pe.lanes[0].k_row [7] \u_pe.lanes[0].k_row [7] \u_pe.lanes[0].k_row [7] \u_pe.lanes[0].k_row [7] \u_pe.lanes[0].k_row [7] \u_pe.lanes[0].k_row [7] \u_pe.lanes[0].k_row [7] \u_pe.lanes[0].k_row [7] \u_pe.lanes[0].k_row [7] \u_pe.lanes[0].k_row [7] \u_pe.lanes[0].k_row [7] \u_pe.lanes[0].k_row [7] \u_pe.lanes[0].k_row [7] \u_pe.lanes[0].k_row [7:0] }, Y=$flatten\u_pe.$ternary$/Users/toprakgundogdu/qwen-ffn-rom/rtl/gated_delta_bram.v:126$2338_Y
      New ports: A=$flatten\u_pe.$ternary$/Users/toprakgundogdu/qwen-ffn-rom/rtl/gated_delta_bram.v:127$2337_Y [15:0], B={ \u_pe.lanes[0].k_row [7] \u_pe.lanes[0].k_row [7] \u_pe.lanes[0].k_row [7] \u_pe.lanes[0].k_row [7] \u_pe.lanes[0].k_row [7] \u_pe.lanes[0].k_row [7] \u_pe.lanes[0].k_row [7] \u_pe.lanes[0].k_row [7] \u_pe.lanes[0].k_row [7:0] }, Y=$flatten\u_pe.$ternary$/Users/toprakgundogdu/qwen-ffn-rom/rtl/gated_delta_bram.v:126$2338_Y [15:0]
      New connections: $flatten\u_pe.$ternary$/Users/toprakgundogdu/qwen-ffn-rom/rtl/gated_delta_bram.v:126$2338_Y [31:16] = { $flatten\u_pe.$ternary$/Users/toprakgundogdu/qwen-ffn-rom/rtl/gated_delta_bram.v:126$2338_Y [15] $flatten\u_pe.$ternary$/Users/toprakgundogdu/qwen-ffn-rom/rtl/gated_delta_bram.v:126$2338_Y [15] $flatten\u_pe.$ternary$/Users/toprakgundogdu/qwen-ffn-rom/rtl/gated_delta_bram.v:126$2338_Y [15] $flatten\u_pe.$ternary$/Users/toprakgundogdu/qwen-ffn-rom/rtl/gated_delta_bram.v:126$2338_Y [15] $flatten\u_pe.$ternary$/Users/toprakgundogdu/qwen-ffn-rom/rtl/gated_delta_bram.v:126$2338_Y [15] $flatten\u_pe.$ternary$/Users/toprakgundogdu/qwen-ffn-rom/rtl/gated_delta_bram.v:126$2338_Y [15] $flatten\u_pe.$ternary$/Users/toprakgundogdu/qwen-ffn-rom/rtl/gated_delta_bram.v:126$2338_Y [15] $flatten\u_pe.$ternary$/Users/toprakgundogdu/qwen-ffn-rom/rtl/gated_delta_bram.v:126$2338_Y [15] $flatten\u_pe.$ternary$/Users/toprakgundogdu/qwen-ffn-rom/rtl/gated_delta_bram.v:126$2338_Y [15] $flatten\u_pe.$ternary$/Users/toprakgundogdu/qwen-ffn-rom/rtl/gated_delta_bram.v:126$2338_Y [15] $flatten\u_pe.$ternary$/Users/toprakgundogdu/qwen-ffn-rom/rtl/gated_delta_bram.v:126$2338_Y [15] $flatten\u_pe.$ternary$/Users/toprakgundogdu/qwen-ffn-rom/rtl/gated_delta_bram.v:126$2338_Y [15] $flatten\u_pe.$ternary$/Users/toprakgundogdu/qwen-ffn-rom/rtl/gated_delta_bram.v:126$2338_Y [15] $flatten\u_pe.$ternary$/Users/toprakgundogdu/qwen-ffn-rom/rtl/gated_delta_bram.v:126$2338_Y [15] $flatten\u_pe.$ternary$/Users/toprakgundogdu/qwen-ffn-rom/rtl/gated_delta_bram.v:126$2338_Y [15] $flatten\u_pe.$ternary$/Users/toprakgundogdu/qwen-ffn-rom/rtl/gated_delta_bram.v:126$2338_Y [15] }
    Consolidated identical input bits for $mux cell $flatten\u_pe.$ternary$/Users/toprakgundogdu/qwen-ffn-rom/rtl/gated_delta_bram.v:126$2372:
      Old ports: A=$flatten\u_pe.$ternary$/Users/toprakgundogdu/qwen-ffn-rom/rtl/gated_delta_bram.v:127$2371_Y, B={ \u_pe.lanes[0].k_row [7] \u_pe.lanes[0].k_row [7] \u_pe.lanes[0].k_row [7] \u_pe.lanes[0].k_row [7] \u_pe.lanes[0].k_row [7] \u_pe.lanes[0].k_row [7] \u_pe.lanes[0].k_row [7] \u_pe.lanes[0].k_row [7] \u_pe.lanes[0].k_row [7] \u_pe.lanes[0].k_row [7] \u_pe.lanes[0].k_row [7] \u_pe.lanes[0].k_row [7] \u_pe.lanes[0].k_row [7] \u_pe.lanes[0].k_row [7] \u_pe.lanes[0].k_row [7] \u_pe.lanes[0].k_row [7] \u_pe.lanes[0].k_row [7] \u_pe.lanes[0].k_row [7] \u_pe.lanes[0].k_row [7] \u_pe.lanes[0].k_row [7] \u_pe.lanes[0].k_row [7] \u_pe.lanes[0].k_row [7] \u_pe.lanes[0].k_row [7] \u_pe.lanes[0].k_row [7] \u_pe.lanes[0].k_row [7:0] }, Y=$flatten\u_pe.$ternary$/Users/toprakgundogdu/qwen-ffn-rom/rtl/gated_delta_bram.v:126$2372_Y
      New ports: A=$flatten\u_pe.$ternary$/Users/toprakgundogdu/qwen-ffn-rom/rtl/gated_delta_bram.v:127$2371_Y [15:0], B={ \u_pe.lanes[0].k_row [7] \u_pe.lanes[0].k_row [7] \u_pe.lanes[0].k_row [7] \u_pe.lanes[0].k_row [7] \u_pe.lanes[0].k_row [7] \u_pe.lanes[0].k_row [7] \u_pe.lanes[0].k_row [7] \u_pe.lanes[0].k_row [7] \u_pe.lanes[0].k_row [7:0] }, Y=$flatten\u_pe.$ternary$/Users/toprakgundogdu/qwen-ffn-rom/rtl/gated_delta_bram.v:126$2372_Y [15:0]
      New connections: $flatten\u_pe.$ternary$/Users/toprakgundogdu/qwen-ffn-rom/rtl/gated_delta_bram.v:126$2372_Y [31:16] = { $flatten\u_pe.$ternary$/Users/toprakgundogdu/qwen-ffn-rom/rtl/gated_delta_bram.v:126$2372_Y [15] $flatten\u_pe.$ternary$/Users/toprakgundogdu/qwen-ffn-rom/rtl/gated_delta_bram.v:126$2372_Y [15] $flatten\u_pe.$ternary$/Users/toprakgundogdu/qwen-ffn-rom/rtl/gated_delta_bram.v:126$2372_Y [15] $flatten\u_pe.$ternary$/Users/toprakgundogdu/qwen-ffn-rom/rtl/gated_delta_bram.v:126$2372_Y [15] $flatten\u_pe.$ternary$/Users/toprakgundogdu/qwen-ffn-rom/rtl/gated_delta_bram.v:126$2372_Y [15] $flatten\u_pe.$ternary$/Users/toprakgundogdu/qwen-ffn-rom/rtl/gated_delta_bram.v:126$2372_Y [15] $flatten\u_pe.$ternary$/Users/toprakgundogdu/qwen-ffn-rom/rtl/gated_delta_bram.v:126$2372_Y [15] $flatten\u_pe.$ternary$/Users/toprakgundogdu/qwen-ffn-rom/rtl/gated_delta_bram.v:126$2372_Y [15] $flatten\u_pe.$ternary$/Users/toprakgundogdu/qwen-ffn-rom/rtl/gated_delta_bram.v:126$2372_Y [15] $flatten\u_pe.$ternary$/Users/toprakgundogdu/qwen-ffn-rom/rtl/gated_delta_bram.v:126$2372_Y [15] $flatten\u_pe.$ternary$/Users/toprakgundogdu/qwen-ffn-rom/rtl/gated_delta_bram.v:126$2372_Y [15] $flatten\u_pe.$ternary$/Users/toprakgundogdu/qwen-ffn-rom/rtl/gated_delta_bram.v:126$2372_Y [15] $flatten\u_pe.$ternary$/Users/toprakgundogdu/qwen-ffn-rom/rtl/gated_delta_bram.v:126$2372_Y [15] $flatten\u_pe.$ternary$/Users/toprakgundogdu/qwen-ffn-rom/rtl/gated_delta_bram.v:126$2372_Y [15] $flatten\u_pe.$ternary$/Users/toprakgundogdu/qwen-ffn-rom/rtl/gated_delta_bram.v:126$2372_Y [15] $flatten\u_pe.$ternary$/Users/toprakgundogdu/qwen-ffn-rom/rtl/gated_delta_bram.v:126$2372_Y [15] }
    Consolidated identical input bits for $mux cell $flatten\u_pe.$ternary$/Users/toprakgundogdu/qwen-ffn-rom/rtl/gated_delta_bram.v:126$2406:
      Old ports: A=$flatten\u_pe.$ternary$/Users/toprakgundogdu/qwen-ffn-rom/rtl/gated_delta_bram.v:127$2405_Y, B={ \u_pe.lanes[0].k_row [7] \u_pe.lanes[0].k_row [7] \u_pe.lanes[0].k_row [7] \u_pe.lanes[0].k_row [7] \u_pe.lanes[0].k_row [7] \u_pe.lanes[0].k_row [7] \u_pe.lanes[0].k_row [7] \u_pe.lanes[0].k_row [7] \u_pe.lanes[0].k_row [7] \u_pe.lanes[0].k_row [7] \u_pe.lanes[0].k_row [7] \u_pe.lanes[0].k_row [7] \u_pe.lanes[0].k_row [7] \u_pe.lanes[0].k_row [7] \u_pe.lanes[0].k_row [7] \u_pe.lanes[0].k_row [7] \u_pe.lanes[0].k_row [7] \u_pe.lanes[0].k_row [7] \u_pe.lanes[0].k_row [7] \u_pe.lanes[0].k_row [7] \u_pe.lanes[0].k_row [7] \u_pe.lanes[0].k_row [7] \u_pe.lanes[0].k_row [7] \u_pe.lanes[0].k_row [7] \u_pe.lanes[0].k_row [7:0] }, Y=$flatten\u_pe.$ternary$/Users/toprakgundogdu/qwen-ffn-rom/rtl/gated_delta_bram.v:126$2406_Y
      New ports: A=$flatten\u_pe.$ternary$/Users/toprakgundogdu/qwen-ffn-rom/rtl/gated_delta_bram.v:127$2405_Y [15:0], B={ \u_pe.lanes[0].k_row [7] \u_pe.lanes[0].k_row [7] \u_pe.lanes[0].k_row [7] \u_pe.lanes[0].k_row [7] \u_pe.lanes[0].k_row [7] \u_pe.lanes[0].k_row [7] \u_pe.lanes[0].k_row [7] \u_pe.lanes[0].k_row [7] \u_pe.lanes[0].k_row [7:0] }, Y=$flatten\u_pe.$ternary$/Users/toprakgundogdu/qwen-ffn-rom/rtl/gated_delta_bram.v:126$2406_Y [15:0]
      New connections: $flatten\u_pe.$ternary$/Users/toprakgundogdu/qwen-ffn-rom/rtl/gated_delta_bram.v:126$2406_Y [31:16] = { $flatten\u_pe.$ternary$/Users/toprakgundogdu/qwen-ffn-rom/rtl/gated_delta_bram.v:126$2406_Y [15] $flatten\u_pe.$ternary$/Users/toprakgundogdu/qwen-ffn-rom/rtl/gated_delta_bram.v:126$2406_Y [15] $flatten\u_pe.$ternary$/Users/toprakgundogdu/qwen-ffn-rom/rtl/gated_delta_bram.v:126$2406_Y [15] $flatten\u_pe.$ternary$/Users/toprakgundogdu/qwen-ffn-rom/rtl/gated_delta_bram.v:126$2406_Y [15] $flatten\u_pe.$ternary$/Users/toprakgundogdu/qwen-ffn-rom/rtl/gated_delta_bram.v:126$2406_Y [15] $flatten\u_pe.$ternary$/Users/toprakgundogdu/qwen-ffn-rom/rtl/gated_delta_bram.v:126$2406_Y [15] $flatten\u_pe.$ternary$/Users/toprakgundogdu/qwen-ffn-rom/rtl/gated_delta_bram.v:126$2406_Y [15] $flatten\u_pe.$ternary$/Users/toprakgundogdu/qwen-ffn-rom/rtl/gated_delta_bram.v:126$2406_Y [15] $flatten\u_pe.$ternary$/Users/toprakgundogdu/qwen-ffn-rom/rtl/gated_delta_bram.v:126$2406_Y [15] $flatten\u_pe.$ternary$/Users/toprakgundogdu/qwen-ffn-rom/rtl/gated_delta_bram.v:126$2406_Y [15] $flatten\u_pe.$ternary$/Users/toprakgundogdu/qwen-ffn-rom/rtl/gated_delta_bram.v:126$2406_Y [15] $flatten\u_pe.$ternary$/Users/toprakgundogdu/qwen-ffn-rom/rtl/gated_delta_bram.v:126$2406_Y [15] $flatten\u_pe.$ternary$/Users/toprakgundogdu/qwen-ffn-rom/rtl/gated_delta_bram.v:126$2406_Y [15] $flatten\u_pe.$ternary$/Users/toprakgundogdu/qwen-ffn-rom/rtl/gated_delta_bram.v:126$2406_Y [15] $flatten\u_pe.$ternary$/Users/toprakgundogdu/qwen-ffn-rom/rtl/gated_delta_bram.v:126$2406_Y [15] $flatten\u_pe.$ternary$/Users/toprakgundogdu/qwen-ffn-rom/rtl/gated_delta_bram.v:126$2406_Y [15] }
    Consolidated identical input bits for $mux cell $flatten\u_pe.$ternary$/Users/toprakgundogdu/qwen-ffn-rom/rtl/gated_delta_bram.v:126$2440:
      Old ports: A=$flatten\u_pe.$ternary$/Users/toprakgundogdu/qwen-ffn-rom/rtl/gated_delta_bram.v:127$2439_Y, B={ \u_pe.lanes[0].k_row [7] \u_pe.lanes[0].k_row [7] \u_pe.lanes[0].k_row [7] \u_pe.lanes[0].k_row [7] \u_pe.lanes[0].k_row [7] \u_pe.lanes[0].k_row [7] \u_pe.lanes[0].k_row [7] \u_pe.lanes[0].k_row [7] \u_pe.lanes[0].k_row [7] \u_pe.lanes[0].k_row [7] \u_pe.lanes[0].k_row [7] \u_pe.lanes[0].k_row [7] \u_pe.lanes[0].k_row [7] \u_pe.lanes[0].k_row [7] \u_pe.lanes[0].k_row [7] \u_pe.lanes[0].k_row [7] \u_pe.lanes[0].k_row [7] \u_pe.lanes[0].k_row [7] \u_pe.lanes[0].k_row [7] \u_pe.lanes[0].k_row [7] \u_pe.lanes[0].k_row [7] \u_pe.lanes[0].k_row [7] \u_pe.lanes[0].k_row [7] \u_pe.lanes[0].k_row [7] \u_pe.lanes[0].k_row [7:0] }, Y=$flatten\u_pe.$ternary$/Users/toprakgundogdu/qwen-ffn-rom/rtl/gated_delta_bram.v:126$2440_Y
      New ports: A=$flatten\u_pe.$ternary$/Users/toprakgundogdu/qwen-ffn-rom/rtl/gated_delta_bram.v:127$2439_Y [15:0], B={ \u_pe.lanes[0].k_row [7] \u_pe.lanes[0].k_row [7] \u_pe.lanes[0].k_row [7] \u_pe.lanes[0].k_row [7] \u_pe.lanes[0].k_row [7] \u_pe.lanes[0].k_row [7] \u_pe.lanes[0].k_row [7] \u_pe.lanes[0].k_row [7] \u_pe.lanes[0].k_row [7:0] }, Y=$flatten\u_pe.$ternary$/Users/toprakgundogdu/qwen-ffn-rom/rtl/gated_delta_bram.v:126$2440_Y [15:0]
      New connections: $flatten\u_pe.$ternary$/Users/toprakgundogdu/qwen-ffn-rom/rtl/gated_delta_bram.v:126$2440_Y [31:16] = { $flatten\u_pe.$ternary$/Users/toprakgundogdu/qwen-ffn-rom/rtl/gated_delta_bram.v:126$2440_Y [15] $flatten\u_pe.$ternary$/Users/toprakgundogdu/qwen-ffn-rom/rtl/gated_delta_bram.v:126$2440_Y [15] $flatten\u_pe.$ternary$/Users/toprakgundogdu/qwen-ffn-rom/rtl/gated_delta_bram.v:126$2440_Y [15] $flatten\u_pe.$ternary$/Users/toprakgundogdu/qwen-ffn-rom/rtl/gated_delta_bram.v:126$2440_Y [15] $flatten\u_pe.$ternary$/Users/toprakgundogdu/qwen-ffn-rom/rtl/gated_delta_bram.v:126$2440_Y [15] $flatten\u_pe.$ternary$/Users/toprakgundogdu/qwen-ffn-rom/rtl/gated_delta_bram.v:126$2440_Y [15] $flatten\u_pe.$ternary$/Users/toprakgundogdu/qwen-ffn-rom/rtl/gated_delta_bram.v:126$2440_Y [15] $flatten\u_pe.$ternary$/Users/toprakgundogdu/qwen-ffn-rom/rtl/gated_delta_bram.v:126$2440_Y [15] $flatten\u_pe.$ternary$/Users/toprakgundogdu/qwen-ffn-rom/rtl/gated_delta_bram.v:126$2440_Y [15] $flatten\u_pe.$ternary$/Users/toprakgundogdu/qwen-ffn-rom/rtl/gated_delta_bram.v:126$2440_Y [15] $flatten\u_pe.$ternary$/Users/toprakgundogdu/qwen-ffn-rom/rtl/gated_delta_bram.v:126$2440_Y [15] $flatten\u_pe.$ternary$/Users/toprakgundogdu/qwen-ffn-rom/rtl/gated_delta_bram.v:126$2440_Y [15] $flatten\u_pe.$ternary$/Users/toprakgundogdu/qwen-ffn-rom/rtl/gated_delta_bram.v:126$2440_Y [15] $flatten\u_pe.$ternary$/Users/toprakgundogdu/qwen-ffn-rom/rtl/gated_delta_bram.v:126$2440_Y [15] $flatten\u_pe.$ternary$/Users/toprakgundogdu/qwen-ffn-rom/rtl/gated_delta_bram.v:126$2440_Y [15] $flatten\u_pe.$ternary$/Users/toprakgundogdu/qwen-ffn-rom/rtl/gated_delta_bram.v:126$2440_Y [15] }
    Consolidated identical input bits for $mux cell $flatten\u_pe.$ternary$/Users/toprakgundogdu/qwen-ffn-rom/rtl/gated_delta_bram.v:126$2474:
      Old ports: A=$flatten\u_pe.$ternary$/Users/toprakgundogdu/qwen-ffn-rom/rtl/gated_delta_bram.v:127$2473_Y, B={ \u_pe.lanes[0].k_row [7] \u_pe.lanes[0].k_row [7] \u_pe.lanes[0].k_row [7] \u_pe.lanes[0].k_row [7] \u_pe.lanes[0].k_row [7] \u_pe.lanes[0].k_row [7] \u_pe.lanes[0].k_row [7] \u_pe.lanes[0].k_row [7] \u_pe.lanes[0].k_row [7] \u_pe.lanes[0].k_row [7] \u_pe.lanes[0].k_row [7] \u_pe.lanes[0].k_row [7] \u_pe.lanes[0].k_row [7] \u_pe.lanes[0].k_row [7] \u_pe.lanes[0].k_row [7] \u_pe.lanes[0].k_row [7] \u_pe.lanes[0].k_row [7] \u_pe.lanes[0].k_row [7] \u_pe.lanes[0].k_row [7] \u_pe.lanes[0].k_row [7] \u_pe.lanes[0].k_row [7] \u_pe.lanes[0].k_row [7] \u_pe.lanes[0].k_row [7] \u_pe.lanes[0].k_row [7] \u_pe.lanes[0].k_row [7:0] }, Y=$flatten\u_pe.$ternary$/Users/toprakgundogdu/qwen-ffn-rom/rtl/gated_delta_bram.v:126$2474_Y
      New ports: A=$flatten\u_pe.$ternary$/Users/toprakgundogdu/qwen-ffn-rom/rtl/gated_delta_bram.v:127$2473_Y [15:0], B={ \u_pe.lanes[0].k_row [7] \u_pe.lanes[0].k_row [7] \u_pe.lanes[0].k_row [7] \u_pe.lanes[0].k_row [7] \u_pe.lanes[0].k_row [7] \u_pe.lanes[0].k_row [7] \u_pe.lanes[0].k_row [7] \u_pe.lanes[0].k_row [7] \u_pe.lanes[0].k_row [7:0] }, Y=$flatten\u_pe.$ternary$/Users/toprakgundogdu/qwen-ffn-rom/rtl/gated_delta_bram.v:126$2474_Y [15:0]
      New connections: $flatten\u_pe.$ternary$/Users/toprakgundogdu/qwen-ffn-rom/rtl/gated_delta_bram.v:126$2474_Y [31:16] = { $flatten\u_pe.$ternary$/Users/toprakgundogdu/qwen-ffn-rom/rtl/gated_delta_bram.v:126$2474_Y [15] $flatten\u_pe.$ternary$/Users/toprakgundogdu/qwen-ffn-rom/rtl/gated_delta_bram.v:126$2474_Y [15] $flatten\u_pe.$ternary$/Users/toprakgundogdu/qwen-ffn-rom/rtl/gated_delta_bram.v:126$2474_Y [15] $flatten\u_pe.$ternary$/Users/toprakgundogdu/qwen-ffn-rom/rtl/gated_delta_bram.v:126$2474_Y [15] $flatten\u_pe.$ternary$/Users/toprakgundogdu/qwen-ffn-rom/rtl/gated_delta_bram.v:126$2474_Y [15] $flatten\u_pe.$ternary$/Users/toprakgundogdu/qwen-ffn-rom/rtl/gated_delta_bram.v:126$2474_Y [15] $flatten\u_pe.$ternary$/Users/toprakgundogdu/qwen-ffn-rom/rtl/gated_delta_bram.v:126$2474_Y [15] $flatten\u_pe.$ternary$/Users/toprakgundogdu/qwen-ffn-rom/rtl/gated_delta_bram.v:126$2474_Y [15] $flatten\u_pe.$ternary$/Users/toprakgundogdu/qwen-ffn-rom/rtl/gated_delta_bram.v:126$2474_Y [15] $flatten\u_pe.$ternary$/Users/toprakgundogdu/qwen-ffn-rom/rtl/gated_delta_bram.v:126$2474_Y [15] $flatten\u_pe.$ternary$/Users/toprakgundogdu/qwen-ffn-rom/rtl/gated_delta_bram.v:126$2474_Y [15] $flatten\u_pe.$ternary$/Users/toprakgundogdu/qwen-ffn-rom/rtl/gated_delta_bram.v:126$2474_Y [15] $flatten\u_pe.$ternary$/Users/toprakgundogdu/qwen-ffn-rom/rtl/gated_delta_bram.v:126$2474_Y [15] $flatten\u_pe.$ternary$/Users/toprakgundogdu/qwen-ffn-rom/rtl/gated_delta_bram.v:126$2474_Y [15] $flatten\u_pe.$ternary$/Users/toprakgundogdu/qwen-ffn-rom/rtl/gated_delta_bram.v:126$2474_Y [15] $flatten\u_pe.$ternary$/Users/toprakgundogdu/qwen-ffn-rom/rtl/gated_delta_bram.v:126$2474_Y [15] }
    Consolidated identical input bits for $mux cell $flatten\u_pe.$ternary$/Users/toprakgundogdu/qwen-ffn-rom/rtl/gated_delta_bram.v:126$2508:
      Old ports: A=$flatten\u_pe.$ternary$/Users/toprakgundogdu/qwen-ffn-rom/rtl/gated_delta_bram.v:127$2507_Y, B={ \u_pe.lanes[0].k_row [7] \u_pe.lanes[0].k_row [7] \u_pe.lanes[0].k_row [7] \u_pe.lanes[0].k_row [7] \u_pe.lanes[0].k_row [7] \u_pe.lanes[0].k_row [7] \u_pe.lanes[0].k_row [7] \u_pe.lanes[0].k_row [7] \u_pe.lanes[0].k_row [7] \u_pe.lanes[0].k_row [7] \u_pe.lanes[0].k_row [7] \u_pe.lanes[0].k_row [7] \u_pe.lanes[0].k_row [7] \u_pe.lanes[0].k_row [7] \u_pe.lanes[0].k_row [7] \u_pe.lanes[0].k_row [7] \u_pe.lanes[0].k_row [7] \u_pe.lanes[0].k_row [7] \u_pe.lanes[0].k_row [7] \u_pe.lanes[0].k_row [7] \u_pe.lanes[0].k_row [7] \u_pe.lanes[0].k_row [7] \u_pe.lanes[0].k_row [7] \u_pe.lanes[0].k_row [7] \u_pe.lanes[0].k_row [7:0] }, Y=$flatten\u_pe.$ternary$/Users/toprakgundogdu/qwen-ffn-rom/rtl/gated_delta_bram.v:126$2508_Y
      New ports: A=$flatten\u_pe.$ternary$/Users/toprakgundogdu/qwen-ffn-rom/rtl/gated_delta_bram.v:127$2507_Y [15:0], B={ \u_pe.lanes[0].k_row [7] \u_pe.lanes[0].k_row [7] \u_pe.lanes[0].k_row [7] \u_pe.lanes[0].k_row [7] \u_pe.lanes[0].k_row [7] \u_pe.lanes[0].k_row [7] \u_pe.lanes[0].k_row [7] \u_pe.lanes[0].k_row [7] \u_pe.lanes[0].k_row [7:0] }, Y=$flatten\u_pe.$ternary$/Users/toprakgundogdu/qwen-ffn-rom/rtl/gated_delta_bram.v:126$2508_Y [15:0]
      New connections: $flatten\u_pe.$ternary$/Users/toprakgundogdu/qwen-ffn-rom/rtl/gated_delta_bram.v:126$2508_Y [31:16] = { $flatten\u_pe.$ternary$/Users/toprakgundogdu/qwen-ffn-rom/rtl/gated_delta_bram.v:126$2508_Y [15] $flatten\u_pe.$ternary$/Users/toprakgundogdu/qwen-ffn-rom/rtl/gated_delta_bram.v:126$2508_Y [15] $flatten\u_pe.$ternary$/Users/toprakgundogdu/qwen-ffn-rom/rtl/gated_delta_bram.v:126$2508_Y [15] $flatten\u_pe.$ternary$/Users/toprakgundogdu/qwen-ffn-rom/rtl/gated_delta_bram.v:126$2508_Y [15] $flatten\u_pe.$ternary$/Users/toprakgundogdu/qwen-ffn-rom/rtl/gated_delta_bram.v:126$2508_Y [15] $flatten\u_pe.$ternary$/Users/toprakgundogdu/qwen-ffn-rom/rtl/gated_delta_bram.v:126$2508_Y [15] $flatten\u_pe.$ternary$/Users/toprakgundogdu/qwen-ffn-rom/rtl/gated_delta_bram.v:126$2508_Y [15] $flatten\u_pe.$ternary$/Users/toprakgundogdu/qwen-ffn-rom/rtl/gated_delta_bram.v:126$2508_Y [15] $flatten\u_pe.$ternary$/Users/toprakgundogdu/qwen-ffn-rom/rtl/gated_delta_bram.v:126$2508_Y [15] $flatten\u_pe.$ternary$/Users/toprakgundogdu/qwen-ffn-rom/rtl/gated_delta_bram.v:126$2508_Y [15] $flatten\u_pe.$ternary$/Users/toprakgundogdu/qwen-ffn-rom/rtl/gated_delta_bram.v:126$2508_Y [15] $flatten\u_pe.$ternary$/Users/toprakgundogdu/qwen-ffn-rom/rtl/gated_delta_bram.v:126$2508_Y [15] $flatten\u_pe.$ternary$/Users/toprakgundogdu/qwen-ffn-rom/rtl/gated_delta_bram.v:126$2508_Y [15] $flatten\u_pe.$ternary$/Users/toprakgundogdu/qwen-ffn-rom/rtl/gated_delta_bram.v:126$2508_Y [15] $flatten\u_pe.$ternary$/Users/toprakgundogdu/qwen-ffn-rom/rtl/gated_delta_bram.v:126$2508_Y [15] $flatten\u_pe.$ternary$/Users/toprakgundogdu/qwen-ffn-rom/rtl/gated_delta_bram.v:126$2508_Y [15] }
    Consolidated identical input bits for $mux cell $flatten\u_pe.$ternary$/Users/toprakgundogdu/qwen-ffn-rom/rtl/gated_delta_bram.v:126$2542:
      Old ports: A=$flatten\u_pe.$ternary$/Users/toprakgundogdu/qwen-ffn-rom/rtl/gated_delta_bram.v:127$2541_Y, B={ \u_pe.lanes[0].k_row [7] \u_pe.lanes[0].k_row [7] \u_pe.lanes[0].k_row [7] \u_pe.lanes[0].k_row [7] \u_pe.lanes[0].k_row [7] \u_pe.lanes[0].k_row [7] \u_pe.lanes[0].k_row [7] \u_pe.lanes[0].k_row [7] \u_pe.lanes[0].k_row [7] \u_pe.lanes[0].k_row [7] \u_pe.lanes[0].k_row [7] \u_pe.lanes[0].k_row [7] \u_pe.lanes[0].k_row [7] \u_pe.lanes[0].k_row [7] \u_pe.lanes[0].k_row [7] \u_pe.lanes[0].k_row [7] \u_pe.lanes[0].k_row [7] \u_pe.lanes[0].k_row [7] \u_pe.lanes[0].k_row [7] \u_pe.lanes[0].k_row [7] \u_pe.lanes[0].k_row [7] \u_pe.lanes[0].k_row [7] \u_pe.lanes[0].k_row [7] \u_pe.lanes[0].k_row [7] \u_pe.lanes[0].k_row [7:0] }, Y=$flatten\u_pe.$ternary$/Users/toprakgundogdu/qwen-ffn-rom/rtl/gated_delta_bram.v:126$2542_Y
      New ports: A=$flatten\u_pe.$ternary$/Users/toprakgundogdu/qwen-ffn-rom/rtl/gated_delta_bram.v:127$2541_Y [15:0], B={ \u_pe.lanes[0].k_row [7] \u_pe.lanes[0].k_row [7] \u_pe.lanes[0].k_row [7] \u_pe.lanes[0].k_row [7] \u_pe.lanes[0].k_row [7] \u_pe.lanes[0].k_row [7] \u_pe.lanes[0].k_row [7] \u_pe.lanes[0].k_row [7] \u_pe.lanes[0].k_row [7:0] }, Y=$flatten\u_pe.$ternary$/Users/toprakgundogdu/qwen-ffn-rom/rtl/gated_delta_bram.v:126$2542_Y [15:0]
      New connections: $flatten\u_pe.$ternary$/Users/toprakgundogdu/qwen-ffn-rom/rtl/gated_delta_bram.v:126$2542_Y [31:16] = { $flatten\u_pe.$ternary$/Users/toprakgundogdu/qwen-ffn-rom/rtl/gated_delta_bram.v:126$2542_Y [15] $flatten\u_pe.$ternary$/Users/toprakgundogdu/qwen-ffn-rom/rtl/gated_delta_bram.v:126$2542_Y [15] $flatten\u_pe.$ternary$/Users/toprakgundogdu/qwen-ffn-rom/rtl/gated_delta_bram.v:126$2542_Y [15] $flatten\u_pe.$ternary$/Users/toprakgundogdu/qwen-ffn-rom/rtl/gated_delta_bram.v:126$2542_Y [15] $flatten\u_pe.$ternary$/Users/toprakgundogdu/qwen-ffn-rom/rtl/gated_delta_bram.v:126$2542_Y [15] $flatten\u_pe.$ternary$/Users/toprakgundogdu/qwen-ffn-rom/rtl/gated_delta_bram.v:126$2542_Y [15] $flatten\u_pe.$ternary$/Users/toprakgundogdu/qwen-ffn-rom/rtl/gated_delta_bram.v:126$2542_Y [15] $flatten\u_pe.$ternary$/Users/toprakgundogdu/qwen-ffn-rom/rtl/gated_delta_bram.v:126$2542_Y [15] $flatten\u_pe.$ternary$/Users/toprakgundogdu/qwen-ffn-rom/rtl/gated_delta_bram.v:126$2542_Y [15] $flatten\u_pe.$ternary$/Users/toprakgundogdu/qwen-ffn-rom/rtl/gated_delta_bram.v:126$2542_Y [15] $flatten\u_pe.$ternary$/Users/toprakgundogdu/qwen-ffn-rom/rtl/gated_delta_bram.v:126$2542_Y [15] $flatten\u_pe.$ternary$/Users/toprakgundogdu/qwen-ffn-rom/rtl/gated_delta_bram.v:126$2542_Y [15] $flatten\u_pe.$ternary$/Users/toprakgundogdu/qwen-ffn-rom/rtl/gated_delta_bram.v:126$2542_Y [15] $flatten\u_pe.$ternary$/Users/toprakgundogdu/qwen-ffn-rom/rtl/gated_delta_bram.v:126$2542_Y [15] $flatten\u_pe.$ternary$/Users/toprakgundogdu/qwen-ffn-rom/rtl/gated_delta_bram.v:126$2542_Y [15] $flatten\u_pe.$ternary$/Users/toprakgundogdu/qwen-ffn-rom/rtl/gated_delta_bram.v:126$2542_Y [15] }
    Consolidated identical input bits for $mux cell $flatten\u_pe.$ternary$/Users/toprakgundogdu/qwen-ffn-rom/rtl/gated_delta_bram.v:126$2576:
      Old ports: A=$flatten\u_pe.$ternary$/Users/toprakgundogdu/qwen-ffn-rom/rtl/gated_delta_bram.v:127$2575_Y, B={ \u_pe.lanes[0].k_row [7] \u_pe.lanes[0].k_row [7] \u_pe.lanes[0].k_row [7] \u_pe.lanes[0].k_row [7] \u_pe.lanes[0].k_row [7] \u_pe.lanes[0].k_row [7] \u_pe.lanes[0].k_row [7] \u_pe.lanes[0].k_row [7] \u_pe.lanes[0].k_row [7] \u_pe.lanes[0].k_row [7] \u_pe.lanes[0].k_row [7] \u_pe.lanes[0].k_row [7] \u_pe.lanes[0].k_row [7] \u_pe.lanes[0].k_row [7] \u_pe.lanes[0].k_row [7] \u_pe.lanes[0].k_row [7] \u_pe.lanes[0].k_row [7] \u_pe.lanes[0].k_row [7] \u_pe.lanes[0].k_row [7] \u_pe.lanes[0].k_row [7] \u_pe.lanes[0].k_row [7] \u_pe.lanes[0].k_row [7] \u_pe.lanes[0].k_row [7] \u_pe.lanes[0].k_row [7] \u_pe.lanes[0].k_row [7:0] }, Y=$flatten\u_pe.$ternary$/Users/toprakgundogdu/qwen-ffn-rom/rtl/gated_delta_bram.v:126$2576_Y
      New ports: A=$flatten\u_pe.$ternary$/Users/toprakgundogdu/qwen-ffn-rom/rtl/gated_delta_bram.v:127$2575_Y [15:0], B={ \u_pe.lanes[0].k_row [7] \u_pe.lanes[0].k_row [7] \u_pe.lanes[0].k_row [7] \u_pe.lanes[0].k_row [7] \u_pe.lanes[0].k_row [7] \u_pe.lanes[0].k_row [7] \u_pe.lanes[0].k_row [7] \u_pe.lanes[0].k_row [7] \u_pe.lanes[0].k_row [7:0] }, Y=$flatten\u_pe.$ternary$/Users/toprakgundogdu/qwen-ffn-rom/rtl/gated_delta_bram.v:126$2576_Y [15:0]
      New connections: $flatten\u_pe.$ternary$/Users/toprakgundogdu/qwen-ffn-rom/rtl/gated_delta_bram.v:126$2576_Y [31:16] = { $flatten\u_pe.$ternary$/Users/toprakgundogdu/qwen-ffn-rom/rtl/gated_delta_bram.v:126$2576_Y [15] $flatten\u_pe.$ternary$/Users/toprakgundogdu/qwen-ffn-rom/rtl/gated_delta_bram.v:126$2576_Y [15] $flatten\u_pe.$ternary$/Users/toprakgundogdu/qwen-ffn-rom/rtl/gated_delta_bram.v:126$2576_Y [15] $flatten\u_pe.$ternary$/Users/toprakgundogdu/qwen-ffn-rom/rtl/gated_delta_bram.v:126$2576_Y [15] $flatten\u_pe.$ternary$/Users/toprakgundogdu/qwen-ffn-rom/rtl/gated_delta_bram.v:126$2576_Y [15] $flatten\u_pe.$ternary$/Users/toprakgundogdu/qwen-ffn-rom/rtl/gated_delta_bram.v:126$2576_Y [15] $flatten\u_pe.$ternary$/Users/toprakgundogdu/qwen-ffn-rom/rtl/gated_delta_bram.v:126$2576_Y [15] $flatten\u_pe.$ternary$/Users/toprakgundogdu/qwen-ffn-rom/rtl/gated_delta_bram.v:126$2576_Y [15] $flatten\u_pe.$ternary$/Users/toprakgundogdu/qwen-ffn-rom/rtl/gated_delta_bram.v:126$2576_Y [15] $flatten\u_pe.$ternary$/Users/toprakgundogdu/qwen-ffn-rom/rtl/gated_delta_bram.v:126$2576_Y [15] $flatten\u_pe.$ternary$/Users/toprakgundogdu/qwen-ffn-rom/rtl/gated_delta_bram.v:126$2576_Y [15] $flatten\u_pe.$ternary$/Users/toprakgundogdu/qwen-ffn-rom/rtl/gated_delta_bram.v:126$2576_Y [15] $flatten\u_pe.$ternary$/Users/toprakgundogdu/qwen-ffn-rom/rtl/gated_delta_bram.v:126$2576_Y [15] $flatten\u_pe.$ternary$/Users/toprakgundogdu/qwen-ffn-rom/rtl/gated_delta_bram.v:126$2576_Y [15] $flatten\u_pe.$ternary$/Users/toprakgundogdu/qwen-ffn-rom/rtl/gated_delta_bram.v:126$2576_Y [15] $flatten\u_pe.$ternary$/Users/toprakgundogdu/qwen-ffn-rom/rtl/gated_delta_bram.v:126$2576_Y [15] }
    Consolidated identical input bits for $mux cell $flatten\u_pe.$ternary$/Users/toprakgundogdu/qwen-ffn-rom/rtl/gated_delta_bram.v:126$2610:
      Old ports: A=$flatten\u_pe.$ternary$/Users/toprakgundogdu/qwen-ffn-rom/rtl/gated_delta_bram.v:127$2609_Y, B={ \u_pe.lanes[0].k_row [7] \u_pe.lanes[0].k_row [7] \u_pe.lanes[0].k_row [7] \u_pe.lanes[0].k_row [7] \u_pe.lanes[0].k_row [7] \u_pe.lanes[0].k_row [7] \u_pe.lanes[0].k_row [7] \u_pe.lanes[0].k_row [7] \u_pe.lanes[0].k_row [7] \u_pe.lanes[0].k_row [7] \u_pe.lanes[0].k_row [7] \u_pe.lanes[0].k_row [7] \u_pe.lanes[0].k_row [7] \u_pe.lanes[0].k_row [7] \u_pe.lanes[0].k_row [7] \u_pe.lanes[0].k_row [7] \u_pe.lanes[0].k_row [7] \u_pe.lanes[0].k_row [7] \u_pe.lanes[0].k_row [7] \u_pe.lanes[0].k_row [7] \u_pe.lanes[0].k_row [7] \u_pe.lanes[0].k_row [7] \u_pe.lanes[0].k_row [7] \u_pe.lanes[0].k_row [7] \u_pe.lanes[0].k_row [7:0] }, Y=$flatten\u_pe.$ternary$/Users/toprakgundogdu/qwen-ffn-rom/rtl/gated_delta_bram.v:126$2610_Y
      New ports: A=$flatten\u_pe.$ternary$/Users/toprakgundogdu/qwen-ffn-rom/rtl/gated_delta_bram.v:127$2609_Y [15:0], B={ \u_pe.lanes[0].k_row [7] \u_pe.lanes[0].k_row [7] \u_pe.lanes[0].k_row [7] \u_pe.lanes[0].k_row [7] \u_pe.lanes[0].k_row [7] \u_pe.lanes[0].k_row [7] \u_pe.lanes[0].k_row [7] \u_pe.lanes[0].k_row [7] \u_pe.lanes[0].k_row [7:0] }, Y=$flatten\u_pe.$ternary$/Users/toprakgundogdu/qwen-ffn-rom/rtl/gated_delta_bram.v:126$2610_Y [15:0]
      New connections: $flatten\u_pe.$ternary$/Users/toprakgundogdu/qwen-ffn-rom/rtl/gated_delta_bram.v:126$2610_Y [31:16] = { $flatten\u_pe.$ternary$/Users/toprakgundogdu/qwen-ffn-rom/rtl/gated_delta_bram.v:126$2610_Y [15] $flatten\u_pe.$ternary$/Users/toprakgundogdu/qwen-ffn-rom/rtl/gated_delta_bram.v:126$2610_Y [15] $flatten\u_pe.$ternary$/Users/toprakgundogdu/qwen-ffn-rom/rtl/gated_delta_bram.v:126$2610_Y [15] $flatten\u_pe.$ternary$/Users/toprakgundogdu/qwen-ffn-rom/rtl/gated_delta_bram.v:126$2610_Y [15] $flatten\u_pe.$ternary$/Users/toprakgundogdu/qwen-ffn-rom/rtl/gated_delta_bram.v:126$2610_Y [15] $flatten\u_pe.$ternary$/Users/toprakgundogdu/qwen-ffn-rom/rtl/gated_delta_bram.v:126$2610_Y [15] $flatten\u_pe.$ternary$/Users/toprakgundogdu/qwen-ffn-rom/rtl/gated_delta_bram.v:126$2610_Y [15] $flatten\u_pe.$ternary$/Users/toprakgundogdu/qwen-ffn-rom/rtl/gated_delta_bram.v:126$2610_Y [15] $flatten\u_pe.$ternary$/Users/toprakgundogdu/qwen-ffn-rom/rtl/gated_delta_bram.v:126$2610_Y [15] $flatten\u_pe.$ternary$/Users/toprakgundogdu/qwen-ffn-rom/rtl/gated_delta_bram.v:126$2610_Y [15] $flatten\u_pe.$ternary$/Users/toprakgundogdu/qwen-ffn-rom/rtl/gated_delta_bram.v:126$2610_Y [15] $flatten\u_pe.$ternary$/Users/toprakgundogdu/qwen-ffn-rom/rtl/gated_delta_bram.v:126$2610_Y [15] $flatten\u_pe.$ternary$/Users/toprakgundogdu/qwen-ffn-rom/rtl/gated_delta_bram.v:126$2610_Y [15] $flatten\u_pe.$ternary$/Users/toprakgundogdu/qwen-ffn-rom/rtl/gated_delta_bram.v:126$2610_Y [15] $flatten\u_pe.$ternary$/Users/toprakgundogdu/qwen-ffn-rom/rtl/gated_delta_bram.v:126$2610_Y [15] $flatten\u_pe.$ternary$/Users/toprakgundogdu/qwen-ffn-rom/rtl/gated_delta_bram.v:126$2610_Y [15] }
    Consolidated identical input bits for $mux cell $flatten\u_pe.$ternary$/Users/toprakgundogdu/qwen-ffn-rom/rtl/gated_delta_bram.v:126$2644:
      Old ports: A=$flatten\u_pe.$ternary$/Users/toprakgundogdu/qwen-ffn-rom/rtl/gated_delta_bram.v:127$2643_Y, B={ \u_pe.lanes[0].k_row [7] \u_pe.lanes[0].k_row [7] \u_pe.lanes[0].k_row [7] \u_pe.lanes[0].k_row [7] \u_pe.lanes[0].k_row [7] \u_pe.lanes[0].k_row [7] \u_pe.lanes[0].k_row [7] \u_pe.lanes[0].k_row [7] \u_pe.lanes[0].k_row [7] \u_pe.lanes[0].k_row [7] \u_pe.lanes[0].k_row [7] \u_pe.lanes[0].k_row [7] \u_pe.lanes[0].k_row [7] \u_pe.lanes[0].k_row [7] \u_pe.lanes[0].k_row [7] \u_pe.lanes[0].k_row [7] \u_pe.lanes[0].k_row [7] \u_pe.lanes[0].k_row [7] \u_pe.lanes[0].k_row [7] \u_pe.lanes[0].k_row [7] \u_pe.lanes[0].k_row [7] \u_pe.lanes[0].k_row [7] \u_pe.lanes[0].k_row [7] \u_pe.lanes[0].k_row [7] \u_pe.lanes[0].k_row [7:0] }, Y=$flatten\u_pe.$ternary$/Users/toprakgundogdu/qwen-ffn-rom/rtl/gated_delta_bram.v:126$2644_Y
      New ports: A=$flatten\u_pe.$ternary$/Users/toprakgundogdu/qwen-ffn-rom/rtl/gated_delta_bram.v:127$2643_Y [15:0], B={ \u_pe.lanes[0].k_row [7] \u_pe.lanes[0].k_row [7] \u_pe.lanes[0].k_row [7] \u_pe.lanes[0].k_row [7] \u_pe.lanes[0].k_row [7] \u_pe.lanes[0].k_row [7] \u_pe.lanes[0].k_row [7] \u_pe.lanes[0].k_row [7] \u_pe.lanes[0].k_row [7:0] }, Y=$flatten\u_pe.$ternary$/Users/toprakgundogdu/qwen-ffn-rom/rtl/gated_delta_bram.v:126$2644_Y [15:0]
      New connections: $flatten\u_pe.$ternary$/Users/toprakgundogdu/qwen-ffn-rom/rtl/gated_delta_bram.v:126$2644_Y [31:16] = { $flatten\u_pe.$ternary$/Users/toprakgundogdu/qwen-ffn-rom/rtl/gated_delta_bram.v:126$2644_Y [15] $flatten\u_pe.$ternary$/Users/toprakgundogdu/qwen-ffn-rom/rtl/gated_delta_bram.v:126$2644_Y [15] $flatten\u_pe.$ternary$/Users/toprakgundogdu/qwen-ffn-rom/rtl/gated_delta_bram.v:126$2644_Y [15] $flatten\u_pe.$ternary$/Users/toprakgundogdu/qwen-ffn-rom/rtl/gated_delta_bram.v:126$2644_Y [15] $flatten\u_pe.$ternary$/Users/toprakgundogdu/qwen-ffn-rom/rtl/gated_delta_bram.v:126$2644_Y [15] $flatten\u_pe.$ternary$/Users/toprakgundogdu/qwen-ffn-rom/rtl/gated_delta_bram.v:126$2644_Y [15] $flatten\u_pe.$ternary$/Users/toprakgundogdu/qwen-ffn-rom/rtl/gated_delta_bram.v:126$2644_Y [15] $flatten\u_pe.$ternary$/Users/toprakgundogdu/qwen-ffn-rom/rtl/gated_delta_bram.v:126$2644_Y [15] $flatten\u_pe.$ternary$/Users/toprakgundogdu/qwen-ffn-rom/rtl/gated_delta_bram.v:126$2644_Y [15] $flatten\u_pe.$ternary$/Users/toprakgundogdu/qwen-ffn-rom/rtl/gated_delta_bram.v:126$2644_Y [15] $flatten\u_pe.$ternary$/Users/toprakgundogdu/qwen-ffn-rom/rtl/gated_delta_bram.v:126$2644_Y [15] $flatten\u_pe.$ternary$/Users/toprakgundogdu/qwen-ffn-rom/rtl/gated_delta_bram.v:126$2644_Y [15] $flatten\u_pe.$ternary$/Users/toprakgundogdu/qwen-ffn-rom/rtl/gated_delta_bram.v:126$2644_Y [15] $flatten\u_pe.$ternary$/Users/toprakgundogdu/qwen-ffn-rom/rtl/gated_delta_bram.v:126$2644_Y [15] $flatten\u_pe.$ternary$/Users/toprakgundogdu/qwen-ffn-rom/rtl/gated_delta_bram.v:126$2644_Y [15] $flatten\u_pe.$ternary$/Users/toprakgundogdu/qwen-ffn-rom/rtl/gated_delta_bram.v:126$2644_Y [15] }
    Consolidated identical input bits for $mux cell $flatten\u_pe.$ternary$/Users/toprakgundogdu/qwen-ffn-rom/rtl/gated_delta_bram.v:126$2678:
      Old ports: A=$flatten\u_pe.$ternary$/Users/toprakgundogdu/qwen-ffn-rom/rtl/gated_delta_bram.v:127$2677_Y, B={ \u_pe.lanes[0].k_row [7] \u_pe.lanes[0].k_row [7] \u_pe.lanes[0].k_row [7] \u_pe.lanes[0].k_row [7] \u_pe.lanes[0].k_row [7] \u_pe.lanes[0].k_row [7] \u_pe.lanes[0].k_row [7] \u_pe.lanes[0].k_row [7] \u_pe.lanes[0].k_row [7] \u_pe.lanes[0].k_row [7] \u_pe.lanes[0].k_row [7] \u_pe.lanes[0].k_row [7] \u_pe.lanes[0].k_row [7] \u_pe.lanes[0].k_row [7] \u_pe.lanes[0].k_row [7] \u_pe.lanes[0].k_row [7] \u_pe.lanes[0].k_row [7] \u_pe.lanes[0].k_row [7] \u_pe.lanes[0].k_row [7] \u_pe.lanes[0].k_row [7] \u_pe.lanes[0].k_row [7] \u_pe.lanes[0].k_row [7] \u_pe.lanes[0].k_row [7] \u_pe.lanes[0].k_row [7] \u_pe.lanes[0].k_row [7:0] }, Y=$flatten\u_pe.$ternary$/Users/toprakgundogdu/qwen-ffn-rom/rtl/gated_delta_bram.v:126$2678_Y
      New ports: A=$flatten\u_pe.$ternary$/Users/toprakgundogdu/qwen-ffn-rom/rtl/gated_delta_bram.v:127$2677_Y [15:0], B={ \u_pe.lanes[0].k_row [7] \u_pe.lanes[0].k_row [7] \u_pe.lanes[0].k_row [7] \u_pe.lanes[0].k_row [7] \u_pe.lanes[0].k_row [7] \u_pe.lanes[0].k_row [7] \u_pe.lanes[0].k_row [7] \u_pe.lanes[0].k_row [7] \u_pe.lanes[0].k_row [7:0] }, Y=$flatten\u_pe.$ternary$/Users/toprakgundogdu/qwen-ffn-rom/rtl/gated_delta_bram.v:126$2678_Y [15:0]
      New connections: $flatten\u_pe.$ternary$/Users/toprakgundogdu/qwen-ffn-rom/rtl/gated_delta_bram.v:126$2678_Y [31:16] = { $flatten\u_pe.$ternary$/Users/toprakgundogdu/qwen-ffn-rom/rtl/gated_delta_bram.v:126$2678_Y [15] $flatten\u_pe.$ternary$/Users/toprakgundogdu/qwen-ffn-rom/rtl/gated_delta_bram.v:126$2678_Y [15] $flatten\u_pe.$ternary$/Users/toprakgundogdu/qwen-ffn-rom/rtl/gated_delta_bram.v:126$2678_Y [15] $flatten\u_pe.$ternary$/Users/toprakgundogdu/qwen-ffn-rom/rtl/gated_delta_bram.v:126$2678_Y [15] $flatten\u_pe.$ternary$/Users/toprakgundogdu/qwen-ffn-rom/rtl/gated_delta_bram.v:126$2678_Y [15] $flatten\u_pe.$ternary$/Users/toprakgundogdu/qwen-ffn-rom/rtl/gated_delta_bram.v:126$2678_Y [15] $flatten\u_pe.$ternary$/Users/toprakgundogdu/qwen-ffn-rom/rtl/gated_delta_bram.v:126$2678_Y [15] $flatten\u_pe.$ternary$/Users/toprakgundogdu/qwen-ffn-rom/rtl/gated_delta_bram.v:126$2678_Y [15] $flatten\u_pe.$ternary$/Users/toprakgundogdu/qwen-ffn-rom/rtl/gated_delta_bram.v:126$2678_Y [15] $flatten\u_pe.$ternary$/Users/toprakgundogdu/qwen-ffn-rom/rtl/gated_delta_bram.v:126$2678_Y [15] $flatten\u_pe.$ternary$/Users/toprakgundogdu/qwen-ffn-rom/rtl/gated_delta_bram.v:126$2678_Y [15] $flatten\u_pe.$ternary$/Users/toprakgundogdu/qwen-ffn-rom/rtl/gated_delta_bram.v:126$2678_Y [15] $flatten\u_pe.$ternary$/Users/toprakgundogdu/qwen-ffn-rom/rtl/gated_delta_bram.v:126$2678_Y [15] $flatten\u_pe.$ternary$/Users/toprakgundogdu/qwen-ffn-rom/rtl/gated_delta_bram.v:126$2678_Y [15] $flatten\u_pe.$ternary$/Users/toprakgundogdu/qwen-ffn-rom/rtl/gated_delta_bram.v:126$2678_Y [15] $flatten\u_pe.$ternary$/Users/toprakgundogdu/qwen-ffn-rom/rtl/gated_delta_bram.v:126$2678_Y [15] }
    Consolidated identical input bits for $mux cell $flatten\u_pe.$ternary$/Users/toprakgundogdu/qwen-ffn-rom/rtl/gated_delta_bram.v:132$2177:
      Old ports: A=$flatten\u_pe.$ternary$/Users/toprakgundogdu/qwen-ffn-rom/rtl/gated_delta_bram.v:133$2176_Y, B={ \u_pe.delta[0] [23] \u_pe.delta[0] [23] \u_pe.delta[0] [23] \u_pe.delta[0] [23] \u_pe.delta[0] [23] \u_pe.delta[0] [23] \u_pe.delta[0] [23] \u_pe.delta[0] [23] \u_pe.delta[0] [23:0] }, Y=$flatten\u_pe.$ternary$/Users/toprakgundogdu/qwen-ffn-rom/rtl/gated_delta_bram.v:132$2177_Y
      New ports: A={ $flatten\u_pe.$ternary$/Users/toprakgundogdu/qwen-ffn-rom/rtl/gated_delta_bram.v:133$2176_Y [7] $flatten\u_pe.$ternary$/Users/toprakgundogdu/qwen-ffn-rom/rtl/gated_delta_bram.v:133$2176_Y [7] $flatten\u_pe.$ternary$/Users/toprakgundogdu/qwen-ffn-rom/rtl/gated_delta_bram.v:133$2176_Y [7] $flatten\u_pe.$ternary$/Users/toprakgundogdu/qwen-ffn-rom/rtl/gated_delta_bram.v:133$2176_Y [7] $flatten\u_pe.$ternary$/Users/toprakgundogdu/qwen-ffn-rom/rtl/gated_delta_bram.v:133$2176_Y [7] $flatten\u_pe.$ternary$/Users/toprakgundogdu/qwen-ffn-rom/rtl/gated_delta_bram.v:133$2176_Y [7] $flatten\u_pe.$ternary$/Users/toprakgundogdu/qwen-ffn-rom/rtl/gated_delta_bram.v:133$2176_Y [7] $flatten\u_pe.$ternary$/Users/toprakgundogdu/qwen-ffn-rom/rtl/gated_delta_bram.v:133$2176_Y [7] $flatten\u_pe.$ternary$/Users/toprakgundogdu/qwen-ffn-rom/rtl/gated_delta_bram.v:133$2176_Y [7] $flatten\u_pe.$ternary$/Users/toprakgundogdu/qwen-ffn-rom/rtl/gated_delta_bram.v:133$2176_Y [7] $flatten\u_pe.$ternary$/Users/toprakgundogdu/qwen-ffn-rom/rtl/gated_delta_bram.v:133$2176_Y [7] $flatten\u_pe.$ternary$/Users/toprakgundogdu/qwen-ffn-rom/rtl/gated_delta_bram.v:133$2176_Y [7] $flatten\u_pe.$ternary$/Users/toprakgundogdu/qwen-ffn-rom/rtl/gated_delta_bram.v:133$2176_Y [7] $flatten\u_pe.$ternary$/Users/toprakgundogdu/qwen-ffn-rom/rtl/gated_delta_bram.v:133$2176_Y [7] $flatten\u_pe.$ternary$/Users/toprakgundogdu/qwen-ffn-rom/rtl/gated_delta_bram.v:133$2176_Y [7] $flatten\u_pe.$ternary$/Users/toprakgundogdu/qwen-ffn-rom/rtl/gated_delta_bram.v:133$2176_Y [7] $flatten\u_pe.$ternary$/Users/toprakgundogdu/qwen-ffn-rom/rtl/gated_delta_bram.v:133$2176_Y [7:0] }, B=\u_pe.delta[0] [23:0], Y=$flatten\u_pe.$ternary$/Users/toprakgundogdu/qwen-ffn-rom/rtl/gated_delta_bram.v:132$2177_Y [23:0]
      New connections: $flatten\u_pe.$ternary$/Users/toprakgundogdu/qwen-ffn-rom/rtl/gated_delta_bram.v:132$2177_Y [31:24] = { $flatten\u_pe.$ternary$/Users/toprakgundogdu/qwen-ffn-rom/rtl/gated_delta_bram.v:132$2177_Y [23] $flatten\u_pe.$ternary$/Users/toprakgundogdu/qwen-ffn-rom/rtl/gated_delta_bram.v:132$2177_Y [23] $flatten\u_pe.$ternary$/Users/toprakgundogdu/qwen-ffn-rom/rtl/gated_delta_bram.v:132$2177_Y [23] $flatten\u_pe.$ternary$/Users/toprakgundogdu/qwen-ffn-rom/rtl/gated_delta_bram.v:132$2177_Y [23] $flatten\u_pe.$ternary$/Users/toprakgundogdu/qwen-ffn-rom/rtl/gated_delta_bram.v:132$2177_Y [23] $flatten\u_pe.$ternary$/Users/toprakgundogdu/qwen-ffn-rom/rtl/gated_delta_bram.v:132$2177_Y [23] $flatten\u_pe.$ternary$/Users/toprakgundogdu/qwen-ffn-rom/rtl/gated_delta_bram.v:132$2177_Y [23] $flatten\u_pe.$ternary$/Users/toprakgundogdu/qwen-ffn-rom/rtl/gated_delta_bram.v:132$2177_Y [23] }
    Consolidated identical input bits for $mux cell $flatten\u_pe.$ternary$/Users/toprakgundogdu/qwen-ffn-rom/rtl/gated_delta_bram.v:132$2211:
      Old ports: A=$flatten\u_pe.$ternary$/Users/toprakgundogdu/qwen-ffn-rom/rtl/gated_delta_bram.v:133$2176_Y, B={ \u_pe.delta[1] [23] \u_pe.delta[1] [23] \u_pe.delta[1] [23] \u_pe.delta[1] [23] \u_pe.delta[1] [23] \u_pe.delta[1] [23] \u_pe.delta[1] [23] \u_pe.delta[1] [23] \u_pe.delta[1] [23:0] }, Y=$flatten\u_pe.$ternary$/Users/toprakgundogdu/qwen-ffn-rom/rtl/gated_delta_bram.v:132$2211_Y
      New ports: A={ $flatten\u_pe.$ternary$/Users/toprakgundogdu/qwen-ffn-rom/rtl/gated_delta_bram.v:133$2176_Y [7] $flatten\u_pe.$ternary$/Users/toprakgundogdu/qwen-ffn-rom/rtl/gated_delta_bram.v:133$2176_Y [7] $flatten\u_pe.$ternary$/Users/toprakgundogdu/qwen-ffn-rom/rtl/gated_delta_bram.v:133$2176_Y [7] $flatten\u_pe.$ternary$/Users/toprakgundogdu/qwen-ffn-rom/rtl/gated_delta_bram.v:133$2176_Y [7] $flatten\u_pe.$ternary$/Users/toprakgundogdu/qwen-ffn-rom/rtl/gated_delta_bram.v:133$2176_Y [7] $flatten\u_pe.$ternary$/Users/toprakgundogdu/qwen-ffn-rom/rtl/gated_delta_bram.v:133$2176_Y [7] $flatten\u_pe.$ternary$/Users/toprakgundogdu/qwen-ffn-rom/rtl/gated_delta_bram.v:133$2176_Y [7] $flatten\u_pe.$ternary$/Users/toprakgundogdu/qwen-ffn-rom/rtl/gated_delta_bram.v:133$2176_Y [7] $flatten\u_pe.$ternary$/Users/toprakgundogdu/qwen-ffn-rom/rtl/gated_delta_bram.v:133$2176_Y [7] $flatten\u_pe.$ternary$/Users/toprakgundogdu/qwen-ffn-rom/rtl/gated_delta_bram.v:133$2176_Y [7] $flatten\u_pe.$ternary$/Users/toprakgundogdu/qwen-ffn-rom/rtl/gated_delta_bram.v:133$2176_Y [7] $flatten\u_pe.$ternary$/Users/toprakgundogdu/qwen-ffn-rom/rtl/gated_delta_bram.v:133$2176_Y [7] $flatten\u_pe.$ternary$/Users/toprakgundogdu/qwen-ffn-rom/rtl/gated_delta_bram.v:133$2176_Y [7] $flatten\u_pe.$ternary$/Users/toprakgundogdu/qwen-ffn-rom/rtl/gated_delta_bram.v:133$2176_Y [7] $flatten\u_pe.$ternary$/Users/toprakgundogdu/qwen-ffn-rom/rtl/gated_delta_bram.v:133$2176_Y [7] $flatten\u_pe.$ternary$/Users/toprakgundogdu/qwen-ffn-rom/rtl/gated_delta_bram.v:133$2176_Y [7] $flatten\u_pe.$ternary$/Users/toprakgundogdu/qwen-ffn-rom/rtl/gated_delta_bram.v:133$2176_Y [7:0] }, B=\u_pe.delta[1] [23:0], Y=$flatten\u_pe.$ternary$/Users/toprakgundogdu/qwen-ffn-rom/rtl/gated_delta_bram.v:132$2211_Y [23:0]
      New connections: $flatten\u_pe.$ternary$/Users/toprakgundogdu/qwen-ffn-rom/rtl/gated_delta_bram.v:132$2211_Y [31:24] = { $flatten\u_pe.$ternary$/Users/toprakgundogdu/qwen-ffn-rom/rtl/gated_delta_bram.v:132$2211_Y [23] $flatten\u_pe.$ternary$/Users/toprakgundogdu/qwen-ffn-rom/rtl/gated_delta_bram.v:132$2211_Y [23] $flatten\u_pe.$ternary$/Users/toprakgundogdu/qwen-ffn-rom/rtl/gated_delta_bram.v:132$2211_Y [23] $flatten\u_pe.$ternary$/Users/toprakgundogdu/qwen-ffn-rom/rtl/gated_delta_bram.v:132$2211_Y [23] $flatten\u_pe.$ternary$/Users/toprakgundogdu/qwen-ffn-rom/rtl/gated_delta_bram.v:132$2211_Y [23] $flatten\u_pe.$ternary$/Users/toprakgundogdu/qwen-ffn-rom/rtl/gated_delta_bram.v:132$2211_Y [23] $flatten\u_pe.$ternary$/Users/toprakgundogdu/qwen-ffn-rom/rtl/gated_delta_bram.v:132$2211_Y [23] $flatten\u_pe.$ternary$/Users/toprakgundogdu/qwen-ffn-rom/rtl/gated_delta_bram.v:132$2211_Y [23] }
    Consolidated identical input bits for $mux cell $flatten\u_pe.$ternary$/Users/toprakgundogdu/qwen-ffn-rom/rtl/gated_delta_bram.v:132$2245:
      Old ports: A=$flatten\u_pe.$ternary$/Users/toprakgundogdu/qwen-ffn-rom/rtl/gated_delta_bram.v:133$2176_Y, B={ \u_pe.delta[2] [23] \u_pe.delta[2] [23] \u_pe.delta[2] [23] \u_pe.delta[2] [23] \u_pe.delta[2] [23] \u_pe.delta[2] [23] \u_pe.delta[2] [23] \u_pe.delta[2] [23] \u_pe.delta[2] [23:0] }, Y=$flatten\u_pe.$ternary$/Users/toprakgundogdu/qwen-ffn-rom/rtl/gated_delta_bram.v:132$2245_Y
      New ports: A={ $flatten\u_pe.$ternary$/Users/toprakgundogdu/qwen-ffn-rom/rtl/gated_delta_bram.v:133$2176_Y [7] $flatten\u_pe.$ternary$/Users/toprakgundogdu/qwen-ffn-rom/rtl/gated_delta_bram.v:133$2176_Y [7] $flatten\u_pe.$ternary$/Users/toprakgundogdu/qwen-ffn-rom/rtl/gated_delta_bram.v:133$2176_Y [7] $flatten\u_pe.$ternary$/Users/toprakgundogdu/qwen-ffn-rom/rtl/gated_delta_bram.v:133$2176_Y [7] $flatten\u_pe.$ternary$/Users/toprakgundogdu/qwen-ffn-rom/rtl/gated_delta_bram.v:133$2176_Y [7] $flatten\u_pe.$ternary$/Users/toprakgundogdu/qwen-ffn-rom/rtl/gated_delta_bram.v:133$2176_Y [7] $flatten\u_pe.$ternary$/Users/toprakgundogdu/qwen-ffn-rom/rtl/gated_delta_bram.v:133$2176_Y [7] $flatten\u_pe.$ternary$/Users/toprakgundogdu/qwen-ffn-rom/rtl/gated_delta_bram.v:133$2176_Y [7] $flatten\u_pe.$ternary$/Users/toprakgundogdu/qwen-ffn-rom/rtl/gated_delta_bram.v:133$2176_Y [7] $flatten\u_pe.$ternary$/Users/toprakgundogdu/qwen-ffn-rom/rtl/gated_delta_bram.v:133$2176_Y [7] $flatten\u_pe.$ternary$/Users/toprakgundogdu/qwen-ffn-rom/rtl/gated_delta_bram.v:133$2176_Y [7] $flatten\u_pe.$ternary$/Users/toprakgundogdu/qwen-ffn-rom/rtl/gated_delta_bram.v:133$2176_Y [7] $flatten\u_pe.$ternary$/Users/toprakgundogdu/qwen-ffn-rom/rtl/gated_delta_bram.v:133$2176_Y [7] $flatten\u_pe.$ternary$/Users/toprakgundogdu/qwen-ffn-rom/rtl/gated_delta_bram.v:133$2176_Y [7] $flatten\u_pe.$ternary$/Users/toprakgundogdu/qwen-ffn-rom/rtl/gated_delta_bram.v:133$2176_Y [7] $flatten\u_pe.$ternary$/Users/toprakgundogdu/qwen-ffn-rom/rtl/gated_delta_bram.v:133$2176_Y [7] $flatten\u_pe.$ternary$/Users/toprakgundogdu/qwen-ffn-rom/rtl/gated_delta_bram.v:133$2176_Y [7:0] }, B=\u_pe.delta[2] [23:0], Y=$flatten\u_pe.$ternary$/Users/toprakgundogdu/qwen-ffn-rom/rtl/gated_delta_bram.v:132$2245_Y [23:0]
      New connections: $flatten\u_pe.$ternary$/Users/toprakgundogdu/qwen-ffn-rom/rtl/gated_delta_bram.v:132$2245_Y [31:24] = { $flatten\u_pe.$ternary$/Users/toprakgundogdu/qwen-ffn-rom/rtl/gated_delta_bram.v:132$2245_Y [23] $flatten\u_pe.$ternary$/Users/toprakgundogdu/qwen-ffn-rom/rtl/gated_delta_bram.v:132$2245_Y [23] $flatten\u_pe.$ternary$/Users/toprakgundogdu/qwen-ffn-rom/rtl/gated_delta_bram.v:132$2245_Y [23] $flatten\u_pe.$ternary$/Users/toprakgundogdu/qwen-ffn-rom/rtl/gated_delta_bram.v:132$2245_Y [23] $flatten\u_pe.$ternary$/Users/toprakgundogdu/qwen-ffn-rom/rtl/gated_delta_bram.v:132$2245_Y [23] $flatten\u_pe.$ternary$/Users/toprakgundogdu/qwen-ffn-rom/rtl/gated_delta_bram.v:132$2245_Y [23] $flatten\u_pe.$ternary$/Users/toprakgundogdu/qwen-ffn-rom/rtl/gated_delta_bram.v:132$2245_Y [23] $flatten\u_pe.$ternary$/Users/toprakgundogdu/qwen-ffn-rom/rtl/gated_delta_bram.v:132$2245_Y [23] }
    Consolidated identical input bits for $mux cell $flatten\u_pe.$ternary$/Users/toprakgundogdu/qwen-ffn-rom/rtl/gated_delta_bram.v:132$2279:
      Old ports: A=$flatten\u_pe.$ternary$/Users/toprakgundogdu/qwen-ffn-rom/rtl/gated_delta_bram.v:133$2176_Y, B={ \u_pe.delta[3] [23] \u_pe.delta[3] [23] \u_pe.delta[3] [23] \u_pe.delta[3] [23] \u_pe.delta[3] [23] \u_pe.delta[3] [23] \u_pe.delta[3] [23] \u_pe.delta[3] [23] \u_pe.delta[3] [23:0] }, Y=$flatten\u_pe.$ternary$/Users/toprakgundogdu/qwen-ffn-rom/rtl/gated_delta_bram.v:132$2279_Y
      New ports: A={ $flatten\u_pe.$ternary$/Users/toprakgundogdu/qwen-ffn-rom/rtl/gated_delta_bram.v:133$2176_Y [7] $flatten\u_pe.$ternary$/Users/toprakgundogdu/qwen-ffn-rom/rtl/gated_delta_bram.v:133$2176_Y [7] $flatten\u_pe.$ternary$/Users/toprakgundogdu/qwen-ffn-rom/rtl/gated_delta_bram.v:133$2176_Y [7] $flatten\u_pe.$ternary$/Users/toprakgundogdu/qwen-ffn-rom/rtl/gated_delta_bram.v:133$2176_Y [7] $flatten\u_pe.$ternary$/Users/toprakgundogdu/qwen-ffn-rom/rtl/gated_delta_bram.v:133$2176_Y [7] $flatten\u_pe.$ternary$/Users/toprakgundogdu/qwen-ffn-rom/rtl/gated_delta_bram.v:133$2176_Y [7] $flatten\u_pe.$ternary$/Users/toprakgundogdu/qwen-ffn-rom/rtl/gated_delta_bram.v:133$2176_Y [7] $flatten\u_pe.$ternary$/Users/toprakgundogdu/qwen-ffn-rom/rtl/gated_delta_bram.v:133$2176_Y [7] $flatten\u_pe.$ternary$/Users/toprakgundogdu/qwen-ffn-rom/rtl/gated_delta_bram.v:133$2176_Y [7] $flatten\u_pe.$ternary$/Users/toprakgundogdu/qwen-ffn-rom/rtl/gated_delta_bram.v:133$2176_Y [7] $flatten\u_pe.$ternary$/Users/toprakgundogdu/qwen-ffn-rom/rtl/gated_delta_bram.v:133$2176_Y [7] $flatten\u_pe.$ternary$/Users/toprakgundogdu/qwen-ffn-rom/rtl/gated_delta_bram.v:133$2176_Y [7] $flatten\u_pe.$ternary$/Users/toprakgundogdu/qwen-ffn-rom/rtl/gated_delta_bram.v:133$2176_Y [7] $flatten\u_pe.$ternary$/Users/toprakgundogdu/qwen-ffn-rom/rtl/gated_delta_bram.v:133$2176_Y [7] $flatten\u_pe.$ternary$/Users/toprakgundogdu/qwen-ffn-rom/rtl/gated_delta_bram.v:133$2176_Y [7] $flatten\u_pe.$ternary$/Users/toprakgundogdu/qwen-ffn-rom/rtl/gated_delta_bram.v:133$2176_Y [7] $flatten\u_pe.$ternary$/Users/toprakgundogdu/qwen-ffn-rom/rtl/gated_delta_bram.v:133$2176_Y [7:0] }, B=\u_pe.delta[3] [23:0], Y=$flatten\u_pe.$ternary$/Users/toprakgundogdu/qwen-ffn-rom/rtl/gated_delta_bram.v:132$2279_Y [23:0]
      New connections: $flatten\u_pe.$ternary$/Users/toprakgundogdu/qwen-ffn-rom/rtl/gated_delta_bram.v:132$2279_Y [31:24] = { $flatten\u_pe.$ternary$/Users/toprakgundogdu/qwen-ffn-rom/rtl/gated_delta_bram.v:132$2279_Y [23] $flatten\u_pe.$ternary$/Users/toprakgundogdu/qwen-ffn-rom/rtl/gated_delta_bram.v:132$2279_Y [23] $flatten\u_pe.$ternary$/Users/toprakgundogdu/qwen-ffn-rom/rtl/gated_delta_bram.v:132$2279_Y [23] $flatten\u_pe.$ternary$/Users/toprakgundogdu/qwen-ffn-rom/rtl/gated_delta_bram.v:132$2279_Y [23] $flatten\u_pe.$ternary$/Users/toprakgundogdu/qwen-ffn-rom/rtl/gated_delta_bram.v:132$2279_Y [23] $flatten\u_pe.$ternary$/Users/toprakgundogdu/qwen-ffn-rom/rtl/gated_delta_bram.v:132$2279_Y [23] $flatten\u_pe.$ternary$/Users/toprakgundogdu/qwen-ffn-rom/rtl/gated_delta_bram.v:132$2279_Y [23] $flatten\u_pe.$ternary$/Users/toprakgundogdu/qwen-ffn-rom/rtl/gated_delta_bram.v:132$2279_Y [23] }
    Consolidated identical input bits for $mux cell $flatten\u_pe.$ternary$/Users/toprakgundogdu/qwen-ffn-rom/rtl/gated_delta_bram.v:132$2313:
      Old ports: A=$flatten\u_pe.$ternary$/Users/toprakgundogdu/qwen-ffn-rom/rtl/gated_delta_bram.v:133$2176_Y, B={ \u_pe.delta[4] [23] \u_pe.delta[4] [23] \u_pe.delta[4] [23] \u_pe.delta[4] [23] \u_pe.delta[4] [23] \u_pe.delta[4] [23] \u_pe.delta[4] [23] \u_pe.delta[4] [23] \u_pe.delta[4] [23:0] }, Y=$flatten\u_pe.$ternary$/Users/toprakgundogdu/qwen-ffn-rom/rtl/gated_delta_bram.v:132$2313_Y
      New ports: A={ $flatten\u_pe.$ternary$/Users/toprakgundogdu/qwen-ffn-rom/rtl/gated_delta_bram.v:133$2176_Y [7] $flatten\u_pe.$ternary$/Users/toprakgundogdu/qwen-ffn-rom/rtl/gated_delta_bram.v:133$2176_Y [7] $flatten\u_pe.$ternary$/Users/toprakgundogdu/qwen-ffn-rom/rtl/gated_delta_bram.v:133$2176_Y [7] $flatten\u_pe.$ternary$/Users/toprakgundogdu/qwen-ffn-rom/rtl/gated_delta_bram.v:133$2176_Y [7] $flatten\u_pe.$ternary$/Users/toprakgundogdu/qwen-ffn-rom/rtl/gated_delta_bram.v:133$2176_Y [7] $flatten\u_pe.$ternary$/Users/toprakgundogdu/qwen-ffn-rom/rtl/gated_delta_bram.v:133$2176_Y [7] $flatten\u_pe.$ternary$/Users/toprakgundogdu/qwen-ffn-rom/rtl/gated_delta_bram.v:133$2176_Y [7] $flatten\u_pe.$ternary$/Users/toprakgundogdu/qwen-ffn-rom/rtl/gated_delta_bram.v:133$2176_Y [7] $flatten\u_pe.$ternary$/Users/toprakgundogdu/qwen-ffn-rom/rtl/gated_delta_bram.v:133$2176_Y [7] $flatten\u_pe.$ternary$/Users/toprakgundogdu/qwen-ffn-rom/rtl/gated_delta_bram.v:133$2176_Y [7] $flatten\u_pe.$ternary$/Users/toprakgundogdu/qwen-ffn-rom/rtl/gated_delta_bram.v:133$2176_Y [7] $flatten\u_pe.$ternary$/Users/toprakgundogdu/qwen-ffn-rom/rtl/gated_delta_bram.v:133$2176_Y [7] $flatten\u_pe.$ternary$/Users/toprakgundogdu/qwen-ffn-rom/rtl/gated_delta_bram.v:133$2176_Y [7] $flatten\u_pe.$ternary$/Users/toprakgundogdu/qwen-ffn-rom/rtl/gated_delta_bram.v:133$2176_Y [7] $flatten\u_pe.$ternary$/Users/toprakgundogdu/qwen-ffn-rom/rtl/gated_delta_bram.v:133$2176_Y [7] $flatten\u_pe.$ternary$/Users/toprakgundogdu/qwen-ffn-rom/rtl/gated_delta_bram.v:133$2176_Y [7] $flatten\u_pe.$ternary$/Users/toprakgundogdu/qwen-ffn-rom/rtl/gated_delta_bram.v:133$2176_Y [7:0] }, B=\u_pe.delta[4] [23:0], Y=$flatten\u_pe.$ternary$/Users/toprakgundogdu/qwen-ffn-rom/rtl/gated_delta_bram.v:132$2313_Y [23:0]
      New connections: $flatten\u_pe.$ternary$/Users/toprakgundogdu/qwen-ffn-rom/rtl/gated_delta_bram.v:132$2313_Y [31:24] = { $flatten\u_pe.$ternary$/Users/toprakgundogdu/qwen-ffn-rom/rtl/gated_delta_bram.v:132$2313_Y [23] $flatten\u_pe.$ternary$/Users/toprakgundogdu/qwen-ffn-rom/rtl/gated_delta_bram.v:132$2313_Y [23] $flatten\u_pe.$ternary$/Users/toprakgundogdu/qwen-ffn-rom/rtl/gated_delta_bram.v:132$2313_Y [23] $flatten\u_pe.$ternary$/Users/toprakgundogdu/qwen-ffn-rom/rtl/gated_delta_bram.v:132$2313_Y [23] $flatten\u_pe.$ternary$/Users/toprakgundogdu/qwen-ffn-rom/rtl/gated_delta_bram.v:132$2313_Y [23] $flatten\u_pe.$ternary$/Users/toprakgundogdu/qwen-ffn-rom/rtl/gated_delta_bram.v:132$2313_Y [23] $flatten\u_pe.$ternary$/Users/toprakgundogdu/qwen-ffn-rom/rtl/gated_delta_bram.v:132$2313_Y [23] $flatten\u_pe.$ternary$/Users/toprakgundogdu/qwen-ffn-rom/rtl/gated_delta_bram.v:132$2313_Y [23] }
    Consolidated identical input bits for $mux cell $flatten\u_pe.$ternary$/Users/toprakgundogdu/qwen-ffn-rom/rtl/gated_delta_bram.v:132$2347:
      Old ports: A=$flatten\u_pe.$ternary$/Users/toprakgundogdu/qwen-ffn-rom/rtl/gated_delta_bram.v:133$2176_Y, B={ \u_pe.delta[5] [23] \u_pe.delta[5] [23] \u_pe.delta[5] [23] \u_pe.delta[5] [23] \u_pe.delta[5] [23] \u_pe.delta[5] [23] \u_pe.delta[5] [23] \u_pe.delta[5] [23] \u_pe.delta[5] [23:0] }, Y=$flatten\u_pe.$ternary$/Users/toprakgundogdu/qwen-ffn-rom/rtl/gated_delta_bram.v:132$2347_Y
      New ports: A={ $flatten\u_pe.$ternary$/Users/toprakgundogdu/qwen-ffn-rom/rtl/gated_delta_bram.v:133$2176_Y [7] $flatten\u_pe.$ternary$/Users/toprakgundogdu/qwen-ffn-rom/rtl/gated_delta_bram.v:133$2176_Y [7] $flatten\u_pe.$ternary$/Users/toprakgundogdu/qwen-ffn-rom/rtl/gated_delta_bram.v:133$2176_Y [7] $flatten\u_pe.$ternary$/Users/toprakgundogdu/qwen-ffn-rom/rtl/gated_delta_bram.v:133$2176_Y [7] $flatten\u_pe.$ternary$/Users/toprakgundogdu/qwen-ffn-rom/rtl/gated_delta_bram.v:133$2176_Y [7] $flatten\u_pe.$ternary$/Users/toprakgundogdu/qwen-ffn-rom/rtl/gated_delta_bram.v:133$2176_Y [7] $flatten\u_pe.$ternary$/Users/toprakgundogdu/qwen-ffn-rom/rtl/gated_delta_bram.v:133$2176_Y [7] $flatten\u_pe.$ternary$/Users/toprakgundogdu/qwen-ffn-rom/rtl/gated_delta_bram.v:133$2176_Y [7] $flatten\u_pe.$ternary$/Users/toprakgundogdu/qwen-ffn-rom/rtl/gated_delta_bram.v:133$2176_Y [7] $flatten\u_pe.$ternary$/Users/toprakgundogdu/qwen-ffn-rom/rtl/gated_delta_bram.v:133$2176_Y [7] $flatten\u_pe.$ternary$/Users/toprakgundogdu/qwen-ffn-rom/rtl/gated_delta_bram.v:133$2176_Y [7] $flatten\u_pe.$ternary$/Users/toprakgundogdu/qwen-ffn-rom/rtl/gated_delta_bram.v:133$2176_Y [7] $flatten\u_pe.$ternary$/Users/toprakgundogdu/qwen-ffn-rom/rtl/gated_delta_bram.v:133$2176_Y [7] $flatten\u_pe.$ternary$/Users/toprakgundogdu/qwen-ffn-rom/rtl/gated_delta_bram.v:133$2176_Y [7] $flatten\u_pe.$ternary$/Users/toprakgundogdu/qwen-ffn-rom/rtl/gated_delta_bram.v:133$2176_Y [7] $flatten\u_pe.$ternary$/Users/toprakgundogdu/qwen-ffn-rom/rtl/gated_delta_bram.v:133$2176_Y [7] $flatten\u_pe.$ternary$/Users/toprakgundogdu/qwen-ffn-rom/rtl/gated_delta_bram.v:133$2176_Y [7:0] }, B=\u_pe.delta[5] [23:0], Y=$flatten\u_pe.$ternary$/Users/toprakgundogdu/qwen-ffn-rom/rtl/gated_delta_bram.v:132$2347_Y [23:0]
      New connections: $flatten\u_pe.$ternary$/Users/toprakgundogdu/qwen-ffn-rom/rtl/gated_delta_bram.v:132$2347_Y [31:24] = { $flatten\u_pe.$ternary$/Users/toprakgundogdu/qwen-ffn-rom/rtl/gated_delta_bram.v:132$2347_Y [23] $flatten\u_pe.$ternary$/Users/toprakgundogdu/qwen-ffn-rom/rtl/gated_delta_bram.v:132$2347_Y [23] $flatten\u_pe.$ternary$/Users/toprakgundogdu/qwen-ffn-rom/rtl/gated_delta_bram.v:132$2347_Y [23] $flatten\u_pe.$ternary$/Users/toprakgundogdu/qwen-ffn-rom/rtl/gated_delta_bram.v:132$2347_Y [23] $flatten\u_pe.$ternary$/Users/toprakgundogdu/qwen-ffn-rom/rtl/gated_delta_bram.v:132$2347_Y [23] $flatten\u_pe.$ternary$/Users/toprakgundogdu/qwen-ffn-rom/rtl/gated_delta_bram.v:132$2347_Y [23] $flatten\u_pe.$ternary$/Users/toprakgundogdu/qwen-ffn-rom/rtl/gated_delta_bram.v:132$2347_Y [23] $flatten\u_pe.$ternary$/Users/toprakgundogdu/qwen-ffn-rom/rtl/gated_delta_bram.v:132$2347_Y [23] }
    Consolidated identical input bits for $mux cell $flatten\u_pe.$ternary$/Users/toprakgundogdu/qwen-ffn-rom/rtl/gated_delta_bram.v:132$2381:
      Old ports: A=$flatten\u_pe.$ternary$/Users/toprakgundogdu/qwen-ffn-rom/rtl/gated_delta_bram.v:133$2176_Y, B={ \u_pe.delta[6] [23] \u_pe.delta[6] [23] \u_pe.delta[6] [23] \u_pe.delta[6] [23] \u_pe.delta[6] [23] \u_pe.delta[6] [23] \u_pe.delta[6] [23] \u_pe.delta[6] [23] \u_pe.delta[6] [23:0] }, Y=$flatten\u_pe.$ternary$/Users/toprakgundogdu/qwen-ffn-rom/rtl/gated_delta_bram.v:132$2381_Y
      New ports: A={ $flatten\u_pe.$ternary$/Users/toprakgundogdu/qwen-ffn-rom/rtl/gated_delta_bram.v:133$2176_Y [7] $flatten\u_pe.$ternary$/Users/toprakgundogdu/qwen-ffn-rom/rtl/gated_delta_bram.v:133$2176_Y [7] $flatten\u_pe.$ternary$/Users/toprakgundogdu/qwen-ffn-rom/rtl/gated_delta_bram.v:133$2176_Y [7] $flatten\u_pe.$ternary$/Users/toprakgundogdu/qwen-ffn-rom/rtl/gated_delta_bram.v:133$2176_Y [7] $flatten\u_pe.$ternary$/Users/toprakgundogdu/qwen-ffn-rom/rtl/gated_delta_bram.v:133$2176_Y [7] $flatten\u_pe.$ternary$/Users/toprakgundogdu/qwen-ffn-rom/rtl/gated_delta_bram.v:133$2176_Y [7] $flatten\u_pe.$ternary$/Users/toprakgundogdu/qwen-ffn-rom/rtl/gated_delta_bram.v:133$2176_Y [7] $flatten\u_pe.$ternary$/Users/toprakgundogdu/qwen-ffn-rom/rtl/gated_delta_bram.v:133$2176_Y [7] $flatten\u_pe.$ternary$/Users/toprakgundogdu/qwen-ffn-rom/rtl/gated_delta_bram.v:133$2176_Y [7] $flatten\u_pe.$ternary$/Users/toprakgundogdu/qwen-ffn-rom/rtl/gated_delta_bram.v:133$2176_Y [7] $flatten\u_pe.$ternary$/Users/toprakgundogdu/qwen-ffn-rom/rtl/gated_delta_bram.v:133$2176_Y [7] $flatten\u_pe.$ternary$/Users/toprakgundogdu/qwen-ffn-rom/rtl/gated_delta_bram.v:133$2176_Y [7] $flatten\u_pe.$ternary$/Users/toprakgundogdu/qwen-ffn-rom/rtl/gated_delta_bram.v:133$2176_Y [7] $flatten\u_pe.$ternary$/Users/toprakgundogdu/qwen-ffn-rom/rtl/gated_delta_bram.v:133$2176_Y [7] $flatten\u_pe.$ternary$/Users/toprakgundogdu/qwen-ffn-rom/rtl/gated_delta_bram.v:133$2176_Y [7] $flatten\u_pe.$ternary$/Users/toprakgundogdu/qwen-ffn-rom/rtl/gated_delta_bram.v:133$2176_Y [7] $flatten\u_pe.$ternary$/Users/toprakgundogdu/qwen-ffn-rom/rtl/gated_delta_bram.v:133$2176_Y [7:0] }, B=\u_pe.delta[6] [23:0], Y=$flatten\u_pe.$ternary$/Users/toprakgundogdu/qwen-ffn-rom/rtl/gated_delta_bram.v:132$2381_Y [23:0]
      New connections: $flatten\u_pe.$ternary$/Users/toprakgundogdu/qwen-ffn-rom/rtl/gated_delta_bram.v:132$2381_Y [31:24] = { $flatten\u_pe.$ternary$/Users/toprakgundogdu/qwen-ffn-rom/rtl/gated_delta_bram.v:132$2381_Y [23] $flatten\u_pe.$ternary$/Users/toprakgundogdu/qwen-ffn-rom/rtl/gated_delta_bram.v:132$2381_Y [23] $flatten\u_pe.$ternary$/Users/toprakgundogdu/qwen-ffn-rom/rtl/gated_delta_bram.v:132$2381_Y [23] $flatten\u_pe.$ternary$/Users/toprakgundogdu/qwen-ffn-rom/rtl/gated_delta_bram.v:132$2381_Y [23] $flatten\u_pe.$ternary$/Users/toprakgundogdu/qwen-ffn-rom/rtl/gated_delta_bram.v:132$2381_Y [23] $flatten\u_pe.$ternary$/Users/toprakgundogdu/qwen-ffn-rom/rtl/gated_delta_bram.v:132$2381_Y [23] $flatten\u_pe.$ternary$/Users/toprakgundogdu/qwen-ffn-rom/rtl/gated_delta_bram.v:132$2381_Y [23] $flatten\u_pe.$ternary$/Users/toprakgundogdu/qwen-ffn-rom/rtl/gated_delta_bram.v:132$2381_Y [23] }
    Consolidated identical input bits for $mux cell $flatten\u_pe.$ternary$/Users/toprakgundogdu/qwen-ffn-rom/rtl/gated_delta_bram.v:132$2415:
      Old ports: A=$flatten\u_pe.$ternary$/Users/toprakgundogdu/qwen-ffn-rom/rtl/gated_delta_bram.v:133$2176_Y, B={ \u_pe.delta[7] [23] \u_pe.delta[7] [23] \u_pe.delta[7] [23] \u_pe.delta[7] [23] \u_pe.delta[7] [23] \u_pe.delta[7] [23] \u_pe.delta[7] [23] \u_pe.delta[7] [23] \u_pe.delta[7] [23:0] }, Y=$flatten\u_pe.$ternary$/Users/toprakgundogdu/qwen-ffn-rom/rtl/gated_delta_bram.v:132$2415_Y
      New ports: A={ $flatten\u_pe.$ternary$/Users/toprakgundogdu/qwen-ffn-rom/rtl/gated_delta_bram.v:133$2176_Y [7] $flatten\u_pe.$ternary$/Users/toprakgundogdu/qwen-ffn-rom/rtl/gated_delta_bram.v:133$2176_Y [7] $flatten\u_pe.$ternary$/Users/toprakgundogdu/qwen-ffn-rom/rtl/gated_delta_bram.v:133$2176_Y [7] $flatten\u_pe.$ternary$/Users/toprakgundogdu/qwen-ffn-rom/rtl/gated_delta_bram.v:133$2176_Y [7] $flatten\u_pe.$ternary$/Users/toprakgundogdu/qwen-ffn-rom/rtl/gated_delta_bram.v:133$2176_Y [7] $flatten\u_pe.$ternary$/Users/toprakgundogdu/qwen-ffn-rom/rtl/gated_delta_bram.v:133$2176_Y [7] $flatten\u_pe.$ternary$/Users/toprakgundogdu/qwen-ffn-rom/rtl/gated_delta_bram.v:133$2176_Y [7] $flatten\u_pe.$ternary$/Users/toprakgundogdu/qwen-ffn-rom/rtl/gated_delta_bram.v:133$2176_Y [7] $flatten\u_pe.$ternary$/Users/toprakgundogdu/qwen-ffn-rom/rtl/gated_delta_bram.v:133$2176_Y [7] $flatten\u_pe.$ternary$/Users/toprakgundogdu/qwen-ffn-rom/rtl/gated_delta_bram.v:133$2176_Y [7] $flatten\u_pe.$ternary$/Users/toprakgundogdu/qwen-ffn-rom/rtl/gated_delta_bram.v:133$2176_Y [7] $flatten\u_pe.$ternary$/Users/toprakgundogdu/qwen-ffn-rom/rtl/gated_delta_bram.v:133$2176_Y [7] $flatten\u_pe.$ternary$/Users/toprakgundogdu/qwen-ffn-rom/rtl/gated_delta_bram.v:133$2176_Y [7] $flatten\u_pe.$ternary$/Users/toprakgundogdu/qwen-ffn-rom/rtl/gated_delta_bram.v:133$2176_Y [7] $flatten\u_pe.$ternary$/Users/toprakgundogdu/qwen-ffn-rom/rtl/gated_delta_bram.v:133$2176_Y [7] $flatten\u_pe.$ternary$/Users/toprakgundogdu/qwen-ffn-rom/rtl/gated_delta_bram.v:133$2176_Y [7] $flatten\u_pe.$ternary$/Users/toprakgundogdu/qwen-ffn-rom/rtl/gated_delta_bram.v:133$2176_Y [7:0] }, B=\u_pe.delta[7] [23:0], Y=$flatten\u_pe.$ternary$/Users/toprakgundogdu/qwen-ffn-rom/rtl/gated_delta_bram.v:132$2415_Y [23:0]
      New connections: $flatten\u_pe.$ternary$/Users/toprakgundogdu/qwen-ffn-rom/rtl/gated_delta_bram.v:132$2415_Y [31:24] = { $flatten\u_pe.$ternary$/Users/toprakgundogdu/qwen-ffn-rom/rtl/gated_delta_bram.v:132$2415_Y [23] $flatten\u_pe.$ternary$/Users/toprakgundogdu/qwen-ffn-rom/rtl/gated_delta_bram.v:132$2415_Y [23] $flatten\u_pe.$ternary$/Users/toprakgundogdu/qwen-ffn-rom/rtl/gated_delta_bram.v:132$2415_Y [23] $flatten\u_pe.$ternary$/Users/toprakgundogdu/qwen-ffn-rom/rtl/gated_delta_bram.v:132$2415_Y [23] $flatten\u_pe.$ternary$/Users/toprakgundogdu/qwen-ffn-rom/rtl/gated_delta_bram.v:132$2415_Y [23] $flatten\u_pe.$ternary$/Users/toprakgundogdu/qwen-ffn-rom/rtl/gated_delta_bram.v:132$2415_Y [23] $flatten\u_pe.$ternary$/Users/toprakgundogdu/qwen-ffn-rom/rtl/gated_delta_bram.v:132$2415_Y [23] $flatten\u_pe.$ternary$/Users/toprakgundogdu/qwen-ffn-rom/rtl/gated_delta_bram.v:132$2415_Y [23] }
    Consolidated identical input bits for $mux cell $flatten\u_pe.$ternary$/Users/toprakgundogdu/qwen-ffn-rom/rtl/gated_delta_bram.v:132$2449:
      Old ports: A=$flatten\u_pe.$ternary$/Users/toprakgundogdu/qwen-ffn-rom/rtl/gated_delta_bram.v:133$2176_Y, B={ \u_pe.delta[8] [23] \u_pe.delta[8] [23] \u_pe.delta[8] [23] \u_pe.delta[8] [23] \u_pe.delta[8] [23] \u_pe.delta[8] [23] \u_pe.delta[8] [23] \u_pe.delta[8] [23] \u_pe.delta[8] [23:0] }, Y=$flatten\u_pe.$ternary$/Users/toprakgundogdu/qwen-ffn-rom/rtl/gated_delta_bram.v:132$2449_Y
      New ports: A={ $flatten\u_pe.$ternary$/Users/toprakgundogdu/qwen-ffn-rom/rtl/gated_delta_bram.v:133$2176_Y [7] $flatten\u_pe.$ternary$/Users/toprakgundogdu/qwen-ffn-rom/rtl/gated_delta_bram.v:133$2176_Y [7] $flatten\u_pe.$ternary$/Users/toprakgundogdu/qwen-ffn-rom/rtl/gated_delta_bram.v:133$2176_Y [7] $flatten\u_pe.$ternary$/Users/toprakgundogdu/qwen-ffn-rom/rtl/gated_delta_bram.v:133$2176_Y [7] $flatten\u_pe.$ternary$/Users/toprakgundogdu/qwen-ffn-rom/rtl/gated_delta_bram.v:133$2176_Y [7] $flatten\u_pe.$ternary$/Users/toprakgundogdu/qwen-ffn-rom/rtl/gated_delta_bram.v:133$2176_Y [7] $flatten\u_pe.$ternary$/Users/toprakgundogdu/qwen-ffn-rom/rtl/gated_delta_bram.v:133$2176_Y [7] $flatten\u_pe.$ternary$/Users/toprakgundogdu/qwen-ffn-rom/rtl/gated_delta_bram.v:133$2176_Y [7] $flatten\u_pe.$ternary$/Users/toprakgundogdu/qwen-ffn-rom/rtl/gated_delta_bram.v:133$2176_Y [7] $flatten\u_pe.$ternary$/Users/toprakgundogdu/qwen-ffn-rom/rtl/gated_delta_bram.v:133$2176_Y [7] $flatten\u_pe.$ternary$/Users/toprakgundogdu/qwen-ffn-rom/rtl/gated_delta_bram.v:133$2176_Y [7] $flatten\u_pe.$ternary$/Users/toprakgundogdu/qwen-ffn-rom/rtl/gated_delta_bram.v:133$2176_Y [7] $flatten\u_pe.$ternary$/Users/toprakgundogdu/qwen-ffn-rom/rtl/gated_delta_bram.v:133$2176_Y [7] $flatten\u_pe.$ternary$/Users/toprakgundogdu/qwen-ffn-rom/rtl/gated_delta_bram.v:133$2176_Y [7] $flatten\u_pe.$ternary$/Users/toprakgundogdu/qwen-ffn-rom/rtl/gated_delta_bram.v:133$2176_Y [7] $flatten\u_pe.$ternary$/Users/toprakgundogdu/qwen-ffn-rom/rtl/gated_delta_bram.v:133$2176_Y [7] $flatten\u_pe.$ternary$/Users/toprakgundogdu/qwen-ffn-rom/rtl/gated_delta_bram.v:133$2176_Y [7:0] }, B=\u_pe.delta[8] [23:0], Y=$flatten\u_pe.$ternary$/Users/toprakgundogdu/qwen-ffn-rom/rtl/gated_delta_bram.v:132$2449_Y [23:0]
      New connections: $flatten\u_pe.$ternary$/Users/toprakgundogdu/qwen-ffn-rom/rtl/gated_delta_bram.v:132$2449_Y [31:24] = { $flatten\u_pe.$ternary$/Users/toprakgundogdu/qwen-ffn-rom/rtl/gated_delta_bram.v:132$2449_Y [23] $flatten\u_pe.$ternary$/Users/toprakgundogdu/qwen-ffn-rom/rtl/gated_delta_bram.v:132$2449_Y [23] $flatten\u_pe.$ternary$/Users/toprakgundogdu/qwen-ffn-rom/rtl/gated_delta_bram.v:132$2449_Y [23] $flatten\u_pe.$ternary$/Users/toprakgundogdu/qwen-ffn-rom/rtl/gated_delta_bram.v:132$2449_Y [23] $flatten\u_pe.$ternary$/Users/toprakgundogdu/qwen-ffn-rom/rtl/gated_delta_bram.v:132$2449_Y [23] $flatten\u_pe.$ternary$/Users/toprakgundogdu/qwen-ffn-rom/rtl/gated_delta_bram.v:132$2449_Y [23] $flatten\u_pe.$ternary$/Users/toprakgundogdu/qwen-ffn-rom/rtl/gated_delta_bram.v:132$2449_Y [23] $flatten\u_pe.$ternary$/Users/toprakgundogdu/qwen-ffn-rom/rtl/gated_delta_bram.v:132$2449_Y [23] }
    Consolidated identical input bits for $mux cell $flatten\u_pe.$ternary$/Users/toprakgundogdu/qwen-ffn-rom/rtl/gated_delta_bram.v:132$2483:
      Old ports: A=$flatten\u_pe.$ternary$/Users/toprakgundogdu/qwen-ffn-rom/rtl/gated_delta_bram.v:133$2176_Y, B={ \u_pe.delta[9] [23] \u_pe.delta[9] [23] \u_pe.delta[9] [23] \u_pe.delta[9] [23] \u_pe.delta[9] [23] \u_pe.delta[9] [23] \u_pe.delta[9] [23] \u_pe.delta[9] [23] \u_pe.delta[9] [23:0] }, Y=$flatten\u_pe.$ternary$/Users/toprakgundogdu/qwen-ffn-rom/rtl/gated_delta_bram.v:132$2483_Y
      New ports: A={ $flatten\u_pe.$ternary$/Users/toprakgundogdu/qwen-ffn-rom/rtl/gated_delta_bram.v:133$2176_Y [7] $flatten\u_pe.$ternary$/Users/toprakgundogdu/qwen-ffn-rom/rtl/gated_delta_bram.v:133$2176_Y [7] $flatten\u_pe.$ternary$/Users/toprakgundogdu/qwen-ffn-rom/rtl/gated_delta_bram.v:133$2176_Y [7] $flatten\u_pe.$ternary$/Users/toprakgundogdu/qwen-ffn-rom/rtl/gated_delta_bram.v:133$2176_Y [7] $flatten\u_pe.$ternary$/Users/toprakgundogdu/qwen-ffn-rom/rtl/gated_delta_bram.v:133$2176_Y [7] $flatten\u_pe.$ternary$/Users/toprakgundogdu/qwen-ffn-rom/rtl/gated_delta_bram.v:133$2176_Y [7] $flatten\u_pe.$ternary$/Users/toprakgundogdu/qwen-ffn-rom/rtl/gated_delta_bram.v:133$2176_Y [7] $flatten\u_pe.$ternary$/Users/toprakgundogdu/qwen-ffn-rom/rtl/gated_delta_bram.v:133$2176_Y [7] $flatten\u_pe.$ternary$/Users/toprakgundogdu/qwen-ffn-rom/rtl/gated_delta_bram.v:133$2176_Y [7] $flatten\u_pe.$ternary$/Users/toprakgundogdu/qwen-ffn-rom/rtl/gated_delta_bram.v:133$2176_Y [7] $flatten\u_pe.$ternary$/Users/toprakgundogdu/qwen-ffn-rom/rtl/gated_delta_bram.v:133$2176_Y [7] $flatten\u_pe.$ternary$/Users/toprakgundogdu/qwen-ffn-rom/rtl/gated_delta_bram.v:133$2176_Y [7] $flatten\u_pe.$ternary$/Users/toprakgundogdu/qwen-ffn-rom/rtl/gated_delta_bram.v:133$2176_Y [7] $flatten\u_pe.$ternary$/Users/toprakgundogdu/qwen-ffn-rom/rtl/gated_delta_bram.v:133$2176_Y [7] $flatten\u_pe.$ternary$/Users/toprakgundogdu/qwen-ffn-rom/rtl/gated_delta_bram.v:133$2176_Y [7] $flatten\u_pe.$ternary$/Users/toprakgundogdu/qwen-ffn-rom/rtl/gated_delta_bram.v:133$2176_Y [7] $flatten\u_pe.$ternary$/Users/toprakgundogdu/qwen-ffn-rom/rtl/gated_delta_bram.v:133$2176_Y [7:0] }, B=\u_pe.delta[9] [23:0], Y=$flatten\u_pe.$ternary$/Users/toprakgundogdu/qwen-ffn-rom/rtl/gated_delta_bram.v:132$2483_Y [23:0]
      New connections: $flatten\u_pe.$ternary$/Users/toprakgundogdu/qwen-ffn-rom/rtl/gated_delta_bram.v:132$2483_Y [31:24] = { $flatten\u_pe.$ternary$/Users/toprakgundogdu/qwen-ffn-rom/rtl/gated_delta_bram.v:132$2483_Y [23] $flatten\u_pe.$ternary$/Users/toprakgundogdu/qwen-ffn-rom/rtl/gated_delta_bram.v:132$2483_Y [23] $flatten\u_pe.$ternary$/Users/toprakgundogdu/qwen-ffn-rom/rtl/gated_delta_bram.v:132$2483_Y [23] $flatten\u_pe.$ternary$/Users/toprakgundogdu/qwen-ffn-rom/rtl/gated_delta_bram.v:132$2483_Y [23] $flatten\u_pe.$ternary$/Users/toprakgundogdu/qwen-ffn-rom/rtl/gated_delta_bram.v:132$2483_Y [23] $flatten\u_pe.$ternary$/Users/toprakgundogdu/qwen-ffn-rom/rtl/gated_delta_bram.v:132$2483_Y [23] $flatten\u_pe.$ternary$/Users/toprakgundogdu/qwen-ffn-rom/rtl/gated_delta_bram.v:132$2483_Y [23] $flatten\u_pe.$ternary$/Users/toprakgundogdu/qwen-ffn-rom/rtl/gated_delta_bram.v:132$2483_Y [23] }
    Consolidated identical input bits for $mux cell $flatten\u_pe.$ternary$/Users/toprakgundogdu/qwen-ffn-rom/rtl/gated_delta_bram.v:132$2517:
      Old ports: A=$flatten\u_pe.$ternary$/Users/toprakgundogdu/qwen-ffn-rom/rtl/gated_delta_bram.v:133$2176_Y, B={ \u_pe.delta[10] [23] \u_pe.delta[10] [23] \u_pe.delta[10] [23] \u_pe.delta[10] [23] \u_pe.delta[10] [23] \u_pe.delta[10] [23] \u_pe.delta[10] [23] \u_pe.delta[10] [23] \u_pe.delta[10] [23:0] }, Y=$flatten\u_pe.$ternary$/Users/toprakgundogdu/qwen-ffn-rom/rtl/gated_delta_bram.v:132$2517_Y
      New ports: A={ $flatten\u_pe.$ternary$/Users/toprakgundogdu/qwen-ffn-rom/rtl/gated_delta_bram.v:133$2176_Y [7] $flatten\u_pe.$ternary$/Users/toprakgundogdu/qwen-ffn-rom/rtl/gated_delta_bram.v:133$2176_Y [7] $flatten\u_pe.$ternary$/Users/toprakgundogdu/qwen-ffn-rom/rtl/gated_delta_bram.v:133$2176_Y [7] $flatten\u_pe.$ternary$/Users/toprakgundogdu/qwen-ffn-rom/rtl/gated_delta_bram.v:133$2176_Y [7] $flatten\u_pe.$ternary$/Users/toprakgundogdu/qwen-ffn-rom/rtl/gated_delta_bram.v:133$2176_Y [7] $flatten\u_pe.$ternary$/Users/toprakgundogdu/qwen-ffn-rom/rtl/gated_delta_bram.v:133$2176_Y [7] $flatten\u_pe.$ternary$/Users/toprakgundogdu/qwen-ffn-rom/rtl/gated_delta_bram.v:133$2176_Y [7] $flatten\u_pe.$ternary$/Users/toprakgundogdu/qwen-ffn-rom/rtl/gated_delta_bram.v:133$2176_Y [7] $flatten\u_pe.$ternary$/Users/toprakgundogdu/qwen-ffn-rom/rtl/gated_delta_bram.v:133$2176_Y [7] $flatten\u_pe.$ternary$/Users/toprakgundogdu/qwen-ffn-rom/rtl/gated_delta_bram.v:133$2176_Y [7] $flatten\u_pe.$ternary$/Users/toprakgundogdu/qwen-ffn-rom/rtl/gated_delta_bram.v:133$2176_Y [7] $flatten\u_pe.$ternary$/Users/toprakgundogdu/qwen-ffn-rom/rtl/gated_delta_bram.v:133$2176_Y [7] $flatten\u_pe.$ternary$/Users/toprakgundogdu/qwen-ffn-rom/rtl/gated_delta_bram.v:133$2176_Y [7] $flatten\u_pe.$ternary$/Users/toprakgundogdu/qwen-ffn-rom/rtl/gated_delta_bram.v:133$2176_Y [7] $flatten\u_pe.$ternary$/Users/toprakgundogdu/qwen-ffn-rom/rtl/gated_delta_bram.v:133$2176_Y [7] $flatten\u_pe.$ternary$/Users/toprakgundogdu/qwen-ffn-rom/rtl/gated_delta_bram.v:133$2176_Y [7] $flatten\u_pe.$ternary$/Users/toprakgundogdu/qwen-ffn-rom/rtl/gated_delta_bram.v:133$2176_Y [7:0] }, B=\u_pe.delta[10] [23:0], Y=$flatten\u_pe.$ternary$/Users/toprakgundogdu/qwen-ffn-rom/rtl/gated_delta_bram.v:132$2517_Y [23:0]
      New connections: $flatten\u_pe.$ternary$/Users/toprakgundogdu/qwen-ffn-rom/rtl/gated_delta_bram.v:132$2517_Y [31:24] = { $flatten\u_pe.$ternary$/Users/toprakgundogdu/qwen-ffn-rom/rtl/gated_delta_bram.v:132$2517_Y [23] $flatten\u_pe.$ternary$/Users/toprakgundogdu/qwen-ffn-rom/rtl/gated_delta_bram.v:132$2517_Y [23] $flatten\u_pe.$ternary$/Users/toprakgundogdu/qwen-ffn-rom/rtl/gated_delta_bram.v:132$2517_Y [23] $flatten\u_pe.$ternary$/Users/toprakgundogdu/qwen-ffn-rom/rtl/gated_delta_bram.v:132$2517_Y [23] $flatten\u_pe.$ternary$/Users/toprakgundogdu/qwen-ffn-rom/rtl/gated_delta_bram.v:132$2517_Y [23] $flatten\u_pe.$ternary$/Users/toprakgundogdu/qwen-ffn-rom/rtl/gated_delta_bram.v:132$2517_Y [23] $flatten\u_pe.$ternary$/Users/toprakgundogdu/qwen-ffn-rom/rtl/gated_delta_bram.v:132$2517_Y [23] $flatten\u_pe.$ternary$/Users/toprakgundogdu/qwen-ffn-rom/rtl/gated_delta_bram.v:132$2517_Y [23] }
    Consolidated identical input bits for $mux cell $flatten\u_pe.$ternary$/Users/toprakgundogdu/qwen-ffn-rom/rtl/gated_delta_bram.v:132$2551:
      Old ports: A=$flatten\u_pe.$ternary$/Users/toprakgundogdu/qwen-ffn-rom/rtl/gated_delta_bram.v:133$2176_Y, B={ \u_pe.delta[11] [23] \u_pe.delta[11] [23] \u_pe.delta[11] [23] \u_pe.delta[11] [23] \u_pe.delta[11] [23] \u_pe.delta[11] [23] \u_pe.delta[11] [23] \u_pe.delta[11] [23] \u_pe.delta[11] [23:0] }, Y=$flatten\u_pe.$ternary$/Users/toprakgundogdu/qwen-ffn-rom/rtl/gated_delta_bram.v:132$2551_Y
      New ports: A={ $flatten\u_pe.$ternary$/Users/toprakgundogdu/qwen-ffn-rom/rtl/gated_delta_bram.v:133$2176_Y [7] $flatten\u_pe.$ternary$/Users/toprakgundogdu/qwen-ffn-rom/rtl/gated_delta_bram.v:133$2176_Y [7] $flatten\u_pe.$ternary$/Users/toprakgundogdu/qwen-ffn-rom/rtl/gated_delta_bram.v:133$2176_Y [7] $flatten\u_pe.$ternary$/Users/toprakgundogdu/qwen-ffn-rom/rtl/gated_delta_bram.v:133$2176_Y [7] $flatten\u_pe.$ternary$/Users/toprakgundogdu/qwen-ffn-rom/rtl/gated_delta_bram.v:133$2176_Y [7] $flatten\u_pe.$ternary$/Users/toprakgundogdu/qwen-ffn-rom/rtl/gated_delta_bram.v:133$2176_Y [7] $flatten\u_pe.$ternary$/Users/toprakgundogdu/qwen-ffn-rom/rtl/gated_delta_bram.v:133$2176_Y [7] $flatten\u_pe.$ternary$/Users/toprakgundogdu/qwen-ffn-rom/rtl/gated_delta_bram.v:133$2176_Y [7] $flatten\u_pe.$ternary$/Users/toprakgundogdu/qwen-ffn-rom/rtl/gated_delta_bram.v:133$2176_Y [7] $flatten\u_pe.$ternary$/Users/toprakgundogdu/qwen-ffn-rom/rtl/gated_delta_bram.v:133$2176_Y [7] $flatten\u_pe.$ternary$/Users/toprakgundogdu/qwen-ffn-rom/rtl/gated_delta_bram.v:133$2176_Y [7] $flatten\u_pe.$ternary$/Users/toprakgundogdu/qwen-ffn-rom/rtl/gated_delta_bram.v:133$2176_Y [7] $flatten\u_pe.$ternary$/Users/toprakgundogdu/qwen-ffn-rom/rtl/gated_delta_bram.v:133$2176_Y [7] $flatten\u_pe.$ternary$/Users/toprakgundogdu/qwen-ffn-rom/rtl/gated_delta_bram.v:133$2176_Y [7] $flatten\u_pe.$ternary$/Users/toprakgundogdu/qwen-ffn-rom/rtl/gated_delta_bram.v:133$2176_Y [7] $flatten\u_pe.$ternary$/Users/toprakgundogdu/qwen-ffn-rom/rtl/gated_delta_bram.v:133$2176_Y [7] $flatten\u_pe.$ternary$/Users/toprakgundogdu/qwen-ffn-rom/rtl/gated_delta_bram.v:133$2176_Y [7:0] }, B=\u_pe.delta[11] [23:0], Y=$flatten\u_pe.$ternary$/Users/toprakgundogdu/qwen-ffn-rom/rtl/gated_delta_bram.v:132$2551_Y [23:0]
      New connections: $flatten\u_pe.$ternary$/Users/toprakgundogdu/qwen-ffn-rom/rtl/gated_delta_bram.v:132$2551_Y [31:24] = { $flatten\u_pe.$ternary$/Users/toprakgundogdu/qwen-ffn-rom/rtl/gated_delta_bram.v:132$2551_Y [23] $flatten\u_pe.$ternary$/Users/toprakgundogdu/qwen-ffn-rom/rtl/gated_delta_bram.v:132$2551_Y [23] $flatten\u_pe.$ternary$/Users/toprakgundogdu/qwen-ffn-rom/rtl/gated_delta_bram.v:132$2551_Y [23] $flatten\u_pe.$ternary$/Users/toprakgundogdu/qwen-ffn-rom/rtl/gated_delta_bram.v:132$2551_Y [23] $flatten\u_pe.$ternary$/Users/toprakgundogdu/qwen-ffn-rom/rtl/gated_delta_bram.v:132$2551_Y [23] $flatten\u_pe.$ternary$/Users/toprakgundogdu/qwen-ffn-rom/rtl/gated_delta_bram.v:132$2551_Y [23] $flatten\u_pe.$ternary$/Users/toprakgundogdu/qwen-ffn-rom/rtl/gated_delta_bram.v:132$2551_Y [23] $flatten\u_pe.$ternary$/Users/toprakgundogdu/qwen-ffn-rom/rtl/gated_delta_bram.v:132$2551_Y [23] }
    Consolidated identical input bits for $mux cell $flatten\u_pe.$ternary$/Users/toprakgundogdu/qwen-ffn-rom/rtl/gated_delta_bram.v:132$2585:
      Old ports: A=$flatten\u_pe.$ternary$/Users/toprakgundogdu/qwen-ffn-rom/rtl/gated_delta_bram.v:133$2176_Y, B={ \u_pe.delta[12] [23] \u_pe.delta[12] [23] \u_pe.delta[12] [23] \u_pe.delta[12] [23] \u_pe.delta[12] [23] \u_pe.delta[12] [23] \u_pe.delta[12] [23] \u_pe.delta[12] [23] \u_pe.delta[12] [23:0] }, Y=$flatten\u_pe.$ternary$/Users/toprakgundogdu/qwen-ffn-rom/rtl/gated_delta_bram.v:132$2585_Y
      New ports: A={ $flatten\u_pe.$ternary$/Users/toprakgundogdu/qwen-ffn-rom/rtl/gated_delta_bram.v:133$2176_Y [7] $flatten\u_pe.$ternary$/Users/toprakgundogdu/qwen-ffn-rom/rtl/gated_delta_bram.v:133$2176_Y [7] $flatten\u_pe.$ternary$/Users/toprakgundogdu/qwen-ffn-rom/rtl/gated_delta_bram.v:133$2176_Y [7] $flatten\u_pe.$ternary$/Users/toprakgundogdu/qwen-ffn-rom/rtl/gated_delta_bram.v:133$2176_Y [7] $flatten\u_pe.$ternary$/Users/toprakgundogdu/qwen-ffn-rom/rtl/gated_delta_bram.v:133$2176_Y [7] $flatten\u_pe.$ternary$/Users/toprakgundogdu/qwen-ffn-rom/rtl/gated_delta_bram.v:133$2176_Y [7] $flatten\u_pe.$ternary$/Users/toprakgundogdu/qwen-ffn-rom/rtl/gated_delta_bram.v:133$2176_Y [7] $flatten\u_pe.$ternary$/Users/toprakgundogdu/qwen-ffn-rom/rtl/gated_delta_bram.v:133$2176_Y [7] $flatten\u_pe.$ternary$/Users/toprakgundogdu/qwen-ffn-rom/rtl/gated_delta_bram.v:133$2176_Y [7] $flatten\u_pe.$ternary$/Users/toprakgundogdu/qwen-ffn-rom/rtl/gated_delta_bram.v:133$2176_Y [7] $flatten\u_pe.$ternary$/Users/toprakgundogdu/qwen-ffn-rom/rtl/gated_delta_bram.v:133$2176_Y [7] $flatten\u_pe.$ternary$/Users/toprakgundogdu/qwen-ffn-rom/rtl/gated_delta_bram.v:133$2176_Y [7] $flatten\u_pe.$ternary$/Users/toprakgundogdu/qwen-ffn-rom/rtl/gated_delta_bram.v:133$2176_Y [7] $flatten\u_pe.$ternary$/Users/toprakgundogdu/qwen-ffn-rom/rtl/gated_delta_bram.v:133$2176_Y [7] $flatten\u_pe.$ternary$/Users/toprakgundogdu/qwen-ffn-rom/rtl/gated_delta_bram.v:133$2176_Y [7] $flatten\u_pe.$ternary$/Users/toprakgundogdu/qwen-ffn-rom/rtl/gated_delta_bram.v:133$2176_Y [7] $flatten\u_pe.$ternary$/Users/toprakgundogdu/qwen-ffn-rom/rtl/gated_delta_bram.v:133$2176_Y [7:0] }, B=\u_pe.delta[12] [23:0], Y=$flatten\u_pe.$ternary$/Users/toprakgundogdu/qwen-ffn-rom/rtl/gated_delta_bram.v:132$2585_Y [23:0]
      New connections: $flatten\u_pe.$ternary$/Users/toprakgundogdu/qwen-ffn-rom/rtl/gated_delta_bram.v:132$2585_Y [31:24] = { $flatten\u_pe.$ternary$/Users/toprakgundogdu/qwen-ffn-rom/rtl/gated_delta_bram.v:132$2585_Y [23] $flatten\u_pe.$ternary$/Users/toprakgundogdu/qwen-ffn-rom/rtl/gated_delta_bram.v:132$2585_Y [23] $flatten\u_pe.$ternary$/Users/toprakgundogdu/qwen-ffn-rom/rtl/gated_delta_bram.v:132$2585_Y [23] $flatten\u_pe.$ternary$/Users/toprakgundogdu/qwen-ffn-rom/rtl/gated_delta_bram.v:132$2585_Y [23] $flatten\u_pe.$ternary$/Users/toprakgundogdu/qwen-ffn-rom/rtl/gated_delta_bram.v:132$2585_Y [23] $flatten\u_pe.$ternary$/Users/toprakgundogdu/qwen-ffn-rom/rtl/gated_delta_bram.v:132$2585_Y [23] $flatten\u_pe.$ternary$/Users/toprakgundogdu/qwen-ffn-rom/rtl/gated_delta_bram.v:132$2585_Y [23] $flatten\u_pe.$ternary$/Users/toprakgundogdu/qwen-ffn-rom/rtl/gated_delta_bram.v:132$2585_Y [23] }
    Consolidated identical input bits for $mux cell $flatten\u_pe.$ternary$/Users/toprakgundogdu/qwen-ffn-rom/rtl/gated_delta_bram.v:132$2619:
      Old ports: A=$flatten\u_pe.$ternary$/Users/toprakgundogdu/qwen-ffn-rom/rtl/gated_delta_bram.v:133$2176_Y, B={ \u_pe.delta[13] [23] \u_pe.delta[13] [23] \u_pe.delta[13] [23] \u_pe.delta[13] [23] \u_pe.delta[13] [23] \u_pe.delta[13] [23] \u_pe.delta[13] [23] \u_pe.delta[13] [23] \u_pe.delta[13] [23:0] }, Y=$flatten\u_pe.$ternary$/Users/toprakgundogdu/qwen-ffn-rom/rtl/gated_delta_bram.v:132$2619_Y
      New ports: A={ $flatten\u_pe.$ternary$/Users/toprakgundogdu/qwen-ffn-rom/rtl/gated_delta_bram.v:133$2176_Y [7] $flatten\u_pe.$ternary$/Users/toprakgundogdu/qwen-ffn-rom/rtl/gated_delta_bram.v:133$2176_Y [7] $flatten\u_pe.$ternary$/Users/toprakgundogdu/qwen-ffn-rom/rtl/gated_delta_bram.v:133$2176_Y [7] $flatten\u_pe.$ternary$/Users/toprakgundogdu/qwen-ffn-rom/rtl/gated_delta_bram.v:133$2176_Y [7] $flatten\u_pe.$ternary$/Users/toprakgundogdu/qwen-ffn-rom/rtl/gated_delta_bram.v:133$2176_Y [7] $flatten\u_pe.$ternary$/Users/toprakgundogdu/qwen-ffn-rom/rtl/gated_delta_bram.v:133$2176_Y [7] $flatten\u_pe.$ternary$/Users/toprakgundogdu/qwen-ffn-rom/rtl/gated_delta_bram.v:133$2176_Y [7] $flatten\u_pe.$ternary$/Users/toprakgundogdu/qwen-ffn-rom/rtl/gated_delta_bram.v:133$2176_Y [7] $flatten\u_pe.$ternary$/Users/toprakgundogdu/qwen-ffn-rom/rtl/gated_delta_bram.v:133$2176_Y [7] $flatten\u_pe.$ternary$/Users/toprakgundogdu/qwen-ffn-rom/rtl/gated_delta_bram.v:133$2176_Y [7] $flatten\u_pe.$ternary$/Users/toprakgundogdu/qwen-ffn-rom/rtl/gated_delta_bram.v:133$2176_Y [7] $flatten\u_pe.$ternary$/Users/toprakgundogdu/qwen-ffn-rom/rtl/gated_delta_bram.v:133$2176_Y [7] $flatten\u_pe.$ternary$/Users/toprakgundogdu/qwen-ffn-rom/rtl/gated_delta_bram.v:133$2176_Y [7] $flatten\u_pe.$ternary$/Users/toprakgundogdu/qwen-ffn-rom/rtl/gated_delta_bram.v:133$2176_Y [7] $flatten\u_pe.$ternary$/Users/toprakgundogdu/qwen-ffn-rom/rtl/gated_delta_bram.v:133$2176_Y [7] $flatten\u_pe.$ternary$/Users/toprakgundogdu/qwen-ffn-rom/rtl/gated_delta_bram.v:133$2176_Y [7] $flatten\u_pe.$ternary$/Users/toprakgundogdu/qwen-ffn-rom/rtl/gated_delta_bram.v:133$2176_Y [7:0] }, B=\u_pe.delta[13] [23:0], Y=$flatten\u_pe.$ternary$/Users/toprakgundogdu/qwen-ffn-rom/rtl/gated_delta_bram.v:132$2619_Y [23:0]
      New connections: $flatten\u_pe.$ternary$/Users/toprakgundogdu/qwen-ffn-rom/rtl/gated_delta_bram.v:132$2619_Y [31:24] = { $flatten\u_pe.$ternary$/Users/toprakgundogdu/qwen-ffn-rom/rtl/gated_delta_bram.v:132$2619_Y [23] $flatten\u_pe.$ternary$/Users/toprakgundogdu/qwen-ffn-rom/rtl/gated_delta_bram.v:132$2619_Y [23] $flatten\u_pe.$ternary$/Users/toprakgundogdu/qwen-ffn-rom/rtl/gated_delta_bram.v:132$2619_Y [23] $flatten\u_pe.$ternary$/Users/toprakgundogdu/qwen-ffn-rom/rtl/gated_delta_bram.v:132$2619_Y [23] $flatten\u_pe.$ternary$/Users/toprakgundogdu/qwen-ffn-rom/rtl/gated_delta_bram.v:132$2619_Y [23] $flatten\u_pe.$ternary$/Users/toprakgundogdu/qwen-ffn-rom/rtl/gated_delta_bram.v:132$2619_Y [23] $flatten\u_pe.$ternary$/Users/toprakgundogdu/qwen-ffn-rom/rtl/gated_delta_bram.v:132$2619_Y [23] $flatten\u_pe.$ternary$/Users/toprakgundogdu/qwen-ffn-rom/rtl/gated_delta_bram.v:132$2619_Y [23] }
    Consolidated identical input bits for $mux cell $flatten\u_pe.$ternary$/Users/toprakgundogdu/qwen-ffn-rom/rtl/gated_delta_bram.v:132$2653:
      Old ports: A=$flatten\u_pe.$ternary$/Users/toprakgundogdu/qwen-ffn-rom/rtl/gated_delta_bram.v:133$2176_Y, B={ \u_pe.delta[14] [23] \u_pe.delta[14] [23] \u_pe.delta[14] [23] \u_pe.delta[14] [23] \u_pe.delta[14] [23] \u_pe.delta[14] [23] \u_pe.delta[14] [23] \u_pe.delta[14] [23] \u_pe.delta[14] [23:0] }, Y=$flatten\u_pe.$ternary$/Users/toprakgundogdu/qwen-ffn-rom/rtl/gated_delta_bram.v:132$2653_Y
      New ports: A={ $flatten\u_pe.$ternary$/Users/toprakgundogdu/qwen-ffn-rom/rtl/gated_delta_bram.v:133$2176_Y [7] $flatten\u_pe.$ternary$/Users/toprakgundogdu/qwen-ffn-rom/rtl/gated_delta_bram.v:133$2176_Y [7] $flatten\u_pe.$ternary$/Users/toprakgundogdu/qwen-ffn-rom/rtl/gated_delta_bram.v:133$2176_Y [7] $flatten\u_pe.$ternary$/Users/toprakgundogdu/qwen-ffn-rom/rtl/gated_delta_bram.v:133$2176_Y [7] $flatten\u_pe.$ternary$/Users/toprakgundogdu/qwen-ffn-rom/rtl/gated_delta_bram.v:133$2176_Y [7] $flatten\u_pe.$ternary$/Users/toprakgundogdu/qwen-ffn-rom/rtl/gated_delta_bram.v:133$2176_Y [7] $flatten\u_pe.$ternary$/Users/toprakgundogdu/qwen-ffn-rom/rtl/gated_delta_bram.v:133$2176_Y [7] $flatten\u_pe.$ternary$/Users/toprakgundogdu/qwen-ffn-rom/rtl/gated_delta_bram.v:133$2176_Y [7] $flatten\u_pe.$ternary$/Users/toprakgundogdu/qwen-ffn-rom/rtl/gated_delta_bram.v:133$2176_Y [7] $flatten\u_pe.$ternary$/Users/toprakgundogdu/qwen-ffn-rom/rtl/gated_delta_bram.v:133$2176_Y [7] $flatten\u_pe.$ternary$/Users/toprakgundogdu/qwen-ffn-rom/rtl/gated_delta_bram.v:133$2176_Y [7] $flatten\u_pe.$ternary$/Users/toprakgundogdu/qwen-ffn-rom/rtl/gated_delta_bram.v:133$2176_Y [7] $flatten\u_pe.$ternary$/Users/toprakgundogdu/qwen-ffn-rom/rtl/gated_delta_bram.v:133$2176_Y [7] $flatten\u_pe.$ternary$/Users/toprakgundogdu/qwen-ffn-rom/rtl/gated_delta_bram.v:133$2176_Y [7] $flatten\u_pe.$ternary$/Users/toprakgundogdu/qwen-ffn-rom/rtl/gated_delta_bram.v:133$2176_Y [7] $flatten\u_pe.$ternary$/Users/toprakgundogdu/qwen-ffn-rom/rtl/gated_delta_bram.v:133$2176_Y [7] $flatten\u_pe.$ternary$/Users/toprakgundogdu/qwen-ffn-rom/rtl/gated_delta_bram.v:133$2176_Y [7:0] }, B=\u_pe.delta[14] [23:0], Y=$flatten\u_pe.$ternary$/Users/toprakgundogdu/qwen-ffn-rom/rtl/gated_delta_bram.v:132$2653_Y [23:0]
      New connections: $flatten\u_pe.$ternary$/Users/toprakgundogdu/qwen-ffn-rom/rtl/gated_delta_bram.v:132$2653_Y [31:24] = { $flatten\u_pe.$ternary$/Users/toprakgundogdu/qwen-ffn-rom/rtl/gated_delta_bram.v:132$2653_Y [23] $flatten\u_pe.$ternary$/Users/toprakgundogdu/qwen-ffn-rom/rtl/gated_delta_bram.v:132$2653_Y [23] $flatten\u_pe.$ternary$/Users/toprakgundogdu/qwen-ffn-rom/rtl/gated_delta_bram.v:132$2653_Y [23] $flatten\u_pe.$ternary$/Users/toprakgundogdu/qwen-ffn-rom/rtl/gated_delta_bram.v:132$2653_Y [23] $flatten\u_pe.$ternary$/Users/toprakgundogdu/qwen-ffn-rom/rtl/gated_delta_bram.v:132$2653_Y [23] $flatten\u_pe.$ternary$/Users/toprakgundogdu/qwen-ffn-rom/rtl/gated_delta_bram.v:132$2653_Y [23] $flatten\u_pe.$ternary$/Users/toprakgundogdu/qwen-ffn-rom/rtl/gated_delta_bram.v:132$2653_Y [23] $flatten\u_pe.$ternary$/Users/toprakgundogdu/qwen-ffn-rom/rtl/gated_delta_bram.v:132$2653_Y [23] }
    Consolidated identical input bits for $mux cell $flatten\u_pe.$ternary$/Users/toprakgundogdu/qwen-ffn-rom/rtl/gated_delta_bram.v:132$2687:
      Old ports: A=$flatten\u_pe.$ternary$/Users/toprakgundogdu/qwen-ffn-rom/rtl/gated_delta_bram.v:133$2176_Y, B={ \u_pe.delta[15] [23] \u_pe.delta[15] [23] \u_pe.delta[15] [23] \u_pe.delta[15] [23] \u_pe.delta[15] [23] \u_pe.delta[15] [23] \u_pe.delta[15] [23] \u_pe.delta[15] [23] \u_pe.delta[15] [23:0] }, Y=$flatten\u_pe.$ternary$/Users/toprakgundogdu/qwen-ffn-rom/rtl/gated_delta_bram.v:132$2687_Y
      New ports: A={ $flatten\u_pe.$ternary$/Users/toprakgundogdu/qwen-ffn-rom/rtl/gated_delta_bram.v:133$2176_Y [7] $flatten\u_pe.$ternary$/Users/toprakgundogdu/qwen-ffn-rom/rtl/gated_delta_bram.v:133$2176_Y [7] $flatten\u_pe.$ternary$/Users/toprakgundogdu/qwen-ffn-rom/rtl/gated_delta_bram.v:133$2176_Y [7] $flatten\u_pe.$ternary$/Users/toprakgundogdu/qwen-ffn-rom/rtl/gated_delta_bram.v:133$2176_Y [7] $flatten\u_pe.$ternary$/Users/toprakgundogdu/qwen-ffn-rom/rtl/gated_delta_bram.v:133$2176_Y [7] $flatten\u_pe.$ternary$/Users/toprakgundogdu/qwen-ffn-rom/rtl/gated_delta_bram.v:133$2176_Y [7] $flatten\u_pe.$ternary$/Users/toprakgundogdu/qwen-ffn-rom/rtl/gated_delta_bram.v:133$2176_Y [7] $flatten\u_pe.$ternary$/Users/toprakgundogdu/qwen-ffn-rom/rtl/gated_delta_bram.v:133$2176_Y [7] $flatten\u_pe.$ternary$/Users/toprakgundogdu/qwen-ffn-rom/rtl/gated_delta_bram.v:133$2176_Y [7] $flatten\u_pe.$ternary$/Users/toprakgundogdu/qwen-ffn-rom/rtl/gated_delta_bram.v:133$2176_Y [7] $flatten\u_pe.$ternary$/Users/toprakgundogdu/qwen-ffn-rom/rtl/gated_delta_bram.v:133$2176_Y [7] $flatten\u_pe.$ternary$/Users/toprakgundogdu/qwen-ffn-rom/rtl/gated_delta_bram.v:133$2176_Y [7] $flatten\u_pe.$ternary$/Users/toprakgundogdu/qwen-ffn-rom/rtl/gated_delta_bram.v:133$2176_Y [7] $flatten\u_pe.$ternary$/Users/toprakgundogdu/qwen-ffn-rom/rtl/gated_delta_bram.v:133$2176_Y [7] $flatten\u_pe.$ternary$/Users/toprakgundogdu/qwen-ffn-rom/rtl/gated_delta_bram.v:133$2176_Y [7] $flatten\u_pe.$ternary$/Users/toprakgundogdu/qwen-ffn-rom/rtl/gated_delta_bram.v:133$2176_Y [7] $flatten\u_pe.$ternary$/Users/toprakgundogdu/qwen-ffn-rom/rtl/gated_delta_bram.v:133$2176_Y [7:0] }, B=\u_pe.delta[15] [23:0], Y=$flatten\u_pe.$ternary$/Users/toprakgundogdu/qwen-ffn-rom/rtl/gated_delta_bram.v:132$2687_Y [23:0]
      New connections: $flatten\u_pe.$ternary$/Users/toprakgundogdu/qwen-ffn-rom/rtl/gated_delta_bram.v:132$2687_Y [31:24] = { $flatten\u_pe.$ternary$/Users/toprakgundogdu/qwen-ffn-rom/rtl/gated_delta_bram.v:132$2687_Y [23] $flatten\u_pe.$ternary$/Users/toprakgundogdu/qwen-ffn-rom/rtl/gated_delta_bram.v:132$2687_Y [23] $flatten\u_pe.$ternary$/Users/toprakgundogdu/qwen-ffn-rom/rtl/gated_delta_bram.v:132$2687_Y [23] $flatten\u_pe.$ternary$/Users/toprakgundogdu/qwen-ffn-rom/rtl/gated_delta_bram.v:132$2687_Y [23] $flatten\u_pe.$ternary$/Users/toprakgundogdu/qwen-ffn-rom/rtl/gated_delta_bram.v:132$2687_Y [23] $flatten\u_pe.$ternary$/Users/toprakgundogdu/qwen-ffn-rom/rtl/gated_delta_bram.v:132$2687_Y [23] $flatten\u_pe.$ternary$/Users/toprakgundogdu/qwen-ffn-rom/rtl/gated_delta_bram.v:132$2687_Y [23] $flatten\u_pe.$ternary$/Users/toprakgundogdu/qwen-ffn-rom/rtl/gated_delta_bram.v:132$2687_Y [23] }
  Optimizing cells in module \gated_delta_d16_bram.
    Consolidated identical input bits for $mux cell $flatten\u_pe.$ternary$/Users/toprakgundogdu/qwen-ffn-rom/rtl/gated_delta_bram.v:125$2169:
      Old ports: A=$flatten\u_pe.$ternary$/Users/toprakgundogdu/qwen-ffn-rom/rtl/gated_delta_bram.v:126$2168_Y, B={ \u_pe.lanes[0].u_s.rdata [15] \u_pe.lanes[0].u_s.rdata [15] \u_pe.lanes[0].u_s.rdata [15] \u_pe.lanes[0].u_s.rdata [15] \u_pe.lanes[0].u_s.rdata [15] \u_pe.lanes[0].u_s.rdata [15] \u_pe.lanes[0].u_s.rdata [15] \u_pe.lanes[0].u_s.rdata [15] \u_pe.lanes[0].u_s.rdata [15] \u_pe.lanes[0].u_s.rdata [15] \u_pe.lanes[0].u_s.rdata [15] \u_pe.lanes[0].u_s.rdata [15] \u_pe.lanes[0].u_s.rdata [15] \u_pe.lanes[0].u_s.rdata [15] \u_pe.lanes[0].u_s.rdata [15] \u_pe.lanes[0].u_s.rdata [15] \u_pe.lanes[0].u_s.rdata }, Y=$flatten\u_pe.$ternary$/Users/toprakgundogdu/qwen-ffn-rom/rtl/gated_delta_bram.v:125$2169_Y
      New ports: A=$flatten\u_pe.$ternary$/Users/toprakgundogdu/qwen-ffn-rom/rtl/gated_delta_bram.v:126$2168_Y [15:0], B=\u_pe.lanes[0].u_s.rdata, Y=$flatten\u_pe.$ternary$/Users/toprakgundogdu/qwen-ffn-rom/rtl/gated_delta_bram.v:125$2169_Y [15:0]
      New connections: $flatten\u_pe.$ternary$/Users/toprakgundogdu/qwen-ffn-rom/rtl/gated_delta_bram.v:125$2169_Y [31:16] = { $flatten\u_pe.$ternary$/Users/toprakgundogdu/qwen-ffn-rom/rtl/gated_delta_bram.v:125$2169_Y [15] $flatten\u_pe.$ternary$/Users/toprakgundogdu/qwen-ffn-rom/rtl/gated_delta_bram.v:125$2169_Y [15] $flatten\u_pe.$ternary$/Users/toprakgundogdu/qwen-ffn-rom/rtl/gated_delta_bram.v:125$2169_Y [15] $flatten\u_pe.$ternary$/Users/toprakgundogdu/qwen-ffn-rom/rtl/gated_delta_bram.v:125$2169_Y [15] $flatten\u_pe.$ternary$/Users/toprakgundogdu/qwen-ffn-rom/rtl/gated_delta_bram.v:125$2169_Y [15] $flatten\u_pe.$ternary$/Users/toprakgundogdu/qwen-ffn-rom/rtl/gated_delta_bram.v:125$2169_Y [15] $flatten\u_pe.$ternary$/Users/toprakgundogdu/qwen-ffn-rom/rtl/gated_delta_bram.v:125$2169_Y [15] $flatten\u_pe.$ternary$/Users/toprakgundogdu/qwen-ffn-rom/rtl/gated_delta_bram.v:125$2169_Y [15] $flatten\u_pe.$ternary$/Users/toprakgundogdu/qwen-ffn-rom/rtl/gated_delta_bram.v:125$2169_Y [15] $flatten\u_pe.$ternary$/Users/toprakgundogdu/qwen-ffn-rom/rtl/gated_delta_bram.v:125$2169_Y [15] $flatten\u_pe.$ternary$/Users/toprakgundogdu/qwen-ffn-rom/rtl/gated_delta_bram.v:125$2169_Y [15] $flatten\u_pe.$ternary$/Users/toprakgundogdu/qwen-ffn-rom/rtl/gated_delta_bram.v:125$2169_Y [15] $flatten\u_pe.$ternary$/Users/toprakgundogdu/qwen-ffn-rom/rtl/gated_delta_bram.v:125$2169_Y [15] $flatten\u_pe.$ternary$/Users/toprakgundogdu/qwen-ffn-rom/rtl/gated_delta_bram.v:125$2169_Y [15] $flatten\u_pe.$ternary$/Users/toprakgundogdu/qwen-ffn-rom/rtl/gated_delta_bram.v:125$2169_Y [15] $flatten\u_pe.$ternary$/Users/toprakgundogdu/qwen-ffn-rom/rtl/gated_delta_bram.v:125$2169_Y [15] }
    Consolidated identical input bits for $mux cell $flatten\u_pe.$ternary$/Users/toprakgundogdu/qwen-ffn-rom/rtl/gated_delta_bram.v:125$2203:
      Old ports: A=$flatten\u_pe.$ternary$/Users/toprakgundogdu/qwen-ffn-rom/rtl/gated_delta_bram.v:126$2202_Y, B={ \u_pe.lanes[1].u_s.rdata [15] \u_pe.lanes[1].u_s.rdata [15] \u_pe.lanes[1].u_s.rdata [15] \u_pe.lanes[1].u_s.rdata [15] \u_pe.lanes[1].u_s.rdata [15] \u_pe.lanes[1].u_s.rdata [15] \u_pe.lanes[1].u_s.rdata [15] \u_pe.lanes[1].u_s.rdata [15] \u_pe.lanes[1].u_s.rdata [15] \u_pe.lanes[1].u_s.rdata [15] \u_pe.lanes[1].u_s.rdata [15] \u_pe.lanes[1].u_s.rdata [15] \u_pe.lanes[1].u_s.rdata [15] \u_pe.lanes[1].u_s.rdata [15] \u_pe.lanes[1].u_s.rdata [15] \u_pe.lanes[1].u_s.rdata [15] \u_pe.lanes[1].u_s.rdata }, Y=$flatten\u_pe.$ternary$/Users/toprakgundogdu/qwen-ffn-rom/rtl/gated_delta_bram.v:125$2203_Y
      New ports: A=$flatten\u_pe.$ternary$/Users/toprakgundogdu/qwen-ffn-rom/rtl/gated_delta_bram.v:126$2202_Y [15:0], B=\u_pe.lanes[1].u_s.rdata, Y=$flatten\u_pe.$ternary$/Users/toprakgundogdu/qwen-ffn-rom/rtl/gated_delta_bram.v:125$2203_Y [15:0]
      New connections: $flatten\u_pe.$ternary$/Users/toprakgundogdu/qwen-ffn-rom/rtl/gated_delta_bram.v:125$2203_Y [31:16] = { $flatten\u_pe.$ternary$/Users/toprakgundogdu/qwen-ffn-rom/rtl/gated_delta_bram.v:125$2203_Y [15] $flatten\u_pe.$ternary$/Users/toprakgundogdu/qwen-ffn-rom/rtl/gated_delta_bram.v:125$2203_Y [15] $flatten\u_pe.$ternary$/Users/toprakgundogdu/qwen-ffn-rom/rtl/gated_delta_bram.v:125$2203_Y [15] $flatten\u_pe.$ternary$/Users/toprakgundogdu/qwen-ffn-rom/rtl/gated_delta_bram.v:125$2203_Y [15] $flatten\u_pe.$ternary$/Users/toprakgundogdu/qwen-ffn-rom/rtl/gated_delta_bram.v:125$2203_Y [15] $flatten\u_pe.$ternary$/Users/toprakgundogdu/qwen-ffn-rom/rtl/gated_delta_bram.v:125$2203_Y [15] $flatten\u_pe.$ternary$/Users/toprakgundogdu/qwen-ffn-rom/rtl/gated_delta_bram.v:125$2203_Y [15] $flatten\u_pe.$ternary$/Users/toprakgundogdu/qwen-ffn-rom/rtl/gated_delta_bram.v:125$2203_Y [15] $flatten\u_pe.$ternary$/Users/toprakgundogdu/qwen-ffn-rom/rtl/gated_delta_bram.v:125$2203_Y [15] $flatten\u_pe.$ternary$/Users/toprakgundogdu/qwen-ffn-rom/rtl/gated_delta_bram.v:125$2203_Y [15] $flatten\u_pe.$ternary$/Users/toprakgundogdu/qwen-ffn-rom/rtl/gated_delta_bram.v:125$2203_Y [15] $flatten\u_pe.$ternary$/Users/toprakgundogdu/qwen-ffn-rom/rtl/gated_delta_bram.v:125$2203_Y [15] $flatten\u_pe.$ternary$/Users/toprakgundogdu/qwen-ffn-rom/rtl/gated_delta_bram.v:125$2203_Y [15] $flatten\u_pe.$ternary$/Users/toprakgundogdu/qwen-ffn-rom/rtl/gated_delta_bram.v:125$2203_Y [15] $flatten\u_pe.$ternary$/Users/toprakgundogdu/qwen-ffn-rom/rtl/gated_delta_bram.v:125$2203_Y [15] $flatten\u_pe.$ternary$/Users/toprakgundogdu/qwen-ffn-rom/rtl/gated_delta_bram.v:125$2203_Y [15] }
    Consolidated identical input bits for $mux cell $flatten\u_pe.$ternary$/Users/toprakgundogdu/qwen-ffn-rom/rtl/gated_delta_bram.v:125$2237:
      Old ports: A=$flatten\u_pe.$ternary$/Users/toprakgundogdu/qwen-ffn-rom/rtl/gated_delta_bram.v:126$2236_Y, B={ \u_pe.lanes[2].u_s.rdata [15] \u_pe.lanes[2].u_s.rdata [15] \u_pe.lanes[2].u_s.rdata [15] \u_pe.lanes[2].u_s.rdata [15] \u_pe.lanes[2].u_s.rdata [15] \u_pe.lanes[2].u_s.rdata [15] \u_pe.lanes[2].u_s.rdata [15] \u_pe.lanes[2].u_s.rdata [15] \u_pe.lanes[2].u_s.rdata [15] \u_pe.lanes[2].u_s.rdata [15] \u_pe.lanes[2].u_s.rdata [15] \u_pe.lanes[2].u_s.rdata [15] \u_pe.lanes[2].u_s.rdata [15] \u_pe.lanes[2].u_s.rdata [15] \u_pe.lanes[2].u_s.rdata [15] \u_pe.lanes[2].u_s.rdata [15] \u_pe.lanes[2].u_s.rdata }, Y=$flatten\u_pe.$ternary$/Users/toprakgundogdu/qwen-ffn-rom/rtl/gated_delta_bram.v:125$2237_Y
      New ports: A=$flatten\u_pe.$ternary$/Users/toprakgundogdu/qwen-ffn-rom/rtl/gated_delta_bram.v:126$2236_Y [15:0], B=\u_pe.lanes[2].u_s.rdata, Y=$flatten\u_pe.$ternary$/Users/toprakgundogdu/qwen-ffn-rom/rtl/gated_delta_bram.v:125$2237_Y [15:0]
      New connections: $flatten\u_pe.$ternary$/Users/toprakgundogdu/qwen-ffn-rom/rtl/gated_delta_bram.v:125$2237_Y [31:16] = { $flatten\u_pe.$ternary$/Users/toprakgundogdu/qwen-ffn-rom/rtl/gated_delta_bram.v:125$2237_Y [15] $flatten\u_pe.$ternary$/Users/toprakgundogdu/qwen-ffn-rom/rtl/gated_delta_bram.v:125$2237_Y [15] $flatten\u_pe.$ternary$/Users/toprakgundogdu/qwen-ffn-rom/rtl/gated_delta_bram.v:125$2237_Y [15] $flatten\u_pe.$ternary$/Users/toprakgundogdu/qwen-ffn-rom/rtl/gated_delta_bram.v:125$2237_Y [15] $flatten\u_pe.$ternary$/Users/toprakgundogdu/qwen-ffn-rom/rtl/gated_delta_bram.v:125$2237_Y [15] $flatten\u_pe.$ternary$/Users/toprakgundogdu/qwen-ffn-rom/rtl/gated_delta_bram.v:125$2237_Y [15] $flatten\u_pe.$ternary$/Users/toprakgundogdu/qwen-ffn-rom/rtl/gated_delta_bram.v:125$2237_Y [15] $flatten\u_pe.$ternary$/Users/toprakgundogdu/qwen-ffn-rom/rtl/gated_delta_bram.v:125$2237_Y [15] $flatten\u_pe.$ternary$/Users/toprakgundogdu/qwen-ffn-rom/rtl/gated_delta_bram.v:125$2237_Y [15] $flatten\u_pe.$ternary$/Users/toprakgundogdu/qwen-ffn-rom/rtl/gated_delta_bram.v:125$2237_Y [15] $flatten\u_pe.$ternary$/Users/toprakgundogdu/qwen-ffn-rom/rtl/gated_delta_bram.v:125$2237_Y [15] $flatten\u_pe.$ternary$/Users/toprakgundogdu/qwen-ffn-rom/rtl/gated_delta_bram.v:125$2237_Y [15] $flatten\u_pe.$ternary$/Users/toprakgundogdu/qwen-ffn-rom/rtl/gated_delta_bram.v:125$2237_Y [15] $flatten\u_pe.$ternary$/Users/toprakgundogdu/qwen-ffn-rom/rtl/gated_delta_bram.v:125$2237_Y [15] $flatten\u_pe.$ternary$/Users/toprakgundogdu/qwen-ffn-rom/rtl/gated_delta_bram.v:125$2237_Y [15] $flatten\u_pe.$ternary$/Users/toprakgundogdu/qwen-ffn-rom/rtl/gated_delta_bram.v:125$2237_Y [15] }
    Consolidated identical input bits for $mux cell $flatten\u_pe.$ternary$/Users/toprakgundogdu/qwen-ffn-rom/rtl/gated_delta_bram.v:125$2271:
      Old ports: A=$flatten\u_pe.$ternary$/Users/toprakgundogdu/qwen-ffn-rom/rtl/gated_delta_bram.v:126$2270_Y, B={ \u_pe.lanes[3].u_s.rdata [15] \u_pe.lanes[3].u_s.rdata [15] \u_pe.lanes[3].u_s.rdata [15] \u_pe.lanes[3].u_s.rdata [15] \u_pe.lanes[3].u_s.rdata [15] \u_pe.lanes[3].u_s.rdata [15] \u_pe.lanes[3].u_s.rdata [15] \u_pe.lanes[3].u_s.rdata [15] \u_pe.lanes[3].u_s.rdata [15] \u_pe.lanes[3].u_s.rdata [15] \u_pe.lanes[3].u_s.rdata [15] \u_pe.lanes[3].u_s.rdata [15] \u_pe.lanes[3].u_s.rdata [15] \u_pe.lanes[3].u_s.rdata [15] \u_pe.lanes[3].u_s.rdata [15] \u_pe.lanes[3].u_s.rdata [15] \u_pe.lanes[3].u_s.rdata }, Y=$flatten\u_pe.$ternary$/Users/toprakgundogdu/qwen-ffn-rom/rtl/gated_delta_bram.v:125$2271_Y
      New ports: A=$flatten\u_pe.$ternary$/Users/toprakgundogdu/qwen-ffn-rom/rtl/gated_delta_bram.v:126$2270_Y [15:0], B=\u_pe.lanes[3].u_s.rdata, Y=$flatten\u_pe.$ternary$/Users/toprakgundogdu/qwen-ffn-rom/rtl/gated_delta_bram.v:125$2271_Y [15:0]
      New connections: $flatten\u_pe.$ternary$/Users/toprakgundogdu/qwen-ffn-rom/rtl/gated_delta_bram.v:125$2271_Y [31:16] = { $flatten\u_pe.$ternary$/Users/toprakgundogdu/qwen-ffn-rom/rtl/gated_delta_bram.v:125$2271_Y [15] $flatten\u_pe.$ternary$/Users/toprakgundogdu/qwen-ffn-rom/rtl/gated_delta_bram.v:125$2271_Y [15] $flatten\u_pe.$ternary$/Users/toprakgundogdu/qwen-ffn-rom/rtl/gated_delta_bram.v:125$2271_Y [15] $flatten\u_pe.$ternary$/Users/toprakgundogdu/qwen-ffn-rom/rtl/gated_delta_bram.v:125$2271_Y [15] $flatten\u_pe.$ternary$/Users/toprakgundogdu/qwen-ffn-rom/rtl/gated_delta_bram.v:125$2271_Y [15] $flatten\u_pe.$ternary$/Users/toprakgundogdu/qwen-ffn-rom/rtl/gated_delta_bram.v:125$2271_Y [15] $flatten\u_pe.$ternary$/Users/toprakgundogdu/qwen-ffn-rom/rtl/gated_delta_bram.v:125$2271_Y [15] $flatten\u_pe.$ternary$/Users/toprakgundogdu/qwen-ffn-rom/rtl/gated_delta_bram.v:125$2271_Y [15] $flatten\u_pe.$ternary$/Users/toprakgundogdu/qwen-ffn-rom/rtl/gated_delta_bram.v:125$2271_Y [15] $flatten\u_pe.$ternary$/Users/toprakgundogdu/qwen-ffn-rom/rtl/gated_delta_bram.v:125$2271_Y [15] $flatten\u_pe.$ternary$/Users/toprakgundogdu/qwen-ffn-rom/rtl/gated_delta_bram.v:125$2271_Y [15] $flatten\u_pe.$ternary$/Users/toprakgundogdu/qwen-ffn-rom/rtl/gated_delta_bram.v:125$2271_Y [15] $flatten\u_pe.$ternary$/Users/toprakgundogdu/qwen-ffn-rom/rtl/gated_delta_bram.v:125$2271_Y [15] $flatten\u_pe.$ternary$/Users/toprakgundogdu/qwen-ffn-rom/rtl/gated_delta_bram.v:125$2271_Y [15] $flatten\u_pe.$ternary$/Users/toprakgundogdu/qwen-ffn-rom/rtl/gated_delta_bram.v:125$2271_Y [15] $flatten\u_pe.$ternary$/Users/toprakgundogdu/qwen-ffn-rom/rtl/gated_delta_bram.v:125$2271_Y [15] }
    Consolidated identical input bits for $mux cell $flatten\u_pe.$ternary$/Users/toprakgundogdu/qwen-ffn-rom/rtl/gated_delta_bram.v:125$2305:
      Old ports: A=$flatten\u_pe.$ternary$/Users/toprakgundogdu/qwen-ffn-rom/rtl/gated_delta_bram.v:126$2304_Y, B={ \u_pe.lanes[4].u_s.rdata [15] \u_pe.lanes[4].u_s.rdata [15] \u_pe.lanes[4].u_s.rdata [15] \u_pe.lanes[4].u_s.rdata [15] \u_pe.lanes[4].u_s.rdata [15] \u_pe.lanes[4].u_s.rdata [15] \u_pe.lanes[4].u_s.rdata [15] \u_pe.lanes[4].u_s.rdata [15] \u_pe.lanes[4].u_s.rdata [15] \u_pe.lanes[4].u_s.rdata [15] \u_pe.lanes[4].u_s.rdata [15] \u_pe.lanes[4].u_s.rdata [15] \u_pe.lanes[4].u_s.rdata [15] \u_pe.lanes[4].u_s.rdata [15] \u_pe.lanes[4].u_s.rdata [15] \u_pe.lanes[4].u_s.rdata [15] \u_pe.lanes[4].u_s.rdata }, Y=$flatten\u_pe.$ternary$/Users/toprakgundogdu/qwen-ffn-rom/rtl/gated_delta_bram.v:125$2305_Y
      New ports: A=$flatten\u_pe.$ternary$/Users/toprakgundogdu/qwen-ffn-rom/rtl/gated_delta_bram.v:126$2304_Y [15:0], B=\u_pe.lanes[4].u_s.rdata, Y=$flatten\u_pe.$ternary$/Users/toprakgundogdu/qwen-ffn-rom/rtl/gated_delta_bram.v:125$2305_Y [15:0]
      New connections: $flatten\u_pe.$ternary$/Users/toprakgundogdu/qwen-ffn-rom/rtl/gated_delta_bram.v:125$2305_Y [31:16] = { $flatten\u_pe.$ternary$/Users/toprakgundogdu/qwen-ffn-rom/rtl/gated_delta_bram.v:125$2305_Y [15] $flatten\u_pe.$ternary$/Users/toprakgundogdu/qwen-ffn-rom/rtl/gated_delta_bram.v:125$2305_Y [15] $flatten\u_pe.$ternary$/Users/toprakgundogdu/qwen-ffn-rom/rtl/gated_delta_bram.v:125$2305_Y [15] $flatten\u_pe.$ternary$/Users/toprakgundogdu/qwen-ffn-rom/rtl/gated_delta_bram.v:125$2305_Y [15] $flatten\u_pe.$ternary$/Users/toprakgundogdu/qwen-ffn-rom/rtl/gated_delta_bram.v:125$2305_Y [15] $flatten\u_pe.$ternary$/Users/toprakgundogdu/qwen-ffn-rom/rtl/gated_delta_bram.v:125$2305_Y [15] $flatten\u_pe.$ternary$/Users/toprakgundogdu/qwen-ffn-rom/rtl/gated_delta_bram.v:125$2305_Y [15] $flatten\u_pe.$ternary$/Users/toprakgundogdu/qwen-ffn-rom/rtl/gated_delta_bram.v:125$2305_Y [15] $flatten\u_pe.$ternary$/Users/toprakgundogdu/qwen-ffn-rom/rtl/gated_delta_bram.v:125$2305_Y [15] $flatten\u_pe.$ternary$/Users/toprakgundogdu/qwen-ffn-rom/rtl/gated_delta_bram.v:125$2305_Y [15] $flatten\u_pe.$ternary$/Users/toprakgundogdu/qwen-ffn-rom/rtl/gated_delta_bram.v:125$2305_Y [15] $flatten\u_pe.$ternary$/Users/toprakgundogdu/qwen-ffn-rom/rtl/gated_delta_bram.v:125$2305_Y [15] $flatten\u_pe.$ternary$/Users/toprakgundogdu/qwen-ffn-rom/rtl/gated_delta_bram.v:125$2305_Y [15] $flatten\u_pe.$ternary$/Users/toprakgundogdu/qwen-ffn-rom/rtl/gated_delta_bram.v:125$2305_Y [15] $flatten\u_pe.$ternary$/Users/toprakgundogdu/qwen-ffn-rom/rtl/gated_delta_bram.v:125$2305_Y [15] $flatten\u_pe.$ternary$/Users/toprakgundogdu/qwen-ffn-rom/rtl/gated_delta_bram.v:125$2305_Y [15] }
    Consolidated identical input bits for $mux cell $flatten\u_pe.$ternary$/Users/toprakgundogdu/qwen-ffn-rom/rtl/gated_delta_bram.v:125$2339:
      Old ports: A=$flatten\u_pe.$ternary$/Users/toprakgundogdu/qwen-ffn-rom/rtl/gated_delta_bram.v:126$2338_Y, B={ \u_pe.lanes[5].u_s.rdata [15] \u_pe.lanes[5].u_s.rdata [15] \u_pe.lanes[5].u_s.rdata [15] \u_pe.lanes[5].u_s.rdata [15] \u_pe.lanes[5].u_s.rdata [15] \u_pe.lanes[5].u_s.rdata [15] \u_pe.lanes[5].u_s.rdata [15] \u_pe.lanes[5].u_s.rdata [15] \u_pe.lanes[5].u_s.rdata [15] \u_pe.lanes[5].u_s.rdata [15] \u_pe.lanes[5].u_s.rdata [15] \u_pe.lanes[5].u_s.rdata [15] \u_pe.lanes[5].u_s.rdata [15] \u_pe.lanes[5].u_s.rdata [15] \u_pe.lanes[5].u_s.rdata [15] \u_pe.lanes[5].u_s.rdata [15] \u_pe.lanes[5].u_s.rdata }, Y=$flatten\u_pe.$ternary$/Users/toprakgundogdu/qwen-ffn-rom/rtl/gated_delta_bram.v:125$2339_Y
      New ports: A=$flatten\u_pe.$ternary$/Users/toprakgundogdu/qwen-ffn-rom/rtl/gated_delta_bram.v:126$2338_Y [15:0], B=\u_pe.lanes[5].u_s.rdata, Y=$flatten\u_pe.$ternary$/Users/toprakgundogdu/qwen-ffn-rom/rtl/gated_delta_bram.v:125$2339_Y [15:0]
      New connections: $flatten\u_pe.$ternary$/Users/toprakgundogdu/qwen-ffn-rom/rtl/gated_delta_bram.v:125$2339_Y [31:16] = { $flatten\u_pe.$ternary$/Users/toprakgundogdu/qwen-ffn-rom/rtl/gated_delta_bram.v:125$2339_Y [15] $flatten\u_pe.$ternary$/Users/toprakgundogdu/qwen-ffn-rom/rtl/gated_delta_bram.v:125$2339_Y [15] $flatten\u_pe.$ternary$/Users/toprakgundogdu/qwen-ffn-rom/rtl/gated_delta_bram.v:125$2339_Y [15] $flatten\u_pe.$ternary$/Users/toprakgundogdu/qwen-ffn-rom/rtl/gated_delta_bram.v:125$2339_Y [15] $flatten\u_pe.$ternary$/Users/toprakgundogdu/qwen-ffn-rom/rtl/gated_delta_bram.v:125$2339_Y [15] $flatten\u_pe.$ternary$/Users/toprakgundogdu/qwen-ffn-rom/rtl/gated_delta_bram.v:125$2339_Y [15] $flatten\u_pe.$ternary$/Users/toprakgundogdu/qwen-ffn-rom/rtl/gated_delta_bram.v:125$2339_Y [15] $flatten\u_pe.$ternary$/Users/toprakgundogdu/qwen-ffn-rom/rtl/gated_delta_bram.v:125$2339_Y [15] $flatten\u_pe.$ternary$/Users/toprakgundogdu/qwen-ffn-rom/rtl/gated_delta_bram.v:125$2339_Y [15] $flatten\u_pe.$ternary$/Users/toprakgundogdu/qwen-ffn-rom/rtl/gated_delta_bram.v:125$2339_Y [15] $flatten\u_pe.$ternary$/Users/toprakgundogdu/qwen-ffn-rom/rtl/gated_delta_bram.v:125$2339_Y [15] $flatten\u_pe.$ternary$/Users/toprakgundogdu/qwen-ffn-rom/rtl/gated_delta_bram.v:125$2339_Y [15] $flatten\u_pe.$ternary$/Users/toprakgundogdu/qwen-ffn-rom/rtl/gated_delta_bram.v:125$2339_Y [15] $flatten\u_pe.$ternary$/Users/toprakgundogdu/qwen-ffn-rom/rtl/gated_delta_bram.v:125$2339_Y [15] $flatten\u_pe.$ternary$/Users/toprakgundogdu/qwen-ffn-rom/rtl/gated_delta_bram.v:125$2339_Y [15] $flatten\u_pe.$ternary$/Users/toprakgundogdu/qwen-ffn-rom/rtl/gated_delta_bram.v:125$2339_Y [15] }
    Consolidated identical input bits for $mux cell $flatten\u_pe.$ternary$/Users/toprakgundogdu/qwen-ffn-rom/rtl/gated_delta_bram.v:125$2373:
      Old ports: A=$flatten\u_pe.$ternary$/Users/toprakgundogdu/qwen-ffn-rom/rtl/gated_delta_bram.v:126$2372_Y, B={ \u_pe.lanes[6].u_s.rdata [15] \u_pe.lanes[6].u_s.rdata [15] \u_pe.lanes[6].u_s.rdata [15] \u_pe.lanes[6].u_s.rdata [15] \u_pe.lanes[6].u_s.rdata [15] \u_pe.lanes[6].u_s.rdata [15] \u_pe.lanes[6].u_s.rdata [15] \u_pe.lanes[6].u_s.rdata [15] \u_pe.lanes[6].u_s.rdata [15] \u_pe.lanes[6].u_s.rdata [15] \u_pe.lanes[6].u_s.rdata [15] \u_pe.lanes[6].u_s.rdata [15] \u_pe.lanes[6].u_s.rdata [15] \u_pe.lanes[6].u_s.rdata [15] \u_pe.lanes[6].u_s.rdata [15] \u_pe.lanes[6].u_s.rdata [15] \u_pe.lanes[6].u_s.rdata }, Y=$flatten\u_pe.$ternary$/Users/toprakgundogdu/qwen-ffn-rom/rtl/gated_delta_bram.v:125$2373_Y
      New ports: A=$flatten\u_pe.$ternary$/Users/toprakgundogdu/qwen-ffn-rom/rtl/gated_delta_bram.v:126$2372_Y [15:0], B=\u_pe.lanes[6].u_s.rdata, Y=$flatten\u_pe.$ternary$/Users/toprakgundogdu/qwen-ffn-rom/rtl/gated_delta_bram.v:125$2373_Y [15:0]
      New connections: $flatten\u_pe.$ternary$/Users/toprakgundogdu/qwen-ffn-rom/rtl/gated_delta_bram.v:125$2373_Y [31:16] = { $flatten\u_pe.$ternary$/Users/toprakgundogdu/qwen-ffn-rom/rtl/gated_delta_bram.v:125$2373_Y [15] $flatten\u_pe.$ternary$/Users/toprakgundogdu/qwen-ffn-rom/rtl/gated_delta_bram.v:125$2373_Y [15] $flatten\u_pe.$ternary$/Users/toprakgundogdu/qwen-ffn-rom/rtl/gated_delta_bram.v:125$2373_Y [15] $flatten\u_pe.$ternary$/Users/toprakgundogdu/qwen-ffn-rom/rtl/gated_delta_bram.v:125$2373_Y [15] $flatten\u_pe.$ternary$/Users/toprakgundogdu/qwen-ffn-rom/rtl/gated_delta_bram.v:125$2373_Y [15] $flatten\u_pe.$ternary$/Users/toprakgundogdu/qwen-ffn-rom/rtl/gated_delta_bram.v:125$2373_Y [15] $flatten\u_pe.$ternary$/Users/toprakgundogdu/qwen-ffn-rom/rtl/gated_delta_bram.v:125$2373_Y [15] $flatten\u_pe.$ternary$/Users/toprakgundogdu/qwen-ffn-rom/rtl/gated_delta_bram.v:125$2373_Y [15] $flatten\u_pe.$ternary$/Users/toprakgundogdu/qwen-ffn-rom/rtl/gated_delta_bram.v:125$2373_Y [15] $flatten\u_pe.$ternary$/Users/toprakgundogdu/qwen-ffn-rom/rtl/gated_delta_bram.v:125$2373_Y [15] $flatten\u_pe.$ternary$/Users/toprakgundogdu/qwen-ffn-rom/rtl/gated_delta_bram.v:125$2373_Y [15] $flatten\u_pe.$ternary$/Users/toprakgundogdu/qwen-ffn-rom/rtl/gated_delta_bram.v:125$2373_Y [15] $flatten\u_pe.$ternary$/Users/toprakgundogdu/qwen-ffn-rom/rtl/gated_delta_bram.v:125$2373_Y [15] $flatten\u_pe.$ternary$/Users/toprakgundogdu/qwen-ffn-rom/rtl/gated_delta_bram.v:125$2373_Y [15] $flatten\u_pe.$ternary$/Users/toprakgundogdu/qwen-ffn-rom/rtl/gated_delta_bram.v:125$2373_Y [15] $flatten\u_pe.$ternary$/Users/toprakgundogdu/qwen-ffn-rom/rtl/gated_delta_bram.v:125$2373_Y [15] }
    Consolidated identical input bits for $mux cell $flatten\u_pe.$ternary$/Users/toprakgundogdu/qwen-ffn-rom/rtl/gated_delta_bram.v:125$2407:
      Old ports: A=$flatten\u_pe.$ternary$/Users/toprakgundogdu/qwen-ffn-rom/rtl/gated_delta_bram.v:126$2406_Y, B={ \u_pe.lanes[7].u_s.rdata [15] \u_pe.lanes[7].u_s.rdata [15] \u_pe.lanes[7].u_s.rdata [15] \u_pe.lanes[7].u_s.rdata [15] \u_pe.lanes[7].u_s.rdata [15] \u_pe.lanes[7].u_s.rdata [15] \u_pe.lanes[7].u_s.rdata [15] \u_pe.lanes[7].u_s.rdata [15] \u_pe.lanes[7].u_s.rdata [15] \u_pe.lanes[7].u_s.rdata [15] \u_pe.lanes[7].u_s.rdata [15] \u_pe.lanes[7].u_s.rdata [15] \u_pe.lanes[7].u_s.rdata [15] \u_pe.lanes[7].u_s.rdata [15] \u_pe.lanes[7].u_s.rdata [15] \u_pe.lanes[7].u_s.rdata [15] \u_pe.lanes[7].u_s.rdata }, Y=$flatten\u_pe.$ternary$/Users/toprakgundogdu/qwen-ffn-rom/rtl/gated_delta_bram.v:125$2407_Y
      New ports: A=$flatten\u_pe.$ternary$/Users/toprakgundogdu/qwen-ffn-rom/rtl/gated_delta_bram.v:126$2406_Y [15:0], B=\u_pe.lanes[7].u_s.rdata, Y=$flatten\u_pe.$ternary$/Users/toprakgundogdu/qwen-ffn-rom/rtl/gated_delta_bram.v:125$2407_Y [15:0]
      New connections: $flatten\u_pe.$ternary$/Users/toprakgundogdu/qwen-ffn-rom/rtl/gated_delta_bram.v:125$2407_Y [31:16] = { $flatten\u_pe.$ternary$/Users/toprakgundogdu/qwen-ffn-rom/rtl/gated_delta_bram.v:125$2407_Y [15] $flatten\u_pe.$ternary$/Users/toprakgundogdu/qwen-ffn-rom/rtl/gated_delta_bram.v:125$2407_Y [15] $flatten\u_pe.$ternary$/Users/toprakgundogdu/qwen-ffn-rom/rtl/gated_delta_bram.v:125$2407_Y [15] $flatten\u_pe.$ternary$/Users/toprakgundogdu/qwen-ffn-rom/rtl/gated_delta_bram.v:125$2407_Y [15] $flatten\u_pe.$ternary$/Users/toprakgundogdu/qwen-ffn-rom/rtl/gated_delta_bram.v:125$2407_Y [15] $flatten\u_pe.$ternary$/Users/toprakgundogdu/qwen-ffn-rom/rtl/gated_delta_bram.v:125$2407_Y [15] $flatten\u_pe.$ternary$/Users/toprakgundogdu/qwen-ffn-rom/rtl/gated_delta_bram.v:125$2407_Y [15] $flatten\u_pe.$ternary$/Users/toprakgundogdu/qwen-ffn-rom/rtl/gated_delta_bram.v:125$2407_Y [15] $flatten\u_pe.$ternary$/Users/toprakgundogdu/qwen-ffn-rom/rtl/gated_delta_bram.v:125$2407_Y [15] $flatten\u_pe.$ternary$/Users/toprakgundogdu/qwen-ffn-rom/rtl/gated_delta_bram.v:125$2407_Y [15] $flatten\u_pe.$ternary$/Users/toprakgundogdu/qwen-ffn-rom/rtl/gated_delta_bram.v:125$2407_Y [15] $flatten\u_pe.$ternary$/Users/toprakgundogdu/qwen-ffn-rom/rtl/gated_delta_bram.v:125$2407_Y [15] $flatten\u_pe.$ternary$/Users/toprakgundogdu/qwen-ffn-rom/rtl/gated_delta_bram.v:125$2407_Y [15] $flatten\u_pe.$ternary$/Users/toprakgundogdu/qwen-ffn-rom/rtl/gated_delta_bram.v:125$2407_Y [15] $flatten\u_pe.$ternary$/Users/toprakgundogdu/qwen-ffn-rom/rtl/gated_delta_bram.v:125$2407_Y [15] $flatten\u_pe.$ternary$/Users/toprakgundogdu/qwen-ffn-rom/rtl/gated_delta_bram.v:125$2407_Y [15] }
    Consolidated identical input bits for $mux cell $flatten\u_pe.$ternary$/Users/toprakgundogdu/qwen-ffn-rom/rtl/gated_delta_bram.v:125$2441:
      Old ports: A=$flatten\u_pe.$ternary$/Users/toprakgundogdu/qwen-ffn-rom/rtl/gated_delta_bram.v:126$2440_Y, B={ \u_pe.lanes[8].u_s.rdata [15] \u_pe.lanes[8].u_s.rdata [15] \u_pe.lanes[8].u_s.rdata [15] \u_pe.lanes[8].u_s.rdata [15] \u_pe.lanes[8].u_s.rdata [15] \u_pe.lanes[8].u_s.rdata [15] \u_pe.lanes[8].u_s.rdata [15] \u_pe.lanes[8].u_s.rdata [15] \u_pe.lanes[8].u_s.rdata [15] \u_pe.lanes[8].u_s.rdata [15] \u_pe.lanes[8].u_s.rdata [15] \u_pe.lanes[8].u_s.rdata [15] \u_pe.lanes[8].u_s.rdata [15] \u_pe.lanes[8].u_s.rdata [15] \u_pe.lanes[8].u_s.rdata [15] \u_pe.lanes[8].u_s.rdata [15] \u_pe.lanes[8].u_s.rdata }, Y=$flatten\u_pe.$ternary$/Users/toprakgundogdu/qwen-ffn-rom/rtl/gated_delta_bram.v:125$2441_Y
      New ports: A=$flatten\u_pe.$ternary$/Users/toprakgundogdu/qwen-ffn-rom/rtl/gated_delta_bram.v:126$2440_Y [15:0], B=\u_pe.lanes[8].u_s.rdata, Y=$flatten\u_pe.$ternary$/Users/toprakgundogdu/qwen-ffn-rom/rtl/gated_delta_bram.v:125$2441_Y [15:0]
      New connections: $flatten\u_pe.$ternary$/Users/toprakgundogdu/qwen-ffn-rom/rtl/gated_delta_bram.v:125$2441_Y [31:16] = { $flatten\u_pe.$ternary$/Users/toprakgundogdu/qwen-ffn-rom/rtl/gated_delta_bram.v:125$2441_Y [15] $flatten\u_pe.$ternary$/Users/toprakgundogdu/qwen-ffn-rom/rtl/gated_delta_bram.v:125$2441_Y [15] $flatten\u_pe.$ternary$/Users/toprakgundogdu/qwen-ffn-rom/rtl/gated_delta_bram.v:125$2441_Y [15] $flatten\u_pe.$ternary$/Users/toprakgundogdu/qwen-ffn-rom/rtl/gated_delta_bram.v:125$2441_Y [15] $flatten\u_pe.$ternary$/Users/toprakgundogdu/qwen-ffn-rom/rtl/gated_delta_bram.v:125$2441_Y [15] $flatten\u_pe.$ternary$/Users/toprakgundogdu/qwen-ffn-rom/rtl/gated_delta_bram.v:125$2441_Y [15] $flatten\u_pe.$ternary$/Users/toprakgundogdu/qwen-ffn-rom/rtl/gated_delta_bram.v:125$2441_Y [15] $flatten\u_pe.$ternary$/Users/toprakgundogdu/qwen-ffn-rom/rtl/gated_delta_bram.v:125$2441_Y [15] $flatten\u_pe.$ternary$/Users/toprakgundogdu/qwen-ffn-rom/rtl/gated_delta_bram.v:125$2441_Y [15] $flatten\u_pe.$ternary$/Users/toprakgundogdu/qwen-ffn-rom/rtl/gated_delta_bram.v:125$2441_Y [15] $flatten\u_pe.$ternary$/Users/toprakgundogdu/qwen-ffn-rom/rtl/gated_delta_bram.v:125$2441_Y [15] $flatten\u_pe.$ternary$/Users/toprakgundogdu/qwen-ffn-rom/rtl/gated_delta_bram.v:125$2441_Y [15] $flatten\u_pe.$ternary$/Users/toprakgundogdu/qwen-ffn-rom/rtl/gated_delta_bram.v:125$2441_Y [15] $flatten\u_pe.$ternary$/Users/toprakgundogdu/qwen-ffn-rom/rtl/gated_delta_bram.v:125$2441_Y [15] $flatten\u_pe.$ternary$/Users/toprakgundogdu/qwen-ffn-rom/rtl/gated_delta_bram.v:125$2441_Y [15] $flatten\u_pe.$ternary$/Users/toprakgundogdu/qwen-ffn-rom/rtl/gated_delta_bram.v:125$2441_Y [15] }
    Consolidated identical input bits for $mux cell $flatten\u_pe.$ternary$/Users/toprakgundogdu/qwen-ffn-rom/rtl/gated_delta_bram.v:125$2475:
      Old ports: A=$flatten\u_pe.$ternary$/Users/toprakgundogdu/qwen-ffn-rom/rtl/gated_delta_bram.v:126$2474_Y, B={ \u_pe.lanes[9].u_s.rdata [15] \u_pe.lanes[9].u_s.rdata [15] \u_pe.lanes[9].u_s.rdata [15] \u_pe.lanes[9].u_s.rdata [15] \u_pe.lanes[9].u_s.rdata [15] \u_pe.lanes[9].u_s.rdata [15] \u_pe.lanes[9].u_s.rdata [15] \u_pe.lanes[9].u_s.rdata [15] \u_pe.lanes[9].u_s.rdata [15] \u_pe.lanes[9].u_s.rdata [15] \u_pe.lanes[9].u_s.rdata [15] \u_pe.lanes[9].u_s.rdata [15] \u_pe.lanes[9].u_s.rdata [15] \u_pe.lanes[9].u_s.rdata [15] \u_pe.lanes[9].u_s.rdata [15] \u_pe.lanes[9].u_s.rdata [15] \u_pe.lanes[9].u_s.rdata }, Y=$flatten\u_pe.$ternary$/Users/toprakgundogdu/qwen-ffn-rom/rtl/gated_delta_bram.v:125$2475_Y
      New ports: A=$flatten\u_pe.$ternary$/Users/toprakgundogdu/qwen-ffn-rom/rtl/gated_delta_bram.v:126$2474_Y [15:0], B=\u_pe.lanes[9].u_s.rdata, Y=$flatten\u_pe.$ternary$/Users/toprakgundogdu/qwen-ffn-rom/rtl/gated_delta_bram.v:125$2475_Y [15:0]
      New connections: $flatten\u_pe.$ternary$/Users/toprakgundogdu/qwen-ffn-rom/rtl/gated_delta_bram.v:125$2475_Y [31:16] = { $flatten\u_pe.$ternary$/Users/toprakgundogdu/qwen-ffn-rom/rtl/gated_delta_bram.v:125$2475_Y [15] $flatten\u_pe.$ternary$/Users/toprakgundogdu/qwen-ffn-rom/rtl/gated_delta_bram.v:125$2475_Y [15] $flatten\u_pe.$ternary$/Users/toprakgundogdu/qwen-ffn-rom/rtl/gated_delta_bram.v:125$2475_Y [15] $flatten\u_pe.$ternary$/Users/toprakgundogdu/qwen-ffn-rom/rtl/gated_delta_bram.v:125$2475_Y [15] $flatten\u_pe.$ternary$/Users/toprakgundogdu/qwen-ffn-rom/rtl/gated_delta_bram.v:125$2475_Y [15] $flatten\u_pe.$ternary$/Users/toprakgundogdu/qwen-ffn-rom/rtl/gated_delta_bram.v:125$2475_Y [15] $flatten\u_pe.$ternary$/Users/toprakgundogdu/qwen-ffn-rom/rtl/gated_delta_bram.v:125$2475_Y [15] $flatten\u_pe.$ternary$/Users/toprakgundogdu/qwen-ffn-rom/rtl/gated_delta_bram.v:125$2475_Y [15] $flatten\u_pe.$ternary$/Users/toprakgundogdu/qwen-ffn-rom/rtl/gated_delta_bram.v:125$2475_Y [15] $flatten\u_pe.$ternary$/Users/toprakgundogdu/qwen-ffn-rom/rtl/gated_delta_bram.v:125$2475_Y [15] $flatten\u_pe.$ternary$/Users/toprakgundogdu/qwen-ffn-rom/rtl/gated_delta_bram.v:125$2475_Y [15] $flatten\u_pe.$ternary$/Users/toprakgundogdu/qwen-ffn-rom/rtl/gated_delta_bram.v:125$2475_Y [15] $flatten\u_pe.$ternary$/Users/toprakgundogdu/qwen-ffn-rom/rtl/gated_delta_bram.v:125$2475_Y [15] $flatten\u_pe.$ternary$/Users/toprakgundogdu/qwen-ffn-rom/rtl/gated_delta_bram.v:125$2475_Y [15] $flatten\u_pe.$ternary$/Users/toprakgundogdu/qwen-ffn-rom/rtl/gated_delta_bram.v:125$2475_Y [15] $flatten\u_pe.$ternary$/Users/toprakgundogdu/qwen-ffn-rom/rtl/gated_delta_bram.v:125$2475_Y [15] }
    Consolidated identical input bits for $mux cell $flatten\u_pe.$ternary$/Users/toprakgundogdu/qwen-ffn-rom/rtl/gated_delta_bram.v:125$2509:
      Old ports: A=$flatten\u_pe.$ternary$/Users/toprakgundogdu/qwen-ffn-rom/rtl/gated_delta_bram.v:126$2508_Y, B={ \u_pe.lanes[10].u_s.rdata [15] \u_pe.lanes[10].u_s.rdata [15] \u_pe.lanes[10].u_s.rdata [15] \u_pe.lanes[10].u_s.rdata [15] \u_pe.lanes[10].u_s.rdata [15] \u_pe.lanes[10].u_s.rdata [15] \u_pe.lanes[10].u_s.rdata [15] \u_pe.lanes[10].u_s.rdata [15] \u_pe.lanes[10].u_s.rdata [15] \u_pe.lanes[10].u_s.rdata [15] \u_pe.lanes[10].u_s.rdata [15] \u_pe.lanes[10].u_s.rdata [15] \u_pe.lanes[10].u_s.rdata [15] \u_pe.lanes[10].u_s.rdata [15] \u_pe.lanes[10].u_s.rdata [15] \u_pe.lanes[10].u_s.rdata [15] \u_pe.lanes[10].u_s.rdata }, Y=$flatten\u_pe.$ternary$/Users/toprakgundogdu/qwen-ffn-rom/rtl/gated_delta_bram.v:125$2509_Y
      New ports: A=$flatten\u_pe.$ternary$/Users/toprakgundogdu/qwen-ffn-rom/rtl/gated_delta_bram.v:126$2508_Y [15:0], B=\u_pe.lanes[10].u_s.rdata, Y=$flatten\u_pe.$ternary$/Users/toprakgundogdu/qwen-ffn-rom/rtl/gated_delta_bram.v:125$2509_Y [15:0]
      New connections: $flatten\u_pe.$ternary$/Users/toprakgundogdu/qwen-ffn-rom/rtl/gated_delta_bram.v:125$2509_Y [31:16] = { $flatten\u_pe.$ternary$/Users/toprakgundogdu/qwen-ffn-rom/rtl/gated_delta_bram.v:125$2509_Y [15] $flatten\u_pe.$ternary$/Users/toprakgundogdu/qwen-ffn-rom/rtl/gated_delta_bram.v:125$2509_Y [15] $flatten\u_pe.$ternary$/Users/toprakgundogdu/qwen-ffn-rom/rtl/gated_delta_bram.v:125$2509_Y [15] $flatten\u_pe.$ternary$/Users/toprakgundogdu/qwen-ffn-rom/rtl/gated_delta_bram.v:125$2509_Y [15] $flatten\u_pe.$ternary$/Users/toprakgundogdu/qwen-ffn-rom/rtl/gated_delta_bram.v:125$2509_Y [15] $flatten\u_pe.$ternary$/Users/toprakgundogdu/qwen-ffn-rom/rtl/gated_delta_bram.v:125$2509_Y [15] $flatten\u_pe.$ternary$/Users/toprakgundogdu/qwen-ffn-rom/rtl/gated_delta_bram.v:125$2509_Y [15] $flatten\u_pe.$ternary$/Users/toprakgundogdu/qwen-ffn-rom/rtl/gated_delta_bram.v:125$2509_Y [15] $flatten\u_pe.$ternary$/Users/toprakgundogdu/qwen-ffn-rom/rtl/gated_delta_bram.v:125$2509_Y [15] $flatten\u_pe.$ternary$/Users/toprakgundogdu/qwen-ffn-rom/rtl/gated_delta_bram.v:125$2509_Y [15] $flatten\u_pe.$ternary$/Users/toprakgundogdu/qwen-ffn-rom/rtl/gated_delta_bram.v:125$2509_Y [15] $flatten\u_pe.$ternary$/Users/toprakgundogdu/qwen-ffn-rom/rtl/gated_delta_bram.v:125$2509_Y [15] $flatten\u_pe.$ternary$/Users/toprakgundogdu/qwen-ffn-rom/rtl/gated_delta_bram.v:125$2509_Y [15] $flatten\u_pe.$ternary$/Users/toprakgundogdu/qwen-ffn-rom/rtl/gated_delta_bram.v:125$2509_Y [15] $flatten\u_pe.$ternary$/Users/toprakgundogdu/qwen-ffn-rom/rtl/gated_delta_bram.v:125$2509_Y [15] $flatten\u_pe.$ternary$/Users/toprakgundogdu/qwen-ffn-rom/rtl/gated_delta_bram.v:125$2509_Y [15] }
    Consolidated identical input bits for $mux cell $flatten\u_pe.$ternary$/Users/toprakgundogdu/qwen-ffn-rom/rtl/gated_delta_bram.v:125$2543:
      Old ports: A=$flatten\u_pe.$ternary$/Users/toprakgundogdu/qwen-ffn-rom/rtl/gated_delta_bram.v:126$2542_Y, B={ \u_pe.lanes[11].u_s.rdata [15] \u_pe.lanes[11].u_s.rdata [15] \u_pe.lanes[11].u_s.rdata [15] \u_pe.lanes[11].u_s.rdata [15] \u_pe.lanes[11].u_s.rdata [15] \u_pe.lanes[11].u_s.rdata [15] \u_pe.lanes[11].u_s.rdata [15] \u_pe.lanes[11].u_s.rdata [15] \u_pe.lanes[11].u_s.rdata [15] \u_pe.lanes[11].u_s.rdata [15] \u_pe.lanes[11].u_s.rdata [15] \u_pe.lanes[11].u_s.rdata [15] \u_pe.lanes[11].u_s.rdata [15] \u_pe.lanes[11].u_s.rdata [15] \u_pe.lanes[11].u_s.rdata [15] \u_pe.lanes[11].u_s.rdata [15] \u_pe.lanes[11].u_s.rdata }, Y=$flatten\u_pe.$ternary$/Users/toprakgundogdu/qwen-ffn-rom/rtl/gated_delta_bram.v:125$2543_Y
      New ports: A=$flatten\u_pe.$ternary$/Users/toprakgundogdu/qwen-ffn-rom/rtl/gated_delta_bram.v:126$2542_Y [15:0], B=\u_pe.lanes[11].u_s.rdata, Y=$flatten\u_pe.$ternary$/Users/toprakgundogdu/qwen-ffn-rom/rtl/gated_delta_bram.v:125$2543_Y [15:0]
      New connections: $flatten\u_pe.$ternary$/Users/toprakgundogdu/qwen-ffn-rom/rtl/gated_delta_bram.v:125$2543_Y [31:16] = { $flatten\u_pe.$ternary$/Users/toprakgundogdu/qwen-ffn-rom/rtl/gated_delta_bram.v:125$2543_Y [15] $flatten\u_pe.$ternary$/Users/toprakgundogdu/qwen-ffn-rom/rtl/gated_delta_bram.v:125$2543_Y [15] $flatten\u_pe.$ternary$/Users/toprakgundogdu/qwen-ffn-rom/rtl/gated_delta_bram.v:125$2543_Y [15] $flatten\u_pe.$ternary$/Users/toprakgundogdu/qwen-ffn-rom/rtl/gated_delta_bram.v:125$2543_Y [15] $flatten\u_pe.$ternary$/Users/toprakgundogdu/qwen-ffn-rom/rtl/gated_delta_bram.v:125$2543_Y [15] $flatten\u_pe.$ternary$/Users/toprakgundogdu/qwen-ffn-rom/rtl/gated_delta_bram.v:125$2543_Y [15] $flatten\u_pe.$ternary$/Users/toprakgundogdu/qwen-ffn-rom/rtl/gated_delta_bram.v:125$2543_Y [15] $flatten\u_pe.$ternary$/Users/toprakgundogdu/qwen-ffn-rom/rtl/gated_delta_bram.v:125$2543_Y [15] $flatten\u_pe.$ternary$/Users/toprakgundogdu/qwen-ffn-rom/rtl/gated_delta_bram.v:125$2543_Y [15] $flatten\u_pe.$ternary$/Users/toprakgundogdu/qwen-ffn-rom/rtl/gated_delta_bram.v:125$2543_Y [15] $flatten\u_pe.$ternary$/Users/toprakgundogdu/qwen-ffn-rom/rtl/gated_delta_bram.v:125$2543_Y [15] $flatten\u_pe.$ternary$/Users/toprakgundogdu/qwen-ffn-rom/rtl/gated_delta_bram.v:125$2543_Y [15] $flatten\u_pe.$ternary$/Users/toprakgundogdu/qwen-ffn-rom/rtl/gated_delta_bram.v:125$2543_Y [15] $flatten\u_pe.$ternary$/Users/toprakgundogdu/qwen-ffn-rom/rtl/gated_delta_bram.v:125$2543_Y [15] $flatten\u_pe.$ternary$/Users/toprakgundogdu/qwen-ffn-rom/rtl/gated_delta_bram.v:125$2543_Y [15] $flatten\u_pe.$ternary$/Users/toprakgundogdu/qwen-ffn-rom/rtl/gated_delta_bram.v:125$2543_Y [15] }
    Consolidated identical input bits for $mux cell $flatten\u_pe.$ternary$/Users/toprakgundogdu/qwen-ffn-rom/rtl/gated_delta_bram.v:125$2577:
      Old ports: A=$flatten\u_pe.$ternary$/Users/toprakgundogdu/qwen-ffn-rom/rtl/gated_delta_bram.v:126$2576_Y, B={ \u_pe.lanes[12].u_s.rdata [15] \u_pe.lanes[12].u_s.rdata [15] \u_pe.lanes[12].u_s.rdata [15] \u_pe.lanes[12].u_s.rdata [15] \u_pe.lanes[12].u_s.rdata [15] \u_pe.lanes[12].u_s.rdata [15] \u_pe.lanes[12].u_s.rdata [15] \u_pe.lanes[12].u_s.rdata [15] \u_pe.lanes[12].u_s.rdata [15] \u_pe.lanes[12].u_s.rdata [15] \u_pe.lanes[12].u_s.rdata [15] \u_pe.lanes[12].u_s.rdata [15] \u_pe.lanes[12].u_s.rdata [15] \u_pe.lanes[12].u_s.rdata [15] \u_pe.lanes[12].u_s.rdata [15] \u_pe.lanes[12].u_s.rdata [15] \u_pe.lanes[12].u_s.rdata }, Y=$flatten\u_pe.$ternary$/Users/toprakgundogdu/qwen-ffn-rom/rtl/gated_delta_bram.v:125$2577_Y
      New ports: A=$flatten\u_pe.$ternary$/Users/toprakgundogdu/qwen-ffn-rom/rtl/gated_delta_bram.v:126$2576_Y [15:0], B=\u_pe.lanes[12].u_s.rdata, Y=$flatten\u_pe.$ternary$/Users/toprakgundogdu/qwen-ffn-rom/rtl/gated_delta_bram.v:125$2577_Y [15:0]
      New connections: $flatten\u_pe.$ternary$/Users/toprakgundogdu/qwen-ffn-rom/rtl/gated_delta_bram.v:125$2577_Y [31:16] = { $flatten\u_pe.$ternary$/Users/toprakgundogdu/qwen-ffn-rom/rtl/gated_delta_bram.v:125$2577_Y [15] $flatten\u_pe.$ternary$/Users/toprakgundogdu/qwen-ffn-rom/rtl/gated_delta_bram.v:125$2577_Y [15] $flatten\u_pe.$ternary$/Users/toprakgundogdu/qwen-ffn-rom/rtl/gated_delta_bram.v:125$2577_Y [15] $flatten\u_pe.$ternary$/Users/toprakgundogdu/qwen-ffn-rom/rtl/gated_delta_bram.v:125$2577_Y [15] $flatten\u_pe.$ternary$/Users/toprakgundogdu/qwen-ffn-rom/rtl/gated_delta_bram.v:125$2577_Y [15] $flatten\u_pe.$ternary$/Users/toprakgundogdu/qwen-ffn-rom/rtl/gated_delta_bram.v:125$2577_Y [15] $flatten\u_pe.$ternary$/Users/toprakgundogdu/qwen-ffn-rom/rtl/gated_delta_bram.v:125$2577_Y [15] $flatten\u_pe.$ternary$/Users/toprakgundogdu/qwen-ffn-rom/rtl/gated_delta_bram.v:125$2577_Y [15] $flatten\u_pe.$ternary$/Users/toprakgundogdu/qwen-ffn-rom/rtl/gated_delta_bram.v:125$2577_Y [15] $flatten\u_pe.$ternary$/Users/toprakgundogdu/qwen-ffn-rom/rtl/gated_delta_bram.v:125$2577_Y [15] $flatten\u_pe.$ternary$/Users/toprakgundogdu/qwen-ffn-rom/rtl/gated_delta_bram.v:125$2577_Y [15] $flatten\u_pe.$ternary$/Users/toprakgundogdu/qwen-ffn-rom/rtl/gated_delta_bram.v:125$2577_Y [15] $flatten\u_pe.$ternary$/Users/toprakgundogdu/qwen-ffn-rom/rtl/gated_delta_bram.v:125$2577_Y [15] $flatten\u_pe.$ternary$/Users/toprakgundogdu/qwen-ffn-rom/rtl/gated_delta_bram.v:125$2577_Y [15] $flatten\u_pe.$ternary$/Users/toprakgundogdu/qwen-ffn-rom/rtl/gated_delta_bram.v:125$2577_Y [15] $flatten\u_pe.$ternary$/Users/toprakgundogdu/qwen-ffn-rom/rtl/gated_delta_bram.v:125$2577_Y [15] }
    Consolidated identical input bits for $mux cell $flatten\u_pe.$ternary$/Users/toprakgundogdu/qwen-ffn-rom/rtl/gated_delta_bram.v:125$2611:
      Old ports: A=$flatten\u_pe.$ternary$/Users/toprakgundogdu/qwen-ffn-rom/rtl/gated_delta_bram.v:126$2610_Y, B={ \u_pe.lanes[13].u_s.rdata [15] \u_pe.lanes[13].u_s.rdata [15] \u_pe.lanes[13].u_s.rdata [15] \u_pe.lanes[13].u_s.rdata [15] \u_pe.lanes[13].u_s.rdata [15] \u_pe.lanes[13].u_s.rdata [15] \u_pe.lanes[13].u_s.rdata [15] \u_pe.lanes[13].u_s.rdata [15] \u_pe.lanes[13].u_s.rdata [15] \u_pe.lanes[13].u_s.rdata [15] \u_pe.lanes[13].u_s.rdata [15] \u_pe.lanes[13].u_s.rdata [15] \u_pe.lanes[13].u_s.rdata [15] \u_pe.lanes[13].u_s.rdata [15] \u_pe.lanes[13].u_s.rdata [15] \u_pe.lanes[13].u_s.rdata [15] \u_pe.lanes[13].u_s.rdata }, Y=$flatten\u_pe.$ternary$/Users/toprakgundogdu/qwen-ffn-rom/rtl/gated_delta_bram.v:125$2611_Y
      New ports: A=$flatten\u_pe.$ternary$/Users/toprakgundogdu/qwen-ffn-rom/rtl/gated_delta_bram.v:126$2610_Y [15:0], B=\u_pe.lanes[13].u_s.rdata, Y=$flatten\u_pe.$ternary$/Users/toprakgundogdu/qwen-ffn-rom/rtl/gated_delta_bram.v:125$2611_Y [15:0]
      New connections: $flatten\u_pe.$ternary$/Users/toprakgundogdu/qwen-ffn-rom/rtl/gated_delta_bram.v:125$2611_Y [31:16] = { $flatten\u_pe.$ternary$/Users/toprakgundogdu/qwen-ffn-rom/rtl/gated_delta_bram.v:125$2611_Y [15] $flatten\u_pe.$ternary$/Users/toprakgundogdu/qwen-ffn-rom/rtl/gated_delta_bram.v:125$2611_Y [15] $flatten\u_pe.$ternary$/Users/toprakgundogdu/qwen-ffn-rom/rtl/gated_delta_bram.v:125$2611_Y [15] $flatten\u_pe.$ternary$/Users/toprakgundogdu/qwen-ffn-rom/rtl/gated_delta_bram.v:125$2611_Y [15] $flatten\u_pe.$ternary$/Users/toprakgundogdu/qwen-ffn-rom/rtl/gated_delta_bram.v:125$2611_Y [15] $flatten\u_pe.$ternary$/Users/toprakgundogdu/qwen-ffn-rom/rtl/gated_delta_bram.v:125$2611_Y [15] $flatten\u_pe.$ternary$/Users/toprakgundogdu/qwen-ffn-rom/rtl/gated_delta_bram.v:125$2611_Y [15] $flatten\u_pe.$ternary$/Users/toprakgundogdu/qwen-ffn-rom/rtl/gated_delta_bram.v:125$2611_Y [15] $flatten\u_pe.$ternary$/Users/toprakgundogdu/qwen-ffn-rom/rtl/gated_delta_bram.v:125$2611_Y [15] $flatten\u_pe.$ternary$/Users/toprakgundogdu/qwen-ffn-rom/rtl/gated_delta_bram.v:125$2611_Y [15] $flatten\u_pe.$ternary$/Users/toprakgundogdu/qwen-ffn-rom/rtl/gated_delta_bram.v:125$2611_Y [15] $flatten\u_pe.$ternary$/Users/toprakgundogdu/qwen-ffn-rom/rtl/gated_delta_bram.v:125$2611_Y [15] $flatten\u_pe.$ternary$/Users/toprakgundogdu/qwen-ffn-rom/rtl/gated_delta_bram.v:125$2611_Y [15] $flatten\u_pe.$ternary$/Users/toprakgundogdu/qwen-ffn-rom/rtl/gated_delta_bram.v:125$2611_Y [15] $flatten\u_pe.$ternary$/Users/toprakgundogdu/qwen-ffn-rom/rtl/gated_delta_bram.v:125$2611_Y [15] $flatten\u_pe.$ternary$/Users/toprakgundogdu/qwen-ffn-rom/rtl/gated_delta_bram.v:125$2611_Y [15] }
    Consolidated identical input bits for $mux cell $flatten\u_pe.$ternary$/Users/toprakgundogdu/qwen-ffn-rom/rtl/gated_delta_bram.v:125$2645:
      Old ports: A=$flatten\u_pe.$ternary$/Users/toprakgundogdu/qwen-ffn-rom/rtl/gated_delta_bram.v:126$2644_Y, B={ \u_pe.lanes[14].u_s.rdata [15] \u_pe.lanes[14].u_s.rdata [15] \u_pe.lanes[14].u_s.rdata [15] \u_pe.lanes[14].u_s.rdata [15] \u_pe.lanes[14].u_s.rdata [15] \u_pe.lanes[14].u_s.rdata [15] \u_pe.lanes[14].u_s.rdata [15] \u_pe.lanes[14].u_s.rdata [15] \u_pe.lanes[14].u_s.rdata [15] \u_pe.lanes[14].u_s.rdata [15] \u_pe.lanes[14].u_s.rdata [15] \u_pe.lanes[14].u_s.rdata [15] \u_pe.lanes[14].u_s.rdata [15] \u_pe.lanes[14].u_s.rdata [15] \u_pe.lanes[14].u_s.rdata [15] \u_pe.lanes[14].u_s.rdata [15] \u_pe.lanes[14].u_s.rdata }, Y=$flatten\u_pe.$ternary$/Users/toprakgundogdu/qwen-ffn-rom/rtl/gated_delta_bram.v:125$2645_Y
      New ports: A=$flatten\u_pe.$ternary$/Users/toprakgundogdu/qwen-ffn-rom/rtl/gated_delta_bram.v:126$2644_Y [15:0], B=\u_pe.lanes[14].u_s.rdata, Y=$flatten\u_pe.$ternary$/Users/toprakgundogdu/qwen-ffn-rom/rtl/gated_delta_bram.v:125$2645_Y [15:0]
      New connections: $flatten\u_pe.$ternary$/Users/toprakgundogdu/qwen-ffn-rom/rtl/gated_delta_bram.v:125$2645_Y [31:16] = { $flatten\u_pe.$ternary$/Users/toprakgundogdu/qwen-ffn-rom/rtl/gated_delta_bram.v:125$2645_Y [15] $flatten\u_pe.$ternary$/Users/toprakgundogdu/qwen-ffn-rom/rtl/gated_delta_bram.v:125$2645_Y [15] $flatten\u_pe.$ternary$/Users/toprakgundogdu/qwen-ffn-rom/rtl/gated_delta_bram.v:125$2645_Y [15] $flatten\u_pe.$ternary$/Users/toprakgundogdu/qwen-ffn-rom/rtl/gated_delta_bram.v:125$2645_Y [15] $flatten\u_pe.$ternary$/Users/toprakgundogdu/qwen-ffn-rom/rtl/gated_delta_bram.v:125$2645_Y [15] $flatten\u_pe.$ternary$/Users/toprakgundogdu/qwen-ffn-rom/rtl/gated_delta_bram.v:125$2645_Y [15] $flatten\u_pe.$ternary$/Users/toprakgundogdu/qwen-ffn-rom/rtl/gated_delta_bram.v:125$2645_Y [15] $flatten\u_pe.$ternary$/Users/toprakgundogdu/qwen-ffn-rom/rtl/gated_delta_bram.v:125$2645_Y [15] $flatten\u_pe.$ternary$/Users/toprakgundogdu/qwen-ffn-rom/rtl/gated_delta_bram.v:125$2645_Y [15] $flatten\u_pe.$ternary$/Users/toprakgundogdu/qwen-ffn-rom/rtl/gated_delta_bram.v:125$2645_Y [15] $flatten\u_pe.$ternary$/Users/toprakgundogdu/qwen-ffn-rom/rtl/gated_delta_bram.v:125$2645_Y [15] $flatten\u_pe.$ternary$/Users/toprakgundogdu/qwen-ffn-rom/rtl/gated_delta_bram.v:125$2645_Y [15] $flatten\u_pe.$ternary$/Users/toprakgundogdu/qwen-ffn-rom/rtl/gated_delta_bram.v:125$2645_Y [15] $flatten\u_pe.$ternary$/Users/toprakgundogdu/qwen-ffn-rom/rtl/gated_delta_bram.v:125$2645_Y [15] $flatten\u_pe.$ternary$/Users/toprakgundogdu/qwen-ffn-rom/rtl/gated_delta_bram.v:125$2645_Y [15] $flatten\u_pe.$ternary$/Users/toprakgundogdu/qwen-ffn-rom/rtl/gated_delta_bram.v:125$2645_Y [15] }
    Consolidated identical input bits for $mux cell $flatten\u_pe.$ternary$/Users/toprakgundogdu/qwen-ffn-rom/rtl/gated_delta_bram.v:125$2679:
      Old ports: A=$flatten\u_pe.$ternary$/Users/toprakgundogdu/qwen-ffn-rom/rtl/gated_delta_bram.v:126$2678_Y, B={ \u_pe.lanes[15].u_s.rdata [15] \u_pe.lanes[15].u_s.rdata [15] \u_pe.lanes[15].u_s.rdata [15] \u_pe.lanes[15].u_s.rdata [15] \u_pe.lanes[15].u_s.rdata [15] \u_pe.lanes[15].u_s.rdata [15] \u_pe.lanes[15].u_s.rdata [15] \u_pe.lanes[15].u_s.rdata [15] \u_pe.lanes[15].u_s.rdata [15] \u_pe.lanes[15].u_s.rdata [15] \u_pe.lanes[15].u_s.rdata [15] \u_pe.lanes[15].u_s.rdata [15] \u_pe.lanes[15].u_s.rdata [15] \u_pe.lanes[15].u_s.rdata [15] \u_pe.lanes[15].u_s.rdata [15] \u_pe.lanes[15].u_s.rdata [15] \u_pe.lanes[15].u_s.rdata }, Y=$flatten\u_pe.$ternary$/Users/toprakgundogdu/qwen-ffn-rom/rtl/gated_delta_bram.v:125$2679_Y
      New ports: A=$flatten\u_pe.$ternary$/Users/toprakgundogdu/qwen-ffn-rom/rtl/gated_delta_bram.v:126$2678_Y [15:0], B=\u_pe.lanes[15].u_s.rdata, Y=$flatten\u_pe.$ternary$/Users/toprakgundogdu/qwen-ffn-rom/rtl/gated_delta_bram.v:125$2679_Y [15:0]
      New connections: $flatten\u_pe.$ternary$/Users/toprakgundogdu/qwen-ffn-rom/rtl/gated_delta_bram.v:125$2679_Y [31:16] = { $flatten\u_pe.$ternary$/Users/toprakgundogdu/qwen-ffn-rom/rtl/gated_delta_bram.v:125$2679_Y [15] $flatten\u_pe.$ternary$/Users/toprakgundogdu/qwen-ffn-rom/rtl/gated_delta_bram.v:125$2679_Y [15] $flatten\u_pe.$ternary$/Users/toprakgundogdu/qwen-ffn-rom/rtl/gated_delta_bram.v:125$2679_Y [15] $flatten\u_pe.$ternary$/Users/toprakgundogdu/qwen-ffn-rom/rtl/gated_delta_bram.v:125$2679_Y [15] $flatten\u_pe.$ternary$/Users/toprakgundogdu/qwen-ffn-rom/rtl/gated_delta_bram.v:125$2679_Y [15] $flatten\u_pe.$ternary$/Users/toprakgundogdu/qwen-ffn-rom/rtl/gated_delta_bram.v:125$2679_Y [15] $flatten\u_pe.$ternary$/Users/toprakgundogdu/qwen-ffn-rom/rtl/gated_delta_bram.v:125$2679_Y [15] $flatten\u_pe.$ternary$/Users/toprakgundogdu/qwen-ffn-rom/rtl/gated_delta_bram.v:125$2679_Y [15] $flatten\u_pe.$ternary$/Users/toprakgundogdu/qwen-ffn-rom/rtl/gated_delta_bram.v:125$2679_Y [15] $flatten\u_pe.$ternary$/Users/toprakgundogdu/qwen-ffn-rom/rtl/gated_delta_bram.v:125$2679_Y [15] $flatten\u_pe.$ternary$/Users/toprakgundogdu/qwen-ffn-rom/rtl/gated_delta_bram.v:125$2679_Y [15] $flatten\u_pe.$ternary$/Users/toprakgundogdu/qwen-ffn-rom/rtl/gated_delta_bram.v:125$2679_Y [15] $flatten\u_pe.$ternary$/Users/toprakgundogdu/qwen-ffn-rom/rtl/gated_delta_bram.v:125$2679_Y [15] $flatten\u_pe.$ternary$/Users/toprakgundogdu/qwen-ffn-rom/rtl/gated_delta_bram.v:125$2679_Y [15] $flatten\u_pe.$ternary$/Users/toprakgundogdu/qwen-ffn-rom/rtl/gated_delta_bram.v:125$2679_Y [15] $flatten\u_pe.$ternary$/Users/toprakgundogdu/qwen-ffn-rom/rtl/gated_delta_bram.v:125$2679_Y [15] }
    Consolidated identical input bits for $mux cell $flatten\u_pe.$ternary$/Users/toprakgundogdu/qwen-ffn-rom/rtl/gated_delta_bram.v:131$2178:
      Old ports: A=$flatten\u_pe.$ternary$/Users/toprakgundogdu/qwen-ffn-rom/rtl/gated_delta_bram.v:132$2177_Y, B={ \u_pe.lanes[0].k_row [7] \u_pe.lanes[0].k_row [7] \u_pe.lanes[0].k_row [7] \u_pe.lanes[0].k_row [7] \u_pe.lanes[0].k_row [7] \u_pe.lanes[0].k_row [7] \u_pe.lanes[0].k_row [7] \u_pe.lanes[0].k_row [7] \u_pe.lanes[0].k_row [7] \u_pe.lanes[0].k_row [7] \u_pe.lanes[0].k_row [7] \u_pe.lanes[0].k_row [7] \u_pe.lanes[0].k_row [7] \u_pe.lanes[0].k_row [7] \u_pe.lanes[0].k_row [7] \u_pe.lanes[0].k_row [7] \u_pe.lanes[0].k_row [7] \u_pe.lanes[0].k_row [7] \u_pe.lanes[0].k_row [7] \u_pe.lanes[0].k_row [7] \u_pe.lanes[0].k_row [7] \u_pe.lanes[0].k_row [7] \u_pe.lanes[0].k_row [7] \u_pe.lanes[0].k_row [7] \u_pe.lanes[0].k_row [7:0] }, Y=$flatten\u_pe.$ternary$/Users/toprakgundogdu/qwen-ffn-rom/rtl/gated_delta_bram.v:131$2178_Y
      New ports: A=$flatten\u_pe.$ternary$/Users/toprakgundogdu/qwen-ffn-rom/rtl/gated_delta_bram.v:132$2177_Y [23:0], B={ \u_pe.lanes[0].k_row [7] \u_pe.lanes[0].k_row [7] \u_pe.lanes[0].k_row [7] \u_pe.lanes[0].k_row [7] \u_pe.lanes[0].k_row [7] \u_pe.lanes[0].k_row [7] \u_pe.lanes[0].k_row [7] \u_pe.lanes[0].k_row [7] \u_pe.lanes[0].k_row [7] \u_pe.lanes[0].k_row [7] \u_pe.lanes[0].k_row [7] \u_pe.lanes[0].k_row [7] \u_pe.lanes[0].k_row [7] \u_pe.lanes[0].k_row [7] \u_pe.lanes[0].k_row [7] \u_pe.lanes[0].k_row [7] \u_pe.lanes[0].k_row [7:0] }, Y=$flatten\u_pe.$ternary$/Users/toprakgundogdu/qwen-ffn-rom/rtl/gated_delta_bram.v:131$2178_Y [23:0]
      New connections: $flatten\u_pe.$ternary$/Users/toprakgundogdu/qwen-ffn-rom/rtl/gated_delta_bram.v:131$2178_Y [31:24] = { $flatten\u_pe.$ternary$/Users/toprakgundogdu/qwen-ffn-rom/rtl/gated_delta_bram.v:131$2178_Y [23] $flatten\u_pe.$ternary$/Users/toprakgundogdu/qwen-ffn-rom/rtl/gated_delta_bram.v:131$2178_Y [23] $flatten\u_pe.$ternary$/Users/toprakgundogdu/qwen-ffn-rom/rtl/gated_delta_bram.v:131$2178_Y [23] $flatten\u_pe.$ternary$/Users/toprakgundogdu/qwen-ffn-rom/rtl/gated_delta_bram.v:131$2178_Y [23] $flatten\u_pe.$ternary$/Users/toprakgundogdu/qwen-ffn-rom/rtl/gated_delta_bram.v:131$2178_Y [23] $flatten\u_pe.$ternary$/Users/toprakgundogdu/qwen-ffn-rom/rtl/gated_delta_bram.v:131$2178_Y [23] $flatten\u_pe.$ternary$/Users/toprakgundogdu/qwen-ffn-rom/rtl/gated_delta_bram.v:131$2178_Y [23] $flatten\u_pe.$ternary$/Users/toprakgundogdu/qwen-ffn-rom/rtl/gated_delta_bram.v:131$2178_Y [23] }
    Consolidated identical input bits for $mux cell $flatten\u_pe.$ternary$/Users/toprakgundogdu/qwen-ffn-rom/rtl/gated_delta_bram.v:131$2212:
      Old ports: A=$flatten\u_pe.$ternary$/Users/toprakgundogdu/qwen-ffn-rom/rtl/gated_delta_bram.v:132$2211_Y, B={ \u_pe.lanes[0].k_row [7] \u_pe.lanes[0].k_row [7] \u_pe.lanes[0].k_row [7] \u_pe.lanes[0].k_row [7] \u_pe.lanes[0].k_row [7] \u_pe.lanes[0].k_row [7] \u_pe.lanes[0].k_row [7] \u_pe.lanes[0].k_row [7] \u_pe.lanes[0].k_row [7] \u_pe.lanes[0].k_row [7] \u_pe.lanes[0].k_row [7] \u_pe.lanes[0].k_row [7] \u_pe.lanes[0].k_row [7] \u_pe.lanes[0].k_row [7] \u_pe.lanes[0].k_row [7] \u_pe.lanes[0].k_row [7] \u_pe.lanes[0].k_row [7] \u_pe.lanes[0].k_row [7] \u_pe.lanes[0].k_row [7] \u_pe.lanes[0].k_row [7] \u_pe.lanes[0].k_row [7] \u_pe.lanes[0].k_row [7] \u_pe.lanes[0].k_row [7] \u_pe.lanes[0].k_row [7] \u_pe.lanes[0].k_row [7:0] }, Y=$flatten\u_pe.$ternary$/Users/toprakgundogdu/qwen-ffn-rom/rtl/gated_delta_bram.v:131$2212_Y
      New ports: A=$flatten\u_pe.$ternary$/Users/toprakgundogdu/qwen-ffn-rom/rtl/gated_delta_bram.v:132$2211_Y [23:0], B={ \u_pe.lanes[0].k_row [7] \u_pe.lanes[0].k_row [7] \u_pe.lanes[0].k_row [7] \u_pe.lanes[0].k_row [7] \u_pe.lanes[0].k_row [7] \u_pe.lanes[0].k_row [7] \u_pe.lanes[0].k_row [7] \u_pe.lanes[0].k_row [7] \u_pe.lanes[0].k_row [7] \u_pe.lanes[0].k_row [7] \u_pe.lanes[0].k_row [7] \u_pe.lanes[0].k_row [7] \u_pe.lanes[0].k_row [7] \u_pe.lanes[0].k_row [7] \u_pe.lanes[0].k_row [7] \u_pe.lanes[0].k_row [7] \u_pe.lanes[0].k_row [7:0] }, Y=$flatten\u_pe.$ternary$/Users/toprakgundogdu/qwen-ffn-rom/rtl/gated_delta_bram.v:131$2212_Y [23:0]
      New connections: $flatten\u_pe.$ternary$/Users/toprakgundogdu/qwen-ffn-rom/rtl/gated_delta_bram.v:131$2212_Y [31:24] = { $flatten\u_pe.$ternary$/Users/toprakgundogdu/qwen-ffn-rom/rtl/gated_delta_bram.v:131$2212_Y [23] $flatten\u_pe.$ternary$/Users/toprakgundogdu/qwen-ffn-rom/rtl/gated_delta_bram.v:131$2212_Y [23] $flatten\u_pe.$ternary$/Users/toprakgundogdu/qwen-ffn-rom/rtl/gated_delta_bram.v:131$2212_Y [23] $flatten\u_pe.$ternary$/Users/toprakgundogdu/qwen-ffn-rom/rtl/gated_delta_bram.v:131$2212_Y [23] $flatten\u_pe.$ternary$/Users/toprakgundogdu/qwen-ffn-rom/rtl/gated_delta_bram.v:131$2212_Y [23] $flatten\u_pe.$ternary$/Users/toprakgundogdu/qwen-ffn-rom/rtl/gated_delta_bram.v:131$2212_Y [23] $flatten\u_pe.$ternary$/Users/toprakgundogdu/qwen-ffn-rom/rtl/gated_delta_bram.v:131$2212_Y [23] $flatten\u_pe.$ternary$/Users/toprakgundogdu/qwen-ffn-rom/rtl/gated_delta_bram.v:131$2212_Y [23] }
    Consolidated identical input bits for $mux cell $flatten\u_pe.$ternary$/Users/toprakgundogdu/qwen-ffn-rom/rtl/gated_delta_bram.v:131$2246:
      Old ports: A=$flatten\u_pe.$ternary$/Users/toprakgundogdu/qwen-ffn-rom/rtl/gated_delta_bram.v:132$2245_Y, B={ \u_pe.lanes[0].k_row [7] \u_pe.lanes[0].k_row [7] \u_pe.lanes[0].k_row [7] \u_pe.lanes[0].k_row [7] \u_pe.lanes[0].k_row [7] \u_pe.lanes[0].k_row [7] \u_pe.lanes[0].k_row [7] \u_pe.lanes[0].k_row [7] \u_pe.lanes[0].k_row [7] \u_pe.lanes[0].k_row [7] \u_pe.lanes[0].k_row [7] \u_pe.lanes[0].k_row [7] \u_pe.lanes[0].k_row [7] \u_pe.lanes[0].k_row [7] \u_pe.lanes[0].k_row [7] \u_pe.lanes[0].k_row [7] \u_pe.lanes[0].k_row [7] \u_pe.lanes[0].k_row [7] \u_pe.lanes[0].k_row [7] \u_pe.lanes[0].k_row [7] \u_pe.lanes[0].k_row [7] \u_pe.lanes[0].k_row [7] \u_pe.lanes[0].k_row [7] \u_pe.lanes[0].k_row [7] \u_pe.lanes[0].k_row [7:0] }, Y=$flatten\u_pe.$ternary$/Users/toprakgundogdu/qwen-ffn-rom/rtl/gated_delta_bram.v:131$2246_Y
      New ports: A=$flatten\u_pe.$ternary$/Users/toprakgundogdu/qwen-ffn-rom/rtl/gated_delta_bram.v:132$2245_Y [23:0], B={ \u_pe.lanes[0].k_row [7] \u_pe.lanes[0].k_row [7] \u_pe.lanes[0].k_row [7] \u_pe.lanes[0].k_row [7] \u_pe.lanes[0].k_row [7] \u_pe.lanes[0].k_row [7] \u_pe.lanes[0].k_row [7] \u_pe.lanes[0].k_row [7] \u_pe.lanes[0].k_row [7] \u_pe.lanes[0].k_row [7] \u_pe.lanes[0].k_row [7] \u_pe.lanes[0].k_row [7] \u_pe.lanes[0].k_row [7] \u_pe.lanes[0].k_row [7] \u_pe.lanes[0].k_row [7] \u_pe.lanes[0].k_row [7] \u_pe.lanes[0].k_row [7:0] }, Y=$flatten\u_pe.$ternary$/Users/toprakgundogdu/qwen-ffn-rom/rtl/gated_delta_bram.v:131$2246_Y [23:0]
      New connections: $flatten\u_pe.$ternary$/Users/toprakgundogdu/qwen-ffn-rom/rtl/gated_delta_bram.v:131$2246_Y [31:24] = { $flatten\u_pe.$ternary$/Users/toprakgundogdu/qwen-ffn-rom/rtl/gated_delta_bram.v:131$2246_Y [23] $flatten\u_pe.$ternary$/Users/toprakgundogdu/qwen-ffn-rom/rtl/gated_delta_bram.v:131$2246_Y [23] $flatten\u_pe.$ternary$/Users/toprakgundogdu/qwen-ffn-rom/rtl/gated_delta_bram.v:131$2246_Y [23] $flatten\u_pe.$ternary$/Users/toprakgundogdu/qwen-ffn-rom/rtl/gated_delta_bram.v:131$2246_Y [23] $flatten\u_pe.$ternary$/Users/toprakgundogdu/qwen-ffn-rom/rtl/gated_delta_bram.v:131$2246_Y [23] $flatten\u_pe.$ternary$/Users/toprakgundogdu/qwen-ffn-rom/rtl/gated_delta_bram.v:131$2246_Y [23] $flatten\u_pe.$ternary$/Users/toprakgundogdu/qwen-ffn-rom/rtl/gated_delta_bram.v:131$2246_Y [23] $flatten\u_pe.$ternary$/Users/toprakgundogdu/qwen-ffn-rom/rtl/gated_delta_bram.v:131$2246_Y [23] }
    Consolidated identical input bits for $mux cell $flatten\u_pe.$ternary$/Users/toprakgundogdu/qwen-ffn-rom/rtl/gated_delta_bram.v:131$2280:
      Old ports: A=$flatten\u_pe.$ternary$/Users/toprakgundogdu/qwen-ffn-rom/rtl/gated_delta_bram.v:132$2279_Y, B={ \u_pe.lanes[0].k_row [7] \u_pe.lanes[0].k_row [7] \u_pe.lanes[0].k_row [7] \u_pe.lanes[0].k_row [7] \u_pe.lanes[0].k_row [7] \u_pe.lanes[0].k_row [7] \u_pe.lanes[0].k_row [7] \u_pe.lanes[0].k_row [7] \u_pe.lanes[0].k_row [7] \u_pe.lanes[0].k_row [7] \u_pe.lanes[0].k_row [7] \u_pe.lanes[0].k_row [7] \u_pe.lanes[0].k_row [7] \u_pe.lanes[0].k_row [7] \u_pe.lanes[0].k_row [7] \u_pe.lanes[0].k_row [7] \u_pe.lanes[0].k_row [7] \u_pe.lanes[0].k_row [7] \u_pe.lanes[0].k_row [7] \u_pe.lanes[0].k_row [7] \u_pe.lanes[0].k_row [7] \u_pe.lanes[0].k_row [7] \u_pe.lanes[0].k_row [7] \u_pe.lanes[0].k_row [7] \u_pe.lanes[0].k_row [7:0] }, Y=$flatten\u_pe.$ternary$/Users/toprakgundogdu/qwen-ffn-rom/rtl/gated_delta_bram.v:131$2280_Y
      New ports: A=$flatten\u_pe.$ternary$/Users/toprakgundogdu/qwen-ffn-rom/rtl/gated_delta_bram.v:132$2279_Y [23:0], B={ \u_pe.lanes[0].k_row [7] \u_pe.lanes[0].k_row [7] \u_pe.lanes[0].k_row [7] \u_pe.lanes[0].k_row [7] \u_pe.lanes[0].k_row [7] \u_pe.lanes[0].k_row [7] \u_pe.lanes[0].k_row [7] \u_pe.lanes[0].k_row [7] \u_pe.lanes[0].k_row [7] \u_pe.lanes[0].k_row [7] \u_pe.lanes[0].k_row [7] \u_pe.lanes[0].k_row [7] \u_pe.lanes[0].k_row [7] \u_pe.lanes[0].k_row [7] \u_pe.lanes[0].k_row [7] \u_pe.lanes[0].k_row [7] \u_pe.lanes[0].k_row [7:0] }, Y=$flatten\u_pe.$ternary$/Users/toprakgundogdu/qwen-ffn-rom/rtl/gated_delta_bram.v:131$2280_Y [23:0]
      New connections: $flatten\u_pe.$ternary$/Users/toprakgundogdu/qwen-ffn-rom/rtl/gated_delta_bram.v:131$2280_Y [31:24] = { $flatten\u_pe.$ternary$/Users/toprakgundogdu/qwen-ffn-rom/rtl/gated_delta_bram.v:131$2280_Y [23] $flatten\u_pe.$ternary$/Users/toprakgundogdu/qwen-ffn-rom/rtl/gated_delta_bram.v:131$2280_Y [23] $flatten\u_pe.$ternary$/Users/toprakgundogdu/qwen-ffn-rom/rtl/gated_delta_bram.v:131$2280_Y [23] $flatten\u_pe.$ternary$/Users/toprakgundogdu/qwen-ffn-rom/rtl/gated_delta_bram.v:131$2280_Y [23] $flatten\u_pe.$ternary$/Users/toprakgundogdu/qwen-ffn-rom/rtl/gated_delta_bram.v:131$2280_Y [23] $flatten\u_pe.$ternary$/Users/toprakgundogdu/qwen-ffn-rom/rtl/gated_delta_bram.v:131$2280_Y [23] $flatten\u_pe.$ternary$/Users/toprakgundogdu/qwen-ffn-rom/rtl/gated_delta_bram.v:131$2280_Y [23] $flatten\u_pe.$ternary$/Users/toprakgundogdu/qwen-ffn-rom/rtl/gated_delta_bram.v:131$2280_Y [23] }
    Consolidated identical input bits for $mux cell $flatten\u_pe.$ternary$/Users/toprakgundogdu/qwen-ffn-rom/rtl/gated_delta_bram.v:131$2314:
      Old ports: A=$flatten\u_pe.$ternary$/Users/toprakgundogdu/qwen-ffn-rom/rtl/gated_delta_bram.v:132$2313_Y, B={ \u_pe.lanes[0].k_row [7] \u_pe.lanes[0].k_row [7] \u_pe.lanes[0].k_row [7] \u_pe.lanes[0].k_row [7] \u_pe.lanes[0].k_row [7] \u_pe.lanes[0].k_row [7] \u_pe.lanes[0].k_row [7] \u_pe.lanes[0].k_row [7] \u_pe.lanes[0].k_row [7] \u_pe.lanes[0].k_row [7] \u_pe.lanes[0].k_row [7] \u_pe.lanes[0].k_row [7] \u_pe.lanes[0].k_row [7] \u_pe.lanes[0].k_row [7] \u_pe.lanes[0].k_row [7] \u_pe.lanes[0].k_row [7] \u_pe.lanes[0].k_row [7] \u_pe.lanes[0].k_row [7] \u_pe.lanes[0].k_row [7] \u_pe.lanes[0].k_row [7] \u_pe.lanes[0].k_row [7] \u_pe.lanes[0].k_row [7] \u_pe.lanes[0].k_row [7] \u_pe.lanes[0].k_row [7] \u_pe.lanes[0].k_row [7:0] }, Y=$flatten\u_pe.$ternary$/Users/toprakgundogdu/qwen-ffn-rom/rtl/gated_delta_bram.v:131$2314_Y
      New ports: A=$flatten\u_pe.$ternary$/Users/toprakgundogdu/qwen-ffn-rom/rtl/gated_delta_bram.v:132$2313_Y [23:0], B={ \u_pe.lanes[0].k_row [7] \u_pe.lanes[0].k_row [7] \u_pe.lanes[0].k_row [7] \u_pe.lanes[0].k_row [7] \u_pe.lanes[0].k_row [7] \u_pe.lanes[0].k_row [7] \u_pe.lanes[0].k_row [7] \u_pe.lanes[0].k_row [7] \u_pe.lanes[0].k_row [7] \u_pe.lanes[0].k_row [7] \u_pe.lanes[0].k_row [7] \u_pe.lanes[0].k_row [7] \u_pe.lanes[0].k_row [7] \u_pe.lanes[0].k_row [7] \u_pe.lanes[0].k_row [7] \u_pe.lanes[0].k_row [7] \u_pe.lanes[0].k_row [7:0] }, Y=$flatten\u_pe.$ternary$/Users/toprakgundogdu/qwen-ffn-rom/rtl/gated_delta_bram.v:131$2314_Y [23:0]
      New connections: $flatten\u_pe.$ternary$/Users/toprakgundogdu/qwen-ffn-rom/rtl/gated_delta_bram.v:131$2314_Y [31:24] = { $flatten\u_pe.$ternary$/Users/toprakgundogdu/qwen-ffn-rom/rtl/gated_delta_bram.v:131$2314_Y [23] $flatten\u_pe.$ternary$/Users/toprakgundogdu/qwen-ffn-rom/rtl/gated_delta_bram.v:131$2314_Y [23] $flatten\u_pe.$ternary$/Users/toprakgundogdu/qwen-ffn-rom/rtl/gated_delta_bram.v:131$2314_Y [23] $flatten\u_pe.$ternary$/Users/toprakgundogdu/qwen-ffn-rom/rtl/gated_delta_bram.v:131$2314_Y [23] $flatten\u_pe.$ternary$/Users/toprakgundogdu/qwen-ffn-rom/rtl/gated_delta_bram.v:131$2314_Y [23] $flatten\u_pe.$ternary$/Users/toprakgundogdu/qwen-ffn-rom/rtl/gated_delta_bram.v:131$2314_Y [23] $flatten\u_pe.$ternary$/Users/toprakgundogdu/qwen-ffn-rom/rtl/gated_delta_bram.v:131$2314_Y [23] $flatten\u_pe.$ternary$/Users/toprakgundogdu/qwen-ffn-rom/rtl/gated_delta_bram.v:131$2314_Y [23] }
    Consolidated identical input bits for $mux cell $flatten\u_pe.$ternary$/Users/toprakgundogdu/qwen-ffn-rom/rtl/gated_delta_bram.v:131$2348:
      Old ports: A=$flatten\u_pe.$ternary$/Users/toprakgundogdu/qwen-ffn-rom/rtl/gated_delta_bram.v:132$2347_Y, B={ \u_pe.lanes[0].k_row [7] \u_pe.lanes[0].k_row [7] \u_pe.lanes[0].k_row [7] \u_pe.lanes[0].k_row [7] \u_pe.lanes[0].k_row [7] \u_pe.lanes[0].k_row [7] \u_pe.lanes[0].k_row [7] \u_pe.lanes[0].k_row [7] \u_pe.lanes[0].k_row [7] \u_pe.lanes[0].k_row [7] \u_pe.lanes[0].k_row [7] \u_pe.lanes[0].k_row [7] \u_pe.lanes[0].k_row [7] \u_pe.lanes[0].k_row [7] \u_pe.lanes[0].k_row [7] \u_pe.lanes[0].k_row [7] \u_pe.lanes[0].k_row [7] \u_pe.lanes[0].k_row [7] \u_pe.lanes[0].k_row [7] \u_pe.lanes[0].k_row [7] \u_pe.lanes[0].k_row [7] \u_pe.lanes[0].k_row [7] \u_pe.lanes[0].k_row [7] \u_pe.lanes[0].k_row [7] \u_pe.lanes[0].k_row [7:0] }, Y=$flatten\u_pe.$ternary$/Users/toprakgundogdu/qwen-ffn-rom/rtl/gated_delta_bram.v:131$2348_Y
      New ports: A=$flatten\u_pe.$ternary$/Users/toprakgundogdu/qwen-ffn-rom/rtl/gated_delta_bram.v:132$2347_Y [23:0], B={ \u_pe.lanes[0].k_row [7] \u_pe.lanes[0].k_row [7] \u_pe.lanes[0].k_row [7] \u_pe.lanes[0].k_row [7] \u_pe.lanes[0].k_row [7] \u_pe.lanes[0].k_row [7] \u_pe.lanes[0].k_row [7] \u_pe.lanes[0].k_row [7] \u_pe.lanes[0].k_row [7] \u_pe.lanes[0].k_row [7] \u_pe.lanes[0].k_row [7] \u_pe.lanes[0].k_row [7] \u_pe.lanes[0].k_row [7] \u_pe.lanes[0].k_row [7] \u_pe.lanes[0].k_row [7] \u_pe.lanes[0].k_row [7] \u_pe.lanes[0].k_row [7:0] }, Y=$flatten\u_pe.$ternary$/Users/toprakgundogdu/qwen-ffn-rom/rtl/gated_delta_bram.v:131$2348_Y [23:0]
      New connections: $flatten\u_pe.$ternary$/Users/toprakgundogdu/qwen-ffn-rom/rtl/gated_delta_bram.v:131$2348_Y [31:24] = { $flatten\u_pe.$ternary$/Users/toprakgundogdu/qwen-ffn-rom/rtl/gated_delta_bram.v:131$2348_Y [23] $flatten\u_pe.$ternary$/Users/toprakgundogdu/qwen-ffn-rom/rtl/gated_delta_bram.v:131$2348_Y [23] $flatten\u_pe.$ternary$/Users/toprakgundogdu/qwen-ffn-rom/rtl/gated_delta_bram.v:131$2348_Y [23] $flatten\u_pe.$ternary$/Users/toprakgundogdu/qwen-ffn-rom/rtl/gated_delta_bram.v:131$2348_Y [23] $flatten\u_pe.$ternary$/Users/toprakgundogdu/qwen-ffn-rom/rtl/gated_delta_bram.v:131$2348_Y [23] $flatten\u_pe.$ternary$/Users/toprakgundogdu/qwen-ffn-rom/rtl/gated_delta_bram.v:131$2348_Y [23] $flatten\u_pe.$ternary$/Users/toprakgundogdu/qwen-ffn-rom/rtl/gated_delta_bram.v:131$2348_Y [23] $flatten\u_pe.$ternary$/Users/toprakgundogdu/qwen-ffn-rom/rtl/gated_delta_bram.v:131$2348_Y [23] }
    Consolidated identical input bits for $mux cell $flatten\u_pe.$ternary$/Users/toprakgundogdu/qwen-ffn-rom/rtl/gated_delta_bram.v:131$2382:
      Old ports: A=$flatten\u_pe.$ternary$/Users/toprakgundogdu/qwen-ffn-rom/rtl/gated_delta_bram.v:132$2381_Y, B={ \u_pe.lanes[0].k_row [7] \u_pe.lanes[0].k_row [7] \u_pe.lanes[0].k_row [7] \u_pe.lanes[0].k_row [7] \u_pe.lanes[0].k_row [7] \u_pe.lanes[0].k_row [7] \u_pe.lanes[0].k_row [7] \u_pe.lanes[0].k_row [7] \u_pe.lanes[0].k_row [7] \u_pe.lanes[0].k_row [7] \u_pe.lanes[0].k_row [7] \u_pe.lanes[0].k_row [7] \u_pe.lanes[0].k_row [7] \u_pe.lanes[0].k_row [7] \u_pe.lanes[0].k_row [7] \u_pe.lanes[0].k_row [7] \u_pe.lanes[0].k_row [7] \u_pe.lanes[0].k_row [7] \u_pe.lanes[0].k_row [7] \u_pe.lanes[0].k_row [7] \u_pe.lanes[0].k_row [7] \u_pe.lanes[0].k_row [7] \u_pe.lanes[0].k_row [7] \u_pe.lanes[0].k_row [7] \u_pe.lanes[0].k_row [7:0] }, Y=$flatten\u_pe.$ternary$/Users/toprakgundogdu/qwen-ffn-rom/rtl/gated_delta_bram.v:131$2382_Y
      New ports: A=$flatten\u_pe.$ternary$/Users/toprakgundogdu/qwen-ffn-rom/rtl/gated_delta_bram.v:132$2381_Y [23:0], B={ \u_pe.lanes[0].k_row [7] \u_pe.lanes[0].k_row [7] \u_pe.lanes[0].k_row [7] \u_pe.lanes[0].k_row [7] \u_pe.lanes[0].k_row [7] \u_pe.lanes[0].k_row [7] \u_pe.lanes[0].k_row [7] \u_pe.lanes[0].k_row [7] \u_pe.lanes[0].k_row [7] \u_pe.lanes[0].k_row [7] \u_pe.lanes[0].k_row [7] \u_pe.lanes[0].k_row [7] \u_pe.lanes[0].k_row [7] \u_pe.lanes[0].k_row [7] \u_pe.lanes[0].k_row [7] \u_pe.lanes[0].k_row [7] \u_pe.lanes[0].k_row [7:0] }, Y=$flatten\u_pe.$ternary$/Users/toprakgundogdu/qwen-ffn-rom/rtl/gated_delta_bram.v:131$2382_Y [23:0]
      New connections: $flatten\u_pe.$ternary$/Users/toprakgundogdu/qwen-ffn-rom/rtl/gated_delta_bram.v:131$2382_Y [31:24] = { $flatten\u_pe.$ternary$/Users/toprakgundogdu/qwen-ffn-rom/rtl/gated_delta_bram.v:131$2382_Y [23] $flatten\u_pe.$ternary$/Users/toprakgundogdu/qwen-ffn-rom/rtl/gated_delta_bram.v:131$2382_Y [23] $flatten\u_pe.$ternary$/Users/toprakgundogdu/qwen-ffn-rom/rtl/gated_delta_bram.v:131$2382_Y [23] $flatten\u_pe.$ternary$/Users/toprakgundogdu/qwen-ffn-rom/rtl/gated_delta_bram.v:131$2382_Y [23] $flatten\u_pe.$ternary$/Users/toprakgundogdu/qwen-ffn-rom/rtl/gated_delta_bram.v:131$2382_Y [23] $flatten\u_pe.$ternary$/Users/toprakgundogdu/qwen-ffn-rom/rtl/gated_delta_bram.v:131$2382_Y [23] $flatten\u_pe.$ternary$/Users/toprakgundogdu/qwen-ffn-rom/rtl/gated_delta_bram.v:131$2382_Y [23] $flatten\u_pe.$ternary$/Users/toprakgundogdu/qwen-ffn-rom/rtl/gated_delta_bram.v:131$2382_Y [23] }
    Consolidated identical input bits for $mux cell $flatten\u_pe.$ternary$/Users/toprakgundogdu/qwen-ffn-rom/rtl/gated_delta_bram.v:131$2416:
      Old ports: A=$flatten\u_pe.$ternary$/Users/toprakgundogdu/qwen-ffn-rom/rtl/gated_delta_bram.v:132$2415_Y, B={ \u_pe.lanes[0].k_row [7] \u_pe.lanes[0].k_row [7] \u_pe.lanes[0].k_row [7] \u_pe.lanes[0].k_row [7] \u_pe.lanes[0].k_row [7] \u_pe.lanes[0].k_row [7] \u_pe.lanes[0].k_row [7] \u_pe.lanes[0].k_row [7] \u_pe.lanes[0].k_row [7] \u_pe.lanes[0].k_row [7] \u_pe.lanes[0].k_row [7] \u_pe.lanes[0].k_row [7] \u_pe.lanes[0].k_row [7] \u_pe.lanes[0].k_row [7] \u_pe.lanes[0].k_row [7] \u_pe.lanes[0].k_row [7] \u_pe.lanes[0].k_row [7] \u_pe.lanes[0].k_row [7] \u_pe.lanes[0].k_row [7] \u_pe.lanes[0].k_row [7] \u_pe.lanes[0].k_row [7] \u_pe.lanes[0].k_row [7] \u_pe.lanes[0].k_row [7] \u_pe.lanes[0].k_row [7] \u_pe.lanes[0].k_row [7:0] }, Y=$flatten\u_pe.$ternary$/Users/toprakgundogdu/qwen-ffn-rom/rtl/gated_delta_bram.v:131$2416_Y
      New ports: A=$flatten\u_pe.$ternary$/Users/toprakgundogdu/qwen-ffn-rom/rtl/gated_delta_bram.v:132$2415_Y [23:0], B={ \u_pe.lanes[0].k_row [7] \u_pe.lanes[0].k_row [7] \u_pe.lanes[0].k_row [7] \u_pe.lanes[0].k_row [7] \u_pe.lanes[0].k_row [7] \u_pe.lanes[0].k_row [7] \u_pe.lanes[0].k_row [7] \u_pe.lanes[0].k_row [7] \u_pe.lanes[0].k_row [7] \u_pe.lanes[0].k_row [7] \u_pe.lanes[0].k_row [7] \u_pe.lanes[0].k_row [7] \u_pe.lanes[0].k_row [7] \u_pe.lanes[0].k_row [7] \u_pe.lanes[0].k_row [7] \u_pe.lanes[0].k_row [7] \u_pe.lanes[0].k_row [7:0] }, Y=$flatten\u_pe.$ternary$/Users/toprakgundogdu/qwen-ffn-rom/rtl/gated_delta_bram.v:131$2416_Y [23:0]
      New connections: $flatten\u_pe.$ternary$/Users/toprakgundogdu/qwen-ffn-rom/rtl/gated_delta_bram.v:131$2416_Y [31:24] = { $flatten\u_pe.$ternary$/Users/toprakgundogdu/qwen-ffn-rom/rtl/gated_delta_bram.v:131$2416_Y [23] $flatten\u_pe.$ternary$/Users/toprakgundogdu/qwen-ffn-rom/rtl/gated_delta_bram.v:131$2416_Y [23] $flatten\u_pe.$ternary$/Users/toprakgundogdu/qwen-ffn-rom/rtl/gated_delta_bram.v:131$2416_Y [23] $flatten\u_pe.$ternary$/Users/toprakgundogdu/qwen-ffn-rom/rtl/gated_delta_bram.v:131$2416_Y [23] $flatten\u_pe.$ternary$/Users/toprakgundogdu/qwen-ffn-rom/rtl/gated_delta_bram.v:131$2416_Y [23] $flatten\u_pe.$ternary$/Users/toprakgundogdu/qwen-ffn-rom/rtl/gated_delta_bram.v:131$2416_Y [23] $flatten\u_pe.$ternary$/Users/toprakgundogdu/qwen-ffn-rom/rtl/gated_delta_bram.v:131$2416_Y [23] $flatten\u_pe.$ternary$/Users/toprakgundogdu/qwen-ffn-rom/rtl/gated_delta_bram.v:131$2416_Y [23] }
    Consolidated identical input bits for $mux cell $flatten\u_pe.$ternary$/Users/toprakgundogdu/qwen-ffn-rom/rtl/gated_delta_bram.v:131$2450:
      Old ports: A=$flatten\u_pe.$ternary$/Users/toprakgundogdu/qwen-ffn-rom/rtl/gated_delta_bram.v:132$2449_Y, B={ \u_pe.lanes[0].k_row [7] \u_pe.lanes[0].k_row [7] \u_pe.lanes[0].k_row [7] \u_pe.lanes[0].k_row [7] \u_pe.lanes[0].k_row [7] \u_pe.lanes[0].k_row [7] \u_pe.lanes[0].k_row [7] \u_pe.lanes[0].k_row [7] \u_pe.lanes[0].k_row [7] \u_pe.lanes[0].k_row [7] \u_pe.lanes[0].k_row [7] \u_pe.lanes[0].k_row [7] \u_pe.lanes[0].k_row [7] \u_pe.lanes[0].k_row [7] \u_pe.lanes[0].k_row [7] \u_pe.lanes[0].k_row [7] \u_pe.lanes[0].k_row [7] \u_pe.lanes[0].k_row [7] \u_pe.lanes[0].k_row [7] \u_pe.lanes[0].k_row [7] \u_pe.lanes[0].k_row [7] \u_pe.lanes[0].k_row [7] \u_pe.lanes[0].k_row [7] \u_pe.lanes[0].k_row [7] \u_pe.lanes[0].k_row [7:0] }, Y=$flatten\u_pe.$ternary$/Users/toprakgundogdu/qwen-ffn-rom/rtl/gated_delta_bram.v:131$2450_Y
      New ports: A=$flatten\u_pe.$ternary$/Users/toprakgundogdu/qwen-ffn-rom/rtl/gated_delta_bram.v:132$2449_Y [23:0], B={ \u_pe.lanes[0].k_row [7] \u_pe.lanes[0].k_row [7] \u_pe.lanes[0].k_row [7] \u_pe.lanes[0].k_row [7] \u_pe.lanes[0].k_row [7] \u_pe.lanes[0].k_row [7] \u_pe.lanes[0].k_row [7] \u_pe.lanes[0].k_row [7] \u_pe.lanes[0].k_row [7] \u_pe.lanes[0].k_row [7] \u_pe.lanes[0].k_row [7] \u_pe.lanes[0].k_row [7] \u_pe.lanes[0].k_row [7] \u_pe.lanes[0].k_row [7] \u_pe.lanes[0].k_row [7] \u_pe.lanes[0].k_row [7] \u_pe.lanes[0].k_row [7:0] }, Y=$flatten\u_pe.$ternary$/Users/toprakgundogdu/qwen-ffn-rom/rtl/gated_delta_bram.v:131$2450_Y [23:0]
      New connections: $flatten\u_pe.$ternary$/Users/toprakgundogdu/qwen-ffn-rom/rtl/gated_delta_bram.v:131$2450_Y [31:24] = { $flatten\u_pe.$ternary$/Users/toprakgundogdu/qwen-ffn-rom/rtl/gated_delta_bram.v:131$2450_Y [23] $flatten\u_pe.$ternary$/Users/toprakgundogdu/qwen-ffn-rom/rtl/gated_delta_bram.v:131$2450_Y [23] $flatten\u_pe.$ternary$/Users/toprakgundogdu/qwen-ffn-rom/rtl/gated_delta_bram.v:131$2450_Y [23] $flatten\u_pe.$ternary$/Users/toprakgundogdu/qwen-ffn-rom/rtl/gated_delta_bram.v:131$2450_Y [23] $flatten\u_pe.$ternary$/Users/toprakgundogdu/qwen-ffn-rom/rtl/gated_delta_bram.v:131$2450_Y [23] $flatten\u_pe.$ternary$/Users/toprakgundogdu/qwen-ffn-rom/rtl/gated_delta_bram.v:131$2450_Y [23] $flatten\u_pe.$ternary$/Users/toprakgundogdu/qwen-ffn-rom/rtl/gated_delta_bram.v:131$2450_Y [23] $flatten\u_pe.$ternary$/Users/toprakgundogdu/qwen-ffn-rom/rtl/gated_delta_bram.v:131$2450_Y [23] }
    Consolidated identical input bits for $mux cell $flatten\u_pe.$ternary$/Users/toprakgundogdu/qwen-ffn-rom/rtl/gated_delta_bram.v:131$2484:
      Old ports: A=$flatten\u_pe.$ternary$/Users/toprakgundogdu/qwen-ffn-rom/rtl/gated_delta_bram.v:132$2483_Y, B={ \u_pe.lanes[0].k_row [7] \u_pe.lanes[0].k_row [7] \u_pe.lanes[0].k_row [7] \u_pe.lanes[0].k_row [7] \u_pe.lanes[0].k_row [7] \u_pe.lanes[0].k_row [7] \u_pe.lanes[0].k_row [7] \u_pe.lanes[0].k_row [7] \u_pe.lanes[0].k_row [7] \u_pe.lanes[0].k_row [7] \u_pe.lanes[0].k_row [7] \u_pe.lanes[0].k_row [7] \u_pe.lanes[0].k_row [7] \u_pe.lanes[0].k_row [7] \u_pe.lanes[0].k_row [7] \u_pe.lanes[0].k_row [7] \u_pe.lanes[0].k_row [7] \u_pe.lanes[0].k_row [7] \u_pe.lanes[0].k_row [7] \u_pe.lanes[0].k_row [7] \u_pe.lanes[0].k_row [7] \u_pe.lanes[0].k_row [7] \u_pe.lanes[0].k_row [7] \u_pe.lanes[0].k_row [7] \u_pe.lanes[0].k_row [7:0] }, Y=$flatten\u_pe.$ternary$/Users/toprakgundogdu/qwen-ffn-rom/rtl/gated_delta_bram.v:131$2484_Y
      New ports: A=$flatten\u_pe.$ternary$/Users/toprakgundogdu/qwen-ffn-rom/rtl/gated_delta_bram.v:132$2483_Y [23:0], B={ \u_pe.lanes[0].k_row [7] \u_pe.lanes[0].k_row [7] \u_pe.lanes[0].k_row [7] \u_pe.lanes[0].k_row [7] \u_pe.lanes[0].k_row [7] \u_pe.lanes[0].k_row [7] \u_pe.lanes[0].k_row [7] \u_pe.lanes[0].k_row [7] \u_pe.lanes[0].k_row [7] \u_pe.lanes[0].k_row [7] \u_pe.lanes[0].k_row [7] \u_pe.lanes[0].k_row [7] \u_pe.lanes[0].k_row [7] \u_pe.lanes[0].k_row [7] \u_pe.lanes[0].k_row [7] \u_pe.lanes[0].k_row [7] \u_pe.lanes[0].k_row [7:0] }, Y=$flatten\u_pe.$ternary$/Users/toprakgundogdu/qwen-ffn-rom/rtl/gated_delta_bram.v:131$2484_Y [23:0]
      New connections: $flatten\u_pe.$ternary$/Users/toprakgundogdu/qwen-ffn-rom/rtl/gated_delta_bram.v:131$2484_Y [31:24] = { $flatten\u_pe.$ternary$/Users/toprakgundogdu/qwen-ffn-rom/rtl/gated_delta_bram.v:131$2484_Y [23] $flatten\u_pe.$ternary$/Users/toprakgundogdu/qwen-ffn-rom/rtl/gated_delta_bram.v:131$2484_Y [23] $flatten\u_pe.$ternary$/Users/toprakgundogdu/qwen-ffn-rom/rtl/gated_delta_bram.v:131$2484_Y [23] $flatten\u_pe.$ternary$/Users/toprakgundogdu/qwen-ffn-rom/rtl/gated_delta_bram.v:131$2484_Y [23] $flatten\u_pe.$ternary$/Users/toprakgundogdu/qwen-ffn-rom/rtl/gated_delta_bram.v:131$2484_Y [23] $flatten\u_pe.$ternary$/Users/toprakgundogdu/qwen-ffn-rom/rtl/gated_delta_bram.v:131$2484_Y [23] $flatten\u_pe.$ternary$/Users/toprakgundogdu/qwen-ffn-rom/rtl/gated_delta_bram.v:131$2484_Y [23] $flatten\u_pe.$ternary$/Users/toprakgundogdu/qwen-ffn-rom/rtl/gated_delta_bram.v:131$2484_Y [23] }
    Consolidated identical input bits for $mux cell $flatten\u_pe.$ternary$/Users/toprakgundogdu/qwen-ffn-rom/rtl/gated_delta_bram.v:131$2518:
      Old ports: A=$flatten\u_pe.$ternary$/Users/toprakgundogdu/qwen-ffn-rom/rtl/gated_delta_bram.v:132$2517_Y, B={ \u_pe.lanes[0].k_row [7] \u_pe.lanes[0].k_row [7] \u_pe.lanes[0].k_row [7] \u_pe.lanes[0].k_row [7] \u_pe.lanes[0].k_row [7] \u_pe.lanes[0].k_row [7] \u_pe.lanes[0].k_row [7] \u_pe.lanes[0].k_row [7] \u_pe.lanes[0].k_row [7] \u_pe.lanes[0].k_row [7] \u_pe.lanes[0].k_row [7] \u_pe.lanes[0].k_row [7] \u_pe.lanes[0].k_row [7] \u_pe.lanes[0].k_row [7] \u_pe.lanes[0].k_row [7] \u_pe.lanes[0].k_row [7] \u_pe.lanes[0].k_row [7] \u_pe.lanes[0].k_row [7] \u_pe.lanes[0].k_row [7] \u_pe.lanes[0].k_row [7] \u_pe.lanes[0].k_row [7] \u_pe.lanes[0].k_row [7] \u_pe.lanes[0].k_row [7] \u_pe.lanes[0].k_row [7] \u_pe.lanes[0].k_row [7:0] }, Y=$flatten\u_pe.$ternary$/Users/toprakgundogdu/qwen-ffn-rom/rtl/gated_delta_bram.v:131$2518_Y
      New ports: A=$flatten\u_pe.$ternary$/Users/toprakgundogdu/qwen-ffn-rom/rtl/gated_delta_bram.v:132$2517_Y [23:0], B={ \u_pe.lanes[0].k_row [7] \u_pe.lanes[0].k_row [7] \u_pe.lanes[0].k_row [7] \u_pe.lanes[0].k_row [7] \u_pe.lanes[0].k_row [7] \u_pe.lanes[0].k_row [7] \u_pe.lanes[0].k_row [7] \u_pe.lanes[0].k_row [7] \u_pe.lanes[0].k_row [7] \u_pe.lanes[0].k_row [7] \u_pe.lanes[0].k_row [7] \u_pe.lanes[0].k_row [7] \u_pe.lanes[0].k_row [7] \u_pe.lanes[0].k_row [7] \u_pe.lanes[0].k_row [7] \u_pe.lanes[0].k_row [7] \u_pe.lanes[0].k_row [7:0] }, Y=$flatten\u_pe.$ternary$/Users/toprakgundogdu/qwen-ffn-rom/rtl/gated_delta_bram.v:131$2518_Y [23:0]
      New connections: $flatten\u_pe.$ternary$/Users/toprakgundogdu/qwen-ffn-rom/rtl/gated_delta_bram.v:131$2518_Y [31:24] = { $flatten\u_pe.$ternary$/Users/toprakgundogdu/qwen-ffn-rom/rtl/gated_delta_bram.v:131$2518_Y [23] $flatten\u_pe.$ternary$/Users/toprakgundogdu/qwen-ffn-rom/rtl/gated_delta_bram.v:131$2518_Y [23] $flatten\u_pe.$ternary$/Users/toprakgundogdu/qwen-ffn-rom/rtl/gated_delta_bram.v:131$2518_Y [23] $flatten\u_pe.$ternary$/Users/toprakgundogdu/qwen-ffn-rom/rtl/gated_delta_bram.v:131$2518_Y [23] $flatten\u_pe.$ternary$/Users/toprakgundogdu/qwen-ffn-rom/rtl/gated_delta_bram.v:131$2518_Y [23] $flatten\u_pe.$ternary$/Users/toprakgundogdu/qwen-ffn-rom/rtl/gated_delta_bram.v:131$2518_Y [23] $flatten\u_pe.$ternary$/Users/toprakgundogdu/qwen-ffn-rom/rtl/gated_delta_bram.v:131$2518_Y [23] $flatten\u_pe.$ternary$/Users/toprakgundogdu/qwen-ffn-rom/rtl/gated_delta_bram.v:131$2518_Y [23] }
    Consolidated identical input bits for $mux cell $flatten\u_pe.$ternary$/Users/toprakgundogdu/qwen-ffn-rom/rtl/gated_delta_bram.v:131$2552:
      Old ports: A=$flatten\u_pe.$ternary$/Users/toprakgundogdu/qwen-ffn-rom/rtl/gated_delta_bram.v:132$2551_Y, B={ \u_pe.lanes[0].k_row [7] \u_pe.lanes[0].k_row [7] \u_pe.lanes[0].k_row [7] \u_pe.lanes[0].k_row [7] \u_pe.lanes[0].k_row [7] \u_pe.lanes[0].k_row [7] \u_pe.lanes[0].k_row [7] \u_pe.lanes[0].k_row [7] \u_pe.lanes[0].k_row [7] \u_pe.lanes[0].k_row [7] \u_pe.lanes[0].k_row [7] \u_pe.lanes[0].k_row [7] \u_pe.lanes[0].k_row [7] \u_pe.lanes[0].k_row [7] \u_pe.lanes[0].k_row [7] \u_pe.lanes[0].k_row [7] \u_pe.lanes[0].k_row [7] \u_pe.lanes[0].k_row [7] \u_pe.lanes[0].k_row [7] \u_pe.lanes[0].k_row [7] \u_pe.lanes[0].k_row [7] \u_pe.lanes[0].k_row [7] \u_pe.lanes[0].k_row [7] \u_pe.lanes[0].k_row [7] \u_pe.lanes[0].k_row [7:0] }, Y=$flatten\u_pe.$ternary$/Users/toprakgundogdu/qwen-ffn-rom/rtl/gated_delta_bram.v:131$2552_Y
      New ports: A=$flatten\u_pe.$ternary$/Users/toprakgundogdu/qwen-ffn-rom/rtl/gated_delta_bram.v:132$2551_Y [23:0], B={ \u_pe.lanes[0].k_row [7] \u_pe.lanes[0].k_row [7] \u_pe.lanes[0].k_row [7] \u_pe.lanes[0].k_row [7] \u_pe.lanes[0].k_row [7] \u_pe.lanes[0].k_row [7] \u_pe.lanes[0].k_row [7] \u_pe.lanes[0].k_row [7] \u_pe.lanes[0].k_row [7] \u_pe.lanes[0].k_row [7] \u_pe.lanes[0].k_row [7] \u_pe.lanes[0].k_row [7] \u_pe.lanes[0].k_row [7] \u_pe.lanes[0].k_row [7] \u_pe.lanes[0].k_row [7] \u_pe.lanes[0].k_row [7] \u_pe.lanes[0].k_row [7:0] }, Y=$flatten\u_pe.$ternary$/Users/toprakgundogdu/qwen-ffn-rom/rtl/gated_delta_bram.v:131$2552_Y [23:0]
      New connections: $flatten\u_pe.$ternary$/Users/toprakgundogdu/qwen-ffn-rom/rtl/gated_delta_bram.v:131$2552_Y [31:24] = { $flatten\u_pe.$ternary$/Users/toprakgundogdu/qwen-ffn-rom/rtl/gated_delta_bram.v:131$2552_Y [23] $flatten\u_pe.$ternary$/Users/toprakgundogdu/qwen-ffn-rom/rtl/gated_delta_bram.v:131$2552_Y [23] $flatten\u_pe.$ternary$/Users/toprakgundogdu/qwen-ffn-rom/rtl/gated_delta_bram.v:131$2552_Y [23] $flatten\u_pe.$ternary$/Users/toprakgundogdu/qwen-ffn-rom/rtl/gated_delta_bram.v:131$2552_Y [23] $flatten\u_pe.$ternary$/Users/toprakgundogdu/qwen-ffn-rom/rtl/gated_delta_bram.v:131$2552_Y [23] $flatten\u_pe.$ternary$/Users/toprakgundogdu/qwen-ffn-rom/rtl/gated_delta_bram.v:131$2552_Y [23] $flatten\u_pe.$ternary$/Users/toprakgundogdu/qwen-ffn-rom/rtl/gated_delta_bram.v:131$2552_Y [23] $flatten\u_pe.$ternary$/Users/toprakgundogdu/qwen-ffn-rom/rtl/gated_delta_bram.v:131$2552_Y [23] }
    Consolidated identical input bits for $mux cell $flatten\u_pe.$ternary$/Users/toprakgundogdu/qwen-ffn-rom/rtl/gated_delta_bram.v:131$2586:
      Old ports: A=$flatten\u_pe.$ternary$/Users/toprakgundogdu/qwen-ffn-rom/rtl/gated_delta_bram.v:132$2585_Y, B={ \u_pe.lanes[0].k_row [7] \u_pe.lanes[0].k_row [7] \u_pe.lanes[0].k_row [7] \u_pe.lanes[0].k_row [7] \u_pe.lanes[0].k_row [7] \u_pe.lanes[0].k_row [7] \u_pe.lanes[0].k_row [7] \u_pe.lanes[0].k_row [7] \u_pe.lanes[0].k_row [7] \u_pe.lanes[0].k_row [7] \u_pe.lanes[0].k_row [7] \u_pe.lanes[0].k_row [7] \u_pe.lanes[0].k_row [7] \u_pe.lanes[0].k_row [7] \u_pe.lanes[0].k_row [7] \u_pe.lanes[0].k_row [7] \u_pe.lanes[0].k_row [7] \u_pe.lanes[0].k_row [7] \u_pe.lanes[0].k_row [7] \u_pe.lanes[0].k_row [7] \u_pe.lanes[0].k_row [7] \u_pe.lanes[0].k_row [7] \u_pe.lanes[0].k_row [7] \u_pe.lanes[0].k_row [7] \u_pe.lanes[0].k_row [7:0] }, Y=$flatten\u_pe.$ternary$/Users/toprakgundogdu/qwen-ffn-rom/rtl/gated_delta_bram.v:131$2586_Y
      New ports: A=$flatten\u_pe.$ternary$/Users/toprakgundogdu/qwen-ffn-rom/rtl/gated_delta_bram.v:132$2585_Y [23:0], B={ \u_pe.lanes[0].k_row [7] \u_pe.lanes[0].k_row [7] \u_pe.lanes[0].k_row [7] \u_pe.lanes[0].k_row [7] \u_pe.lanes[0].k_row [7] \u_pe.lanes[0].k_row [7] \u_pe.lanes[0].k_row [7] \u_pe.lanes[0].k_row [7] \u_pe.lanes[0].k_row [7] \u_pe.lanes[0].k_row [7] \u_pe.lanes[0].k_row [7] \u_pe.lanes[0].k_row [7] \u_pe.lanes[0].k_row [7] \u_pe.lanes[0].k_row [7] \u_pe.lanes[0].k_row [7] \u_pe.lanes[0].k_row [7] \u_pe.lanes[0].k_row [7:0] }, Y=$flatten\u_pe.$ternary$/Users/toprakgundogdu/qwen-ffn-rom/rtl/gated_delta_bram.v:131$2586_Y [23:0]
      New connections: $flatten\u_pe.$ternary$/Users/toprakgundogdu/qwen-ffn-rom/rtl/gated_delta_bram.v:131$2586_Y [31:24] = { $flatten\u_pe.$ternary$/Users/toprakgundogdu/qwen-ffn-rom/rtl/gated_delta_bram.v:131$2586_Y [23] $flatten\u_pe.$ternary$/Users/toprakgundogdu/qwen-ffn-rom/rtl/gated_delta_bram.v:131$2586_Y [23] $flatten\u_pe.$ternary$/Users/toprakgundogdu/qwen-ffn-rom/rtl/gated_delta_bram.v:131$2586_Y [23] $flatten\u_pe.$ternary$/Users/toprakgundogdu/qwen-ffn-rom/rtl/gated_delta_bram.v:131$2586_Y [23] $flatten\u_pe.$ternary$/Users/toprakgundogdu/qwen-ffn-rom/rtl/gated_delta_bram.v:131$2586_Y [23] $flatten\u_pe.$ternary$/Users/toprakgundogdu/qwen-ffn-rom/rtl/gated_delta_bram.v:131$2586_Y [23] $flatten\u_pe.$ternary$/Users/toprakgundogdu/qwen-ffn-rom/rtl/gated_delta_bram.v:131$2586_Y [23] $flatten\u_pe.$ternary$/Users/toprakgundogdu/qwen-ffn-rom/rtl/gated_delta_bram.v:131$2586_Y [23] }
    Consolidated identical input bits for $mux cell $flatten\u_pe.$ternary$/Users/toprakgundogdu/qwen-ffn-rom/rtl/gated_delta_bram.v:131$2620:
      Old ports: A=$flatten\u_pe.$ternary$/Users/toprakgundogdu/qwen-ffn-rom/rtl/gated_delta_bram.v:132$2619_Y, B={ \u_pe.lanes[0].k_row [7] \u_pe.lanes[0].k_row [7] \u_pe.lanes[0].k_row [7] \u_pe.lanes[0].k_row [7] \u_pe.lanes[0].k_row [7] \u_pe.lanes[0].k_row [7] \u_pe.lanes[0].k_row [7] \u_pe.lanes[0].k_row [7] \u_pe.lanes[0].k_row [7] \u_pe.lanes[0].k_row [7] \u_pe.lanes[0].k_row [7] \u_pe.lanes[0].k_row [7] \u_pe.lanes[0].k_row [7] \u_pe.lanes[0].k_row [7] \u_pe.lanes[0].k_row [7] \u_pe.lanes[0].k_row [7] \u_pe.lanes[0].k_row [7] \u_pe.lanes[0].k_row [7] \u_pe.lanes[0].k_row [7] \u_pe.lanes[0].k_row [7] \u_pe.lanes[0].k_row [7] \u_pe.lanes[0].k_row [7] \u_pe.lanes[0].k_row [7] \u_pe.lanes[0].k_row [7] \u_pe.lanes[0].k_row [7:0] }, Y=$flatten\u_pe.$ternary$/Users/toprakgundogdu/qwen-ffn-rom/rtl/gated_delta_bram.v:131$2620_Y
      New ports: A=$flatten\u_pe.$ternary$/Users/toprakgundogdu/qwen-ffn-rom/rtl/gated_delta_bram.v:132$2619_Y [23:0], B={ \u_pe.lanes[0].k_row [7] \u_pe.lanes[0].k_row [7] \u_pe.lanes[0].k_row [7] \u_pe.lanes[0].k_row [7] \u_pe.lanes[0].k_row [7] \u_pe.lanes[0].k_row [7] \u_pe.lanes[0].k_row [7] \u_pe.lanes[0].k_row [7] \u_pe.lanes[0].k_row [7] \u_pe.lanes[0].k_row [7] \u_pe.lanes[0].k_row [7] \u_pe.lanes[0].k_row [7] \u_pe.lanes[0].k_row [7] \u_pe.lanes[0].k_row [7] \u_pe.lanes[0].k_row [7] \u_pe.lanes[0].k_row [7] \u_pe.lanes[0].k_row [7:0] }, Y=$flatten\u_pe.$ternary$/Users/toprakgundogdu/qwen-ffn-rom/rtl/gated_delta_bram.v:131$2620_Y [23:0]
      New connections: $flatten\u_pe.$ternary$/Users/toprakgundogdu/qwen-ffn-rom/rtl/gated_delta_bram.v:131$2620_Y [31:24] = { $flatten\u_pe.$ternary$/Users/toprakgundogdu/qwen-ffn-rom/rtl/gated_delta_bram.v:131$2620_Y [23] $flatten\u_pe.$ternary$/Users/toprakgundogdu/qwen-ffn-rom/rtl/gated_delta_bram.v:131$2620_Y [23] $flatten\u_pe.$ternary$/Users/toprakgundogdu/qwen-ffn-rom/rtl/gated_delta_bram.v:131$2620_Y [23] $flatten\u_pe.$ternary$/Users/toprakgundogdu/qwen-ffn-rom/rtl/gated_delta_bram.v:131$2620_Y [23] $flatten\u_pe.$ternary$/Users/toprakgundogdu/qwen-ffn-rom/rtl/gated_delta_bram.v:131$2620_Y [23] $flatten\u_pe.$ternary$/Users/toprakgundogdu/qwen-ffn-rom/rtl/gated_delta_bram.v:131$2620_Y [23] $flatten\u_pe.$ternary$/Users/toprakgundogdu/qwen-ffn-rom/rtl/gated_delta_bram.v:131$2620_Y [23] $flatten\u_pe.$ternary$/Users/toprakgundogdu/qwen-ffn-rom/rtl/gated_delta_bram.v:131$2620_Y [23] }
    Consolidated identical input bits for $mux cell $flatten\u_pe.$ternary$/Users/toprakgundogdu/qwen-ffn-rom/rtl/gated_delta_bram.v:131$2654:
      Old ports: A=$flatten\u_pe.$ternary$/Users/toprakgundogdu/qwen-ffn-rom/rtl/gated_delta_bram.v:132$2653_Y, B={ \u_pe.lanes[0].k_row [7] \u_pe.lanes[0].k_row [7] \u_pe.lanes[0].k_row [7] \u_pe.lanes[0].k_row [7] \u_pe.lanes[0].k_row [7] \u_pe.lanes[0].k_row [7] \u_pe.lanes[0].k_row [7] \u_pe.lanes[0].k_row [7] \u_pe.lanes[0].k_row [7] \u_pe.lanes[0].k_row [7] \u_pe.lanes[0].k_row [7] \u_pe.lanes[0].k_row [7] \u_pe.lanes[0].k_row [7] \u_pe.lanes[0].k_row [7] \u_pe.lanes[0].k_row [7] \u_pe.lanes[0].k_row [7] \u_pe.lanes[0].k_row [7] \u_pe.lanes[0].k_row [7] \u_pe.lanes[0].k_row [7] \u_pe.lanes[0].k_row [7] \u_pe.lanes[0].k_row [7] \u_pe.lanes[0].k_row [7] \u_pe.lanes[0].k_row [7] \u_pe.lanes[0].k_row [7] \u_pe.lanes[0].k_row [7:0] }, Y=$flatten\u_pe.$ternary$/Users/toprakgundogdu/qwen-ffn-rom/rtl/gated_delta_bram.v:131$2654_Y
      New ports: A=$flatten\u_pe.$ternary$/Users/toprakgundogdu/qwen-ffn-rom/rtl/gated_delta_bram.v:132$2653_Y [23:0], B={ \u_pe.lanes[0].k_row [7] \u_pe.lanes[0].k_row [7] \u_pe.lanes[0].k_row [7] \u_pe.lanes[0].k_row [7] \u_pe.lanes[0].k_row [7] \u_pe.lanes[0].k_row [7] \u_pe.lanes[0].k_row [7] \u_pe.lanes[0].k_row [7] \u_pe.lanes[0].k_row [7] \u_pe.lanes[0].k_row [7] \u_pe.lanes[0].k_row [7] \u_pe.lanes[0].k_row [7] \u_pe.lanes[0].k_row [7] \u_pe.lanes[0].k_row [7] \u_pe.lanes[0].k_row [7] \u_pe.lanes[0].k_row [7] \u_pe.lanes[0].k_row [7:0] }, Y=$flatten\u_pe.$ternary$/Users/toprakgundogdu/qwen-ffn-rom/rtl/gated_delta_bram.v:131$2654_Y [23:0]
      New connections: $flatten\u_pe.$ternary$/Users/toprakgundogdu/qwen-ffn-rom/rtl/gated_delta_bram.v:131$2654_Y [31:24] = { $flatten\u_pe.$ternary$/Users/toprakgundogdu/qwen-ffn-rom/rtl/gated_delta_bram.v:131$2654_Y [23] $flatten\u_pe.$ternary$/Users/toprakgundogdu/qwen-ffn-rom/rtl/gated_delta_bram.v:131$2654_Y [23] $flatten\u_pe.$ternary$/Users/toprakgundogdu/qwen-ffn-rom/rtl/gated_delta_bram.v:131$2654_Y [23] $flatten\u_pe.$ternary$/Users/toprakgundogdu/qwen-ffn-rom/rtl/gated_delta_bram.v:131$2654_Y [23] $flatten\u_pe.$ternary$/Users/toprakgundogdu/qwen-ffn-rom/rtl/gated_delta_bram.v:131$2654_Y [23] $flatten\u_pe.$ternary$/Users/toprakgundogdu/qwen-ffn-rom/rtl/gated_delta_bram.v:131$2654_Y [23] $flatten\u_pe.$ternary$/Users/toprakgundogdu/qwen-ffn-rom/rtl/gated_delta_bram.v:131$2654_Y [23] $flatten\u_pe.$ternary$/Users/toprakgundogdu/qwen-ffn-rom/rtl/gated_delta_bram.v:131$2654_Y [23] }
    Consolidated identical input bits for $mux cell $flatten\u_pe.$ternary$/Users/toprakgundogdu/qwen-ffn-rom/rtl/gated_delta_bram.v:131$2688:
      Old ports: A=$flatten\u_pe.$ternary$/Users/toprakgundogdu/qwen-ffn-rom/rtl/gated_delta_bram.v:132$2687_Y, B={ \u_pe.lanes[0].k_row [7] \u_pe.lanes[0].k_row [7] \u_pe.lanes[0].k_row [7] \u_pe.lanes[0].k_row [7] \u_pe.lanes[0].k_row [7] \u_pe.lanes[0].k_row [7] \u_pe.lanes[0].k_row [7] \u_pe.lanes[0].k_row [7] \u_pe.lanes[0].k_row [7] \u_pe.lanes[0].k_row [7] \u_pe.lanes[0].k_row [7] \u_pe.lanes[0].k_row [7] \u_pe.lanes[0].k_row [7] \u_pe.lanes[0].k_row [7] \u_pe.lanes[0].k_row [7] \u_pe.lanes[0].k_row [7] \u_pe.lanes[0].k_row [7] \u_pe.lanes[0].k_row [7] \u_pe.lanes[0].k_row [7] \u_pe.lanes[0].k_row [7] \u_pe.lanes[0].k_row [7] \u_pe.lanes[0].k_row [7] \u_pe.lanes[0].k_row [7] \u_pe.lanes[0].k_row [7] \u_pe.lanes[0].k_row [7:0] }, Y=$flatten\u_pe.$ternary$/Users/toprakgundogdu/qwen-ffn-rom/rtl/gated_delta_bram.v:131$2688_Y
      New ports: A=$flatten\u_pe.$ternary$/Users/toprakgundogdu/qwen-ffn-rom/rtl/gated_delta_bram.v:132$2687_Y [23:0], B={ \u_pe.lanes[0].k_row [7] \u_pe.lanes[0].k_row [7] \u_pe.lanes[0].k_row [7] \u_pe.lanes[0].k_row [7] \u_pe.lanes[0].k_row [7] \u_pe.lanes[0].k_row [7] \u_pe.lanes[0].k_row [7] \u_pe.lanes[0].k_row [7] \u_pe.lanes[0].k_row [7] \u_pe.lanes[0].k_row [7] \u_pe.lanes[0].k_row [7] \u_pe.lanes[0].k_row [7] \u_pe.lanes[0].k_row [7] \u_pe.lanes[0].k_row [7] \u_pe.lanes[0].k_row [7] \u_pe.lanes[0].k_row [7] \u_pe.lanes[0].k_row [7:0] }, Y=$flatten\u_pe.$ternary$/Users/toprakgundogdu/qwen-ffn-rom/rtl/gated_delta_bram.v:131$2688_Y [23:0]
      New connections: $flatten\u_pe.$ternary$/Users/toprakgundogdu/qwen-ffn-rom/rtl/gated_delta_bram.v:131$2688_Y [31:24] = { $flatten\u_pe.$ternary$/Users/toprakgundogdu/qwen-ffn-rom/rtl/gated_delta_bram.v:131$2688_Y [23] $flatten\u_pe.$ternary$/Users/toprakgundogdu/qwen-ffn-rom/rtl/gated_delta_bram.v:131$2688_Y [23] $flatten\u_pe.$ternary$/Users/toprakgundogdu/qwen-ffn-rom/rtl/gated_delta_bram.v:131$2688_Y [23] $flatten\u_pe.$ternary$/Users/toprakgundogdu/qwen-ffn-rom/rtl/gated_delta_bram.v:131$2688_Y [23] $flatten\u_pe.$ternary$/Users/toprakgundogdu/qwen-ffn-rom/rtl/gated_delta_bram.v:131$2688_Y [23] $flatten\u_pe.$ternary$/Users/toprakgundogdu/qwen-ffn-rom/rtl/gated_delta_bram.v:131$2688_Y [23] $flatten\u_pe.$ternary$/Users/toprakgundogdu/qwen-ffn-rom/rtl/gated_delta_bram.v:131$2688_Y [23] $flatten\u_pe.$ternary$/Users/toprakgundogdu/qwen-ffn-rom/rtl/gated_delta_bram.v:131$2688_Y [23] }
  Optimizing cells in module \gated_delta_d16_bram.
    Consolidated identical input bits for $mux cell $flatten\u_pe.$ternary$/Users/toprakgundogdu/qwen-ffn-rom/rtl/gated_delta_bram.v:124$2170:
      Old ports: A=$flatten\u_pe.$ternary$/Users/toprakgundogdu/qwen-ffn-rom/rtl/gated_delta_bram.v:125$2169_Y, B={ \u_pe.lanes[0].u_s.rdata [15] \u_pe.lanes[0].u_s.rdata [15] \u_pe.lanes[0].u_s.rdata [15] \u_pe.lanes[0].u_s.rdata [15] \u_pe.lanes[0].u_s.rdata [15] \u_pe.lanes[0].u_s.rdata [15] \u_pe.lanes[0].u_s.rdata [15] \u_pe.lanes[0].u_s.rdata [15] \u_pe.lanes[0].u_s.rdata [15] \u_pe.lanes[0].u_s.rdata [15] \u_pe.lanes[0].u_s.rdata [15] \u_pe.lanes[0].u_s.rdata [15] \u_pe.lanes[0].u_s.rdata [15] \u_pe.lanes[0].u_s.rdata [15] \u_pe.lanes[0].u_s.rdata [15] \u_pe.lanes[0].u_s.rdata [15] \u_pe.lanes[0].u_s.rdata }, Y=\u_pe.mul_a[0]
      New ports: A=$flatten\u_pe.$ternary$/Users/toprakgundogdu/qwen-ffn-rom/rtl/gated_delta_bram.v:125$2169_Y [15:0], B=\u_pe.lanes[0].u_s.rdata, Y=\u_pe.mul_a[0] [15:0]
      New connections: \u_pe.mul_a[0] [31:16] = { \u_pe.mul_a[0] [15] \u_pe.mul_a[0] [15] \u_pe.mul_a[0] [15] \u_pe.mul_a[0] [15] \u_pe.mul_a[0] [15] \u_pe.mul_a[0] [15] \u_pe.mul_a[0] [15] \u_pe.mul_a[0] [15] \u_pe.mul_a[0] [15] \u_pe.mul_a[0] [15] \u_pe.mul_a[0] [15] \u_pe.mul_a[0] [15] \u_pe.mul_a[0] [15] \u_pe.mul_a[0] [15] \u_pe.mul_a[0] [15] \u_pe.mul_a[0] [15] }
    Consolidated identical input bits for $mux cell $flatten\u_pe.$ternary$/Users/toprakgundogdu/qwen-ffn-rom/rtl/gated_delta_bram.v:124$2204:
      Old ports: A=$flatten\u_pe.$ternary$/Users/toprakgundogdu/qwen-ffn-rom/rtl/gated_delta_bram.v:125$2203_Y, B={ \u_pe.lanes[1].u_s.rdata [15] \u_pe.lanes[1].u_s.rdata [15] \u_pe.lanes[1].u_s.rdata [15] \u_pe.lanes[1].u_s.rdata [15] \u_pe.lanes[1].u_s.rdata [15] \u_pe.lanes[1].u_s.rdata [15] \u_pe.lanes[1].u_s.rdata [15] \u_pe.lanes[1].u_s.rdata [15] \u_pe.lanes[1].u_s.rdata [15] \u_pe.lanes[1].u_s.rdata [15] \u_pe.lanes[1].u_s.rdata [15] \u_pe.lanes[1].u_s.rdata [15] \u_pe.lanes[1].u_s.rdata [15] \u_pe.lanes[1].u_s.rdata [15] \u_pe.lanes[1].u_s.rdata [15] \u_pe.lanes[1].u_s.rdata [15] \u_pe.lanes[1].u_s.rdata }, Y=\u_pe.mul_a[1]
      New ports: A=$flatten\u_pe.$ternary$/Users/toprakgundogdu/qwen-ffn-rom/rtl/gated_delta_bram.v:125$2203_Y [15:0], B=\u_pe.lanes[1].u_s.rdata, Y=\u_pe.mul_a[1] [15:0]
      New connections: \u_pe.mul_a[1] [31:16] = { \u_pe.mul_a[1] [15] \u_pe.mul_a[1] [15] \u_pe.mul_a[1] [15] \u_pe.mul_a[1] [15] \u_pe.mul_a[1] [15] \u_pe.mul_a[1] [15] \u_pe.mul_a[1] [15] \u_pe.mul_a[1] [15] \u_pe.mul_a[1] [15] \u_pe.mul_a[1] [15] \u_pe.mul_a[1] [15] \u_pe.mul_a[1] [15] \u_pe.mul_a[1] [15] \u_pe.mul_a[1] [15] \u_pe.mul_a[1] [15] \u_pe.mul_a[1] [15] }
    Consolidated identical input bits for $mux cell $flatten\u_pe.$ternary$/Users/toprakgundogdu/qwen-ffn-rom/rtl/gated_delta_bram.v:124$2238:
      Old ports: A=$flatten\u_pe.$ternary$/Users/toprakgundogdu/qwen-ffn-rom/rtl/gated_delta_bram.v:125$2237_Y, B={ \u_pe.lanes[2].u_s.rdata [15] \u_pe.lanes[2].u_s.rdata [15] \u_pe.lanes[2].u_s.rdata [15] \u_pe.lanes[2].u_s.rdata [15] \u_pe.lanes[2].u_s.rdata [15] \u_pe.lanes[2].u_s.rdata [15] \u_pe.lanes[2].u_s.rdata [15] \u_pe.lanes[2].u_s.rdata [15] \u_pe.lanes[2].u_s.rdata [15] \u_pe.lanes[2].u_s.rdata [15] \u_pe.lanes[2].u_s.rdata [15] \u_pe.lanes[2].u_s.rdata [15] \u_pe.lanes[2].u_s.rdata [15] \u_pe.lanes[2].u_s.rdata [15] \u_pe.lanes[2].u_s.rdata [15] \u_pe.lanes[2].u_s.rdata [15] \u_pe.lanes[2].u_s.rdata }, Y=\u_pe.mul_a[2]
      New ports: A=$flatten\u_pe.$ternary$/Users/toprakgundogdu/qwen-ffn-rom/rtl/gated_delta_bram.v:125$2237_Y [15:0], B=\u_pe.lanes[2].u_s.rdata, Y=\u_pe.mul_a[2] [15:0]
      New connections: \u_pe.mul_a[2] [31:16] = { \u_pe.mul_a[2] [15] \u_pe.mul_a[2] [15] \u_pe.mul_a[2] [15] \u_pe.mul_a[2] [15] \u_pe.mul_a[2] [15] \u_pe.mul_a[2] [15] \u_pe.mul_a[2] [15] \u_pe.mul_a[2] [15] \u_pe.mul_a[2] [15] \u_pe.mul_a[2] [15] \u_pe.mul_a[2] [15] \u_pe.mul_a[2] [15] \u_pe.mul_a[2] [15] \u_pe.mul_a[2] [15] \u_pe.mul_a[2] [15] \u_pe.mul_a[2] [15] }
    Consolidated identical input bits for $mux cell $flatten\u_pe.$ternary$/Users/toprakgundogdu/qwen-ffn-rom/rtl/gated_delta_bram.v:124$2272:
      Old ports: A=$flatten\u_pe.$ternary$/Users/toprakgundogdu/qwen-ffn-rom/rtl/gated_delta_bram.v:125$2271_Y, B={ \u_pe.lanes[3].u_s.rdata [15] \u_pe.lanes[3].u_s.rdata [15] \u_pe.lanes[3].u_s.rdata [15] \u_pe.lanes[3].u_s.rdata [15] \u_pe.lanes[3].u_s.rdata [15] \u_pe.lanes[3].u_s.rdata [15] \u_pe.lanes[3].u_s.rdata [15] \u_pe.lanes[3].u_s.rdata [15] \u_pe.lanes[3].u_s.rdata [15] \u_pe.lanes[3].u_s.rdata [15] \u_pe.lanes[3].u_s.rdata [15] \u_pe.lanes[3].u_s.rdata [15] \u_pe.lanes[3].u_s.rdata [15] \u_pe.lanes[3].u_s.rdata [15] \u_pe.lanes[3].u_s.rdata [15] \u_pe.lanes[3].u_s.rdata [15] \u_pe.lanes[3].u_s.rdata }, Y=\u_pe.mul_a[3]
      New ports: A=$flatten\u_pe.$ternary$/Users/toprakgundogdu/qwen-ffn-rom/rtl/gated_delta_bram.v:125$2271_Y [15:0], B=\u_pe.lanes[3].u_s.rdata, Y=\u_pe.mul_a[3] [15:0]
      New connections: \u_pe.mul_a[3] [31:16] = { \u_pe.mul_a[3] [15] \u_pe.mul_a[3] [15] \u_pe.mul_a[3] [15] \u_pe.mul_a[3] [15] \u_pe.mul_a[3] [15] \u_pe.mul_a[3] [15] \u_pe.mul_a[3] [15] \u_pe.mul_a[3] [15] \u_pe.mul_a[3] [15] \u_pe.mul_a[3] [15] \u_pe.mul_a[3] [15] \u_pe.mul_a[3] [15] \u_pe.mul_a[3] [15] \u_pe.mul_a[3] [15] \u_pe.mul_a[3] [15] \u_pe.mul_a[3] [15] }
    Consolidated identical input bits for $mux cell $flatten\u_pe.$ternary$/Users/toprakgundogdu/qwen-ffn-rom/rtl/gated_delta_bram.v:124$2306:
      Old ports: A=$flatten\u_pe.$ternary$/Users/toprakgundogdu/qwen-ffn-rom/rtl/gated_delta_bram.v:125$2305_Y, B={ \u_pe.lanes[4].u_s.rdata [15] \u_pe.lanes[4].u_s.rdata [15] \u_pe.lanes[4].u_s.rdata [15] \u_pe.lanes[4].u_s.rdata [15] \u_pe.lanes[4].u_s.rdata [15] \u_pe.lanes[4].u_s.rdata [15] \u_pe.lanes[4].u_s.rdata [15] \u_pe.lanes[4].u_s.rdata [15] \u_pe.lanes[4].u_s.rdata [15] \u_pe.lanes[4].u_s.rdata [15] \u_pe.lanes[4].u_s.rdata [15] \u_pe.lanes[4].u_s.rdata [15] \u_pe.lanes[4].u_s.rdata [15] \u_pe.lanes[4].u_s.rdata [15] \u_pe.lanes[4].u_s.rdata [15] \u_pe.lanes[4].u_s.rdata [15] \u_pe.lanes[4].u_s.rdata }, Y=\u_pe.mul_a[4]
      New ports: A=$flatten\u_pe.$ternary$/Users/toprakgundogdu/qwen-ffn-rom/rtl/gated_delta_bram.v:125$2305_Y [15:0], B=\u_pe.lanes[4].u_s.rdata, Y=\u_pe.mul_a[4] [15:0]
      New connections: \u_pe.mul_a[4] [31:16] = { \u_pe.mul_a[4] [15] \u_pe.mul_a[4] [15] \u_pe.mul_a[4] [15] \u_pe.mul_a[4] [15] \u_pe.mul_a[4] [15] \u_pe.mul_a[4] [15] \u_pe.mul_a[4] [15] \u_pe.mul_a[4] [15] \u_pe.mul_a[4] [15] \u_pe.mul_a[4] [15] \u_pe.mul_a[4] [15] \u_pe.mul_a[4] [15] \u_pe.mul_a[4] [15] \u_pe.mul_a[4] [15] \u_pe.mul_a[4] [15] \u_pe.mul_a[4] [15] }
    Consolidated identical input bits for $mux cell $flatten\u_pe.$ternary$/Users/toprakgundogdu/qwen-ffn-rom/rtl/gated_delta_bram.v:124$2340:
      Old ports: A=$flatten\u_pe.$ternary$/Users/toprakgundogdu/qwen-ffn-rom/rtl/gated_delta_bram.v:125$2339_Y, B={ \u_pe.lanes[5].u_s.rdata [15] \u_pe.lanes[5].u_s.rdata [15] \u_pe.lanes[5].u_s.rdata [15] \u_pe.lanes[5].u_s.rdata [15] \u_pe.lanes[5].u_s.rdata [15] \u_pe.lanes[5].u_s.rdata [15] \u_pe.lanes[5].u_s.rdata [15] \u_pe.lanes[5].u_s.rdata [15] \u_pe.lanes[5].u_s.rdata [15] \u_pe.lanes[5].u_s.rdata [15] \u_pe.lanes[5].u_s.rdata [15] \u_pe.lanes[5].u_s.rdata [15] \u_pe.lanes[5].u_s.rdata [15] \u_pe.lanes[5].u_s.rdata [15] \u_pe.lanes[5].u_s.rdata [15] \u_pe.lanes[5].u_s.rdata [15] \u_pe.lanes[5].u_s.rdata }, Y=\u_pe.mul_a[5]
      New ports: A=$flatten\u_pe.$ternary$/Users/toprakgundogdu/qwen-ffn-rom/rtl/gated_delta_bram.v:125$2339_Y [15:0], B=\u_pe.lanes[5].u_s.rdata, Y=\u_pe.mul_a[5] [15:0]
      New connections: \u_pe.mul_a[5] [31:16] = { \u_pe.mul_a[5] [15] \u_pe.mul_a[5] [15] \u_pe.mul_a[5] [15] \u_pe.mul_a[5] [15] \u_pe.mul_a[5] [15] \u_pe.mul_a[5] [15] \u_pe.mul_a[5] [15] \u_pe.mul_a[5] [15] \u_pe.mul_a[5] [15] \u_pe.mul_a[5] [15] \u_pe.mul_a[5] [15] \u_pe.mul_a[5] [15] \u_pe.mul_a[5] [15] \u_pe.mul_a[5] [15] \u_pe.mul_a[5] [15] \u_pe.mul_a[5] [15] }
    Consolidated identical input bits for $mux cell $flatten\u_pe.$ternary$/Users/toprakgundogdu/qwen-ffn-rom/rtl/gated_delta_bram.v:124$2374:
      Old ports: A=$flatten\u_pe.$ternary$/Users/toprakgundogdu/qwen-ffn-rom/rtl/gated_delta_bram.v:125$2373_Y, B={ \u_pe.lanes[6].u_s.rdata [15] \u_pe.lanes[6].u_s.rdata [15] \u_pe.lanes[6].u_s.rdata [15] \u_pe.lanes[6].u_s.rdata [15] \u_pe.lanes[6].u_s.rdata [15] \u_pe.lanes[6].u_s.rdata [15] \u_pe.lanes[6].u_s.rdata [15] \u_pe.lanes[6].u_s.rdata [15] \u_pe.lanes[6].u_s.rdata [15] \u_pe.lanes[6].u_s.rdata [15] \u_pe.lanes[6].u_s.rdata [15] \u_pe.lanes[6].u_s.rdata [15] \u_pe.lanes[6].u_s.rdata [15] \u_pe.lanes[6].u_s.rdata [15] \u_pe.lanes[6].u_s.rdata [15] \u_pe.lanes[6].u_s.rdata [15] \u_pe.lanes[6].u_s.rdata }, Y=\u_pe.mul_a[6]
      New ports: A=$flatten\u_pe.$ternary$/Users/toprakgundogdu/qwen-ffn-rom/rtl/gated_delta_bram.v:125$2373_Y [15:0], B=\u_pe.lanes[6].u_s.rdata, Y=\u_pe.mul_a[6] [15:0]
      New connections: \u_pe.mul_a[6] [31:16] = { \u_pe.mul_a[6] [15] \u_pe.mul_a[6] [15] \u_pe.mul_a[6] [15] \u_pe.mul_a[6] [15] \u_pe.mul_a[6] [15] \u_pe.mul_a[6] [15] \u_pe.mul_a[6] [15] \u_pe.mul_a[6] [15] \u_pe.mul_a[6] [15] \u_pe.mul_a[6] [15] \u_pe.mul_a[6] [15] \u_pe.mul_a[6] [15] \u_pe.mul_a[6] [15] \u_pe.mul_a[6] [15] \u_pe.mul_a[6] [15] \u_pe.mul_a[6] [15] }
    Consolidated identical input bits for $mux cell $flatten\u_pe.$ternary$/Users/toprakgundogdu/qwen-ffn-rom/rtl/gated_delta_bram.v:124$2408:
      Old ports: A=$flatten\u_pe.$ternary$/Users/toprakgundogdu/qwen-ffn-rom/rtl/gated_delta_bram.v:125$2407_Y, B={ \u_pe.lanes[7].u_s.rdata [15] \u_pe.lanes[7].u_s.rdata [15] \u_pe.lanes[7].u_s.rdata [15] \u_pe.lanes[7].u_s.rdata [15] \u_pe.lanes[7].u_s.rdata [15] \u_pe.lanes[7].u_s.rdata [15] \u_pe.lanes[7].u_s.rdata [15] \u_pe.lanes[7].u_s.rdata [15] \u_pe.lanes[7].u_s.rdata [15] \u_pe.lanes[7].u_s.rdata [15] \u_pe.lanes[7].u_s.rdata [15] \u_pe.lanes[7].u_s.rdata [15] \u_pe.lanes[7].u_s.rdata [15] \u_pe.lanes[7].u_s.rdata [15] \u_pe.lanes[7].u_s.rdata [15] \u_pe.lanes[7].u_s.rdata [15] \u_pe.lanes[7].u_s.rdata }, Y=\u_pe.mul_a[7]
      New ports: A=$flatten\u_pe.$ternary$/Users/toprakgundogdu/qwen-ffn-rom/rtl/gated_delta_bram.v:125$2407_Y [15:0], B=\u_pe.lanes[7].u_s.rdata, Y=\u_pe.mul_a[7] [15:0]
      New connections: \u_pe.mul_a[7] [31:16] = { \u_pe.mul_a[7] [15] \u_pe.mul_a[7] [15] \u_pe.mul_a[7] [15] \u_pe.mul_a[7] [15] \u_pe.mul_a[7] [15] \u_pe.mul_a[7] [15] \u_pe.mul_a[7] [15] \u_pe.mul_a[7] [15] \u_pe.mul_a[7] [15] \u_pe.mul_a[7] [15] \u_pe.mul_a[7] [15] \u_pe.mul_a[7] [15] \u_pe.mul_a[7] [15] \u_pe.mul_a[7] [15] \u_pe.mul_a[7] [15] \u_pe.mul_a[7] [15] }
    Consolidated identical input bits for $mux cell $flatten\u_pe.$ternary$/Users/toprakgundogdu/qwen-ffn-rom/rtl/gated_delta_bram.v:124$2442:
      Old ports: A=$flatten\u_pe.$ternary$/Users/toprakgundogdu/qwen-ffn-rom/rtl/gated_delta_bram.v:125$2441_Y, B={ \u_pe.lanes[8].u_s.rdata [15] \u_pe.lanes[8].u_s.rdata [15] \u_pe.lanes[8].u_s.rdata [15] \u_pe.lanes[8].u_s.rdata [15] \u_pe.lanes[8].u_s.rdata [15] \u_pe.lanes[8].u_s.rdata [15] \u_pe.lanes[8].u_s.rdata [15] \u_pe.lanes[8].u_s.rdata [15] \u_pe.lanes[8].u_s.rdata [15] \u_pe.lanes[8].u_s.rdata [15] \u_pe.lanes[8].u_s.rdata [15] \u_pe.lanes[8].u_s.rdata [15] \u_pe.lanes[8].u_s.rdata [15] \u_pe.lanes[8].u_s.rdata [15] \u_pe.lanes[8].u_s.rdata [15] \u_pe.lanes[8].u_s.rdata [15] \u_pe.lanes[8].u_s.rdata }, Y=\u_pe.mul_a[8]
      New ports: A=$flatten\u_pe.$ternary$/Users/toprakgundogdu/qwen-ffn-rom/rtl/gated_delta_bram.v:125$2441_Y [15:0], B=\u_pe.lanes[8].u_s.rdata, Y=\u_pe.mul_a[8] [15:0]
      New connections: \u_pe.mul_a[8] [31:16] = { \u_pe.mul_a[8] [15] \u_pe.mul_a[8] [15] \u_pe.mul_a[8] [15] \u_pe.mul_a[8] [15] \u_pe.mul_a[8] [15] \u_pe.mul_a[8] [15] \u_pe.mul_a[8] [15] \u_pe.mul_a[8] [15] \u_pe.mul_a[8] [15] \u_pe.mul_a[8] [15] \u_pe.mul_a[8] [15] \u_pe.mul_a[8] [15] \u_pe.mul_a[8] [15] \u_pe.mul_a[8] [15] \u_pe.mul_a[8] [15] \u_pe.mul_a[8] [15] }
    Consolidated identical input bits for $mux cell $flatten\u_pe.$ternary$/Users/toprakgundogdu/qwen-ffn-rom/rtl/gated_delta_bram.v:124$2476:
      Old ports: A=$flatten\u_pe.$ternary$/Users/toprakgundogdu/qwen-ffn-rom/rtl/gated_delta_bram.v:125$2475_Y, B={ \u_pe.lanes[9].u_s.rdata [15] \u_pe.lanes[9].u_s.rdata [15] \u_pe.lanes[9].u_s.rdata [15] \u_pe.lanes[9].u_s.rdata [15] \u_pe.lanes[9].u_s.rdata [15] \u_pe.lanes[9].u_s.rdata [15] \u_pe.lanes[9].u_s.rdata [15] \u_pe.lanes[9].u_s.rdata [15] \u_pe.lanes[9].u_s.rdata [15] \u_pe.lanes[9].u_s.rdata [15] \u_pe.lanes[9].u_s.rdata [15] \u_pe.lanes[9].u_s.rdata [15] \u_pe.lanes[9].u_s.rdata [15] \u_pe.lanes[9].u_s.rdata [15] \u_pe.lanes[9].u_s.rdata [15] \u_pe.lanes[9].u_s.rdata [15] \u_pe.lanes[9].u_s.rdata }, Y=\u_pe.mul_a[9]
      New ports: A=$flatten\u_pe.$ternary$/Users/toprakgundogdu/qwen-ffn-rom/rtl/gated_delta_bram.v:125$2475_Y [15:0], B=\u_pe.lanes[9].u_s.rdata, Y=\u_pe.mul_a[9] [15:0]
      New connections: \u_pe.mul_a[9] [31:16] = { \u_pe.mul_a[9] [15] \u_pe.mul_a[9] [15] \u_pe.mul_a[9] [15] \u_pe.mul_a[9] [15] \u_pe.mul_a[9] [15] \u_pe.mul_a[9] [15] \u_pe.mul_a[9] [15] \u_pe.mul_a[9] [15] \u_pe.mul_a[9] [15] \u_pe.mul_a[9] [15] \u_pe.mul_a[9] [15] \u_pe.mul_a[9] [15] \u_pe.mul_a[9] [15] \u_pe.mul_a[9] [15] \u_pe.mul_a[9] [15] \u_pe.mul_a[9] [15] }
    Consolidated identical input bits for $mux cell $flatten\u_pe.$ternary$/Users/toprakgundogdu/qwen-ffn-rom/rtl/gated_delta_bram.v:124$2510:
      Old ports: A=$flatten\u_pe.$ternary$/Users/toprakgundogdu/qwen-ffn-rom/rtl/gated_delta_bram.v:125$2509_Y, B={ \u_pe.lanes[10].u_s.rdata [15] \u_pe.lanes[10].u_s.rdata [15] \u_pe.lanes[10].u_s.rdata [15] \u_pe.lanes[10].u_s.rdata [15] \u_pe.lanes[10].u_s.rdata [15] \u_pe.lanes[10].u_s.rdata [15] \u_pe.lanes[10].u_s.rdata [15] \u_pe.lanes[10].u_s.rdata [15] \u_pe.lanes[10].u_s.rdata [15] \u_pe.lanes[10].u_s.rdata [15] \u_pe.lanes[10].u_s.rdata [15] \u_pe.lanes[10].u_s.rdata [15] \u_pe.lanes[10].u_s.rdata [15] \u_pe.lanes[10].u_s.rdata [15] \u_pe.lanes[10].u_s.rdata [15] \u_pe.lanes[10].u_s.rdata [15] \u_pe.lanes[10].u_s.rdata }, Y=\u_pe.mul_a[10]
      New ports: A=$flatten\u_pe.$ternary$/Users/toprakgundogdu/qwen-ffn-rom/rtl/gated_delta_bram.v:125$2509_Y [15:0], B=\u_pe.lanes[10].u_s.rdata, Y=\u_pe.mul_a[10] [15:0]
      New connections: \u_pe.mul_a[10] [31:16] = { \u_pe.mul_a[10] [15] \u_pe.mul_a[10] [15] \u_pe.mul_a[10] [15] \u_pe.mul_a[10] [15] \u_pe.mul_a[10] [15] \u_pe.mul_a[10] [15] \u_pe.mul_a[10] [15] \u_pe.mul_a[10] [15] \u_pe.mul_a[10] [15] \u_pe.mul_a[10] [15] \u_pe.mul_a[10] [15] \u_pe.mul_a[10] [15] \u_pe.mul_a[10] [15] \u_pe.mul_a[10] [15] \u_pe.mul_a[10] [15] \u_pe.mul_a[10] [15] }
    Consolidated identical input bits for $mux cell $flatten\u_pe.$ternary$/Users/toprakgundogdu/qwen-ffn-rom/rtl/gated_delta_bram.v:124$2544:
      Old ports: A=$flatten\u_pe.$ternary$/Users/toprakgundogdu/qwen-ffn-rom/rtl/gated_delta_bram.v:125$2543_Y, B={ \u_pe.lanes[11].u_s.rdata [15] \u_pe.lanes[11].u_s.rdata [15] \u_pe.lanes[11].u_s.rdata [15] \u_pe.lanes[11].u_s.rdata [15] \u_pe.lanes[11].u_s.rdata [15] \u_pe.lanes[11].u_s.rdata [15] \u_pe.lanes[11].u_s.rdata [15] \u_pe.lanes[11].u_s.rdata [15] \u_pe.lanes[11].u_s.rdata [15] \u_pe.lanes[11].u_s.rdata [15] \u_pe.lanes[11].u_s.rdata [15] \u_pe.lanes[11].u_s.rdata [15] \u_pe.lanes[11].u_s.rdata [15] \u_pe.lanes[11].u_s.rdata [15] \u_pe.lanes[11].u_s.rdata [15] \u_pe.lanes[11].u_s.rdata [15] \u_pe.lanes[11].u_s.rdata }, Y=\u_pe.mul_a[11]
      New ports: A=$flatten\u_pe.$ternary$/Users/toprakgundogdu/qwen-ffn-rom/rtl/gated_delta_bram.v:125$2543_Y [15:0], B=\u_pe.lanes[11].u_s.rdata, Y=\u_pe.mul_a[11] [15:0]
      New connections: \u_pe.mul_a[11] [31:16] = { \u_pe.mul_a[11] [15] \u_pe.mul_a[11] [15] \u_pe.mul_a[11] [15] \u_pe.mul_a[11] [15] \u_pe.mul_a[11] [15] \u_pe.mul_a[11] [15] \u_pe.mul_a[11] [15] \u_pe.mul_a[11] [15] \u_pe.mul_a[11] [15] \u_pe.mul_a[11] [15] \u_pe.mul_a[11] [15] \u_pe.mul_a[11] [15] \u_pe.mul_a[11] [15] \u_pe.mul_a[11] [15] \u_pe.mul_a[11] [15] \u_pe.mul_a[11] [15] }
    Consolidated identical input bits for $mux cell $flatten\u_pe.$ternary$/Users/toprakgundogdu/qwen-ffn-rom/rtl/gated_delta_bram.v:124$2578:
      Old ports: A=$flatten\u_pe.$ternary$/Users/toprakgundogdu/qwen-ffn-rom/rtl/gated_delta_bram.v:125$2577_Y, B={ \u_pe.lanes[12].u_s.rdata [15] \u_pe.lanes[12].u_s.rdata [15] \u_pe.lanes[12].u_s.rdata [15] \u_pe.lanes[12].u_s.rdata [15] \u_pe.lanes[12].u_s.rdata [15] \u_pe.lanes[12].u_s.rdata [15] \u_pe.lanes[12].u_s.rdata [15] \u_pe.lanes[12].u_s.rdata [15] \u_pe.lanes[12].u_s.rdata [15] \u_pe.lanes[12].u_s.rdata [15] \u_pe.lanes[12].u_s.rdata [15] \u_pe.lanes[12].u_s.rdata [15] \u_pe.lanes[12].u_s.rdata [15] \u_pe.lanes[12].u_s.rdata [15] \u_pe.lanes[12].u_s.rdata [15] \u_pe.lanes[12].u_s.rdata [15] \u_pe.lanes[12].u_s.rdata }, Y=\u_pe.mul_a[12]
      New ports: A=$flatten\u_pe.$ternary$/Users/toprakgundogdu/qwen-ffn-rom/rtl/gated_delta_bram.v:125$2577_Y [15:0], B=\u_pe.lanes[12].u_s.rdata, Y=\u_pe.mul_a[12] [15:0]
      New connections: \u_pe.mul_a[12] [31:16] = { \u_pe.mul_a[12] [15] \u_pe.mul_a[12] [15] \u_pe.mul_a[12] [15] \u_pe.mul_a[12] [15] \u_pe.mul_a[12] [15] \u_pe.mul_a[12] [15] \u_pe.mul_a[12] [15] \u_pe.mul_a[12] [15] \u_pe.mul_a[12] [15] \u_pe.mul_a[12] [15] \u_pe.mul_a[12] [15] \u_pe.mul_a[12] [15] \u_pe.mul_a[12] [15] \u_pe.mul_a[12] [15] \u_pe.mul_a[12] [15] \u_pe.mul_a[12] [15] }
    Consolidated identical input bits for $mux cell $flatten\u_pe.$ternary$/Users/toprakgundogdu/qwen-ffn-rom/rtl/gated_delta_bram.v:124$2612:
      Old ports: A=$flatten\u_pe.$ternary$/Users/toprakgundogdu/qwen-ffn-rom/rtl/gated_delta_bram.v:125$2611_Y, B={ \u_pe.lanes[13].u_s.rdata [15] \u_pe.lanes[13].u_s.rdata [15] \u_pe.lanes[13].u_s.rdata [15] \u_pe.lanes[13].u_s.rdata [15] \u_pe.lanes[13].u_s.rdata [15] \u_pe.lanes[13].u_s.rdata [15] \u_pe.lanes[13].u_s.rdata [15] \u_pe.lanes[13].u_s.rdata [15] \u_pe.lanes[13].u_s.rdata [15] \u_pe.lanes[13].u_s.rdata [15] \u_pe.lanes[13].u_s.rdata [15] \u_pe.lanes[13].u_s.rdata [15] \u_pe.lanes[13].u_s.rdata [15] \u_pe.lanes[13].u_s.rdata [15] \u_pe.lanes[13].u_s.rdata [15] \u_pe.lanes[13].u_s.rdata [15] \u_pe.lanes[13].u_s.rdata }, Y=\u_pe.mul_a[13]
      New ports: A=$flatten\u_pe.$ternary$/Users/toprakgundogdu/qwen-ffn-rom/rtl/gated_delta_bram.v:125$2611_Y [15:0], B=\u_pe.lanes[13].u_s.rdata, Y=\u_pe.mul_a[13] [15:0]
      New connections: \u_pe.mul_a[13] [31:16] = { \u_pe.mul_a[13] [15] \u_pe.mul_a[13] [15] \u_pe.mul_a[13] [15] \u_pe.mul_a[13] [15] \u_pe.mul_a[13] [15] \u_pe.mul_a[13] [15] \u_pe.mul_a[13] [15] \u_pe.mul_a[13] [15] \u_pe.mul_a[13] [15] \u_pe.mul_a[13] [15] \u_pe.mul_a[13] [15] \u_pe.mul_a[13] [15] \u_pe.mul_a[13] [15] \u_pe.mul_a[13] [15] \u_pe.mul_a[13] [15] \u_pe.mul_a[13] [15] }
    Consolidated identical input bits for $mux cell $flatten\u_pe.$ternary$/Users/toprakgundogdu/qwen-ffn-rom/rtl/gated_delta_bram.v:124$2646:
      Old ports: A=$flatten\u_pe.$ternary$/Users/toprakgundogdu/qwen-ffn-rom/rtl/gated_delta_bram.v:125$2645_Y, B={ \u_pe.lanes[14].u_s.rdata [15] \u_pe.lanes[14].u_s.rdata [15] \u_pe.lanes[14].u_s.rdata [15] \u_pe.lanes[14].u_s.rdata [15] \u_pe.lanes[14].u_s.rdata [15] \u_pe.lanes[14].u_s.rdata [15] \u_pe.lanes[14].u_s.rdata [15] \u_pe.lanes[14].u_s.rdata [15] \u_pe.lanes[14].u_s.rdata [15] \u_pe.lanes[14].u_s.rdata [15] \u_pe.lanes[14].u_s.rdata [15] \u_pe.lanes[14].u_s.rdata [15] \u_pe.lanes[14].u_s.rdata [15] \u_pe.lanes[14].u_s.rdata [15] \u_pe.lanes[14].u_s.rdata [15] \u_pe.lanes[14].u_s.rdata [15] \u_pe.lanes[14].u_s.rdata }, Y=\u_pe.mul_a[14]
      New ports: A=$flatten\u_pe.$ternary$/Users/toprakgundogdu/qwen-ffn-rom/rtl/gated_delta_bram.v:125$2645_Y [15:0], B=\u_pe.lanes[14].u_s.rdata, Y=\u_pe.mul_a[14] [15:0]
      New connections: \u_pe.mul_a[14] [31:16] = { \u_pe.mul_a[14] [15] \u_pe.mul_a[14] [15] \u_pe.mul_a[14] [15] \u_pe.mul_a[14] [15] \u_pe.mul_a[14] [15] \u_pe.mul_a[14] [15] \u_pe.mul_a[14] [15] \u_pe.mul_a[14] [15] \u_pe.mul_a[14] [15] \u_pe.mul_a[14] [15] \u_pe.mul_a[14] [15] \u_pe.mul_a[14] [15] \u_pe.mul_a[14] [15] \u_pe.mul_a[14] [15] \u_pe.mul_a[14] [15] \u_pe.mul_a[14] [15] }
    Consolidated identical input bits for $mux cell $flatten\u_pe.$ternary$/Users/toprakgundogdu/qwen-ffn-rom/rtl/gated_delta_bram.v:124$2680:
      Old ports: A=$flatten\u_pe.$ternary$/Users/toprakgundogdu/qwen-ffn-rom/rtl/gated_delta_bram.v:125$2679_Y, B={ \u_pe.lanes[15].u_s.rdata [15] \u_pe.lanes[15].u_s.rdata [15] \u_pe.lanes[15].u_s.rdata [15] \u_pe.lanes[15].u_s.rdata [15] \u_pe.lanes[15].u_s.rdata [15] \u_pe.lanes[15].u_s.rdata [15] \u_pe.lanes[15].u_s.rdata [15] \u_pe.lanes[15].u_s.rdata [15] \u_pe.lanes[15].u_s.rdata [15] \u_pe.lanes[15].u_s.rdata [15] \u_pe.lanes[15].u_s.rdata [15] \u_pe.lanes[15].u_s.rdata [15] \u_pe.lanes[15].u_s.rdata [15] \u_pe.lanes[15].u_s.rdata [15] \u_pe.lanes[15].u_s.rdata [15] \u_pe.lanes[15].u_s.rdata [15] \u_pe.lanes[15].u_s.rdata }, Y=\u_pe.mul_a[15]
      New ports: A=$flatten\u_pe.$ternary$/Users/toprakgundogdu/qwen-ffn-rom/rtl/gated_delta_bram.v:125$2679_Y [15:0], B=\u_pe.lanes[15].u_s.rdata, Y=\u_pe.mul_a[15] [15:0]
      New connections: \u_pe.mul_a[15] [31:16] = { \u_pe.mul_a[15] [15] \u_pe.mul_a[15] [15] \u_pe.mul_a[15] [15] \u_pe.mul_a[15] [15] \u_pe.mul_a[15] [15] \u_pe.mul_a[15] [15] \u_pe.mul_a[15] [15] \u_pe.mul_a[15] [15] \u_pe.mul_a[15] [15] \u_pe.mul_a[15] [15] \u_pe.mul_a[15] [15] \u_pe.mul_a[15] [15] \u_pe.mul_a[15] [15] \u_pe.mul_a[15] [15] \u_pe.mul_a[15] [15] \u_pe.mul_a[15] [15] }
    Consolidated identical input bits for $mux cell $flatten\u_pe.$ternary$/Users/toprakgundogdu/qwen-ffn-rom/rtl/gated_delta_bram.v:130$2179:
      Old ports: A=$flatten\u_pe.$ternary$/Users/toprakgundogdu/qwen-ffn-rom/rtl/gated_delta_bram.v:131$2178_Y, B={ 24'000000000000000000000000 \u_pe.g_r [7:0] }, Y=\u_pe.mul_b[0]
      New ports: A=$flatten\u_pe.$ternary$/Users/toprakgundogdu/qwen-ffn-rom/rtl/gated_delta_bram.v:131$2178_Y [23:0], B={ 16'0000000000000000 \u_pe.g_r [7:0] }, Y=\u_pe.mul_b[0] [23:0]
      New connections: \u_pe.mul_b[0] [31:24] = { \u_pe.mul_b[0] [23] \u_pe.mul_b[0] [23] \u_pe.mul_b[0] [23] \u_pe.mul_b[0] [23] \u_pe.mul_b[0] [23] \u_pe.mul_b[0] [23] \u_pe.mul_b[0] [23] \u_pe.mul_b[0] [23] }
    Consolidated identical input bits for $mux cell $flatten\u_pe.$ternary$/Users/toprakgundogdu/qwen-ffn-rom/rtl/gated_delta_bram.v:130$2213:
      Old ports: A=$flatten\u_pe.$ternary$/Users/toprakgundogdu/qwen-ffn-rom/rtl/gated_delta_bram.v:131$2212_Y, B={ 24'000000000000000000000000 \u_pe.g_r [7:0] }, Y=\u_pe.mul_b[1]
      New ports: A=$flatten\u_pe.$ternary$/Users/toprakgundogdu/qwen-ffn-rom/rtl/gated_delta_bram.v:131$2212_Y [23:0], B={ 16'0000000000000000 \u_pe.g_r [7:0] }, Y=\u_pe.mul_b[1] [23:0]
      New connections: \u_pe.mul_b[1] [31:24] = { \u_pe.mul_b[1] [23] \u_pe.mul_b[1] [23] \u_pe.mul_b[1] [23] \u_pe.mul_b[1] [23] \u_pe.mul_b[1] [23] \u_pe.mul_b[1] [23] \u_pe.mul_b[1] [23] \u_pe.mul_b[1] [23] }
    Consolidated identical input bits for $mux cell $flatten\u_pe.$ternary$/Users/toprakgundogdu/qwen-ffn-rom/rtl/gated_delta_bram.v:130$2247:
      Old ports: A=$flatten\u_pe.$ternary$/Users/toprakgundogdu/qwen-ffn-rom/rtl/gated_delta_bram.v:131$2246_Y, B={ 24'000000000000000000000000 \u_pe.g_r [7:0] }, Y=\u_pe.mul_b[2]
      New ports: A=$flatten\u_pe.$ternary$/Users/toprakgundogdu/qwen-ffn-rom/rtl/gated_delta_bram.v:131$2246_Y [23:0], B={ 16'0000000000000000 \u_pe.g_r [7:0] }, Y=\u_pe.mul_b[2] [23:0]
      New connections: \u_pe.mul_b[2] [31:24] = { \u_pe.mul_b[2] [23] \u_pe.mul_b[2] [23] \u_pe.mul_b[2] [23] \u_pe.mul_b[2] [23] \u_pe.mul_b[2] [23] \u_pe.mul_b[2] [23] \u_pe.mul_b[2] [23] \u_pe.mul_b[2] [23] }
    Consolidated identical input bits for $mux cell $flatten\u_pe.$ternary$/Users/toprakgundogdu/qwen-ffn-rom/rtl/gated_delta_bram.v:130$2281:
      Old ports: A=$flatten\u_pe.$ternary$/Users/toprakgundogdu/qwen-ffn-rom/rtl/gated_delta_bram.v:131$2280_Y, B={ 24'000000000000000000000000 \u_pe.g_r [7:0] }, Y=\u_pe.mul_b[3]
      New ports: A=$flatten\u_pe.$ternary$/Users/toprakgundogdu/qwen-ffn-rom/rtl/gated_delta_bram.v:131$2280_Y [23:0], B={ 16'0000000000000000 \u_pe.g_r [7:0] }, Y=\u_pe.mul_b[3] [23:0]
      New connections: \u_pe.mul_b[3] [31:24] = { \u_pe.mul_b[3] [23] \u_pe.mul_b[3] [23] \u_pe.mul_b[3] [23] \u_pe.mul_b[3] [23] \u_pe.mul_b[3] [23] \u_pe.mul_b[3] [23] \u_pe.mul_b[3] [23] \u_pe.mul_b[3] [23] }
    Consolidated identical input bits for $mux cell $flatten\u_pe.$ternary$/Users/toprakgundogdu/qwen-ffn-rom/rtl/gated_delta_bram.v:130$2315:
      Old ports: A=$flatten\u_pe.$ternary$/Users/toprakgundogdu/qwen-ffn-rom/rtl/gated_delta_bram.v:131$2314_Y, B={ 24'000000000000000000000000 \u_pe.g_r [7:0] }, Y=\u_pe.mul_b[4]
      New ports: A=$flatten\u_pe.$ternary$/Users/toprakgundogdu/qwen-ffn-rom/rtl/gated_delta_bram.v:131$2314_Y [23:0], B={ 16'0000000000000000 \u_pe.g_r [7:0] }, Y=\u_pe.mul_b[4] [23:0]
      New connections: \u_pe.mul_b[4] [31:24] = { \u_pe.mul_b[4] [23] \u_pe.mul_b[4] [23] \u_pe.mul_b[4] [23] \u_pe.mul_b[4] [23] \u_pe.mul_b[4] [23] \u_pe.mul_b[4] [23] \u_pe.mul_b[4] [23] \u_pe.mul_b[4] [23] }
    Consolidated identical input bits for $mux cell $flatten\u_pe.$ternary$/Users/toprakgundogdu/qwen-ffn-rom/rtl/gated_delta_bram.v:130$2349:
      Old ports: A=$flatten\u_pe.$ternary$/Users/toprakgundogdu/qwen-ffn-rom/rtl/gated_delta_bram.v:131$2348_Y, B={ 24'000000000000000000000000 \u_pe.g_r [7:0] }, Y=\u_pe.mul_b[5]
      New ports: A=$flatten\u_pe.$ternary$/Users/toprakgundogdu/qwen-ffn-rom/rtl/gated_delta_bram.v:131$2348_Y [23:0], B={ 16'0000000000000000 \u_pe.g_r [7:0] }, Y=\u_pe.mul_b[5] [23:0]
      New connections: \u_pe.mul_b[5] [31:24] = { \u_pe.mul_b[5] [23] \u_pe.mul_b[5] [23] \u_pe.mul_b[5] [23] \u_pe.mul_b[5] [23] \u_pe.mul_b[5] [23] \u_pe.mul_b[5] [23] \u_pe.mul_b[5] [23] \u_pe.mul_b[5] [23] }
    Consolidated identical input bits for $mux cell $flatten\u_pe.$ternary$/Users/toprakgundogdu/qwen-ffn-rom/rtl/gated_delta_bram.v:130$2383:
      Old ports: A=$flatten\u_pe.$ternary$/Users/toprakgundogdu/qwen-ffn-rom/rtl/gated_delta_bram.v:131$2382_Y, B={ 24'000000000000000000000000 \u_pe.g_r [7:0] }, Y=\u_pe.mul_b[6]
      New ports: A=$flatten\u_pe.$ternary$/Users/toprakgundogdu/qwen-ffn-rom/rtl/gated_delta_bram.v:131$2382_Y [23:0], B={ 16'0000000000000000 \u_pe.g_r [7:0] }, Y=\u_pe.mul_b[6] [23:0]
      New connections: \u_pe.mul_b[6] [31:24] = { \u_pe.mul_b[6] [23] \u_pe.mul_b[6] [23] \u_pe.mul_b[6] [23] \u_pe.mul_b[6] [23] \u_pe.mul_b[6] [23] \u_pe.mul_b[6] [23] \u_pe.mul_b[6] [23] \u_pe.mul_b[6] [23] }
    Consolidated identical input bits for $mux cell $flatten\u_pe.$ternary$/Users/toprakgundogdu/qwen-ffn-rom/rtl/gated_delta_bram.v:130$2417:
      Old ports: A=$flatten\u_pe.$ternary$/Users/toprakgundogdu/qwen-ffn-rom/rtl/gated_delta_bram.v:131$2416_Y, B={ 24'000000000000000000000000 \u_pe.g_r [7:0] }, Y=\u_pe.mul_b[7]
      New ports: A=$flatten\u_pe.$ternary$/Users/toprakgundogdu/qwen-ffn-rom/rtl/gated_delta_bram.v:131$2416_Y [23:0], B={ 16'0000000000000000 \u_pe.g_r [7:0] }, Y=\u_pe.mul_b[7] [23:0]
      New connections: \u_pe.mul_b[7] [31:24] = { \u_pe.mul_b[7] [23] \u_pe.mul_b[7] [23] \u_pe.mul_b[7] [23] \u_pe.mul_b[7] [23] \u_pe.mul_b[7] [23] \u_pe.mul_b[7] [23] \u_pe.mul_b[7] [23] \u_pe.mul_b[7] [23] }
    Consolidated identical input bits for $mux cell $flatten\u_pe.$ternary$/Users/toprakgundogdu/qwen-ffn-rom/rtl/gated_delta_bram.v:130$2451:
      Old ports: A=$flatten\u_pe.$ternary$/Users/toprakgundogdu/qwen-ffn-rom/rtl/gated_delta_bram.v:131$2450_Y, B={ 24'000000000000000000000000 \u_pe.g_r [7:0] }, Y=\u_pe.mul_b[8]
      New ports: A=$flatten\u_pe.$ternary$/Users/toprakgundogdu/qwen-ffn-rom/rtl/gated_delta_bram.v:131$2450_Y [23:0], B={ 16'0000000000000000 \u_pe.g_r [7:0] }, Y=\u_pe.mul_b[8] [23:0]
      New connections: \u_pe.mul_b[8] [31:24] = { \u_pe.mul_b[8] [23] \u_pe.mul_b[8] [23] \u_pe.mul_b[8] [23] \u_pe.mul_b[8] [23] \u_pe.mul_b[8] [23] \u_pe.mul_b[8] [23] \u_pe.mul_b[8] [23] \u_pe.mul_b[8] [23] }
    Consolidated identical input bits for $mux cell $flatten\u_pe.$ternary$/Users/toprakgundogdu/qwen-ffn-rom/rtl/gated_delta_bram.v:130$2485:
      Old ports: A=$flatten\u_pe.$ternary$/Users/toprakgundogdu/qwen-ffn-rom/rtl/gated_delta_bram.v:131$2484_Y, B={ 24'000000000000000000000000 \u_pe.g_r [7:0] }, Y=\u_pe.mul_b[9]
      New ports: A=$flatten\u_pe.$ternary$/Users/toprakgundogdu/qwen-ffn-rom/rtl/gated_delta_bram.v:131$2484_Y [23:0], B={ 16'0000000000000000 \u_pe.g_r [7:0] }, Y=\u_pe.mul_b[9] [23:0]
      New connections: \u_pe.mul_b[9] [31:24] = { \u_pe.mul_b[9] [23] \u_pe.mul_b[9] [23] \u_pe.mul_b[9] [23] \u_pe.mul_b[9] [23] \u_pe.mul_b[9] [23] \u_pe.mul_b[9] [23] \u_pe.mul_b[9] [23] \u_pe.mul_b[9] [23] }
    Consolidated identical input bits for $mux cell $flatten\u_pe.$ternary$/Users/toprakgundogdu/qwen-ffn-rom/rtl/gated_delta_bram.v:130$2519:
      Old ports: A=$flatten\u_pe.$ternary$/Users/toprakgundogdu/qwen-ffn-rom/rtl/gated_delta_bram.v:131$2518_Y, B={ 24'000000000000000000000000 \u_pe.g_r [7:0] }, Y=\u_pe.mul_b[10]
      New ports: A=$flatten\u_pe.$ternary$/Users/toprakgundogdu/qwen-ffn-rom/rtl/gated_delta_bram.v:131$2518_Y [23:0], B={ 16'0000000000000000 \u_pe.g_r [7:0] }, Y=\u_pe.mul_b[10] [23:0]
      New connections: \u_pe.mul_b[10] [31:24] = { \u_pe.mul_b[10] [23] \u_pe.mul_b[10] [23] \u_pe.mul_b[10] [23] \u_pe.mul_b[10] [23] \u_pe.mul_b[10] [23] \u_pe.mul_b[10] [23] \u_pe.mul_b[10] [23] \u_pe.mul_b[10] [23] }
    Consolidated identical input bits for $mux cell $flatten\u_pe.$ternary$/Users/toprakgundogdu/qwen-ffn-rom/rtl/gated_delta_bram.v:130$2553:
      Old ports: A=$flatten\u_pe.$ternary$/Users/toprakgundogdu/qwen-ffn-rom/rtl/gated_delta_bram.v:131$2552_Y, B={ 24'000000000000000000000000 \u_pe.g_r [7:0] }, Y=\u_pe.mul_b[11]
      New ports: A=$flatten\u_pe.$ternary$/Users/toprakgundogdu/qwen-ffn-rom/rtl/gated_delta_bram.v:131$2552_Y [23:0], B={ 16'0000000000000000 \u_pe.g_r [7:0] }, Y=\u_pe.mul_b[11] [23:0]
      New connections: \u_pe.mul_b[11] [31:24] = { \u_pe.mul_b[11] [23] \u_pe.mul_b[11] [23] \u_pe.mul_b[11] [23] \u_pe.mul_b[11] [23] \u_pe.mul_b[11] [23] \u_pe.mul_b[11] [23] \u_pe.mul_b[11] [23] \u_pe.mul_b[11] [23] }
    Consolidated identical input bits for $mux cell $flatten\u_pe.$ternary$/Users/toprakgundogdu/qwen-ffn-rom/rtl/gated_delta_bram.v:130$2587:
      Old ports: A=$flatten\u_pe.$ternary$/Users/toprakgundogdu/qwen-ffn-rom/rtl/gated_delta_bram.v:131$2586_Y, B={ 24'000000000000000000000000 \u_pe.g_r [7:0] }, Y=\u_pe.mul_b[12]
      New ports: A=$flatten\u_pe.$ternary$/Users/toprakgundogdu/qwen-ffn-rom/rtl/gated_delta_bram.v:131$2586_Y [23:0], B={ 16'0000000000000000 \u_pe.g_r [7:0] }, Y=\u_pe.mul_b[12] [23:0]
      New connections: \u_pe.mul_b[12] [31:24] = { \u_pe.mul_b[12] [23] \u_pe.mul_b[12] [23] \u_pe.mul_b[12] [23] \u_pe.mul_b[12] [23] \u_pe.mul_b[12] [23] \u_pe.mul_b[12] [23] \u_pe.mul_b[12] [23] \u_pe.mul_b[12] [23] }
    Consolidated identical input bits for $mux cell $flatten\u_pe.$ternary$/Users/toprakgundogdu/qwen-ffn-rom/rtl/gated_delta_bram.v:130$2621:
      Old ports: A=$flatten\u_pe.$ternary$/Users/toprakgundogdu/qwen-ffn-rom/rtl/gated_delta_bram.v:131$2620_Y, B={ 24'000000000000000000000000 \u_pe.g_r [7:0] }, Y=\u_pe.mul_b[13]
      New ports: A=$flatten\u_pe.$ternary$/Users/toprakgundogdu/qwen-ffn-rom/rtl/gated_delta_bram.v:131$2620_Y [23:0], B={ 16'0000000000000000 \u_pe.g_r [7:0] }, Y=\u_pe.mul_b[13] [23:0]
      New connections: \u_pe.mul_b[13] [31:24] = { \u_pe.mul_b[13] [23] \u_pe.mul_b[13] [23] \u_pe.mul_b[13] [23] \u_pe.mul_b[13] [23] \u_pe.mul_b[13] [23] \u_pe.mul_b[13] [23] \u_pe.mul_b[13] [23] \u_pe.mul_b[13] [23] }
    Consolidated identical input bits for $mux cell $flatten\u_pe.$ternary$/Users/toprakgundogdu/qwen-ffn-rom/rtl/gated_delta_bram.v:130$2655:
      Old ports: A=$flatten\u_pe.$ternary$/Users/toprakgundogdu/qwen-ffn-rom/rtl/gated_delta_bram.v:131$2654_Y, B={ 24'000000000000000000000000 \u_pe.g_r [7:0] }, Y=\u_pe.mul_b[14]
      New ports: A=$flatten\u_pe.$ternary$/Users/toprakgundogdu/qwen-ffn-rom/rtl/gated_delta_bram.v:131$2654_Y [23:0], B={ 16'0000000000000000 \u_pe.g_r [7:0] }, Y=\u_pe.mul_b[14] [23:0]
      New connections: \u_pe.mul_b[14] [31:24] = { \u_pe.mul_b[14] [23] \u_pe.mul_b[14] [23] \u_pe.mul_b[14] [23] \u_pe.mul_b[14] [23] \u_pe.mul_b[14] [23] \u_pe.mul_b[14] [23] \u_pe.mul_b[14] [23] \u_pe.mul_b[14] [23] }
    Consolidated identical input bits for $mux cell $flatten\u_pe.$ternary$/Users/toprakgundogdu/qwen-ffn-rom/rtl/gated_delta_bram.v:130$2689:
      Old ports: A=$flatten\u_pe.$ternary$/Users/toprakgundogdu/qwen-ffn-rom/rtl/gated_delta_bram.v:131$2688_Y, B={ 24'000000000000000000000000 \u_pe.g_r [7:0] }, Y=\u_pe.mul_b[15]
      New ports: A=$flatten\u_pe.$ternary$/Users/toprakgundogdu/qwen-ffn-rom/rtl/gated_delta_bram.v:131$2688_Y [23:0], B={ 16'0000000000000000 \u_pe.g_r [7:0] }, Y=\u_pe.mul_b[15] [23:0]
      New connections: \u_pe.mul_b[15] [31:24] = { \u_pe.mul_b[15] [23] \u_pe.mul_b[15] [23] \u_pe.mul_b[15] [23] \u_pe.mul_b[15] [23] \u_pe.mul_b[15] [23] \u_pe.mul_b[15] [23] \u_pe.mul_b[15] [23] \u_pe.mul_b[15] [23] }
  Optimizing cells in module \gated_delta_d16_bram.
Performed a total of 113 changes.

9.34.5. Executing OPT_MERGE pass (detect identical cells).
Finding identical cells in module `\gated_delta_d16_bram'.
Computing hashes of 2147 cells of `\gated_delta_d16_bram'.
Finding duplicate cells in `\gated_delta_d16_bram'.
Removed a total of 0 cells.

9.34.6. Executing OPT_SHARE pass.

9.34.7. Executing OPT_DFF pass (perform DFF optimizations).
Adding EN signal on $auto$ff.cc:337:slice$8238 ($sdffe) from module gated_delta_d16_bram (D = $flatten\u_pe.$procmux$5634_Y, Q = \u_pe.acc[0]).
Adding EN signal on $auto$ff.cc:337:slice$8230 ($sdffe) from module gated_delta_d16_bram (D = $flatten\u_pe.$procmux$5603_Y, Q = \u_pe.acc[1]).
Adding EN signal on $auto$ff.cc:337:slice$8222 ($sdffe) from module gated_delta_d16_bram (D = $flatten\u_pe.$procmux$5572_Y, Q = \u_pe.acc[2]).
Adding EN signal on $auto$ff.cc:337:slice$8214 ($sdffe) from module gated_delta_d16_bram (D = $flatten\u_pe.$procmux$5541_Y, Q = \u_pe.acc[3]).
Adding EN signal on $auto$ff.cc:337:slice$8206 ($sdffe) from module gated_delta_d16_bram (D = $flatten\u_pe.$procmux$5510_Y, Q = \u_pe.acc[4]).
Adding EN signal on $auto$ff.cc:337:slice$8198 ($sdffe) from module gated_delta_d16_bram (D = $flatten\u_pe.$procmux$5479_Y, Q = \u_pe.acc[5]).
Adding EN signal on $auto$ff.cc:337:slice$8190 ($sdffe) from module gated_delta_d16_bram (D = $flatten\u_pe.$procmux$5448_Y, Q = \u_pe.acc[6]).
Adding EN signal on $auto$ff.cc:337:slice$8182 ($sdffe) from module gated_delta_d16_bram (D = $flatten\u_pe.$procmux$5417_Y, Q = \u_pe.acc[7]).
Adding EN signal on $auto$ff.cc:337:slice$8174 ($sdffe) from module gated_delta_d16_bram (D = $flatten\u_pe.$procmux$5386_Y, Q = \u_pe.acc[8]).
Adding EN signal on $auto$ff.cc:337:slice$8166 ($sdffe) from module gated_delta_d16_bram (D = $flatten\u_pe.$procmux$5355_Y, Q = \u_pe.acc[9]).
Adding EN signal on $auto$ff.cc:337:slice$8158 ($sdffe) from module gated_delta_d16_bram (D = $flatten\u_pe.$procmux$5324_Y, Q = \u_pe.acc[10]).
Adding EN signal on $auto$ff.cc:337:slice$8150 ($sdffe) from module gated_delta_d16_bram (D = $flatten\u_pe.$procmux$5293_Y, Q = \u_pe.acc[11]).
Adding EN signal on $auto$ff.cc:337:slice$8142 ($sdffe) from module gated_delta_d16_bram (D = $flatten\u_pe.$procmux$5262_Y, Q = \u_pe.acc[12]).
Adding EN signal on $auto$ff.cc:337:slice$8134 ($sdffe) from module gated_delta_d16_bram (D = $flatten\u_pe.$procmux$5231_Y, Q = \u_pe.acc[13]).
Adding EN signal on $auto$ff.cc:337:slice$8126 ($sdffe) from module gated_delta_d16_bram (D = $flatten\u_pe.$procmux$5200_Y, Q = \u_pe.acc[14]).
Adding EN signal on $auto$ff.cc:337:slice$8118 ($sdffe) from module gated_delta_d16_bram (D = $flatten\u_pe.$procmux$5169_Y, Q = \u_pe.acc[15]).
Setting constant 0-bit at position 17 on $auto$ff.cc:337:slice$8592 ($sdffe) from module gated_delta_d16_bram.
Setting constant 0-bit at position 18 on $auto$ff.cc:337:slice$8592 ($sdffe) from module gated_delta_d16_bram.
Setting constant 0-bit at position 19 on $auto$ff.cc:337:slice$8592 ($sdffe) from module gated_delta_d16_bram.
Setting constant 0-bit at position 20 on $auto$ff.cc:337:slice$8592 ($sdffe) from module gated_delta_d16_bram.
Setting constant 0-bit at position 21 on $auto$ff.cc:337:slice$8592 ($sdffe) from module gated_delta_d16_bram.
Setting constant 0-bit at position 22 on $auto$ff.cc:337:slice$8592 ($sdffe) from module gated_delta_d16_bram.
Setting constant 0-bit at position 23 on $auto$ff.cc:337:slice$8592 ($sdffe) from module gated_delta_d16_bram.
Setting constant 0-bit at position 24 on $auto$ff.cc:337:slice$8592 ($sdffe) from module gated_delta_d16_bram.
Setting constant 0-bit at position 25 on $auto$ff.cc:337:slice$8592 ($sdffe) from module gated_delta_d16_bram.
Setting constant 0-bit at position 26 on $auto$ff.cc:337:slice$8592 ($sdffe) from module gated_delta_d16_bram.
Setting constant 0-bit at position 27 on $auto$ff.cc:337:slice$8592 ($sdffe) from module gated_delta_d16_bram.
Setting constant 0-bit at position 28 on $auto$ff.cc:337:slice$8592 ($sdffe) from module gated_delta_d16_bram.
Setting constant 0-bit at position 29 on $auto$ff.cc:337:slice$8592 ($sdffe) from module gated_delta_d16_bram.
Setting constant 0-bit at position 30 on $auto$ff.cc:337:slice$8592 ($sdffe) from module gated_delta_d16_bram.
Setting constant 0-bit at position 31 on $auto$ff.cc:337:slice$8592 ($sdffe) from module gated_delta_d16_bram.
Setting constant 0-bit at position 17 on $auto$ff.cc:337:slice$8600 ($sdffe) from module gated_delta_d16_bram.
Setting constant 0-bit at position 18 on $auto$ff.cc:337:slice$8600 ($sdffe) from module gated_delta_d16_bram.
Setting constant 0-bit at position 19 on $auto$ff.cc:337:slice$8600 ($sdffe) from module gated_delta_d16_bram.
Setting constant 0-bit at position 20 on $auto$ff.cc:337:slice$8600 ($sdffe) from module gated_delta_d16_bram.
Setting constant 0-bit at position 21 on $auto$ff.cc:337:slice$8600 ($sdffe) from module gated_delta_d16_bram.
Setting constant 0-bit at position 22 on $auto$ff.cc:337:slice$8600 ($sdffe) from module gated_delta_d16_bram.
Setting constant 0-bit at position 23 on $auto$ff.cc:337:slice$8600 ($sdffe) from module gated_delta_d16_bram.
Setting constant 0-bit at position 24 on $auto$ff.cc:337:slice$8600 ($sdffe) from module gated_delta_d16_bram.
Setting constant 0-bit at position 25 on $auto$ff.cc:337:slice$8600 ($sdffe) from module gated_delta_d16_bram.
Setting constant 0-bit at position 26 on $auto$ff.cc:337:slice$8600 ($sdffe) from module gated_delta_d16_bram.
Setting constant 0-bit at position 27 on $auto$ff.cc:337:slice$8600 ($sdffe) from module gated_delta_d16_bram.
Setting constant 0-bit at position 28 on $auto$ff.cc:337:slice$8600 ($sdffe) from module gated_delta_d16_bram.
Setting constant 0-bit at position 29 on $auto$ff.cc:337:slice$8600 ($sdffe) from module gated_delta_d16_bram.
Setting constant 0-bit at position 30 on $auto$ff.cc:337:slice$8600 ($sdffe) from module gated_delta_d16_bram.
Setting constant 0-bit at position 31 on $auto$ff.cc:337:slice$8600 ($sdffe) from module gated_delta_d16_bram.
Setting constant 0-bit at position 17 on $auto$ff.cc:337:slice$8604 ($sdffe) from module gated_delta_d16_bram.
Setting constant 0-bit at position 18 on $auto$ff.cc:337:slice$8604 ($sdffe) from module gated_delta_d16_bram.
Setting constant 0-bit at position 19 on $auto$ff.cc:337:slice$8604 ($sdffe) from module gated_delta_d16_bram.
Setting constant 0-bit at position 20 on $auto$ff.cc:337:slice$8604 ($sdffe) from module gated_delta_d16_bram.
Setting constant 0-bit at position 21 on $auto$ff.cc:337:slice$8604 ($sdffe) from module gated_delta_d16_bram.
Setting constant 0-bit at position 22 on $auto$ff.cc:337:slice$8604 ($sdffe) from module gated_delta_d16_bram.
Setting constant 0-bit at position 23 on $auto$ff.cc:337:slice$8604 ($sdffe) from module gated_delta_d16_bram.
Setting constant 0-bit at position 24 on $auto$ff.cc:337:slice$8604 ($sdffe) from module gated_delta_d16_bram.
Setting constant 0-bit at position 25 on $auto$ff.cc:337:slice$8604 ($sdffe) from module gated_delta_d16_bram.
Setting constant 0-bit at position 26 on $auto$ff.cc:337:slice$8604 ($sdffe) from module gated_delta_d16_bram.
Setting constant 0-bit at position 27 on $auto$ff.cc:337:slice$8604 ($sdffe) from module gated_delta_d16_bram.
Setting constant 0-bit at position 28 on $auto$ff.cc:337:slice$8604 ($sdffe) from module gated_delta_d16_bram.
Setting constant 0-bit at position 29 on $auto$ff.cc:337:slice$8604 ($sdffe) from module gated_delta_d16_bram.
Setting constant 0-bit at position 30 on $auto$ff.cc:337:slice$8604 ($sdffe) from module gated_delta_d16_bram.
Setting constant 0-bit at position 31 on $auto$ff.cc:337:slice$8604 ($sdffe) from module gated_delta_d16_bram.
Setting constant 0-bit at position 17 on $auto$ff.cc:337:slice$8608 ($sdffe) from module gated_delta_d16_bram.
Setting constant 0-bit at position 18 on $auto$ff.cc:337:slice$8608 ($sdffe) from module gated_delta_d16_bram.
Setting constant 0-bit at position 19 on $auto$ff.cc:337:slice$8608 ($sdffe) from module gated_delta_d16_bram.
Setting constant 0-bit at position 20 on $auto$ff.cc:337:slice$8608 ($sdffe) from module gated_delta_d16_bram.
Setting constant 0-bit at position 21 on $auto$ff.cc:337:slice$8608 ($sdffe) from module gated_delta_d16_bram.
Setting constant 0-bit at position 22 on $auto$ff.cc:337:slice$8608 ($sdffe) from module gated_delta_d16_bram.
Setting constant 0-bit at position 23 on $auto$ff.cc:337:slice$8608 ($sdffe) from module gated_delta_d16_bram.
Setting constant 0-bit at position 24 on $auto$ff.cc:337:slice$8608 ($sdffe) from module gated_delta_d16_bram.
Setting constant 0-bit at position 25 on $auto$ff.cc:337:slice$8608 ($sdffe) from module gated_delta_d16_bram.
Setting constant 0-bit at position 26 on $auto$ff.cc:337:slice$8608 ($sdffe) from module gated_delta_d16_bram.
Setting constant 0-bit at position 27 on $auto$ff.cc:337:slice$8608 ($sdffe) from module gated_delta_d16_bram.
Setting constant 0-bit at position 28 on $auto$ff.cc:337:slice$8608 ($sdffe) from module gated_delta_d16_bram.
Setting constant 0-bit at position 29 on $auto$ff.cc:337:slice$8608 ($sdffe) from module gated_delta_d16_bram.
Setting constant 0-bit at position 30 on $auto$ff.cc:337:slice$8608 ($sdffe) from module gated_delta_d16_bram.
Setting constant 0-bit at position 31 on $auto$ff.cc:337:slice$8608 ($sdffe) from module gated_delta_d16_bram.
Setting constant 0-bit at position 17 on $auto$ff.cc:337:slice$8612 ($sdffe) from module gated_delta_d16_bram.
Setting constant 0-bit at position 18 on $auto$ff.cc:337:slice$8612 ($sdffe) from module gated_delta_d16_bram.
Setting constant 0-bit at position 19 on $auto$ff.cc:337:slice$8612 ($sdffe) from module gated_delta_d16_bram.
Setting constant 0-bit at position 20 on $auto$ff.cc:337:slice$8612 ($sdffe) from module gated_delta_d16_bram.
Setting constant 0-bit at position 21 on $auto$ff.cc:337:slice$8612 ($sdffe) from module gated_delta_d16_bram.
Setting constant 0-bit at position 22 on $auto$ff.cc:337:slice$8612 ($sdffe) from module gated_delta_d16_bram.
Setting constant 0-bit at position 23 on $auto$ff.cc:337:slice$8612 ($sdffe) from module gated_delta_d16_bram.
Setting constant 0-bit at position 24 on $auto$ff.cc:337:slice$8612 ($sdffe) from module gated_delta_d16_bram.
Setting constant 0-bit at position 25 on $auto$ff.cc:337:slice$8612 ($sdffe) from module gated_delta_d16_bram.
Setting constant 0-bit at position 26 on $auto$ff.cc:337:slice$8612 ($sdffe) from module gated_delta_d16_bram.
Setting constant 0-bit at position 27 on $auto$ff.cc:337:slice$8612 ($sdffe) from module gated_delta_d16_bram.
Setting constant 0-bit at position 28 on $auto$ff.cc:337:slice$8612 ($sdffe) from module gated_delta_d16_bram.
Setting constant 0-bit at position 29 on $auto$ff.cc:337:slice$8612 ($sdffe) from module gated_delta_d16_bram.
Setting constant 0-bit at position 30 on $auto$ff.cc:337:slice$8612 ($sdffe) from module gated_delta_d16_bram.
Setting constant 0-bit at position 31 on $auto$ff.cc:337:slice$8612 ($sdffe) from module gated_delta_d16_bram.
Setting constant 0-bit at position 17 on $auto$ff.cc:337:slice$8616 ($sdffe) from module gated_delta_d16_bram.
Setting constant 0-bit at position 18 on $auto$ff.cc:337:slice$8616 ($sdffe) from module gated_delta_d16_bram.
Setting constant 0-bit at position 19 on $auto$ff.cc:337:slice$8616 ($sdffe) from module gated_delta_d16_bram.
Setting constant 0-bit at position 20 on $auto$ff.cc:337:slice$8616 ($sdffe) from module gated_delta_d16_bram.
Setting constant 0-bit at position 21 on $auto$ff.cc:337:slice$8616 ($sdffe) from module gated_delta_d16_bram.
Setting constant 0-bit at position 22 on $auto$ff.cc:337:slice$8616 ($sdffe) from module gated_delta_d16_bram.
Setting constant 0-bit at position 23 on $auto$ff.cc:337:slice$8616 ($sdffe) from module gated_delta_d16_bram.
Setting constant 0-bit at position 24 on $auto$ff.cc:337:slice$8616 ($sdffe) from module gated_delta_d16_bram.
Setting constant 0-bit at position 25 on $auto$ff.cc:337:slice$8616 ($sdffe) from module gated_delta_d16_bram.
Setting constant 0-bit at position 26 on $auto$ff.cc:337:slice$8616 ($sdffe) from module gated_delta_d16_bram.
Setting constant 0-bit at position 27 on $auto$ff.cc:337:slice$8616 ($sdffe) from module gated_delta_d16_bram.
Setting constant 0-bit at position 28 on $auto$ff.cc:337:slice$8616 ($sdffe) from module gated_delta_d16_bram.
Setting constant 0-bit at position 29 on $auto$ff.cc:337:slice$8616 ($sdffe) from module gated_delta_d16_bram.
Setting constant 0-bit at position 30 on $auto$ff.cc:337:slice$8616 ($sdffe) from module gated_delta_d16_bram.
Setting constant 0-bit at position 31 on $auto$ff.cc:337:slice$8616 ($sdffe) from module gated_delta_d16_bram.
Setting constant 0-bit at position 17 on $auto$ff.cc:337:slice$8620 ($sdffe) from module gated_delta_d16_bram.
Setting constant 0-bit at position 18 on $auto$ff.cc:337:slice$8620 ($sdffe) from module gated_delta_d16_bram.
Setting constant 0-bit at position 19 on $auto$ff.cc:337:slice$8620 ($sdffe) from module gated_delta_d16_bram.
Setting constant 0-bit at position 20 on $auto$ff.cc:337:slice$8620 ($sdffe) from module gated_delta_d16_bram.
Setting constant 0-bit at position 21 on $auto$ff.cc:337:slice$8620 ($sdffe) from module gated_delta_d16_bram.
Setting constant 0-bit at position 22 on $auto$ff.cc:337:slice$8620 ($sdffe) from module gated_delta_d16_bram.
Setting constant 0-bit at position 23 on $auto$ff.cc:337:slice$8620 ($sdffe) from module gated_delta_d16_bram.
Setting constant 0-bit at position 24 on $auto$ff.cc:337:slice$8620 ($sdffe) from module gated_delta_d16_bram.
Setting constant 0-bit at position 25 on $auto$ff.cc:337:slice$8620 ($sdffe) from module gated_delta_d16_bram.
Setting constant 0-bit at position 26 on $auto$ff.cc:337:slice$8620 ($sdffe) from module gated_delta_d16_bram.
Setting constant 0-bit at position 27 on $auto$ff.cc:337:slice$8620 ($sdffe) from module gated_delta_d16_bram.
Setting constant 0-bit at position 28 on $auto$ff.cc:337:slice$8620 ($sdffe) from module gated_delta_d16_bram.
Setting constant 0-bit at position 29 on $auto$ff.cc:337:slice$8620 ($sdffe) from module gated_delta_d16_bram.
Setting constant 0-bit at position 30 on $auto$ff.cc:337:slice$8620 ($sdffe) from module gated_delta_d16_bram.
Setting constant 0-bit at position 31 on $auto$ff.cc:337:slice$8620 ($sdffe) from module gated_delta_d16_bram.
Setting constant 0-bit at position 17 on $auto$ff.cc:337:slice$8624 ($sdffe) from module gated_delta_d16_bram.
Setting constant 0-bit at position 18 on $auto$ff.cc:337:slice$8624 ($sdffe) from module gated_delta_d16_bram.
Setting constant 0-bit at position 19 on $auto$ff.cc:337:slice$8624 ($sdffe) from module gated_delta_d16_bram.
Setting constant 0-bit at position 20 on $auto$ff.cc:337:slice$8624 ($sdffe) from module gated_delta_d16_bram.
Setting constant 0-bit at position 21 on $auto$ff.cc:337:slice$8624 ($sdffe) from module gated_delta_d16_bram.
Setting constant 0-bit at position 22 on $auto$ff.cc:337:slice$8624 ($sdffe) from module gated_delta_d16_bram.
Setting constant 0-bit at position 23 on $auto$ff.cc:337:slice$8624 ($sdffe) from module gated_delta_d16_bram.
Setting constant 0-bit at position 24 on $auto$ff.cc:337:slice$8624 ($sdffe) from module gated_delta_d16_bram.
Setting constant 0-bit at position 25 on $auto$ff.cc:337:slice$8624 ($sdffe) from module gated_delta_d16_bram.
Setting constant 0-bit at position 26 on $auto$ff.cc:337:slice$8624 ($sdffe) from module gated_delta_d16_bram.
Setting constant 0-bit at position 27 on $auto$ff.cc:337:slice$8624 ($sdffe) from module gated_delta_d16_bram.
Setting constant 0-bit at position 28 on $auto$ff.cc:337:slice$8624 ($sdffe) from module gated_delta_d16_bram.
Setting constant 0-bit at position 29 on $auto$ff.cc:337:slice$8624 ($sdffe) from module gated_delta_d16_bram.
Setting constant 0-bit at position 30 on $auto$ff.cc:337:slice$8624 ($sdffe) from module gated_delta_d16_bram.
Setting constant 0-bit at position 31 on $auto$ff.cc:337:slice$8624 ($sdffe) from module gated_delta_d16_bram.
Setting constant 0-bit at position 17 on $auto$ff.cc:337:slice$8628 ($sdffe) from module gated_delta_d16_bram.
Setting constant 0-bit at position 18 on $auto$ff.cc:337:slice$8628 ($sdffe) from module gated_delta_d16_bram.
Setting constant 0-bit at position 19 on $auto$ff.cc:337:slice$8628 ($sdffe) from module gated_delta_d16_bram.
Setting constant 0-bit at position 20 on $auto$ff.cc:337:slice$8628 ($sdffe) from module gated_delta_d16_bram.
Setting constant 0-bit at position 21 on $auto$ff.cc:337:slice$8628 ($sdffe) from module gated_delta_d16_bram.
Setting constant 0-bit at position 22 on $auto$ff.cc:337:slice$8628 ($sdffe) from module gated_delta_d16_bram.
Setting constant 0-bit at position 23 on $auto$ff.cc:337:slice$8628 ($sdffe) from module gated_delta_d16_bram.
Setting constant 0-bit at position 24 on $auto$ff.cc:337:slice$8628 ($sdffe) from module gated_delta_d16_bram.
Setting constant 0-bit at position 25 on $auto$ff.cc:337:slice$8628 ($sdffe) from module gated_delta_d16_bram.
Setting constant 0-bit at position 26 on $auto$ff.cc:337:slice$8628 ($sdffe) from module gated_delta_d16_bram.
Setting constant 0-bit at position 27 on $auto$ff.cc:337:slice$8628 ($sdffe) from module gated_delta_d16_bram.
Setting constant 0-bit at position 28 on $auto$ff.cc:337:slice$8628 ($sdffe) from module gated_delta_d16_bram.
Setting constant 0-bit at position 29 on $auto$ff.cc:337:slice$8628 ($sdffe) from module gated_delta_d16_bram.
Setting constant 0-bit at position 30 on $auto$ff.cc:337:slice$8628 ($sdffe) from module gated_delta_d16_bram.
Setting constant 0-bit at position 31 on $auto$ff.cc:337:slice$8628 ($sdffe) from module gated_delta_d16_bram.
Setting constant 0-bit at position 17 on $auto$ff.cc:337:slice$8632 ($sdffe) from module gated_delta_d16_bram.
Setting constant 0-bit at position 18 on $auto$ff.cc:337:slice$8632 ($sdffe) from module gated_delta_d16_bram.
Setting constant 0-bit at position 19 on $auto$ff.cc:337:slice$8632 ($sdffe) from module gated_delta_d16_bram.
Setting constant 0-bit at position 20 on $auto$ff.cc:337:slice$8632 ($sdffe) from module gated_delta_d16_bram.
Setting constant 0-bit at position 21 on $auto$ff.cc:337:slice$8632 ($sdffe) from module gated_delta_d16_bram.
Setting constant 0-bit at position 22 on $auto$ff.cc:337:slice$8632 ($sdffe) from module gated_delta_d16_bram.
Setting constant 0-bit at position 23 on $auto$ff.cc:337:slice$8632 ($sdffe) from module gated_delta_d16_bram.
Setting constant 0-bit at position 24 on $auto$ff.cc:337:slice$8632 ($sdffe) from module gated_delta_d16_bram.
Setting constant 0-bit at position 25 on $auto$ff.cc:337:slice$8632 ($sdffe) from module gated_delta_d16_bram.
Setting constant 0-bit at position 26 on $auto$ff.cc:337:slice$8632 ($sdffe) from module gated_delta_d16_bram.
Setting constant 0-bit at position 27 on $auto$ff.cc:337:slice$8632 ($sdffe) from module gated_delta_d16_bram.
Setting constant 0-bit at position 28 on $auto$ff.cc:337:slice$8632 ($sdffe) from module gated_delta_d16_bram.
Setting constant 0-bit at position 29 on $auto$ff.cc:337:slice$8632 ($sdffe) from module gated_delta_d16_bram.
Setting constant 0-bit at position 30 on $auto$ff.cc:337:slice$8632 ($sdffe) from module gated_delta_d16_bram.
Setting constant 0-bit at position 31 on $auto$ff.cc:337:slice$8632 ($sdffe) from module gated_delta_d16_bram.
Setting constant 0-bit at position 17 on $auto$ff.cc:337:slice$8636 ($sdffe) from module gated_delta_d16_bram.
Setting constant 0-bit at position 18 on $auto$ff.cc:337:slice$8636 ($sdffe) from module gated_delta_d16_bram.
Setting constant 0-bit at position 19 on $auto$ff.cc:337:slice$8636 ($sdffe) from module gated_delta_d16_bram.
Setting constant 0-bit at position 20 on $auto$ff.cc:337:slice$8636 ($sdffe) from module gated_delta_d16_bram.
Setting constant 0-bit at position 21 on $auto$ff.cc:337:slice$8636 ($sdffe) from module gated_delta_d16_bram.
Setting constant 0-bit at position 22 on $auto$ff.cc:337:slice$8636 ($sdffe) from module gated_delta_d16_bram.
Setting constant 0-bit at position 23 on $auto$ff.cc:337:slice$8636 ($sdffe) from module gated_delta_d16_bram.
Setting constant 0-bit at position 24 on $auto$ff.cc:337:slice$8636 ($sdffe) from module gated_delta_d16_bram.
Setting constant 0-bit at position 25 on $auto$ff.cc:337:slice$8636 ($sdffe) from module gated_delta_d16_bram.
Setting constant 0-bit at position 26 on $auto$ff.cc:337:slice$8636 ($sdffe) from module gated_delta_d16_bram.
Setting constant 0-bit at position 27 on $auto$ff.cc:337:slice$8636 ($sdffe) from module gated_delta_d16_bram.
Setting constant 0-bit at position 28 on $auto$ff.cc:337:slice$8636 ($sdffe) from module gated_delta_d16_bram.
Setting constant 0-bit at position 29 on $auto$ff.cc:337:slice$8636 ($sdffe) from module gated_delta_d16_bram.
Setting constant 0-bit at position 30 on $auto$ff.cc:337:slice$8636 ($sdffe) from module gated_delta_d16_bram.
Setting constant 0-bit at position 31 on $auto$ff.cc:337:slice$8636 ($sdffe) from module gated_delta_d16_bram.
Setting constant 0-bit at position 17 on $auto$ff.cc:337:slice$8644 ($sdffe) from module gated_delta_d16_bram.
Setting constant 0-bit at position 18 on $auto$ff.cc:337:slice$8644 ($sdffe) from module gated_delta_d16_bram.
Setting constant 0-bit at position 19 on $auto$ff.cc:337:slice$8644 ($sdffe) from module gated_delta_d16_bram.
Setting constant 0-bit at position 20 on $auto$ff.cc:337:slice$8644 ($sdffe) from module gated_delta_d16_bram.
Setting constant 0-bit at position 21 on $auto$ff.cc:337:slice$8644 ($sdffe) from module gated_delta_d16_bram.
Setting constant 0-bit at position 22 on $auto$ff.cc:337:slice$8644 ($sdffe) from module gated_delta_d16_bram.
Setting constant 0-bit at position 23 on $auto$ff.cc:337:slice$8644 ($sdffe) from module gated_delta_d16_bram.
Setting constant 0-bit at position 24 on $auto$ff.cc:337:slice$8644 ($sdffe) from module gated_delta_d16_bram.
Setting constant 0-bit at position 25 on $auto$ff.cc:337:slice$8644 ($sdffe) from module gated_delta_d16_bram.
Setting constant 0-bit at position 26 on $auto$ff.cc:337:slice$8644 ($sdffe) from module gated_delta_d16_bram.
Setting constant 0-bit at position 27 on $auto$ff.cc:337:slice$8644 ($sdffe) from module gated_delta_d16_bram.
Setting constant 0-bit at position 28 on $auto$ff.cc:337:slice$8644 ($sdffe) from module gated_delta_d16_bram.
Setting constant 0-bit at position 29 on $auto$ff.cc:337:slice$8644 ($sdffe) from module gated_delta_d16_bram.
Setting constant 0-bit at position 30 on $auto$ff.cc:337:slice$8644 ($sdffe) from module gated_delta_d16_bram.
Setting constant 0-bit at position 31 on $auto$ff.cc:337:slice$8644 ($sdffe) from module gated_delta_d16_bram.
Setting constant 0-bit at position 17 on $auto$ff.cc:337:slice$8648 ($sdffe) from module gated_delta_d16_bram.
Setting constant 0-bit at position 18 on $auto$ff.cc:337:slice$8648 ($sdffe) from module gated_delta_d16_bram.
Setting constant 0-bit at position 19 on $auto$ff.cc:337:slice$8648 ($sdffe) from module gated_delta_d16_bram.
Setting constant 0-bit at position 20 on $auto$ff.cc:337:slice$8648 ($sdffe) from module gated_delta_d16_bram.
Setting constant 0-bit at position 21 on $auto$ff.cc:337:slice$8648 ($sdffe) from module gated_delta_d16_bram.
Setting constant 0-bit at position 22 on $auto$ff.cc:337:slice$8648 ($sdffe) from module gated_delta_d16_bram.
Setting constant 0-bit at position 23 on $auto$ff.cc:337:slice$8648 ($sdffe) from module gated_delta_d16_bram.
Setting constant 0-bit at position 24 on $auto$ff.cc:337:slice$8648 ($sdffe) from module gated_delta_d16_bram.
Setting constant 0-bit at position 25 on $auto$ff.cc:337:slice$8648 ($sdffe) from module gated_delta_d16_bram.
Setting constant 0-bit at position 26 on $auto$ff.cc:337:slice$8648 ($sdffe) from module gated_delta_d16_bram.
Setting constant 0-bit at position 27 on $auto$ff.cc:337:slice$8648 ($sdffe) from module gated_delta_d16_bram.
Setting constant 0-bit at position 28 on $auto$ff.cc:337:slice$8648 ($sdffe) from module gated_delta_d16_bram.
Setting constant 0-bit at position 29 on $auto$ff.cc:337:slice$8648 ($sdffe) from module gated_delta_d16_bram.
Setting constant 0-bit at position 30 on $auto$ff.cc:337:slice$8648 ($sdffe) from module gated_delta_d16_bram.
Setting constant 0-bit at position 31 on $auto$ff.cc:337:slice$8648 ($sdffe) from module gated_delta_d16_bram.
Setting constant 0-bit at position 17 on $auto$ff.cc:337:slice$8652 ($sdffe) from module gated_delta_d16_bram.
Setting constant 0-bit at position 18 on $auto$ff.cc:337:slice$8652 ($sdffe) from module gated_delta_d16_bram.
Setting constant 0-bit at position 19 on $auto$ff.cc:337:slice$8652 ($sdffe) from module gated_delta_d16_bram.
Setting constant 0-bit at position 20 on $auto$ff.cc:337:slice$8652 ($sdffe) from module gated_delta_d16_bram.
Setting constant 0-bit at position 21 on $auto$ff.cc:337:slice$8652 ($sdffe) from module gated_delta_d16_bram.
Setting constant 0-bit at position 22 on $auto$ff.cc:337:slice$8652 ($sdffe) from module gated_delta_d16_bram.
Setting constant 0-bit at position 23 on $auto$ff.cc:337:slice$8652 ($sdffe) from module gated_delta_d16_bram.
Setting constant 0-bit at position 24 on $auto$ff.cc:337:slice$8652 ($sdffe) from module gated_delta_d16_bram.
Setting constant 0-bit at position 25 on $auto$ff.cc:337:slice$8652 ($sdffe) from module gated_delta_d16_bram.
Setting constant 0-bit at position 26 on $auto$ff.cc:337:slice$8652 ($sdffe) from module gated_delta_d16_bram.
Setting constant 0-bit at position 27 on $auto$ff.cc:337:slice$8652 ($sdffe) from module gated_delta_d16_bram.
Setting constant 0-bit at position 28 on $auto$ff.cc:337:slice$8652 ($sdffe) from module gated_delta_d16_bram.
Setting constant 0-bit at position 29 on $auto$ff.cc:337:slice$8652 ($sdffe) from module gated_delta_d16_bram.
Setting constant 0-bit at position 30 on $auto$ff.cc:337:slice$8652 ($sdffe) from module gated_delta_d16_bram.
Setting constant 0-bit at position 31 on $auto$ff.cc:337:slice$8652 ($sdffe) from module gated_delta_d16_bram.
Setting constant 0-bit at position 17 on $auto$ff.cc:337:slice$8656 ($sdffe) from module gated_delta_d16_bram.
Setting constant 0-bit at position 18 on $auto$ff.cc:337:slice$8656 ($sdffe) from module gated_delta_d16_bram.
Setting constant 0-bit at position 19 on $auto$ff.cc:337:slice$8656 ($sdffe) from module gated_delta_d16_bram.
Setting constant 0-bit at position 20 on $auto$ff.cc:337:slice$8656 ($sdffe) from module gated_delta_d16_bram.
Setting constant 0-bit at position 21 on $auto$ff.cc:337:slice$8656 ($sdffe) from module gated_delta_d16_bram.
Setting constant 0-bit at position 22 on $auto$ff.cc:337:slice$8656 ($sdffe) from module gated_delta_d16_bram.
Setting constant 0-bit at position 23 on $auto$ff.cc:337:slice$8656 ($sdffe) from module gated_delta_d16_bram.
Setting constant 0-bit at position 24 on $auto$ff.cc:337:slice$8656 ($sdffe) from module gated_delta_d16_bram.
Setting constant 0-bit at position 25 on $auto$ff.cc:337:slice$8656 ($sdffe) from module gated_delta_d16_bram.
Setting constant 0-bit at position 26 on $auto$ff.cc:337:slice$8656 ($sdffe) from module gated_delta_d16_bram.
Setting constant 0-bit at position 27 on $auto$ff.cc:337:slice$8656 ($sdffe) from module gated_delta_d16_bram.
Setting constant 0-bit at position 28 on $auto$ff.cc:337:slice$8656 ($sdffe) from module gated_delta_d16_bram.
Setting constant 0-bit at position 29 on $auto$ff.cc:337:slice$8656 ($sdffe) from module gated_delta_d16_bram.
Setting constant 0-bit at position 30 on $auto$ff.cc:337:slice$8656 ($sdffe) from module gated_delta_d16_bram.
Setting constant 0-bit at position 31 on $auto$ff.cc:337:slice$8656 ($sdffe) from module gated_delta_d16_bram.
Setting constant 0-bit at position 17 on $auto$ff.cc:337:slice$8660 ($sdffe) from module gated_delta_d16_bram.
Setting constant 0-bit at position 18 on $auto$ff.cc:337:slice$8660 ($sdffe) from module gated_delta_d16_bram.
Setting constant 0-bit at position 19 on $auto$ff.cc:337:slice$8660 ($sdffe) from module gated_delta_d16_bram.
Setting constant 0-bit at position 20 on $auto$ff.cc:337:slice$8660 ($sdffe) from module gated_delta_d16_bram.
Setting constant 0-bit at position 21 on $auto$ff.cc:337:slice$8660 ($sdffe) from module gated_delta_d16_bram.
Setting constant 0-bit at position 22 on $auto$ff.cc:337:slice$8660 ($sdffe) from module gated_delta_d16_bram.
Setting constant 0-bit at position 23 on $auto$ff.cc:337:slice$8660 ($sdffe) from module gated_delta_d16_bram.
Setting constant 0-bit at position 24 on $auto$ff.cc:337:slice$8660 ($sdffe) from module gated_delta_d16_bram.
Setting constant 0-bit at position 25 on $auto$ff.cc:337:slice$8660 ($sdffe) from module gated_delta_d16_bram.
Setting constant 0-bit at position 26 on $auto$ff.cc:337:slice$8660 ($sdffe) from module gated_delta_d16_bram.
Setting constant 0-bit at position 27 on $auto$ff.cc:337:slice$8660 ($sdffe) from module gated_delta_d16_bram.
Setting constant 0-bit at position 28 on $auto$ff.cc:337:slice$8660 ($sdffe) from module gated_delta_d16_bram.
Setting constant 0-bit at position 29 on $auto$ff.cc:337:slice$8660 ($sdffe) from module gated_delta_d16_bram.
Setting constant 0-bit at position 30 on $auto$ff.cc:337:slice$8660 ($sdffe) from module gated_delta_d16_bram.
Setting constant 0-bit at position 31 on $auto$ff.cc:337:slice$8660 ($sdffe) from module gated_delta_d16_bram.

9.34.8. Executing OPT_CLEAN pass (remove unused cells and wires).
Finding unused cells or wires in module \gated_delta_d16_bram..
Removed 0 unused cells and 16 unused wires.
<suppressed ~1 debug messages>

9.34.9. Executing OPT_EXPR pass (perform const folding).
Optimizing module gated_delta_d16_bram.
<suppressed ~16 debug messages>

9.34.10. Rerunning OPT passes. (Maybe there is more to do..)

9.34.11. Executing OPT_MUXTREE pass (detect dead branches in mux trees).
Running muxtree optimizer on module \gated_delta_d16_bram..
  Creating internal representation of mux trees.
  Evaluating internal representation of mux trees.
  Analyzing evaluation results.
Removed 0 multiplexer ports.
<suppressed ~285 debug messages>

9.34.12. Executing OPT_REDUCE pass (consolidate $*mux and $reduce_* inputs).
  Optimizing cells in module \gated_delta_d16_bram.
    New input vector for $reduce_and cell $auto$opt_dff.cc:337:make_patterns_logic$12821: { \u_pe.ph [1] $flatten\u_pe.$procmux$3501_CTRL $auto$rtlil.cc:3267:Not$7932 $auto$opt_dff.cc:319:make_patterns_logic$8119 $auto$opt_dff.cc:319:make_patterns_logic$12818 }
    New input vector for $reduce_and cell $auto$opt_dff.cc:337:make_patterns_logic$12811: { \u_pe.ph [1] $flatten\u_pe.$procmux$3501_CTRL $auto$rtlil.cc:3267:Not$7932 $auto$opt_dff.cc:319:make_patterns_logic$8119 $auto$opt_dff.cc:319:make_patterns_logic$12808 }
    New input vector for $reduce_and cell $auto$opt_dff.cc:337:make_patterns_logic$12806: { \u_pe.ph [1] $flatten\u_pe.$procmux$3501_CTRL $auto$rtlil.cc:3267:Not$7932 $auto$opt_dff.cc:319:make_patterns_logic$8119 $auto$opt_dff.cc:319:make_patterns_logic$12803 }
    New input vector for $reduce_and cell $auto$opt_dff.cc:337:make_patterns_logic$12801: { \u_pe.ph [1] $flatten\u_pe.$procmux$3501_CTRL $auto$rtlil.cc:3267:Not$7932 $auto$opt_dff.cc:319:make_patterns_logic$8119 $auto$opt_dff.cc:319:make_patterns_logic$12798 }
    New input vector for $reduce_and cell $auto$opt_dff.cc:337:make_patterns_logic$12796: { \u_pe.ph [1] $flatten\u_pe.$procmux$3501_CTRL $auto$rtlil.cc:3267:Not$7932 $auto$opt_dff.cc:319:make_patterns_logic$8119 $auto$opt_dff.cc:319:make_patterns_logic$12793 }
    New input vector for $reduce_and cell $auto$opt_dff.cc:337:make_patterns_logic$12791: { \u_pe.ph [1] $flatten\u_pe.$procmux$3501_CTRL $auto$rtlil.cc:3267:Not$7932 $auto$opt_dff.cc:319:make_patterns_logic$8119 $auto$opt_dff.cc:319:make_patterns_logic$12788 }
    New input vector for $reduce_and cell $auto$opt_dff.cc:337:make_patterns_logic$12816: { \u_pe.ph [1] $flatten\u_pe.$procmux$3501_CTRL $auto$rtlil.cc:3267:Not$7932 $auto$opt_dff.cc:319:make_patterns_logic$8119 $auto$opt_dff.cc:319:make_patterns_logic$12813 }
    New input vector for $reduce_and cell $auto$opt_dff.cc:337:make_patterns_logic$12826: { \u_pe.ph [1] $flatten\u_pe.$procmux$3501_CTRL $auto$rtlil.cc:3267:Not$7932 $auto$opt_dff.cc:319:make_patterns_logic$8119 $auto$opt_dff.cc:319:make_patterns_logic$12823 }
    New input vector for $reduce_and cell $auto$opt_dff.cc:337:make_patterns_logic$12751: { \u_pe.ph [1] $flatten\u_pe.$procmux$3501_CTRL $auto$rtlil.cc:3267:Not$7932 $auto$opt_dff.cc:319:make_patterns_logic$8119 $auto$opt_dff.cc:319:make_patterns_logic$12748 }
    New input vector for $reduce_and cell $auto$opt_dff.cc:337:make_patterns_logic$12756: { \u_pe.ph [1] $flatten\u_pe.$procmux$3501_CTRL $auto$rtlil.cc:3267:Not$7932 $auto$opt_dff.cc:319:make_patterns_logic$8119 $auto$opt_dff.cc:319:make_patterns_logic$12753 }
    New input vector for $reduce_and cell $auto$opt_dff.cc:337:make_patterns_logic$12761: { \u_pe.ph [1] $flatten\u_pe.$procmux$3501_CTRL $auto$rtlil.cc:3267:Not$7932 $auto$opt_dff.cc:319:make_patterns_logic$8119 $auto$opt_dff.cc:319:make_patterns_logic$12758 }
    New input vector for $reduce_and cell $auto$opt_dff.cc:337:make_patterns_logic$12766: { \u_pe.ph [1] $flatten\u_pe.$procmux$3501_CTRL $auto$rtlil.cc:3267:Not$7932 $auto$opt_dff.cc:319:make_patterns_logic$8119 $auto$opt_dff.cc:319:make_patterns_logic$12763 }
    New input vector for $reduce_and cell $auto$opt_dff.cc:337:make_patterns_logic$12771: { \u_pe.ph [1] $flatten\u_pe.$procmux$3501_CTRL $auto$rtlil.cc:3267:Not$7932 $auto$opt_dff.cc:319:make_patterns_logic$8119 $auto$opt_dff.cc:319:make_patterns_logic$12768 }
    New input vector for $reduce_and cell $auto$opt_dff.cc:337:make_patterns_logic$12776: { \u_pe.ph [1] $flatten\u_pe.$procmux$3501_CTRL $auto$rtlil.cc:3267:Not$7932 $auto$opt_dff.cc:319:make_patterns_logic$8119 $auto$opt_dff.cc:319:make_patterns_logic$12773 }
    New input vector for $reduce_and cell $auto$opt_dff.cc:337:make_patterns_logic$12781: { \u_pe.ph [1] $flatten\u_pe.$procmux$3501_CTRL $auto$rtlil.cc:3267:Not$7932 $auto$opt_dff.cc:319:make_patterns_logic$8119 $auto$opt_dff.cc:319:make_patterns_logic$12778 }
    New input vector for $reduce_and cell $auto$opt_dff.cc:337:make_patterns_logic$12786: { \u_pe.ph [1] $flatten\u_pe.$procmux$3501_CTRL $auto$rtlil.cc:3267:Not$7932 $auto$opt_dff.cc:319:make_patterns_logic$8119 $auto$opt_dff.cc:319:make_patterns_logic$12783 }
  Optimizing cells in module \gated_delta_d16_bram.
Performed a total of 16 changes.

9.34.13. Executing OPT_MERGE pass (detect identical cells).
Finding identical cells in module `\gated_delta_d16_bram'.
Computing hashes of 2163 cells of `\gated_delta_d16_bram'.
Finding duplicate cells in `\gated_delta_d16_bram'.
Computing hashes of 2148 cells of `\gated_delta_d16_bram'.
Finding duplicate cells in `\gated_delta_d16_bram'.
Computing hashes of 2133 cells of `\gated_delta_d16_bram'.
Finding duplicate cells in `\gated_delta_d16_bram'.
<suppressed ~90 debug messages>
Removed a total of 30 cells.

9.34.14. Executing OPT_SHARE pass.

9.34.15. Executing OPT_DFF pass (perform DFF optimizations).

9.34.16. Executing OPT_CLEAN pass (remove unused cells and wires).
Finding unused cells or wires in module \gated_delta_d16_bram..
Removed 1 unused cells and 47 unused wires.
<suppressed ~2 debug messages>

9.34.17. Executing OPT_EXPR pass (perform const folding).
Optimizing module gated_delta_d16_bram.

9.34.18. Rerunning OPT passes. (Maybe there is more to do..)

9.34.19. Executing OPT_MUXTREE pass (detect dead branches in mux trees).
Running muxtree optimizer on module \gated_delta_d16_bram..
  Creating internal representation of mux trees.
  Evaluating internal representation of mux trees.
  Analyzing evaluation results.
Removed 0 multiplexer ports.
<suppressed ~285 debug messages>

9.34.20. Executing OPT_REDUCE pass (consolidate $*mux and $reduce_* inputs).
  Optimizing cells in module \gated_delta_d16_bram.
Performed a total of 0 changes.

9.34.21. Executing OPT_MERGE pass (detect identical cells).
Finding identical cells in module `\gated_delta_d16_bram'.
Computing hashes of 2132 cells of `\gated_delta_d16_bram'.
Finding duplicate cells in `\gated_delta_d16_bram'.
Removed a total of 0 cells.

9.34.22. Executing OPT_SHARE pass.

9.34.23. Executing OPT_DFF pass (perform DFF optimizations).

9.34.24. Executing OPT_CLEAN pass (remove unused cells and wires).
Finding unused cells or wires in module \gated_delta_d16_bram..

9.34.25. Executing OPT_EXPR pass (perform const folding).
Optimizing module gated_delta_d16_bram.

9.34.26. Finished fast OPT passes. (There is nothing left to do.)

9.35. Executing XILINX_SRL pass (Xilinx shift register extraction).

9.36. Executing TECHMAP pass (map to technology primitives).

9.36.1. Executing Verilog-2005 frontend: /opt/homebrew/bin/../share/yosys/techmap.v
Parsing Verilog input from `/opt/homebrew/bin/../share/yosys/techmap.v' to AST representation.
Generating RTLIL representation for module `\_90_simplemap_bool_ops'.
Generating RTLIL representation for module `\_90_simplemap_reduce_ops'.
Generating RTLIL representation for module `\_90_simplemap_logic_ops'.
Generating RTLIL representation for module `\_90_simplemap_compare_ops'.
Generating RTLIL representation for module `\_90_simplemap_various'.
Generating RTLIL representation for module `\_90_simplemap_registers'.
Generating RTLIL representation for module `\_90_shift_ops_shr_shl_sshl_sshr'.
Generating RTLIL representation for module `\_90_shift_shiftx'.
Generating RTLIL representation for module `\_90_fa'.
Generating RTLIL representation for module `\_90_lcu_brent_kung'.
Generating RTLIL representation for module `\_90_alu'.
Generating RTLIL representation for module `\_90_macc'.
Generating RTLIL representation for module `\_90_alumacc'.
Generating RTLIL representation for module `$__div_mod_u'.
Generating RTLIL representation for module `$__div_mod_trunc'.
Generating RTLIL representation for module `\_90_div'.
Generating RTLIL representation for module `\_90_mod'.
Generating RTLIL representation for module `$__div_mod_floor'.
Generating RTLIL representation for module `\_90_divfloor'.
Generating RTLIL representation for module `\_90_modfloor'.
Generating RTLIL representation for module `\_90_pow'.
Generating RTLIL representation for module `\_90_demux'.
Generating RTLIL representation for module `\_90_lut'.
Generating RTLIL representation for module `$connect'.
Generating RTLIL representation for module `$input_port'.
Successfully finished Verilog frontend.

9.36.2. Executing Verilog-2005 frontend: /opt/homebrew/bin/../share/yosys/xilinx/arith_map.v
Parsing Verilog input from `/opt/homebrew/bin/../share/yosys/xilinx/arith_map.v' to AST representation.
Generating RTLIL representation for module `\_80_xilinx_lcu'.
Generating RTLIL representation for module `\_80_xilinx_alu'.
Successfully finished Verilog frontend.

9.36.3. Continuing TECHMAP pass.
Using extmapper simplemap for cells of type $sdffe.
Using extmapper simplemap for cells of type $ne.
Using extmapper simplemap for cells of type $reduce_and.
Using extmapper simplemap for cells of type $not.
Using template $paramod$674141544fade965cf052b5e9d5b65813fc4e151\_80_xilinx_alu for cells of type $alu.
Using template $paramod$27c0973720187cf63629fc47c5d76a367d7ec8b7\_80_xilinx_alu for cells of type $alu.
Using template $paramod$dc0221a2a96b9a3332b558976e5bfbf541a5f8d8\_80_xilinx_alu for cells of type $alu.
Using template $paramod$f81a58e991820e2da18a798dd0a40acbace53f78\_80_xilinx_alu for cells of type $alu.
Using template $paramod$constmap:f27844a3940a61174107e199bb02e74d0760614b$paramod$15897a4cb370fc53c425d14569cff8dc94efdd6a\_90_shift_shiftx for cells of type $shiftx.
Using extmapper simplemap for cells of type $sdff.
Using extmapper simplemap for cells of type $reduce_bool.
Using extmapper simplemap for cells of type $reduce_or.
Using extmapper simplemap for cells of type $and.
Using extmapper simplemap for cells of type $eq.
Using extmapper simplemap for cells of type $dff.
Using extmapper simplemap for cells of type $mux.
Using extmapper simplemap for cells of type $pmux.
Using extmapper simplemap for cells of type $or.
Using extmapper simplemap for cells of type $logic_not.
Using template $paramod\_80_xilinx_lcu\WIDTH=s32'00000000000000000000000000000110 for cells of type $lcu.
Using template $paramod\_90_lcu_brent_kung\WIDTH=s32'00000000000000000000000000000001 for cells of type $lcu.
Using extmapper simplemap for cells of type $pos.
Using extmapper simplemap for cells of type $xor.
No more expansions possible.
<suppressed ~2798 debug messages>

9.37. Executing OPT pass (performing simple optimizations).

9.37.1. Executing OPT_EXPR pass (perform const folding).
Optimizing module gated_delta_d16_bram.
<suppressed ~1754 debug messages>

9.37.2. Executing OPT_MERGE pass (detect identical cells).
Finding identical cells in module `\gated_delta_d16_bram'.
Computing hashes of 11571 cells of `\gated_delta_d16_bram'.
Finding duplicate cells in `\gated_delta_d16_bram'.
Computing hashes of 11509 cells of `\gated_delta_d16_bram'.
Finding duplicate cells in `\gated_delta_d16_bram'.
Computing hashes of 11508 cells of `\gated_delta_d16_bram'.
Finding duplicate cells in `\gated_delta_d16_bram'.
<suppressed ~189 debug messages>
Removed a total of 63 cells.

9.37.3. Executing OPT_DFF pass (perform DFF optimizations).
Adding SRST signal on $auto$ff.cc:337:slice$14360 ($_SDFF_PN0_) from module gated_delta_d16_bram (D = $auto$simplemap.cc:189:logic_reduce$17171, Q = \u_pe.we, rval = 1'0).

9.37.4. Executing OPT_CLEAN pass (remove unused cells and wires).
Finding unused cells or wires in module \gated_delta_d16_bram..
Removed 1688 unused cells and 1107 unused wires.
<suppressed ~1689 debug messages>

9.37.5. Rerunning OPT passes. (Removed registers in this run.)

9.37.6. Executing OPT_EXPR pass (perform const folding).
Optimizing module gated_delta_d16_bram.

9.37.7. Executing OPT_MERGE pass (detect identical cells).
Finding identical cells in module `\gated_delta_d16_bram'.
Computing hashes of 9821 cells of `\gated_delta_d16_bram'.
Finding duplicate cells in `\gated_delta_d16_bram'.
Removed a total of 0 cells.

9.37.8. Executing OPT_DFF pass (perform DFF optimizations).

9.37.9. Executing OPT_CLEAN pass (remove unused cells and wires).
Finding unused cells or wires in module \gated_delta_d16_bram..

9.37.10. Finished fast OPT passes.

9.38. Executing IOPADMAP pass (mapping inputs/outputs to IO-PAD cells).
Mapping port gated_delta_d16_bram.beta using IBUF.
Mapping port gated_delta_d16_bram.clk using IBUF.
Mapping port gated_delta_d16_bram.done using OBUF.
Mapping port gated_delta_d16_bram.en using IBUF.
Mapping port gated_delta_d16_bram.g using IBUF.
Mapping port gated_delta_d16_bram.k_flat using IBUF.
Mapping port gated_delta_d16_bram.o_flat using OBUF.
Mapping port gated_delta_d16_bram.q_flat using IBUF.
Mapping port gated_delta_d16_bram.ready using OBUF.
Mapping port gated_delta_d16_bram.rst_n using IBUF.
Mapping port gated_delta_d16_bram.v_flat using IBUF.

9.39. Executing TECHMAP pass (map to technology primitives).

9.39.1. Executing Verilog-2005 frontend: /opt/homebrew/bin/../share/yosys/techmap.v
Parsing Verilog input from `/opt/homebrew/bin/../share/yosys/techmap.v' to AST representation.
Generating RTLIL representation for module `\_90_simplemap_bool_ops'.
Generating RTLIL representation for module `\_90_simplemap_reduce_ops'.
Generating RTLIL representation for module `\_90_simplemap_logic_ops'.
Generating RTLIL representation for module `\_90_simplemap_compare_ops'.
Generating RTLIL representation for module `\_90_simplemap_various'.
Generating RTLIL representation for module `\_90_simplemap_registers'.
Generating RTLIL representation for module `\_90_shift_ops_shr_shl_sshl_sshr'.
Generating RTLIL representation for module `\_90_shift_shiftx'.
Generating RTLIL representation for module `\_90_fa'.
Generating RTLIL representation for module `\_90_lcu_brent_kung'.
Generating RTLIL representation for module `\_90_alu'.
Generating RTLIL representation for module `\_90_macc'.
Generating RTLIL representation for module `\_90_alumacc'.
Generating RTLIL representation for module `$__div_mod_u'.
Generating RTLIL representation for module `$__div_mod_trunc'.
Generating RTLIL representation for module `\_90_div'.
Generating RTLIL representation for module `\_90_mod'.
Generating RTLIL representation for module `$__div_mod_floor'.
Generating RTLIL representation for module `\_90_divfloor'.
Generating RTLIL representation for module `\_90_modfloor'.
Generating RTLIL representation for module `\_90_pow'.
Generating RTLIL representation for module `\_90_demux'.
Generating RTLIL representation for module `\_90_lut'.
Generating RTLIL representation for module `$connect'.
Generating RTLIL representation for module `$input_port'.
Successfully finished Verilog frontend.

9.39.2. Executing Verilog-2005 frontend: /opt/homebrew/bin/../share/yosys/xilinx/cells_map.v
Parsing Verilog input from `/opt/homebrew/bin/../share/yosys/xilinx/cells_map.v' to AST representation.
Generating RTLIL representation for module `$__SHREG_'.
Generating RTLIL representation for module `$__XILINX_SHREG_'.
Generating RTLIL representation for module `$__XILINX_MUXF78'.
Successfully finished Verilog frontend.

9.39.3. Continuing TECHMAP pass.
No more expansions possible.
<suppressed ~80 debug messages>
Removed 0 unused cells and 11 unused wires.

9.40. Executing DFFLEGALIZE pass (convert FFs to types supported by the target).

9.41. Executing OPT_EXPR pass (perform const folding).
Optimizing module gated_delta_d16_bram.

9.42. Executing ABC pass (technology mapping using ABC).

9.42.1. Extracting gate netlist of module `\gated_delta_d16_bram' to `<abc-temp-dir>/input.blif'..

9.42.1.1. Executed ABC.
Extracted 9406 gates and 12567 wires to a netlist network with 3159 inputs and 5306 outputs.
Running ABC script: <abc-temp-dir>/abc.script
ABC: ======== ABC command line "source <abc-temp-dir>/abc.script"
ABC: + read_blif <abc-temp-dir>/input.blif 
ABC: + read_lut <abc-temp-dir>/lutdefs.txt 
ABC: + strash 
ABC: + &get -n 
ABC: + &fraig -x 
ABC: + &put 
ABC: + scorr 
ABC: Warning: The network is combinational (run "fraig" or "fraig_sweep").
ABC: + dc2 
ABC: + dretime 
ABC: + strash 
ABC: + dch -f 
ABC: + if 
ABC: + mfs2 
ABC: + write_blif <abc-temp-dir>/output.blif 

9.42.1.2. Re-integrating ABC results.
ABC RESULTS:              $lut cells:     5422
ABC RESULTS:        internal signals:     4102
ABC RESULTS:           input signals:     3159
ABC RESULTS:          output signals:     5306
Removing temp directory.
Removing global temp directory.
Removed 0 unused cells and 9289 unused wires.

9.43. Executing TECHMAP pass (map to technology primitives).

9.43.1. Executing Verilog-2005 frontend: /opt/homebrew/bin/../share/yosys/xilinx/ff_map.v
Parsing Verilog input from `/opt/homebrew/bin/../share/yosys/xilinx/ff_map.v' to AST representation.
Generating RTLIL representation for module `$_DFFE_NP0P_'.
Generating RTLIL representation for module `$_DFFE_PP0P_'.
Generating RTLIL representation for module `$_DFFE_NP1P_'.
Generating RTLIL representation for module `$_DFFE_PP1P_'.
Generating RTLIL representation for module `$_DFFSRE_NPPP_'.
Generating RTLIL representation for module `$_DFFSRE_PPPP_'.
Generating RTLIL representation for module `$_SDFFE_NP0P_'.
Generating RTLIL representation for module `$_SDFFE_PP0P_'.
Generating RTLIL representation for module `$_SDFFE_NP1P_'.
Generating RTLIL representation for module `$_SDFFE_PP1P_'.
Generating RTLIL representation for module `$_DLATCH_NP0_'.
Generating RTLIL representation for module `$_DLATCH_PP0_'.
Generating RTLIL representation for module `$_DLATCH_NP1_'.
Generating RTLIL representation for module `$_DLATCH_PP1_'.
Generating RTLIL representation for module `$_DLATCH_NPP_'.
Generating RTLIL representation for module `$_DLATCH_PPP_'.
Successfully finished Verilog frontend.

9.43.2. Continuing TECHMAP pass.
Using template $paramod$_SDFFE_PP0P_\_TECHMAP_WIREINIT_Q_=1'x for cells of type $_SDFFE_PP0P_.
No more expansions possible.
<suppressed ~2767 debug messages>

9.44. Executing XILINX_SRL pass (Xilinx shift register extraction).

9.45. Executing TECHMAP pass (map to technology primitives).

9.45.1. Executing Verilog-2005 frontend: /opt/homebrew/bin/../share/yosys/xilinx/lut_map.v
Parsing Verilog input from `/opt/homebrew/bin/../share/yosys/xilinx/lut_map.v' to AST representation.
Generating RTLIL representation for module `$lut'.
Successfully finished Verilog frontend.

9.45.2. Executing Verilog-2005 frontend: /opt/homebrew/bin/../share/yosys/xilinx/cells_map.v
Parsing Verilog input from `/opt/homebrew/bin/../share/yosys/xilinx/cells_map.v' to AST representation.
Generating RTLIL representation for module `$__SHREG_'.
Generating RTLIL representation for module `$__XILINX_SHREG_'.
Generating RTLIL representation for module `$__XILINX_MUXF78'.
Successfully finished Verilog frontend.

9.45.3. Continuing TECHMAP pass.
Using template $paramod$lut\WIDTH=32'00000000000000000000000000000010\LUT=4'0110 for cells of type $lut.
Using template $paramod$6d7cc275871d0ceead401cadfae2ff1124665ec4$lut for cells of type $lut.
Using template $paramod$7bb6a37e65823eeb4b38c370fec30ab082759a14$lut for cells of type $lut.
Using template $paramod$80fd3f90b6a7b38da9d25588666decbe3adaf5ec$lut for cells of type $lut.
Using template $paramod$251994398653c4cf8de320f1e306e535d5d2d624$lut for cells of type $lut.
Using template $paramod$lut\WIDTH=32'00000000000000000000000000000010\LUT=4'0001 for cells of type $lut.
Using template $paramod$lut\WIDTH=32'00000000000000000000000000000010\LUT=4'0100 for cells of type $lut.
Using template $paramod$lut\WIDTH=32'00000000000000000000000000000011\LUT=8'00001011 for cells of type $lut.
Using template $paramod$f936cf1f3ac2dfc4c0156fca74ede0b6752ba695$lut for cells of type $lut.
Using template $paramod$94c9e5b4eff47c4a5c0dc943489bb4b24142c992$lut for cells of type $lut.
Using template $paramod$e4d6dd5b15df84fcbc6efa2398032b7ffafaafcb$lut for cells of type $lut.
Using template $paramod$a6b82832e91e05e3a1afa8ac4aa7fea9a9a411c2$lut for cells of type $lut.
Using template $paramod$b8aa572978fbeeddc3e4b2d01d6ddff14f1180bc$lut for cells of type $lut.
Using template $paramod$lut\WIDTH=32'00000000000000000000000000000011\LUT=8'00010000 for cells of type $lut.
Using template $paramod$575b200168b9e109c2ed99df4359056f2c6696ac$lut for cells of type $lut.
Using template $paramod$d7d3023cdffb68086828ba9a023fb894dedc08c4$lut for cells of type $lut.
Using template $paramod$987d4c6b9265ec278a119d59a96dbc9e6ffc65bc$lut for cells of type $lut.
Using template $paramod$ab3d068b1d4cb762132536030b7a04a93d79adb3$lut for cells of type $lut.
Using template $paramod$d1543ec08cf4db40f5325b44cd610c700b0f9a36$lut for cells of type $lut.
Using template $paramod$c6a63bb76def356334266134fdb22f022581bc86$lut for cells of type $lut.
Using template $paramod$bd4804931806244eea2c53ff90ab7e9cffd2d2fd$lut for cells of type $lut.
Using template $paramod$7c5de220d5a7abf5123102971dfc3de1febe7af5$lut for cells of type $lut.
Using template $paramod$c38f735811f5ffff11388b22465e3c15edfc1ee0$lut for cells of type $lut.
Using template $paramod$608f40069c27841a5b3bdf03643a34bdc8974072$lut for cells of type $lut.
Using template $paramod$eeed37ce45abdda29d3e180f2d1dfc0c4c376530$lut for cells of type $lut.
Using template $paramod$dc41e9665158f6caac97365e95c1c2f88dcb2656$lut for cells of type $lut.
Using template $paramod$70ebb6cf5bc7d63c5c1a98ccefefa2af79e8f2a9$lut for cells of type $lut.
Using template $paramod$b04f963c594511d203156a5aa46a5022e67cee5d$lut for cells of type $lut.
Using template $paramod$51afbb192b4f1945fcee42798feed609b015e751$lut for cells of type $lut.
Using template $paramod$d8163158263bfa7630852496d79c8bce25cd4897$lut for cells of type $lut.
Using template $paramod$c657076da9e24631ab667b01aa64947f77f25a6a$lut for cells of type $lut.
Using template $paramod$69f4ed6f214f986946ae03eb9309017056b3d0b1$lut for cells of type $lut.
Using template $paramod$lut\WIDTH=32'00000000000000000000000000000011\LUT=8'11110100 for cells of type $lut.
Using template $paramod$42747cb776a263c703526507c569eee3f6c00461$lut for cells of type $lut.
Using template $paramod$c713a6ef5656251aa3a693a3f3b9392c096ad117$lut for cells of type $lut.
Using template $paramod$2e42f4cdfa2b7be54cbecc74818d81b621a7793c$lut for cells of type $lut.
Using template $paramod$f448042cbf43e478e93408e5e83c7e8fa9872fe6$lut for cells of type $lut.
Using template $paramod$a06470caad1f7e409c1edf0062e3b5a6d5ba0196$lut for cells of type $lut.
Using template $paramod$310a0ac949be54045c3fabe5921bbc41e17fcb2c$lut for cells of type $lut.
Using template $paramod$4f79d472867f62e55dd736f8b9b25cd05a56667d$lut for cells of type $lut.
Using template $paramod$c36a4cefa52d69db845e12ab4601e823c4ff4690$lut for cells of type $lut.
Using template $paramod$6e238df02989b317f10820a22773676e71120644$lut for cells of type $lut.
Using template $paramod$567a32734a071d48c8dfd2b1018d5315ab7c5d08$lut for cells of type $lut.
Using template $paramod$722bfd9af0ae56ca9d1d12a221cb5ede16461f26$lut for cells of type $lut.
Using template $paramod$ea1a7397c4c7bc6eb0f0e6de05ff8de08f8f972a$lut for cells of type $lut.
Using template $paramod$lut\WIDTH=32'00000000000000000000000000000010\LUT=4'1000 for cells of type $lut.
Using template $paramod$d2ef43814113ff73f9ebc73be6b7b228fcced45d$lut for cells of type $lut.
Using template $paramod$0a09396a785401149c062f5cd172620d8cdade2f$lut for cells of type $lut.
Using template $paramod$8dad52e72016b5562becd6d61d63fb3aa971d1e9$lut for cells of type $lut.
Using template $paramod$dd016eb8653e61f062258e3f7f426d231d292d1c$lut for cells of type $lut.
Using template $paramod$bb59fc9d73f3ced261e3a74efef030fd29d37b76$lut for cells of type $lut.
Using template $paramod$53ce561f80f32d4298a3beadc88b6c5c78293221$lut for cells of type $lut.
Using template $paramod$12b6f0c7dc64eb246f64226c12b97989b4b98733$lut for cells of type $lut.
Using template $paramod$251e409d1b83bd51cfc9c3d02fd3e0f2b0c42aca$lut for cells of type $lut.
Using template $paramod$80597e04e7bdf9dde48825b84e0f3d9f3afd9a66$lut for cells of type $lut.
Using template $paramod$a7828617d6575c80e0f1a41834aa959b3a549132$lut for cells of type $lut.
Using template $paramod$56310ff701860d13f2863d5da88c08ae3780813d$lut for cells of type $lut.
Using template $paramod$009cadbdbbd1337a43372665e251e4111ed5106d$lut for cells of type $lut.
Using template $paramod$ff3b90a0db712307354e20fb7d72475db7934ca9$lut for cells of type $lut.
Using template $paramod$a67e47b86756df98f61af77a7429d80e3ca271e5$lut for cells of type $lut.
Using template $paramod$63a260d6df43806805a3de2fd49b5dcd764aed2e$lut for cells of type $lut.
Using template $paramod$0f462d30e97e3a95497ed3ed4c5670bec4507088$lut for cells of type $lut.
Using template $paramod$e84cbadb272cf6e7c0969270fa68324ae967d086$lut for cells of type $lut.
Using template $paramod$9ab494594f178f1b2722725c1a755ee5c002129c$lut for cells of type $lut.
Using template $paramod$1a46febebcb352ac2b3841eb9f6d5399f8bdcbe6$lut for cells of type $lut.
Using template $paramod$47849f724c52e56b62591e7eb8c5ba38341ad5f5$lut for cells of type $lut.
Using template $paramod$658b9ed803f0d3d335616d3858b53e0a2522f1e8$lut for cells of type $lut.
Using template $paramod$5892125af2a4990466f14568a70c0c4b0f813241$lut for cells of type $lut.
Using template $paramod$lut\WIDTH=32'00000000000000000000000000000011\LUT=8'11001010 for cells of type $lut.
Using template $paramod$571404c0889eaf57f492cb5e37f8acb5df5852f9$lut for cells of type $lut.
Using template $paramod$33e58adf67c6b686a154c9ce8ebbc4b04b8cabc5$lut for cells of type $lut.
Using template $paramod$ee19d45db61acb4c70d938b97483a4ed4b792645$lut for cells of type $lut.
Using template $paramod$lut\WIDTH=32'00000000000000000000000000000011\LUT=8'01001111 for cells of type $lut.
Using template $paramod$4f8e4202b703f84fc04d96664ecbcd102eb5cc46$lut for cells of type $lut.
Using template $paramod$e5a1d455997c6e846c7e870c18f3298db3ff0baa$lut for cells of type $lut.
Using template $paramod$2f30c857aefd45b5c53b3be38978e6f605dae34c$lut for cells of type $lut.
Using template $paramod$2bfa57ed2d03b4fb262f860e1dc8e48f5d62d9c5$lut for cells of type $lut.
Using template $paramod$b4d0f4738a5ce50c7f36c2aa2ecc09cfb874f2b6$lut for cells of type $lut.
Using template $paramod$e49f6e3576ef1a6d2f58c54414dbb786af8cc869$lut for cells of type $lut.
Using template $paramod$a8c5a23d004d11a85117b3a30f8ee3e3fc27c8f2$lut for cells of type $lut.
Using template $paramod$9cf044275e70b6dc34d2f815a6f8ffc23f9694a0$lut for cells of type $lut.
Using template $paramod$e053a22d78e6bd5ea33183ea69976f0db741be0e$lut for cells of type $lut.
Using template $paramod$aae80393e04226f207faff7dfd7a95dd4f44a5bb$lut for cells of type $lut.
Using template $paramod$lut\WIDTH=32'00000000000000000000000000000001\LUT=2'01 for cells of type $lut.
Using template $paramod$daef582ebdebbe17332005b2af072cdffad51b63$lut for cells of type $lut.
Using template $paramod$e8cc748e7f662d7fbc16152905e77c03cf6abbda$lut for cells of type $lut.
Using template $paramod$bc31efbbb9cc1bd6ece318fda27aa08f5293e82d$lut for cells of type $lut.
Using template $paramod$300215f2dfd90326bd448850b8e72a9d9d43e5b7$lut for cells of type $lut.
Using template $paramod$a2b4ddfa3906001b2ef9f2414d79c3048f2a3a6e$lut for cells of type $lut.
Using template $paramod$c315fd171a22ad0b563d890e3adda172ea240769$lut for cells of type $lut.
Using template $paramod$dcb92c0d7e74e19526d4b3ec62b6200ff7f0288b$lut for cells of type $lut.
Using template $paramod$0962036af51b175f4b15ae9bbdbfc54ec906232f$lut for cells of type $lut.
Using template $paramod$e3a48d0c91deb1e51f5a86bde7ba7f3e9af856eb$lut for cells of type $lut.
Using template $paramod$bbe4d8d629394c0c0262ee089eb144b1e940a5c3$lut for cells of type $lut.
Using template $paramod$d2356d4535f6bc682600dbe85affcb8a607306f3$lut for cells of type $lut.
Using template $paramod$df1cc9dc7ebdb118d7d9bc9e0ca23f066ef31bae$lut for cells of type $lut.
Using template $paramod$4db3f33229e484ac6294e3afa0c7c8947a73ea7a$lut for cells of type $lut.
Using template $paramod$5117d2ec718dff56194c1434cad27d5d7d515583$lut for cells of type $lut.
Using template $paramod$d1d88b6dbc628f335b758d65cdd3417a56e15e6e$lut for cells of type $lut.
Using template $paramod$692927e279b3d5c42ee4aacb287247c0b34943ed$lut for cells of type $lut.
Using template $paramod$c07e58ee8e598273ba4a4c39b0756dbef8fd3cc6$lut for cells of type $lut.
Using template $paramod$4f346c53015206d89e6ccd42460ed0270fa82b3a$lut for cells of type $lut.
Using template $paramod$af345b9024199d1521ec46979c7672a68599e635$lut for cells of type $lut.
Using template $paramod$2e03c95a8f7698b5532f8e53ff82ec2b9a67c673$lut for cells of type $lut.
Using template $paramod$1c510e0ea1697c098a115467953acc3cb10db6af$lut for cells of type $lut.
Using template $paramod$a7104f7afe1d8ed20cd0f9b189f1913a836a0589$lut for cells of type $lut.
Using template $paramod$717b664c2155e9f7dce819427d815e702a091413$lut for cells of type $lut.
Using template $paramod$171e993c0db6141354e3b2ceb9836e1df004cf85$lut for cells of type $lut.
Using template $paramod$aecc1902fae602ac765725975496a9cfd378fb03$lut for cells of type $lut.
Using template $paramod$ede3ec7ca66f4b0d81af050565e7400b28750263$lut for cells of type $lut.
Using template $paramod$59e75a61b2e4a983c96d8aa2f40028bf6469834d$lut for cells of type $lut.
Using template $paramod$3ad19ded3f6bf68be2f54e44207da88207e06b9a$lut for cells of type $lut.
Using template $paramod$a3fb8dcaf836d06b1b73d89341c4089cd30521c8$lut for cells of type $lut.
Using template $paramod$c64b7517fc2f663fc967e3272ed8f33ff1184910$lut for cells of type $lut.
Using template $paramod$8f81f0c38ae541f955ad17f9f86b131d06265ffa$lut for cells of type $lut.
Using template $paramod$688e6dd8defb635cee16b6f0533e01b2672a429c$lut for cells of type $lut.
Using template $paramod$68d3f4ea48cad0edfb8b0078b2bee4ac54deb41d$lut for cells of type $lut.
Using template $paramod$cee737e1cc31ad07470b9d45d6be45961564d185$lut for cells of type $lut.
Using template $paramod$f301a628026f586903001bd9c754b3b888afc128$lut for cells of type $lut.
Using template $paramod$c8091b012966cb2125b40443b60b6dcb18aa84fc$lut for cells of type $lut.
Using template $paramod$d062e4f0d96c4f2eeba04fe7c109e2a936524446$lut for cells of type $lut.
Using template $paramod$3bdf9ec3253fc40d1d6eb04695898491d79ee029$lut for cells of type $lut.
Using template $paramod$d40cd258010dc8f3a4decb8e8862dcdb989271b6$lut for cells of type $lut.
Using template $paramod$a29891d6f45a469424974f925bd89a876506ea5a$lut for cells of type $lut.
Using template $paramod$b670762f77bd1580b388731f96fd111dd3490bce$lut for cells of type $lut.
Using template $paramod$147a7b0094ef306db9524494610ff5c3744c3815$lut for cells of type $lut.
Using template $paramod$e63122335581db6d542efd3e6b42e907128b7bd7$lut for cells of type $lut.
Using template $paramod$2fa729f6c54a80cafc1a95981599203c192b3405$lut for cells of type $lut.
Using template $paramod$d76e0a64863d991a1aa93e266fee54989aa26ffc$lut for cells of type $lut.
Using template $paramod$265e5f37b482658003ed9fba7a54413dc7b40bf6$lut for cells of type $lut.
Using template $paramod$54d84675cf3a7248f76a7aaefa7895ded3664f6f$lut for cells of type $lut.
Using template $paramod$61fc94ea8d6287842e9d24b80a3bb4bdb9e7090c$lut for cells of type $lut.
Using template $paramod$25447d0a07b31b392c9750cf49f7c895407839aa$lut for cells of type $lut.
Using template $paramod$90108309663ceebd5a40af735f795efa7e0b97b5$lut for cells of type $lut.
Using template $paramod$d2b9d4a8ead86034c1143813c54c0cbd8af3813a$lut for cells of type $lut.
Using template $paramod$73eec1704b0edc79ce9370fae62df963bd45561e$lut for cells of type $lut.
Using template $paramod$f1f7cc3b1b2bdf8b9a798ee4ef0f4ac28cf4b2c8$lut for cells of type $lut.
Using template $paramod$cc82c3715a110e9f4886969840b2f130d553235f$lut for cells of type $lut.
No more expansions possible.
<suppressed ~7358 debug messages>

9.46. Executing XILINX_DFFOPT pass (optimize FF control signal usage).
Optimizing FFs in gated_delta_d16_bram.
  Merging D + R LUTs for $auto$ff.cc:337:slice$14754/u_pe.clr_i (2 -> 5)
  Merging D + R LUTs for $auto$ff.cc:337:slice$14755/u_pe.clr_i (2 -> 5)
  Merging D + R LUTs for $auto$ff.cc:337:slice$14756/u_pe.clr_i (2 -> 5)
  Merging D + R LUTs for $auto$ff.cc:337:slice$14757/u_pe.clr_i (2 -> 5)
  Merging D + R LUTs for $auto$ff.cc:337:slice$14758/u_pe.clr_i (2 -> 4)

9.47. Executing OPT_LUT_INS pass (discard unused LUT inputs).
Optimizing LUTs in gated_delta_d16_bram.
  Optimizing lut $abc$31087$auto$blifparse.cc:557:parse_blif$32033.genblk1.genblk1.genblk1.genblk1.genblk1.genblk1.genblk1.genblk1.genblk1.genblk1.lut0.genblk1.genblk1.genblk1.genblk1.genblk1.genblk1.genblk1.genblk1.genblk1.lut0 (6 -> 3)
  Optimizing lut $abc$31087$auto$blifparse.cc:557:parse_blif$32024.genblk1.genblk1.genblk1.genblk1.genblk1.genblk1.genblk1.genblk1.genblk1.genblk1.lut0.genblk1.genblk1.genblk1.genblk1.genblk1.genblk1.genblk1.genblk1.genblk1.lut0 (6 -> 4)
  Optimizing lut $abc$31087$auto$blifparse.cc:557:parse_blif$32039.genblk1.genblk1.genblk1.genblk1.genblk1.genblk1.genblk1.genblk1.genblk1.lut0 (6 -> 4)
  Optimizing lut $abc$31087$auto$blifparse.cc:557:parse_blif$32008.genblk1.genblk1.genblk1.genblk1.genblk1.genblk1.genblk1.genblk1.genblk1.genblk1.lut0.genblk1.genblk1.genblk1.genblk1.genblk1.genblk1.genblk1.genblk1.genblk1.lut0 (6 -> 4)
  Optimizing lut $abc$31087$auto$blifparse.cc:557:parse_blif$32029.genblk1.genblk1.genblk1.genblk1.genblk1.genblk1.genblk1.genblk1.genblk1.lut0 (6 -> 0)
  Optimizing lut $abc$31087$auto$blifparse.cc:557:parse_blif$32000.genblk1.genblk1.genblk1.genblk1.genblk1.genblk1.genblk1.genblk1.genblk1.genblk1.lut0.genblk1.genblk1.genblk1.genblk1.genblk1.genblk1.genblk1.genblk1.genblk1.lut0 (6 -> 4)
  Optimizing lut $abc$31087$auto$blifparse.cc:557:parse_blif$32006.genblk1.genblk1.genblk1.genblk1.genblk1.genblk1.genblk1.genblk1.genblk1.lut0 (6 -> 0)
  Optimizing lut $abc$31087$auto$blifparse.cc:557:parse_blif$31992.genblk1.genblk1.genblk1.genblk1.genblk1.genblk1.genblk1.genblk1.genblk1.genblk1.lut0.genblk1.genblk1.genblk1.genblk1.genblk1.genblk1.genblk1.genblk1.genblk1.lut0 (6 -> 4)
  Optimizing lut $abc$31087$auto$blifparse.cc:557:parse_blif$32004.genblk1.genblk1.genblk1.genblk1.genblk1.genblk1.genblk1.genblk1.genblk1.lut0 (6 -> 4)
  Optimizing lut $abc$31087$auto$blifparse.cc:557:parse_blif$31985.genblk1.genblk1.genblk1.genblk1.genblk1.genblk1.genblk1.genblk1.genblk1.genblk1.lut0.genblk1.genblk1.genblk1.genblk1.genblk1.genblk1.genblk1.genblk1.genblk1.lut0 (6 -> 4)
  Optimizing lut $abc$31087$auto$blifparse.cc:557:parse_blif$31995.genblk1.genblk1.genblk1.genblk1.genblk1.genblk1.genblk1.genblk1.genblk1.lut0 (6 -> 4)
  Optimizing lut $abc$31087$auto$blifparse.cc:557:parse_blif$31951.genblk1.genblk1.genblk1.genblk1.genblk1.genblk1.genblk1.genblk1.genblk1.genblk1.lut0.genblk1.genblk1.genblk1.genblk1.genblk1.genblk1.genblk1.genblk1.genblk1.lut0 (6 -> 4)
  Optimizing lut $abc$31087$auto$blifparse.cc:557:parse_blif$31961.genblk1.genblk1.genblk1.genblk1.genblk1.genblk1.genblk1.genblk1.genblk1.lut0 (6 -> 0)
  Optimizing lut $abc$31087$auto$blifparse.cc:557:parse_blif$31948.genblk1.genblk1.genblk1.genblk1.genblk1.genblk1.genblk1.genblk1.genblk1.genblk1.lut0.genblk1.genblk1.genblk1.genblk1.genblk1.genblk1.genblk1.genblk1.genblk1.lut0 (6 -> 0)
  Optimizing lut $abc$31087$auto$blifparse.cc:557:parse_blif$31950.genblk1.genblk1.genblk1.genblk1.genblk1.genblk1.genblk1.genblk1.genblk1.lut0 (6 -> 0)
  Optimizing lut $abc$31087$auto$blifparse.cc:557:parse_blif$31938.genblk1.genblk1.genblk1.genblk1.genblk1.genblk1.genblk1.genblk1.genblk1.genblk1.lut0.genblk1.genblk1.genblk1.genblk1.genblk1.genblk1.genblk1.genblk1.genblk1.lut0 (6 -> 0)
  Optimizing lut $abc$31087$auto$blifparse.cc:557:parse_blif$31936.genblk1.genblk1.genblk1.genblk1.genblk1.genblk1.genblk1.genblk1.genblk1.genblk1.lut0.genblk1.genblk1.genblk1.genblk1.genblk1.genblk1.genblk1.genblk1.genblk1.lut0 (6 -> 4)
  Optimizing lut $abc$31087$auto$blifparse.cc:557:parse_blif$31945.genblk1.genblk1.genblk1.genblk1.genblk1.genblk1.genblk1.genblk1.genblk1.lut0 (6 -> 0)
  Optimizing lut $abc$31087$auto$blifparse.cc:557:parse_blif$31933.genblk1.genblk1.genblk1.genblk1.genblk1.genblk1.genblk1.genblk1.genblk1.genblk1.lut0.genblk1.genblk1.genblk1.genblk1.genblk1.genblk1.genblk1.genblk1.genblk1.lut0 (6 -> 3)
  Optimizing lut $abc$31087$auto$blifparse.cc:557:parse_blif$31935.genblk1.genblk1.genblk1.genblk1.genblk1.genblk1.genblk1.genblk1.genblk1.lut0 (6 -> 4)
  Optimizing lut $abc$31087$auto$blifparse.cc:557:parse_blif$31924.genblk1.genblk1.genblk1.genblk1.genblk1.genblk1.genblk1.genblk1.genblk1.genblk1.lut0.genblk1.genblk1.genblk1.genblk1.genblk1.genblk1.genblk1.genblk1.genblk1.lut0 (6 -> 4)
  Optimizing lut $abc$31087$auto$blifparse.cc:557:parse_blif$31924.genblk1.genblk1.genblk1.genblk1.genblk1.genblk1.genblk1.genblk1.genblk1.genblk1.lut1.genblk1.genblk1.genblk1.genblk1.genblk1.genblk1.genblk1.genblk1.genblk1.lut0 (6 -> 0)
  Optimizing lut $abc$31087$auto$blifparse.cc:557:parse_blif$31921.genblk1.genblk1.genblk1.genblk1.genblk1.genblk1.genblk1.genblk1.genblk1.genblk1.lut0.genblk1.genblk1.genblk1.genblk1.genblk1.genblk1.genblk1.genblk1.genblk1.lut0 (6 -> 0)
  Optimizing lut $abc$31087$auto$blifparse.cc:557:parse_blif$31923.genblk1.genblk1.genblk1.genblk1.genblk1.genblk1.genblk1.genblk1.genblk1.lut0 (6 -> 4)
  Optimizing lut $abc$31087$auto$blifparse.cc:557:parse_blif$31910.genblk1.genblk1.genblk1.genblk1.genblk1.genblk1.genblk1.genblk1.genblk1.genblk1.lut0.genblk1.genblk1.genblk1.genblk1.genblk1.genblk1.genblk1.genblk1.genblk1.lut0 (6 -> 4)
  Optimizing lut $abc$31087$auto$blifparse.cc:557:parse_blif$32033.genblk1.genblk1.genblk1.genblk1.genblk1.genblk1.genblk1.genblk1.genblk1.genblk1.lut1.genblk1.genblk1.genblk1.genblk1.genblk1.genblk1.genblk1.genblk1.genblk1.lut0 (6 -> 0)
  Optimizing lut $abc$31087$auto$blifparse.cc:557:parse_blif$31899.genblk1.genblk1.genblk1.genblk1.genblk1.genblk1.genblk1.genblk1.genblk1.lut0 (6 -> 4)
  Optimizing lut $abc$31087$auto$blifparse.cc:557:parse_blif$32036.genblk1.genblk1.genblk1.genblk1.genblk1.genblk1.genblk1.genblk1.genblk1.lut0 (6 -> 4)
  Optimizing lut $abc$31087$auto$blifparse.cc:557:parse_blif$32032.genblk1.genblk1.genblk1.genblk1.genblk1.genblk1.genblk1.genblk1.genblk1.lut0 (6 -> 0)
  Optimizing lut $abc$31087$auto$blifparse.cc:557:parse_blif$32028.genblk1.genblk1.genblk1.genblk1.genblk1.genblk1.genblk1.genblk1.genblk1.lut0 (6 -> 4)
  Optimizing lut $abc$31087$auto$blifparse.cc:557:parse_blif$32017.genblk1.genblk1.genblk1.genblk1.genblk1.genblk1.genblk1.genblk1.genblk1.lut0 (6 -> 0)
  Optimizing lut $abc$31087$auto$blifparse.cc:557:parse_blif$32020.genblk1.genblk1.genblk1.genblk1.genblk1.genblk1.genblk1.genblk1.genblk1.lut0 (6 -> 0)
  Optimizing lut $abc$31087$auto$blifparse.cc:557:parse_blif$32000.genblk1.genblk1.genblk1.genblk1.genblk1.genblk1.genblk1.genblk1.genblk1.genblk1.lut1.genblk1.genblk1.genblk1.genblk1.genblk1.genblk1.genblk1.genblk1.genblk1.lut1 (6 -> 0)
  Optimizing lut $abc$31087$auto$blifparse.cc:557:parse_blif$31951.genblk1.genblk1.genblk1.genblk1.genblk1.genblk1.genblk1.genblk1.genblk1.genblk1.lut1.genblk1.genblk1.genblk1.genblk1.genblk1.genblk1.genblk1.genblk1.genblk1.lut0 (6 -> 0)
  Optimizing lut $abc$31087$auto$blifparse.cc:557:parse_blif$31949.genblk1.genblk1.genblk1.genblk1.genblk1.genblk1.genblk1.genblk1.genblk1.lut0 (6 -> 0)
  Optimizing lut $abc$31087$auto$blifparse.cc:557:parse_blif$31948.genblk1.genblk1.genblk1.genblk1.genblk1.genblk1.genblk1.genblk1.genblk1.genblk1.lut1.genblk1.genblk1.genblk1.genblk1.genblk1.genblk1.genblk1.genblk1.genblk1.lut0 (6 -> 4)
  Optimizing lut $abc$31087$auto$blifparse.cc:557:parse_blif$31948.genblk1.genblk1.genblk1.genblk1.genblk1.genblk1.genblk1.genblk1.genblk1.genblk1.lut1.genblk1.genblk1.genblk1.genblk1.genblk1.genblk1.genblk1.genblk1.genblk1.lut1 (6 -> 4)
  Optimizing lut $abc$31087$auto$blifparse.cc:557:parse_blif$31936.genblk1.genblk1.genblk1.genblk1.genblk1.genblk1.genblk1.genblk1.genblk1.genblk1.lut1.genblk1.genblk1.genblk1.genblk1.genblk1.genblk1.genblk1.genblk1.genblk1.lut0 (6 -> 0)
  Optimizing lut $abc$31087$auto$blifparse.cc:557:parse_blif$31934.genblk1.genblk1.genblk1.genblk1.genblk1.genblk1.genblk1.genblk1.genblk1.lut0 (6 -> 4)
  Optimizing lut $abc$31087$auto$blifparse.cc:557:parse_blif$31933.genblk1.genblk1.genblk1.genblk1.genblk1.genblk1.genblk1.genblk1.genblk1.genblk1.lut1.genblk1.genblk1.genblk1.genblk1.genblk1.genblk1.genblk1.genblk1.genblk1.lut0 (6 -> 3)
  Optimizing lut $abc$31087$auto$blifparse.cc:557:parse_blif$31933.genblk1.genblk1.genblk1.genblk1.genblk1.genblk1.genblk1.genblk1.genblk1.genblk1.lut1.genblk1.genblk1.genblk1.genblk1.genblk1.genblk1.genblk1.genblk1.genblk1.lut1 (6 -> 3)
  Optimizing lut $abc$31087$auto$blifparse.cc:557:parse_blif$31922.genblk1.genblk1.genblk1.genblk1.genblk1.genblk1.genblk1.genblk1.genblk1.lut0 (6 -> 0)
  Optimizing lut $abc$31087$auto$blifparse.cc:557:parse_blif$31921.genblk1.genblk1.genblk1.genblk1.genblk1.genblk1.genblk1.genblk1.genblk1.genblk1.lut1.genblk1.genblk1.genblk1.genblk1.genblk1.genblk1.genblk1.genblk1.genblk1.lut0 (6 -> 4)
  Optimizing lut $abc$31087$auto$blifparse.cc:557:parse_blif$31921.genblk1.genblk1.genblk1.genblk1.genblk1.genblk1.genblk1.genblk1.genblk1.genblk1.lut1.genblk1.genblk1.genblk1.genblk1.genblk1.genblk1.genblk1.genblk1.genblk1.lut1 (6 -> 4)
  Optimizing lut $abc$31087$auto$blifparse.cc:557:parse_blif$31896.genblk1.genblk1.genblk1.genblk1.genblk1.genblk1.genblk1.genblk1.genblk1.lut1 (6 -> 4)
  Optimizing lut $abc$31087$auto$blifparse.cc:557:parse_blif$31899.genblk1.genblk1.genblk1.genblk1.genblk1.genblk1.genblk1.genblk1.genblk1.lut1 (6 -> 4)
  Optimizing lut $abc$31087$auto$blifparse.cc:557:parse_blif$31896.genblk1.genblk1.genblk1.genblk1.genblk1.genblk1.genblk1.genblk1.genblk1.lut0 (6 -> 4)
  Optimizing lut $abc$31087$auto$blifparse.cc:557:parse_blif$31910.genblk1.genblk1.genblk1.genblk1.genblk1.genblk1.genblk1.genblk1.genblk1.genblk1.lut1.genblk1.genblk1.genblk1.genblk1.genblk1.genblk1.genblk1.genblk1.genblk1.lut1 (6 -> 4)
  Optimizing lut $abc$31087$auto$blifparse.cc:557:parse_blif$31910.genblk1.genblk1.genblk1.genblk1.genblk1.genblk1.genblk1.genblk1.genblk1.genblk1.lut0.genblk1.genblk1.genblk1.genblk1.genblk1.genblk1.genblk1.genblk1.genblk1.lut1 (6 -> 4)
  Optimizing lut $abc$31087$auto$blifparse.cc:557:parse_blif$31924.genblk1.genblk1.genblk1.genblk1.genblk1.genblk1.genblk1.genblk1.genblk1.genblk1.lut1.genblk1.genblk1.genblk1.genblk1.genblk1.genblk1.genblk1.genblk1.genblk1.lut1 (6 -> 0)
  Optimizing lut $abc$31087$auto$blifparse.cc:557:parse_blif$31921.genblk1.genblk1.genblk1.genblk1.genblk1.genblk1.genblk1.genblk1.genblk1.genblk1.lut0.genblk1.genblk1.genblk1.genblk1.genblk1.genblk1.genblk1.genblk1.genblk1.lut1 (6 -> 0)
  Optimizing lut $abc$31087$auto$blifparse.cc:557:parse_blif$31923.genblk1.genblk1.genblk1.genblk1.genblk1.genblk1.genblk1.genblk1.genblk1.lut1 (6 -> 4)
  Optimizing lut $abc$31087$auto$blifparse.cc:557:parse_blif$31924.genblk1.genblk1.genblk1.genblk1.genblk1.genblk1.genblk1.genblk1.genblk1.genblk1.lut0.genblk1.genblk1.genblk1.genblk1.genblk1.genblk1.genblk1.genblk1.genblk1.lut1 (6 -> 4)
  Optimizing lut $abc$31087$auto$blifparse.cc:557:parse_blif$31936.genblk1.genblk1.genblk1.genblk1.genblk1.genblk1.genblk1.genblk1.genblk1.genblk1.lut1.genblk1.genblk1.genblk1.genblk1.genblk1.genblk1.genblk1.genblk1.genblk1.lut1 (6 -> 0)
  Optimizing lut $abc$31087$auto$blifparse.cc:557:parse_blif$31933.genblk1.genblk1.genblk1.genblk1.genblk1.genblk1.genblk1.genblk1.genblk1.genblk1.lut0.genblk1.genblk1.genblk1.genblk1.genblk1.genblk1.genblk1.genblk1.genblk1.lut1 (6 -> 3)
  Optimizing lut $abc$31087$auto$blifparse.cc:557:parse_blif$31934.genblk1.genblk1.genblk1.genblk1.genblk1.genblk1.genblk1.genblk1.genblk1.lut1 (6 -> 4)
  Optimizing lut $abc$31087$auto$blifparse.cc:557:parse_blif$31935.genblk1.genblk1.genblk1.genblk1.genblk1.genblk1.genblk1.genblk1.genblk1.lut1 (6 -> 4)
  Optimizing lut $abc$31087$auto$blifparse.cc:557:parse_blif$31936.genblk1.genblk1.genblk1.genblk1.genblk1.genblk1.genblk1.genblk1.genblk1.genblk1.lut0.genblk1.genblk1.genblk1.genblk1.genblk1.genblk1.genblk1.genblk1.genblk1.lut1 (6 -> 4)
  Optimizing lut $abc$31087$auto$blifparse.cc:557:parse_blif$31938.genblk1.genblk1.genblk1.genblk1.genblk1.genblk1.genblk1.genblk1.genblk1.genblk1.lut1.genblk1.genblk1.genblk1.genblk1.genblk1.genblk1.genblk1.genblk1.genblk1.lut1 (6 -> 4)
  Optimizing lut $abc$31087$auto$blifparse.cc:557:parse_blif$31938.genblk1.genblk1.genblk1.genblk1.genblk1.genblk1.genblk1.genblk1.genblk1.genblk1.lut0.genblk1.genblk1.genblk1.genblk1.genblk1.genblk1.genblk1.genblk1.genblk1.lut1 (6 -> 0)
  Optimizing lut $abc$31087$auto$blifparse.cc:557:parse_blif$31951.genblk1.genblk1.genblk1.genblk1.genblk1.genblk1.genblk1.genblk1.genblk1.genblk1.lut1.genblk1.genblk1.genblk1.genblk1.genblk1.genblk1.genblk1.genblk1.genblk1.lut1 (6 -> 0)
  Optimizing lut $abc$31087$auto$blifparse.cc:557:parse_blif$31948.genblk1.genblk1.genblk1.genblk1.genblk1.genblk1.genblk1.genblk1.genblk1.genblk1.lut0.genblk1.genblk1.genblk1.genblk1.genblk1.genblk1.genblk1.genblk1.genblk1.lut1 (6 -> 0)
  Optimizing lut $abc$31087$auto$blifparse.cc:557:parse_blif$31951.genblk1.genblk1.genblk1.genblk1.genblk1.genblk1.genblk1.genblk1.genblk1.genblk1.lut0.genblk1.genblk1.genblk1.genblk1.genblk1.genblk1.genblk1.genblk1.genblk1.lut1 (6 -> 4)
  Optimizing lut $abc$31087$auto$blifparse.cc:557:parse_blif$31967.genblk1.genblk1.genblk1.genblk1.genblk1.genblk1.genblk1.genblk1.genblk1.lut0 (6 -> 4)
  Optimizing lut $abc$31087$auto$blifparse.cc:557:parse_blif$31959.genblk1.genblk1.genblk1.genblk1.genblk1.genblk1.genblk1.genblk1.genblk1.lut0 (6 -> 0)
  Optimizing lut $abc$31087$auto$blifparse.cc:557:parse_blif$31967.genblk1.genblk1.genblk1.genblk1.genblk1.genblk1.genblk1.genblk1.genblk1.lut1 (6 -> 4)
  Optimizing lut $abc$31087$auto$blifparse.cc:557:parse_blif$31962.genblk1.genblk1.genblk1.genblk1.genblk1.genblk1.genblk1.genblk1.genblk1.lut0 (6 -> 0)
  Optimizing lut $abc$31087$auto$blifparse.cc:557:parse_blif$31985.genblk1.genblk1.genblk1.genblk1.genblk1.genblk1.genblk1.genblk1.genblk1.genblk1.lut1.genblk1.genblk1.genblk1.genblk1.genblk1.genblk1.genblk1.genblk1.genblk1.lut1 (6 -> 0)
  Optimizing lut $abc$31087$auto$blifparse.cc:557:parse_blif$31985.genblk1.genblk1.genblk1.genblk1.genblk1.genblk1.genblk1.genblk1.genblk1.genblk1.lut0.genblk1.genblk1.genblk1.genblk1.genblk1.genblk1.genblk1.genblk1.genblk1.lut1 (6 -> 4)
  Optimizing lut $abc$31087$auto$blifparse.cc:557:parse_blif$31992.genblk1.genblk1.genblk1.genblk1.genblk1.genblk1.genblk1.genblk1.genblk1.genblk1.lut0.genblk1.genblk1.genblk1.genblk1.genblk1.genblk1.genblk1.genblk1.genblk1.lut1 (6 -> 4)
  Optimizing lut $abc$31087$auto$blifparse.cc:557:parse_blif$31995.genblk1.genblk1.genblk1.genblk1.genblk1.genblk1.genblk1.genblk1.genblk1.lut1 (6 -> 4)
  Optimizing lut $abc$31087$auto$blifparse.cc:557:parse_blif$31985.genblk1.genblk1.genblk1.genblk1.genblk1.genblk1.genblk1.genblk1.genblk1.genblk1.lut1.genblk1.genblk1.genblk1.genblk1.genblk1.genblk1.genblk1.genblk1.genblk1.lut0 (6 -> 0)
  Optimizing lut $abc$31087$auto$blifparse.cc:557:parse_blif$31992.genblk1.genblk1.genblk1.genblk1.genblk1.genblk1.genblk1.genblk1.genblk1.genblk1.lut1.genblk1.genblk1.genblk1.genblk1.genblk1.genblk1.genblk1.genblk1.genblk1.lut1 (6 -> 0)
  Optimizing lut $abc$31087$auto$blifparse.cc:557:parse_blif$32000.genblk1.genblk1.genblk1.genblk1.genblk1.genblk1.genblk1.genblk1.genblk1.genblk1.lut1.genblk1.genblk1.genblk1.genblk1.genblk1.genblk1.genblk1.genblk1.genblk1.lut0 (6 -> 0)
  Optimizing lut $abc$31087$auto$blifparse.cc:557:parse_blif$32000.genblk1.genblk1.genblk1.genblk1.genblk1.genblk1.genblk1.genblk1.genblk1.genblk1.lut0.genblk1.genblk1.genblk1.genblk1.genblk1.genblk1.genblk1.genblk1.genblk1.lut1 (6 -> 4)
  Optimizing lut $abc$31087$auto$blifparse.cc:557:parse_blif$32004.genblk1.genblk1.genblk1.genblk1.genblk1.genblk1.genblk1.genblk1.genblk1.lut1 (6 -> 4)
  Optimizing lut $abc$31087$auto$blifparse.cc:557:parse_blif$31992.genblk1.genblk1.genblk1.genblk1.genblk1.genblk1.genblk1.genblk1.genblk1.genblk1.lut1.genblk1.genblk1.genblk1.genblk1.genblk1.genblk1.genblk1.genblk1.genblk1.lut0 (6 -> 0)
  Optimizing lut $abc$31087$auto$blifparse.cc:557:parse_blif$32008.genblk1.genblk1.genblk1.genblk1.genblk1.genblk1.genblk1.genblk1.genblk1.genblk1.lut0.genblk1.genblk1.genblk1.genblk1.genblk1.genblk1.genblk1.genblk1.genblk1.lut1 (6 -> 4)
  Optimizing lut $abc$31087$auto$blifparse.cc:557:parse_blif$32008.genblk1.genblk1.genblk1.genblk1.genblk1.genblk1.genblk1.genblk1.genblk1.genblk1.lut1.genblk1.genblk1.genblk1.genblk1.genblk1.genblk1.genblk1.genblk1.genblk1.lut1 (6 -> 0)
  Optimizing lut $abc$31087$auto$blifparse.cc:557:parse_blif$32016.genblk1.genblk1.genblk1.genblk1.genblk1.genblk1.genblk1.genblk1.genblk1.lut1 (6 -> 4)
  Optimizing lut $abc$31087$auto$blifparse.cc:557:parse_blif$32008.genblk1.genblk1.genblk1.genblk1.genblk1.genblk1.genblk1.genblk1.genblk1.genblk1.lut1.genblk1.genblk1.genblk1.genblk1.genblk1.genblk1.genblk1.genblk1.genblk1.lut0 (6 -> 0)
  Optimizing lut $abc$31087$auto$blifparse.cc:557:parse_blif$32021.genblk1.genblk1.genblk1.genblk1.genblk1.genblk1.genblk1.genblk1.genblk1.lut1 (6 -> 4)
  Optimizing lut $abc$31087$auto$blifparse.cc:557:parse_blif$32021.genblk1.genblk1.genblk1.genblk1.genblk1.genblk1.genblk1.genblk1.genblk1.lut0 (6 -> 4)
  Optimizing lut $abc$31087$auto$blifparse.cc:557:parse_blif$32024.genblk1.genblk1.genblk1.genblk1.genblk1.genblk1.genblk1.genblk1.genblk1.genblk1.lut0.genblk1.genblk1.genblk1.genblk1.genblk1.genblk1.genblk1.genblk1.genblk1.lut1 (6 -> 3)
  Optimizing lut $abc$31087$auto$blifparse.cc:557:parse_blif$32028.genblk1.genblk1.genblk1.genblk1.genblk1.genblk1.genblk1.genblk1.genblk1.lut1 (6 -> 4)
  Optimizing lut $abc$31087$auto$blifparse.cc:557:parse_blif$32024.genblk1.genblk1.genblk1.genblk1.genblk1.genblk1.genblk1.genblk1.genblk1.genblk1.lut1.genblk1.genblk1.genblk1.genblk1.genblk1.genblk1.genblk1.genblk1.genblk1.lut1 (6 -> 0)
  Optimizing lut $abc$31087$auto$blifparse.cc:557:parse_blif$32033.genblk1.genblk1.genblk1.genblk1.genblk1.genblk1.genblk1.genblk1.genblk1.genblk1.lut1.genblk1.genblk1.genblk1.genblk1.genblk1.genblk1.genblk1.genblk1.genblk1.lut1 (6 -> 0)
  Optimizing lut $abc$31087$auto$blifparse.cc:557:parse_blif$32033.genblk1.genblk1.genblk1.genblk1.genblk1.genblk1.genblk1.genblk1.genblk1.genblk1.lut0.genblk1.genblk1.genblk1.genblk1.genblk1.genblk1.genblk1.genblk1.genblk1.lut1 (6 -> 4)
  Optimizing lut $abc$31087$auto$blifparse.cc:557:parse_blif$32024.genblk1.genblk1.genblk1.genblk1.genblk1.genblk1.genblk1.genblk1.genblk1.genblk1.lut1.genblk1.genblk1.genblk1.genblk1.genblk1.genblk1.genblk1.genblk1.genblk1.lut0 (6 -> 0)
  Optimizing lut $abc$31087$auto$blifparse.cc:557:parse_blif$32036.genblk1.genblk1.genblk1.genblk1.genblk1.genblk1.genblk1.genblk1.genblk1.lut1 (6 -> 4)
  Optimizing lut $abc$31087$auto$blifparse.cc:557:parse_blif$32035.genblk1.genblk1.genblk1.genblk1.genblk1.genblk1.genblk1.genblk1.genblk1.lut0 (6 -> 0)
  Optimizing lut $abc$31087$auto$blifparse.cc:557:parse_blif$32039.genblk1.genblk1.genblk1.genblk1.genblk1.genblk1.genblk1.genblk1.genblk1.lut1 (6 -> 4)

9.48. Executing CLKBUFMAP pass (inserting clock buffers).
Inserting BUFG on gated_delta_d16_bram.u_pe.clk[0].
Removed 10 unused cells and 27637 unused wires.

9.49. Executing HIERARCHY pass (managing design hierarchy).
Attribute `top' found on module `gated_delta_d16_bram'. Setting top module to gated_delta_d16_bram.

9.49.1. Analyzing design hierarchy..
Top module:  \gated_delta_d16_bram

9.49.2. Analyzing design hierarchy..
Top module:  \gated_delta_d16_bram
Removed 0 unused modules.
Warning: Resizing cell port gated_delta_d16_bram.u_pe.lanes[10].u_s.mem.0.0.WEA from 4 bits to 2 bits.
Warning: Resizing cell port gated_delta_d16_bram.u_pe.lanes[10].u_s.mem.0.0.DOPBDOP from 8 bits to 2 bits.
Warning: Resizing cell port gated_delta_d16_bram.u_pe.lanes[10].u_s.mem.0.0.DOBDO from 64 bits to 16 bits.
Warning: Resizing cell port gated_delta_d16_bram.u_pe.lanes[10].u_s.mem.0.0.DIPADIP from 8 bits to 2 bits.
Warning: Resizing cell port gated_delta_d16_bram.u_pe.lanes[10].u_s.mem.0.0.DIADI from 64 bits to 16 bits.
Warning: Resizing cell port gated_delta_d16_bram.u_pe.lanes[10].u_s.mem.0.0.DOPADOP from 8 bits to 2 bits.
Warning: Resizing cell port gated_delta_d16_bram.u_pe.lanes[10].u_s.mem.0.0.DOADO from 64 bits to 16 bits.
Warning: Resizing cell port gated_delta_d16_bram.u_pe.lanes[11].u_s.mem.0.0.WEA from 4 bits to 2 bits.
Warning: Resizing cell port gated_delta_d16_bram.u_pe.lanes[11].u_s.mem.0.0.DOPBDOP from 8 bits to 2 bits.
Warning: Resizing cell port gated_delta_d16_bram.u_pe.lanes[11].u_s.mem.0.0.DOBDO from 64 bits to 16 bits.
Warning: Resizing cell port gated_delta_d16_bram.u_pe.lanes[11].u_s.mem.0.0.DIPADIP from 8 bits to 2 bits.
Warning: Resizing cell port gated_delta_d16_bram.u_pe.lanes[11].u_s.mem.0.0.DIADI from 64 bits to 16 bits.
Warning: Resizing cell port gated_delta_d16_bram.u_pe.lanes[11].u_s.mem.0.0.DOPADOP from 8 bits to 2 bits.
Warning: Resizing cell port gated_delta_d16_bram.u_pe.lanes[11].u_s.mem.0.0.DOADO from 64 bits to 16 bits.
Warning: Resizing cell port gated_delta_d16_bram.u_pe.lanes[12].u_s.mem.0.0.WEA from 4 bits to 2 bits.
Warning: Resizing cell port gated_delta_d16_bram.u_pe.lanes[12].u_s.mem.0.0.DOPBDOP from 8 bits to 2 bits.
Warning: Resizing cell port gated_delta_d16_bram.u_pe.lanes[12].u_s.mem.0.0.DOBDO from 64 bits to 16 bits.
Warning: Resizing cell port gated_delta_d16_bram.u_pe.lanes[12].u_s.mem.0.0.DIPADIP from 8 bits to 2 bits.
Warning: Resizing cell port gated_delta_d16_bram.u_pe.lanes[12].u_s.mem.0.0.DIADI from 64 bits to 16 bits.
Warning: Resizing cell port gated_delta_d16_bram.u_pe.lanes[12].u_s.mem.0.0.DOPADOP from 8 bits to 2 bits.
Warning: Resizing cell port gated_delta_d16_bram.u_pe.lanes[12].u_s.mem.0.0.DOADO from 64 bits to 16 bits.
Warning: Resizing cell port gated_delta_d16_bram.u_pe.lanes[13].u_s.mem.0.0.WEA from 4 bits to 2 bits.
Warning: Resizing cell port gated_delta_d16_bram.u_pe.lanes[13].u_s.mem.0.0.DOPBDOP from 8 bits to 2 bits.
Warning: Resizing cell port gated_delta_d16_bram.u_pe.lanes[13].u_s.mem.0.0.DOBDO from 64 bits to 16 bits.
Warning: Resizing cell port gated_delta_d16_bram.u_pe.lanes[13].u_s.mem.0.0.DIPADIP from 8 bits to 2 bits.
Warning: Resizing cell port gated_delta_d16_bram.u_pe.lanes[13].u_s.mem.0.0.DIADI from 64 bits to 16 bits.
Warning: Resizing cell port gated_delta_d16_bram.u_pe.lanes[13].u_s.mem.0.0.DOPADOP from 8 bits to 2 bits.
Warning: Resizing cell port gated_delta_d16_bram.u_pe.lanes[13].u_s.mem.0.0.DOADO from 64 bits to 16 bits.
Warning: Resizing cell port gated_delta_d16_bram.u_pe.lanes[14].u_s.mem.0.0.WEA from 4 bits to 2 bits.
Warning: Resizing cell port gated_delta_d16_bram.u_pe.lanes[14].u_s.mem.0.0.DOPBDOP from 8 bits to 2 bits.
Warning: Resizing cell port gated_delta_d16_bram.u_pe.lanes[14].u_s.mem.0.0.DOBDO from 64 bits to 16 bits.
Warning: Resizing cell port gated_delta_d16_bram.u_pe.lanes[14].u_s.mem.0.0.DIPADIP from 8 bits to 2 bits.
Warning: Resizing cell port gated_delta_d16_bram.u_pe.lanes[14].u_s.mem.0.0.DIADI from 64 bits to 16 bits.
Warning: Resizing cell port gated_delta_d16_bram.u_pe.lanes[14].u_s.mem.0.0.DOPADOP from 8 bits to 2 bits.
Warning: Resizing cell port gated_delta_d16_bram.u_pe.lanes[14].u_s.mem.0.0.DOADO from 64 bits to 16 bits.
Warning: Resizing cell port gated_delta_d16_bram.u_pe.lanes[15].u_s.mem.0.0.WEA from 4 bits to 2 bits.
Warning: Resizing cell port gated_delta_d16_bram.u_pe.lanes[15].u_s.mem.0.0.DOPBDOP from 8 bits to 2 bits.
Warning: Resizing cell port gated_delta_d16_bram.u_pe.lanes[15].u_s.mem.0.0.DOBDO from 64 bits to 16 bits.
Warning: Resizing cell port gated_delta_d16_bram.u_pe.lanes[15].u_s.mem.0.0.DIPADIP from 8 bits to 2 bits.
Warning: Resizing cell port gated_delta_d16_bram.u_pe.lanes[15].u_s.mem.0.0.DIADI from 64 bits to 16 bits.
Warning: Resizing cell port gated_delta_d16_bram.u_pe.lanes[15].u_s.mem.0.0.DOPADOP from 8 bits to 2 bits.
Warning: Resizing cell port gated_delta_d16_bram.u_pe.lanes[15].u_s.mem.0.0.DOADO from 64 bits to 16 bits.
Warning: Resizing cell port gated_delta_d16_bram.u_pe.lanes[1].u_s.mem.0.0.WEA from 4 bits to 2 bits.
Warning: Resizing cell port gated_delta_d16_bram.u_pe.lanes[1].u_s.mem.0.0.DOPBDOP from 8 bits to 2 bits.
Warning: Resizing cell port gated_delta_d16_bram.u_pe.lanes[1].u_s.mem.0.0.DOBDO from 64 bits to 16 bits.
Warning: Resizing cell port gated_delta_d16_bram.u_pe.lanes[1].u_s.mem.0.0.DIPADIP from 8 bits to 2 bits.
Warning: Resizing cell port gated_delta_d16_bram.u_pe.lanes[1].u_s.mem.0.0.DIADI from 64 bits to 16 bits.
Warning: Resizing cell port gated_delta_d16_bram.u_pe.lanes[1].u_s.mem.0.0.DOPADOP from 8 bits to 2 bits.
Warning: Resizing cell port gated_delta_d16_bram.u_pe.lanes[1].u_s.mem.0.0.DOADO from 64 bits to 16 bits.
Warning: Resizing cell port gated_delta_d16_bram.u_pe.lanes[0].u_s.mem.0.0.WEA from 4 bits to 2 bits.
Warning: Resizing cell port gated_delta_d16_bram.u_pe.lanes[0].u_s.mem.0.0.DOPBDOP from 8 bits to 2 bits.
Warning: Resizing cell port gated_delta_d16_bram.u_pe.lanes[0].u_s.mem.0.0.DOBDO from 64 bits to 16 bits.
Warning: Resizing cell port gated_delta_d16_bram.u_pe.lanes[0].u_s.mem.0.0.DIPADIP from 8 bits to 2 bits.
Warning: Resizing cell port gated_delta_d16_bram.u_pe.lanes[0].u_s.mem.0.0.DIADI from 64 bits to 16 bits.
Warning: Resizing cell port gated_delta_d16_bram.u_pe.lanes[0].u_s.mem.0.0.DOPADOP from 8 bits to 2 bits.
Warning: Resizing cell port gated_delta_d16_bram.u_pe.lanes[0].u_s.mem.0.0.DOADO from 64 bits to 16 bits.
Warning: Resizing cell port gated_delta_d16_bram.u_pe.lanes[2].u_s.mem.0.0.WEA from 4 bits to 2 bits.
Warning: Resizing cell port gated_delta_d16_bram.u_pe.lanes[2].u_s.mem.0.0.DOPBDOP from 8 bits to 2 bits.
Warning: Resizing cell port gated_delta_d16_bram.u_pe.lanes[2].u_s.mem.0.0.DOBDO from 64 bits to 16 bits.
Warning: Resizing cell port gated_delta_d16_bram.u_pe.lanes[2].u_s.mem.0.0.DIPADIP from 8 bits to 2 bits.
Warning: Resizing cell port gated_delta_d16_bram.u_pe.lanes[2].u_s.mem.0.0.DIADI from 64 bits to 16 bits.
Warning: Resizing cell port gated_delta_d16_bram.u_pe.lanes[2].u_s.mem.0.0.DOPADOP from 8 bits to 2 bits.
Warning: Resizing cell port gated_delta_d16_bram.u_pe.lanes[2].u_s.mem.0.0.DOADO from 64 bits to 16 bits.
Warning: Resizing cell port gated_delta_d16_bram.u_pe.lanes[3].u_s.mem.0.0.WEA from 4 bits to 2 bits.
Warning: Resizing cell port gated_delta_d16_bram.u_pe.lanes[3].u_s.mem.0.0.DOPBDOP from 8 bits to 2 bits.
Warning: Resizing cell port gated_delta_d16_bram.u_pe.lanes[3].u_s.mem.0.0.DOBDO from 64 bits to 16 bits.
Warning: Resizing cell port gated_delta_d16_bram.u_pe.lanes[3].u_s.mem.0.0.DIPADIP from 8 bits to 2 bits.
Warning: Resizing cell port gated_delta_d16_bram.u_pe.lanes[3].u_s.mem.0.0.DIADI from 64 bits to 16 bits.
Warning: Resizing cell port gated_delta_d16_bram.u_pe.lanes[3].u_s.mem.0.0.DOPADOP from 8 bits to 2 bits.
Warning: Resizing cell port gated_delta_d16_bram.u_pe.lanes[3].u_s.mem.0.0.DOADO from 64 bits to 16 bits.
Warning: Resizing cell port gated_delta_d16_bram.u_pe.lanes[4].u_s.mem.0.0.WEA from 4 bits to 2 bits.
Warning: Resizing cell port gated_delta_d16_bram.u_pe.lanes[4].u_s.mem.0.0.DOPBDOP from 8 bits to 2 bits.
Warning: Resizing cell port gated_delta_d16_bram.u_pe.lanes[4].u_s.mem.0.0.DOBDO from 64 bits to 16 bits.
Warning: Resizing cell port gated_delta_d16_bram.u_pe.lanes[4].u_s.mem.0.0.DIPADIP from 8 bits to 2 bits.
Warning: Resizing cell port gated_delta_d16_bram.u_pe.lanes[4].u_s.mem.0.0.DIADI from 64 bits to 16 bits.
Warning: Resizing cell port gated_delta_d16_bram.u_pe.lanes[4].u_s.mem.0.0.DOPADOP from 8 bits to 2 bits.
Warning: Resizing cell port gated_delta_d16_bram.u_pe.lanes[4].u_s.mem.0.0.DOADO from 64 bits to 16 bits.
Warning: Resizing cell port gated_delta_d16_bram.u_pe.lanes[5].u_s.mem.0.0.WEA from 4 bits to 2 bits.
Warning: Resizing cell port gated_delta_d16_bram.u_pe.lanes[5].u_s.mem.0.0.DOPBDOP from 8 bits to 2 bits.
Warning: Resizing cell port gated_delta_d16_bram.u_pe.lanes[5].u_s.mem.0.0.DOBDO from 64 bits to 16 bits.
Warning: Resizing cell port gated_delta_d16_bram.u_pe.lanes[5].u_s.mem.0.0.DIPADIP from 8 bits to 2 bits.
Warning: Resizing cell port gated_delta_d16_bram.u_pe.lanes[5].u_s.mem.0.0.DIADI from 64 bits to 16 bits.
Warning: Resizing cell port gated_delta_d16_bram.u_pe.lanes[5].u_s.mem.0.0.DOPADOP from 8 bits to 2 bits.
Warning: Resizing cell port gated_delta_d16_bram.u_pe.lanes[5].u_s.mem.0.0.DOADO from 64 bits to 16 bits.
Warning: Resizing cell port gated_delta_d16_bram.u_pe.lanes[6].u_s.mem.0.0.WEA from 4 bits to 2 bits.
Warning: Resizing cell port gated_delta_d16_bram.u_pe.lanes[6].u_s.mem.0.0.DOPBDOP from 8 bits to 2 bits.
Warning: Resizing cell port gated_delta_d16_bram.u_pe.lanes[6].u_s.mem.0.0.DOBDO from 64 bits to 16 bits.
Warning: Resizing cell port gated_delta_d16_bram.u_pe.lanes[6].u_s.mem.0.0.DIPADIP from 8 bits to 2 bits.
Warning: Resizing cell port gated_delta_d16_bram.u_pe.lanes[6].u_s.mem.0.0.DIADI from 64 bits to 16 bits.
Warning: Resizing cell port gated_delta_d16_bram.u_pe.lanes[6].u_s.mem.0.0.DOPADOP from 8 bits to 2 bits.
Warning: Resizing cell port gated_delta_d16_bram.u_pe.lanes[6].u_s.mem.0.0.DOADO from 64 bits to 16 bits.
Warning: Resizing cell port gated_delta_d16_bram.u_pe.lanes[7].u_s.mem.0.0.WEA from 4 bits to 2 bits.
Warning: Resizing cell port gated_delta_d16_bram.u_pe.lanes[7].u_s.mem.0.0.DOPBDOP from 8 bits to 2 bits.
Warning: Resizing cell port gated_delta_d16_bram.u_pe.lanes[7].u_s.mem.0.0.DOBDO from 64 bits to 16 bits.
Warning: Resizing cell port gated_delta_d16_bram.u_pe.lanes[7].u_s.mem.0.0.DIPADIP from 8 bits to 2 bits.
Warning: Resizing cell port gated_delta_d16_bram.u_pe.lanes[7].u_s.mem.0.0.DIADI from 64 bits to 16 bits.
Warning: Resizing cell port gated_delta_d16_bram.u_pe.lanes[7].u_s.mem.0.0.DOPADOP from 8 bits to 2 bits.
Warning: Resizing cell port gated_delta_d16_bram.u_pe.lanes[7].u_s.mem.0.0.DOADO from 64 bits to 16 bits.
Warning: Resizing cell port gated_delta_d16_bram.u_pe.lanes[8].u_s.mem.0.0.WEA from 4 bits to 2 bits.
Warning: Resizing cell port gated_delta_d16_bram.u_pe.lanes[8].u_s.mem.0.0.DOPBDOP from 8 bits to 2 bits.
Warning: Resizing cell port gated_delta_d16_bram.u_pe.lanes[8].u_s.mem.0.0.DOBDO from 64 bits to 16 bits.
Warning: Resizing cell port gated_delta_d16_bram.u_pe.lanes[8].u_s.mem.0.0.DIPADIP from 8 bits to 2 bits.
Warning: Resizing cell port gated_delta_d16_bram.u_pe.lanes[8].u_s.mem.0.0.DIADI from 64 bits to 16 bits.
Warning: Resizing cell port gated_delta_d16_bram.u_pe.lanes[8].u_s.mem.0.0.DOPADOP from 8 bits to 2 bits.
Warning: Resizing cell port gated_delta_d16_bram.u_pe.lanes[8].u_s.mem.0.0.DOADO from 64 bits to 16 bits.
Warning: Resizing cell port gated_delta_d16_bram.u_pe.lanes[9].u_s.mem.0.0.WEA from 4 bits to 2 bits.
Warning: Resizing cell port gated_delta_d16_bram.u_pe.lanes[9].u_s.mem.0.0.DOPBDOP from 8 bits to 2 bits.
Warning: Resizing cell port gated_delta_d16_bram.u_pe.lanes[9].u_s.mem.0.0.DOBDO from 64 bits to 16 bits.
Warning: Resizing cell port gated_delta_d16_bram.u_pe.lanes[9].u_s.mem.0.0.DIPADIP from 8 bits to 2 bits.
Warning: Resizing cell port gated_delta_d16_bram.u_pe.lanes[9].u_s.mem.0.0.DIADI from 64 bits to 16 bits.
Warning: Resizing cell port gated_delta_d16_bram.u_pe.lanes[9].u_s.mem.0.0.DOPADOP from 8 bits to 2 bits.
Warning: Resizing cell port gated_delta_d16_bram.u_pe.lanes[9].u_s.mem.0.0.DOADO from 64 bits to 16 bits.

9.50. Printing statistics.

=== gated_delta_d16_bram ===

        +----------Local Count, excluding submodules.
        | 
     4807 wires
    28067 wire bits
      514 public wires
    11291 public wire bits
       11 ports
      789 port bits
     6335 cells
       17   $scopeinfo
        1   BUFG
       64   DSP48E1
      403   IBUF
     2772   INV
      975   LUT2
      546   LUT3
      638   LUT4
      104   LUT5
      413   LUT6
      386   OBUF
       16   RAMB18E1
     3113 submodules
      307   CARRY4
     2738   FDRE
       54   MUXF7
       14   MUXF8

   Estimated number of LCs:       1701

=== design hierarchy ===

        +----------Count including submodules.
        | 
     6335 gated_delta_d16_bram

        +----------Count including submodules.
        | 
     4807 wires
    28067 wire bits
      514 public wires
    11291 public wire bits
       11 ports
      789 port bits
        - memories
        - memory bits
        - processes
     6335 cells
       17   $scopeinfo
        1   BUFG
       64   DSP48E1
      403   IBUF
     2772   INV
      975   LUT2
      546   LUT3
      638   LUT4
      104   LUT5
      413   LUT6
      386   OBUF
       16   RAMB18E1
     3113 submodules
      307   CARRY4
     2738   FDRE
       54   MUXF7
       14   MUXF8

   Estimated number of LCs:       1701

9.51. Executing CHECK pass (checking for obvious problems).
Checking module gated_delta_d16_bram...
Found and reported 0 problems.

10. Printing statistics.

=== gated_delta_d16_bram ===

        +----------Local Count, excluding submodules.
        | 
     4807 wires
    28067 wire bits
      514 public wires
    11291 public wire bits
       11 ports
      789 port bits
     9448 cells
       17   $scopeinfo
        1   BUFG
      307   CARRY4
       64   DSP48E1
     2738   FDRE
      403   IBUF
     2772   INV
      975   LUT2
      546   LUT3
      638   LUT4
      104   LUT5
      413   LUT6
       54   MUXF7
       14   MUXF8
      386   OBUF
       16   RAMB18E1

Warnings: 122 unique messages, 142 total
End of script. Logfile hash: ba8487781f, time: 16.42s, user: 15.39s, system: 0.55s, MEM: 314.94 MB peak
Yosys 0.68+post (git sha1 c12172fbae8af5e20f6fb52e3d4e92d56ed587b6, Release, AppleClang clang++ 16.0.0.16000026)
Time spent: 24% 23x read_verilog (4 sec), 16% 8x techmap (2 sec), ...


Warning: Replacing memory \wdata_c with list of registers. See /Users/toprakgundogdu/qwen-ffn-rom/rtl/gated_delta_bram.v:169
Warning: Replacing memory \prod with list of registers. See /Users/toprakgundogdu/qwen-ffn-rom/rtl/gated_delta_bram.v:168
Warning: Replacing memory \s_hold with list of registers. See /Users/toprakgundogdu/qwen-ffn-rom/rtl/gated_delta_bram.v:167
Warning: Replacing memory \v_r with list of registers. See /Users/toprakgundogdu/qwen-ffn-rom/rtl/gated_delta_bram.v:166
Warning: Replacing memory \k_r with list of registers. See /Users/toprakgundogdu/qwen-ffn-rom/rtl/gated_delta_bram.v:165
Warning: Replacing memory \q_r with list of registers. See /Users/toprakgundogdu/qwen-ffn-rom/rtl/gated_delta_bram.v:164
Warning: Replacing memory \o_r with list of registers. See /Users/toprakgundogdu/qwen-ffn-rom/rtl/gated_delta_bram.v:163
Warning: Replacing memory \acc with list of registers. See /Users/toprakgundogdu/qwen-ffn-rom/rtl/gated_delta_bram.v:162
Warning: Replacing memory \delta with list of registers. See /Users/toprakgundogdu/qwen-ffn-rom/rtl/gated_delta_bram.v:161
Warning: Replacing memory \kv with list of registers. See /Users/toprakgundogdu/qwen-ffn-rom/rtl/gated_delta_bram.v:160
Warning: Resizing cell port gated_delta_d16_bram.u_pe.lanes[10].u_s.mem.0.0.WEA from 4 bits to 2 bits.
Warning: Resizing cell port gated_delta_d16_bram.u_pe.lanes[10].u_s.mem.0.0.DOPBDOP from 8 bits to 2 bits.
Warning: Resizing cell port gated_delta_d16_bram.u_pe.lanes[10].u_s.mem.0.0.DOBDO from 64 bits to 16 bits.
Warning: Resizing cell port gated_delta_d16_bram.u_pe.lanes[10].u_s.mem.0.0.DIPADIP from 8 bits to 2 bits.
Warning: Resizing cell port gated_delta_d16_bram.u_pe.lanes[10].u_s.mem.0.0.DIADI from 64 bits to 16 bits.
Warning: Resizing cell port gated_delta_d16_bram.u_pe.lanes[10].u_s.mem.0.0.DOPADOP from 8 bits to 2 bits.
Warning: Resizing cell port gated_delta_d16_bram.u_pe.lanes[10].u_s.mem.0.0.DOADO from 64 bits to 16 bits.
Warning: Resizing cell port gated_delta_d16_bram.u_pe.lanes[11].u_s.mem.0.0.WEA from 4 bits to 2 bits.
Warning: Resizing cell port gated_delta_d16_bram.u_pe.lanes[11].u_s.mem.0.0.DOPBDOP from 8 bits to 2 bits.
Warning: Resizing cell port gated_delta_d16_bram.u_pe.lanes[11].u_s.mem.0.0.DOBDO from 64 bits to 16 bits.
Warning: Resizing cell port gated_delta_d16_bram.u_pe.lanes[11].u_s.mem.0.0.DIPADIP from 8 bits to 2 bits.
Warning: Resizing cell port gated_delta_d16_bram.u_pe.lanes[11].u_s.mem.0.0.DIADI from 64 bits to 16 bits.
Warning: Resizing cell port gated_delta_d16_bram.u_pe.lanes[11].u_s.mem.0.0.DOPADOP from 8 bits to 2 bits.
Warning: Resizing cell port gated_delta_d16_bram.u_pe.lanes[11].u_s.mem.0.0.DOADO from 64 bits to 16 bits.
Warning: Resizing cell port gated_delta_d16_bram.u_pe.lanes[12].u_s.mem.0.0.WEA from 4 bits to 2 bits.
Warning: Resizing cell port gated_delta_d16_bram.u_pe.lanes[12].u_s.mem.0.0.DOPBDOP from 8 bits to 2 bits.
Warning: Resizing cell port gated_delta_d16_bram.u_pe.lanes[12].u_s.mem.0.0.DOBDO from 64 bits to 16 bits.
Warning: Resizing cell port gated_delta_d16_bram.u_pe.lanes[12].u_s.mem.0.0.DIPADIP from 8 bits to 2 bits.
Warning: Resizing cell port gated_delta_d16_bram.u_pe.lanes[12].u_s.mem.0.0.DIADI from 64 bits to 16 bits.
Warning: Resizing cell port gated_delta_d16_bram.u_pe.lanes[12].u_s.mem.0.0.DOPADOP from 8 bits to 2 bits.
Warning: Resizing cell port gated_delta_d16_bram.u_pe.lanes[12].u_s.mem.0.0.DOADO from 64 bits to 16 bits.
Warning: Resizing cell port gated_delta_d16_bram.u_pe.lanes[13].u_s.mem.0.0.WEA from 4 bits to 2 bits.
Warning: Resizing cell port gated_delta_d16_bram.u_pe.lanes[13].u_s.mem.0.0.DOPBDOP from 8 bits to 2 bits.
Warning: Resizing cell port gated_delta_d16_bram.u_pe.lanes[13].u_s.mem.0.0.DOBDO from 64 bits to 16 bits.
Warning: Resizing cell port gated_delta_d16_bram.u_pe.lanes[13].u_s.mem.0.0.DIPADIP from 8 bits to 2 bits.
Warning: Resizing cell port gated_delta_d16_bram.u_pe.lanes[13].u_s.mem.0.0.DIADI from 64 bits to 16 bits.
Warning: Resizing cell port gated_delta_d16_bram.u_pe.lanes[13].u_s.mem.0.0.DOPADOP from 8 bits to 2 bits.
Warning: Resizing cell port gated_delta_d16_bram.u_pe.lanes[13].u_s.mem.0.0.DOADO from 64 bits to 16 bits.
Warning: Resizing cell port gated_delta_d16_bram.u_pe.lanes[14].u_s.mem.0.0.WEA from 4 bits to 2 bits.
Warning: Resizing cell port gated_delta_d16_bram.u_pe.lanes[14].u_s.mem.0.0.DOPBDOP from 8 bits to 2 bits.
Warning: Resizing cell port gated_delta_d16_bram.u_pe.lanes[14].u_s.mem.0.0.DOBDO from 64 bits to 16 bits.
Warning: Resizing cell port gated_delta_d16_bram.u_pe.lanes[14].u_s.mem.0.0.DIPADIP from 8 bits to 2 bits.
Warning: Resizing cell port gated_delta_d16_bram.u_pe.lanes[14].u_s.mem.0.0.DIADI from 64 bits to 16 bits.
Warning: Resizing cell port gated_delta_d16_bram.u_pe.lanes[14].u_s.mem.0.0.DOPADOP from 8 bits to 2 bits.
Warning: Resizing cell port gated_delta_d16_bram.u_pe.lanes[14].u_s.mem.0.0.DOADO from 64 bits to 16 bits.
Warning: Resizing cell port gated_delta_d16_bram.u_pe.lanes[15].u_s.mem.0.0.WEA from 4 bits to 2 bits.
Warning: Resizing cell port gated_delta_d16_bram.u_pe.lanes[15].u_s.mem.0.0.DOPBDOP from 8 bits to 2 bits.
Warning: Resizing cell port gated_delta_d16_bram.u_pe.lanes[15].u_s.mem.0.0.DOBDO from 64 bits to 16 bits.
Warning: Resizing cell port gated_delta_d16_bram.u_pe.lanes[15].u_s.mem.0.0.DIPADIP from 8 bits to 2 bits.
Warning: Resizing cell port gated_delta_d16_bram.u_pe.lanes[15].u_s.mem.0.0.DIADI from 64 bits to 16 bits.
Warning: Resizing cell port gated_delta_d16_bram.u_pe.lanes[15].u_s.mem.0.0.DOPADOP from 8 bits to 2 bits.
Warning: Resizing cell port gated_delta_d16_bram.u_pe.lanes[15].u_s.mem.0.0.DOADO from 64 bits to 16 bits.
Warning: Resizing cell port gated_delta_d16_bram.u_pe.lanes[1].u_s.mem.0.0.WEA from 4 bits to 2 bits.
Warning: Resizing cell port gated_delta_d16_bram.u_pe.lanes[1].u_s.mem.0.0.DOPBDOP from 8 bits to 2 bits.
Warning: Resizing cell port gated_delta_d16_bram.u_pe.lanes[1].u_s.mem.0.0.DOBDO from 64 bits to 16 bits.
Warning: Resizing cell port gated_delta_d16_bram.u_pe.lanes[1].u_s.mem.0.0.DIPADIP from 8 bits to 2 bits.
Warning: Resizing cell port gated_delta_d16_bram.u_pe.lanes[1].u_s.mem.0.0.DIADI from 64 bits to 16 bits.
Warning: Resizing cell port gated_delta_d16_bram.u_pe.lanes[1].u_s.mem.0.0.DOPADOP from 8 bits to 2 bits.
Warning: Resizing cell port gated_delta_d16_bram.u_pe.lanes[1].u_s.mem.0.0.DOADO from 64 bits to 16 bits.
Warning: Resizing cell port gated_delta_d16_bram.u_pe.lanes[0].u_s.mem.0.0.WEA from 4 bits to 2 bits.
Warning: Resizing cell port gated_delta_d16_bram.u_pe.lanes[0].u_s.mem.0.0.DOPBDOP from 8 bits to 2 bits.
Warning: Resizing cell port gated_delta_d16_bram.u_pe.lanes[0].u_s.mem.0.0.DOBDO from 64 bits to 16 bits.
Warning: Resizing cell port gated_delta_d16_bram.u_pe.lanes[0].u_s.mem.0.0.DIPADIP from 8 bits to 2 bits.
Warning: Resizing cell port gated_delta_d16_bram.u_pe.lanes[0].u_s.mem.0.0.DIADI from 64 bits to 16 bits.
Warning: Resizing cell port gated_delta_d16_bram.u_pe.lanes[0].u_s.mem.0.0.DOPADOP from 8 bits to 2 bits.
Warning: Resizing cell port gated_delta_d16_bram.u_pe.lanes[0].u_s.mem.0.0.DOADO from 64 bits to 16 bits.
Warning: Resizing cell port gated_delta_d16_bram.u_pe.lanes[2].u_s.mem.0.0.WEA from 4 bits to 2 bits.
Warning: Resizing cell port gated_delta_d16_bram.u_pe.lanes[2].u_s.mem.0.0.DOPBDOP from 8 bits to 2 bits.
Warning: Resizing cell port gated_delta_d16_bram.u_pe.lanes[2].u_s.mem.0.0.DOBDO from 64 bits to 16 bits.
Warning: Resizing cell port gated_delta_d16_bram.u_pe.lanes[2].u_s.mem.0.0.DIPADIP from 8 bits to 2 bits.
Warning: Resizing cell port gated_delta_d16_bram.u_pe.lanes[2].u_s.mem.0.0.DIADI from 64 bits to 16 bits.
Warning: Resizing cell port gated_delta_d16_bram.u_pe.lanes[2].u_s.mem.0.0.DOPADOP from 8 bits to 2 bits.
Warning: Resizing cell port gated_delta_d16_bram.u_pe.lanes[2].u_s.mem.0.0.DOADO from 64 bits to 16 bits.
Warning: Resizing cell port gated_delta_d16_bram.u_pe.lanes[3].u_s.mem.0.0.WEA from 4 bits to 2 bits.
Warning: Resizing cell port gated_delta_d16_bram.u_pe.lanes[3].u_s.mem.0.0.DOPBDOP from 8 bits to 2 bits.
Warning: Resizing cell port gated_delta_d16_bram.u_pe.lanes[3].u_s.mem.0.0.DOBDO from 64 bits to 16 bits.
Warning: Resizing cell port gated_delta_d16_bram.u_pe.lanes[3].u_s.mem.0.0.DIPADIP from 8 bits to 2 bits.
Warning: Resizing cell port gated_delta_d16_bram.u_pe.lanes[3].u_s.mem.0.0.DIADI from 64 bits to 16 bits.
Warning: Resizing cell port gated_delta_d16_bram.u_pe.lanes[3].u_s.mem.0.0.DOPADOP from 8 bits to 2 bits.
Warning: Resizing cell port gated_delta_d16_bram.u_pe.lanes[3].u_s.mem.0.0.DOADO from 64 bits to 16 bits.
Warning: Resizing cell port gated_delta_d16_bram.u_pe.lanes[4].u_s.mem.0.0.WEA from 4 bits to 2 bits.
Warning: Resizing cell port gated_delta_d16_bram.u_pe.lanes[4].u_s.mem.0.0.DOPBDOP from 8 bits to 2 bits.
Warning: Resizing cell port gated_delta_d16_bram.u_pe.lanes[4].u_s.mem.0.0.DOBDO from 64 bits to 16 bits.
Warning: Resizing cell port gated_delta_d16_bram.u_pe.lanes[4].u_s.mem.0.0.DIPADIP from 8 bits to 2 bits.
Warning: Resizing cell port gated_delta_d16_bram.u_pe.lanes[4].u_s.mem.0.0.DIADI from 64 bits to 16 bits.
Warning: Resizing cell port gated_delta_d16_bram.u_pe.lanes[4].u_s.mem.0.0.DOPADOP from 8 bits to 2 bits.
Warning: Resizing cell port gated_delta_d16_bram.u_pe.lanes[4].u_s.mem.0.0.DOADO from 64 bits to 16 bits.
Warning: Resizing cell port gated_delta_d16_bram.u_pe.lanes[5].u_s.mem.0.0.WEA from 4 bits to 2 bits.
Warning: Resizing cell port gated_delta_d16_bram.u_pe.lanes[5].u_s.mem.0.0.DOPBDOP from 8 bits to 2 bits.
Warning: Resizing cell port gated_delta_d16_bram.u_pe.lanes[5].u_s.mem.0.0.DOBDO from 64 bits to 16 bits.
Warning: Resizing cell port gated_delta_d16_bram.u_pe.lanes[5].u_s.mem.0.0.DIPADIP from 8 bits to 2 bits.
Warning: Resizing cell port gated_delta_d16_bram.u_pe.lanes[5].u_s.mem.0.0.DIADI from 64 bits to 16 bits.
Warning: Resizing cell port gated_delta_d16_bram.u_pe.lanes[5].u_s.mem.0.0.DOPADOP from 8 bits to 2 bits.
Warning: Resizing cell port gated_delta_d16_bram.u_pe.lanes[5].u_s.mem.0.0.DOADO from 64 bits to 16 bits.
Warning: Resizing cell port gated_delta_d16_bram.u_pe.lanes[6].u_s.mem.0.0.WEA from 4 bits to 2 bits.
Warning: Resizing cell port gated_delta_d16_bram.u_pe.lanes[6].u_s.mem.0.0.DOPBDOP from 8 bits to 2 bits.
Warning: Resizing cell port gated_delta_d16_bram.u_pe.lanes[6].u_s.mem.0.0.DOBDO from 64 bits to 16 bits.
Warning: Resizing cell port gated_delta_d16_bram.u_pe.lanes[6].u_s.mem.0.0.DIPADIP from 8 bits to 2 bits.
Warning: Resizing cell port gated_delta_d16_bram.u_pe.lanes[6].u_s.mem.0.0.DIADI from 64 bits to 16 bits.
Warning: Resizing cell port gated_delta_d16_bram.u_pe.lanes[6].u_s.mem.0.0.DOPADOP from 8 bits to 2 bits.
Warning: Resizing cell port gated_delta_d16_bram.u_pe.lanes[6].u_s.mem.0.0.DOADO from 64 bits to 16 bits.
Warning: Resizing cell port gated_delta_d16_bram.u_pe.lanes[7].u_s.mem.0.0.WEA from 4 bits to 2 bits.
Warning: Resizing cell port gated_delta_d16_bram.u_pe.lanes[7].u_s.mem.0.0.DOPBDOP from 8 bits to 2 bits.
Warning: Resizing cell port gated_delta_d16_bram.u_pe.lanes[7].u_s.mem.0.0.DOBDO from 64 bits to 16 bits.
Warning: Resizing cell port gated_delta_d16_bram.u_pe.lanes[7].u_s.mem.0.0.DIPADIP from 8 bits to 2 bits.
Warning: Resizing cell port gated_delta_d16_bram.u_pe.lanes[7].u_s.mem.0.0.DIADI from 64 bits to 16 bits.
Warning: Resizing cell port gated_delta_d16_bram.u_pe.lanes[7].u_s.mem.0.0.DOPADOP from 8 bits to 2 bits.
Warning: Resizing cell port gated_delta_d16_bram.u_pe.lanes[7].u_s.mem.0.0.DOADO from 64 bits to 16 bits.
Warning: Resizing cell port gated_delta_d16_bram.u_pe.lanes[8].u_s.mem.0.0.WEA from 4 bits to 2 bits.
Warning: Resizing cell port gated_delta_d16_bram.u_pe.lanes[8].u_s.mem.0.0.DOPBDOP from 8 bits to 2 bits.
Warning: Resizing cell port gated_delta_d16_bram.u_pe.lanes[8].u_s.mem.0.0.DOBDO from 64 bits to 16 bits.
Warning: Resizing cell port gated_delta_d16_bram.u_pe.lanes[8].u_s.mem.0.0.DIPADIP from 8 bits to 2 bits.
Warning: Resizing cell port gated_delta_d16_bram.u_pe.lanes[8].u_s.mem.0.0.DIADI from 64 bits to 16 bits.
Warning: Resizing cell port gated_delta_d16_bram.u_pe.lanes[8].u_s.mem.0.0.DOPADOP from 8 bits to 2 bits.
Warning: Resizing cell port gated_delta_d16_bram.u_pe.lanes[8].u_s.mem.0.0.DOADO from 64 bits to 16 bits.
Warning: Resizing cell port gated_delta_d16_bram.u_pe.lanes[9].u_s.mem.0.0.WEA from 4 bits to 2 bits.
Warning: Resizing cell port gated_delta_d16_bram.u_pe.lanes[9].u_s.mem.0.0.DOPBDOP from 8 bits to 2 bits.
Warning: Resizing cell port gated_delta_d16_bram.u_pe.lanes[9].u_s.mem.0.0.DOBDO from 64 bits to 16 bits.
Warning: Resizing cell port gated_delta_d16_bram.u_pe.lanes[9].u_s.mem.0.0.DIPADIP from 8 bits to 2 bits.
Warning: Resizing cell port gated_delta_d16_bram.u_pe.lanes[9].u_s.mem.0.0.DIADI from 64 bits to 16 bits.
Warning: Resizing cell port gated_delta_d16_bram.u_pe.lanes[9].u_s.mem.0.0.DOPADOP from 8 bits to 2 bits.
Warning: Resizing cell port gated_delta_d16_bram.u_pe.lanes[9].u_s.mem.0.0.DOADO from 64 bits to 16 bits.
